device,caseName,description,topology,linkClass,calibrationMode,alphaGap,alphaPriorPenalty,gammaW,pW,meanW,minW,activeWeakLinkFraction,medianWeakIc_A,medianAllIc_A,medianWeakDelta_meV,normalScaleApplied,shapeScore,shapeFullMap,shapeLowBias,shapeZeroBias,shapeAsymmetry,conductanceScore,conductanceFullMap,conductanceLowBias,conductanceZeroBias,conductanceAsymmetry,modelRN_top_4_10,modelRN_bottom_3_9,seed,sourceVersion,sourceRole,sourceFile
AS006,contact_relaxed_a3_3_g0_05_p0_3,"contact-relaxed SNS links, alpha=3.3, tau=0.05, p=0.3",contact_relaxation,contact_relaxed,conductance,3.3,1,0.05,0.3,0.714793028322441,0.05,0.300217864923747,3.45185941260329e-08,5.41879589559284e-07,0.042077334189822,88.9095070764799,0.170478664699729,0.13295474023326,0.28402729181188,0.140257408122253,0.0470690624417799,2.22583246073907,3.3075702004806,2.54067344510617,2.66207025651323,0.0478257536374174,1178.88903717022,1151.23041644785,505,v7.4.6,gap_tied_weak_links_phase3_seed,/Users/asewaket/Documents/LTSpice Superconducting Circuit/matlab_v7_4_6_files/outputs/v7_4_6_as006_gap_weaklink_v800_phase3_seed_505/AS006_v7_4_6_gap_weaklink_scores.csv
AS006,central_lane_gap_control,"central-lane topology with same gap-derived links",central_lane,boundary_constriction,conductance,3.7,0,0.01,0.08,0.920627450980392,0.01,0.472222222222222,1.08341582284106e-08,3.97168554346456e-07,0.125159699099838,161.440616746891,0.171781702277973,0.0695197138507171,0.139133304399561,0.398223663985274,0.0481259348583226,1138.5984993985,1417.76658928275,1424.38278225648,1395.48866421775,38.1952084887065,353598.931852781,353598.931852781,505,v7.4.6,gap_tied_weak_links_phase3_seed,/Users/asewaket/Documents/LTSpice Superconducting Circuit/matlab_v7_4_6_files/outputs/v7_4_6_as006_gap_weaklink_v800_phase3_seed_505/AS006_v7_4_6_gap_weaklink_scores.csv
AS006,contact_relaxed_a3_7_g0_05_p0_3,"contact-relaxed SNS links, alpha=3.7, tau=0.05, p=0.3",contact_relaxation,contact_relaxed,conductance,3.7,0,0.05,0.3,0.714793028322441,0.05,0.300217864923747,3.87026661413097e-08,6.07561964051318e-07,0.0471776171219217,88.9095070764799,0.17543082074606,0.14169917312134,0.29527197740208,0.137340138729963,0.0470537967428681,2.20614185071395,3.29854367370608,2.50399013638733,2.64173637977088,0.0480123664722314,1184.67704805371,1156.40213464253,505,v7.4.6,gap_tied_weak_links_phase3_seed,/Users/asewaket/Documents/LTSpice Superconducting Circuit/matlab_v7_4_6_files/outputs/v7_4_6_as006_gap_weaklink_v800_phase3_seed_505/AS006_v7_4_6_gap_weaklink_scores.csv
AS006,contact_relaxed_a4_1_g0_05_p0_3,"contact-relaxed SNS links, alpha=4.1, tau=0.05, p=0.3",contact_relaxation,contact_relaxed,conductance,4.1,0.999999999999997,0.05,0.3,0.714793028322441,0.05,0.300217864923747,4.28867381565864e-08,6.73244338543352e-07,0.0522779000540213,88.9095070764799,0.179828907877715,0.149997489463263,0.304607873103318,0.135286578174504,0.0469750492763765,2.18904312554645,3.28726434494018,2.47349587753566,2.62499201463182,0.0480934788149156,1190.05997324331,1160.64114667968,505,v7.4.6,gap_tied_weak_links_phase3_seed,/Users/asewaket/Documents/LTSpice Superconducting Circuit/matlab_v7_4_6_files/outputs/v7_4_6_as006_gap_weaklink_v800_phase3_seed_505/AS006_v7_4_6_gap_weaklink_scores.csv
AS006,contact_relaxed_a3_3_g0_1_p0_3,"contact-relaxed SNS links, alpha=3.3, tau=0.1, p=0.3",contact_relaxation,contact_relaxed,conductance,3.3,1,0.1,0.3,0.72980392156863,0.1,0.300217864923747,6.25599319986177e-08,4.91038976710544e-07,0.042077334189822,98.1149144723007,0.191914383817515,0.178811093143722,0.323580194799214,0.133802346227658,0.0472425522606554,0.973246490745378,1.46828007275228,1.02433164688669,1.24737695670148,0.0461508030460414,694.055524130548,677.586412927069,505,v7.4.6,gap_tied_weak_links_phase3_seed,/Users/asewaket/Documents/LTSpice Superconducting Circuit/matlab_v7_4_6_files/outputs/v7_4_6_as006_gap_weaklink_v800_phase3_seed_505/AS006_v7_4_6_gap_weaklink_scores.csv
AS006,contact_relaxed_a3_3_g0_05_p0_2,"contact-relaxed SNS links, alpha=3.3, tau=0.05, p=0.2",contact_relaxation,contact_relaxed,conductance,3.3,1,0.05,0.2,0.810000000000002,0.05,0.2,2.61496141705339e-08,4.7494625274846e-07,0.0401050861472762,114.240262960253,0.192358440822009,0.197458580514064,0.293146518026847,0.162954490834195,0.0476341035062537,0.3025902259143,0.374660160247774,0.281574332259162,0.476564817597603,0.0498298658731896,376.80725408569,364.242571205343,505,v7.4.6,gap_tied_weak_links_phase3_seed,/Users/asewaket/Documents/LTSpice Superconducting Circuit/matlab_v7_4_6_files/outputs/v7_4_6_as006_gap_weaklink_v800_phase3_seed_505/AS006_v7_4_6_gap_weaklink_scores.csv
AS006,anisotropic_gap_control,"anisotropic weak-link transparency",anisotropic,anisotropic,conductance,3.7,0,0.01,0.08,0.920627450980392,0.01,0.0801742919389978,1.12384519239705e-08,3.99111758816726e-07,0.125043366702807,161.440616746891,0.193553068517711,0.220274325474416,0.267376284898037,0.186007848303729,0.0470727081629109,0.206112266776358,0.190326894096028,0.217631095938131,0.329099737589605,0.0480053499070247,302.739450048546,301.141442533191,505,v7.4.6,gap_tied_weak_links_phase3_seed,/Users/asewaket/Documents/LTSpice Superconducting Circuit/matlab_v7_4_6_files/outputs/v7_4_6_as006_gap_weaklink_v800_phase3_seed_505/AS006_v7_4_6_gap_weaklink_scores.csv
AS006,combined_a3_3_g0_05_p0_2,"combined weak-link classes, alpha=3.3, tau=0.05, p=0.2",combined,boundary_constriction,conductance,3.3,1,0.05,0.2,0.810000000000001,0.05,0.2,6.51512791012116e-08,4.4404649973086e-07,0.109820178140253,114.240262960253,0.194029745764068,0.221760492739453,0.266450110843865,0.183201925585472,0.053098135122282,0.19595928872123,0.227982871689569,0.2716950399123,0.177554296476457,0.0544043814744853,239.805131294944,250.748577693137,505,v7.4.6,gap_tied_weak_links_phase3_seed,/Users/asewaket/Documents/LTSpice Superconducting Circuit/matlab_v7_4_6_files/outputs/v7_4_6_as006_gap_weaklink_v800_phase3_seed_505/AS006_v7_4_6_gap_weaklink_scores.csv
AS006,contact_relaxed_a3_7_g0_05_p0_2,"contact-relaxed SNS links, alpha=3.7, tau=0.05, p=0.2",contact_relaxation,contact_relaxed,conductance,3.7,0,0.05,0.2,0.810000000000002,0.05,0.2,2.93192643730228e-08,5.32515495505849e-07,0.0449663087105824,114.240262960253,0.194518829234778,0.20718538380529,0.292898458054237,0.164157796969487,0.0476392145618262,0.298526700258475,0.358608663913155,0.280059577360693,0.475302417736761,0.0497925548270559,375.282837358203,362.803001609107,505,v7.4.6,gap_tied_weak_links_phase3_seed,/Users/asewaket/Documents/LTSpice Superconducting Circuit/matlab_v7_4_6_files/outputs/v7_4_6_as006_gap_weaklink_v800_phase3_seed_505/AS006_v7_4_6_gap_weaklink_scores.csv
AS006,combined_a3_3_g0_1_p0_3,"combined weak-link classes, alpha=3.3, tau=0.1, p=0.3",combined,boundary_constriction,conductance,3.3,1,0.1,0.3,0.729803921568629,0.1,0.300217864923747,1.25766641856734e-07,4.70534993667568e-07,0.0919050139164634,98.1149144723007,0.194771833977126,0.223128487739745,0.272407756568868,0.177585050215874,0.0520357953805211,0.196944088071411,0.232771321115752,0.281428816753096,0.168238672591243,0.0491503491843322,240.048672767899,246.701083805954,505,v7.4.6,gap_tied_weak_links_phase3_seed,/Users/asewaket/Documents/LTSpice Superconducting Circuit/matlab_v7_4_6_files/outputs/v7_4_6_as006_gap_weaklink_v800_phase3_seed_505/AS006_v7_4_6_gap_weaklink_scores.csv
AS006,crack_tunnel_a3_3_g0_05_p0_3,"tunnel/crack-like links, alpha=3.3, tau=0.05, p=0.3",tear_lane,crack_tunnel,conductance,3.3,1,0.05,0.3,0.714793028322442,0.05,0.300217864923747,6.26275645893529e-08,4.778126828481e-07,0.0799744220926586,88.9095070764799,0.19508303273879,0.223386544379438,0.268123024874041,0.178920826890144,0.0591622921722626,0.239619078483124,0.226874631930374,0.246774058141944,0.257802657161969,0.217112837284383,241.353997783359,313.478510986191,505,v7.4.6,gap_tied_weak_links_phase3_seed,/Users/asewaket/Documents/LTSpice Superconducting Circuit/matlab_v7_4_6_files/outputs/v7_4_6_as006_gap_weaklink_v800_phase3_seed_505/AS006_v7_4_6_gap_weaklink_scores.csv
AS006,combined_a3_3_g0_05_p0_3,"combined weak-link classes, alpha=3.3, tau=0.05, p=0.3",combined,boundary_constriction,conductance,3.3,1,0.05,0.3,0.714793028322442,0.05,0.300217864923747,6.93940598423713e-08,5.19252689368817e-07,0.0919050139164634,88.9095070764799,0.195329864228026,0.219770392893009,0.272538448838429,0.175979032420544,0.0599628522541915,0.197978235381734,0.209837042282284,0.259077722686875,0.194828632575992,0.083132329204365,242.442663538585,269.928937585386,505,v7.4.6,gap_tied_weak_links_phase3_seed,/Users/asewaket/Documents/LTSpice Superconducting Circuit/matlab_v7_4_6_files/outputs/v7_4_6_as006_gap_weaklink_v800_phase3_seed_505/AS006_v7_4_6_gap_weaklink_scores.csv
AS006,combined_a3_3_g0_1_p0_2,"combined weak-link classes, alpha=3.3, tau=0.1, p=0.2",combined,boundary_constriction,conductance,3.3,1,0.1,0.2,0.820000000000001,0.1,0.2,1.21135800923565e-07,4.12807922839408e-07,0.109820178140253,122.885211472958,0.195448566610716,0.228270341144877,0.271971135630295,0.179595160482886,0.0485290539520793,0.200223703353615,0.246232963949044,0.289071093883725,0.162418307236843,0.0459882544764619,239.943720805785,238.798611085866,505,v7.4.6,gap_tied_weak_links_phase3_seed,/Users/asewaket/Documents/LTSpice Superconducting Circuit/matlab_v7_4_6_files/outputs/v7_4_6_as006_gap_weaklink_v800_phase3_seed_505/AS006_v7_4_6_gap_weaklink_scores.csv
AS006,crack_tunnel_a3_3_g0_1_p0_3,"tunnel/crack-like links, alpha=3.3, tau=0.1, p=0.3",tear_lane,crack_tunnel,conductance,3.3,1,0.1,0.3,0.72980392156863,0.1,0.300217864923747,1.1350335322591e-07,4.329830009576e-07,0.0799744220926586,98.1149144723007,0.195587238528488,0.229747999984835,0.270996520397552,0.177957378087933,0.0514975593519709,0.214416065289837,0.216848175349356,0.247925049279774,0.225193743400386,0.139871135609743,245.369094029586,287.348003355925,505,v7.4.6,gap_tied_weak_links_phase3_seed,/Users/asewaket/Documents/LTSpice Superconducting Circuit/matlab_v7_4_6_files/outputs/v7_4_6_as006_gap_weaklink_v800_phase3_seed_505/AS006_v7_4_6_gap_weaklink_scores.csv
AS006,contact_relaxed_a3_3_g0_1_p0_2,"contact-relaxed SNS links, alpha=3.3, tau=0.1, p=0.2",contact_relaxation,contact_relaxed,conductance,3.3,1,0.1,0.2,0.820000000000002,0.1,0.2,4.8619988741417e-08,4.41533884798747e-07,0.0401050861472762,122.885211472958,0.195934217327138,0.212224710264409,0.298155980789389,0.1586507343337,0.0473599920727267,0.246277032623637,0.277756999247818,0.237369435349864,0.391208752361504,0.0492207115562255,349.374970944968,337.547034952672,505,v7.4.6,gap_tied_weak_links_phase3_seed,/Users/asewaket/Documents/LTSpice Superconducting Circuit/matlab_v7_4_6_files/outputs/v7_4_6_as006_gap_weaklink_v800_phase3_seed_505/AS006_v7_4_6_gap_weaklink_scores.csv
AS006,contact_relaxed_a3_7_g0_1_p0_3,"contact-relaxed SNS links, alpha=3.7, tau=0.1, p=0.3",contact_relaxation,contact_relaxed,conductance,3.7,0,0.1,0.3,0.72980392156863,0.1,0.300217864923747,7.01429540590562e-08,5.50558852675459e-07,0.0471776171219217,98.1149144723007,0.196002884457873,0.189834327124486,0.329341173181861,0.133241760837552,0.0472808410496846,0.962441233629589,1.44345344045874,1.01248330627022,1.24057336563217,0.0461902346760909,695.230852836131,678.989597070162,505,v7.4.6,gap_tied_weak_links_phase3_seed,/Users/asewaket/Documents/LTSpice Superconducting Circuit/matlab_v7_4_6_files/outputs/v7_4_6_as006_gap_weaklink_v800_phase3_seed_505/AS006_v7_4_6_gap_weaklink_scores.csv
AS006,combined_a3_7_g0_05_p0_2,"combined weak-link classes, alpha=3.7, tau=0.05, p=0.2",combined,boundary_constriction,conductance,3.7,0,0.05,0.2,0.810000000000001,0.05,0.2,7.30484038407524e-08,4.97870317880055e-07,0.123131714884526,114.240262960253,0.196079080557618,0.229606502151209,0.268086538673773,0.182036852537035,0.0540913922864853,0.197632888860271,0.235263032963467,0.272803887250787,0.176952368898198,0.0543041475262643,239.83741308365,251.271289515946,505,v7.4.6,gap_tied_weak_links_phase3_seed,/Users/asewaket/Documents/LTSpice Superconducting Circuit/matlab_v7_4_6_files/outputs/v7_4_6_as006_gap_weaklink_v800_phase3_seed_505/AS006_v7_4_6_gap_weaklink_scores.csv
AS006,combined_a3_7_g0_1_p0_3,"combined weak-link classes, alpha=3.7, tau=0.1, p=0.3",combined,boundary_constriction,conductance,3.7,0,0.1,0.3,0.729803921568629,0.1,0.300217864923747,1.41011083293914e-07,5.27569538354546e-07,0.103045015603307,98.1149144723007,0.196370527744264,0.230778650527674,0.272848888930004,0.177638508138659,0.0515402973928168,0.198821923021398,0.240943647286089,0.282392631716835,0.167830466326725,0.0491907794080356,239.999475965098,246.253083368274,505,v7.4.6,gap_tied_weak_links_phase3_seed,/Users/asewaket/Documents/LTSpice Superconducting Circuit/matlab_v7_4_6_files/outputs/v7_4_6_as006_gap_weaklink_v800_phase3_seed_505/AS006_v7_4_6_gap_weaklink_scores.csv
AS006,crack_tunnel_a3_3_g0_05_p0_2,"tunnel/crack-like links, alpha=3.3, tau=0.05, p=0.2",tear_lane,crack_tunnel,conductance,3.3,1,0.05,0.2,0.809586056644881,0.05,0.200435729847495,5.32269256385579e-08,4.33508882421715e-07,0.0891307180823231,114.240262960253,0.196474781259242,0.231923177736902,0.266219006193709,0.187571969227069,0.0501025061864831,0.222310769039336,0.275138754148002,0.307222605667531,0.155996648751161,0.103779720191548,243.964705467407,213.985157879259,505,v7.4.6,gap_tied_weak_links_phase3_seed,/Users/asewaket/Documents/LTSpice Superconducting Circuit/matlab_v7_4_6_files/outputs/v7_4_6_as006_gap_weaklink_v800_phase3_seed_505/AS006_v7_4_6_gap_weaklink_scores.csv
AS006,contact_relaxed_a4_1_g0_05_p0_2,"contact-relaxed SNS links, alpha=4.1, tau=0.05, p=0.2",contact_relaxation,contact_relaxed,conductance,4.1,0.999999999999997,0.05,0.2,0.810000000000002,0.05,0.2,3.24889145755118e-08,5.90084738263238e-07,0.0498275312738886,114.240262960253,0.196796344443321,0.217205128693302,0.293266675100382,0.164580143392736,0.0478347328567148,0.294626574089484,0.342146202663507,0.279093087008483,0.474238247832203,0.049775955728814,374.370508411528,362.299194120627,505,v7.4.6,gap_tied_weak_links_phase3_seed,/Users/asewaket/Documents/LTSpice Superconducting Circuit/matlab_v7_4_6_files/outputs/v7_4_6_as006_gap_weaklink_v800_phase3_seed_505/AS006_v7_4_6_gap_weaklink_scores.csv
AS006,combined_a3_7_g0_1_p0_2,"combined weak-link classes, alpha=3.7, tau=0.1, p=0.2",combined,boundary_constriction,conductance,3.7,0,0.1,0.2,0.820000000000001,0.1,0.2,1.3581892830824e-07,4.62845246819942e-07,0.123131714884526,122.885211472958,0.196882140204672,0.234639266842682,0.272547767445193,0.179518116605891,0.0484151953942283,0.201823240462087,0.252992230967762,0.289963807076821,0.162121379657329,0.0460355843865737,239.88178434312,238.583754101831,505,v7.4.6,gap_tied_weak_links_phase3_seed,/Users/asewaket/Documents/LTSpice Superconducting Circuit/matlab_v7_4_6_files/outputs/v7_4_6_as006_gap_weaklink_v800_phase3_seed_505/AS006_v7_4_6_gap_weaklink_scores.csv
AS006,crack_tunnel_a3_7_g0_05_p0_3,"tunnel/crack-like links, alpha=3.7, tau=0.05, p=0.3",tear_lane,crack_tunnel,conductance,3.7,0,0.05,0.3,0.714793028322442,0.05,0.300217864923747,7.02187845395775e-08,5.35729371678173e-07,0.0896682914372233,88.9095070764799,0.197205387688604,0.231926640601933,0.269925527531454,0.177825347797543,0.0594489399141161,0.239829488120478,0.229384668926894,0.247129285259535,0.257026689244533,0.216003160915643,241.636976942245,313.861086948119,505,v7.4.6,gap_tied_weak_links_phase3_seed,/Users/asewaket/Documents/LTSpice Superconducting Circuit/matlab_v7_4_6_files/outputs/v7_4_6_as006_gap_weaklink_v800_phase3_seed_505/AS006_v7_4_6_gap_weaklink_scores.csv
AS006,combined_a4_1_g0_05_p0_2,"combined weak-link classes, alpha=4.1, tau=0.05, p=0.2",combined,boundary_constriction,conductance,4.1,0.999999999999997,0.05,0.2,0.810000000000001,0.05,0.2,8.09455285802932e-08,5.5169413602925e-07,0.136443251628799,114.240262960253,0.19724548178016,0.235528502610654,0.269720964946254,0.180615357384012,0.0529180209041863,0.198824771268367,0.240340555728254,0.273702642301099,0.176462184813765,0.0542259455694493,240.648814769703,251.253120964341,505,v7.4.6,gap_tied_weak_links_phase3_seed,/Users/asewaket/Documents/LTSpice Superconducting Circuit/matlab_v7_4_6_files/outputs/v7_4_6_as006_gap_weaklink_v800_phase3_seed_505/AS006_v7_4_6_gap_weaklink_scores.csv
AS006,crack_tunnel_a3_7_g0_1_p0_3,"tunnel/crack-like links, alpha=3.7, tau=0.1, p=0.3",tear_lane,crack_tunnel,conductance,3.7,0,0.1,0.3,0.72980392156863,0.1,0.300217864923747,1.27261335435112e-07,4.8546578895246e-07,0.0896682914372233,98.1149144723007,0.197336895118109,0.237408363529386,0.27162939695671,0.177851284880036,0.0516105612868725,0.215395046369943,0.222070910583998,0.248340732264276,0.224721624920541,0.139406008652556,245.264670607923,287.250582151447,505,v7.4.6,gap_tied_weak_links_phase3_seed,/Users/asewaket/Documents/LTSpice Superconducting Circuit/matlab_v7_4_6_files/outputs/v7_4_6_as006_gap_weaklink_v800_phase3_seed_505/AS006_v7_4_6_gap_weaklink_scores.csv
AS006,combined_a3_7_g0_05_p0_3,"combined weak-link classes, alpha=3.7, tau=0.05, p=0.3",combined,boundary_constriction,conductance,3.7,0,0.05,0.3,0.714793028322442,0.05,0.300217864923747,7.78054610353861e-08,5.82192409292309e-07,0.103045015603307,88.9095070764799,0.197340012529121,0.230137961804927,0.274391613380565,0.174514467278859,0.0582336933261166,0.199794980013724,0.218683620025527,0.260188121135497,0.193981711221898,0.0824849290286009,243.331704045547,269.693948267397,505,v7.4.6,gap_tied_weak_links_phase3_seed,/Users/asewaket/Documents/LTSpice Superconducting Circuit/matlab_v7_4_6_files/outputs/v7_4_6_as006_gap_weaklink_v800_phase3_seed_505/AS006_v7_4_6_gap_weaklink_scores.csv
AS006,combined_a3_3_g0_05_p0_1,"combined weak-link classes, alpha=3.3, tau=0.05, p=0.1",combined,boundary_constriction,conductance,3.3,1,0.05,0.1,0.904793028322441,0.05,0.100217864923747,5.68547207613256e-08,4.05484013985206e-07,0.111628920818775,137.706851063722,0.197345368701238,0.233964241041583,0.2733590765389,0.181099718629202,0.0480095702350276,0.209957174765723,0.266269698858242,0.304071485811375,0.153811567881146,0.0591266149490346,240.036905035224,226.09867878945,505,v7.4.6,gap_tied_weak_links_phase3_seed,/Users/asewaket/Documents/LTSpice Superconducting Circuit/matlab_v7_4_6_files/outputs/v7_4_6_as006_gap_weaklink_v800_phase3_seed_505/AS006_v7_4_6_gap_weaklink_scores.csv
AS006,combined_a4_1_g0_1_p0_3,"combined weak-link classes, alpha=4.1, tau=0.1, p=0.3",combined,boundary_constriction,conductance,4.1,0.999999999999997,0.1,0.3,0.729803921568629,0.1,0.300217864923747,1.56255524731094e-07,5.84604083041524e-07,0.114185017290151,98.1149144723007,0.197428602336795,0.236087261332736,0.272982056646097,0.177853924637001,0.0510197454243176,0.200178087922458,0.246869768869228,0.283094552858011,0.167520249105707,0.0492048918594106,239.936971519196,245.76398834556,505,v7.4.6,gap_tied_weak_links_phase3_seed,/Users/asewaket/Documents/LTSpice Superconducting Circuit/matlab_v7_4_6_files/outputs/v7_4_6_as006_gap_weaklink_v800_phase3_seed_505/AS006_v7_4_6_gap_weaklink_scores.csv
AS006,crack_tunnel_a3_7_g0_05_p0_2,"tunnel/crack-like links, alpha=3.7, tau=0.05, p=0.2",tear_lane,crack_tunnel,conductance,3.7,0,0.05,0.2,0.809586056644881,0.05,0.200435729847495,5.96786742008073e-08,4.86055413624348e-07,0.0999344414862411,114.240262960253,0.197608532336781,0.237974330401568,0.266287388409804,0.187790632391366,0.0493271110759758,0.223357766989281,0.281728419760063,0.307574196567542,0.155796541808781,0.102059893932166,243.828787348605,213.899106867343,505,v7.4.6,gap_tied_weak_links_phase3_seed,/Users/asewaket/Documents/LTSpice Superconducting Circuit/matlab_v7_4_6_files/outputs/v7_4_6_as006_gap_weaklink_v800_phase3_seed_505/AS006_v7_4_6_gap_weaklink_scores.csv
AS006,crack_tunnel_a3_3_g0_1_p0_2,"tunnel/crack-like links, alpha=3.3, tau=0.1, p=0.2",tear_lane,crack_tunnel,conductance,3.3,1,0.1,0.2,0.819607843137257,0.1,0.200435729847495,9.89648454623487e-08,4.03011624668606e-07,0.0891307180823231,122.885211472958,0.197737244882732,0.237595698253063,0.272651876258737,0.181166047351935,0.0474921835178864,0.202377376159615,0.250421912410755,0.28508106327691,0.168401379859341,0.0520713828285528,247.115139366655,236.334636166355,505,v7.4.6,gap_tied_weak_links_phase3_seed,/Users/asewaket/Documents/LTSpice Superconducting Circuit/matlab_v7_4_6_files/outputs/v7_4_6_as006_gap_weaklink_v800_phase3_seed_505/AS006_v7_4_6_gap_weaklink_scores.csv
AS006,combined_a4_1_g0_1_p0_2,"combined weak-link classes, alpha=4.1, tau=0.1, p=0.2",combined,boundary_constriction,conductance,4.1,0.999999999999997,0.1,0.2,0.820000000000001,0.1,0.2,1.50502055692914e-07,5.12882570800477e-07,0.136443251628799,122.885211472958,0.197854899979879,0.238929200036791,0.272918318493641,0.179547334096906,0.0483040748776028,0.202959768695066,0.257667906719292,0.290668459560876,0.161888472416993,0.0461005420032656,239.816489821568,238.34725447861,505,v7.4.6,gap_tied_weak_links_phase3_seed,/Users/asewaket/Documents/LTSpice Superconducting Circuit/matlab_v7_4_6_files/outputs/v7_4_6_as006_gap_weaklink_v800_phase3_seed_505/AS006_v7_4_6_gap_weaklink_scores.csv
AS006,contact_relaxed_a3_7_g0_1_p0_2,"contact-relaxed SNS links, alpha=3.7, tau=0.1, p=0.2",contact_relaxation,contact_relaxed,conductance,3.7,0,0.1,0.2,0.820000000000002,0.1,0.2,5.45133207100737e-08,4.95053143562231e-07,0.0449663087105824,122.885211472958,0.198276004310365,0.222958809148662,0.297609671116302,0.159954474398541,0.0476611949514558,0.243047117944828,0.263860807986856,0.236958256922858,0.389986768142012,0.049214371944767,347.524066669793,336.359662941008,505,v7.4.6,gap_tied_weak_links_phase3_seed,/Users/asewaket/Documents/LTSpice Superconducting Circuit/matlab_v7_4_6_files/outputs/v7_4_6_as006_gap_weaklink_v800_phase3_seed_505/AS006_v7_4_6_gap_weaklink_scores.csv
AS006,crack_tunnel_a4_1_g0_05_p0_2,"tunnel/crack-like links, alpha=4.1, tau=0.05, p=0.2",tear_lane,crack_tunnel,conductance,4.1,0.999999999999997,0.05,0.2,0.809586056644881,0.05,0.200435729847495,6.61304227630567e-08,5.3860194482698e-07,0.110738164890159,114.240262960253,0.198326839111479,0.241638074736977,0.266519206562247,0.187741461750141,0.0489106821488077,0.223892773789536,0.285499462139309,0.307845809088462,0.155623373667666,0.100705023818982,243.737834227338,213.978582595657,505,v7.4.6,gap_tied_weak_links_phase3_seed,/Users/asewaket/Documents/LTSpice Superconducting Circuit/matlab_v7_4_6_files/outputs/v7_4_6_as006_gap_weaklink_v800_phase3_seed_505/AS006_v7_4_6_gap_weaklink_scores.csv
AS006,crack_tunnel_a4_1_g0_1_p0_3,"tunnel/crack-like links, alpha=4.1, tau=0.1, p=0.3",tear_lane,crack_tunnel,conductance,4.1,0.999999999999997,0.1,0.3,0.72980392156863,0.1,0.300217864923747,1.41019317644313e-07,5.37948576947321e-07,0.099362160781788,98.1149144723007,0.198478269676722,0.242355588654229,0.271980181110379,0.177887735833164,0.0517107729947625,0.216054334435357,0.225692666872923,0.248634260167025,0.224357896654758,0.139021679193118,245.12786176167,287.112872129908,505,v7.4.6,gap_tied_weak_links_phase3_seed,/Users/asewaket/Documents/LTSpice Superconducting Circuit/matlab_v7_4_6_files/outputs/v7_4_6_as006_gap_weaklink_v800_phase3_seed_505/AS006_v7_4_6_gap_weaklink_scores.csv
AS006,contact_relaxed_a4_1_g0_1_p0_3,"contact-relaxed SNS links, alpha=4.1, tau=0.1, p=0.3",contact_relaxation,contact_relaxed,conductance,4.1,0.999999999999997,0.1,0.3,0.72980392156863,0.1,0.300217864923747,7.77259761194947e-08,6.10078728640373e-07,0.0522779000540213,98.1149144723007,0.198610814040725,0.198593885575676,0.331914779462251,0.133363355118722,0.0469051266706053,0.952305767089688,1.41583333975132,1.00305673570327,1.23527457085625,0.0462529946460911,694.904109352614,676.582254176051,505,v7.4.6,gap_tied_weak_links_phase3_seed,/Users/asewaket/Documents/LTSpice Superconducting Circuit/matlab_v7_4_6_files/outputs/v7_4_6_as006_gap_weaklink_v800_phase3_seed_505/AS006_v7_4_6_gap_weaklink_scores.csv
AS006,crack_tunnel_a4_1_g0_05_p0_3,"tunnel/crack-like links, alpha=4.1, tau=0.05, p=0.3",tear_lane,crack_tunnel,conductance,4.1,0.999999999999997,0.05,0.3,0.714793028322442,0.05,0.300217864923747,7.7810004489802e-08,5.93646060508246e-07,0.099362160781788,88.9095070764799,0.198808974679983,0.238869231237589,0.272228968409152,0.175919295113772,0.0588758285540966,0.240034979183112,0.231639777370325,0.247389355167546,0.25641679327698,0.215082755405806,242.537678956582,314.515048542377,505,v7.4.6,gap_tied_weak_links_phase3_seed,/Users/asewaket/Documents/LTSpice Superconducting Circuit/matlab_v7_4_6_files/outputs/v7_4_6_as006_gap_weaklink_v800_phase3_seed_505/AS006_v7_4_6_gap_weaklink_scores.csv
AS006,combined_a3_7_g0_05_p0_1,"combined weak-link classes, alpha=3.7, tau=0.05, p=0.1",combined,boundary_constriction,conductance,3.7,0,0.05,0.1,0.904793028322441,0.05,0.100217864923747,6.37462020657287e-08,4.54633591437958e-07,0.125159699099838,137.706851063722,0.198817042003483,0.240301698759341,0.27394309816204,0.181030658993196,0.0480947657330081,0.211467834191792,0.272952367009524,0.304850779830108,0.153635943559404,0.0588530097974896,239.851373483859,226.10977381319,505,v7.4.6,gap_tied_weak_links_phase3_seed,/Users/asewaket/Documents/LTSpice Superconducting Circuit/matlab_v7_4_6_files/outputs/v7_4_6_as006_gap_weaklink_v800_phase3_seed_505/AS006_v7_4_6_gap_weaklink_scores.csv
AS006,combined_a4_1_g0_05_p0_3,"combined weak-link classes, alpha=4.1, tau=0.05, p=0.3",combined,boundary_constriction,conductance,4.1,0.999999999999997,0.05,0.3,0.714793028322442,0.05,0.300217864923747,8.62168622284008e-08,6.45132129215802e-07,0.114185017290151,88.9095070764799,0.198824041023105,0.237701030413739,0.275859233000642,0.173321124484009,0.0570141113456497,0.201049370269639,0.225003304571024,0.261014031712585,0.193296093288665,0.0818488746693182,244.045681577419,269.544227340991,505,v7.4.6,gap_tied_weak_links_phase3_seed,/Users/asewaket/Documents/LTSpice Superconducting Circuit/matlab_v7_4_6_files/outputs/v7_4_6_as006_gap_weaklink_v800_phase3_seed_505/AS006_v7_4_6_gap_weaklink_scores.csv
AS006,combined_a3_3_g0_2_p0_3,"combined weak-link classes, alpha=3.3, tau=0.2, p=0.3",combined,boundary_constriction,conductance,3.3,1,0.2,0.3,0.759825708061,0.2,0.300217864923747,2.17687201484401e-07,4.17649762094698e-07,0.0919050139164634,113.369855692928,0.198872921064159,0.240069934901774,0.282711687780608,0.169493207486701,0.0476827074445789,0.204362073050333,0.257907051290208,0.299673410889431,0.154741527354665,0.0460479357116217,240.762471866057,238.53768489629,505,v7.4.6,gap_tied_weak_links_phase3_seed,/Users/asewaket/Documents/LTSpice Superconducting Circuit/matlab_v7_4_6_files/outputs/v7_4_6_as006_gap_weaklink_v800_phase3_seed_505/AS006_v7_4_6_gap_weaklink_scores.csv
AS006,crack_tunnel_a3_7_g0_1_p0_2,"tunnel/crack-like links, alpha=3.7, tau=0.1, p=0.2",tear_lane,crack_tunnel,conductance,3.7,0,0.1,0.2,0.819607843137257,0.1,0.200435729847495,1.1096058430627e-07,4.51861518567831e-07,0.0999344414862411,122.885211472958,0.199087593815183,0.243784142179709,0.272995797482793,0.181150911032251,0.0474725425110023,0.20375495616898,0.256969139007023,0.285592770350215,0.16824171064721,0.0517161554159867,246.924235884863,236.373678616527,505,v7.4.6,gap_tied_weak_links_phase3_seed,/Users/asewaket/Documents/LTSpice Superconducting Circuit/matlab_v7_4_6_files/outputs/v7_4_6_as006_gap_weaklink_v800_phase3_seed_505/AS006_v7_4_6_gap_weaklink_scores.csv
AS006,combined_a3_3_g0_1_p0_1,"combined weak-link classes, alpha=3.3, tau=0.1, p=0.1",combined,boundary_constriction,conductance,3.3,1,0.1,0.1,0.909803921568628,0.1,0.100217864923747,1.08299732972332e-07,3.86193176671256e-07,0.111628920818775,144.585482332622,0.199749163373742,0.241434961563582,0.279364556176283,0.176974484467793,0.0472047764118896,0.208756618303441,0.268127122308406,0.30455747278611,0.154454388625919,0.0496124060507082,240.094749614628,231.05791926665,505,v7.4.6,gap_tied_weak_links_phase3_seed,/Users/asewaket/Documents/LTSpice Superconducting Circuit/matlab_v7_4_6_files/outputs/v7_4_6_as006_gap_weaklink_v800_phase3_seed_505/AS006_v7_4_6_gap_weaklink_scores.csv
AS006,combined_a4_1_g0_05_p0_1,"combined weak-link classes, alpha=4.1, tau=0.05, p=0.1",combined,boundary_constriction,conductance,4.1,0.999999999999997,0.05,0.1,0.904793028322441,0.05,0.100217864923747,7.06376833701318e-08,5.0378316889071e-07,0.138690477380902,137.706851063722,0.199784953751004,0.244242710007239,0.274371025791338,0.181036373739662,0.0482372964383641,0.212463832549306,0.277188511446883,0.305482816713169,0.153507449200915,0.058651410550457,239.64633390682,226.125301882906,505,v7.4.6,gap_tied_weak_links_phase3_seed,/Users/asewaket/Documents/LTSpice Superconducting Circuit/matlab_v7_4_6_files/outputs/v7_4_6_as006_gap_weaklink_v800_phase3_seed_505/AS006_v7_4_6_gap_weaklink_scores.csv
AS006,crack_tunnel_a4_1_g0_1_p0_2,"tunnel/crack-like links, alpha=4.1, tau=0.1, p=0.2",tear_lane,crack_tunnel,conductance,4.1,0.999999999999997,0.1,0.2,0.819607843137257,0.1,0.200435729847495,1.22956323150191e-07,5.00711412467056e-07,0.110738164890159,122.885211472958,0.199940313317884,0.247501682147765,0.273292590005987,0.181100446724525,0.0475622935255199,0.204594636451941,0.260869946695714,0.285989187027077,0.168113409141317,0.0514803968399581,246.731050752988,236.477377456857,505,v7.4.6,gap_tied_weak_links_phase3_seed,/Users/asewaket/Documents/LTSpice Superconducting Circuit/matlab_v7_4_6_files/outputs/v7_4_6_as006_gap_weaklink_v800_phase3_seed_505/AS006_v7_4_6_gap_weaklink_scores.csv
AS006,combined_a3_3_g0_2_p0_2,"combined weak-link classes, alpha=3.3, tau=0.2, p=0.2",combined,boundary_constriction,conductance,3.3,1,0.2,0.2,0.839999999999999,0.2,0.2,2.19801455683871e-07,3.78297113009609e-07,0.109820178140253,135.447679062216,0.1999751704866,0.243420596231146,0.282762943372784,0.171442816322801,0.0473165848959824,0.207085944641164,0.265568704814586,0.303719527883071,0.153342846518806,0.0466732864473525,240.341788727084,235.063740290758,505,v7.4.6,gap_tied_weak_links_phase3_seed,/Users/asewaket/Documents/LTSpice Superconducting Circuit/matlab_v7_4_6_files/outputs/v7_4_6_as006_gap_weaklink_v800_phase3_seed_505/AS006_v7_4_6_gap_weaklink_scores.csv
AS006,combined_a3_7_g0_2_p0_3,"combined weak-link classes, alpha=3.7, tau=0.2, p=0.3",combined,boundary_constriction,conductance,3.7,0,0.2,0.3,0.759825708061,0.2,0.300217864923747,2.44073528937056e-07,4.68273975681935e-07,0.103045015603307,113.369855692928,0.200140873744259,0.245953301061354,0.282757245789466,0.169893855654863,0.0475585679597983,0.205919169410903,0.264528032196245,0.30042460019673,0.15457742464381,0.0461029837092295,240.524457095322,238.124099959506,505,v7.4.6,gap_tied_weak_links_phase3_seed,/Users/asewaket/Documents/LTSpice Superconducting Circuit/matlab_v7_4_6_files/outputs/v7_4_6_as006_gap_weaklink_v800_phase3_seed_505/AS006_v7_4_6_gap_weaklink_scores.csv
AS006,contact_relaxed_a4_1_g0_1_p0_2,"contact-relaxed SNS links, alpha=4.1, tau=0.1, p=0.2",contact_relaxation,contact_relaxed,conductance,4.1,0.999999999999997,0.1,0.2,0.820000000000002,0.1,0.2,6.04066526787303e-08,5.48572402325716e-07,0.0498275312738886,122.885211472958,0.200428627644996,0.233078930809741,0.297202542681898,0.160898423554188,0.0478367282791803,0.240606288649931,0.253303861898244,0.236723711986725,0.388997474608121,0.0492142421144907,346.241401977981,335.43092968105,505,v7.4.6,gap_tied_weak_links_phase3_seed,/Users/asewaket/Documents/LTSpice Superconducting Circuit/matlab_v7_4_6_files/outputs/v7_4_6_as006_gap_weaklink_v800_phase3_seed_505/AS006_v7_4_6_gap_weaklink_scores.csv
AS006,crack_tunnel_a3_3_g0_2_p0_3,"tunnel/crack-like links, alpha=3.3, tau=0.2, p=0.3",tear_lane,crack_tunnel,conductance,3.3,1,0.2,0.3,0.759825708061,0.2,0.300217864923747,1.9646089740545e-07,3.85821811801256e-07,0.0799744220926586,113.369855692928,0.200975649383077,0.248966912809255,0.284920804200545,0.165768784080522,0.0500889466545236,0.202093297080862,0.225063644353935,0.258430855171958,0.20007214049947,0.0830586688751081,252.7454626477,274.442110832819,505,v7.4.6,gap_tied_weak_links_phase3_seed,/Users/asewaket/Documents/LTSpice Superconducting Circuit/matlab_v7_4_6_files/outputs/v7_4_6_as006_gap_weaklink_v800_phase3_seed_505/AS006_v7_4_6_gap_weaklink_scores.csv
AS006,combined_a4_1_g0_2_p0_3,"combined weak-link classes, alpha=4.1, tau=0.2, p=0.3",combined,boundary_constriction,conductance,4.1,0.999999999999997,0.2,0.3,0.759825708061,0.2,0.300217864923747,2.70459856389711e-07,5.18898189269171e-07,0.114185017290151,113.369855692928,0.200984056417545,0.249986937811266,0.282489765584186,0.170474191843319,0.0474835146999836,0.207072849857937,0.269455015828154,0.300958171526115,0.154463327034841,0.0461532744972769,240.208747195812,237.684133061111,505,v7.4.6,gap_tied_weak_links_phase3_seed,/Users/asewaket/Documents/LTSpice Superconducting Circuit/matlab_v7_4_6_files/outputs/v7_4_6_as006_gap_weaklink_v800_phase3_seed_505/AS006_v7_4_6_gap_weaklink_scores.csv
AS006,combined_a3_7_g0_1_p0_1,"combined weak-link classes, alpha=3.7, tau=0.1, p=0.1",combined,boundary_constriction,conductance,3.7,0,0.1,0.1,0.909803921568628,0.1,0.100217864923747,1.21426973332615e-07,4.33004470813227e-07,0.125159699099838,144.585482332622,0.201113461328745,0.247376814655798,0.279721961166174,0.177032315409447,0.0473866656853157,0.210160835507583,0.274322089524696,0.305132719912251,0.154371923362746,0.0495349239633485,239.849007408704,231.113214298434,505,v7.4.6,gap_tied_weak_links_phase3_seed,/Users/asewaket/Documents/LTSpice Superconducting Circuit/matlab_v7_4_6_files/outputs/v7_4_6_as006_gap_weaklink_v800_phase3_seed_505/AS006_v7_4_6_gap_weaklink_scores.csv
AS006,combined_a3_7_g0_2_p0_2,"combined weak-link classes, alpha=3.7, tau=0.2, p=0.2",combined,boundary_constriction,conductance,3.7,0,0.2,0.2,0.839999999999999,0.2,0.2,2.46444056372825e-07,4.24151308525925e-07,0.123131714884526,135.447679062216,0.201160309852035,0.248864301417097,0.282877462470044,0.171694667068625,0.0472833546847175,0.208476350469024,0.271561631518136,0.304351142641429,0.153206959419234,0.0466969219304409,240.14023752433,234.80189086589,505,v7.4.6,gap_tied_weak_links_phase3_seed,/Users/asewaket/Documents/LTSpice Superconducting Circuit/matlab_v7_4_6_files/outputs/v7_4_6_as006_gap_weaklink_v800_phase3_seed_505/AS006_v7_4_6_gap_weaklink_scores.csv
AS006,crack_tunnel_a3_3_g0_2_p0_2,"tunnel/crack-like links, alpha=3.3, tau=0.2, p=0.2",tear_lane,crack_tunnel,conductance,3.3,1,0.2,0.2,0.839651416122003,0.2,0.200435729847495,1.79572157267356e-07,3.66984401286837e-07,0.0891307180823231,135.447679062216,0.201601099106609,0.250449808335063,0.284517317730762,0.169902162547661,0.0472726779845736,0.199523159360676,0.243487619979159,0.277619677012689,0.177104517890012,0.0469130946894982,252.211772596561,251.042367524912,505,v7.4.6,gap_tied_weak_links_phase3_seed,/Users/asewaket/Documents/LTSpice Superconducting Circuit/matlab_v7_4_6_files/outputs/v7_4_6_as006_gap_weaklink_v800_phase3_seed_505/AS006_v7_4_6_gap_weaklink_scores.csv
AS006,combined_a4_1_g0_2_p0_2,"combined weak-link classes, alpha=4.1, tau=0.2, p=0.2",combined,boundary_constriction,conductance,4.1,0.999999999999997,0.2,0.2,0.839999999999999,0.2,0.2,2.73086657061779e-07,4.70005504042241e-07,0.136443251628799,135.447679062216,0.201948191853379,0.25247062542547,0.282800551253153,0.172066092867233,0.0472867530643684,0.209475785047812,0.275785194800167,0.304845439518182,0.1531074458251,0.0467299040006996,239.891186212675,234.525413373157,505,v7.4.6,gap_tied_weak_links_phase3_seed,/Users/asewaket/Documents/LTSpice Superconducting Circuit/matlab_v7_4_6_files/outputs/v7_4_6_as006_gap_weaklink_v800_phase3_seed_505/AS006_v7_4_6_gap_weaklink_scores.csv
AS006,combined_a4_1_g0_1_p0_1,"combined weak-link classes, alpha=4.1, tau=0.1, p=0.1",combined,boundary_constriction,conductance,4.1,0.999999999999997,0.1,0.1,0.909803921568628,0.1,0.100217864923747,1.34554213692897e-07,4.79815764955197e-07,0.138690477380902,144.585482332622,0.201986823873876,0.251021199441615,0.279912309434331,0.177171273453788,0.0476022866004532,0.211088948820069,0.278296131465811,0.305584264152271,0.154308225252296,0.0494908688026886,239.572678138888,231.150115643028,505,v7.4.6,gap_tied_weak_links_phase3_seed,/Users/asewaket/Documents/LTSpice Superconducting Circuit/matlab_v7_4_6_files/outputs/v7_4_6_as006_gap_weaklink_v800_phase3_seed_505/AS006_v7_4_6_gap_weaklink_scores.csv
AS006,crack_tunnel_a3_7_g0_2_p0_3,"tunnel/crack-like links, alpha=3.7, tau=0.2, p=0.3",tear_lane,crack_tunnel,conductance,3.7,0,0.2,0.3,0.759825708061,0.2,0.300217864923747,2.20274339515202e-07,4.3258809201959e-07,0.0896682914372233,113.369855692928,0.202403457438584,0.255490295853793,0.285187485423265,0.16587093143333,0.0501102275567497,0.203335201182804,0.231051872730543,0.258825518914679,0.199745804005197,0.0829972200762917,252.568524400142,274.266850064292,505,v7.4.6,gap_tied_weak_links_phase3_seed,/Users/asewaket/Documents/LTSpice Superconducting Circuit/matlab_v7_4_6_files/outputs/v7_4_6_as006_gap_weaklink_v800_phase3_seed_505/AS006_v7_4_6_gap_weaklink_scores.csv
AS006,boundary_sns_a3_3_g0_1_p0_3,"SNS-like boundary constriction, alpha=3.3, tau=0.1, p=0.3",boundary_lane,boundary_constriction,conductance,3.3,1,0.1,0.3,0.715686274509806,0.1,0.315904139433551,1.38263468298935e-07,4.35317933078382e-07,0.0984879876946479,98.1149144723007,0.202625932781747,0.253410469976183,0.277805606424518,0.178700833852437,0.0501833403740967,0.318482070114902,0.465499144059889,0.478617153998299,0.191315511925059,0.0501867971112725,168.566230252166,163.389491598567,505,v7.4.6,gap_tied_weak_links_phase3_seed,/Users/asewaket/Documents/LTSpice Superconducting Circuit/matlab_v7_4_6_files/outputs/v7_4_6_as006_gap_weaklink_v800_phase3_seed_505/AS006_v7_4_6_gap_weaklink_scores.csv
AS006,boundary_sns_a3_7_g0_1_p0_3,"SNS-like boundary constriction, alpha=3.7, tau=0.1, p=0.3",boundary_lane,boundary_constriction,conductance,3.7,0,0.1,0.3,0.715686274509806,0.1,0.315904139433551,1.55022676577594e-07,4.88083743148489e-07,0.110425925597029,98.1149144723007,0.20298439341202,0.25513224579076,0.277740873869557,0.178963718555033,0.0500385438038248,0.319051644623674,0.467546911975971,0.478962996098821,0.191455530954505,0.0502066542763292,168.485388180079,163.216949373996,505,v7.4.6,gap_tied_weak_links_phase3_seed,/Users/asewaket/Documents/LTSpice Superconducting Circuit/matlab_v7_4_6_files/outputs/v7_4_6_as006_gap_weaklink_v800_phase3_seed_505/AS006_v7_4_6_gap_weaklink_scores.csv
AS006,crack_tunnel_a3_7_g0_2_p0_2,"tunnel/crack-like links, alpha=3.7, tau=0.2, p=0.2",tear_lane,crack_tunnel,conductance,3.7,0,0.2,0.2,0.839651416122003,0.2,0.200435729847495,2.01338479360369e-07,4.11467359018575e-07,0.0999344414862411,135.447679062216,0.202998048786306,0.256459093800496,0.284948841233245,0.169739527652989,0.047696268406617,0.200816188673338,0.249382785069388,0.278037603431243,0.176889024822216,0.0470210712648597,251.880524751062,251.353892191713,505,v7.4.6,gap_tied_weak_links_phase3_seed,/Users/asewaket/Documents/LTSpice Superconducting Circuit/matlab_v7_4_6_files/outputs/v7_4_6_as006_gap_weaklink_v800_phase3_seed_505/AS006_v7_4_6_gap_weaklink_scores.csv
AS006,crack_tunnel_a4_1_g0_2_p0_3,"tunnel/crack-like links, alpha=4.1, tau=0.2, p=0.3",tear_lane,crack_tunnel,conductance,4.1,0.999999999999997,0.2,0.3,0.759825708061,0.2,0.300217864923747,2.44087781624954e-07,4.79354372237924e-07,0.099362160781788,113.369855692928,0.203146482357911,0.258963960752872,0.285002847183103,0.166315813966678,0.0501187010079072,0.204078033294031,0.234610188953177,0.259126025133052,0.199503287078089,0.0829303246865286,252.244703955047,273.90980481718,505,v7.4.6,gap_tied_weak_links_phase3_seed,/Users/asewaket/Documents/LTSpice Superconducting Circuit/matlab_v7_4_6_files/outputs/v7_4_6_as006_gap_weaklink_v800_phase3_seed_505/AS006_v7_4_6_gap_weaklink_scores.csv
AS006,contact_relaxed_a3_3_g0_2_p0_2,"contact-relaxed SNS links, alpha=3.3, tau=0.2, p=0.2",contact_relaxation,contact_relaxed,conductance,3.3,1,0.2,0.2,0.839999999999998,0.2,0.2,8.82211882797558e-08,4.01240504555193e-07,0.0401050861472762,135.447679062216,0.203147152922365,0.241410888864801,0.306170780335131,0.153141402305815,0.047099257278277,0.19774389172915,0.195423571322578,0.226636683118442,0.278611731064335,0.0484170280354784,311.216435884013,300.797403038723,505,v7.4.6,gap_tied_weak_links_phase3_seed,/Users/asewaket/Documents/LTSpice Superconducting Circuit/matlab_v7_4_6_files/outputs/v7_4_6_as006_gap_weaklink_v800_phase3_seed_505/AS006_v7_4_6_gap_weaklink_scores.csv
AS006,combined_a3_3_g0_2_p0_1,"combined weak-link classes, alpha=3.3, tau=0.2, p=0.1",combined,boundary_constriction,conductance,3.3,1,0.2,0.1,0.919825708061002,0.2,0.100217864923747,2.04242933630043e-07,3.64452584969432e-07,0.111628920818775,153.33278708836,0.203178906469604,0.253091473753967,0.287216446514256,0.170824173950852,0.0466440597555388,0.210570332188108,0.27550258911581,0.30835250728187,0.152992492308855,0.0464915686953896,240.430270545987,234.688040534228,505,v7.4.6,gap_tied_weak_links_phase3_seed,/Users/asewaket/Documents/LTSpice Superconducting Circuit/matlab_v7_4_6_files/outputs/v7_4_6_as006_gap_weaklink_v800_phase3_seed_505/AS006_v7_4_6_gap_weaklink_scores.csv
AS006,boundary_sns_a4_1_g0_1_p0_3,"SNS-like boundary constriction, alpha=4.1, tau=0.1, p=0.3",boundary_lane,boundary_constriction,conductance,4.1,0.999999999999997,0.1,0.3,0.715686274509806,0.1,0.315904139433551,1.71781884856253e-07,5.40849553218595e-07,0.122363863499411,98.1149144723007,0.203234929675627,0.256402161222642,0.27758504227652,0.179261903756061,0.049921283476509,0.319573922646375,0.469562698435206,0.479219426153381,0.191554561198362,0.0502297175303,168.396593195162,163.046477455046,505,v7.4.6,gap_tied_weak_links_phase3_seed,/Users/asewaket/Documents/LTSpice Superconducting Circuit/matlab_v7_4_6_files/outputs/v7_4_6_as006_gap_weaklink_v800_phase3_seed_505/AS006_v7_4_6_gap_weaklink_scores.csv
AS006,contact_relaxed_a3_3_g0_2_p0_3,"contact-relaxed SNS links, alpha=3.3, tau=0.2, p=0.3",contact_relaxation,contact_relaxed,conductance,3.3,1,0.2,0.3,0.759825708061001,0.2,0.300217864923747,1.0828385270354e-07,4.25726854195305e-07,0.042077334189822,113.369855692928,0.203242026863691,0.22461394738159,0.325937335974824,0.138225725893851,0.0484236916136074,0.374459062450032,0.50028951935879,0.355468941071547,0.562700909064317,0.0465590096857679,431.855190818133,424.171152829409,505,v7.4.6,gap_tied_weak_links_phase3_seed,/Users/asewaket/Documents/LTSpice Superconducting Circuit/matlab_v7_4_6_files/outputs/v7_4_6_as006_gap_weaklink_v800_phase3_seed_505/AS006_v7_4_6_gap_weaklink_scores.csv
AS006,crack_tunnel_a3_3_g0_05_p0_1,"tunnel/crack-like links, alpha=3.3, tau=0.05, p=0.1",tear_lane,crack_tunnel,conductance,3.3,1,0.05,0.1,0.904793028322441,0.05,0.100217864923747,5.32663899764129e-08,4.04382879984431e-07,0.105765361689428,137.706851063722,0.203674530040381,0.253744245274954,0.283335868717376,0.176191405863694,0.0485513773419245,0.224123224046214,0.30336591834886,0.329660381134536,0.143242016735416,0.0612920139775019,220.526956085259,231.400026944338,505,v7.4.6,gap_tied_weak_links_phase3_seed,/Users/asewaket/Documents/LTSpice Superconducting Circuit/matlab_v7_4_6_files/outputs/v7_4_6_as006_gap_weaklink_v800_phase3_seed_505/AS006_v7_4_6_gap_weaklink_scores.csv
AS006,contact_relaxed_a4_1_g0_2_p0_3,"contact-relaxed SNS links, alpha=4.1, tau=0.2, p=0.3",contact_relaxation,contact_relaxed,conductance,4.1,0.999999999999997,0.2,0.3,0.759825708061001,0.2,0.300217864923747,1.34534483661974e-07,5.28933364303258e-07,0.0522779000540213,113.369855692928,0.203685524474626,0.236788646087603,0.315515724377157,0.144690497991582,0.048623336136027,0.361585549787274,0.450370120784649,0.349540883955123,0.559322137683781,0.0467084091255296,420.439592187664,413.212503877616,505,v7.4.6,gap_tied_weak_links_phase3_seed,/Users/asewaket/Documents/LTSpice Superconducting Circuit/matlab_v7_4_6_files/outputs/v7_4_6_as006_gap_weaklink_v800_phase3_seed_505/AS006_v7_4_6_gap_weaklink_scores.csv
AS006,boundary_sns_a3_3_g0_2_p0_3,"SNS-like boundary constriction, alpha=3.3, tau=0.2, p=0.3",boundary_lane,boundary_constriction,conductance,3.3,1,0.2,0.3,0.747276688453157,0.2,0.315904139433551,2.39317731929333e-07,3.93877173819207e-07,0.0984879876946479,113.369855692928,0.20374552612939,0.259020108239498,0.283867618193627,0.172363397803344,0.0474849433144259,0.288786817425924,0.421646916560252,0.437859495417502,0.161708753649098,0.0538971115273674,188.316249196883,178.099905316035,505,v7.4.6,gap_tied_weak_links_phase3_seed,/Users/asewaket/Documents/LTSpice Superconducting Circuit/matlab_v7_4_6_files/outputs/v7_4_6_as006_gap_weaklink_v800_phase3_seed_505/AS006_v7_4_6_gap_weaklink_scores.csv
AS006,crack_tunnel_a4_1_g0_2_p0_2,"tunnel/crack-like links, alpha=4.1, tau=0.2, p=0.2",tear_lane,crack_tunnel,conductance,4.1,0.999999999999997,0.2,0.2,0.839651416122003,0.2,0.200435729847495,2.23104801453381e-07,4.55950316750313e-07,0.110738164890159,135.447679062216,0.203755304704403,0.259680776544126,0.284959491264896,0.169933554858753,0.0479996936908787,0.201601674786415,0.252881011278504,0.278361285009029,0.176724938563671,0.0470889406831834,251.499560032535,251.383773078757,505,v7.4.6,gap_tied_weak_links_phase3_seed,/Users/asewaket/Documents/LTSpice Superconducting Circuit/matlab_v7_4_6_files/outputs/v7_4_6_as006_gap_weaklink_v800_phase3_seed_505/AS006_v7_4_6_gap_weaklink_scores.csv
AS006,boundary_sns_a3_7_g0_2_p0_3,"SNS-like boundary constriction, alpha=3.7, tau=0.2, p=0.3",boundary_lane,boundary_constriction,conductance,3.7,0,0.2,0.3,0.747276688453157,0.2,0.315904139433551,2.68325941860161e-07,4.41619861554869e-07,0.110425925597029,113.369855692928,0.203983944052874,0.260369208879696,0.283218840031065,0.173171214521184,0.047453523178829,0.289383895465684,0.42391794297464,0.43821384716439,0.161809503176256,0.0538654228457785,187.972883357999,177.740431716579,505,v7.4.6,gap_tied_weak_links_phase3_seed,/Users/asewaket/Documents/LTSpice Superconducting Circuit/matlab_v7_4_6_files/outputs/v7_4_6_as006_gap_weaklink_v800_phase3_seed_505/AS006_v7_4_6_gap_weaklink_scores.csv
AS006,boundary_sns_a4_1_g0_2_p0_3,"SNS-like boundary constriction, alpha=4.1, tau=0.2, p=0.3",boundary_lane,boundary_constriction,conductance,4.1,0.999999999999997,0.2,0.3,0.747276688453157,0.2,0.315904139433551,2.9733415179099e-07,4.8936254929053e-07,0.122363863499411,113.369855692928,0.204094683924677,0.261146932710855,0.28242761573968,0.174091811862797,0.0474633945395945,0.289910081723985,0.426024784229273,0.438472095869926,0.161881555879003,0.0538475117695297,187.581481863311,177.375889276556,505,v7.4.6,gap_tied_weak_links_phase3_seed,/Users/asewaket/Documents/LTSpice Superconducting Circuit/matlab_v7_4_6_files/outputs/v7_4_6_as006_gap_weaklink_v800_phase3_seed_505/AS006_v7_4_6_gap_weaklink_scores.csv
AS006,combined_a3_7_g0_2_p0_1,"combined weak-link classes, alpha=3.7, tau=0.2, p=0.1",combined,boundary_constriction,conductance,3.7,0,0.2,0.1,0.919825708061002,0.2,0.100217864923747,2.28999652857926e-07,4.08628655874817e-07,0.125159699099838,153.33278708836,0.204344676136432,0.258347019922697,0.287361131320484,0.170911118734693,0.0468554825302488,0.211806546470332,0.281047618361287,0.308771421404979,0.15289274523345,0.0465191949898469,240.058088811819,234.820079522906,505,v7.4.6,gap_tied_weak_links_phase3_seed,/Users/asewaket/Documents/LTSpice Superconducting Circuit/matlab_v7_4_6_files/outputs/v7_4_6_as006_gap_weaklink_v800_phase3_seed_505/AS006_v7_4_6_gap_weaklink_scores.csv
AS006,crack_tunnel_a3_3_g0_1_p0_1,"tunnel/crack-like links, alpha=3.3, tau=0.1, p=0.1",tear_lane,crack_tunnel,conductance,3.3,1,0.1,0.1,0.909803921568628,0.1,0.100217864923747,1.01464499932426e-07,3.85144428945001e-07,0.105765361689428,144.585482332622,0.204439495430805,0.256473605285934,0.286401712262484,0.173540675398042,0.0475950311611903,0.21932479655871,0.291559825355203,0.319264854941858,0.148607841668715,0.0605908592042027,227.42316779199,236.681324564641,505,v7.4.6,gap_tied_weak_links_phase3_seed,/Users/asewaket/Documents/LTSpice Superconducting Circuit/matlab_v7_4_6_files/outputs/v7_4_6_as006_gap_weaklink_v800_phase3_seed_505/AS006_v7_4_6_gap_weaklink_scores.csv
AS006,crack_tunnel_a3_7_g0_05_p0_1,"tunnel/crack-like links, alpha=3.7, tau=0.05, p=0.1",tear_lane,crack_tunnel,conductance,3.7,0,0.05,0.1,0.904793028322441,0.05,0.100217864923747,5.97229220947659e-08,4.53398986649211e-07,0.118585405530571,137.706851063722,0.204559597412896,0.257362092691913,0.283342587306214,0.1765513015254,0.0488972396799406,0.225133571834063,0.307529304339128,0.330122825094394,0.143207523500908,0.0614142065398643,220.126324204879,231.391331308948,505,v7.4.6,gap_tied_weak_links_phase3_seed,/Users/asewaket/Documents/LTSpice Superconducting Circuit/matlab_v7_4_6_files/outputs/v7_4_6_as006_gap_weaklink_v800_phase3_seed_505/AS006_v7_4_6_gap_weaklink_scores.csv
AS006,boundary_sns_a3_3_g0_05_p0_3,"SNS-like boundary constriction, alpha=3.3, tau=0.05, p=0.3",boundary_lane,boundary_constriction,conductance,3.3,1,0.05,0.3,0.699891067538129,0.05,0.315904139433551,7.62894138819399e-08,4.80389366409422e-07,0.0984879876946479,88.9095070764799,0.204573557964103,0.254563250798191,0.278172487515057,0.179464849631381,0.057171623831749,0.33704090531429,0.491426954946854,0.502614123293332,0.211055938754569,0.0503829324180538,152.638160312145,162.074650581092,505,v7.4.6,gap_tied_weak_links_phase3_seed,/Users/asewaket/Documents/LTSpice Superconducting Circuit/matlab_v7_4_6_files/outputs/v7_4_6_as006_gap_weaklink_v800_phase3_seed_505/AS006_v7_4_6_gap_weaklink_scores.csv
AS006,contact_relaxed_a3_7_g0_2_p0_3,"contact-relaxed SNS links, alpha=3.7, tau=0.2, p=0.3",contact_relaxation,contact_relaxed,conductance,3.7,0,0.2,0.3,0.759825708061001,0.2,0.300217864923747,1.21409168182757e-07,4.77330109249282e-07,0.0471776171219217,113.369855692928,0.204632525134216,0.233735579831991,0.323286160378205,0.140120220490731,0.0485259895638159,0.367363765387356,0.472886103567041,0.35220023644921,0.560755119767166,0.0466384098746648,428.032076108998,420.560170942038,505,v7.4.6,gap_tied_weak_links_phase3_seed,/Users/asewaket/Documents/LTSpice Superconducting Circuit/matlab_v7_4_6_files/outputs/v7_4_6_as006_gap_weaklink_v800_phase3_seed_505/AS006_v7_4_6_gap_weaklink_scores.csv
AS006,contact_relaxed_a3_7_g0_2_p0_2,"contact-relaxed SNS links, alpha=3.7, tau=0.2, p=0.2",contact_relaxation,contact_relaxed,conductance,3.7,0,0.2,0.2,0.839999999999998,0.2,0.2,9.8914665646999e-08,4.4987571722855e-07,0.0449663087105824,135.447679062216,0.204713264896408,0.249902995843401,0.304091838868744,0.155209686569792,0.0474905024060958,0.197974698219773,0.196678558525331,0.227089875271118,0.27790043408366,0.0484121082445036,308.856008635071,299.305074895083,505,v7.4.6,gap_tied_weak_links_phase3_seed,/Users/asewaket/Documents/LTSpice Superconducting Circuit/matlab_v7_4_6_files/outputs/v7_4_6_as006_gap_weaklink_v800_phase3_seed_505/AS006_v7_4_6_gap_weaklink_scores.csv
AS006,boundary_sns_a3_7_g0_05_p0_3,"SNS-like boundary constriction, alpha=3.7, tau=0.05, p=0.3",boundary_lane,boundary_constriction,conductance,3.7,0,0.05,0.3,0.699891067538129,0.05,0.315904139433551,8.55366155645993e-08,5.38618380519655e-07,0.110425925597029,88.9095070764799,0.205037195975344,0.256341617857732,0.278438518657448,0.179481879704496,0.0572246047378312,0.337597347146564,0.493386958779264,0.503020502287559,0.211257274500962,0.0502423048241279,152.639427258685,161.959957661227,505,v7.4.6,gap_tied_weak_links_phase3_seed,/Users/asewaket/Documents/LTSpice Superconducting Circuit/matlab_v7_4_6_files/outputs/v7_4_6_as006_gap_weaklink_v800_phase3_seed_505/AS006_v7_4_6_gap_weaklink_scores.csv
AS006,combined_a4_1_g0_2_p0_1,"combined weak-link classes, alpha=4.1, tau=0.2, p=0.1",combined,boundary_constriction,conductance,4.1,0.999999999999997,0.2,0.1,0.919825708061002,0.2,0.100217864923747,2.5375637208581e-07,4.52804726780203e-07,0.138690477380902,153.33278708836,0.205059712789967,0.261443360502709,0.287323513619789,0.171138487180245,0.0471159456371915,0.212614461270901,0.28457248784904,0.309108354662642,0.152815688172429,0.0465405876303026,239.623528023658,234.907630149123,505,v7.4.6,gap_tied_weak_links_phase3_seed,/Users/asewaket/Documents/LTSpice Superconducting Circuit/matlab_v7_4_6_files/outputs/v7_4_6_as006_gap_weaklink_v800_phase3_seed_505/AS006_v7_4_6_gap_weaklink_scores.csv
AS006,crack_tunnel_a4_1_g0_05_p0_1,"tunnel/crack-like links, alpha=4.1, tau=0.05, p=0.1",tear_lane,crack_tunnel,conductance,4.1,0.999999999999997,0.05,0.1,0.904793028322441,0.05,0.100217864923747,6.6179454213119e-08,5.0241509331399e-07,0.131405449371714,137.706851063722,0.205164001779273,0.259789487275925,0.283515409770434,0.176658832518401,0.0490550138741765,0.225822017941475,0.31025681062594,0.330507670953428,0.143185149221845,0.0614834183856301,219.95136794918,231.389158943503,505,v7.4.6,gap_tied_weak_links_phase3_seed,/Users/asewaket/Documents/LTSpice Superconducting Circuit/matlab_v7_4_6_files/outputs/v7_4_6_as006_gap_weaklink_v800_phase3_seed_505/AS006_v7_4_6_gap_weaklink_scores.csv
AS006,crack_tunnel_a3_7_g0_1_p0_1,"tunnel/crack-like links, alpha=3.7, tau=0.1, p=0.1",tear_lane,crack_tunnel,conductance,3.7,0,0.1,0.1,0.909803921568628,0.1,0.100217864923747,1.13763227196962e-07,4.31828602150456e-07,0.118585405530571,144.585482332622,0.205293903582972,0.26012195539343,0.286206437661166,0.174018212100014,0.0479635314893751,0.220348031461909,0.29594810847838,0.31967704746045,0.14854747428413,0.0606728729202145,226.876125687514,236.674097827857,505,v7.4.6,gap_tied_weak_links_phase3_seed,/Users/asewaket/Documents/LTSpice Superconducting Circuit/matlab_v7_4_6_files/outputs/v7_4_6_as006_gap_weaklink_v800_phase3_seed_505/AS006_v7_4_6_gap_weaklink_scores.csv
AS006,boundary_sns_a4_1_g0_05_p0_3,"SNS-like boundary constriction, alpha=4.1, tau=0.05, p=0.3",boundary_lane,boundary_constriction,conductance,4.1,0.999999999999997,0.05,0.3,0.699891067538129,0.05,0.315904139433551,9.47838172472586e-08,5.96847394629887e-07,0.122363863499411,88.9095070764799,0.205387969254902,0.257633618298083,0.278507505179763,0.179633006528463,0.0573768357512647,0.338106865644841,0.4953135932574,0.503329071340904,0.211409232465919,0.0501333195378267,152.585197957796,161.843620936934,505,v7.4.6,gap_tied_weak_links_phase3_seed,/Users/asewaket/Documents/LTSpice Superconducting Circuit/matlab_v7_4_6_files/outputs/v7_4_6_as006_gap_weaklink_v800_phase3_seed_505/AS006_v7_4_6_gap_weaklink_scores.csv
AS006,combined_a3_3_g0_05_p0_05,"combined weak-link classes, alpha=3.3, tau=0.05, p=0.05",combined,boundary_constriction,conductance,3.3,1,0.05,0.05,0.95239651416122,0.05,0.0501089324618736,5.31572088710476e-08,3.65597960500407e-07,0.11666213767768,161.440616746891,0.205438056370234,0.257975593365575,0.289050483927947,0.172208182246525,0.0481161138035339,0.212124755716986,0.279156310563839,0.308900670771954,0.155160802077636,0.0469402915731297,239.764646378338,236.387040067879,505,v7.4.6,gap_tied_weak_links_phase3_seed,/Users/asewaket/Documents/LTSpice Superconducting Circuit/matlab_v7_4_6_files/outputs/v7_4_6_as006_gap_weaklink_v800_phase3_seed_505/AS006_v7_4_6_gap_weaklink_scores.csv
AS006,crack_tunnel_a4_1_g0_1_p0_1,"tunnel/crack-like links, alpha=4.1, tau=0.1, p=0.1",tear_lane,crack_tunnel,conductance,4.1,0.999999999999997,0.1,0.1,0.909803921568628,0.1,0.100217864923747,1.26061954461499e-07,4.7851277535591e-07,0.131405449371714,144.585482332622,0.205881608453929,0.262541178062751,0.286250462069519,0.17418283993287,0.0482000056691485,0.221022598260326,0.298764361659564,0.320012521239379,0.148495974437765,0.0607067494259477,226.59969174602,236.702020841405,505,v7.4.6,gap_tied_weak_links_phase3_seed,/Users/asewaket/Documents/LTSpice Superconducting Circuit/matlab_v7_4_6_files/outputs/v7_4_6_as006_gap_weaklink_v800_phase3_seed_505/AS006_v7_4_6_gap_weaklink_scores.csv
AS006,contact_relaxed_a4_1_g0_2_p0_2,"contact-relaxed SNS links, alpha=4.1, tau=0.2, p=0.2",contact_relaxation,contact_relaxed,conductance,4.1,0.999999999999997,0.2,0.2,0.839999999999998,0.2,0.2,1.09608143014242e-07,4.98510929901907e-07,0.0498275312738886,135.447679062216,0.206239304784659,0.257335129288155,0.303445270904412,0.156072508703176,0.0477415346734492,0.198254842785791,0.19823003023448,0.227360377330943,0.277393001725311,0.048422271208685,307.790483076592,298.692909678852,505,v7.4.6,gap_tied_weak_links_phase3_seed,/Users/asewaket/Documents/LTSpice Superconducting Circuit/matlab_v7_4_6_files/outputs/v7_4_6_as006_gap_weaklink_v800_phase3_seed_505/AS006_v7_4_6_gap_weaklink_scores.csv
AS006,combined_a3_3_g0_1_p0_05,"combined weak-link classes, alpha=3.3, tau=0.1, p=0.05",combined,boundary_constriction,conductance,3.3,1,0.1,0.05,0.954901960784314,0.1,0.0501089324618736,1.04729594916536e-07,3.60148013023061e-07,0.11666213767768,163.883620318105,0.206338691011687,0.261554645489335,0.291739603685177,0.169983223842084,0.0471154733174352,0.212746766643262,0.280764699470171,0.309762634142256,0.154887497290766,0.0472751523837358,239.950669226787,238.017026000569,505,v7.4.6,gap_tied_weak_links_phase3_seed,/Users/asewaket/Documents/LTSpice Superconducting Circuit/matlab_v7_4_6_files/outputs/v7_4_6_as006_gap_weaklink_v800_phase3_seed_505/AS006_v7_4_6_gap_weaklink_scores.csv
AS006,crack_tunnel_a3_3_g0_2_p0_1,"tunnel/crack-like links, alpha=3.3, tau=0.2, p=0.1",tear_lane,crack_tunnel,conductance,3.3,1,0.2,0.1,0.919825708061001,0.2,0.100217864923747,1.91352338152101e-07,3.63381071973041e-07,0.105765361689428,153.33278708836,0.206413772236481,0.263506297081327,0.292623499189104,0.167687062696109,0.0468626121500119,0.216779383932831,0.286928935999744,0.314668916776731,0.151197780715003,0.0573001534113776,234.101682730079,240.281676511603,505,v7.4.6,gap_tied_weak_links_phase3_seed,/Users/asewaket/Documents/LTSpice Superconducting Circuit/matlab_v7_4_6_files/outputs/v7_4_6_as006_gap_weaklink_v800_phase3_seed_505/AS006_v7_4_6_gap_weaklink_scores.csv
AS006,combined_a3_7_g0_05_p0_05,"combined weak-link classes, alpha=3.7, tau=0.05, p=0.05",combined,boundary_constriction,conductance,3.7,0,0.05,0.05,0.95239651416122,0.05,0.0501089324618736,5.96005069160231e-08,4.09912864803487e-07,0.130803002850732,161.440616746891,0.206414822142922,0.262065946381047,0.288866651387721,0.172722446175435,0.0485884666857543,0.213228334305552,0.283946631966008,0.309318260273726,0.155095579560992,0.0470186096314923,239.139208144773,236.414645985363,505,v7.4.6,gap_tied_weak_links_phase3_seed,/Users/asewaket/Documents/LTSpice Superconducting Circuit/matlab_v7_4_6_files/outputs/v7_4_6_as006_gap_weaklink_v800_phase3_seed_505/AS006_v7_4_6_gap_weaklink_scores.csv
AS006,combined_a4_1_g0_05_p0_05,"combined weak-link classes, alpha=4.1, tau=0.05, p=0.05",combined,boundary_constriction,conductance,4.1,0.999999999999997,0.05,0.05,0.95239651416122,0.05,0.0501089324618736,6.60438049609985e-08,4.54227769106567e-07,0.144943868023784,161.440616746891,0.207039484581827,0.264344702100811,0.288668075510723,0.173218413924043,0.0491605712595031,0.213932291736431,0.286844995665256,0.30965682363345,0.155060181573202,0.0470917946918604,238.529688961273,236.487268833929,505,v7.4.6,gap_tied_weak_links_phase3_seed,/Users/asewaket/Documents/LTSpice Superconducting Circuit/matlab_v7_4_6_files/outputs/v7_4_6_as006_gap_weaklink_v800_phase3_seed_505/AS006_v7_4_6_gap_weaklink_scores.csv
AS006,combined_a3_7_g0_1_p0_05,"combined weak-link classes, alpha=3.7, tau=0.1, p=0.05",combined,boundary_constriction,conductance,3.7,0,0.1,0.05,0.954901960784314,0.1,0.0501089324618736,1.17424091270055e-07,4.03802317631917e-07,0.130803002850732,163.883620318105,0.20719353991713,0.265274100322884,0.291341660564678,0.170611284437026,0.0475815877282959,0.21379894337543,0.285355810647977,0.310118427266598,0.154819197542031,0.0474076615850869,239.135580480318,238.090186600971,505,v7.4.6,gap_tied_weak_links_phase3_seed,/Users/asewaket/Documents/LTSpice Superconducting Circuit/matlab_v7_4_6_files/outputs/v7_4_6_as006_gap_weaklink_v800_phase3_seed_505/AS006_v7_4_6_gap_weaklink_scores.csv
AS006,crack_tunnel_a3_7_g0_2_p0_1,"tunnel/crack-like links, alpha=3.7, tau=0.2, p=0.1",tear_lane,crack_tunnel,conductance,3.7,0,0.2,0.1,0.919825708061001,0.2,0.100217864923747,2.14546560958416e-07,4.07427262515228e-07,0.118585405530571,153.33278708836,0.207222248887378,0.267122373783168,0.292397008307826,0.168027219050133,0.0472600823023621,0.217735848746589,0.291227656719188,0.315011783734018,0.151072001523612,0.0573409635747123,233.372428584368,240.495972866328,505,v7.4.6,gap_tied_weak_links_phase3_seed,/Users/asewaket/Documents/LTSpice Superconducting Circuit/matlab_v7_4_6_files/outputs/v7_4_6_as006_gap_weaklink_v800_phase3_seed_505/AS006_v7_4_6_gap_weaklink_scores.csv
AS006,combined_a3_3_g0_4_p0_3,"combined weak-link classes, alpha=3.3, tau=0.4, p=0.3",combined,boundary_constriction,conductance,3.3,1,0.4,0.3,0.81986928104575,0.4,0.300217864923747,3.58554409111365e-07,4.0207914879793e-07,0.0919050139164634,137.659256120422,0.207499444087882,0.267838192171701,0.301328276061963,0.15594473006297,0.0474036325805596,0.213702498092973,0.284886891615648,0.317600280350445,0.14518119443206,0.0463486151958623,242.273180149985,238.073320860291,505,v7.4.6,gap_tied_weak_links_phase3_seed,/Users/asewaket/Documents/LTSpice Superconducting Circuit/matlab_v7_4_6_files/outputs/v7_4_6_as006_gap_weaklink_v800_phase3_seed_505/AS006_v7_4_6_gap_weaklink_scores.csv
AS006,combined_a4_1_g0_1_p0_05,"combined weak-link classes, alpha=4.1, tau=0.1, p=0.05",combined,boundary_constriction,conductance,4.1,0.999999999999997,0.1,0.05,0.954901960784314,0.1,0.0501089324618736,1.30118587623575e-07,4.47456622240773e-07,0.144943868023784,163.883620318105,0.207693792463119,0.267239258043469,0.290923861046998,0.171229190521148,0.0480764592884439,0.214460796330699,0.288122748379007,0.310402150047564,0.154774239518144,0.0475096712935728,238.419177975764,238.115347838129,505,v7.4.6,gap_tied_weak_links_phase3_seed,/Users/asewaket/Documents/LTSpice Superconducting Circuit/matlab_v7_4_6_files/outputs/v7_4_6_as006_gap_weaklink_v800_phase3_seed_505/AS006_v7_4_6_gap_weaklink_scores.csv
AS006,crack_tunnel_a4_1_g0_2_p0_1,"tunnel/crack-like links, alpha=4.1, tau=0.2, p=0.1",tear_lane,crack_tunnel,conductance,4.1,0.999999999999997,0.2,0.1,0.919825708061001,0.2,0.100217864923747,2.37740783764732e-07,4.51473453057415e-07,0.131405449371714,153.33278708836,0.207777796910173,0.269378914475714,0.292302436310613,0.168230424552632,0.0476927758407914,0.218356695365634,0.293956619432661,0.315292861612202,0.150974572778229,0.0573461336013716,232.841158158692,240.696211054948,505,v7.4.6,gap_tied_weak_links_phase3_seed,/Users/asewaket/Documents/LTSpice Superconducting Circuit/matlab_v7_4_6_files/outputs/v7_4_6_as006_gap_weaklink_v800_phase3_seed_505/AS006_v7_4_6_gap_weaklink_scores.csv
AS006,combined_a3_3_g0_4_p0_2,"combined weak-link classes, alpha=3.3, tau=0.4, p=0.2",combined,boundary_constriction,conductance,3.3,1,0.4,0.2,0.879999999999999,0.4,0.2,3.87759602602091e-07,3.77696911527232e-07,0.109820178140253,153.556981320861,0.207781044163735,0.268758734893604,0.299859968073049,0.158525779823349,0.0472343170180505,0.21519389236395,0.288847341340493,0.318996279307871,0.14554276946721,0.0469501698564701,241.707093526406,235.833905324975,505,v7.4.6,gap_tied_weak_links_phase3_seed,/Users/asewaket/Documents/LTSpice Superconducting Circuit/matlab_v7_4_6_files/outputs/v7_4_6_as006_gap_weaklink_v800_phase3_seed_505/AS006_v7_4_6_gap_weaklink_scores.csv
AS006,boundary_sns_a3_3_g0_1_p0_2,"SNS-like boundary constriction, alpha=3.3, tau=0.1, p=0.2",boundary_lane,boundary_constriction,conductance,3.3,1,0.1,0.2,0.800784313725492,0.1,0.221350762527233,1.23266410369001e-07,4.00950824627092e-07,0.11330086541561,122.885211472958,0.207921186844634,0.265740316698913,0.289577269419154,0.173305189339842,0.0504739093659359,0.294013655675159,0.433184324887684,0.446845321573003,0.167019569278942,0.046130179136677,180.904184125978,181.297338489821,505,v7.4.6,gap_tied_weak_links_phase3_seed,/Users/asewaket/Documents/LTSpice Superconducting Circuit/matlab_v7_4_6_files/outputs/v7_4_6_as006_gap_weaklink_v800_phase3_seed_505/AS006_v7_4_6_gap_weaklink_scores.csv
AS006,combined_a3_7_g0_4_p0_3,"combined weak-link classes, alpha=3.7, tau=0.4, p=0.3",combined,boundary_constriction,conductance,3.7,0,0.4,0.3,0.81986928104575,0.4,0.300217864923747,4.02015549609712e-07,4.50816015318891e-07,0.103045015603307,137.659256120422,0.208013076544279,0.27102545827365,0.300186047163644,0.157080206915911,0.0473640832664812,0.21485244224984,0.289806011455137,0.318102827405179,0.145124622131041,0.0463704741711988,241.522506729781,237.275998061681,505,v7.4.6,gap_tied_weak_links_phase3_seed,/Users/asewaket/Documents/LTSpice Superconducting Circuit/matlab_v7_4_6_files/outputs/v7_4_6_as006_gap_weaklink_v800_phase3_seed_505/AS006_v7_4_6_gap_weaklink_scores.csv
AS006,boundary_sns_a3_3_g0_2_p0_2,"SNS-like boundary constriction, alpha=3.3, tau=0.2, p=0.2",boundary_lane,boundary_constriction,conductance,3.3,1,0.2,0.2,0.822919389978212,0.2,0.221350762527233,2.23667456106785e-07,3.67081193008056e-07,0.11330086541561,135.447679062216,0.208017599330427,0.26868480411754,0.292877532109001,0.169051575173966,0.047553042376382,0.272928973479466,0.400132103424924,0.41647109124284,0.149200793027113,0.0491873630135453,197.616676765401,190.783681465038,505,v7.4.6,gap_tied_weak_links_phase3_seed,/Users/asewaket/Documents/LTSpice Superconducting Circuit/matlab_v7_4_6_files/outputs/v7_4_6_as006_gap_weaklink_v800_phase3_seed_505/AS006_v7_4_6_gap_weaklink_scores.csv
AS006,combined_a4_1_g0_4_p0_3,"combined weak-link classes, alpha=4.1, tau=0.4, p=0.3",combined,boundary_constriction,conductance,4.1,0.999999999999997,0.4,0.3,0.81986928104575,0.4,0.300217864923747,4.45476690108059e-07,4.99552881839852e-07,0.114185017290151,137.659256120422,0.208036038560942,0.272273224150188,0.298367641694743,0.15870998538604,0.0473761139561715,0.215690242652898,0.293385980529591,0.318466000199475,0.14508085363972,0.046398665336167,240.480216826485,236.252759439927,505,v7.4.6,gap_tied_weak_links_phase3_seed,/Users/asewaket/Documents/LTSpice Superconducting Circuit/matlab_v7_4_6_files/outputs/v7_4_6_as006_gap_weaklink_v800_phase3_seed_505/AS006_v7_4_6_gap_weaklink_scores.csv
AS006,boundary_sns_a4_1_g0_4_p0_3,"SNS-like boundary constriction, alpha=4.1, tau=0.4, p=0.3",boundary_lane,boundary_constriction,conductance,4.1,0.999999999999997,0.4,0.3,0.810457516339867,0.4,0.315904139433551,4.89741566693284e-07,4.87848080708121e-07,0.122363863499411,137.659256120422,0.208095315166006,0.273900544189398,0.294654556056204,0.163121449006657,0.0470287472839549,0.256795219459118,0.375439280251733,0.391095740866818,0.13836511533371,0.0511628763597866,210.447717634621,200.688033198189,505,v7.4.6,gap_tied_weak_links_phase3_seed,/Users/asewaket/Documents/LTSpice Superconducting Circuit/matlab_v7_4_6_files/outputs/v7_4_6_as006_gap_weaklink_v800_phase3_seed_505/AS006_v7_4_6_gap_weaklink_scores.csv
AS006,combined_a3_3_g0_2_p0_05,"combined weak-link classes, alpha=3.3, tau=0.2, p=0.05",combined,boundary_constriction,conductance,3.3,1,0.2,0.05,0.959912854030501,0.2,0.0501089324618736,2.043492426509e-07,3.51361875132533e-07,0.11666213767768,167.981686124393,0.208227033444649,0.268385069857868,0.296948771355896,0.165187881818944,0.0466048952188826,0.214525453237475,0.285481886153524,0.31306008296041,0.152689633445627,0.0484281930461013,240.764970632668,239.222016447073,505,v7.4.6,gap_tied_weak_links_phase3_seed,/Users/asewaket/Documents/LTSpice Superconducting Circuit/matlab_v7_4_6_files/outputs/v7_4_6_as006_gap_weaklink_v800_phase3_seed_505/AS006_v7_4_6_gap_weaklink_scores.csv
AS006,boundary_sns_a3_7_g0_1_p0_2,"SNS-like boundary constriction, alpha=3.7, tau=0.1, p=0.2",boundary_lane,boundary_constriction,conductance,3.7,0,0.1,0.2,0.800784313725492,0.1,0.221350762527233,1.38207793444031e-07,4.49550924581891e-07,0.127034303647805,122.885211472958,0.20829346147591,0.267766471232768,0.289562124708629,0.173454600159572,0.0501488677072183,0.294583742447739,0.435477605309991,0.447133506303266,0.167124221157762,0.0460521944507846,180.864834080142,181.133238708112,505,v7.4.6,gap_tied_weak_links_phase3_seed,/Users/asewaket/Documents/LTSpice Superconducting Circuit/matlab_v7_4_6_files/outputs/v7_4_6_as006_gap_weaklink_v800_phase3_seed_505/AS006_v7_4_6_gap_weaklink_scores.csv
AS006,boundary_sns_a3_7_g0_2_p0_2,"SNS-like boundary constriction, alpha=3.7, tau=0.2, p=0.2",boundary_lane,boundary_constriction,conductance,3.7,0,0.2,0.2,0.822919389978212,0.2,0.221350762527233,2.50778662907607e-07,4.11575883069638e-07,0.127034303647805,135.447679062216,0.208313347851647,0.270436181625693,0.292450487467264,0.169538663132791,0.0474188756488437,0.273533630694581,0.402625244701767,0.416770827962182,0.149263136035532,0.0491150397929021,197.377952098023,190.491083946256,505,v7.4.6,gap_tied_weak_links_phase3_seed,/Users/asewaket/Documents/LTSpice Superconducting Circuit/matlab_v7_4_6_files/outputs/v7_4_6_as006_gap_weaklink_v800_phase3_seed_505/AS006_v7_4_6_gap_weaklink_scores.csv
AS006,combined_a3_7_g0_4_p0_2,"combined weak-link classes, alpha=3.7, tau=0.4, p=0.2",combined,boundary_constriction,conductance,3.7,0,0.4,0.2,0.879999999999999,0.4,0.2,4.34760766553859e-07,4.23478355348715e-07,0.123131714884526,153.556981320861,0.208341251529018,0.27197014840246,0.298954366299811,0.159475840454967,0.0472211676492519,0.21626884649287,0.293498394180918,0.319454906303001,0.145472326160004,0.046959344553175,241.072434019318,235.189506795674,505,v7.4.6,gap_tied_weak_links_phase3_seed,/Users/asewaket/Documents/LTSpice Superconducting Circuit/matlab_v7_4_6_files/outputs/v7_4_6_as006_gap_weaklink_v800_phase3_seed_505/AS006_v7_4_6_gap_weaklink_scores.csv
AS006,combined_a4_1_g0_4_p0_2,"combined weak-link classes, alpha=4.1, tau=0.4, p=0.2",combined,boundary_constriction,conductance,4.1,0.999999999999997,0.4,0.2,0.879999999999999,0.4,0.2,4.81761930505628e-07,4.69259799170198e-07,0.136443251628799,153.556981320861,0.208450043564737,0.273234705278862,0.297573990676225,0.160796973785607,0.0472648116294231,0.217007009177502,0.296621575084927,0.31980570367797,0.145425529047795,0.0469715780563932,240.215033936483,234.407704952611,505,v7.4.6,gap_tied_weak_links_phase3_seed,/Users/asewaket/Documents/LTSpice Superconducting Circuit/matlab_v7_4_6_files/outputs/v7_4_6_as006_gap_weaklink_v800_phase3_seed_505/AS006_v7_4_6_gap_weaklink_scores.csv
AS006,boundary_sns_a4_1_g0_2_p0_2,"SNS-like boundary constriction, alpha=4.1, tau=0.2, p=0.2",boundary_lane,boundary_constriction,conductance,4.1,0.999999999999997,0.2,0.2,0.822919389978212,0.2,0.221350762527233,2.7788986970843e-07,4.56070573131221e-07,0.14076774188,135.447679062216,0.208486230158433,0.271575983806316,0.291890891995175,0.170136081519435,0.0473760040950009,0.27403765882813,0.404725483571817,0.416991799550295,0.149310852439714,0.0490885958061761,197.095138213701,190.182360330903,505,v7.4.6,gap_tied_weak_links_phase3_seed,/Users/asewaket/Documents/LTSpice Superconducting Circuit/matlab_v7_4_6_files/outputs/v7_4_6_as006_gap_weaklink_v800_phase3_seed_505/AS006_v7_4_6_gap_weaklink_scores.csv
AS006,boundary_sns_a4_1_g0_1_p0_2,"SNS-like boundary constriction, alpha=4.1, tau=0.1, p=0.2",boundary_lane,boundary_constriction,conductance,4.1,0.999999999999997,0.1,0.2,0.800784313725492,0.1,0.221350762527233,1.53149176519062e-07,4.9815102453669e-07,0.14076774188,122.885211472958,0.208578202379881,0.269356689069826,0.289467123081391,0.173635227170446,0.0499228234740858,0.295085361933126,0.437505891395607,0.447340695404539,0.16719653241884,0.0460790357885316,180.819371777472,180.967237106133,505,v7.4.6,gap_tied_weak_links_phase3_seed,/Users/asewaket/Documents/LTSpice Superconducting Circuit/matlab_v7_4_6_files/outputs/v7_4_6_as006_gap_weaklink_v800_phase3_seed_505/AS006_v7_4_6_gap_weaklink_scores.csv
AS006,boundary_sns_a3_7_g0_4_p0_3,"SNS-like boundary constriction, alpha=3.7, tau=0.4, p=0.3",boundary_lane,boundary_constriction,conductance,3.7,0,0.4,0.3,0.810457516339867,0.4,0.315904139433551,4.41961901650036e-07,4.40253146004889e-07,0.110425925597029,137.659256120422,0.208594408744685,0.274853302750919,0.297173664619592,0.160856513264181,0.0469941863079953,0.256258327354152,0.373234174648876,0.390837795432326,0.138331925932944,0.051176412699136,211.641312679773,201.775160362775,505,v7.4.6,gap_tied_weak_links_phase3_seed,/Users/asewaket/Documents/LTSpice Superconducting Circuit/matlab_v7_4_6_files/outputs/v7_4_6_as006_gap_weaklink_v800_phase3_seed_505/AS006_v7_4_6_gap_weaklink_scores.csv
AS006,crack_tunnel_a3_3_g0_4_p0_2,"tunnel/crack-like links, alpha=3.3, tau=0.4, p=0.2",tear_lane,crack_tunnel,conductance,3.3,1,0.4,0.2,0.879738562091502,0.4,0.200435729847495,3.16789659666933e-07,3.55791753192175e-07,0.0891307180823231,153.556981320861,0.208703045867302,0.272717895265647,0.302728806318752,0.155200426196912,0.0470213902669078,0.204306991597153,0.259156526727411,0.289359727799,0.16663677191459,0.0477029427168662,254.929966674998,254.751460618333,505,v7.4.6,gap_tied_weak_links_phase3_seed,/Users/asewaket/Documents/LTSpice Superconducting Circuit/matlab_v7_4_6_files/outputs/v7_4_6_as006_gap_weaklink_v800_phase3_seed_505/AS006_v7_4_6_gap_weaklink_scores.csv
AS006,crack_tunnel_a3_3_g0_05_p0_05,"tunnel/crack-like links, alpha=3.3, tau=0.05, p=0.05",tear_lane,crack_tunnel,conductance,3.3,1,0.05,0.05,0.951982570806101,0.05,0.0505446623093682,5.07679186854154e-08,3.65594554138017e-07,0.116470874441178,161.440616746891,0.208725787467213,0.269149952256206,0.297123687225605,0.165712587144738,0.0473717985041281,0.219551605165057,0.289297173561381,0.315935202767588,0.152738418080731,0.0646512248197107,233.845068953294,243.781770915764,505,v7.4.6,gap_tied_weak_links_phase3_seed,/Users/asewaket/Documents/LTSpice Superconducting Circuit/matlab_v7_4_6_files/outputs/v7_4_6_as006_gap_weaklink_v800_phase3_seed_505/AS006_v7_4_6_gap_weaklink_scores.csv
AS006,combined_a3_7_g0_2_p0_05,"combined weak-link classes, alpha=3.7, tau=0.2, p=0.05",combined,boundary_constriction,conductance,3.7,0,0.2,0.05,0.959912854030501,0.2,0.0501089324618736,2.29118847820706e-07,3.93951193330415e-07,0.130803002850732,167.981686124393,0.208726127873661,0.27113271155455,0.295953749917982,0.16617340321573,0.0468621114376256,0.215459654769928,0.289674874392409,0.313364390947098,0.152558373863192,0.0485377479708165,239.5774161036,239.139764945312,505,v7.4.6,gap_tied_weak_links_phase3_seed,/Users/asewaket/Documents/LTSpice Superconducting Circuit/matlab_v7_4_6_files/outputs/v7_4_6_as006_gap_weaklink_v800_phase3_seed_505/AS006_v7_4_6_gap_weaklink_scores.csv
AS006,boundary_sns_a3_3_g0_4_p0_3,"SNS-like boundary constriction, alpha=3.3, tau=0.4, p=0.3",boundary_lane,boundary_constriction,conductance,3.3,1,0.4,0.3,0.810457516339867,0.4,0.315904139433551,3.94182236606789e-07,3.92658211301658e-07,0.0984879876946479,137.659256120422,0.208831545849995,0.274685215886954,0.299227682497824,0.159038536174267,0.0470258987739929,0.255586936523732,0.370509348035306,0.390489390932399,0.138295610324306,0.0511993875462734,212.607783226553,202.756641133879,505,v7.4.6,gap_tied_weak_links_phase3_seed,/Users/asewaket/Documents/LTSpice Superconducting Circuit/matlab_v7_4_6_files/outputs/v7_4_6_as006_gap_weaklink_v800_phase3_seed_505/AS006_v7_4_6_gap_weaklink_scores.csv
AS006,crack_tunnel_a3_3_g0_4_p0_3,"tunnel/crack-like links, alpha=3.3, tau=0.4, p=0.3",tear_lane,crack_tunnel,conductance,3.3,1,0.4,0.3,0.819869281045749,0.4,0.300217864923747,3.23592386242089e-07,3.76049007042524e-07,0.0799744220926586,137.659256120422,0.209026064902762,0.27436382221666,0.304576268416374,0.151562765500427,0.048304575692964,0.202317245150819,0.250877623908884,0.280911631440879,0.172656039626307,0.0532931972907869,257.034913131829,263.584197859424,505,v7.4.6,gap_tied_weak_links_phase3_seed,/Users/asewaket/Documents/LTSpice Superconducting Circuit/matlab_v7_4_6_files/outputs/v7_4_6_as006_gap_weaklink_v800_phase3_seed_505/AS006_v7_4_6_gap_weaklink_scores.csv
AS006,combined_a4_1_g0_2_p0_05,"combined weak-link classes, alpha=4.1, tau=0.2, p=0.05",combined,boundary_constriction,conductance,4.1,0.999999999999997,0.2,0.05,0.959912854030501,0.2,0.0501089324618736,2.53888452990512e-07,4.36540511528298e-07,0.144943868023784,167.981686124393,0.20903681199085,0.272587177932877,0.295222125108197,0.166946510059472,0.0472750255076886,0.216049008406973,0.29223199182487,0.313612949310846,0.152469680088309,0.0486032888056289,238.608319726407,239.154856693335,505,v7.4.6,gap_tied_weak_links_phase3_seed,/Users/asewaket/Documents/LTSpice Superconducting Circuit/matlab_v7_4_6_files/outputs/v7_4_6_as006_gap_weaklink_v800_phase3_seed_505/AS006_v7_4_6_gap_weaklink_scores.csv
AS006,combined_a3_3_g0_4_p0_1,"combined weak-link classes, alpha=3.3, tau=0.4, p=0.1",combined,boundary_constriction,conductance,3.3,1,0.4,0.1,0.939869281045751,0.4,0.100217864923747,3.78394389407356e-07,3.61910255536476e-07,0.111628920818775,165.526440842035,0.209298275626881,0.273203607531496,0.30178197285252,0.158811621316071,0.0466547914659099,0.21568471483341,0.290692193310559,0.318423612015283,0.147268381205398,0.0464045833230007,241.872673746198,237.903347094127,505,v7.4.6,gap_tied_weak_links_phase3_seed,/Users/asewaket/Documents/LTSpice Superconducting Circuit/matlab_v7_4_6_files/outputs/v7_4_6_as006_gap_weaklink_v800_phase3_seed_505/AS006_v7_4_6_gap_weaklink_scores.csv
AS006,crack_tunnel_a3_7_g0_05_p0_05,"tunnel/crack-like links, alpha=3.7, tau=0.05, p=0.05",tear_lane,crack_tunnel,conductance,3.7,0,0.05,0.05,0.951982570806101,0.05,0.0505446623093682,5.69216057987991e-08,4.09909045548686e-07,0.130588556191624,161.440616746891,0.209372897571944,0.271992569720302,0.296506321720863,0.166494757441002,0.0478674083266549,0.220471897452967,0.293285918935151,0.316344177576914,0.152618174845504,0.0646985390132039,232.786702219895,243.854066132786,505,v7.4.6,gap_tied_weak_links_phase3_seed,/Users/asewaket/Documents/LTSpice Superconducting Circuit/matlab_v7_4_6_files/outputs/v7_4_6_as006_gap_weaklink_v800_phase3_seed_505/AS006_v7_4_6_gap_weaklink_scores.csv
AS006,crack_tunnel_a3_3_g0_1_p0_05,"tunnel/crack-like links, alpha=3.3, tau=0.1, p=0.05",tear_lane,crack_tunnel,conductance,3.3,1,0.1,0.05,0.954509803921569,0.1,0.0505446623093682,1.00022248564203e-07,3.60144657439116e-07,0.116470874441178,163.883620318105,0.209647991671495,0.272175572724353,0.299720922302529,0.163616379480754,0.0470322972527545,0.219891961848948,0.290968622701766,0.31732174588241,0.151851257566594,0.0633640592905167,235.178324554632,243.603649999633,505,v7.4.6,gap_tied_weak_links_phase3_seed,/Users/asewaket/Documents/LTSpice Superconducting Circuit/matlab_v7_4_6_files/outputs/v7_4_6_as006_gap_weaklink_v800_phase3_seed_505/AS006_v7_4_6_gap_weaklink_scores.csv
AS006,crack_tunnel_a4_1_g0_05_p0_05,"tunnel/crack-like links, alpha=4.1, tau=0.05, p=0.05",tear_lane,crack_tunnel,conductance,4.1,0.999999999999997,0.05,0.05,0.951982570806101,0.05,0.0505446623093682,6.30752929121828e-08,4.54223536959354e-07,0.14470623794207,161.440616746891,0.209795027935616,0.273541453714185,0.295940354555489,0.167208435022671,0.048527521713454,0.221078311506091,0.295856553583887,0.316678908176228,0.152522027498475,0.0646943802650729,231.851054067879,243.927043123663,505,v7.4.6,gap_tied_weak_links_phase3_seed,/Users/asewaket/Documents/LTSpice Superconducting Circuit/matlab_v7_4_6_files/outputs/v7_4_6_as006_gap_weaklink_v800_phase3_seed_505/AS006_v7_4_6_gap_weaklink_scores.csv
AS006,crack_tunnel_a3_7_g0_4_p0_2,"tunnel/crack-like links, alpha=3.7, tau=0.4, p=0.2",tear_lane,crack_tunnel,conductance,3.7,0,0.4,0.2,0.879738562091502,0.4,0.200435729847495,3.55188406293228e-07,3.98918026306378e-07,0.0999344414862411,153.556981320861,0.209841452383599,0.277480607256094,0.302862794884925,0.155301812579002,0.0475894978895322,0.205389970952809,0.264090973865843,0.28973188480887,0.166446509936004,0.0477699450626765,254.313017147113,255.072709728211,505,v7.4.6,gap_tied_weak_links_phase3_seed,/Users/asewaket/Documents/LTSpice Superconducting Circuit/matlab_v7_4_6_files/outputs/v7_4_6_as006_gap_weaklink_v800_phase3_seed_505/AS006_v7_4_6_gap_weaklink_scores.csv
AS006,combined_a3_7_g0_4_p0_1,"combined weak-link classes, alpha=3.7, tau=0.4, p=0.1",combined,boundary_constriction,conductance,3.7,0,0.4,0.1,0.939869281045751,0.4,0.100217864923747,4.24260376002188e-07,4.05778165298473e-07,0.125159699099838,165.526440842035,0.209920544755977,0.276519300342793,0.301125023528537,0.159475252495704,0.0467705666425221,0.216668266823671,0.29508604494526,0.318774379030073,0.147174085474208,0.0464325190277093,241.244584868648,237.577520097388,505,v7.4.6,gap_tied_weak_links_phase3_seed,/Users/asewaket/Documents/LTSpice Superconducting Circuit/matlab_v7_4_6_files/outputs/v7_4_6_as006_gap_weaklink_v800_phase3_seed_505/AS006_v7_4_6_gap_weaklink_scores.csv
AS006,combined_a4_1_g0_4_p0_1,"combined weak-link classes, alpha=4.1, tau=0.4, p=0.1",combined,boundary_constriction,conductance,4.1,0.999999999999997,0.4,0.1,0.939869281045751,0.4,0.100217864923747,4.70126362597019e-07,4.4964607506047e-07,0.138690477380902,165.526440842035,0.210057703630888,0.277672772467591,0.299986621478187,0.1605373493083,0.0469674714646471,0.21729549849161,0.29778142001867,0.319054741980688,0.147112229430247,0.0464599871853676,240.344758150342,237.116598600378,505,v7.4.6,gap_tied_weak_links_phase3_seed,/Users/asewaket/Documents/LTSpice Superconducting Circuit/matlab_v7_4_6_files/outputs/v7_4_6_as006_gap_weaklink_v800_phase3_seed_505/AS006_v7_4_6_gap_weaklink_scores.csv
AS006,crack_tunnel_a4_1_g0_4_p0_2,"tunnel/crack-like links, alpha=4.1, tau=0.4, p=0.2",tear_lane,crack_tunnel,conductance,4.1,0.999999999999997,0.4,0.2,0.879738562091502,0.4,0.200435729847495,3.93587152919523e-07,4.42044299420581e-07,0.110738164890159,153.556981320861,0.210075946398415,0.278985932188881,0.301806005851208,0.156276574166028,0.0478875718560452,0.206044299427152,0.266942687863127,0.290031910368775,0.166314796732698,0.0478294702114023,253.405822769214,254.566162179459,505,v7.4.6,gap_tied_weak_links_phase3_seed,/Users/asewaket/Documents/LTSpice Superconducting Circuit/matlab_v7_4_6_files/outputs/v7_4_6_as006_gap_weaklink_v800_phase3_seed_505/AS006_v7_4_6_gap_weaklink_scores.csv
AS006,crack_tunnel_a3_7_g0_4_p0_3,"tunnel/crack-like links, alpha=3.7, tau=0.4, p=0.3",tear_lane,crack_tunnel,conductance,3.7,0,0.4,0.3,0.819869281045749,0.4,0.300217864923747,3.62815705786585e-07,4.2163070486586e-07,0.0896682914372233,137.659256120422,0.210102845731792,0.279110804703324,0.304588092749352,0.151835461211839,0.0485799351294699,0.203427477938366,0.255890727533973,0.281347325474629,0.172445506717607,0.0533319591802488,256.603967215552,263.479633994098,505,v7.4.6,gap_tied_weak_links_phase3_seed,/Users/asewaket/Documents/LTSpice Superconducting Circuit/matlab_v7_4_6_files/outputs/v7_4_6_as006_gap_weaklink_v800_phase3_seed_505/AS006_v7_4_6_gap_weaklink_scores.csv
AS006,crack_tunnel_a3_7_g0_1_p0_05,"tunnel/crack-like links, alpha=3.7, tau=0.1, p=0.05",tear_lane,crack_tunnel,conductance,3.7,0,0.1,0.05,0.954509803921569,0.1,0.0505446623093682,1.12146157481076e-07,4.03798555310524e-07,0.130588556191624,163.883620318105,0.210177868877876,0.274845869555517,0.298940817890486,0.164442705729241,0.0473436613639607,0.220772888811031,0.294889981962202,0.317666410772729,0.151735215889394,0.0633892233789318,234.015425029444,243.690533404892,505,v7.4.6,gap_tied_weak_links_phase3_seed,/Users/asewaket/Documents/LTSpice Superconducting Circuit/matlab_v7_4_6_files/outputs/v7_4_6_as006_gap_weaklink_v800_phase3_seed_505/AS006_v7_4_6_gap_weaklink_scores.csv
AS006,crack_tunnel_a4_1_g0_4_p0_3,"tunnel/crack-like links, alpha=4.1, tau=0.4, p=0.3",tear_lane,crack_tunnel,conductance,4.1,0.999999999999997,0.4,0.3,0.819869281045749,0.4,0.300217864923747,4.0203902533108e-07,4.67212402689196e-07,0.099362160781788,137.659256120422,0.21020853504173,0.280440673491315,0.303271142845465,0.153013769865026,0.0486102894064866,0.20409682734007,0.258768205788732,0.281703433082213,0.172300493116786,0.0533593066217652,255.708635069044,262.586507103914,505,v7.4.6,gap_tied_weak_links_phase3_seed,/Users/asewaket/Documents/LTSpice Superconducting Circuit/matlab_v7_4_6_files/outputs/v7_4_6_as006_gap_weaklink_v800_phase3_seed_505/AS006_v7_4_6_gap_weaklink_scores.csv
AS006,boundary_sns_a3_3_g0_05_p0_2,"SNS-like boundary constriction, alpha=3.3, tau=0.05, p=0.2",boundary_lane,boundary_constriction,conductance,3.3,1,0.05,0.2,0.78971677559913,0.05,0.221350762527233,6.62971990487161e-08,4.31292134645206e-07,0.11330086541561,114.240262960253,0.210310543944889,0.2681491807571,0.291282848568048,0.173360506590297,0.0569579207353924,0.312304713285902,0.454775650933769,0.466725565566247,0.181631338922802,0.062939002101306,165.362930806938,182.937742942424,505,v7.4.6,gap_tied_weak_links_phase3_seed,/Users/asewaket/Documents/LTSpice Superconducting Circuit/matlab_v7_4_6_files/outputs/v7_4_6_as006_gap_weaklink_v800_phase3_seed_505/AS006_v7_4_6_gap_weaklink_scores.csv
AS006,contact_relaxed_a3_3_g0_4_p0_3,"contact-relaxed SNS links, alpha=3.3, tau=0.4, p=0.3",contact_relaxation,contact_relaxed,conductance,3.3,1,0.4,0.3,0.819869281045749,0.4,0.300217864923747,1.78355238882531e-07,3.80929321041065e-07,0.042077334189822,137.659256120422,0.210444619023772,0.267569702980935,0.317536668021389,0.145039427271541,0.0476649390110666,0.193732109006376,0.201864239902618,0.237835367802167,0.242849067134926,0.0470230775568114,302.085202460195,295.139811934554,505,v7.4.6,gap_tied_weak_links_phase3_seed,/Users/asewaket/Documents/LTSpice Superconducting Circuit/matlab_v7_4_6_files/outputs/v7_4_6_as006_gap_weaklink_v800_phase3_seed_505/AS006_v7_4_6_gap_weaklink_scores.csv
AS006,crack_tunnel_a4_1_g0_1_p0_05,"tunnel/crack-like links, alpha=4.1, tau=0.1, p=0.05",tear_lane,crack_tunnel,conductance,4.1,0.999999999999997,0.1,0.05,0.954509803921569,0.1,0.0505446623093682,1.24270066397949e-07,4.47452453181932e-07,0.14470623794207,163.883620318105,0.210500538041147,0.276189486709961,0.298176801658643,0.165234461840084,0.0479607232930418,0.221341484581133,0.297407310176987,0.317942274093674,0.15162705736735,0.063367311355561,232.905333077154,243.809761668555,505,v7.4.6,gap_tied_weak_links_phase3_seed,/Users/asewaket/Documents/LTSpice Superconducting Circuit/matlab_v7_4_6_files/outputs/v7_4_6_as006_gap_weaklink_v800_phase3_seed_505/AS006_v7_4_6_gap_weaklink_scores.csv
AS006,boundary_sns_a3_7_g0_05_p0_2,"SNS-like boundary constriction, alpha=3.7, tau=0.05, p=0.2",boundary_lane,boundary_constriction,conductance,3.7,0,0.05,0.2,0.78971677559913,0.05,0.221350762527233,7.43332231758333e-08,4.83569969147656e-07,0.127034303647805,114.240262960253,0.210833341404247,0.270367069966905,0.291550750315459,0.173360954888332,0.0568846303918612,0.312839996443806,0.457047841793288,0.467097936406424,0.181794126167408,0.0624880940052415,165.383213676936,182.822893615711,505,v7.4.6,gap_tied_weak_links_phase3_seed,/Users/asewaket/Documents/LTSpice Superconducting Circuit/matlab_v7_4_6_files/outputs/v7_4_6_as006_gap_weaklink_v800_phase3_seed_505/AS006_v7_4_6_gap_weaklink_scores.csv
AS006,boundary_sns_a4_1_g0_4_p0_2,"SNS-like boundary constriction, alpha=4.1, tau=0.4, p=0.2",boundary_lane,boundary_constriction,conductance,4.1,0.999999999999997,0.4,0.2,0.867189542483658,0.4,0.221350762527233,4.90235449578938e-07,4.65755983828361e-07,0.14076774188,153.556981320861,0.211095959701944,0.280558239298184,0.300444721877726,0.1617060665369,0.0470107127543878,0.251691069093348,0.368032298377142,0.383084582208149,0.136834740050202,0.0489816031625849,214.826137828855,206.897136377239,505,v7.4.6,gap_tied_weak_links_phase3_seed,/Users/asewaket/Documents/LTSpice Superconducting Circuit/matlab_v7_4_6_files/outputs/v7_4_6_as006_gap_weaklink_v800_phase3_seed_505/AS006_v7_4_6_gap_weaklink_scores.csv
AS006,crack_tunnel_a3_3_g0_4_p0_1,"tunnel/crack-like links, alpha=3.3, tau=0.4, p=0.1",tear_lane,crack_tunnel,conductance,3.3,1,0.4,0.1,0.939869281045751,0.4,0.100217864923747,3.54512393010809e-07,3.57926791144712e-07,0.105765361689428,165.526440842035,0.211150545155803,0.278783382155068,0.305559160129175,0.156501734931329,0.0466136447337277,0.2175541190404,0.293170742959191,0.319245729573267,0.147666205766461,0.0513370682815179,240.354837420342,242.269838569853,505,v7.4.6,gap_tied_weak_links_phase3_seed,/Users/asewaket/Documents/LTSpice Superconducting Circuit/matlab_v7_4_6_files/outputs/v7_4_6_as006_gap_weaklink_v800_phase3_seed_505/AS006_v7_4_6_gap_weaklink_scores.csv
AS006,crack_tunnel_a3_3_g0_2_p0_05,"tunnel/crack-like links, alpha=3.3, tau=0.2, p=0.05",tear_lane,crack_tunnel,conductance,3.3,1,0.2,0.05,0.959564270152505,0.2,0.0505446623093682,1.95164229925879e-07,3.51358601411106e-07,0.116470874441178,167.981686124393,0.211204240261936,0.277425708291695,0.303971926721885,0.159821739169756,0.0468674472924906,0.220425238120116,0.294919937206199,0.3204704386067,0.149367537730804,0.0596735636691485,237.126122473004,242.736350997986,505,v7.4.6,gap_tied_weak_links_phase3_seed,/Users/asewaket/Documents/LTSpice Superconducting Circuit/matlab_v7_4_6_files/outputs/v7_4_6_as006_gap_weaklink_v800_phase3_seed_505/AS006_v7_4_6_gap_weaklink_scores.csv
AS006,boundary_sns_a4_1_g0_05_p0_2,"SNS-like boundary constriction, alpha=4.1, tau=0.05, p=0.2",boundary_lane,boundary_constriction,conductance,4.1,0.999999999999997,0.05,0.2,0.78971677559913,0.05,0.221350762527233,8.23692473029503e-08,5.35847803650105e-07,0.14076774188,114.240262960253,0.211247194049989,0.272144875771724,0.291702349813956,0.173407004733744,0.0568532263866185,0.313333585477735,0.459056125647323,0.467371841852712,0.181916150121761,0.0623158908469063,165.389513351959,182.709295975816,505,v7.4.6,gap_tied_weak_links_phase3_seed,/Users/asewaket/Documents/LTSpice Superconducting Circuit/matlab_v7_4_6_files/outputs/v7_4_6_as006_gap_weaklink_v800_phase3_seed_505/AS006_v7_4_6_gap_weaklink_scores.csv
AS006,boundary_sns_a3_7_g0_4_p0_2,"SNS-like boundary constriction, alpha=3.7, tau=0.4, p=0.2",boundary_lane,boundary_constriction,conductance,3.7,0,0.4,0.2,0.867189542483658,0.4,0.221350762527233,4.42407600839529e-07,4.20316375649985e-07,0.127034303647805,153.556981320861,0.211449225811,0.280979408592386,0.302482137295702,0.159948092191889,0.0469878649552731,0.251171470056391,0.365851974898076,0.38285003768932,0.136817063919729,0.0489964795279063,215.81805923853,207.825315762152,505,v7.4.6,gap_tied_weak_links_phase3_seed,/Users/asewaket/Documents/LTSpice Superconducting Circuit/matlab_v7_4_6_files/outputs/v7_4_6_as006_gap_weaklink_v800_phase3_seed_505/AS006_v7_4_6_gap_weaklink_scores.csv
AS006,boundary_sns_a3_3_g0_4_p0_2,"SNS-like boundary constriction, alpha=3.3, tau=0.4, p=0.2",boundary_lane,boundary_constriction,conductance,3.3,1,0.4,0.2,0.867189542483658,0.4,0.221350762527233,3.94579752100121e-07,3.74876767471608e-07,0.11330086541561,153.556981320861,0.211526956459444,0.280237449897346,0.30405062371635,0.158613773908738,0.0470415235103382,0.250505992877392,0.363052241119174,0.382536075077381,0.136803639053028,0.0490350430660863,216.589154830185,208.62031947541,505,v7.4.6,gap_tied_weak_links_phase3_seed,/Users/asewaket/Documents/LTSpice Superconducting Circuit/matlab_v7_4_6_files/outputs/v7_4_6_as006_gap_weaklink_v800_phase3_seed_505/AS006_v7_4_6_gap_weaklink_scores.csv
AS006,crack_tunnel_a3_7_g0_2_p0_05,"tunnel/crack-like links, alpha=3.7, tau=0.2, p=0.05",tear_lane,crack_tunnel,conductance,3.7,0,0.2,0.05,0.959564270152505,0.2,0.0505446623093682,2.18820500219925e-07,3.9394752279427e-07,0.130588556191624,167.981686124393,0.211636742212354,0.280043508875865,0.303281831156657,0.160392482880655,0.0469063940609373,0.221225466396724,0.298635941218405,0.320768482256104,0.149197867202489,0.0596492128139212,235.998012038905,242.933771395677,505,v7.4.6,gap_tied_weak_links_phase3_seed,/Users/asewaket/Documents/LTSpice Superconducting Circuit/matlab_v7_4_6_files/outputs/v7_4_6_as006_gap_weaklink_v800_phase3_seed_505/AS006_v7_4_6_gap_weaklink_scores.csv
AS006,crack_tunnel_a4_1_g0_2_p0_05,"tunnel/crack-like links, alpha=4.1, tau=0.2, p=0.05",tear_lane,crack_tunnel,conductance,4.1,0.999999999999997,0.2,0.05,0.959564270152505,0.2,0.0505446623093682,2.42476770513971e-07,4.36536444177434e-07,0.14470623794207,167.981686124393,0.211825934955875,0.281152438267144,0.302369951937823,0.161167460493234,0.0473704950045008,0.221744310430072,0.301035836385192,0.321012142623179,0.149053858735904,0.0595971427547229,234.720562666972,243.118250183655,505,v7.4.6,gap_tied_weak_links_phase3_seed,/Users/asewaket/Documents/LTSpice Superconducting Circuit/matlab_v7_4_6_files/outputs/v7_4_6_as006_gap_weaklink_v800_phase3_seed_505/AS006_v7_4_6_gap_weaklink_scores.csv
AS006,crack_tunnel_a3_7_g0_4_p0_1,"tunnel/crack-like links, alpha=3.7, tau=0.4, p=0.1",tear_lane,crack_tunnel,conductance,3.7,0,0.4,0.1,0.939869281045751,0.4,0.100217864923747,3.97483592163635e-07,4.0131185673801e-07,0.118585405530571,165.526440842035,0.21185252068264,0.281968764074989,0.305270364013411,0.156809158880935,0.0470592537135752,0.218411486941849,0.297049458064224,0.319568199050519,0.147531885889576,0.0513487709446443,239.387880778041,242.667227156512,505,v7.4.6,gap_tied_weak_links_phase3_seed,/Users/asewaket/Documents/LTSpice Superconducting Circuit/matlab_v7_4_6_files/outputs/v7_4_6_as006_gap_weaklink_v800_phase3_seed_505/AS006_v7_4_6_gap_weaklink_scores.csv
AS006,boundary_sns_a3_3_g0_1_p0_1,"SNS-like boundary constriction, alpha=3.3, tau=0.1, p=0.1",boundary_lane,boundary_constriction,conductance,3.3,1,0.1,0.1,0.886274509803923,0.1,0.12636165577342,1.15793465675654e-07,3.7588210248334e-07,0.126348543004844,144.585482332622,0.211993990769033,0.280564773298269,0.303594873997877,0.160078586169009,0.0480159183393514,0.26896922065746,0.393788306919928,0.410968991447021,0.146588414668536,0.0486265429994173,203.667437316964,197.619385696779,505,v7.4.6,gap_tied_weak_links_phase3_seed,/Users/asewaket/Documents/LTSpice Superconducting Circuit/matlab_v7_4_6_files/outputs/v7_4_6_as006_gap_weaklink_v800_phase3_seed_505/AS006_v7_4_6_gap_weaklink_scores.csv
AS006,crack_tunnel_a4_1_g0_4_p0_1,"tunnel/crack-like links, alpha=4.1, tau=0.4, p=0.1",tear_lane,crack_tunnel,conductance,4.1,0.999999999999997,0.4,0.1,0.939869281045751,0.4,0.100217864923747,4.4045479131646e-07,4.44696922331308e-07,0.131405449371714,165.526440842035,0.212086080831557,0.283140646184062,0.304363013751447,0.15761481693593,0.04763596273878,0.218971929962182,0.299511192952407,0.319829823892535,0.147441489769307,0.0513444028349362,238.313861216703,242.624108984835,505,v7.4.6,gap_tied_weak_links_phase3_seed,/Users/asewaket/Documents/LTSpice Superconducting Circuit/matlab_v7_4_6_files/outputs/v7_4_6_as006_gap_weaklink_v800_phase3_seed_505/AS006_v7_4_6_gap_weaklink_scores.csv
AS006,contact_relaxed_a3_7_g0_4_p0_3,"contact-relaxed SNS links, alpha=3.7, tau=0.4, p=0.3",contact_relaxation,contact_relaxed,conductance,3.7,0,0.4,0.3,0.819869281045749,0.4,0.300217864923747,1.99974055716777e-07,4.27102572076346e-07,0.0471776171219217,137.659256120422,0.212370692821812,0.276411639363989,0.31783676964633,0.145183917238954,0.0477475813153001,0.194382901581759,0.205523453389116,0.23790069819664,0.24241614434084,0.0470446522495111,301.851629093319,295.025362896951,505,v7.4.6,gap_tied_weak_links_phase3_seed,/Users/asewaket/Documents/LTSpice Superconducting Circuit/matlab_v7_4_6_files/outputs/v7_4_6_as006_gap_weaklink_v800_phase3_seed_505/AS006_v7_4_6_gap_weaklink_scores.csv
AS006,boundary_sns_a3_3_g0_2_p0_1,"SNS-like boundary constriction, alpha=3.3, tau=0.2, p=0.1",boundary_lane,boundary_constriction,conductance,3.3,1,0.2,0.1,0.898910675381263,0.2,0.12636165577342,2.18375396464063e-07,3.55520718253786e-07,0.126348543004844,153.33278708836,0.212380003971813,0.282230411482675,0.305468897598511,0.158138275699453,0.0474261929546774,0.256233272634648,0.37263361987594,0.391379531671406,0.139269381439505,0.0495318360729584,213.363305362667,205.540052708732,505,v7.4.6,gap_tied_weak_links_phase3_seed,/Users/asewaket/Documents/LTSpice Superconducting Circuit/matlab_v7_4_6_files/outputs/v7_4_6_as006_gap_weaklink_v800_phase3_seed_505/AS006_v7_4_6_gap_weaklink_scores.csv
AS006,combined_a4_1_g0_4_p0_05,"combined weak-link classes, alpha=4.1, tau=0.4, p=0.05",combined,boundary_constriction,conductance,4.1,0.999999999999997,0.4,0.05,0.969934640522876,0.4,0.0501089324618736,4.87557910907643e-07,4.34216038489119e-07,0.144943868023784,174.94787579783,0.21251681635812,0.284129577423727,0.305080562712802,0.157976394656905,0.0470930262983387,0.219409879835304,0.302027036267669,0.322017158040375,0.146732088708337,0.0480772254527744,239.683315117137,239.787185019666,505,v7.4.6,gap_tied_weak_links_phase3_seed,/Users/asewaket/Documents/LTSpice Superconducting Circuit/matlab_v7_4_6_files/outputs/v7_4_6_as006_gap_weaklink_v800_phase3_seed_505/AS006_v7_4_6_gap_weaklink_scores.csv
AS006,boundary_sns_a3_3_g0_05_p0_1,"SNS-like boundary constriction, alpha=3.3, tau=0.05, p=0.1",boundary_lane,boundary_constriction,conductance,3.3,1,0.05,0.1,0.879956427015252,0.05,0.12636165577342,6.07887478232042e-08,3.94657888608645e-07,0.126348543004844,137.706851063722,0.2126383272056,0.281058595413146,0.303929673266427,0.160341207871974,0.0498296025586414,0.279198908036885,0.41033363769625,0.426430631969768,0.154177439746105,0.0466854968584513,192.989425333711,196.037968881174,505,v7.4.6,gap_tied_weak_links_phase3_seed,/Users/asewaket/Documents/LTSpice Superconducting Circuit/matlab_v7_4_6_files/outputs/v7_4_6_as006_gap_weaklink_v800_phase3_seed_505/AS006_v7_4_6_gap_weaklink_scores.csv
AS006,boundary_sns_a3_7_g0_1_p0_1,"SNS-like boundary constriction, alpha=3.7, tau=0.1, p=0.1",boundary_lane,boundary_constriction,conductance,3.7,0,0.1,0.1,0.886274509803923,0.1,0.12636165577342,1.29829037272703e-07,4.21443569451018e-07,0.141663517914522,144.585482332622,0.212693715091933,0.283467667064558,0.304285508363371,0.159669888778373,0.04791390778624,0.269568267433508,0.396180210172947,0.411305521187236,0.146651265714885,0.0485623827733226,203.855746107617,197.779162732038,505,v7.4.6,gap_tied_weak_links_phase3_seed,/Users/asewaket/Documents/LTSpice Superconducting Circuit/matlab_v7_4_6_files/outputs/v7_4_6_as006_gap_weaklink_v800_phase3_seed_505/AS006_v7_4_6_gap_weaklink_scores.csv
AS006,contact_relaxed_a4_1_g0_4_p0_2,"contact-relaxed SNS links, alpha=4.1, tau=0.4, p=0.2",contact_relaxation,contact_relaxed,conductance,4.1,0.999999999999997,0.4,0.2,0.879999999999998,0.4,0.2,1.93363641950959e-07,4.60470428992302e-07,0.0498275312738886,153.556981320861,0.212711135717726,0.282703028420963,0.311612867782221,0.150593325731839,0.0472884743839811,0.201692996792008,0.248881231618307,0.278395468525657,0.179728579092492,0.0477309585562147,269.536719677147,261.634981514874,505,v7.4.6,gap_tied_weak_links_phase3_seed,/Users/asewaket/Documents/LTSpice Superconducting Circuit/matlab_v7_4_6_files/outputs/v7_4_6_as006_gap_weaklink_v800_phase3_seed_505/AS006_v7_4_6_gap_weaklink_scores.csv
AS006,contact_relaxed_a3_7_g0_4_p0_2,"contact-relaxed SNS links, alpha=3.7, tau=0.4, p=0.2",contact_relaxation,contact_relaxed,conductance,3.7,0,0.4,0.2,0.879999999999998,0.4,0.2,1.74498896394768e-07,4.1554648470037e-07,0.0449663087105824,153.556981320861,0.212745894087482,0.280602281221287,0.314412788010075,0.148654658159374,0.0470864874992761,0.200716766748007,0.244284507437211,0.278144343170419,0.179852988035928,0.0477304907096829,271.414435715465,263.04994881755,505,v7.4.6,gap_tied_weak_links_phase3_seed,/Users/asewaket/Documents/LTSpice Superconducting Circuit/matlab_v7_4_6_files/outputs/v7_4_6_as006_gap_weaklink_v800_phase3_seed_505/AS006_v7_4_6_gap_weaklink_scores.csv
AS006,combined_a3_7_g0_4_p0_05,"combined weak-link classes, alpha=3.7, tau=0.4, p=0.05",combined,boundary_constriction,conductance,3.7,0,0.4,0.05,0.969934640522876,0.4,0.0501089324618736,4.39991285453239e-07,3.91853498148717e-07,0.130803002850732,174.94787579783,0.212878323003828,0.284549729528943,0.307364040524277,0.15613839496485,0.0467818208666492,0.218880620865188,0.29972731450763,0.32177672771356,0.146803226604537,0.0480624830639075,241.300640217568,240.612701795096,505,v7.4.6,gap_tied_weak_links_phase3_seed,/Users/asewaket/Documents/LTSpice Superconducting Circuit/matlab_v7_4_6_files/outputs/v7_4_6_as006_gap_weaklink_v800_phase3_seed_505/AS006_v7_4_6_gap_weaklink_scores.csv
AS006,combined_a3_3_g0_4_p0_05,"combined weak-link classes, alpha=3.3, tau=0.4, p=0.05",combined,boundary_constriction,conductance,3.3,1,0.4,0.05,0.969934640522876,0.4,0.0501089324618736,3.92424659998835e-07,3.49490957808315e-07,0.11666213767768,174.94787579783,0.212975219734899,0.283495917259307,0.309527211684377,0.154489960354776,0.0465951105240598,0.218067161816008,0.296052196603824,0.321480365230366,0.146928291424939,0.0480326090419033,242.860572814623,241.435660154768,505,v7.4.6,gap_tied_weak_links_phase3_seed,/Users/asewaket/Documents/LTSpice Superconducting Circuit/matlab_v7_4_6_files/outputs/v7_4_6_as006_gap_weaklink_v800_phase3_seed_505/AS006_v7_4_6_gap_weaklink_scores.csv
AS006,boundary_sns_a3_7_g0_2_p0_1,"SNS-like boundary constriction, alpha=3.7, tau=0.2, p=0.1",boundary_lane,boundary_constriction,conductance,3.7,0,0.2,0.1,0.898910675381263,0.2,0.12636165577342,2.4484514149001e-07,3.98614138648184e-07,0.141663517914522,153.33278708836,0.213131488418854,0.285337903645281,0.30622996906115,0.157651182673825,0.0473531142496946,0.256856705149412,0.375191732223759,0.391712605826727,0.139294152795318,0.0494770423323819,213.607773869951,205.731417264951,505,v7.4.6,gap_tied_weak_links_phase3_seed,/Users/asewaket/Documents/LTSpice Superconducting Circuit/matlab_v7_4_6_files/outputs/v7_4_6_as006_gap_weaklink_v800_phase3_seed_505/AS006_v7_4_6_gap_weaklink_scores.csv
AS006,boundary_sns_a4_1_g0_1_p0_1,"SNS-like boundary constriction, alpha=4.1, tau=0.1, p=0.1",boundary_lane,boundary_constriction,conductance,4.1,0.999999999999997,0.1,0.1,0.886274509803923,0.1,0.12636165577342,1.43864608869752e-07,4.67005036418695e-07,0.1569784928242,144.585482332622,0.213257739367244,0.28576441782661,0.304808112130063,0.159362292369759,0.0479072173198019,0.270076479180236,0.398239954476519,0.411556603361641,0.146698072620865,0.0485457947657057,203.987484624854,197.914615652992,505,v7.4.6,gap_tied_weak_links_phase3_seed,/Users/asewaket/Documents/LTSpice Superconducting Circuit/matlab_v7_4_6_files/outputs/v7_4_6_as006_gap_weaklink_v800_phase3_seed_505/AS006_v7_4_6_gap_weaklink_scores.csv
AS006,contact_relaxed_a3_3_g0_4_p0_2,"contact-relaxed SNS links, alpha=3.3, tau=0.4, p=0.2",contact_relaxation,contact_relaxed,conductance,3.3,1,0.4,0.2,0.879999999999998,0.4,0.2,1.55634150838577e-07,3.70622540408438e-07,0.0401050861472762,153.556981320861,0.21345291633439,0.279207030734071,0.319533402083466,0.145451352404263,0.0470599067864832,0.199408241434846,0.238225379464215,0.277746404225276,0.180028284815195,0.0477242642967911,274.461363921247,265.942098083708,505,v7.4.6,gap_tied_weak_links_phase3_seed,/Users/asewaket/Documents/LTSpice Superconducting Circuit/matlab_v7_4_6_files/outputs/v7_4_6_as006_gap_weaklink_v800_phase3_seed_505/AS006_v7_4_6_gap_weaklink_scores.csv
AS006,boundary_sns_a3_7_g0_05_p0_1,"SNS-like boundary constriction, alpha=3.7, tau=0.05, p=0.1",boundary_lane,boundary_constriction,conductance,3.7,0,0.05,0.1,0.879956427015252,0.05,0.12636165577342,6.81570808926835e-08,4.42495208439995e-07,0.141663517914522,137.706851063722,0.213463550393021,0.283977325565632,0.304754789680247,0.159931968917226,0.0501045833125056,0.27982606622195,0.412705531684475,0.426871052774128,0.154307017567374,0.0465166851113344,193.084139790181,196.277549533595,505,v7.4.6,gap_tied_weak_links_phase3_seed,/Users/asewaket/Documents/LTSpice Superconducting Circuit/matlab_v7_4_6_files/outputs/v7_4_6_as006_gap_weaklink_v800_phase3_seed_505/AS006_v7_4_6_gap_weaklink_scores.csv
AS006,boundary_sns_a4_1_g0_2_p0_1,"SNS-like boundary constriction, alpha=4.1, tau=0.2, p=0.1",boundary_lane,boundary_constriction,conductance,4.1,0.999999999999997,0.2,0.1,0.898910675381263,0.2,0.12636165577342,2.71314886515958e-07,4.41707559042582e-07,0.1569784928242,153.33278708836,0.213743204710659,0.287786897039524,0.306899287356207,0.157227417017162,0.0473211023689542,0.25736025443636,0.377258815360568,0.391967354662956,0.139317266660659,0.0494530028352343,213.83500236383,205.912181001987,505,v7.4.6,gap_tied_weak_links_phase3_seed,/Users/asewaket/Documents/LTSpice Superconducting Circuit/matlab_v7_4_6_files/outputs/v7_4_6_as006_gap_weaklink_v800_phase3_seed_505/AS006_v7_4_6_gap_weaklink_scores.csv
AS006,contact_relaxed_a4_1_g0_4_p0_3,"contact-relaxed SNS links, alpha=4.1, tau=0.4, p=0.3",contact_relaxation,contact_relaxed,conductance,4.1,0.999999999999997,0.4,0.3,0.819869281045749,0.4,0.300217864923747,2.21592872551023e-07,4.73275823111627e-07,0.0522779000540213,137.659256120422,0.213930175851947,0.283571201721558,0.318151853221615,0.145226388895828,0.0477809482805666,0.195008770324923,0.208998597094442,0.23791388716434,0.242106291490126,0.0470630876299192,301.779588709837,294.984940235085,505,v7.4.6,gap_tied_weak_links_phase3_seed,/Users/asewaket/Documents/LTSpice Superconducting Circuit/matlab_v7_4_6_files/outputs/v7_4_6_as006_gap_weaklink_v800_phase3_seed_505/AS006_v7_4_6_gap_weaklink_scores.csv
AS006,boundary_sns_a4_1_g0_05_p0_1,"SNS-like boundary constriction, alpha=4.1, tau=0.05, p=0.1",boundary_lane,boundary_constriction,conductance,4.1,0.999999999999997,0.05,0.1,0.879956427015252,0.05,0.12636165577342,7.55254139621628e-08,4.90332528271346e-07,0.1569784928242,137.706851063722,0.214146482847021,0.286400465476219,0.305399001648814,0.159609695686565,0.0503715762652548,0.280384839571932,0.414845394332852,0.427195084672514,0.154409628891239,0.0464753692358602,193.167949365661,196.468057557418,505,v7.4.6,gap_tied_weak_links_phase3_seed,/Users/asewaket/Documents/LTSpice Superconducting Circuit/matlab_v7_4_6_files/outputs/v7_4_6_as006_gap_weaklink_v800_phase3_seed_505/AS006_v7_4_6_gap_weaklink_scores.csv
AS006,crack_tunnel_a3_3_g0_4_p0_05,"tunnel/crack-like links, alpha=3.3, tau=0.4, p=0.05",tear_lane,crack_tunnel,conductance,3.3,1,0.4,0.05,0.969673202614379,0.4,0.0505446623093682,3.74786104313757e-07,3.48640336403029e-07,0.116470874441178,174.94787579783,0.214560774819112,0.288034263259647,0.312923242242209,0.152365715543382,0.0466967924828168,0.221856293473335,0.303164567750867,0.327382240014163,0.144353215718679,0.0527564599426723,240.222853210137,241.716071462769,505,v7.4.6,gap_tied_weak_links_phase3_seed,/Users/asewaket/Documents/LTSpice Superconducting Circuit/matlab_v7_4_6_files/outputs/v7_4_6_as006_gap_weaklink_v800_phase3_seed_505/AS006_v7_4_6_gap_weaklink_scores.csv
AS006,boundary_sns_a4_1_g0_7_p0_3,"SNS-like boundary constriction, alpha=4.1, tau=0.7, p=0.3",boundary_lane,boundary_constriction,conductance,4.1,0.999999999999997,0.7,0.3,0.905228758169932,0.7,0.315904139433551,7.06214405381844e-07,4.49243893709598e-07,0.122363863499411,167.060532445726,0.214610889409077,0.292318375821818,0.311608174399923,0.150785122791563,0.0469403625342473,0.23741796896434,0.342229147404847,0.359499507295347,0.133912370164206,0.0483460969447387,230.01439524171,221.928075215317,505,v7.4.6,gap_tied_weak_links_phase3_seed,/Users/asewaket/Documents/LTSpice Superconducting Circuit/matlab_v7_4_6_files/outputs/v7_4_6_as006_gap_weaklink_v800_phase3_seed_505/AS006_v7_4_6_gap_weaklink_scores.csv
AS006,boundary_sns_a3_3_g0_4_p0_1,"SNS-like boundary constriction, alpha=3.3, tau=0.4, p=0.1",boundary_lane,boundary_constriction,conductance,3.3,1,0.4,0.1,0.924183006535947,0.4,0.12636165577342,4.04577153970404e-07,3.6213597325906e-07,0.126348543004844,165.526440842035,0.214665251422789,0.288997450729626,0.312052957000817,0.152691508459541,0.047371746058463,0.243385466345685,0.350472280981662,0.370901344946938,0.135145778995691,0.0484454733450097,224.607360239807,217.376692086482,505,v7.4.6,gap_tied_weak_links_phase3_seed,/Users/asewaket/Documents/LTSpice Superconducting Circuit/matlab_v7_4_6_files/outputs/v7_4_6_as006_gap_weaklink_v800_phase3_seed_505/AS006_v7_4_6_gap_weaklink_scores.csv
AS006,contact_relaxed_a4_1_g0_1_p0_1,"contact-relaxed SNS links, alpha=4.1, tau=0.1, p=0.1",contact_relaxation,contact_relaxed,conductance,4.1,0.999999999999997,0.1,0.1,0.909803921568628,0.1,0.100217864923747,4.60130322665754e-08,5.11596027410184e-07,0.0456855910583609,144.585482332622,0.21478331235755,0.287278747569922,0.317742684742715,0.146097959272877,0.0479656668269817,0.200481526569155,0.245794860432837,0.276918166536109,0.180319849726936,0.0466061688160749,271.923831496166,267.399956628689,505,v7.4.6,gap_tied_weak_links_phase3_seed,/Users/asewaket/Documents/LTSpice Superconducting Circuit/matlab_v7_4_6_files/outputs/v7_4_6_as006_gap_weaklink_v800_phase3_seed_505/AS006_v7_4_6_gap_weaklink_scores.csv
AS006,crack_tunnel_a3_7_g0_4_p0_05,"tunnel/crack-like links, alpha=3.7, tau=0.4, p=0.05",tear_lane,crack_tunnel,conductance,3.7,0,0.4,0.05,0.969673202614379,0.4,0.0505446623093682,4.20214723018455e-07,3.90899771118548e-07,0.130588556191624,174.94787579783,0.214850341043078,0.290235826541408,0.312109568280129,0.152917501441643,0.0466772573817007,0.222594074122255,0.306575241019886,0.327679091669694,0.144197290891082,0.0527101055555716,239.110426798699,241.779708918911,505,v7.4.6,gap_tied_weak_links_phase3_seed,/Users/asewaket/Documents/LTSpice Superconducting Circuit/matlab_v7_4_6_files/outputs/v7_4_6_as006_gap_weaklink_v800_phase3_seed_505/AS006_v7_4_6_gap_weaklink_scores.csv
AS006,crack_tunnel_a4_1_g0_4_p0_05,"tunnel/crack-like links, alpha=4.1, tau=0.4, p=0.05",tear_lane,crack_tunnel,conductance,4.1,0.999999999999997,0.4,0.05,0.969673202614379,0.4,0.0505446623093682,4.65643341723153e-07,4.33159205834067e-07,0.14470623794207,174.94787579783,0.21493602388929,0.291066741996723,0.311070231915286,0.153688837775914,0.0471294243780836,0.223092186050623,0.308822673604369,0.327919236114168,0.144089214758207,0.0526680750011948,237.679813586713,241.999418578467,505,v7.4.6,gap_tied_weak_links_phase3_seed,/Users/asewaket/Documents/LTSpice Superconducting Circuit/matlab_v7_4_6_files/outputs/v7_4_6_as006_gap_weaklink_v800_phase3_seed_505/AS006_v7_4_6_gap_weaklink_scores.csv
AS006,contact_relaxed_a3_7_g0_1_p0_1,"contact-relaxed SNS links, alpha=3.7, tau=0.1, p=0.1",contact_relaxation,contact_relaxed,conductance,3.7,0,0.1,0.1,0.909803921568628,0.1,0.100217864923747,4.15239559478851e-08,4.61684219857971e-07,0.0412284602233989,144.585482332622,0.215091808862571,0.286221249267435,0.320815366042637,0.144263789051084,0.0474811681569504,0.199535319913787,0.241679231797421,0.276298240650138,0.180721611584376,0.0465734321533018,274.314182209076,269.013190060808,505,v7.4.6,gap_tied_weak_links_phase3_seed,/Users/asewaket/Documents/LTSpice Superconducting Circuit/matlab_v7_4_6_files/outputs/v7_4_6_as006_gap_weaklink_v800_phase3_seed_505/AS006_v7_4_6_gap_weaklink_scores.csv
AS006,contact_relaxed_a4_1_g0_05_p0_1,"contact-relaxed SNS links, alpha=4.1, tau=0.05, p=0.1",contact_relaxation,contact_relaxed,conductance,4.1,0.999999999999997,0.05,0.1,0.904793028322441,0.05,0.100217864923747,2.41557206938483e-08,5.37150895624839e-07,0.0456855910583609,137.706851063722,0.215136944631685,0.287972619567335,0.318197031576004,0.14643713388281,0.0478208809795712,0.197900185987096,0.234483974932621,0.264629392839524,0.196127973370771,0.0467555508202284,280.302604006499,274.726090404157,505,v7.4.6,gap_tied_weak_links_phase3_seed,/Users/asewaket/Documents/LTSpice Superconducting Circuit/matlab_v7_4_6_files/outputs/v7_4_6_as006_gap_weaklink_v800_phase3_seed_505/AS006_v7_4_6_gap_weaklink_scores.csv
AS006,contact_relaxed_a3_7_g0_05_p0_1,"contact-relaxed SNS links, alpha=3.7, tau=0.05, p=0.1",contact_relaxation,contact_relaxed,conductance,3.7,0,0.05,0.1,0.904793028322441,0.05,0.100217864923747,2.17990650163997e-08,4.84745930198026e-07,0.0412284602233989,137.706851063722,0.215243133969523,0.286149142153617,0.321068615334556,0.144788274809391,0.0472111073467862,0.197040779980518,0.230461923426166,0.264211947436006,0.196503680475344,0.0467414678692327,282.722333263716,276.044986653283,505,v7.4.6,gap_tied_weak_links_phase3_seed,/Users/asewaket/Documents/LTSpice Superconducting Circuit/matlab_v7_4_6_files/outputs/v7_4_6_as006_gap_weaklink_v800_phase3_seed_505/AS006_v7_4_6_gap_weaklink_scores.csv
AS006,contact_relaxed_a4_1_g0_2_p0_1,"contact-relaxed SNS links, alpha=4.1, tau=0.2, p=0.1",contact_relaxation,contact_relaxed,conductance,4.1,0.999999999999997,0.2,0.1,0.919825708061001,0.2,0.100217864923747,8.67761760570555e-08,4.82410577588527e-07,0.0456855910583609,153.33278708836,0.21537982814487,0.289747558773164,0.318339354573903,0.145927809131735,0.0476479500321874,0.208715462739989,0.272618862489272,0.301748691176917,0.157057026882744,0.0465769580476408,258.582765260619,254.117181403086,505,v7.4.6,gap_tied_weak_links_phase3_seed,/Users/asewaket/Documents/LTSpice Superconducting Circuit/matlab_v7_4_6_files/outputs/v7_4_6_as006_gap_weaklink_v800_phase3_seed_505/AS006_v7_4_6_gap_weaklink_scores.csv
AS006,combined_a4_1_g0_7_p0_2,"combined weak-link classes, alpha=4.1, tau=0.7, p=0.2",combined,boundary_constriction,conductance,4.1,0.999999999999997,0.7,0.2,0.939999999999999,0.7,0.2,7.41951300174229e-07,4.37273105757395e-07,0.136443251628799,174.487649736809,0.215412271461413,0.29357370904202,0.313685173635535,0.149918436984384,0.047140548172378,0.224652194081249,0.315863100227835,0.335106664448383,0.139131693531866,0.0470465904789056,240.896269732276,234.755690581983,505,v7.4.6,gap_tied_weak_links_phase3_seed,/Users/asewaket/Documents/LTSpice Superconducting Circuit/matlab_v7_4_6_files/outputs/v7_4_6_as006_gap_weaklink_v800_phase3_seed_505/AS006_v7_4_6_gap_weaklink_scores.csv
AS006,boundary_sns_a3_7_g0_4_p0_1,"SNS-like boundary constriction, alpha=3.7, tau=0.4, p=0.1",boundary_lane,boundary_constriction,conductance,3.7,0,0.4,0.1,0.924183006535947,0.4,0.12636165577342,4.53616808997119e-07,4.06031242745007e-07,0.141663517914522,165.526440842035,0.21545626229587,0.292200407127398,0.312800702538983,0.15229258951838,0.0473139380107586,0.244048095146572,0.353246753801078,0.371224204455421,0.135144939561394,0.0484201896830548,224.85715147967,217.559276807926,505,v7.4.6,gap_tied_weak_links_phase3_seed,/Users/asewaket/Documents/LTSpice Superconducting Circuit/matlab_v7_4_6_files/outputs/v7_4_6_as006_gap_weaklink_v800_phase3_seed_505/AS006_v7_4_6_gap_weaklink_scores.csv
AS006,combined_a4_1_g0_7_p0_3,"combined weak-link classes, alpha=4.1, tau=0.7, p=0.3",combined,boundary_constriction,conductance,4.1,0.999999999999997,0.7,0.3,0.909934640522874,0.7,0.300217864923747,6.42383814672535e-07,4.49071660657161e-07,0.114185017290151,167.060532445726,0.215499406560414,0.293955343687789,0.314603094443813,0.148562301659755,0.0472833967629125,0.224289833500669,0.315113008847785,0.334983247522087,0.138664520207663,0.0467848252323283,241.016553144535,235.671991736818,505,v7.4.6,gap_tied_weak_links_phase3_seed,/Users/asewaket/Documents/LTSpice Superconducting Circuit/matlab_v7_4_6_files/outputs/v7_4_6_as006_gap_weaklink_v800_phase3_seed_505/AS006_v7_4_6_gap_weaklink_scores.csv
AS006,boundary_sns_a4_1_g0_4_p0_1,"SNS-like boundary constriction, alpha=4.1, tau=0.4, p=0.1",boundary_lane,boundary_constriction,conductance,4.1,0.999999999999997,0.4,0.1,0.924183006535947,0.4,0.12636165577342,5.02656464023835e-07,4.49926512230953e-07,0.1569784928242,165.526440842035,0.215668714168657,0.29354561701877,0.312434841888354,0.152641611126199,0.0472349666121455,0.244556409717129,0.355351755548553,0.371471200036393,0.135154568732271,0.0484124820580661,224.661835875464,217.254740794969,505,v7.4.6,gap_tied_weak_links_phase3_seed,/Users/asewaket/Documents/LTSpice Superconducting Circuit/matlab_v7_4_6_files/outputs/v7_4_6_as006_gap_weaklink_v800_phase3_seed_505/AS006_v7_4_6_gap_weaklink_scores.csv
AS006,contact_relaxed_a3_3_g0_1_p0_1,"contact-relaxed SNS links, alpha=3.3, tau=0.1, p=0.1",contact_relaxation,contact_relaxed,conductance,3.3,1,0.1,0.1,0.909803921568628,0.1,0.100217864923747,3.70348796291948e-08,4.11772412305758e-07,0.0367713293884368,144.585482332622,0.215825559329409,0.285229100856722,0.325532184799328,0.141747597375749,0.0470328756718134,0.198220151515314,0.235982481008719,0.275495446915541,0.181179648989105,0.0465266832292765,277.754850566827,271.560732580283,505,v7.4.6,gap_tied_weak_links_phase3_seed,/Users/asewaket/Documents/LTSpice Superconducting Circuit/matlab_v7_4_6_files/outputs/v7_4_6_as006_gap_weaklink_v800_phase3_seed_505/AS006_v7_4_6_gap_weaklink_scores.csv
AS006,boundary_sns_a4_1_g0_7_p0_2,"SNS-like boundary constriction, alpha=4.1, tau=0.7, p=0.2",boundary_lane,boundary_constriction,conductance,4.1,0.999999999999997,0.7,0.2,0.933594771241829,0.7,0.221350762527233,7.55001186633492e-07,4.37526399615767e-07,0.14076774188,174.487649736809,0.215903606278335,0.29477028309391,0.313616063446796,0.151177909521885,0.0469472503635172,0.237216702144677,0.342055139207063,0.358828989401569,0.134643415003501,0.0477733713092002,230.685662901249,223.378967904145,505,v7.4.6,gap_tied_weak_links_phase3_seed,/Users/asewaket/Documents/LTSpice Superconducting Circuit/matlab_v7_4_6_files/outputs/v7_4_6_as006_gap_weaklink_v800_phase3_seed_505/AS006_v7_4_6_gap_weaklink_scores.csv
AS006,contact_relaxed_a3_3_g0_05_p0_1,"contact-relaxed SNS links, alpha=3.3, tau=0.05, p=0.1",contact_relaxation,contact_relaxed,conductance,3.3,1,0.05,0.1,0.904793028322441,0.05,0.100217864923747,1.94424093389511e-08,4.32340964771212e-07,0.0367713293884368,137.706851063722,0.215966894097709,0.284546674883831,0.326020087770985,0.142262183561155,0.0469249125540475,0.195813324965303,0.224754518625487,0.263654913062728,0.196946870063732,0.0467324207615872,286.189936837331,278.794554384185,505,v7.4.6,gap_tied_weak_links_phase3_seed,/Users/asewaket/Documents/LTSpice Superconducting Circuit/matlab_v7_4_6_files/outputs/v7_4_6_as006_gap_weaklink_v800_phase3_seed_505/AS006_v7_4_6_gap_weaklink_scores.csv
AS006,combined_a4_1_g0_7_p0_1,"combined weak-link classes, alpha=4.1, tau=0.7, p=0.1",combined,boundary_constriction,conductance,4.1,0.999999999999997,0.7,0.1,0.969934640522875,0.7,0.100217864923747,7.57088497419949e-07,4.27896886862924e-07,0.138690477380902,179.876066894172,0.216105717577029,0.295338283512736,0.31491184517059,0.149770695041487,0.0468812065220182,0.224111328906018,0.315000943342259,0.333783382983219,0.140005039146949,0.0464284820335142,241.312962932152,236.645707266501,505,v7.4.6,gap_tied_weak_links_phase3_seed,/Users/asewaket/Documents/LTSpice Superconducting Circuit/matlab_v7_4_6_files/outputs/v7_4_6_as006_gap_weaklink_v800_phase3_seed_505/AS006_v7_4_6_gap_weaklink_scores.csv
AS006,contact_relaxed_a3_7_g0_2_p0_1,"contact-relaxed SNS links, alpha=3.7, tau=0.2, p=0.1",contact_relaxation,contact_relaxed,conductance,3.7,0,0.2,0.1,0.919825708061001,0.2,0.100217864923747,7.83102076612452e-08,4.35346130994525e-07,0.0412284602233989,153.33278708836,0.216278325358805,0.290356316101842,0.322477404653577,0.143474348688782,0.0473569166874443,0.207753954469882,0.268599286228287,0.301193003632518,0.15722727618737,0.0465486345300016,261.228938175717,256.252196849396,505,v7.4.6,gap_tied_weak_links_phase3_seed,/Users/asewaket/Documents/LTSpice Superconducting Circuit/matlab_v7_4_6_files/outputs/v7_4_6_as006_gap_weaklink_v800_phase3_seed_505/AS006_v7_4_6_gap_weaklink_scores.csv
AS006,boundary_sns_a4_1_g0_05_p0_05,"SNS-like boundary constriction, alpha=4.1, tau=0.05, p=0.05",boundary_lane,boundary_constriction,conductance,4.1,0.999999999999997,0.05,0.05,0.939978213507626,0.05,0.0631808278867102,6.82996320805645e-08,4.51560975684746e-07,0.164071961191012,161.440616746891,0.216341834675717,0.295472463819544,0.31369725492036,0.152646194311372,0.0464587705591982,0.257451071139584,0.378383062255717,0.392835020233562,0.139245512830895,0.0473541169948509,216.501657512275,208.160251517979,505,v7.4.6,gap_tied_weak_links_phase3_seed,/Users/asewaket/Documents/LTSpice Superconducting Circuit/matlab_v7_4_6_files/outputs/v7_4_6_as006_gap_weaklink_v800_phase3_seed_505/AS006_v7_4_6_gap_weaklink_scores.csv
AS006,boundary_sns_a3_7_g0_7_p0_3,"SNS-like boundary constriction, alpha=3.7, tau=0.7, p=0.3",boundary_lane,boundary_constriction,conductance,3.7,0,0.7,0.3,0.905228758169932,0.7,0.315904139433551,6.37315439003128e-07,4.05415221152564e-07,0.110425925597029,167.060532445726,0.216367113537448,0.296114898095987,0.316888106584312,0.147372716821709,0.0469505870415715,0.23690026074733,0.340058023160838,0.359260767138819,0.13391160312847,0.048347434172291,232.515104059331,224.359418552953,505,v7.4.6,gap_tied_weak_links_phase3_seed,/Users/asewaket/Documents/LTSpice Superconducting Circuit/matlab_v7_4_6_files/outputs/v7_4_6_as006_gap_weaklink_v800_phase3_seed_505/AS006_v7_4_6_gap_weaklink_scores.csv
AS006,boundary_sns_a4_1_g0_1_p0_05,"SNS-like boundary constriction, alpha=4.1, tau=0.1, p=0.05",boundary_lane,boundary_constriction,conductance,4.1,0.999999999999997,0.1,0.05,0.943137254901961,0.1,0.0631808278867102,1.34562986896061e-07,4.44829582552978e-07,0.164071961191012,163.883620318105,0.216666821735329,0.296571039080059,0.314740771453424,0.151683986617973,0.0463617362806292,0.254739086886568,0.373393017354145,0.388169820051998,0.138039968524582,0.0484552713319729,219.448057150663,210.110063387969,505,v7.4.6,gap_tied_weak_links_phase3_seed,/Users/asewaket/Documents/LTSpice Superconducting Circuit/matlab_v7_4_6_files/outputs/v7_4_6_as006_gap_weaklink_v800_phase3_seed_505/AS006_v7_4_6_gap_weaklink_scores.csv
AS006,combined_a3_7_g0_7_p0_2,"combined weak-link classes, alpha=3.7, tau=0.7, p=0.2",combined,boundary_constriction,conductance,3.7,0,0.7,0.2,0.939999999999999,0.7,0.2,6.69565807474304e-07,3.94612314951796e-07,0.123131714884526,174.487649736809,0.216749945600895,0.296151248078466,0.318015522141355,0.147158211016506,0.0471235524080035,0.224108121391686,0.313582281084153,0.334843556320213,0.139155588695776,0.0470376164441833,243.101181780825,236.876916681313,505,v7.4.6,gap_tied_weak_links_phase3_seed,/Users/asewaket/Documents/LTSpice Superconducting Circuit/matlab_v7_4_6_files/outputs/v7_4_6_as006_gap_weaklink_v800_phase3_seed_505/AS006_v7_4_6_gap_weaklink_scores.csv
AS006,combined_a3_7_g0_7_p0_3,"combined weak-link classes, alpha=3.7, tau=0.7, p=0.3",combined,boundary_constriction,conductance,3.7,0,0.7,0.3,0.909934640522874,0.7,0.300217864923747,5.79712222997166e-07,4.05259791324755e-07,0.103045015603307,167.060532445726,0.217032378064237,0.296843435942961,0.319399599173956,0.145663429996053,0.0472898683287328,0.223712245768103,0.312676673708653,0.334716899477278,0.138685492490914,0.0467731154329825,243.416098764048,238.028949894864,505,v7.4.6,gap_tied_weak_links_phase3_seed,/Users/asewaket/Documents/LTSpice Superconducting Circuit/matlab_v7_4_6_files/outputs/v7_4_6_as006_gap_weaklink_v800_phase3_seed_505/AS006_v7_4_6_gap_weaklink_scores.csv
AS006,crack_tunnel_a4_1_g0_7_p0_2,"tunnel/crack-like links, alpha=4.1, tau=0.7, p=0.2",tear_lane,crack_tunnel,conductance,4.1,0.999999999999997,0.7,0.2,0.93986928104575,0.7,0.200435729847495,6.06155201043023e-07,4.27523201947906e-07,0.110738164890159,174.487649736809,0.217089402749583,0.298379355113886,0.318274322248868,0.146171406488269,0.0473733365881729,0.217108014962836,0.298992503365702,0.318815350153981,0.145770743402614,0.046407279425745,249.048841950173,246.423188030987,505,v7.4.6,gap_tied_weak_links_phase3_seed,/Users/asewaket/Documents/LTSpice Superconducting Circuit/matlab_v7_4_6_files/outputs/v7_4_6_as006_gap_weaklink_v800_phase3_seed_505/AS006_v7_4_6_gap_weaklink_scores.csv
AS006,boundary_sns_a3_7_g0_05_p0_05,"SNS-like boundary constriction, alpha=3.7, tau=0.05, p=0.05",boundary_lane,boundary_constriction,conductance,3.7,0,0.05,0.05,0.939978213507626,0.05,0.0631808278867102,6.16362533409973e-08,4.07506246349649e-07,0.148064940587011,161.440616746891,0.217125818418159,0.296788190036199,0.316573736109099,0.150663483404528,0.0465075096080117,0.256912155616444,0.37622773384301,0.39258583856405,0.139203923037955,0.0473029229546809,217.318174302533,209.967912611974,505,v7.4.6,gap_tied_weak_links_phase3_seed,/Users/asewaket/Documents/LTSpice Superconducting Circuit/matlab_v7_4_6_files/outputs/v7_4_6_as006_gap_weaklink_v800_phase3_seed_505/AS006_v7_4_6_gap_weaklink_scores.csv
AS006,contact_relaxed_a3_3_g0_2_p0_1,"contact-relaxed SNS links, alpha=3.3, tau=0.2, p=0.1",contact_relaxation,contact_relaxed,conductance,3.3,1,0.2,0.1,0.919825708061001,0.2,0.100217864923747,6.98442392654349e-08,3.88281684400522e-07,0.0367713293884368,153.33278708836,0.217321472506052,0.29044733461713,0.327352620489261,0.140888203794091,0.0471826873143097,0.206453492314922,0.263198943152844,0.300429483823572,0.15744097207003,0.0465157066429788,264.295136247296,258.960243902434,505,v7.4.6,gap_tied_weak_links_phase3_seed,/Users/asewaket/Documents/LTSpice Superconducting Circuit/matlab_v7_4_6_files/outputs/v7_4_6_as006_gap_weaklink_v800_phase3_seed_505/AS006_v7_4_6_gap_weaklink_scores.csv
AS006,crack_tunnel_a4_1_g0_7_p0_3,"tunnel/crack-like links, alpha=4.1, tau=0.7, p=0.3",tear_lane,crack_tunnel,conductance,4.1,0.999999999999997,0.7,0.3,0.909934640522874,0.7,0.300217864923747,5.79746075326096e-07,4.37946301248354e-07,0.099362160781788,167.060532445726,0.217324747913855,0.299643868208949,0.319283150905489,0.144528883068627,0.0475732534399345,0.215735117299248,0.29631592203204,0.315970539936308,0.14631017324747,0.0465235030163256,250.617692312106,248.609498938489,505,v7.4.6,gap_tied_weak_links_phase3_seed,/Users/asewaket/Documents/LTSpice Superconducting Circuit/matlab_v7_4_6_files/outputs/v7_4_6_as006_gap_weaklink_v800_phase3_seed_505/AS006_v7_4_6_gap_weaklink_scores.csv
AS006,contact_relaxed_a4_1_g0_4_p0_1,"contact-relaxed SNS links, alpha=4.1, tau=0.4, p=0.1",contact_relaxation,contact_relaxed,conductance,4.1,0.999999999999997,0.4,0.1,0.939869281045751,0.4,0.100217864923747,1.60767462406763e-07,4.4964607506047e-07,0.0456855910583609,165.526440842035,0.217324917284501,0.296890173125667,0.320418225664781,0.145452635798807,0.0471867236349604,0.222021608068018,0.308294664606352,0.33138496352242,0.140168216656124,0.0466794187493483,245.395622281468,240.108009630808,505,v7.4.6,gap_tied_weak_links_phase3_seed,/Users/asewaket/Documents/LTSpice Superconducting Circuit/matlab_v7_4_6_files/outputs/v7_4_6_as006_gap_weaklink_v800_phase3_seed_505/AS006_v7_4_6_gap_weaklink_scores.csv
AS006,combined_a4_1_g0_7_p0_05,"combined weak-link classes, alpha=4.1, tau=0.7, p=0.05",combined,boundary_constriction,conductance,4.1,0.999999999999997,0.7,0.05,0.984967320261438,0.7,0.0501089324618736,8.10783003041625e-07,4.20492367059878e-07,0.144943868023784,184.106149133649,0.217349398776428,0.298367117813678,0.317489089093433,0.148668642071226,0.0469381675659208,0.224809192292742,0.316522606481285,0.334915326399511,0.139931437066942,0.0465072374496025,241.193982796887,238.093055700756,505,v7.4.6,gap_tied_weak_links_phase3_seed,/Users/asewaket/Documents/LTSpice Superconducting Circuit/matlab_v7_4_6_files/outputs/v7_4_6_as006_gap_weaklink_v800_phase3_seed_505/AS006_v7_4_6_gap_weaklink_scores.csv
AS006,combined_a3_3_g0_7_p0_2,"combined weak-link classes, alpha=3.3, tau=0.7, p=0.2",combined,boundary_constriction,conductance,3.3,1,0.7,0.2,0.939999999999999,0.7,0.2,5.9718031477438e-07,3.51951524146196e-07,0.109820178140253,174.487649736809,0.217372408415149,0.296226194123368,0.320979680823649,0.145375329927691,0.0472022441013802,0.223316535189901,0.31018846521686,0.3344923596912,0.139198543448461,0.0470344019624711,244.618952641445,238.48507911462,505,v7.4.6,gap_tied_weak_links_phase3_seed,/Users/asewaket/Documents/LTSpice Superconducting Circuit/matlab_v7_4_6_files/outputs/v7_4_6_as006_gap_weaklink_v800_phase3_seed_505/AS006_v7_4_6_gap_weaklink_scores.csv
AS006,combined_a3_7_g0_7_p0_1,"combined weak-link classes, alpha=3.7, tau=0.7, p=0.1",combined,boundary_constriction,conductance,3.7,0,0.7,0.1,0.969934640522875,0.7,0.100217864923747,6.83226204988735e-07,3.86150849120199e-07,0.125159699099838,179.876066894172,0.217377536458706,0.297762524893587,0.319003143712821,0.147185097113651,0.0468882845104445,0.223598768868287,0.31283740411391,0.333539873325077,0.140035492978886,0.0464172956850326,243.380587686925,238.687884272146,505,v7.4.6,gap_tied_weak_links_phase3_seed,/Users/asewaket/Documents/LTSpice Superconducting Circuit/matlab_v7_4_6_files/outputs/v7_4_6_as006_gap_weaklink_v800_phase3_seed_505/AS006_v7_4_6_gap_weaklink_scores.csv
AS006,boundary_sns_a3_3_g0_05_p0_05,"SNS-like boundary constriction, alpha=3.3, tau=0.05, p=0.05",boundary_lane,boundary_constriction,conductance,3.3,1,0.05,0.05,0.939978213507626,0.05,0.0631808278867102,5.497287460143e-08,3.63451517014552e-07,0.13205791998301,161.440616746891,0.217449899583734,0.29606425829194,0.318004951698239,0.149740832184142,0.0475005339246348,0.256257708609855,0.373594371751387,0.392261858599446,0.139156984193579,0.0472896885068827,217.029363434986,211.69257392232,505,v7.4.6,gap_tied_weak_links_phase3_seed,/Users/asewaket/Documents/LTSpice Superconducting Circuit/matlab_v7_4_6_files/outputs/v7_4_6_as006_gap_weaklink_v800_phase3_seed_505/AS006_v7_4_6_gap_weaklink_scores.csv
AS006,boundary_sns_a3_3_g0_7_p0_3,"SNS-like boundary constriction, alpha=3.3, tau=0.7, p=0.3",boundary_lane,boundary_constriction,conductance,3.3,1,0.7,0.3,0.905228758169932,0.7,0.315904139433551,5.68416472624411e-07,3.6158654859553e-07,0.0984879876946479,167.060532445726,0.217478161863521,0.297633381158538,0.320769470385522,0.145084323448583,0.0470554506736734,0.236204240315294,0.337111174238135,0.358944313974671,0.133925105700319,0.0483510957572631,234.319084320209,226.306112273653,505,v7.4.6,gap_tied_weak_links_phase3_seed,/Users/asewaket/Documents/LTSpice Superconducting Circuit/matlab_v7_4_6_files/outputs/v7_4_6_as006_gap_weaklink_v800_phase3_seed_505/AS006_v7_4_6_gap_weaklink_scores.csv
AS006,boundary_sns_a3_7_g0_7_p0_2,"SNS-like boundary constriction, alpha=3.7, tau=0.7, p=0.2",boundary_lane,boundary_constriction,conductance,3.7,0,0.7,0.2,0.933594771241829,0.7,0.221350762527233,6.81342534279005e-07,3.94840897214229e-07,0.127034303647805,174.487649736809,0.217496282360711,0.298143698741193,0.318477600063507,0.148040376154635,0.0469514427579324,0.236707070216593,0.33990142076229,0.358600753080696,0.134648211813688,0.0477723476623464,233.013981378826,225.644115171304,505,v7.4.6,gap_tied_weak_links_phase3_seed,/Users/asewaket/Documents/LTSpice Superconducting Circuit/matlab_v7_4_6_files/outputs/v7_4_6_as006_gap_weaklink_v800_phase3_seed_505/AS006_v7_4_6_gap_weaklink_scores.csv
AS006,boundary_sns_a3_7_g0_1_p0_05,"SNS-like boundary constriction, alpha=3.7, tau=0.1, p=0.05",boundary_lane,boundary_constriction,conductance,3.7,0,0.1,0.05,0.943137254901961,0.1,0.0631808278867102,1.21434890613518e-07,4.01431574499029e-07,0.148064940587011,163.883620318105,0.217499858028251,0.297899276663088,0.317626900405689,0.149770420024626,0.0465399127374262,0.254229097234439,0.371280142653621,0.387940933896367,0.138013661547731,0.0484516322652667,220.414406401091,211.777003280579,505,v7.4.6,gap_tied_weak_links_phase3_seed,/Users/asewaket/Documents/LTSpice Superconducting Circuit/matlab_v7_4_6_files/outputs/v7_4_6_as006_gap_weaklink_v800_phase3_seed_505/AS006_v7_4_6_gap_weaklink_scores.csv
AS006,boundary_sns_a4_1_g0_2_p0_05,"SNS-like boundary constriction, alpha=4.1, tau=0.2, p=0.05",boundary_lane,boundary_constriction,conductance,4.1,0.999999999999997,0.2,0.05,0.949455337690632,0.2,0.0631808278867102,2.62560401221521e-07,4.34124657569494e-07,0.164071961191012,167.981686124393,0.217546056897898,0.298900088621743,0.317006468241538,0.149936144823849,0.0466486954152431,0.24982622318562,0.364999454484732,0.380319970933395,0.136251090052506,0.0482578497442939,223.276553856801,214.957881603356,505,v7.4.6,gap_tied_weak_links_phase3_seed,/Users/asewaket/Documents/LTSpice Superconducting Circuit/matlab_v7_4_6_files/outputs/v7_4_6_as006_gap_weaklink_v800_phase3_seed_505/AS006_v7_4_6_gap_weaklink_scores.csv
AS006,crack_tunnel_a4_1_g0_7_p0_1,"tunnel/crack-like links, alpha=4.1, tau=0.7, p=0.1",tear_lane,crack_tunnel,conductance,4.1,0.999999999999997,0.7,0.1,0.969934640522875,0.7,0.100217864923747,7.09305588176584e-07,4.24750711541155e-07,0.131405449371714,179.876066894172,0.217564919755605,0.298918678296093,0.318174472144977,0.14783467137978,0.0473072550034989,0.223926123204997,0.314487021598402,0.333132404495044,0.140284594715654,0.0468061431656907,241.476520963063,240.14010587555,505,v7.4.6,gap_tied_weak_links_phase3_seed,/Users/asewaket/Documents/LTSpice Superconducting Circuit/matlab_v7_4_6_files/outputs/v7_4_6_as006_gap_weaklink_v800_phase3_seed_505/AS006_v7_4_6_gap_weaklink_scores.csv
AS006,boundary_sns_a3_3_g0_1_p0_05,"SNS-like boundary constriction, alpha=3.3, tau=0.1, p=0.05",boundary_lane,boundary_constriction,conductance,3.3,1,0.1,0.05,0.943137254901961,0.1,0.0631808278867102,1.08306794330976e-07,3.5803356644508e-07,0.13205791998301,163.883620318105,0.217621032537147,0.296737618628511,0.318668766327153,0.149113603866956,0.0473051981510126,0.253597548245993,0.368654998100908,0.38764372033863,0.137983418040945,0.0484769599852728,220.265599482382,213.012429761657,505,v7.4.6,gap_tied_weak_links_phase3_seed,/Users/asewaket/Documents/LTSpice Superconducting Circuit/matlab_v7_4_6_files/outputs/v7_4_6_as006_gap_weaklink_v800_phase3_seed_505/AS006_v7_4_6_gap_weaklink_scores.csv
AS006,combined_a3_3_g0_7_p0_3,"combined weak-link classes, alpha=3.3, tau=0.7, p=0.3",combined,boundary_constriction,conductance,3.3,1,0.7,0.3,0.909934640522874,0.7,0.300217864923747,5.17040631321796e-07,3.61447921992349e-07,0.0919050139164634,167.060532445726,0.217696628937411,0.296786694107936,0.322572268638537,0.143864863085639,0.0473639016046307,0.222845156996177,0.308943377421863,0.334355198204314,0.138718149330371,0.0467631240385064,245.041463720188,239.733038753392,505,v7.4.6,gap_tied_weak_links_phase3_seed,/Users/asewaket/Documents/LTSpice Superconducting Circuit/matlab_v7_4_6_files/outputs/v7_4_6_as006_gap_weaklink_v800_phase3_seed_505/AS006_v7_4_6_gap_weaklink_scores.csv
AS006,combined_a3_3_g0_7_p0_1,"combined weak-link classes, alpha=3.3, tau=0.7, p=0.1",combined,boundary_constriction,conductance,3.3,1,0.7,0.1,0.969934640522875,0.7,0.100217864923747,6.0936391255752e-07,3.44404811377475e-07,0.111628920818775,179.876066894172,0.217855694744805,0.297505010856931,0.321622184339892,0.145615634995663,0.0469150965277027,0.222834447327272,0.30950473927247,0.333224260079217,0.140091595778447,0.0464105475022041,244.763432293795,240.0915086765,505,v7.4.6,gap_tied_weak_links_phase3_seed,/Users/asewaket/Documents/LTSpice Superconducting Circuit/matlab_v7_4_6_files/outputs/v7_4_6_as006_gap_weaklink_v800_phase3_seed_505/AS006_v7_4_6_gap_weaklink_scores.csv
AS006,crack_tunnel_a3_3_g0_7_p0_2,"tunnel/crack-like links, alpha=3.3, tau=0.7, p=0.2",tear_lane,crack_tunnel,conductance,3.3,1,0.7,0.2,0.93986928104575,0.7,0.200435729847495,4.87881015473653e-07,3.44104040592217e-07,0.0891307180823231,174.487649736809,0.218087109528059,0.298501520847945,0.323372171853702,0.14316346625413,0.0470783932307123,0.21573253676211,0.293187856470793,0.318115979805026,0.145925609654212,0.0463648506131961,252.176437381071,248.986709762461,505,v7.4.6,gap_tied_weak_links_phase3_seed,/Users/asewaket/Documents/LTSpice Superconducting Circuit/matlab_v7_4_6_files/outputs/v7_4_6_as006_gap_weaklink_v800_phase3_seed_505/AS006_v7_4_6_gap_weaklink_scores.csv
AS006,crack_tunnel_a3_7_g0_7_p0_2,"tunnel/crack-like links, alpha=3.7, tau=0.7, p=0.2",tear_lane,crack_tunnel,conductance,3.7,0,0.7,0.2,0.93986928104575,0.7,0.200435729847495,5.47018108258338e-07,3.85813621270061e-07,0.0999344414862411,174.487649736809,0.218131234740721,0.300140710842475,0.32182109495194,0.144098403533666,0.0472055422781545,0.216573716976102,0.296803677709169,0.318510623864554,0.145830220235042,0.0463835401145686,251.087679400795,248.153406297753,505,v7.4.6,gap_tied_weak_links_phase3_seed,/Users/asewaket/Documents/LTSpice Superconducting Circuit/matlab_v7_4_6_files/outputs/v7_4_6_as006_gap_weaklink_v800_phase3_seed_505/AS006_v7_4_6_gap_weaklink_scores.csv
AS006,contact_relaxed_a4_1_g0_7_p0_2,"contact-relaxed SNS links, alpha=4.1, tau=0.7, p=0.2",contact_relaxation,contact_relaxed,conductance,4.1,0.999999999999997,0.7,0.2,0.939999999999999,0.7,0.2,2.9779523135289e-07,4.28006529739877e-07,0.0498275312738886,174.487649736809,0.218282912157032,0.300929749356882,0.321068601520353,0.145374974973135,0.0468960400512423,0.221274212974336,0.307831395217449,0.327776823881493,0.14210000661294,0.0473052195954429,248.475384016274,241.13257261238,505,v7.4.6,gap_tied_weak_links_phase3_seed,/Users/asewaket/Documents/LTSpice Superconducting Circuit/matlab_v7_4_6_files/outputs/v7_4_6_as006_gap_weaklink_v800_phase3_seed_505/AS006_v7_4_6_gap_weaklink_scores.csv
AS006,boundary_sns_a3_3_g0_2_p0_05,"SNS-like boundary constriction, alpha=3.3, tau=0.2, p=0.05",boundary_lane,boundary_constriction,conductance,3.3,1,0.2,0.05,0.949455337690632,0.2,0.0631808278867102,2.113291034222e-07,3.49417407312032e-07,0.13205791998301,167.981686124393,0.218344756854486,0.298662962501442,0.320564422679989,0.147726045322925,0.0474155254273509,0.248689744080425,0.360255946183811,0.379791131557412,0.13622628707877,0.0482754351443835,224.354034410723,217.355006136051,505,v7.4.6,gap_tied_weak_links_phase3_seed,/Users/asewaket/Documents/LTSpice Superconducting Circuit/matlab_v7_4_6_files/outputs/v7_4_6_as006_gap_weaklink_v800_phase3_seed_505/AS006_v7_4_6_gap_weaklink_scores.csv
AS006,boundary_sns_a3_3_g0_7_p0_2,"SNS-like boundary constriction, alpha=3.3, tau=0.7, p=0.2",boundary_lane,boundary_constriction,conductance,3.3,1,0.7,0.2,0.933594771241829,0.7,0.221350762527233,6.07683881924518e-07,3.5215539481269e-07,0.11330086541561,174.487649736809,0.218442607387675,0.299260429157195,0.321959120310328,0.145975776007136,0.0470544272291866,0.236021812152168,0.336967783973557,0.358298690862194,0.134669786316422,0.0477813348829157,234.657358128928,227.411658442156,505,v7.4.6,gap_tied_weak_links_phase3_seed,/Users/asewaket/Documents/LTSpice Superconducting Circuit/matlab_v7_4_6_files/outputs/v7_4_6_as006_gap_weaklink_v800_phase3_seed_505/AS006_v7_4_6_gap_weaklink_scores.csv
AS006,boundary_sns_a4_1_g0_7_p0_1,"SNS-like boundary constriction, alpha=4.1, tau=0.7, p=0.1",boundary_lane,boundary_constriction,conductance,4.1,0.999999999999997,0.7,0.1,0.962091503267973,0.7,0.12636165577342,8.09474765388626e-07,4.29091765091049e-07,0.1569784928242,179.876066894172,0.218460812998945,0.301410977831169,0.319793149699802,0.147332949029623,0.0470888889018748,0.23552014267001,0.338803169632149,0.355773012163348,0.13490162802263,0.0475677374037556,234.65038555876,227.73740011238,505,v7.4.6,gap_tied_weak_links_phase3_seed,/Users/asewaket/Documents/LTSpice Superconducting Circuit/matlab_v7_4_6_files/outputs/v7_4_6_as006_gap_weaklink_v800_phase3_seed_505/AS006_v7_4_6_gap_weaklink_scores.csv
AS006,boundary_sns_a3_7_g0_2_p0_05,"SNS-like boundary constriction, alpha=3.7, tau=0.2, p=0.05",boundary_lane,boundary_constriction,conductance,3.7,0,0.2,0.05,0.949455337690632,0.2,0.0631808278867102,2.36944752321861e-07,3.91771032440763e-07,0.148064940587011,167.981686124393,0.218485621437734,0.300371405685906,0.320025394996332,0.148058740918829,0.0469388341106452,0.249323567323551,0.362908904932864,0.380089535449994,0.136236446129735,0.0482566869852319,224.380689210673,216.649770385261,505,v7.4.6,gap_tied_weak_links_phase3_seed,/Users/asewaket/Documents/LTSpice Superconducting Circuit/matlab_v7_4_6_files/outputs/v7_4_6_as006_gap_weaklink_v800_phase3_seed_505/AS006_v7_4_6_gap_weaklink_scores.csv
AS006,crack_tunnel_a3_3_g0_7_p0_3,"tunnel/crack-like links, alpha=3.3, tau=0.7, p=0.3",tear_lane,crack_tunnel,conductance,3.3,1,0.7,0.3,0.909934640522874,0.7,0.300217864923747,4.66624889896614e-07,3.52493364419407e-07,0.0799744220926586,167.060532445726,0.21850794886213,0.300064775330128,0.324719756444706,0.141359966003969,0.0475154376973262,0.214250789190307,0.290355005949298,0.315092043506343,0.146417694418681,0.0464657458427823,253.78108206241,251.678292232714,505,v7.4.6,gap_tied_weak_links_phase3_seed,/Users/asewaket/Documents/LTSpice Superconducting Circuit/matlab_v7_4_6_files/outputs/v7_4_6_as006_gap_weaklink_v800_phase3_seed_505/AS006_v7_4_6_gap_weaklink_scores.csv
AS006,crack_tunnel_a3_7_g0_7_p0_3,"tunnel/crack-like links, alpha=3.7, tau=0.7, p=0.3",tear_lane,crack_tunnel,conductance,3.7,0,0.7,0.3,0.909934640522874,0.7,0.300217864923747,5.23185482611355e-07,3.95219832833881e-07,0.0896682914372233,167.060532445726,0.218520311389804,0.301688051416475,0.323103621026723,0.142353885166085,0.0475398122781731,0.215158767518552,0.294087917778112,0.315582798390138,0.146348848672668,0.0464999617910717,252.71639958364,250.646610004486,505,v7.4.6,gap_tied_weak_links_phase3_seed,/Users/asewaket/Documents/LTSpice Superconducting Circuit/matlab_v7_4_6_files/outputs/v7_4_6_as006_gap_weaklink_v800_phase3_seed_505/AS006_v7_4_6_gap_weaklink_scores.csv
AS006,crack_tunnel_a3_7_g0_7_p0_1,"tunnel/crack-like links, alpha=3.7, tau=0.7, p=0.1",tear_lane,crack_tunnel,conductance,3.7,0,0.7,0.1,0.969934640522875,0.7,0.100217864923747,6.40105042988625e-07,3.83311617732262e-07,0.118585405530571,179.876066894172,0.218592267015613,0.300749836350003,0.321709313582794,0.145726882543195,0.047061596779181,0.223420633117482,0.312329381386534,0.3328800407088,0.140338631795582,0.0468104232159976,243.534791366644,241.693680192726,505,v7.4.6,gap_tied_weak_links_phase3_seed,/Users/asewaket/Documents/LTSpice Superconducting Circuit/matlab_v7_4_6_files/outputs/v7_4_6_as006_gap_weaklink_v800_phase3_seed_505/AS006_v7_4_6_gap_weaklink_scores.csv
AS006,contact_relaxed_a4_1_g0_1_p0_05,"contact-relaxed SNS links, alpha=4.1, tau=0.1, p=0.05",contact_relaxation,contact_relaxed,conductance,4.1,0.999999999999997,0.1,0.05,0.954509803921569,0.1,0.0505446623093682,3.78928861019227e-08,4.64052069551556e-07,0.0427991336444884,163.883620318105,0.218684265112134,0.301201587427238,0.323238803668539,0.143361807931624,0.0473495717989562,0.218732333687781,0.301434745034038,0.323460788525044,0.143229768224802,0.0471333332050348,251.034745767664,244.804080787946,505,v7.4.6,gap_tied_weak_links_phase3_seed,/Users/asewaket/Documents/LTSpice Superconducting Circuit/matlab_v7_4_6_files/outputs/v7_4_6_as006_gap_weaklink_v800_phase3_seed_505/AS006_v7_4_6_gap_weaklink_scores.csv
AS006,crack_tunnel_a3_3_g0_7_p0_1,"tunnel/crack-like links, alpha=3.3, tau=0.7, p=0.1",tear_lane,crack_tunnel,conductance,3.3,1,0.7,0.1,0.969934640522875,0.7,0.100217864923747,5.70904497800665e-07,3.41872523923369e-07,0.105765361689428,179.876066894172,0.218706991511812,0.29973263249232,0.323525636529267,0.144673070990252,0.0467911224027044,0.222680104900205,0.309069042792743,0.332558059563649,0.140429126708872,0.0468184690858088,244.909578014903,242.363742371552,505,v7.4.6,gap_tied_weak_links_phase3_seed,/Users/asewaket/Documents/LTSpice Superconducting Circuit/matlab_v7_4_6_files/outputs/v7_4_6_as006_gap_weaklink_v800_phase3_seed_505/AS006_v7_4_6_gap_weaklink_scores.csv
AS006,boundary_sns_a4_1_g0_4_p0_05,"SNS-like boundary constriction, alpha=4.1, tau=0.4, p=0.05",boundary_lane,boundary_constriction,conductance,4.1,0.999999999999997,0.4,0.05,0.962091503267973,0.4,0.0631808278867102,5.04211196684165e-07,4.34832026385544e-07,0.164071961191012,174.94787579783,0.218873527260588,0.302366966408502,0.320404893356823,0.147477050103353,0.0469457938908062,0.242866660723095,0.35272909719363,0.368804656987045,0.134742542734208,0.0477678782767555,229.291630228127,221.996025695072,505,v7.4.6,gap_tied_weak_links_phase3_seed,/Users/asewaket/Documents/LTSpice Superconducting Circuit/matlab_v7_4_6_files/outputs/v7_4_6_as006_gap_weaklink_v800_phase3_seed_505/AS006_v7_4_6_gap_weaklink_scores.csv
AS006,crack_tunnel_a4_1_g0_7_p0_05,"tunnel/crack-like links, alpha=4.1, tau=0.7, p=0.05",tear_lane,crack_tunnel,conductance,4.1,0.999999999999997,0.7,0.05,0.984836601307189,0.7,0.0505446623093682,7.74340234262246e-07,4.20492367059878e-07,0.14470623794207,184.106149133649,0.218882177723579,0.302335234327492,0.321051951617431,0.146591554096511,0.0469952963392579,0.226347166217206,0.319828132761352,0.337887315261978,0.138856452726933,0.0470343307075532,240.675896264133,239.180324763292,505,v7.4.6,gap_tied_weak_links_phase3_seed,/Users/asewaket/Documents/LTSpice Superconducting Circuit/matlab_v7_4_6_files/outputs/v7_4_6_as006_gap_weaklink_v800_phase3_seed_505/AS006_v7_4_6_gap_weaklink_scores.csv
AS006,contact_relaxed_a4_1_g0_2_p0_05,"contact-relaxed SNS links, alpha=4.1, tau=0.2, p=0.05",contact_relaxation,contact_relaxed,conductance,4.1,0.999999999999997,0.2,0.05,0.959564270152505,0.2,0.0505446623093682,7.39369094567378e-08,4.52731097828733e-07,0.0427991336444884,167.981686124393,0.218981639207742,0.30176393424374,0.323932482105829,0.143200649786735,0.0472616058763519,0.22461657033178,0.314728960815659,0.336470849495987,0.137904817956123,0.047148881780111,245.162607165759,238.918086108648,505,v7.4.6,gap_tied_weak_links_phase3_seed,/Users/asewaket/Documents/LTSpice Superconducting Circuit/matlab_v7_4_6_files/outputs/v7_4_6_as006_gap_weaklink_v800_phase3_seed_505/AS006_v7_4_6_gap_weaklink_scores.csv
AS006,contact_relaxed_a4_1_g0_05_p0_05,"contact-relaxed SNS links, alpha=4.1, tau=0.05, p=0.05",contact_relaxation,contact_relaxed,conductance,4.1,0.999999999999997,0.05,0.05,0.9519825708061,0.05,0.0505446623093682,1.92331505039431e-08,4.71074347377223e-07,0.0427991336444884,161.440616746891,0.218985034503545,0.302184865036098,0.323577557285037,0.143383881735738,0.047249730063141,0.215332092099269,0.293311515136899,0.31489472370104,0.14820719992453,0.0470241789769621,255.456634773011,249.128938501294,505,v7.4.6,gap_tied_weak_links_phase3_seed,/Users/asewaket/Documents/LTSpice Superconducting Circuit/matlab_v7_4_6_files/outputs/v7_4_6_as006_gap_weaklink_v800_phase3_seed_505/AS006_v7_4_6_gap_weaklink_scores.csv
AS006,combined_a3_7_g0_7_p0_05,"combined weak-link classes, alpha=3.7, tau=0.7, p=0.05",combined,boundary_constriction,conductance,3.7,0,0.7,0.05,0.984967320261438,0.7,0.0501089324618736,7.31682222257077e-07,3.7946872149306e-07,0.130803002850732,184.106149133649,0.219026806842015,0.3018141561174,0.322515621732812,0.145674401726986,0.0468245379015228,0.224316001210558,0.314427927392062,0.334682524285726,0.139962835481964,0.0465041168082548,243.864062042176,240.431444277421,505,v7.4.6,gap_tied_weak_links_phase3_seed,/Users/asewaket/Documents/LTSpice Superconducting Circuit/matlab_v7_4_6_files/outputs/v7_4_6_as006_gap_weaklink_v800_phase3_seed_505/AS006_v7_4_6_gap_weaklink_scores.csv
AS006,contact_relaxed_a3_7_g0_4_p0_1,"contact-relaxed SNS links, alpha=3.7, tau=0.4, p=0.1",contact_relaxation,contact_relaxed,conductance,3.7,0,0.4,0.1,0.939869281045751,0.4,0.100217864923747,1.45082831928054e-07,4.05778165298473e-07,0.0412284602233989,165.526440842035,0.219136526574627,0.299938356436669,0.326220391170827,0.142322206404355,0.0469558338820759,0.221225852526838,0.304923147303683,0.331042359371385,0.140173282108926,0.0466653837944243,248.6060714896,242.789345388548,505,v7.4.6,gap_tied_weak_links_phase3_seed,/Users/asewaket/Documents/LTSpice Superconducting Circuit/matlab_v7_4_6_files/outputs/v7_4_6_as006_gap_weaklink_v800_phase3_seed_505/AS006_v7_4_6_gap_weaklink_scores.csv
AS006,boundary_sns_a3_7_g0_7_p0_1,"SNS-like boundary constriction, alpha=3.7, tau=0.7, p=0.1",boundary_lane,boundary_constriction,conductance,3.7,0,0.7,0.1,0.962091503267973,0.7,0.12636165577342,7.30501617545834e-07,3.87229153862654e-07,0.141663517914522,179.876066894172,0.21953924016523,0.303256481567038,0.323210101303434,0.145328753898911,0.0471610996044651,0.235019219556645,0.336706319480335,0.355542417588027,0.134896580311491,0.0475698221344815,236.275491103523,229.433015981735,505,v7.4.6,gap_tied_weak_links_phase3_seed,/Users/asewaket/Documents/LTSpice Superconducting Circuit/matlab_v7_4_6_files/outputs/v7_4_6_as006_gap_weaklink_v800_phase3_seed_505/AS006_v7_4_6_gap_weaklink_scores.csv
AS006,contact_relaxed_a4_1_g0_4_p0_05,"contact-relaxed SNS links, alpha=4.1, tau=0.4, p=0.05",contact_relaxation,contact_relaxed,conductance,4.1,0.999999999999997,0.4,0.05,0.969673202614379,0.4,0.0505446623093682,1.41985681857858e-07,4.35724624897483e-07,0.0427991336444884,174.94787579783,0.219647346356206,0.303906735972528,0.324499645347901,0.143493178784983,0.0470891429684443,0.231245900392391,0.329364962766798,0.349100433905222,0.135045458274286,0.0471319570181597,239.608111910675,233.258817230851,505,v7.4.6,gap_tied_weak_links_phase3_seed,/Users/asewaket/Documents/LTSpice Superconducting Circuit/matlab_v7_4_6_files/outputs/v7_4_6_as006_gap_weaklink_v800_phase3_seed_505/AS006_v7_4_6_gap_weaklink_scores.csv
AS006,contact_relaxed_a4_1_g0_7_p0_3,"contact-relaxed SNS links, alpha=4.1, tau=0.7, p=0.3",contact_relaxation,contact_relaxed,conductance,4.1,0.999999999999997,0.7,0.3,0.909934640522874,0.7,0.300217864923747,3.19540119459543e-07,4.37454246313478e-07,0.0522779000540213,167.060532445726,0.219696067841413,0.304490152957178,0.324709898468673,0.142848046001647,0.047187806427651,0.215424287508781,0.294031899747235,0.314501029328564,0.148439388119869,0.0471635013218491,256.436898787643,249.673492051456,505,v7.4.6,gap_tied_weak_links_phase3_seed,/Users/asewaket/Documents/LTSpice Superconducting Circuit/matlab_v7_4_6_files/outputs/v7_4_6_as006_gap_weaklink_v800_phase3_seed_505/AS006_v7_4_6_gap_weaklink_scores.csv
AS006,boundary_sns_a3_3_g0_7_p0_1,"SNS-like boundary constriction, alpha=3.3, tau=0.7, p=0.1",boundary_lane,boundary_constriction,conductance,3.3,1,0.7,0.1,0.962091503267973,0.7,0.12636165577342,6.51528469703041e-07,3.45366542634259e-07,0.126348543004844,179.876066894172,0.219722511785893,0.302425083662767,0.324821062999297,0.144390047120845,0.0472630561168721,0.23434242408047,0.333813856800005,0.355245539042457,0.134907575047667,0.0475841014684633,237.077442600345,230.357748771456,505,v7.4.6,gap_tied_weak_links_phase3_seed,/Users/asewaket/Documents/LTSpice Superconducting Circuit/matlab_v7_4_6_files/outputs/v7_4_6_as006_gap_weaklink_v800_phase3_seed_505/AS006_v7_4_6_gap_weaklink_scores.csv
AS006,crack_tunnel_a3_7_g0_7_p0_05,"tunnel/crack-like links, alpha=3.7, tau=0.7, p=0.05",tear_lane,crack_tunnel,conductance,3.7,0,0.7,0.05,0.984836601307189,0.7,0.0505446623093682,6.98794845553734e-07,3.7946872149306e-07,0.130588556191624,184.106149133649,0.219840293360847,0.30396418989052,0.324334628526855,0.144736548713931,0.0467309910993047,0.22586254363624,0.317735784315021,0.337653982431362,0.138909779955166,0.0470452396673388,242.731147843702,240.465445543927,505,v7.4.6,gap_tied_weak_links_phase3_seed,/Users/asewaket/Documents/LTSpice Superconducting Circuit/matlab_v7_4_6_files/outputs/v7_4_6_as006_gap_weaklink_v800_phase3_seed_505/AS006_v7_4_6_gap_weaklink_scores.csv
AS006,combined_a3_3_g0_7_p0_05,"combined weak-link classes, alpha=3.3, tau=0.7, p=0.05",combined,boundary_constriction,conductance,3.3,1,0.7,0.05,0.984967320261438,0.7,0.0501089324618736,6.52581441472528e-07,3.38445075926243e-07,0.11666213767768,184.106149133649,0.21991555908766,0.302599920649097,0.325993349695787,0.143794799569758,0.0467460133593778,0.223601588558043,0.311276945973335,0.334386989817786,0.140034102444267,0.0465111365804206,245.817060512302,242.088704610792,505,v7.4.6,gap_tied_weak_links_phase3_seed,/Users/asewaket/Documents/LTSpice Superconducting Circuit/matlab_v7_4_6_files/outputs/v7_4_6_as006_gap_weaklink_v800_phase3_seed_505/AS006_v7_4_6_gap_weaklink_scores.csv
AS006,boundary_sns_a3_7_g0_4_p0_05,"SNS-like boundary constriction, alpha=3.7, tau=0.4, p=0.05",boundary_lane,boundary_constriction,conductance,3.7,0,0.4,0.05,0.962091503267973,0.4,0.0631808278867102,4.55019860422296e-07,3.92409389665003e-07,0.148064940587011,174.94787579783,0.220103086226197,0.304457098036433,0.324031605996554,0.14541105426924,0.0472392047640341,0.24236830168207,0.350641527950246,0.368580714234123,0.134734768729687,0.0477652696382807,230.764171440977,223.940496328283,505,v7.4.6,gap_tied_weak_links_phase3_seed,/Users/asewaket/Documents/LTSpice Superconducting Circuit/matlab_v7_4_6_files/outputs/v7_4_6_as006_gap_weaklink_v800_phase3_seed_505/AS006_v7_4_6_gap_weaklink_scores.csv
AS006,boundary_sns_a3_3_g0_4_p0_05,"SNS-like boundary constriction, alpha=3.3, tau=0.4, p=0.05",boundary_lane,boundary_constriction,conductance,3.3,1,0.4,0.05,0.962091503267973,0.4,0.0631808278867102,4.05828524160426e-07,3.49986752944462e-07,0.13205791998301,174.94787579783,0.220155101219413,0.303260168169185,0.325137269938527,0.144791285019375,0.0475360092612421,0.241722164995853,0.347901729611584,0.36828903918442,0.134740323606837,0.0477778722864015,231.166442250638,224.756917699658,505,v7.4.6,gap_tied_weak_links_phase3_seed,/Users/asewaket/Documents/LTSpice Superconducting Circuit/matlab_v7_4_6_files/outputs/v7_4_6_as006_gap_weaklink_v800_phase3_seed_505/AS006_v7_4_6_gap_weaklink_scores.csv
AS006,contact_relaxed_a4_1_g0_7_p0_1,"contact-relaxed SNS links, alpha=4.1, tau=0.7, p=0.1",contact_relaxation,contact_relaxed,conductance,4.1,0.999999999999997,0.7,0.1,0.969934640522875,0.7,0.100217864923747,2.58898896618324e-07,4.2422921197337e-07,0.0456855910583609,179.876066894172,0.220160734571052,0.305703292714302,0.324906588129941,0.143615638282388,0.0469943030605734,0.230431537335219,0.328407437095779,0.346890310146373,0.135814482586357,0.0469241035912181,240.706771724058,234.560689334797,505,v7.4.6,gap_tied_weak_links_phase3_seed,/Users/asewaket/Documents/LTSpice Superconducting Circuit/matlab_v7_4_6_files/outputs/v7_4_6_as006_gap_weaklink_v800_phase3_seed_505/AS006_v7_4_6_gap_weaklink_scores.csv
AS006,contact_relaxed_a3_7_g0_1_p0_05,"contact-relaxed SNS links, alpha=3.7, tau=0.1, p=0.05",contact_relaxation,contact_relaxed,conductance,3.7,0,0.1,0.05,0.954509803921569,0.1,0.0505446623093682,3.41960191651498e-08,4.1877869691238e-07,0.0386236084108798,163.883620318105,0.220260835906215,0.303756723309665,0.328199150968918,0.140915905558189,0.0470540600780679,0.218029730647535,0.298499329917393,0.323052959044857,0.143354138849696,0.0471139714296617,253.968351576774,247.10721161202,505,v7.4.6,gap_tied_weak_links_phase3_seed,/Users/asewaket/Documents/LTSpice Superconducting Circuit/matlab_v7_4_6_files/outputs/v7_4_6_as006_gap_weaklink_v800_phase3_seed_505/AS006_v7_4_6_gap_weaklink_scores.csv
AS006,boundary_sns_a4_1_g0_7_p0_05,"SNS-like boundary constriction, alpha=4.1, tau=0.7, p=0.05",boundary_lane,boundary_constriction,conductance,4.1,0.999999999999997,0.7,0.05,0.981045751633987,0.7,0.0631808278867102,8.38476535953978e-07,4.20492367059878e-07,0.164071961191012,184.106149133649,0.220270812587896,0.306109965763101,0.324046778635633,0.144953780534139,0.0469700088963475,0.235763651126764,0.339498691634255,0.356275783369029,0.134762404024651,0.047383938072949,236.366342968298,229.44817388134,505,v7.4.6,gap_tied_weak_links_phase3_seed,/Users/asewaket/Documents/LTSpice Superconducting Circuit/matlab_v7_4_6_files/outputs/v7_4_6_as006_gap_weaklink_v800_phase3_seed_505/AS006_v7_4_6_gap_weaklink_scores.csv
AS006,crack_tunnel_a3_3_g0_7_p0_05,"tunnel/crack-like links, alpha=3.3, tau=0.7, p=0.05",tear_lane,crack_tunnel,conductance,3.3,1,0.7,0.05,0.984836601307189,0.7,0.0505446623093682,6.23249456845223e-07,3.38445075926243e-07,0.116470874441178,184.106149133649,0.220292694626904,0.303697640845187,0.326720960932826,0.143495546375696,0.0466347176872666,0.22517282296566,0.314660212731523,0.337356601192725,0.139007103332756,0.0470709708435629,244.256362993314,241.495970430968,505,v7.4.6,gap_tied_weak_links_phase3_seed,/Users/asewaket/Documents/LTSpice Superconducting Circuit/matlab_v7_4_6_files/outputs/v7_4_6_as006_gap_weaklink_v800_phase3_seed_505/AS006_v7_4_6_gap_weaklink_scores.csv
AS006,contact_relaxed_a3_7_g0_7_p0_2,"contact-relaxed SNS links, alpha=3.7, tau=0.7, p=0.2",contact_relaxation,contact_relaxed,conductance,3.7,0,0.7,0.2,0.939999999999999,0.7,0.2,2.68742038050169e-07,3.86249795131109e-07,0.0449663087105824,174.487649736809,0.220417713158416,0.304737096384797,0.327222665139055,0.142234307332041,0.0469189212488857,0.220660041875608,0.30509368852319,0.32757963398258,0.142108839970895,0.0473061114217148,251.569534376896,244.163567369218,505,v7.4.6,gap_tied_weak_links_phase3_seed,/Users/asewaket/Documents/LTSpice Superconducting Circuit/matlab_v7_4_6_files/outputs/v7_4_6_as006_gap_weaklink_v800_phase3_seed_505/AS006_v7_4_6_gap_weaklink_scores.csv
AS006,bulk_AB_reference,"bulk AB reference: no weak-link mask",none,bulk_sns,conductance,3.7,0,NaN,0,1,NaN,0,NaN,4.33802863886107e-07,NaN,161.440616746891,0.220426276767985,0.307074807916605,0.324414961533641,0.144292771951916,0.046964428299552,0.286080625431049,0.422381742193541,0.435537896779182,0.158846494090129,0.0472719479854759,201.957038945157,196.366142890753,505,v7.4.6,gap_tied_weak_links_phase3_seed,/Users/asewaket/Documents/LTSpice Superconducting Circuit/matlab_v7_4_6_files/outputs/v7_4_6_as006_gap_weaklink_v800_phase3_seed_505/AS006_v7_4_6_gap_weaklink_scores.csv
AS006,shuffled_tau_control,"same weak-link histogram, shuffled positions",shuffled,boundary_constriction,conductance,3.7,0,0.01,0.08,0.920627450980392,0.01,0.0801742919389978,4.4812849852309e-09,4.11667589877274e-07,0.0483990153930622,161.440616746891,0.22056621595947,0.306216991124623,0.32564093103151,0.144247590686111,0.0464329710099473,0.229251995683488,0.308173595031773,0.327200092743798,0.147085686455971,0.0816291130140576,238.007419164939,256.925791008247,505,v7.4.6,gap_tied_weak_links_phase3_seed,/Users/asewaket/Documents/LTSpice Superconducting Circuit/matlab_v7_4_6_files/outputs/v7_4_6_as006_gap_weaklink_v800_phase3_seed_505/AS006_v7_4_6_gap_weaklink_scores.csv
AS006,contact_relaxed_a3_7_g0_05_p0_05,"contact-relaxed SNS links, alpha=3.7, tau=0.05, p=0.05",contact_relaxation,contact_relaxed,conductance,3.7,0,0.05,0.05,0.9519825708061,0.05,0.0505446623093682,1.73567455767291e-08,4.25115874462372e-07,0.0386236084108798,161.440616746891,0.22063670382796,0.304707707966283,0.328808300478444,0.140883062052167,0.0469574577710325,0.214658943208334,0.29030853839641,0.314616398662175,0.148328198518883,0.046997231837849,258.521003796136,251.541046077787,505,v7.4.6,gap_tied_weak_links_phase3_seed,/Users/asewaket/Documents/LTSpice Superconducting Circuit/matlab_v7_4_6_files/outputs/v7_4_6_as006_gap_weaklink_v800_phase3_seed_505/AS006_v7_4_6_gap_weaklink_scores.csv
AS006,contact_relaxed_a3_7_g0_2_p0_05,"contact-relaxed SNS links, alpha=3.7, tau=0.2, p=0.05",contact_relaxation,contact_relaxed,conductance,3.7,0,0.2,0.05,0.959564270152505,0.2,0.0505446623093682,6.67235524365683e-08,4.08562210235686e-07,0.0386236084108798,167.981686124393,0.220664632401101,0.304630746107384,0.328953509892428,0.140695070116868,0.0471549359402888,0.223916950082107,0.311917922177404,0.336045556424213,0.137941025353366,0.0471608227990501,247.905510198291,241.356159020335,505,v7.4.6,gap_tied_weak_links_phase3_seed,/Users/asewaket/Documents/LTSpice Superconducting Circuit/matlab_v7_4_6_files/outputs/v7_4_6_as006_gap_weaklink_v800_phase3_seed_505/AS006_v7_4_6_gap_weaklink_scores.csv
AS006,contact_relaxed_a3_3_g0_4_p0_1,"contact-relaxed SNS links, alpha=3.3, tau=0.4, p=0.1",contact_relaxation,contact_relaxed,conductance,3.3,1,0.4,0.1,0.939869281045751,0.4,0.100217864923747,1.29398201449345e-07,3.61910255536476e-07,0.0367713293884368,165.526440842035,0.220697350664579,0.301523939072952,0.331588467327202,0.13979185413887,0.0469431787537525,0.220163807282095,0.300465600744961,0.33054839640675,0.140182687047133,0.0466653831447835,251.497883538406,245.559186869242,505,v7.4.6,gap_tied_weak_links_phase3_seed,/Users/asewaket/Documents/LTSpice Superconducting Circuit/matlab_v7_4_6_files/outputs/v7_4_6_as006_gap_weaklink_v800_phase3_seed_505/AS006_v7_4_6_gap_weaklink_scores.csv
AS006,contact_relaxed_a3_7_g0_7_p0_3,"contact-relaxed SNS links, alpha=3.7, tau=0.7, p=0.3",contact_relaxation,contact_relaxed,conductance,3.7,0,0.7,0.3,0.909934640522874,0.7,0.300217864923747,2.88365473658612e-07,3.94775783258505e-07,0.0471776171219217,167.060532445726,0.220716710955312,0.305382654365778,0.328415264955394,0.141040165303756,0.0471739801091482,0.214756286566255,0.291021953744348,0.314307378369118,0.14844784761859,0.0471617574177325,258.420142936639,251.570192859542,505,v7.4.6,gap_tied_weak_links_phase3_seed,/Users/asewaket/Documents/LTSpice Superconducting Circuit/matlab_v7_4_6_files/outputs/v7_4_6_as006_gap_weaklink_v800_phase3_seed_505/AS006_v7_4_6_gap_weaklink_scores.csv
AS006,contact_relaxed_a4_1_g0_7_p0_05,"contact-relaxed SNS links, alpha=4.1, tau=0.7, p=0.05",contact_relaxation,contact_relaxed,conductance,4.1,0.999999999999997,0.7,0.05,0.984836601307189,0.7,0.0505446623093682,2.36114674688222e-07,4.1713622483703e-07,0.0427991336444884,184.106149133649,0.220986627746249,0.307992745279383,0.326431905631268,0.142952783969532,0.0469935786352282,0.233207224787721,0.334353129916437,0.351981347160303,0.134852395074673,0.0471501426482952,239.276406445904,232.716734573723,505,v7.4.6,gap_tied_weak_links_phase3_seed,/Users/asewaket/Documents/LTSpice Superconducting Circuit/matlab_v7_4_6_files/outputs/v7_4_6_as006_gap_weaklink_v800_phase3_seed_505/AS006_v7_4_6_gap_weaklink_scores.csv
AS006,uniform_tau_control,"same mean weak transparency, spatially uniform",uniform,boundary_constriction,conductance,3.7,0,0.01,0.08,0.920627450980405,0.920627450980392,1,3.99370824807461e-07,3.99370824807461e-07,0.0472488190086656,161.440616746891,0.221129202496373,0.309721748071771,0.327366060819288,0.140837774380997,0.0469864400000964,0.25830643326484,0.378945210389182,0.394679534839103,0.139712442608666,0.0472572167057569,220.738853592619,214.570559223984,505,v7.4.6,gap_tied_weak_links_phase3_seed,/Users/asewaket/Documents/LTSpice Superconducting Circuit/matlab_v7_4_6_files/outputs/v7_4_6_as006_gap_weaklink_v800_phase3_seed_505/AS006_v7_4_6_gap_weaklink_scores.csv
AS006,contact_relaxed_a3_3_g0_7_p0_3,"contact-relaxed SNS links, alpha=3.3, tau=0.7, p=0.3",contact_relaxation,contact_relaxed,conductance,3.3,1,0.7,0.3,0.909934640522874,0.7,0.300217864923747,2.57190827857681e-07,3.52097320203531e-07,0.042077334189822,167.060532445726,0.221327690203475,0.304370269957861,0.331781870369818,0.139512612263996,0.0472591425823379,0.213738725483344,0.286390611660299,0.314032720219712,0.148465039307984,0.0471644562369435,260.193679084436,253.447087338218,505,v7.4.6,gap_tied_weak_links_phase3_seed,/Users/asewaket/Documents/LTSpice Superconducting Circuit/matlab_v7_4_6_files/outputs/v7_4_6_as006_gap_weaklink_v800_phase3_seed_505/AS006_v7_4_6_gap_weaklink_scores.csv
AS006,contact_relaxed_a3_3_g0_1_p0_05,"contact-relaxed SNS links, alpha=3.3, tau=0.1, p=0.05",contact_relaxation,contact_relaxed,conductance,3.3,1,0.1,0.05,0.954509803921569,0.1,0.0505446623093682,3.04991522283768e-08,3.73505324273204e-07,0.0344480831772712,163.883620318105,0.222015190283824,0.305797805568941,0.333730495280289,0.13862735359319,0.0469655871181877,0.217085732610204,0.294461584211316,0.322563416868531,0.143517300384639,0.0470844738389775,257.04472830911,249.942830332355,505,v7.4.6,gap_tied_weak_links_phase3_seed,/Users/asewaket/Documents/LTSpice Superconducting Circuit/matlab_v7_4_6_files/outputs/v7_4_6_as006_gap_weaklink_v800_phase3_seed_505/AS006_v7_4_6_gap_weaklink_scores.csv
AS006,contact_relaxed_a3_7_g0_4_p0_05,"contact-relaxed SNS links, alpha=3.7, tau=0.4, p=0.05",contact_relaxation,contact_relaxed,conductance,3.7,0,0.4,0.05,0.969673202614379,0.4,0.0505446623093682,1.28133420213189e-07,3.9321490539529e-07,0.0386236084108798,174.94787579783,0.22205268299599,0.30853341654998,0.33096629007101,0.140383047529461,0.0470601813938747,0.230636990529039,0.326873773919206,0.348789769740204,0.135028241677362,0.0471437795839294,242.852466741269,236.318379963059,505,v7.4.6,gap_tied_weak_links_phase3_seed,/Users/asewaket/Documents/LTSpice Superconducting Circuit/matlab_v7_4_6_files/outputs/v7_4_6_as006_gap_weaklink_v800_phase3_seed_505/AS006_v7_4_6_gap_weaklink_scores.csv
AS006,boundary_sns_a3_7_g0_7_p0_05,"SNS-like boundary constriction, alpha=3.7, tau=0.7, p=0.05",boundary_lane,boundary_constriction,conductance,3.7,0,0.7,0.05,0.981045751633987,0.7,0.0631808278867102,7.5667394708042e-07,3.7946872149306e-07,0.148064940587011,184.106149133649,0.222264250621643,0.30991312497304,0.329354648766488,0.142281189531041,0.0471860058800187,0.235273758301959,0.337430516957085,0.356061483979587,0.134759500279009,0.0473813022396741,238.734950452561,232.145137932627,505,v7.4.6,gap_tied_weak_links_phase3_seed,/Users/asewaket/Documents/LTSpice Superconducting Circuit/matlab_v7_4_6_files/outputs/v7_4_6_as006_gap_weaklink_v800_phase3_seed_505/AS006_v7_4_6_gap_weaklink_scores.csv
AS006,contact_relaxed_a3_3_g0_7_p0_2,"contact-relaxed SNS links, alpha=3.3, tau=0.7, p=0.2",contact_relaxation,contact_relaxed,conductance,3.3,1,0.7,0.2,0.939999999999999,0.7,0.2,2.39688844747448e-07,3.4449306052234e-07,0.0401050861472762,174.487649736809,0.22231029594636,0.306901621864224,0.333128946021194,0.13967064472994,0.04708589641806,0.21973374381989,0.300952340028197,0.327291543457563,0.142119828640226,0.0473063922202371,254.455275951519,247.298469924663,505,v7.4.6,gap_tied_weak_links_phase3_seed,/Users/asewaket/Documents/LTSpice Superconducting Circuit/matlab_v7_4_6_files/outputs/v7_4_6_as006_gap_weaklink_v800_phase3_seed_505/AS006_v7_4_6_gap_weaklink_scores.csv
AS006,contact_relaxed_a3_3_g0_2_p0_05,"contact-relaxed SNS links, alpha=3.3, tau=0.2, p=0.05",contact_relaxation,contact_relaxed,conductance,3.3,1,0.2,0.05,0.959564270152505,0.2,0.0505446623093682,5.95101954163987e-08,3.64393322642639e-07,0.0344480831772712,167.981686124393,0.222341429303035,0.306698240572596,0.334185367127095,0.138473491569118,0.0470926490087627,0.222976467418269,0.30805870524507,0.335517150222712,0.138008688077231,0.0471577588599886,250.771610509372,244.010992802102,505,v7.4.6,gap_tied_weak_links_phase3_seed,/Users/asewaket/Documents/LTSpice Superconducting Circuit/matlab_v7_4_6_files/outputs/v7_4_6_as006_gap_weaklink_v800_phase3_seed_505/AS006_v7_4_6_gap_weaklink_scores.csv
AS006,contact_relaxed_a3_3_g0_05_p0_05,"contact-relaxed SNS links, alpha=3.3, tau=0.05, p=0.05",contact_relaxation,contact_relaxed,conductance,3.3,1,0.05,0.05,0.9519825708061,0.05,0.0505446623093682,1.54803406495152e-08,3.79157401547521e-07,0.0344480831772712,161.440616746891,0.222402045184889,0.306476755449834,0.334455627181615,0.138624690800634,0.0469552594059937,0.213743263952039,0.286165120248193,0.314282026934517,0.148467999715739,0.046972652731923,261.541864698329,254.508668300681,505,v7.4.6,gap_tied_weak_links_phase3_seed,/Users/asewaket/Documents/LTSpice Superconducting Circuit/matlab_v7_4_6_files/outputs/v7_4_6_as006_gap_weaklink_v800_phase3_seed_505/AS006_v7_4_6_gap_weaklink_scores.csv
AS006,contact_relaxed_a3_7_g0_7_p0_1,"contact-relaxed SNS links, alpha=3.7, tau=0.7, p=0.1",contact_relaxation,contact_relaxed,conductance,3.7,0,0.7,0.1,0.969934640522875,0.7,0.100217864923747,2.33640467679951e-07,3.8284099617109e-07,0.0412284602233989,179.876066894172,0.222789947390495,0.310805012078315,0.331787640063271,0.140413653548695,0.0469992878275645,0.229881664144405,0.326074464314101,0.346657978804895,0.135805856715756,0.0469250726046601,244.081724295258,237.833572063068,505,v7.4.6,gap_tied_weak_links_phase3_seed,/Users/asewaket/Documents/LTSpice Superconducting Circuit/matlab_v7_4_6_files/outputs/v7_4_6_as006_gap_weaklink_v800_phase3_seed_505/AS006_v7_4_6_gap_weaklink_scores.csv
AS006,boundary_sns_a3_3_g0_7_p0_05,"SNS-like boundary constriction, alpha=3.3, tau=0.7, p=0.05",boundary_lane,boundary_constriction,conductance,3.3,1,0.7,0.05,0.981045751633987,0.7,0.0631808278867102,6.74871358206861e-07,3.38445075926243e-07,0.13205791998301,184.106149133649,0.223128418998582,0.310505560039189,0.332316877844872,0.14094117940849,0.0474055244645816,0.234616773178275,0.334596539712257,0.355786295760282,0.134775310271736,0.0473921707589557,240.072481784724,233.785981548028,505,v7.4.6,gap_tied_weak_links_phase3_seed,/Users/asewaket/Documents/LTSpice Superconducting Circuit/matlab_v7_4_6_files/outputs/v7_4_6_as006_gap_weaklink_v800_phase3_seed_505/AS006_v7_4_6_gap_weaklink_scores.csv
AS006,contact_relaxed_a3_7_g0_7_p0_05,"contact-relaxed SNS links, alpha=3.7, tau=0.7, p=0.05",contact_relaxation,contact_relaxed,conductance,3.7,0,0.7,0.05,0.984836601307189,0.7,0.0505446623093682,2.13079096669859e-07,3.76440007779759e-07,0.0386236084108798,184.106149133649,0.223779046303091,0.313425752051692,0.333506450922479,0.139786650696147,0.0470998769792396,0.232681130853948,0.332137728824809,0.351748612520674,0.134845140406045,0.0471514280261941,242.619624647041,236.153951578309,505,v7.4.6,gap_tied_weak_links_phase3_seed,/Users/asewaket/Documents/LTSpice Superconducting Circuit/matlab_v7_4_6_files/outputs/v7_4_6_as006_gap_weaklink_v800_phase3_seed_505/AS006_v7_4_6_gap_weaklink_scores.csv
AS006,contact_relaxed_a3_3_g0_4_p0_05,"contact-relaxed SNS links, alpha=3.3, tau=0.4, p=0.05",contact_relaxation,contact_relaxed,conductance,3.3,1,0.4,0.05,0.969673202614379,0.4,0.0505446623093682,1.1428115856852e-07,3.50705185893096e-07,0.0344480831772712,174.94787579783,0.223850829477427,0.310941075217257,0.336226908656856,0.138243118346618,0.0471120840871083,0.229798977738866,0.323398470678015,0.348384894462236,0.135008954326569,0.0471616597991889,245.520652864429,238.964349351177,505,v7.4.6,gap_tied_weak_links_phase3_seed,/Users/asewaket/Documents/LTSpice Superconducting Circuit/matlab_v7_4_6_files/outputs/v7_4_6_as006_gap_weaklink_v800_phase3_seed_505/AS006_v7_4_6_gap_weaklink_scores.csv
AS006,contact_relaxed_a3_3_g0_7_p0_1,"contact-relaxed SNS links, alpha=3.3, tau=0.7, p=0.1",contact_relaxation,contact_relaxed,conductance,3.3,1,0.7,0.1,0.969934640522875,0.7,0.100217864923747,2.08382038741578e-07,3.4145278036881e-07,0.0367713293884368,179.876066894172,0.224677229189376,0.313280228003003,0.337171760485444,0.138330133867882,0.0471426697595003,0.229086181202486,0.322655284227319,0.346335919071653,0.13579853511948,0.0469395945103691,246.687283940256,240.606392747982,505,v7.4.6,gap_tied_weak_links_phase3_seed,/Users/asewaket/Documents/LTSpice Superconducting Circuit/matlab_v7_4_6_files/outputs/v7_4_6_as006_gap_weaklink_v800_phase3_seed_505/AS006_v7_4_6_gap_weaklink_scores.csv
AS006,contact_relaxed_a3_3_g0_7_p0_05,"contact-relaxed SNS links, alpha=3.3, tau=0.7, p=0.05",contact_relaxation,contact_relaxed,conductance,3.3,1,0.7,0.05,0.984836601307189,0.7,0.0505446623093682,1.90043518651495e-07,3.35743790722487e-07,0.0344480831772712,184.106149133649,0.225680582476982,0.316018924917357,0.338783016691589,0.13784417709079,0.047208486893784,0.231938374566499,0.328950331279475,0.351444107553784,0.134843963388448,0.0471593990983383,245.180844761853,238.819744094973,505,v7.4.6,gap_tied_weak_links_phase3_seed,/Users/asewaket/Documents/LTSpice Superconducting Circuit/matlab_v7_4_6_files/outputs/v7_4_6_as006_gap_weaklink_v800_phase3_seed_505/AS006_v7_4_6_gap_weaklink_scores.csv
AS006,combined_a3_3_g0_05_p0_2,"combined weak-link classes, alpha=3.3, tau=0.05, p=0.2",combined,boundary_constriction,shape,3.3,1,0.05,0.2,0.810000000000001,0.05,0.2,6.51512791012116e-08,4.4404649973086e-07,0.109820178140253,114.240262960253,0.194029745764068,0.221760492739453,0.266450110843865,0.183201925585472,0.053098135122282,0.19595928872123,0.227982871689569,0.2716950399123,0.177554296476457,0.0544043814744853,239.805131294944,250.748577693137,505,v7.4.6,gap_tied_weak_links_phase3_seed,/Users/asewaket/Documents/LTSpice Superconducting Circuit/matlab_v7_4_6_files/outputs/v7_4_6_as006_gap_weaklink_v800_phase3_seed_505/AS006_v7_4_6_gap_weaklink_scores.csv
AS006,combined_a3_3_g0_1_p0_3,"combined weak-link classes, alpha=3.3, tau=0.1, p=0.3",combined,boundary_constriction,shape,3.3,1,0.1,0.3,0.729803921568629,0.1,0.300217864923747,1.25766641856734e-07,4.70534993667568e-07,0.0919050139164634,98.1149144723007,0.194771833977126,0.223128487739745,0.272407756568868,0.177585050215874,0.0520357953805211,0.196944088071411,0.232771321115752,0.281428816753096,0.168238672591243,0.0491503491843322,240.048672767899,246.701083805954,505,v7.4.6,gap_tied_weak_links_phase3_seed,/Users/asewaket/Documents/LTSpice Superconducting Circuit/matlab_v7_4_6_files/outputs/v7_4_6_as006_gap_weaklink_v800_phase3_seed_505/AS006_v7_4_6_gap_weaklink_scores.csv
AS006,crack_tunnel_a3_3_g0_05_p0_3,"tunnel/crack-like links, alpha=3.3, tau=0.05, p=0.3",tear_lane,crack_tunnel,shape,3.3,1,0.05,0.3,0.714793028322442,0.05,0.300217864923747,6.2664032856863e-08,4.78090914978826e-07,0.0799744220926586,88.857764864234,0.195095640645223,0.223440255297058,0.26814375478929,0.178901120527865,0.0591599763879711,0.239523752883771,0.226882123591491,0.246868107761135,0.257390666156943,0.216979119549197,241.222181518909,313.304985244877,505,v7.4.6,gap_tied_weak_links_phase3_seed,/Users/asewaket/Documents/LTSpice Superconducting Circuit/matlab_v7_4_6_files/outputs/v7_4_6_as006_gap_weaklink_v800_phase3_seed_505/AS006_v7_4_6_gap_weaklink_scores.csv
AS006,combined_a3_3_g0_05_p0_3,"combined weak-link classes, alpha=3.3, tau=0.05, p=0.3",combined,boundary_constriction,shape,3.3,1,0.05,0.3,0.714793028322442,0.05,0.300217864923747,6.93940598423713e-08,5.19252689368817e-07,0.0919050139164634,88.9095070764799,0.195329864228026,0.219770392893009,0.272538448838429,0.175979032420544,0.0599628522541915,0.197978235381734,0.209837042282284,0.259077722686875,0.194828632575992,0.083132329204365,242.442663538585,269.928937585386,505,v7.4.6,gap_tied_weak_links_phase3_seed,/Users/asewaket/Documents/LTSpice Superconducting Circuit/matlab_v7_4_6_files/outputs/v7_4_6_as006_gap_weaklink_v800_phase3_seed_505/AS006_v7_4_6_gap_weaklink_scores.csv
AS006,combined_a3_3_g0_1_p0_2,"combined weak-link classes, alpha=3.3, tau=0.1, p=0.2",combined,boundary_constriction,shape,3.3,1,0.1,0.2,0.820000000000001,0.1,0.2,1.21135800923565e-07,4.12807922839408e-07,0.109820178140253,122.885211472958,0.195448566610716,0.228270341144877,0.271971135630295,0.179595160482886,0.0485290539520793,0.200223703353615,0.246232963949044,0.289071093883725,0.162418307236843,0.0459882544764619,239.943720805785,238.798611085866,505,v7.4.6,gap_tied_weak_links_phase3_seed,/Users/asewaket/Documents/LTSpice Superconducting Circuit/matlab_v7_4_6_files/outputs/v7_4_6_as006_gap_weaklink_v800_phase3_seed_505/AS006_v7_4_6_gap_weaklink_scores.csv
AS006,crack_tunnel_a3_3_g0_1_p0_3,"tunnel/crack-like links, alpha=3.3, tau=0.1, p=0.3",tear_lane,crack_tunnel,shape,3.3,1,0.1,0.3,0.72980392156863,0.1,0.300217864923747,1.15992683613548e-07,4.4247908817424e-07,0.0799744220926586,96.0092606459774,0.195908400715521,0.231175023163146,0.271104105563273,0.177928890850353,0.0515236821157903,0.214236925956679,0.223104992207832,0.255392493237018,0.211431081776297,0.136853922190413,240.090905072922,281.172006529616,505,v7.4.6,gap_tied_weak_links_phase3_seed,/Users/asewaket/Documents/LTSpice Superconducting Circuit/matlab_v7_4_6_files/outputs/v7_4_6_as006_gap_weaklink_v800_phase3_seed_505/AS006_v7_4_6_gap_weaklink_scores.csv
AS006,combined_a3_7_g0_05_p0_2,"combined weak-link classes, alpha=3.7, tau=0.05, p=0.2",combined,boundary_constriction,shape,3.7,0,0.05,0.2,0.810000000000001,0.05,0.2,7.30484038407524e-08,4.97870317880055e-07,0.123131714884526,114.240262960253,0.196079080557618,0.229606502151209,0.268086538673773,0.182036852537035,0.0540913922864853,0.197632888860271,0.235263032963467,0.272803887250787,0.176952368898198,0.0543041475262643,239.83741308365,251.271289515946,505,v7.4.6,gap_tied_weak_links_phase3_seed,/Users/asewaket/Documents/LTSpice Superconducting Circuit/matlab_v7_4_6_files/outputs/v7_4_6_as006_gap_weaklink_v800_phase3_seed_505/AS006_v7_4_6_gap_weaklink_scores.csv
AS006,combined_a3_7_g0_1_p0_3,"combined weak-link classes, alpha=3.7, tau=0.1, p=0.3",combined,boundary_constriction,shape,3.7,0,0.1,0.3,0.729803921568629,0.1,0.300217864923747,1.41011083293914e-07,5.27569538354546e-07,0.103045015603307,98.1149144723007,0.196370527744264,0.230778650527674,0.272848888930004,0.177638508138659,0.0515402973928168,0.198821923021398,0.240943647286089,0.282392631716835,0.167830466326725,0.0491907794080356,239.999475965098,246.253083368274,505,v7.4.6,gap_tied_weak_links_phase3_seed,/Users/asewaket/Documents/LTSpice Superconducting Circuit/matlab_v7_4_6_files/outputs/v7_4_6_as006_gap_weaklink_v800_phase3_seed_505/AS006_v7_4_6_gap_weaklink_scores.csv
AS006,anisotropic_gap_control,"anisotropic weak-link transparency",anisotropic,anisotropic,shape,3.7,0,0.01,0.08,0.920627450980392,0.01,0.0801742919389978,1.41810833236862e-08,5.0361358891175e-07,0.125043366702807,127.941044310461,0.196549673460535,0.234200778592384,0.267390081625294,0.186495960485512,0.0474949952591376,0.201634742165812,0.252944231808336,0.28490073332701,0.167789005831932,0.0469169384085431,239.368620538633,238.729034500808,505,v7.4.6,gap_tied_weak_links_phase3_seed,/Users/asewaket/Documents/LTSpice Superconducting Circuit/matlab_v7_4_6_files/outputs/v7_4_6_as006_gap_weaklink_v800_phase3_seed_505/AS006_v7_4_6_gap_weaklink_scores.csv
AS006,crack_tunnel_a3_3_g0_05_p0_2,"tunnel/crack-like links, alpha=3.3, tau=0.05, p=0.2",tear_lane,crack_tunnel,shape,3.3,1,0.05,0.2,0.809586056644881,0.05,0.200435729847495,5.42904868135295e-08,4.42171100102293e-07,0.0891307180823231,112.002274033751,0.196626174418204,0.23288248482232,0.26614779165523,0.187678143408572,0.0498920726113349,0.226404612661184,0.286909885941596,0.31726351812988,0.150242100299738,0.102099395262359,239.169443332707,209.720478944654,505,v7.4.6,gap_tied_weak_links_phase3_seed,/Users/asewaket/Documents/LTSpice Superconducting Circuit/matlab_v7_4_6_files/outputs/v7_4_6_as006_gap_weaklink_v800_phase3_seed_505/AS006_v7_4_6_gap_weaklink_scores.csv
AS006,combined_a3_7_g0_1_p0_2,"combined weak-link classes, alpha=3.7, tau=0.1, p=0.2",combined,boundary_constriction,shape,3.7,0,0.1,0.2,0.820000000000001,0.1,0.2,1.3581892830824e-07,4.62845246819942e-07,0.123131714884526,122.885211472958,0.196882140204672,0.234639266842682,0.272547767445193,0.179518116605891,0.0484151953942283,0.201823240462087,0.252992230967762,0.289963807076821,0.162121379657329,0.0460355843865737,239.88178434312,238.583754101831,505,v7.4.6,gap_tied_weak_links_phase3_seed,/Users/asewaket/Documents/LTSpice Superconducting Circuit/matlab_v7_4_6_files/outputs/v7_4_6_as006_gap_weaklink_v800_phase3_seed_505/AS006_v7_4_6_gap_weaklink_scores.csv
AS006,crack_tunnel_a3_7_g0_05_p0_3,"tunnel/crack-like links, alpha=3.7, tau=0.05, p=0.3",tear_lane,crack_tunnel,shape,3.7,0,0.05,0.3,0.714793028322442,0.05,0.300217864923747,7.02596732031494e-08,5.36041328915653e-07,0.0896682914372233,88.857764864234,0.197210187131578,0.231943760590998,0.269915736800255,0.177839856032721,0.0594548156255426,0.239740874752109,0.229415203520104,0.247227456165863,0.256616372772596,0.215870655984438,241.487937264194,313.669937704944,505,v7.4.6,gap_tied_weak_links_phase3_seed,/Users/asewaket/Documents/LTSpice Superconducting Circuit/matlab_v7_4_6_files/outputs/v7_4_6_as006_gap_weaklink_v800_phase3_seed_505/AS006_v7_4_6_gap_weaklink_scores.csv
AS006,combined_a4_1_g0_05_p0_2,"combined weak-link classes, alpha=4.1, tau=0.05, p=0.2",combined,boundary_constriction,shape,4.1,0.999999999999997,0.05,0.2,0.810000000000001,0.05,0.2,8.09455285802932e-08,5.5169413602925e-07,0.136443251628799,114.240262960253,0.19724548178016,0.235528502610654,0.269720964946254,0.180615357384012,0.0529180209041863,0.198824771268367,0.240340555728254,0.273702642301099,0.176462184813765,0.0542259455694493,240.648814769703,251.253120964341,505,v7.4.6,gap_tied_weak_links_phase3_seed,/Users/asewaket/Documents/LTSpice Superconducting Circuit/matlab_v7_4_6_files/outputs/v7_4_6_as006_gap_weaklink_v800_phase3_seed_505/AS006_v7_4_6_gap_weaklink_scores.csv
AS006,combined_a3_7_g0_05_p0_3,"combined weak-link classes, alpha=3.7, tau=0.05, p=0.3",combined,boundary_constriction,shape,3.7,0,0.05,0.3,0.714793028322442,0.05,0.300217864923747,7.78054610353861e-08,5.82192409292309e-07,0.103045015603307,88.9095070764799,0.197340012529121,0.230137961804927,0.274391613380565,0.174514467278859,0.0582336933261166,0.199794980013724,0.218683620025527,0.260188121135497,0.193981711221898,0.0824849290286009,243.331704045547,269.693948267397,505,v7.4.6,gap_tied_weak_links_phase3_seed,/Users/asewaket/Documents/LTSpice Superconducting Circuit/matlab_v7_4_6_files/outputs/v7_4_6_as006_gap_weaklink_v800_phase3_seed_505/AS006_v7_4_6_gap_weaklink_scores.csv
AS006,combined_a3_3_g0_05_p0_1,"combined weak-link classes, alpha=3.3, tau=0.05, p=0.1",combined,boundary_constriction,shape,3.3,1,0.05,0.1,0.904793028322441,0.05,0.100217864923747,5.68547207613256e-08,4.05484013985206e-07,0.111628920818775,137.706851063722,0.197345368701238,0.233964241041583,0.2733590765389,0.181099718629202,0.0480095702350276,0.209957174765723,0.266269698858242,0.304071485811375,0.153811567881146,0.0591266149490346,240.036905035224,226.09867878945,505,v7.4.6,gap_tied_weak_links_phase3_seed,/Users/asewaket/Documents/LTSpice Superconducting Circuit/matlab_v7_4_6_files/outputs/v7_4_6_as006_gap_weaklink_v800_phase3_seed_505/AS006_v7_4_6_gap_weaklink_scores.csv
AS006,combined_a4_1_g0_1_p0_3,"combined weak-link classes, alpha=4.1, tau=0.1, p=0.3",combined,boundary_constriction,shape,4.1,0.999999999999997,0.1,0.3,0.729803921568629,0.1,0.300217864923747,1.56255524731094e-07,5.84604083041524e-07,0.114185017290151,98.1149144723007,0.197428602336795,0.236087261332736,0.272982056646097,0.177853924637001,0.0510197454243176,0.200178087922458,0.246869768869228,0.283094552858011,0.167520249105707,0.0492048918594106,239.936971519196,245.76398834556,505,v7.4.6,gap_tied_weak_links_phase3_seed,/Users/asewaket/Documents/LTSpice Superconducting Circuit/matlab_v7_4_6_files/outputs/v7_4_6_as006_gap_weaklink_v800_phase3_seed_505/AS006_v7_4_6_gap_weaklink_scores.csv
AS006,crack_tunnel_a3_7_g0_1_p0_3,"tunnel/crack-like links, alpha=3.7, tau=0.1, p=0.3",tear_lane,crack_tunnel,shape,3.7,0,0.1,0.3,0.72980392156863,0.1,0.300217864923747,1.30052402839433e-07,4.96112917043845e-07,0.0896682914372233,96.0092606459774,0.197573612852637,0.238470173293734,0.27168867205181,0.177850039767433,0.0516301651694909,0.215351470507413,0.228765062443491,0.255897814932755,0.211009067324551,0.136409779805566,239.981317318029,281.064603551265,505,v7.4.6,gap_tied_weak_links_phase3_seed,/Users/asewaket/Documents/LTSpice Superconducting Circuit/matlab_v7_4_6_files/outputs/v7_4_6_as006_gap_weaklink_v800_phase3_seed_505/AS006_v7_4_6_gap_weaklink_scores.csv
AS006,crack_tunnel_a3_7_g0_05_p0_2,"tunnel/crack-like links, alpha=3.7, tau=0.05, p=0.2",tear_lane,crack_tunnel,shape,3.7,0,0.05,0.2,0.809586056644881,0.05,0.200435729847495,6.08711518818362e-08,4.95767597084389e-07,0.0999344414862411,112.002274033751,0.197737013701123,0.238687063187157,0.26629876096809,0.187789218620685,0.0492386503484439,0.227390069915883,0.293117815187619,0.317620513150212,0.150035685617296,0.100452029357306,239.037432475418,209.716869920264,505,v7.4.6,gap_tied_weak_links_phase3_seed,/Users/asewaket/Documents/LTSpice Superconducting Circuit/matlab_v7_4_6_files/outputs/v7_4_6_as006_gap_weaklink_v800_phase3_seed_505/AS006_v7_4_6_gap_weaklink_scores.csv
AS006,combined_a4_1_g0_1_p0_2,"combined weak-link classes, alpha=4.1, tau=0.1, p=0.2",combined,boundary_constriction,shape,4.1,0.999999999999997,0.1,0.2,0.820000000000001,0.1,0.2,1.50502055692914e-07,5.12882570800477e-07,0.136443251628799,122.885211472958,0.197854899979879,0.238929200036791,0.272918318493641,0.179547334096906,0.0483040748776028,0.202959768695066,0.257667906719292,0.290668459560876,0.161888472416993,0.0461005420032656,239.816489821568,238.34725447861,505,v7.4.6,gap_tied_weak_links_phase3_seed,/Users/asewaket/Documents/LTSpice Superconducting Circuit/matlab_v7_4_6_files/outputs/v7_4_6_as006_gap_weaklink_v800_phase3_seed_505/AS006_v7_4_6_gap_weaklink_scores.csv
AS006,crack_tunnel_a3_3_g0_1_p0_2,"tunnel/crack-like links, alpha=3.3, tau=0.1, p=0.2",tear_lane,crack_tunnel,shape,3.3,1,0.1,0.2,0.819607843137257,0.1,0.200435729847495,1.02126526104078e-07,4.15886843602699e-07,0.0891307180823231,119.080873764723,0.198089880068988,0.239268551238182,0.272720404431499,0.181157109545857,0.0474737544193156,0.208123080326126,0.268619164243264,0.300781599837294,0.155048462189698,0.0518178599349808,239.431392057427,229.021810393973,505,v7.4.6,gap_tied_weak_links_phase3_seed,/Users/asewaket/Documents/LTSpice Superconducting Circuit/matlab_v7_4_6_files/outputs/v7_4_6_as006_gap_weaklink_v800_phase3_seed_505/AS006_v7_4_6_gap_weaklink_scores.csv
AS006,crack_tunnel_a4_1_g0_05_p0_2,"tunnel/crack-like links, alpha=4.1, tau=0.05, p=0.2",tear_lane,crack_tunnel,shape,4.1,0.999999999999997,0.05,0.2,0.809586056644881,0.05,0.200435729847495,6.74518169501428e-08,5.49364094066485e-07,0.110738164890159,112.002274033751,0.198405421508486,0.242086315224475,0.26653505339003,0.18773526302696,0.0488353701017003,0.227886710922041,0.29661614475868,0.317906588246364,0.149860082059633,0.0991557778458451,238.951427129775,209.793728358597,505,v7.4.6,gap_tied_weak_links_phase3_seed,/Users/asewaket/Documents/LTSpice Superconducting Circuit/matlab_v7_4_6_files/outputs/v7_4_6_as006_gap_weaklink_v800_phase3_seed_505/AS006_v7_4_6_gap_weaklink_scores.csv
AS006,crack_tunnel_a4_1_g0_1_p0_3,"tunnel/crack-like links, alpha=4.1, tau=0.1, p=0.3",tear_lane,crack_tunnel,shape,4.1,0.999999999999997,0.1,0.3,0.72980392156863,0.1,0.300217864923747,1.44112122065317e-07,5.49746745913449e-07,0.099362160781788,96.0092606459774,0.198649405301169,0.24311409180515,0.272007435930755,0.177911395871844,0.0517306769820665,0.216081336487903,0.232546530597485,0.256264112047505,0.210684317206667,0.136042559250563,239.838099723119,280.920145898554,505,v7.4.6,gap_tied_weak_links_phase3_seed,/Users/asewaket/Documents/LTSpice Superconducting Circuit/matlab_v7_4_6_files/outputs/v7_4_6_as006_gap_weaklink_v800_phase3_seed_505/AS006_v7_4_6_gap_weaklink_scores.csv
AS006,crack_tunnel_a4_1_g0_05_p0_3,"tunnel/crack-like links, alpha=4.1, tau=0.05, p=0.3",tear_lane,crack_tunnel,shape,4.1,0.999999999999997,0.05,0.3,0.714793028322442,0.05,0.300217864923747,7.78553135494358e-08,5.9399174285248e-07,0.099362160781788,88.857764864234,0.198808857726243,0.238893967297698,0.272232661975196,0.175915842366134,0.058848359919255,0.239950098380693,0.231681115216396,0.247490535051674,0.256007830961465,0.214951151644808,242.404087227319,314.322486019347,505,v7.4.6,gap_tied_weak_links_phase3_seed,/Users/asewaket/Documents/LTSpice Superconducting Circuit/matlab_v7_4_6_files/outputs/v7_4_6_as006_gap_weaklink_v800_phase3_seed_505/AS006_v7_4_6_gap_weaklink_scores.csv
AS006,combined_a3_7_g0_05_p0_1,"combined weak-link classes, alpha=3.7, tau=0.05, p=0.1",combined,boundary_constriction,shape,3.7,0,0.05,0.1,0.904793028322441,0.05,0.100217864923747,6.37462020657287e-08,4.54633591437958e-07,0.125159699099838,137.706851063722,0.198817042003483,0.240301698759341,0.27394309816204,0.181030658993196,0.0480947657330081,0.211467834191792,0.272952367009524,0.304850779830108,0.153635943559404,0.0588530097974896,239.851373483859,226.10977381319,505,v7.4.6,gap_tied_weak_links_phase3_seed,/Users/asewaket/Documents/LTSpice Superconducting Circuit/matlab_v7_4_6_files/outputs/v7_4_6_as006_gap_weaklink_v800_phase3_seed_505/AS006_v7_4_6_gap_weaklink_scores.csv
AS006,combined_a4_1_g0_05_p0_3,"combined weak-link classes, alpha=4.1, tau=0.05, p=0.3",combined,boundary_constriction,shape,4.1,0.999999999999997,0.05,0.3,0.714793028322442,0.05,0.300217864923747,8.62168622284008e-08,6.45132129215802e-07,0.114185017290151,88.9095070764799,0.198824041023105,0.237701030413739,0.275859233000642,0.173321124484009,0.0570141113456497,0.201049370269639,0.225003304571024,0.261014031712585,0.193296093288665,0.0818488746693182,244.045681577419,269.544227340991,505,v7.4.6,gap_tied_weak_links_phase3_seed,/Users/asewaket/Documents/LTSpice Superconducting Circuit/matlab_v7_4_6_files/outputs/v7_4_6_as006_gap_weaklink_v800_phase3_seed_505/AS006_v7_4_6_gap_weaklink_scores.csv
AS006,combined_a3_3_g0_2_p0_3,"combined weak-link classes, alpha=3.3, tau=0.2, p=0.3",combined,boundary_constriction,shape,3.3,1,0.2,0.3,0.759825708061,0.2,0.300217864923747,2.17687201484401e-07,4.17649762094698e-07,0.0919050139164634,113.369855692928,0.198872921064159,0.240069934901774,0.282711687780608,0.169493207486701,0.0476827074445789,0.204362073050333,0.257907051290208,0.299673410889431,0.154741527354665,0.0460479357116217,240.762471866057,238.53768489629,505,v7.4.6,gap_tied_weak_links_phase3_seed,/Users/asewaket/Documents/LTSpice Superconducting Circuit/matlab_v7_4_6_files/outputs/v7_4_6_as006_gap_weaklink_v800_phase3_seed_505/AS006_v7_4_6_gap_weaklink_scores.csv
AS006,crack_tunnel_a3_7_g0_1_p0_2,"tunnel/crack-like links, alpha=3.7, tau=0.1, p=0.2",tear_lane,crack_tunnel,shape,3.7,0,0.1,0.2,0.819607843137257,0.1,0.200435729847495,1.14505498965178e-07,4.66297370099996e-07,0.0999344414862411,119.080873764723,0.199330099599369,0.244909953514401,0.273046355764555,0.181141685270778,0.047482315306002,0.20942603530918,0.274695329206955,0.30130033508793,0.154925996334073,0.0515017655174735,239.235536177171,229.073999298851,505,v7.4.6,gap_tied_weak_links_phase3_seed,/Users/asewaket/Documents/LTSpice Superconducting Circuit/matlab_v7_4_6_files/outputs/v7_4_6_as006_gap_weaklink_v800_phase3_seed_505/AS006_v7_4_6_gap_weaklink_scores.csv
AS006,combined_a3_3_g0_1_p0_1,"combined weak-link classes, alpha=3.3, tau=0.1, p=0.1",combined,boundary_constriction,shape,3.3,1,0.1,0.1,0.909803921568628,0.1,0.100217864923747,1.08299732972332e-07,3.86193176671256e-07,0.111628920818775,144.585482332622,0.199749163373742,0.241434961563582,0.279364556176283,0.176974484467793,0.0472047764118896,0.208756618303441,0.268127122308406,0.30455747278611,0.154454388625919,0.0496124060507082,240.094749614628,231.05791926665,505,v7.4.6,gap_tied_weak_links_phase3_seed,/Users/asewaket/Documents/LTSpice Superconducting Circuit/matlab_v7_4_6_files/outputs/v7_4_6_as006_gap_weaklink_v800_phase3_seed_505/AS006_v7_4_6_gap_weaklink_scores.csv
AS006,combined_a4_1_g0_05_p0_1,"combined weak-link classes, alpha=4.1, tau=0.05, p=0.1",combined,boundary_constriction,shape,4.1,0.999999999999997,0.05,0.1,0.904793028322441,0.05,0.100217864923747,7.06376833701318e-08,5.0378316889071e-07,0.138690477380902,137.706851063722,0.199784953751004,0.244242710007239,0.274371025791338,0.181036373739662,0.0482372964383641,0.212463832549306,0.277188511446883,0.305482816713169,0.153507449200915,0.058651410550457,239.64633390682,226.125301882906,505,v7.4.6,gap_tied_weak_links_phase3_seed,/Users/asewaket/Documents/LTSpice Superconducting Circuit/matlab_v7_4_6_files/outputs/v7_4_6_as006_gap_weaklink_v800_phase3_seed_505/AS006_v7_4_6_gap_weaklink_scores.csv
AS006,combined_a3_3_g0_2_p0_2,"combined weak-link classes, alpha=3.3, tau=0.2, p=0.2",combined,boundary_constriction,shape,3.3,1,0.2,0.2,0.839999999999999,0.2,0.2,2.19801455683871e-07,3.78297113009609e-07,0.109820178140253,135.447679062216,0.1999751704866,0.243420596231146,0.282762943372784,0.171442816322801,0.0473165848959824,0.207085944641164,0.265568704814586,0.303719527883071,0.153342846518806,0.0466732864473525,240.341788727084,235.063740290758,505,v7.4.6,gap_tied_weak_links_phase3_seed,/Users/asewaket/Documents/LTSpice Superconducting Circuit/matlab_v7_4_6_files/outputs/v7_4_6_as006_gap_weaklink_v800_phase3_seed_505/AS006_v7_4_6_gap_weaklink_scores.csv
AS006,crack_tunnel_a4_1_g0_1_p0_2,"tunnel/crack-like links, alpha=4.1, tau=0.1, p=0.2",tear_lane,crack_tunnel,shape,4.1,0.999999999999997,0.1,0.2,0.819607843137257,0.1,0.200435729847495,1.26884471826278e-07,5.16707896597293e-07,0.110738164890159,119.080873764723,0.200106701729309,0.248243040726971,0.273338926853283,0.181091074128058,0.0475835032662578,0.210214839911685,0.278242848550879,0.301713970038453,0.154830160174807,0.051294203221746,239.048800850832,229.176749385103,505,v7.4.6,gap_tied_weak_links_phase3_seed,/Users/asewaket/Documents/LTSpice Superconducting Circuit/matlab_v7_4_6_files/outputs/v7_4_6_as006_gap_weaklink_v800_phase3_seed_505/AS006_v7_4_6_gap_weaklink_scores.csv
AS006,combined_a3_7_g0_2_p0_3,"combined weak-link classes, alpha=3.7, tau=0.2, p=0.3",combined,boundary_constriction,shape,3.7,0,0.2,0.3,0.759825708061,0.2,0.300217864923747,2.44073528937056e-07,4.68273975681935e-07,0.103045015603307,113.369855692928,0.200140873744259,0.245953301061354,0.282757245789466,0.169893855654863,0.0475585679597983,0.205919169410903,0.264528032196245,0.30042460019673,0.15457742464381,0.0461029837092295,240.524457095322,238.124099959506,505,v7.4.6,gap_tied_weak_links_phase3_seed,/Users/asewaket/Documents/LTSpice Superconducting Circuit/matlab_v7_4_6_files/outputs/v7_4_6_as006_gap_weaklink_v800_phase3_seed_505/AS006_v7_4_6_gap_weaklink_scores.csv
AS006,boundary_sns_a3_3_g0_1_p0_3,"SNS-like boundary constriction, alpha=3.3, tau=0.1, p=0.3",boundary_lane,boundary_constriction,shape,3.3,1,0.1,0.3,0.715686274509806,0.1,0.315904139433551,9.72684850750741e-08,3.06246591362795e-07,0.0984879876946479,139.466635635616,0.200671511575107,0.244082676489205,0.277689970523822,0.17833187586705,0.050402588135827,0.208693732235052,0.269069184983251,0.301376632193044,0.156596797880561,0.051244372503479,239.827550825728,232.703641386711,505,v7.4.6,gap_tied_weak_links_phase3_seed,/Users/asewaket/Documents/LTSpice Superconducting Circuit/matlab_v7_4_6_files/outputs/v7_4_6_as006_gap_weaklink_v800_phase3_seed_505/AS006_v7_4_6_gap_weaklink_scores.csv
AS006,combined_a4_1_g0_2_p0_3,"combined weak-link classes, alpha=4.1, tau=0.2, p=0.3",combined,boundary_constriction,shape,4.1,0.999999999999997,0.2,0.3,0.759825708061,0.2,0.300217864923747,2.70459856389711e-07,5.18898189269171e-07,0.114185017290151,113.369855692928,0.200984056417545,0.249986937811266,0.282489765584186,0.170474191843319,0.0474835146999836,0.207072849857937,0.269455015828154,0.300958171526115,0.154463327034841,0.0461532744972769,240.208747195812,237.684133061111,505,v7.4.6,gap_tied_weak_links_phase3_seed,/Users/asewaket/Documents/LTSpice Superconducting Circuit/matlab_v7_4_6_files/outputs/v7_4_6_as006_gap_weaklink_v800_phase3_seed_505/AS006_v7_4_6_gap_weaklink_scores.csv
AS006,contact_relaxed_a3_3_g0_05_p0_2,"contact-relaxed SNS links, alpha=3.3, tau=0.05, p=0.2",contact_relaxation,contact_relaxed,shape,3.3,1,0.05,0.2,0.810000000000002,0.05,0.2,4.13726241252973e-08,7.51436432925362e-07,0.0401050861472762,72.2056882373175,0.201032584319271,0.238734384333991,0.291741445332171,0.166578272690469,0.0476581670679796,0.215169721864331,0.274878813201432,0.327100524902422,0.143522048620761,0.0491413167650343,235.200113192798,227.349713029707,505,v7.4.6,gap_tied_weak_links_phase3_seed,/Users/asewaket/Documents/LTSpice Superconducting Circuit/matlab_v7_4_6_files/outputs/v7_4_6_as006_gap_weaklink_v800_phase3_seed_505/AS006_v7_4_6_gap_weaklink_scores.csv
AS006,combined_a3_7_g0_1_p0_1,"combined weak-link classes, alpha=3.7, tau=0.1, p=0.1",combined,boundary_constriction,shape,3.7,0,0.1,0.1,0.909803921568628,0.1,0.100217864923747,1.21426973332615e-07,4.33004470813227e-07,0.125159699099838,144.585482332622,0.201113461328745,0.247376814655798,0.279721961166174,0.177032315409447,0.0473866656853157,0.210160835507583,0.274322089524696,0.305132719912251,0.154371923362746,0.0495349239633485,239.849007408704,231.113214298434,505,v7.4.6,gap_tied_weak_links_phase3_seed,/Users/asewaket/Documents/LTSpice Superconducting Circuit/matlab_v7_4_6_files/outputs/v7_4_6_as006_gap_weaklink_v800_phase3_seed_505/AS006_v7_4_6_gap_weaklink_scores.csv
AS006,combined_a3_7_g0_2_p0_2,"combined weak-link classes, alpha=3.7, tau=0.2, p=0.2",combined,boundary_constriction,shape,3.7,0,0.2,0.2,0.839999999999999,0.2,0.2,2.46444056372825e-07,4.24151308525925e-07,0.123131714884526,135.447679062216,0.201160309852035,0.248864301417097,0.282877462470044,0.171694667068625,0.0472833546847175,0.208476350469024,0.271561631518136,0.304351142641429,0.153206959419234,0.0466969219304409,240.14023752433,234.80189086589,505,v7.4.6,gap_tied_weak_links_phase3_seed,/Users/asewaket/Documents/LTSpice Superconducting Circuit/matlab_v7_4_6_files/outputs/v7_4_6_as006_gap_weaklink_v800_phase3_seed_505/AS006_v7_4_6_gap_weaklink_scores.csv
AS006,boundary_sns_a3_3_g0_05_p0_3,"SNS-like boundary constriction, alpha=3.3, tau=0.05, p=0.3",boundary_lane,boundary_constriction,shape,3.3,1,0.05,0.3,0.699891067538129,0.05,0.315904139433551,4.84605228974452e-08,3.05152690340488e-07,0.0984879876946479,139.966590904334,0.201281904223811,0.243231987881803,0.277741868264244,0.178480480644808,0.0540286629688128,0.202837705790588,0.24243938162684,0.277053786818122,0.179941250279001,0.0619784575456356,241.500560063525,255.543977039105,505,v7.4.6,gap_tied_weak_links_phase3_seed,/Users/asewaket/Documents/LTSpice Superconducting Circuit/matlab_v7_4_6_files/outputs/v7_4_6_as006_gap_weaklink_v800_phase3_seed_505/AS006_v7_4_6_gap_weaklink_scores.csv
AS006,crack_tunnel_a3_3_g0_2_p0_3,"tunnel/crack-like links, alpha=3.3, tau=0.2, p=0.3",tear_lane,crack_tunnel,shape,3.3,1,0.2,0.3,0.759825708061,0.2,0.300217864923747,2.05741190659594e-07,4.04047013888016e-07,0.0799744220926586,108.25612273728,0.201537718903783,0.251584393360776,0.285007635123485,0.165784110319335,0.0501107017928719,0.206698091888557,0.246882816828202,0.278970285819311,0.174732984046935,0.0799934123721196,241.298524479672,262.028901981676,505,v7.4.6,gap_tied_weak_links_phase3_seed,/Users/asewaket/Documents/LTSpice Superconducting Circuit/matlab_v7_4_6_files/outputs/v7_4_6_as006_gap_weaklink_v800_phase3_seed_505/AS006_v7_4_6_gap_weaklink_scores.csv
AS006,boundary_sns_a3_7_g0_1_p0_3,"SNS-like boundary constriction, alpha=3.7, tau=0.1, p=0.3",boundary_lane,boundary_constriction,shape,3.7,0,0.1,0.3,0.715686274509806,0.1,0.315904139433551,1.09058604478113e-07,3.43367390315861e-07,0.110425925597029,139.466635635616,0.201803032955161,0.249339181784635,0.277876661547702,0.178455436894796,0.0503225291641965,0.20996209413698,0.274678911385344,0.301857962728507,0.156508230022495,0.0512448369965505,239.732592571033,232.548461760238,505,v7.4.6,gap_tied_weak_links_phase3_seed,/Users/asewaket/Documents/LTSpice Superconducting Circuit/matlab_v7_4_6_files/outputs/v7_4_6_as006_gap_weaklink_v800_phase3_seed_505/AS006_v7_4_6_gap_weaklink_scores.csv
AS006,combined_a4_1_g0_2_p0_2,"combined weak-link classes, alpha=4.1, tau=0.2, p=0.2",combined,boundary_constriction,shape,4.1,0.999999999999997,0.2,0.2,0.839999999999999,0.2,0.2,2.73086657061779e-07,4.70005504042241e-07,0.136443251628799,135.447679062216,0.201948191853379,0.25247062542547,0.282800551253153,0.172066092867233,0.0472867530643684,0.209475785047812,0.275785194800167,0.304845439518182,0.1531074458251,0.0467299040006996,239.891186212675,234.525413373157,505,v7.4.6,gap_tied_weak_links_phase3_seed,/Users/asewaket/Documents/LTSpice Superconducting Circuit/matlab_v7_4_6_files/outputs/v7_4_6_as006_gap_weaklink_v800_phase3_seed_505/AS006_v7_4_6_gap_weaklink_scores.csv
AS006,combined_a4_1_g0_1_p0_1,"combined weak-link classes, alpha=4.1, tau=0.1, p=0.1",combined,boundary_constriction,shape,4.1,0.999999999999997,0.1,0.1,0.909803921568628,0.1,0.100217864923747,1.34554213692897e-07,4.79815764955197e-07,0.138690477380902,144.585482332622,0.201986823873876,0.251021199441615,0.279912309434331,0.177171273453788,0.0476022866004532,0.211088948820069,0.278296131465811,0.305584264152271,0.154308225252296,0.0494908688026886,239.572678138888,231.150115643028,505,v7.4.6,gap_tied_weak_links_phase3_seed,/Users/asewaket/Documents/LTSpice Superconducting Circuit/matlab_v7_4_6_files/outputs/v7_4_6_as006_gap_weaklink_v800_phase3_seed_505/AS006_v7_4_6_gap_weaklink_scores.csv
AS006,crack_tunnel_a3_3_g0_2_p0_2,"tunnel/crack-like links, alpha=3.3, tau=0.2, p=0.2",tear_lane,crack_tunnel,shape,3.3,1,0.2,0.2,0.839651416122003,0.2,0.200435729847495,1.8827610918326e-07,3.84772318029029e-07,0.0891307180823231,129.185970708498,0.20213951526672,0.252864387250174,0.28463801586394,0.169853304215999,0.0474000310515327,0.207511880381895,0.269802275757511,0.300779626775439,0.155684961414799,0.0467865775264477,240.451268658767,239.531553960949,505,v7.4.6,gap_tied_weak_links_phase3_seed,/Users/asewaket/Documents/LTSpice Superconducting Circuit/matlab_v7_4_6_files/outputs/v7_4_6_as006_gap_weaklink_v800_phase3_seed_505/AS006_v7_4_6_gap_weaklink_scores.csv
AS006,boundary_sns_a4_1_g0_1_p0_3,"SNS-like boundary constriction, alpha=4.1, tau=0.1, p=0.3",boundary_lane,boundary_constriction,shape,4.1,0.999999999999997,0.1,0.3,0.715686274509806,0.1,0.315904139433551,1.20848723881153e-07,3.80488189268927e-07,0.122363863499411,139.466635635616,0.202434636634986,0.252268494951251,0.27798698710985,0.178572943707768,0.0502112811467302,0.210722594319204,0.277906616752346,0.302230699187996,0.15643490130403,0.0512590046346459,239.670091665823,232.387650689737,505,v7.4.6,gap_tied_weak_links_phase3_seed,/Users/asewaket/Documents/LTSpice Superconducting Circuit/matlab_v7_4_6_files/outputs/v7_4_6_as006_gap_weaklink_v800_phase3_seed_505/AS006_v7_4_6_gap_weaklink_scores.csv
AS006,boundary_sns_a3_3_g0_2_p0_3,"SNS-like boundary constriction, alpha=3.3, tau=0.2, p=0.3",boundary_lane,boundary_constriction,shape,3.3,1,0.2,0.3,0.747276688453157,0.2,0.315904139433551,1.87890855997767e-07,3.09237091419223e-07,0.0984879876946479,144.399878267146,0.202602738241678,0.253031862528555,0.284556507124873,0.171525563506903,0.0476009868276778,0.215127600190696,0.284031797757998,0.314018175210134,0.148735107772833,0.0561555118617048,240.322211591532,227.421866105773,505,v7.4.6,gap_tied_weak_links_phase3_seed,/Users/asewaket/Documents/LTSpice Superconducting Circuit/matlab_v7_4_6_files/outputs/v7_4_6_as006_gap_weaklink_v800_phase3_seed_505/AS006_v7_4_6_gap_weaklink_scores.csv
AS006,boundary_sns_a3_7_g0_05_p0_3,"SNS-like boundary constriction, alpha=3.7, tau=0.05, p=0.3",boundary_lane,boundary_constriction,shape,3.7,0,0.05,0.3,0.699891067538129,0.05,0.315904139433551,5.43345256728931e-08,3.42140895230245e-07,0.110425925597029,139.966590904334,0.202683941399615,0.249877563155725,0.278943579044114,0.177636825277087,0.0533448489187892,0.204113585134799,0.248569955119968,0.277774906783482,0.179614973082606,0.0613731673296775,242.111736623367,255.443435833655,505,v7.4.6,gap_tied_weak_links_phase3_seed,/Users/asewaket/Documents/LTSpice Superconducting Circuit/matlab_v7_4_6_files/outputs/v7_4_6_as006_gap_weaklink_v800_phase3_seed_505/AS006_v7_4_6_gap_weaklink_scores.csv
AS006,crack_tunnel_a3_7_g0_2_p0_3,"tunnel/crack-like links, alpha=3.7, tau=0.2, p=0.3",tear_lane,crack_tunnel,shape,3.7,0,0.2,0.3,0.759825708061,0.2,0.300217864923747,2.30679516800151e-07,4.53022409510806e-07,0.0896682914372233,108.25612273728,0.202728458052906,0.257071205613135,0.285104254444148,0.166019070346006,0.0501148014416265,0.207942159271117,0.252574367460345,0.279473775586804,0.174498593408502,0.0799340798577029,241.07334439519,261.783239534395,505,v7.4.6,gap_tied_weak_links_phase3_seed,/Users/asewaket/Documents/LTSpice Superconducting Circuit/matlab_v7_4_6_files/outputs/v7_4_6_as006_gap_weaklink_v800_phase3_seed_505/AS006_v7_4_6_gap_weaklink_scores.csv
AS006,contact_relaxed_a3_3_g0_05_p0_3,"contact-relaxed SNS links, alpha=3.3, tau=0.05, p=0.3",contact_relaxation,contact_relaxed,shape,3.3,1,0.05,0.3,0.714793028322441,0.05,0.300217864923747,1.5798588744638e-07,2.4800931212039e-06,0.042077334189822,19.4259831578962,0.202818177457979,0.239440557197396,0.310521373835385,0.146969294941238,0.0475263072040285,0.21010596359529,0.257057208993687,0.328028423697827,0.137955122326401,0.0469789646035661,242.307037001856,236.960796256717,505,v7.4.6,gap_tied_weak_links_phase3_seed,/Users/asewaket/Documents/LTSpice Superconducting Circuit/matlab_v7_4_6_files/outputs/v7_4_6_as006_gap_weaklink_v800_phase3_seed_505/AS006_v7_4_6_gap_weaklink_scores.csv
AS006,contact_relaxed_a3_7_g0_05_p0_2,"contact-relaxed SNS links, alpha=3.7, tau=0.05, p=0.2",contact_relaxation,contact_relaxed,shape,3.7,0,0.05,0.2,0.810000000000002,0.05,0.2,4.63874876556363e-08,8.42519636916315e-07,0.0449663087105824,72.2056882373175,0.20284958308838,0.247446039348462,0.29135010592273,0.167459474292023,0.0476148478636295,0.217585115338898,0.285396396017814,0.328116243749606,0.143348629622956,0.049139967086171,234.551755866466,226.666063266002,505,v7.4.6,gap_tied_weak_links_phase3_seed,/Users/asewaket/Documents/LTSpice Superconducting Circuit/matlab_v7_4_6_files/outputs/v7_4_6_as006_gap_weaklink_v800_phase3_seed_505/AS006_v7_4_6_gap_weaklink_scores.csv
AS006,crack_tunnel_a3_3_g0_05_p0_1,"tunnel/crack-like links, alpha=3.3, tau=0.05, p=0.1",tear_lane,crack_tunnel,shape,3.3,1,0.05,0.1,0.904793028322441,0.05,0.100217864923747,4.91253511745958e-08,3.72945322501231e-07,0.105765361689428,149.314898637859,0.202906383181534,0.250536775242548,0.283302838902314,0.176027626046673,0.0481806400277327,0.20836719613178,0.257042769146144,0.289280801714308,0.171457110216397,0.0642304207422187,239.468882504262,250.771588522124,505,v7.4.6,gap_tied_weak_links_phase3_seed,/Users/asewaket/Documents/LTSpice Superconducting Circuit/matlab_v7_4_6_files/outputs/v7_4_6_as006_gap_weaklink_v800_phase3_seed_505/AS006_v7_4_6_gap_weaklink_scores.csv
AS006,combined_a3_3_g0_2_p0_1,"combined weak-link classes, alpha=3.3, tau=0.2, p=0.1",combined,boundary_constriction,shape,3.3,1,0.2,0.1,0.919825708061002,0.2,0.100217864923747,2.04242933630043e-07,3.64452584969432e-07,0.111628920818775,153.33278708836,0.203178906469604,0.253091473753967,0.287216446514256,0.170824173950852,0.0466440597555388,0.210570332188108,0.27550258911581,0.30835250728187,0.152992492308855,0.0464915686953896,240.430270545987,234.688040534228,505,v7.4.6,gap_tied_weak_links_phase3_seed,/Users/asewaket/Documents/LTSpice Superconducting Circuit/matlab_v7_4_6_files/outputs/v7_4_6_as006_gap_weaklink_v800_phase3_seed_505/AS006_v7_4_6_gap_weaklink_scores.csv
AS006,contact_relaxed_a3_3_g0_1_p0_2,"contact-relaxed SNS links, alpha=3.3, tau=0.1, p=0.2",contact_relaxation,contact_relaxed,shape,3.3,1,0.1,0.2,0.820000000000002,0.1,0.2,7.12389450926626e-08,6.46943962554508e-07,0.0401050861472762,83.8681368811741,0.203302041073919,0.247052963629655,0.297077105075313,0.161369918527431,0.0478599096988542,0.217131594083577,0.281675376658295,0.330729768963156,0.141078405411697,0.0488574913094437,235.779281771479,228.420287917291,505,v7.4.6,gap_tied_weak_links_phase3_seed,/Users/asewaket/Documents/LTSpice Superconducting Circuit/matlab_v7_4_6_files/outputs/v7_4_6_as006_gap_weaklink_v800_phase3_seed_505/AS006_v7_4_6_gap_weaklink_scores.csv
AS006,crack_tunnel_a4_1_g0_2_p0_3,"tunnel/crack-like links, alpha=4.1, tau=0.2, p=0.3",tear_lane,crack_tunnel,shape,4.1,0.999999999999997,0.2,0.3,0.759825708061,0.2,0.300217864923747,2.55617842940707e-07,5.01997805133596e-07,0.099362160781788,108.25612273728,0.203310415445779,0.259833392194753,0.284755149956278,0.166614953651305,0.0501284805465247,0.208699066893643,0.255942798523253,0.279869567322674,0.174327482261851,0.0798714403029666,240.689702065442,261.363612822886,505,v7.4.6,gap_tied_weak_links_phase3_seed,/Users/asewaket/Documents/LTSpice Superconducting Circuit/matlab_v7_4_6_files/outputs/v7_4_6_as006_gap_weaklink_v800_phase3_seed_505/AS006_v7_4_6_gap_weaklink_scores.csv
AS006,crack_tunnel_a3_7_g0_2_p0_2,"tunnel/crack-like links, alpha=3.7, tau=0.2, p=0.2",tear_lane,crack_tunnel,shape,3.7,0,0.2,0.2,0.839651416122003,0.2,0.200435729847495,2.11097455750928e-07,4.31411386881033e-07,0.0999344414862411,129.185970708498,0.203345276748017,0.257973581784057,0.284976675476061,0.169763422649895,0.0478393415605527,0.208716326470592,0.275106082408897,0.301238377307524,0.155544410472532,0.0468778765652282,240.106182590735,239.793703666016,505,v7.4.6,gap_tied_weak_links_phase3_seed,/Users/asewaket/Documents/LTSpice Superconducting Circuit/matlab_v7_4_6_files/outputs/v7_4_6_as006_gap_weaklink_v800_phase3_seed_505/AS006_v7_4_6_gap_weaklink_scores.csv
AS006,boundary_sns_a3_7_g0_2_p0_3,"SNS-like boundary constriction, alpha=3.7, tau=0.2, p=0.3",boundary_lane,boundary_constriction,shape,3.7,0,0.2,0.3,0.747276688453157,0.2,0.315904139433551,2.10665505209618e-07,3.46720375227613e-07,0.110425925597029,144.399878267146,0.203469443086267,0.257325499318557,0.284365486031889,0.171888111288869,0.0475219764458876,0.216200694015486,0.288919308919107,0.314399790750546,0.148645211387529,0.0560780131104573,240.108801222475,227.134828280504,505,v7.4.6,gap_tied_weak_links_phase3_seed,/Users/asewaket/Documents/LTSpice Superconducting Circuit/matlab_v7_4_6_files/outputs/v7_4_6_as006_gap_weaklink_v800_phase3_seed_505/AS006_v7_4_6_gap_weaklink_scores.csv
AS006,boundary_sns_a4_1_g0_05_p0_3,"SNS-like boundary constriction, alpha=4.1, tau=0.05, p=0.3",boundary_lane,boundary_constriction,shape,4.1,0.999999999999997,0.05,0.3,0.699891067538129,0.05,0.315904139433551,6.02085284483409e-08,3.79129100120001e-07,0.122363863499411,139.966590904334,0.203548021769552,0.254176264927445,0.280161134035717,0.176668663564384,0.0524460299023318,0.204876871056677,0.25220605261867,0.278342741963964,0.179357925834613,0.0608810969345138,242.897076010886,255.340741355506,505,v7.4.6,gap_tied_weak_links_phase3_seed,/Users/asewaket/Documents/LTSpice Superconducting Circuit/matlab_v7_4_6_files/outputs/v7_4_6_as006_gap_weaklink_v800_phase3_seed_505/AS006_v7_4_6_gap_weaklink_scores.csv
AS006,boundary_sns_a4_1_g0_2_p0_3,"SNS-like boundary constriction, alpha=4.1, tau=0.2, p=0.3",boundary_lane,boundary_constriction,shape,4.1,0.999999999999997,0.2,0.3,0.747276688453157,0.2,0.315904139433551,2.33440154421468e-07,3.84203659036004e-07,0.122363863499411,144.399878267146,0.203886595316306,0.259466913055153,0.283998344066666,0.172395532640761,0.047474545608761,0.216851682939819,0.291780188330259,0.31470294566175,0.148577009867908,0.0560268091258866,239.829509908136,226.807584376885,505,v7.4.6,gap_tied_weak_links_phase3_seed,/Users/asewaket/Documents/LTSpice Superconducting Circuit/matlab_v7_4_6_files/outputs/v7_4_6_as006_gap_weaklink_v800_phase3_seed_505/AS006_v7_4_6_gap_weaklink_scores.csv
AS006,crack_tunnel_a4_1_g0_2_p0_2,"tunnel/crack-like links, alpha=4.1, tau=0.2, p=0.2",tear_lane,crack_tunnel,shape,4.1,0.999999999999997,0.2,0.2,0.839651416122003,0.2,0.200435729847495,2.33918802318596e-07,4.78050455733036e-07,0.110738164890159,129.185970708498,0.203920912278573,0.260488662535694,0.284787653993168,0.170145974661531,0.0480550360422104,0.209457488172229,0.278239793779516,0.301606468759175,0.155441224869052,0.046934795666758,239.710525493924,239.668037217888,505,v7.4.6,gap_tied_weak_links_phase3_seed,/Users/asewaket/Documents/LTSpice Superconducting Circuit/matlab_v7_4_6_files/outputs/v7_4_6_as006_gap_weaklink_v800_phase3_seed_505/AS006_v7_4_6_gap_weaklink_scores.csv
AS006,crack_tunnel_a3_3_g0_1_p0_1,"tunnel/crack-like links, alpha=3.3, tau=0.1, p=0.1",tear_lane,crack_tunnel,shape,3.3,1,0.1,0.1,0.909803921568628,0.1,0.100217864923747,9.63947348901611e-08,3.6590034097937e-07,0.105765361689428,152.18978172495,0.20401762845844,0.254558795277927,0.286523647945299,0.173323642907507,0.0474584094756174,0.209723309681505,0.262554710374363,0.293880228762527,0.167532075768082,0.0623563429886358,239.631497273039,249.139470638457,505,v7.4.6,gap_tied_weak_links_phase3_seed,/Users/asewaket/Documents/LTSpice Superconducting Circuit/matlab_v7_4_6_files/outputs/v7_4_6_as006_gap_weaklink_v800_phase3_seed_505/AS006_v7_4_6_gap_weaklink_scores.csv
AS006,crack_tunnel_a3_7_g0_05_p0_1,"tunnel/crack-like links, alpha=3.7, tau=0.05, p=0.1",tear_lane,crack_tunnel,shape,3.7,0,0.05,0.1,0.904793028322441,0.05,0.100217864923747,5.50799391957589e-08,4.18150816137743e-07,0.118585405530571,149.314898637859,0.204081972790787,0.255352166632933,0.2833452549891,0.176384114888575,0.0487233574793569,0.209598264680024,0.262342823463372,0.289755554753513,0.171347661807595,0.0643917018586075,238.899117368033,250.905911562883,505,v7.4.6,gap_tied_weak_links_phase3_seed,/Users/asewaket/Documents/LTSpice Superconducting Circuit/matlab_v7_4_6_files/outputs/v7_4_6_as006_gap_weaklink_v800_phase3_seed_505/AS006_v7_4_6_gap_weaklink_scores.csv
AS006,contact_relaxed_a4_1_g0_05_p0_2,"contact-relaxed SNS links, alpha=4.1, tau=0.05, p=0.2",contact_relaxation,contact_relaxed,shape,4.1,0.999999999999997,0.05,0.2,0.810000000000002,0.05,0.2,5.14023511859754e-08,9.33602840907268e-07,0.0498275312738886,72.2056882373175,0.20423240672053,0.253978829831099,0.291234740459738,0.167959368569483,0.047573197255153,0.219373870506105,0.293169993616677,0.32890263577897,0.143183095562785,0.0491408768471709,234.146653532369,226.216545584991,505,v7.4.6,gap_tied_weak_links_phase3_seed,/Users/asewaket/Documents/LTSpice Superconducting Circuit/matlab_v7_4_6_files/outputs/v7_4_6_as006_gap_weaklink_v800_phase3_seed_505/AS006_v7_4_6_gap_weaklink_scores.csv
AS006,combined_a3_7_g0_2_p0_1,"combined weak-link classes, alpha=3.7, tau=0.2, p=0.1",combined,boundary_constriction,shape,3.7,0,0.2,0.1,0.919825708061002,0.2,0.100217864923747,2.28999652857926e-07,4.08628655874817e-07,0.125159699099838,153.33278708836,0.204344676136432,0.258347019922697,0.287361131320484,0.170911118734693,0.0468554825302488,0.211806546470332,0.281047618361287,0.308771421404979,0.15289274523345,0.0465191949898469,240.058088811819,234.820079522906,505,v7.4.6,gap_tied_weak_links_phase3_seed,/Users/asewaket/Documents/LTSpice Superconducting Circuit/matlab_v7_4_6_files/outputs/v7_4_6_as006_gap_weaklink_v800_phase3_seed_505/AS006_v7_4_6_gap_weaklink_scores.csv
AS006,crack_tunnel_a4_1_g0_05_p0_1,"tunnel/crack-like links, alpha=4.1, tau=0.05, p=0.1",tear_lane,crack_tunnel,shape,4.1,0.999999999999997,0.05,0.1,0.904793028322441,0.05,0.100217864923747,6.1034527216922e-08,4.63356309774256e-07,0.131405449371714,149.314898637859,0.204793550207553,0.258267876885832,0.283445437777432,0.17659160511878,0.0489308516429544,0.21038313719133,0.265604581476997,0.290144333416176,0.171256788190264,0.0644875357635166,238.627462010431,250.885713515679,505,v7.4.6,gap_tied_weak_links_phase3_seed,/Users/asewaket/Documents/LTSpice Superconducting Circuit/matlab_v7_4_6_files/outputs/v7_4_6_as006_gap_weaklink_v800_phase3_seed_505/AS006_v7_4_6_gap_weaklink_scores.csv
AS006,contact_relaxed_a3_7_g0_1_p0_2,"contact-relaxed SNS links, alpha=3.7, tau=0.1, p=0.2",contact_relaxation,contact_relaxed,shape,3.7,0,0.1,0.2,0.820000000000002,0.1,0.2,7.9873968740258e-08,7.25361412561115e-07,0.0449663087105824,83.8681368811741,0.204955361765034,0.255031243191685,0.29671499920997,0.162144797255944,0.0478133204461064,0.219357778098468,0.291288854009288,0.331669188910857,0.140979961867778,0.0488540035543316,235.192385771984,227.792302043647,505,v7.4.6,gap_tied_weak_links_phase3_seed,/Users/asewaket/Documents/LTSpice Superconducting Circuit/matlab_v7_4_6_files/outputs/v7_4_6_as006_gap_weaklink_v800_phase3_seed_505/AS006_v7_4_6_gap_weaklink_scores.csv
AS006,crack_tunnel_a3_7_g0_1_p0_1,"tunnel/crack-like links, alpha=3.7, tau=0.1, p=0.1",tear_lane,crack_tunnel,shape,3.7,0,0.1,0.1,0.909803921568628,0.1,0.100217864923747,1.08078945179878e-07,4.10251897461718e-07,0.118585405530571,152.18978172495,0.205016398171453,0.258911805438939,0.286287607031489,0.173863757850542,0.0478371758000443,0.210874474272026,0.26763184903326,0.294288365792136,0.167420732569527,0.0624599664787235,238.99676801842,249.125594879792,505,v7.4.6,gap_tied_weak_links_phase3_seed,/Users/asewaket/Documents/LTSpice Superconducting Circuit/matlab_v7_4_6_files/outputs/v7_4_6_as006_gap_weaklink_v800_phase3_seed_505/AS006_v7_4_6_gap_weaklink_scores.csv
AS006,contact_relaxed_a3_3_g0_1_p0_3,"contact-relaxed SNS links, alpha=3.3, tau=0.1, p=0.3",contact_relaxation,contact_relaxed,shape,3.3,1,0.1,0.3,0.72980392156863,0.1,0.300217864923747,1.68558316024037e-07,1.3230305783952e-06,0.042077334189822,36.415067035684,0.205034956756056,0.248970188176759,0.311087024756103,0.147288464673084,0.0476917214389874,0.213280124885548,0.268944617310706,0.330590216330591,0.137505627608311,0.0470410940281089,241.310778353842,236.104965064746,505,v7.4.6,gap_tied_weak_links_phase3_seed,/Users/asewaket/Documents/LTSpice Superconducting Circuit/matlab_v7_4_6_files/outputs/v7_4_6_as006_gap_weaklink_v800_phase3_seed_505/AS006_v7_4_6_gap_weaklink_scores.csv
AS006,combined_a4_1_g0_2_p0_1,"combined weak-link classes, alpha=4.1, tau=0.2, p=0.1",combined,boundary_constriction,shape,4.1,0.999999999999997,0.2,0.1,0.919825708061002,0.2,0.100217864923747,2.5375637208581e-07,4.52804726780203e-07,0.138690477380902,153.33278708836,0.205059712789967,0.261443360502709,0.287323513619789,0.171138487180245,0.0471159456371915,0.212614461270901,0.28457248784904,0.309108354662642,0.152815688172429,0.0465405876303026,239.623528023658,234.907630149123,505,v7.4.6,gap_tied_weak_links_phase3_seed,/Users/asewaket/Documents/LTSpice Superconducting Circuit/matlab_v7_4_6_files/outputs/v7_4_6_as006_gap_weaklink_v800_phase3_seed_505/AS006_v7_4_6_gap_weaklink_scores.csv
AS006,combined_a3_3_g0_05_p0_05,"combined weak-link classes, alpha=3.3, tau=0.05, p=0.05",combined,boundary_constriction,shape,3.3,1,0.05,0.05,0.95239651416122,0.05,0.0501089324618736,5.31572088710476e-08,3.65597960500407e-07,0.11666213767768,161.440616746891,0.205438056370234,0.257975593365575,0.289050483927947,0.172208182246525,0.0481161138035339,0.212124755716986,0.279156310563839,0.308900670771954,0.155160802077636,0.0469402915731297,239.764646378338,236.387040067879,505,v7.4.6,gap_tied_weak_links_phase3_seed,/Users/asewaket/Documents/LTSpice Superconducting Circuit/matlab_v7_4_6_files/outputs/v7_4_6_as006_gap_weaklink_v800_phase3_seed_505/AS006_v7_4_6_gap_weaklink_scores.csv
AS006,contact_relaxed_a3_7_g0_05_p0_3,"contact-relaxed SNS links, alpha=3.7, tau=0.05, p=0.3",contact_relaxation,contact_relaxed,shape,3.7,0,0.05,0.3,0.714793028322441,0.05,0.300217864923747,1.77135691985335e-07,2.78071046922861e-06,0.0471776171219217,19.4259831578962,0.205511333583787,0.25117230835766,0.311607540838311,0.146844609796854,0.0475154008481616,0.21289511471117,0.269041073097583,0.329073623037953,0.138042031450665,0.0470031208285173,242.383924959558,236.970800222635,505,v7.4.6,gap_tied_weak_links_phase3_seed,/Users/asewaket/Documents/LTSpice Superconducting Circuit/matlab_v7_4_6_files/outputs/v7_4_6_as006_gap_weaklink_v800_phase3_seed_505/AS006_v7_4_6_gap_weaklink_scores.csv
AS006,crack_tunnel_a4_1_g0_1_p0_1,"tunnel/crack-like links, alpha=4.1, tau=0.1, p=0.1",tear_lane,crack_tunnel,shape,4.1,0.999999999999997,0.1,0.1,0.909803921568628,0.1,0.100217864923747,1.19763155469594e-07,4.54603453944065e-07,0.131405449371714,152.18978172495,0.205674264025811,0.261632739537629,0.286282859193488,0.174096846293438,0.0481225191360238,0.211595033370168,0.27073921923042,0.294613910983692,0.167323869491553,0.0625067665345153,238.631242753547,249.163743949831,505,v7.4.6,gap_tied_weak_links_phase3_seed,/Users/asewaket/Documents/LTSpice Superconducting Circuit/matlab_v7_4_6_files/outputs/v7_4_6_as006_gap_weaklink_v800_phase3_seed_505/AS006_v7_4_6_gap_weaklink_scores.csv
AS006,contact_relaxed_a4_1_g0_1_p0_2,"contact-relaxed SNS links, alpha=4.1, tau=0.1, p=0.2",contact_relaxation,contact_relaxed,shape,4.1,0.999999999999997,0.1,0.2,0.820000000000002,0.1,0.2,8.85089923878535e-08,8.03778862567722e-07,0.0498275312738886,83.8681368811741,0.206180924053005,0.260917381908534,0.296473553578791,0.162700744374282,0.0477825891257527,0.22100615967049,0.298400135869316,0.332371255868572,0.140902171152744,0.0488532507722028,234.769391486875,227.340138137455,505,v7.4.6,gap_tied_weak_links_phase3_seed,/Users/asewaket/Documents/LTSpice Superconducting Circuit/matlab_v7_4_6_files/outputs/v7_4_6_as006_gap_weaklink_v800_phase3_seed_505/AS006_v7_4_6_gap_weaklink_scores.csv
AS006,crack_tunnel_a3_3_g0_2_p0_1,"tunnel/crack-like links, alpha=3.3, tau=0.2, p=0.1",tear_lane,crack_tunnel,shape,3.3,1,0.2,0.1,0.919825708061001,0.2,0.100217864923747,1.86408279646392e-07,3.53992227827986e-07,0.105765361689428,157.399592874275,0.206219823492735,0.262571747468895,0.29268753018527,0.167611122788283,0.0468102886852009,0.211810446040638,0.27223177211225,0.301682742465384,0.16067726695718,0.0580290750800409,240.453945355655,246.621493769074,505,v7.4.6,gap_tied_weak_links_phase3_seed,/Users/asewaket/Documents/LTSpice Superconducting Circuit/matlab_v7_4_6_files/outputs/v7_4_6_as006_gap_weaklink_v800_phase3_seed_505/AS006_v7_4_6_gap_weaklink_scores.csv
AS006,combined_a3_3_g0_1_p0_05,"combined weak-link classes, alpha=3.3, tau=0.1, p=0.05",combined,boundary_constriction,shape,3.3,1,0.1,0.05,0.954901960784314,0.1,0.0501089324618736,1.04729594916536e-07,3.60148013023061e-07,0.11666213767768,163.883620318105,0.206338691011687,0.261554645489335,0.291739603685177,0.169983223842084,0.0471154733174352,0.212746766643262,0.280764699470171,0.309762634142256,0.154887497290766,0.0472751523837358,239.950669226787,238.017026000569,505,v7.4.6,gap_tied_weak_links_phase3_seed,/Users/asewaket/Documents/LTSpice Superconducting Circuit/matlab_v7_4_6_files/outputs/v7_4_6_as006_gap_weaklink_v800_phase3_seed_505/AS006_v7_4_6_gap_weaklink_scores.csv
AS006,combined_a3_7_g0_05_p0_05,"combined weak-link classes, alpha=3.7, tau=0.05, p=0.05",combined,boundary_constriction,shape,3.7,0,0.05,0.05,0.95239651416122,0.05,0.0501089324618736,5.96005069160231e-08,4.09912864803487e-07,0.130803002850732,161.440616746891,0.206414822142922,0.262065946381047,0.288866651387721,0.172722446175435,0.0485884666857543,0.213228334305552,0.283946631966008,0.309318260273726,0.155095579560992,0.0470186096314923,239.139208144773,236.414645985363,505,v7.4.6,gap_tied_weak_links_phase3_seed,/Users/asewaket/Documents/LTSpice Superconducting Circuit/matlab_v7_4_6_files/outputs/v7_4_6_as006_gap_weaklink_v800_phase3_seed_505/AS006_v7_4_6_gap_weaklink_scores.csv
AS006,boundary_sns_a3_3_g0_1_p0_2,"SNS-like boundary constriction, alpha=3.3, tau=0.1, p=0.2",boundary_lane,boundary_constriction,shape,3.3,1,0.1,0.2,0.800784313725492,0.1,0.221350762527233,9.29621483350695e-08,3.02379617630414e-07,0.11330086541561,162.943941991417,0.206497260012004,0.258635917372383,0.289495933291875,0.173100021169641,0.0508574729648061,0.210647468960061,0.274705179863505,0.304495361754359,0.159444748034408,0.0463593468236597,239.973006715325,240.731719280326,505,v7.4.6,gap_tied_weak_links_phase3_seed,/Users/asewaket/Documents/LTSpice Superconducting Circuit/matlab_v7_4_6_files/outputs/v7_4_6_as006_gap_weaklink_v800_phase3_seed_505/AS006_v7_4_6_gap_weaklink_scores.csv
AS006,contact_relaxed_a3_3_g0_2_p0_2,"contact-relaxed SNS links, alpha=3.3, tau=0.2, p=0.2",contact_relaxation,contact_relaxed,shape,3.3,1,0.2,0.2,0.839999999999998,0.2,0.2,1.14858850597788e-07,5.22391775322088e-07,0.0401050861472762,104.035127762578,0.206699614623287,0.259737233219909,0.30335661797356,0.156087565346979,0.0477773017590749,0.220329736329068,0.292901336719115,0.335384553009416,0.13878266113343,0.0483460507429576,236.368044206349,229.429087733703,505,v7.4.6,gap_tied_weak_links_phase3_seed,/Users/asewaket/Documents/LTSpice Superconducting Circuit/matlab_v7_4_6_files/outputs/v7_4_6_as006_gap_weaklink_v800_phase3_seed_505/AS006_v7_4_6_gap_weaklink_scores.csv
AS006,combined_a4_1_g0_05_p0_05,"combined weak-link classes, alpha=4.1, tau=0.05, p=0.05",combined,boundary_constriction,shape,4.1,0.999999999999997,0.05,0.05,0.95239651416122,0.05,0.0501089324618736,6.60438049609985e-08,4.54227769106567e-07,0.144943868023784,161.440616746891,0.207039484581827,0.264344702100811,0.288668075510723,0.173218413924043,0.0491605712595031,0.213932291736431,0.286844995665256,0.30965682363345,0.155060181573202,0.0470917946918604,238.529688961273,236.487268833929,505,v7.4.6,gap_tied_weak_links_phase3_seed,/Users/asewaket/Documents/LTSpice Superconducting Circuit/matlab_v7_4_6_files/outputs/v7_4_6_as006_gap_weaklink_v800_phase3_seed_505/AS006_v7_4_6_gap_weaklink_scores.csv
AS006,crack_tunnel_a3_7_g0_2_p0_1,"tunnel/crack-like links, alpha=3.7, tau=0.2, p=0.1",tear_lane,crack_tunnel,shape,3.7,0,0.2,0.1,0.919825708061001,0.2,0.100217864923747,2.09003222633834e-07,3.96900376655621e-07,0.118585405530571,157.399592874275,0.207089186977475,0.266538793396451,0.292445061799049,0.167968285523181,0.0471679264386134,0.212818374588527,0.276848932468932,0.302009795536496,0.160518805130529,0.0580772918716746,239.701584899507,246.821142078984,505,v7.4.6,gap_tied_weak_links_phase3_seed,/Users/asewaket/Documents/LTSpice Superconducting Circuit/matlab_v7_4_6_files/outputs/v7_4_6_as006_gap_weaklink_v800_phase3_seed_505/AS006_v7_4_6_gap_weaklink_scores.csv
AS006,boundary_sns_a3_3_g0_2_p0_2,"SNS-like boundary constriction, alpha=3.3, tau=0.2, p=0.2",boundary_lane,boundary_constriction,shape,3.3,1,0.2,0.2,0.822919389978212,0.2,0.221350762527233,1.84235411494394e-07,3.02365645064628e-07,0.11330086541561,164.437648363469,0.207154150994158,0.26395544717374,0.293277666266711,0.168650906030026,0.0477657592927739,0.21653477002332,0.289811902582182,0.317606288944597,0.149956500829301,0.0496053158447476,240.168139291502,231.983784572099,505,v7.4.6,gap_tied_weak_links_phase3_seed,/Users/asewaket/Documents/LTSpice Superconducting Circuit/matlab_v7_4_6_files/outputs/v7_4_6_as006_gap_weaklink_v800_phase3_seed_505/AS006_v7_4_6_gap_weaklink_scores.csv
AS006,combined_a3_7_g0_1_p0_05,"combined weak-link classes, alpha=3.7, tau=0.1, p=0.05",combined,boundary_constriction,shape,3.7,0,0.1,0.05,0.954901960784314,0.1,0.0501089324618736,1.17424091270055e-07,4.03802317631917e-07,0.130803002850732,163.883620318105,0.20719353991713,0.265274100322884,0.291341660564678,0.170611284437026,0.0475815877282959,0.21379894337543,0.285355810647977,0.310118427266598,0.154819197542031,0.0474076615850869,239.135580480318,238.090186600971,505,v7.4.6,gap_tied_weak_links_phase3_seed,/Users/asewaket/Documents/LTSpice Superconducting Circuit/matlab_v7_4_6_files/outputs/v7_4_6_as006_gap_weaklink_v800_phase3_seed_505/AS006_v7_4_6_gap_weaklink_scores.csv
AS006,boundary_sns_a3_7_g0_1_p0_2,"SNS-like boundary constriction, alpha=3.7, tau=0.1, p=0.2",boundary_lane,boundary_constriction,shape,3.7,0,0.1,0.2,0.800784313725492,0.1,0.221350762527233,1.04230287527199e-07,3.39031692494707e-07,0.127034303647805,162.943941991417,0.207385792453525,0.262973604921364,0.289631725434152,0.173203873695752,0.0505949957168072,0.211651226413398,0.279392401310202,0.304861022166792,0.159365680990081,0.0461498407272995,239.914175528557,240.578565716462,505,v7.4.6,gap_tied_weak_links_phase3_seed,/Users/asewaket/Documents/LTSpice Superconducting Circuit/matlab_v7_4_6_files/outputs/v7_4_6_as006_gap_weaklink_v800_phase3_seed_505/AS006_v7_4_6_gap_weaklink_scores.csv
AS006,contact_relaxed_a3_7_g0_1_p0_3,"contact-relaxed SNS links, alpha=3.7, tau=0.1, p=0.3",contact_relaxation,contact_relaxed,shape,3.7,0,0.1,0.3,0.72980392156863,0.1,0.300217864923747,1.88989627057254e-07,1.48339792123099e-06,0.0471776171219217,36.415067035684,0.207482524783141,0.259853711880329,0.311858588116694,0.147264540536251,0.0477257071608492,0.215849323650694,0.280125567868952,0.331465521882699,0.137594850452944,0.0470628240236135,241.281511856075,236.083685570299,505,v7.4.6,gap_tied_weak_links_phase3_seed,/Users/asewaket/Documents/LTSpice Superconducting Circuit/matlab_v7_4_6_files/outputs/v7_4_6_as006_gap_weaklink_v800_phase3_seed_505/AS006_v7_4_6_gap_weaklink_scores.csv
AS006,combined_a3_3_g0_4_p0_3,"combined weak-link classes, alpha=3.3, tau=0.4, p=0.3",combined,boundary_constriction,shape,3.3,1,0.4,0.3,0.81986928104575,0.4,0.300217864923747,3.58554409111365e-07,4.0207914879793e-07,0.0919050139164634,137.659256120422,0.207499444087882,0.267838192171701,0.301328276061963,0.15594473006297,0.0474036325805596,0.213702498092973,0.284886891615648,0.317600280350445,0.14518119443206,0.0463486151958623,242.273180149985,238.073320860291,505,v7.4.6,gap_tied_weak_links_phase3_seed,/Users/asewaket/Documents/LTSpice Superconducting Circuit/matlab_v7_4_6_files/outputs/v7_4_6_as006_gap_weaklink_v800_phase3_seed_505/AS006_v7_4_6_gap_weaklink_scores.csv
AS006,crack_tunnel_a4_1_g0_2_p0_1,"tunnel/crack-like links, alpha=4.1, tau=0.2, p=0.1",tear_lane,crack_tunnel,shape,4.1,0.999999999999997,0.2,0.1,0.919825708061001,0.2,0.100217864923747,2.31598165621275e-07,4.39808525483255e-07,0.131405449371714,157.399592874275,0.207660641238687,0.268920638053776,0.292309889748054,0.168210797381316,0.0475767643539207,0.213451402158736,0.279696246840148,0.302276119709239,0.160393200200264,0.058086054212033,239.129524104543,247.00709431852,505,v7.4.6,gap_tied_weak_links_phase3_seed,/Users/asewaket/Documents/LTSpice Superconducting Circuit/matlab_v7_4_6_files/outputs/v7_4_6_as006_gap_weaklink_v800_phase3_seed_505/AS006_v7_4_6_gap_weaklink_scores.csv
AS006,combined_a4_1_g0_1_p0_05,"combined weak-link classes, alpha=4.1, tau=0.1, p=0.05",combined,boundary_constriction,shape,4.1,0.999999999999997,0.1,0.05,0.954901960784314,0.1,0.0501089324618736,1.30118587623575e-07,4.47456622240773e-07,0.144943868023784,163.883620318105,0.207693792463119,0.267239258043469,0.290923861046998,0.171229190521148,0.0480764592884439,0.214460796330699,0.288122748379007,0.310402150047564,0.154774239518144,0.0475096712935728,238.419177975764,238.115347838129,505,v7.4.6,gap_tied_weak_links_phase3_seed,/Users/asewaket/Documents/LTSpice Superconducting Circuit/matlab_v7_4_6_files/outputs/v7_4_6_as006_gap_weaklink_v800_phase3_seed_505/AS006_v7_4_6_gap_weaklink_scores.csv
AS006,contact_relaxed_a4_1_g0_05_p0_3,"contact-relaxed SNS links, alpha=4.1, tau=0.05, p=0.3",contact_relaxation,contact_relaxed,shape,4.1,0.999999999999997,0.05,0.3,0.714793028322441,0.05,0.300217864923747,1.9628549652429e-07,3.08132781725333e-06,0.0522779000540213,19.4259831578962,0.207709399177375,0.260919805594299,0.312347009954843,0.146782404130392,0.0475419177086116,0.215153621743459,0.278937391956609,0.329811831494784,0.138115108837197,0.0470161255983164,242.397817460931,236.995525214401,505,v7.4.6,gap_tied_weak_links_phase3_seed,/Users/asewaket/Documents/LTSpice Superconducting Circuit/matlab_v7_4_6_files/outputs/v7_4_6_as006_gap_weaklink_v800_phase3_seed_505/AS006_v7_4_6_gap_weaklink_scores.csv
AS006,combined_a3_3_g0_4_p0_2,"combined weak-link classes, alpha=3.3, tau=0.4, p=0.2",combined,boundary_constriction,shape,3.3,1,0.4,0.2,0.879999999999999,0.4,0.2,3.87759602602091e-07,3.77696911527232e-07,0.109820178140253,153.556981320861,0.207781044163735,0.268758734893604,0.299859968073049,0.158525779823349,0.0472343170180505,0.21519389236395,0.288847341340493,0.318996279307871,0.14554276946721,0.0469501698564701,241.707093526406,235.833905324975,505,v7.4.6,gap_tied_weak_links_phase3_seed,/Users/asewaket/Documents/LTSpice Superconducting Circuit/matlab_v7_4_6_files/outputs/v7_4_6_as006_gap_weaklink_v800_phase3_seed_505/AS006_v7_4_6_gap_weaklink_scores.csv
AS006,boundary_sns_a3_3_g0_05_p0_2,"SNS-like boundary constriction, alpha=3.3, tau=0.05, p=0.2",boundary_lane,boundary_constriction,shape,3.3,1,0.05,0.2,0.78971677559913,0.05,0.221350762527233,4.55344921890013e-08,2.96221689874848e-07,0.11330086541561,166.331259859377,0.207815999196307,0.258743305298235,0.290462719483225,0.173208798456709,0.0555159335167729,0.211944269451331,0.249209249849871,0.281139187997148,0.18653296609406,0.085352310794201,241.032667137192,266.673271303232,505,v7.4.6,gap_tied_weak_links_phase3_seed,/Users/asewaket/Documents/LTSpice Superconducting Circuit/matlab_v7_4_6_files/outputs/v7_4_6_as006_gap_weaklink_v800_phase3_seed_505/AS006_v7_4_6_gap_weaklink_scores.csv
AS006,boundary_sns_a3_7_g0_2_p0_2,"SNS-like boundary constriction, alpha=3.7, tau=0.2, p=0.2",boundary_lane,boundary_constriction,shape,3.7,0,0.2,0.2,0.822919389978212,0.2,0.221350762527233,2.06566976524018e-07,3.39016026284583e-07,0.127034303647805,164.437648363469,0.207870778391909,0.267721738923978,0.293119814954862,0.168886012310211,0.0475649614767923,0.217448399794363,0.294132577365563,0.317900971339888,0.149848545794015,0.0494720395189272,240.006890186194,231.73937357148,505,v7.4.6,gap_tied_weak_links_phase3_seed,/Users/asewaket/Documents/LTSpice Superconducting Circuit/matlab_v7_4_6_files/outputs/v7_4_6_as006_gap_weaklink_v800_phase3_seed_505/AS006_v7_4_6_gap_weaklink_scores.csv
AS006,boundary_sns_a4_1_g0_1_p0_2,"SNS-like boundary constriction, alpha=4.1, tau=0.1, p=0.2",boundary_lane,boundary_constriction,shape,4.1,0.999999999999997,0.1,0.2,0.800784313725492,0.1,0.221350762527233,1.15498426719329e-07,3.75683767358999e-07,0.14076774188,162.943941991417,0.207897511910755,0.26555967538711,0.289711453442812,0.173286850081373,0.0503242780400255,0.212278498904152,0.282267361951594,0.305143248663708,0.159291315967434,0.0460103024483848,239.882762661201,240.423948927498,505,v7.4.6,gap_tied_weak_links_phase3_seed,/Users/asewaket/Documents/LTSpice Superconducting Circuit/matlab_v7_4_6_files/outputs/v7_4_6_as006_gap_weaklink_v800_phase3_seed_505/AS006_v7_4_6_gap_weaklink_scores.csv
AS006,combined_a3_7_g0_4_p0_3,"combined weak-link classes, alpha=3.7, tau=0.4, p=0.3",combined,boundary_constriction,shape,3.7,0,0.4,0.3,0.81986928104575,0.4,0.300217864923747,4.02015549609712e-07,4.50816015318891e-07,0.103045015603307,137.659256120422,0.208013076544279,0.27102545827365,0.300186047163644,0.157080206915911,0.0473640832664812,0.21485244224984,0.289806011455137,0.318102827405179,0.145124622131041,0.0463704741711988,241.522506729781,237.275998061681,505,v7.4.6,gap_tied_weak_links_phase3_seed,/Users/asewaket/Documents/LTSpice Superconducting Circuit/matlab_v7_4_6_files/outputs/v7_4_6_as006_gap_weaklink_v800_phase3_seed_505/AS006_v7_4_6_gap_weaklink_scores.csv
AS006,combined_a4_1_g0_4_p0_3,"combined weak-link classes, alpha=4.1, tau=0.4, p=0.3",combined,boundary_constriction,shape,4.1,0.999999999999997,0.4,0.3,0.81986928104575,0.4,0.300217864923747,4.45476690108059e-07,4.99552881839852e-07,0.114185017290151,137.659256120422,0.208036038560942,0.272273224150188,0.298367641694743,0.15870998538604,0.0473761139561715,0.215690242652898,0.293385980529591,0.318466000199475,0.14508085363972,0.046398665336167,240.480216826485,236.252759439927,505,v7.4.6,gap_tied_weak_links_phase3_seed,/Users/asewaket/Documents/LTSpice Superconducting Circuit/matlab_v7_4_6_files/outputs/v7_4_6_as006_gap_weaklink_v800_phase3_seed_505/AS006_v7_4_6_gap_weaklink_scores.csv
AS006,contact_relaxed_a3_7_g0_2_p0_2,"contact-relaxed SNS links, alpha=3.7, tau=0.2, p=0.2",contact_relaxation,contact_relaxed,shape,3.7,0,0.2,0.2,0.839999999999998,0.2,0.2,1.28781135518732e-07,5.85711990512645e-07,0.0449663087105824,104.035127762578,0.208130105397168,0.266612708170075,0.303039474127154,0.156670566666268,0.0478805307604135,0.222193342846002,0.301031804780643,0.336056548364463,0.138782785305108,0.0483574681801711,235.854811454233,229.041561562982,505,v7.4.6,gap_tied_weak_links_phase3_seed,/Users/asewaket/Documents/LTSpice Superconducting Circuit/matlab_v7_4_6_files/outputs/v7_4_6_as006_gap_weaklink_v800_phase3_seed_505/AS006_v7_4_6_gap_weaklink_scores.csv
AS006,contact_relaxed_a3_3_g0_2_p0_3,"contact-relaxed SNS links, alpha=3.3, tau=0.2, p=0.3",contact_relaxation,contact_relaxed,shape,3.3,1,0.2,0.3,0.759825708061001,0.2,0.300217864923747,1.88173820664481e-07,7.3982082012475e-07,0.042077334189822,65.238218108795,0.208134704335006,0.262406783347211,0.311663396165207,0.147868050895235,0.0480207314196629,0.217900956402649,0.286012783444427,0.334439097586027,0.136871990408281,0.0471335897829224,239.648621615177,234.743579609331,505,v7.4.6,gap_tied_weak_links_phase3_seed,/Users/asewaket/Documents/LTSpice Superconducting Circuit/matlab_v7_4_6_files/outputs/v7_4_6_as006_gap_weaklink_v800_phase3_seed_505/AS006_v7_4_6_gap_weaklink_scores.csv
AS006,combined_a3_3_g0_2_p0_05,"combined weak-link classes, alpha=3.3, tau=0.2, p=0.05",combined,boundary_constriction,shape,3.3,1,0.2,0.05,0.959912854030501,0.2,0.0501089324618736,2.043492426509e-07,3.51361875132533e-07,0.11666213767768,167.981686124393,0.208227033444649,0.268385069857868,0.296948771355896,0.165187881818944,0.0466048952188826,0.214525453237475,0.285481886153524,0.31306008296041,0.152689633445627,0.0484281930461013,240.764970632668,239.222016447073,505,v7.4.6,gap_tied_weak_links_phase3_seed,/Users/asewaket/Documents/LTSpice Superconducting Circuit/matlab_v7_4_6_files/outputs/v7_4_6_as006_gap_weaklink_v800_phase3_seed_505/AS006_v7_4_6_gap_weaklink_scores.csv
AS006,boundary_sns_a4_1_g0_2_p0_2,"SNS-like boundary constriction, alpha=4.1, tau=0.2, p=0.2",boundary_lane,boundary_constriction,shape,4.1,0.999999999999997,0.2,0.2,0.822919389978212,0.2,0.221350762527233,2.28898541553641e-07,3.75666407504538e-07,0.14076774188,164.437648363469,0.208241906910479,0.269771603330087,0.292835338460287,0.169227605712161,0.0474415817766061,0.218029664667041,0.296810036342519,0.318138116957833,0.14976577573634,0.0493893626460531,239.798338798201,231.46565762693,505,v7.4.6,gap_tied_weak_links_phase3_seed,/Users/asewaket/Documents/LTSpice Superconducting Circuit/matlab_v7_4_6_files/outputs/v7_4_6_as006_gap_weaklink_v800_phase3_seed_505/AS006_v7_4_6_gap_weaklink_scores.csv
AS006,combined_a3_7_g0_4_p0_2,"combined weak-link classes, alpha=3.7, tau=0.4, p=0.2",combined,boundary_constriction,shape,3.7,0,0.4,0.2,0.879999999999999,0.4,0.2,4.34760766553859e-07,4.23478355348715e-07,0.123131714884526,153.556981320861,0.208341251529018,0.27197014840246,0.298954366299811,0.159475840454967,0.0472211676492519,0.21626884649287,0.293498394180918,0.319454906303001,0.145472326160004,0.046959344553175,241.072434019318,235.189506795674,505,v7.4.6,gap_tied_weak_links_phase3_seed,/Users/asewaket/Documents/LTSpice Superconducting Circuit/matlab_v7_4_6_files/outputs/v7_4_6_as006_gap_weaklink_v800_phase3_seed_505/AS006_v7_4_6_gap_weaklink_scores.csv
AS006,combined_a4_1_g0_4_p0_2,"combined weak-link classes, alpha=4.1, tau=0.4, p=0.2",combined,boundary_constriction,shape,4.1,0.999999999999997,0.4,0.2,0.879999999999999,0.4,0.2,4.81761930505628e-07,4.69259799170198e-07,0.136443251628799,153.556981320861,0.208450043564737,0.273234705278862,0.297573990676225,0.160796973785607,0.0472648116294231,0.217007009177502,0.296621575084927,0.31980570367797,0.145425529047795,0.0469715780563932,240.215033936483,234.407704952611,505,v7.4.6,gap_tied_weak_links_phase3_seed,/Users/asewaket/Documents/LTSpice Superconducting Circuit/matlab_v7_4_6_files/outputs/v7_4_6_as006_gap_weaklink_v800_phase3_seed_505/AS006_v7_4_6_gap_weaklink_scores.csv
AS006,crack_tunnel_a3_3_g0_05_p0_05,"tunnel/crack-like links, alpha=3.3, tau=0.05, p=0.05",tear_lane,crack_tunnel,shape,3.3,1,0.05,0.05,0.951982570806101,0.05,0.0505446623093682,4.92580463521032e-08,3.54721524145925e-07,0.116470874441178,166.389142698501,0.208522971427533,0.268196331331051,0.297239493054497,0.165560272261603,0.0472990726342381,0.21404215298686,0.272551744446137,0.301132641406084,0.163837041853813,0.0658805957102484,241.230112216622,251.234274500998,505,v7.4.6,gap_tied_weak_links_phase3_seed,/Users/asewaket/Documents/LTSpice Superconducting Circuit/matlab_v7_4_6_files/outputs/v7_4_6_as006_gap_weaklink_v800_phase3_seed_505/AS006_v7_4_6_gap_weaklink_scores.csv
AS006,boundary_sns_a3_3_g0_4_p0_3,"SNS-like boundary constriction, alpha=3.3, tau=0.4, p=0.3",boundary_lane,boundary_constriction,shape,3.3,1,0.4,0.3,0.810457516339867,0.4,0.315904139433551,3.46926243829417e-07,3.45584924192181e-07,0.0984879876946479,156.410287293963,0.208570066946983,0.27245109361186,0.30046554137476,0.157992285839844,0.0470941864174223,0.219152594773391,0.29739232101696,0.324389157111502,0.143147163932272,0.051755672989528,242.198693878525,231.098411151828,505,v7.4.6,gap_tied_weak_links_phase3_seed,/Users/asewaket/Documents/LTSpice Superconducting Circuit/matlab_v7_4_6_files/outputs/v7_4_6_as006_gap_weaklink_v800_phase3_seed_505/AS006_v7_4_6_gap_weaklink_scores.csv
AS006,boundary_sns_a4_1_g0_4_p0_3,"SNS-like boundary constriction, alpha=4.1, tau=0.4, p=0.3",boundary_lane,boundary_constriction,shape,4.1,0.999999999999997,0.4,0.3,0.810457516339867,0.4,0.315904139433551,4.31029575666851e-07,4.2936308763271e-07,0.122363863499411,156.410287293963,0.208712611739683,0.275143506130082,0.297516226090509,0.160618614985492,0.0469928881780793,0.220623031156636,0.303896839419976,0.324998922921192,0.143019752355242,0.0516955108070634,240.604610094122,229.381928979381,505,v7.4.6,gap_tied_weak_links_phase3_seed,/Users/asewaket/Documents/LTSpice Superconducting Circuit/matlab_v7_4_6_files/outputs/v7_4_6_as006_gap_weaklink_v800_phase3_seed_505/AS006_v7_4_6_gap_weaklink_scores.csv
AS006,combined_a3_7_g0_2_p0_05,"combined weak-link classes, alpha=3.7, tau=0.2, p=0.05",combined,boundary_constriction,shape,3.7,0,0.2,0.05,0.959912854030501,0.2,0.0501089324618736,2.29118847820706e-07,3.93951193330415e-07,0.130803002850732,167.981686124393,0.208726127873661,0.27113271155455,0.295953749917982,0.16617340321573,0.0468621114376256,0.215459654769928,0.289674874392409,0.313364390947098,0.152558373863192,0.0485377479708165,239.5774161036,239.139764945312,505,v7.4.6,gap_tied_weak_links_phase3_seed,/Users/asewaket/Documents/LTSpice Superconducting Circuit/matlab_v7_4_6_files/outputs/v7_4_6_as006_gap_weaklink_v800_phase3_seed_505/AS006_v7_4_6_gap_weaklink_scores.csv
AS006,boundary_sns_a3_7_g0_4_p0_3,"SNS-like boundary constriction, alpha=3.7, tau=0.4, p=0.3",boundary_lane,boundary_constriction,shape,3.7,0,0.4,0.3,0.810457516339867,0.4,0.315904139433551,3.88977909748134e-07,3.87474005912445e-07,0.110425925597029,156.410287293963,0.208901247906334,0.27489810097512,0.299312717892208,0.159030894877277,0.0470222636485874,0.220049322528437,0.30141666522112,0.324729025870915,0.143068750827613,0.0517182136124492,241.560723444983,230.35816687822,505,v7.4.6,gap_tied_weak_links_phase3_seed,/Users/asewaket/Documents/LTSpice Superconducting Circuit/matlab_v7_4_6_files/outputs/v7_4_6_as006_gap_weaklink_v800_phase3_seed_505/AS006_v7_4_6_gap_weaklink_scores.csv
AS006,boundary_sns_a3_7_g0_05_p0_2,"SNS-like boundary constriction, alpha=3.7, tau=0.05, p=0.2",boundary_lane,boundary_constriction,shape,3.7,0,0.05,0.2,0.78971677559913,0.05,0.221350762527233,5.10538245755469e-08,3.32127349253617e-07,0.127034303647805,166.331259859377,0.208981986542834,0.263331375321133,0.29074746665749,0.173387791721598,0.056035751090431,0.212839666387348,0.254044681798687,0.281703203588933,0.186287369863971,0.0843138315274585,240.814698547875,266.571044208228,505,v7.4.6,gap_tied_weak_links_phase3_seed,/Users/asewaket/Documents/LTSpice Superconducting Circuit/matlab_v7_4_6_files/outputs/v7_4_6_as006_gap_weaklink_v800_phase3_seed_505/AS006_v7_4_6_gap_weaklink_scores.csv
AS006,contact_relaxed_a4_1_g0_2_p0_2,"contact-relaxed SNS links, alpha=4.1, tau=0.2, p=0.2",contact_relaxation,contact_relaxed,shape,4.1,0.999999999999997,0.2,0.2,0.839999999999998,0.2,0.2,1.42703420439676e-07,6.49032205703201e-07,0.0498275312738886,104.035127762578,0.209031550460664,0.271268480926523,0.302447399900703,0.157362874168753,0.0479027288396224,0.223556910527992,0.306991697829259,0.336539714843948,0.138782592416442,0.0483701133132372,235.354095357775,228.564194099164,505,v7.4.6,gap_tied_weak_links_phase3_seed,/Users/asewaket/Documents/LTSpice Superconducting Circuit/matlab_v7_4_6_files/outputs/v7_4_6_as006_gap_weaklink_v800_phase3_seed_505/AS006_v7_4_6_gap_weaklink_scores.csv
AS006,combined_a4_1_g0_2_p0_05,"combined weak-link classes, alpha=4.1, tau=0.2, p=0.05",combined,boundary_constriction,shape,4.1,0.999999999999997,0.2,0.05,0.959912854030501,0.2,0.0501089324618736,2.53888452990512e-07,4.36540511528298e-07,0.144943868023784,167.981686124393,0.20903681199085,0.272587177932877,0.295222125108197,0.166946510059472,0.0472750255076886,0.216049008406973,0.29223199182487,0.313612949310846,0.152469680088309,0.0486032888056289,238.608319726407,239.154856693335,505,v7.4.6,gap_tied_weak_links_phase3_seed,/Users/asewaket/Documents/LTSpice Superconducting Circuit/matlab_v7_4_6_files/outputs/v7_4_6_as006_gap_weaklink_v800_phase3_seed_505/AS006_v7_4_6_gap_weaklink_scores.csv
AS006,crack_tunnel_a3_3_g0_4_p0_2,"tunnel/crack-like links, alpha=3.3, tau=0.4, p=0.2",tear_lane,crack_tunnel,shape,3.3,1,0.4,0.2,0.879738562091502,0.4,0.200435729847495,3.32546372580635e-07,3.73488380405342e-07,0.0891307180823231,146.281144114185,0.209171718141675,0.274764392579578,0.302781144934159,0.155214590058524,0.0472089569208616,0.213402062185976,0.286055512773035,0.313576205803894,0.147800070438869,0.0474463499514461,242.659880490654,242.813470324557,505,v7.4.6,gap_tied_weak_links_phase3_seed,/Users/asewaket/Documents/LTSpice Superconducting Circuit/matlab_v7_4_6_files/outputs/v7_4_6_as006_gap_weaklink_v800_phase3_seed_505/AS006_v7_4_6_gap_weaklink_scores.csv
AS006,crack_tunnel_a3_7_g0_05_p0_05,"tunnel/crack-like links, alpha=3.7, tau=0.05, p=0.05",tear_lane,crack_tunnel,shape,3.7,0,0.05,0.05,0.951982570806101,0.05,0.0505446623093682,5.52287186372066e-08,3.97718072527249e-07,0.130588556191624,166.389142698501,0.209263861557537,0.271522846314564,0.296689605327673,0.166287893063891,0.0477297858198292,0.21503040840982,0.276903495218387,0.301540465920815,0.163686915827308,0.065944086685152,240.183898007435,251.321744456792,505,v7.4.6,gap_tied_weak_links_phase3_seed,/Users/asewaket/Documents/LTSpice Superconducting Circuit/matlab_v7_4_6_files/outputs/v7_4_6_as006_gap_weaklink_v800_phase3_seed_505/AS006_v7_4_6_gap_weaklink_scores.csv
AS006,combined_a3_3_g0_4_p0_1,"combined weak-link classes, alpha=3.3, tau=0.4, p=0.1",combined,boundary_constriction,shape,3.3,1,0.4,0.1,0.939869281045751,0.4,0.100217864923747,3.78394389407356e-07,3.61910255536476e-07,0.111628920818775,165.526440842035,0.209298275626881,0.273203607531496,0.30178197285252,0.158811621316071,0.0466547914659099,0.21568471483341,0.290692193310559,0.318423612015283,0.147268381205398,0.0464045833230007,241.872673746198,237.903347094127,505,v7.4.6,gap_tied_weak_links_phase3_seed,/Users/asewaket/Documents/LTSpice Superconducting Circuit/matlab_v7_4_6_files/outputs/v7_4_6_as006_gap_weaklink_v800_phase3_seed_505/AS006_v7_4_6_gap_weaklink_scores.csv
AS006,crack_tunnel_a3_3_g0_1_p0_05,"tunnel/crack-like links, alpha=3.3, tau=0.1, p=0.05",tear_lane,crack_tunnel,shape,3.3,1,0.1,0.05,0.954509803921569,0.1,0.0505446623093682,9.74386796354789e-08,3.50842141647258e-07,0.116470874441178,168.228964805167,0.209493159645335,0.271377974646588,0.299841357393432,0.163482881099704,0.047011846766949,0.2150173393749,0.276474679957227,0.304463079466426,0.161141219375572,0.0643751036315628,241.591827923498,250.060104274526,505,v7.4.6,gap_tied_weak_links_phase3_seed,/Users/asewaket/Documents/LTSpice Superconducting Circuit/matlab_v7_4_6_files/outputs/v7_4_6_as006_gap_weaklink_v800_phase3_seed_505/AS006_v7_4_6_gap_weaklink_scores.csv
AS006,crack_tunnel_a3_3_g0_4_p0_3,"tunnel/crack-like links, alpha=3.3, tau=0.4, p=0.3",tear_lane,crack_tunnel,shape,3.3,1,0.4,0.3,0.819869281045749,0.4,0.300217864923747,3.41513608143298e-07,3.96875386115289e-07,0.0799744220926586,130.435467618693,0.209581324161476,0.27672821634594,0.304690991017317,0.151568536622696,0.0485084994027674,0.211555785439952,0.279929352287475,0.307522925018447,0.149898080814083,0.0523118551123973,243.410763695449,249.852097942926,505,v7.4.6,gap_tied_weak_links_phase3_seed,/Users/asewaket/Documents/LTSpice Superconducting Circuit/matlab_v7_4_6_files/outputs/v7_4_6_as006_gap_weaklink_v800_phase3_seed_505/AS006_v7_4_6_gap_weaklink_scores.csv
AS006,contact_relaxed_a4_1_g0_1_p0_3,"contact-relaxed SNS links, alpha=4.1, tau=0.1, p=0.3",contact_relaxation,contact_relaxed,shape,4.1,0.999999999999997,0.1,0.3,0.72980392156863,0.1,0.300217864923747,2.0942093809047e-07,1.64376526406677e-06,0.0522779000540213,36.415067035684,0.209684499635414,0.269414730659614,0.312987316029193,0.146890059415025,0.0476673901975845,0.217908284459872,0.289235825488621,0.332083212428655,0.137668839220544,0.0470739260349109,241.60147314873,236.285072394863,505,v7.4.6,gap_tied_weak_links_phase3_seed,/Users/asewaket/Documents/LTSpice Superconducting Circuit/matlab_v7_4_6_files/outputs/v7_4_6_as006_gap_weaklink_v800_phase3_seed_505/AS006_v7_4_6_gap_weaklink_scores.csv
AS006,crack_tunnel_a4_1_g0_05_p0_05,"tunnel/crack-like links, alpha=4.1, tau=0.05, p=0.05",tear_lane,crack_tunnel,shape,4.1,0.999999999999997,0.05,0.05,0.951982570806101,0.05,0.0505446623093682,6.119939092231e-08,4.40714620908573e-07,0.14470623794207,166.389142698501,0.209712031786639,0.273249514359461,0.296128285653162,0.166992900767966,0.0483450187207437,0.215651604356781,0.279601761958289,0.301870612471997,0.163552782456644,0.0659417099288138,239.209352962638,251.403243563485,505,v7.4.6,gap_tied_weak_links_phase3_seed,/Users/asewaket/Documents/LTSpice Superconducting Circuit/matlab_v7_4_6_files/outputs/v7_4_6_as006_gap_weaklink_v800_phase3_seed_505/AS006_v7_4_6_gap_weaklink_scores.csv
AS006,boundary_sns_a4_1_g0_05_p0_2,"SNS-like boundary constriction, alpha=4.1, tau=0.05, p=0.2",boundary_lane,boundary_constriction,shape,4.1,0.999999999999997,0.05,0.2,0.78971677559913,0.05,0.221350762527233,5.65731569620925e-08,3.68033008632387e-07,0.14076774188,166.331259859377,0.209718948085133,0.266210157099361,0.291052228411046,0.173423515705754,0.0562637889747832,0.213362905244991,0.257073338377451,0.282148296701457,0.186049979463763,0.0834191942902514,240.743512767717,266.468446546001,505,v7.4.6,gap_tied_weak_links_phase3_seed,/Users/asewaket/Documents/LTSpice Superconducting Circuit/matlab_v7_4_6_files/outputs/v7_4_6_as006_gap_weaklink_v800_phase3_seed_505/AS006_v7_4_6_gap_weaklink_scores.csv
AS006,combined_a3_7_g0_4_p0_1,"combined weak-link classes, alpha=3.7, tau=0.4, p=0.1",combined,boundary_constriction,shape,3.7,0,0.4,0.1,0.939869281045751,0.4,0.100217864923747,4.24260376002188e-07,4.05778165298473e-07,0.125159699099838,165.526440842035,0.209920544755977,0.276519300342793,0.301125023528537,0.159475252495704,0.0467705666425221,0.216668266823671,0.29508604494526,0.318774379030073,0.147174085474208,0.0464325190277093,241.244584868648,237.577520097388,505,v7.4.6,gap_tied_weak_links_phase3_seed,/Users/asewaket/Documents/LTSpice Superconducting Circuit/matlab_v7_4_6_files/outputs/v7_4_6_as006_gap_weaklink_v800_phase3_seed_505/AS006_v7_4_6_gap_weaklink_scores.csv
AS006,crack_tunnel_a4_1_g0_4_p0_2,"tunnel/crack-like links, alpha=4.1, tau=0.4, p=0.2",tear_lane,crack_tunnel,shape,4.1,0.999999999999997,0.4,0.2,0.879738562091502,0.4,0.200435729847495,4.13163675024426e-07,4.64031018079364e-07,0.110738164890159,146.281144114185,0.209966858444139,0.278967274211823,0.300981846690904,0.156956611024796,0.0479530225187938,0.21503321874916,0.292988369299038,0.314337347628016,0.14762087499003,0.0475612723601965,240.922913918061,242.105017509642,505,v7.4.6,gap_tied_weak_links_phase3_seed,/Users/asewaket/Documents/LTSpice Superconducting Circuit/matlab_v7_4_6_files/outputs/v7_4_6_as006_gap_weaklink_v800_phase3_seed_505/AS006_v7_4_6_gap_weaklink_scores.csv
AS006,crack_tunnel_a3_7_g0_4_p0_2,"tunnel/crack-like links, alpha=3.7, tau=0.4, p=0.2",tear_lane,crack_tunnel,shape,3.7,0,0.4,0.2,0.879738562091502,0.4,0.200435729847495,3.7285502380253e-07,4.18759699242353e-07,0.0999344414862411,146.281144114185,0.209981084401608,0.278301838252476,0.302469017218929,0.155646107841114,0.0477251688210445,0.214400699536007,0.29038417192247,0.313998517588662,0.147690923725738,0.0475082653202369,241.935643769392,242.843163346408,505,v7.4.6,gap_tied_weak_links_phase3_seed,/Users/asewaket/Documents/LTSpice Superconducting Circuit/matlab_v7_4_6_files/outputs/v7_4_6_as006_gap_weaklink_v800_phase3_seed_505/AS006_v7_4_6_gap_weaklink_scores.csv
AS006,crack_tunnel_a4_1_g0_4_p0_3,"tunnel/crack-like links, alpha=4.1, tau=0.4, p=0.3",tear_lane,crack_tunnel,shape,4.1,0.999999999999997,0.4,0.3,0.819869281045749,0.4,0.300217864923747,4.24304785875007e-07,4.93087600931117e-07,0.099362160781788,130.435467618693,0.209991115722606,0.280231362738108,0.302120254452325,0.153925988771283,0.0486062846192487,0.21327022230117,0.287024233391956,0.30845187906664,0.14973429828823,0.0523682168869864,241.688180101781,248.179329787846,505,v7.4.6,gap_tied_weak_links_phase3_seed,/Users/asewaket/Documents/LTSpice Superconducting Circuit/matlab_v7_4_6_files/outputs/v7_4_6_as006_gap_weaklink_v800_phase3_seed_505/AS006_v7_4_6_gap_weaklink_scores.csv
AS006,combined_a4_1_g0_4_p0_1,"combined weak-link classes, alpha=4.1, tau=0.4, p=0.1",combined,boundary_constriction,shape,4.1,0.999999999999997,0.4,0.1,0.939869281045751,0.4,0.100217864923747,4.70126362597019e-07,4.4964607506047e-07,0.138690477380902,165.526440842035,0.210057703630888,0.277672772467591,0.299986621478187,0.1605373493083,0.0469674714646471,0.21729549849161,0.29778142001867,0.319054741980688,0.147112229430247,0.0464599871853676,240.344758150342,237.116598600378,505,v7.4.6,gap_tied_weak_links_phase3_seed,/Users/asewaket/Documents/LTSpice Superconducting Circuit/matlab_v7_4_6_files/outputs/v7_4_6_as006_gap_weaklink_v800_phase3_seed_505/AS006_v7_4_6_gap_weaklink_scores.csv
AS006,crack_tunnel_a3_7_g0_1_p0_05,"tunnel/crack-like links, alpha=3.7, tau=0.1, p=0.05",tear_lane,crack_tunnel,shape,3.7,0,0.1,0.05,0.954509803921569,0.1,0.0505446623093682,1.09249428682204e-07,3.93368461846926e-07,0.130588556191624,168.228964805167,0.210112094535675,0.274496056195131,0.299152288763223,0.164237410842623,0.0472511475943265,0.215952209842772,0.28069590690143,0.304801812965477,0.161000341295078,0.0644115430039983,240.484915870946,250.143572143353,505,v7.4.6,gap_tied_weak_links_phase3_seed,/Users/asewaket/Documents/LTSpice Superconducting Circuit/matlab_v7_4_6_files/outputs/v7_4_6_as006_gap_weaklink_v800_phase3_seed_505/AS006_v7_4_6_gap_weaklink_scores.csv
AS006,crack_tunnel_a3_7_g0_4_p0_3,"tunnel/crack-like links, alpha=3.7, tau=0.4, p=0.3",tear_lane,crack_tunnel,shape,3.7,0,0.4,0.3,0.819869281045749,0.4,0.300217864923747,3.82909197009153e-07,4.44981493523203e-07,0.0896682914372233,130.435467618693,0.210185874475879,0.279915201303911,0.304011906001713,0.1523143984285,0.0486003375368597,0.212596474012874,0.284327449939576,0.308036420427677,0.149796612714866,0.0523454184827755,242.789780200635,249.315541523203,505,v7.4.6,gap_tied_weak_links_phase3_seed,/Users/asewaket/Documents/LTSpice Superconducting Circuit/matlab_v7_4_6_files/outputs/v7_4_6_as006_gap_weaklink_v800_phase3_seed_505/AS006_v7_4_6_gap_weaklink_scores.csv
AS006,contact_relaxed_a3_7_g0_2_p0_3,"contact-relaxed SNS links, alpha=3.7, tau=0.2, p=0.3",contact_relaxation,contact_relaxed,shape,3.7,0,0.2,0.3,0.759825708061001,0.2,0.300217864923747,2.10982768623811e-07,8.29496071048962e-07,0.0471776171219217,65.238218108795,0.210432336274262,0.272441696422278,0.312761224083454,0.147515111253185,0.0479939537365063,0.220090418801396,0.295688365656768,0.335095745197601,0.136960004479836,0.0471461686546169,239.913126207724,234.94085215536,505,v7.4.6,gap_tied_weak_links_phase3_seed,/Users/asewaket/Documents/LTSpice Superconducting Circuit/matlab_v7_4_6_files/outputs/v7_4_6_as006_gap_weaklink_v800_phase3_seed_505/AS006_v7_4_6_gap_weaklink_scores.csv
AS006,crack_tunnel_a4_1_g0_1_p0_05,"tunnel/crack-like links, alpha=4.1, tau=0.1, p=0.05",tear_lane,crack_tunnel,shape,4.1,0.999999999999997,0.1,0.05,0.954509803921569,0.1,0.0505446623093682,1.21060177728928e-07,4.35894782046593e-07,0.14470623794207,168.228964805167,0.210445494192014,0.275969429073908,0.298372220675086,0.165040699281958,0.0478057816023116,0.21653043434688,0.283314338434711,0.305069026434391,0.160860574117943,0.0643913193920775,239.32708127852,250.260218138155,505,v7.4.6,gap_tied_weak_links_phase3_seed,/Users/asewaket/Documents/LTSpice Superconducting Circuit/matlab_v7_4_6_files/outputs/v7_4_6_as006_gap_weaklink_v800_phase3_seed_505/AS006_v7_4_6_gap_weaklink_scores.csv
AS006,boundary_sns_a3_3_g0_1_p0_1,"SNS-like boundary constriction, alpha=3.3, tau=0.1, p=0.1",boundary_lane,boundary_constriction,shape,3.3,1,0.1,0.1,0.886274509803923,0.1,0.12636165577342,9.74000702345641e-08,3.16174517863926e-07,0.126348543004844,171.889548389043,0.210851817284545,0.275417970172321,0.302879531784746,0.16053390954858,0.0481345486913732,0.218762319532277,0.296320898529262,0.322736571087484,0.147097599099598,0.0488297008545272,241.888898429576,234.750250471448,505,v7.4.6,gap_tied_weak_links_phase3_seed,/Users/asewaket/Documents/LTSpice Superconducting Circuit/matlab_v7_4_6_files/outputs/v7_4_6_as006_gap_weaklink_v800_phase3_seed_505/AS006_v7_4_6_gap_weaklink_scores.csv
AS006,boundary_sns_a3_3_g0_05_p0_1,"SNS-like boundary constriction, alpha=3.3, tau=0.05, p=0.1",boundary_lane,boundary_constriction,shape,3.3,1,0.05,0.1,0.879956427015252,0.05,0.12636165577342,4.83045863981732e-08,3.13607151992361e-07,0.126348543004844,173.296733644255,0.210868436934198,0.27417264807128,0.302553645892148,0.161074562828655,0.0493574527526324,0.2132558730725,0.281655427294129,0.309552212187893,0.155654761097327,0.0483391153679024,242.614191559851,246.314166980803,505,v7.4.6,gap_tied_weak_links_phase3_seed,/Users/asewaket/Documents/LTSpice Superconducting Circuit/matlab_v7_4_6_files/outputs/v7_4_6_as006_gap_weaklink_v800_phase3_seed_505/AS006_v7_4_6_gap_weaklink_scores.csv
AS006,crack_tunnel_a3_3_g0_2_p0_05,"tunnel/crack-like links, alpha=3.3, tau=0.2, p=0.05",tear_lane,crack_tunnel,shape,3.3,1,0.2,0.05,0.959564270152505,0.2,0.0505446623093682,1.91146346790887e-07,3.44125115031555e-07,0.116470874441178,171.512649676656,0.211080330085272,0.276760124629639,0.304000704398689,0.159797886273467,0.0468929352571812,0.216353903206489,0.283397288837703,0.310159088208091,0.156197996429058,0.0603463272942617,242.24490339529,247.761921516092,505,v7.4.6,gap_tied_weak_links_phase3_seed,/Users/asewaket/Documents/LTSpice Superconducting Circuit/matlab_v7_4_6_files/outputs/v7_4_6_as006_gap_weaklink_v800_phase3_seed_505/AS006_v7_4_6_gap_weaklink_scores.csv
AS006,crack_tunnel_a3_3_g0_4_p0_1,"tunnel/crack-like links, alpha=3.3, tau=0.4, p=0.1",tear_lane,crack_tunnel,shape,3.3,1,0.4,0.1,0.939869281045751,0.4,0.100217864923747,3.51548181409168e-07,3.54934030474657e-07,0.105765361689428,166.922139702873,0.211091492250835,0.278503140064723,0.30556399718316,0.156495498980958,0.0465979523927237,0.215806129635402,0.288470538809222,0.31501550993918,0.150255330558587,0.0514638037759912,242.433117901601,244.278700128173,505,v7.4.6,gap_tied_weak_links_phase3_seed,/Users/asewaket/Documents/LTSpice Superconducting Circuit/matlab_v7_4_6_files/outputs/v7_4_6_as006_gap_weaklink_v800_phase3_seed_505/AS006_v7_4_6_gap_weaklink_scores.csv
AS006,boundary_sns_a3_3_g0_4_p0_2,"SNS-like boundary constriction, alpha=3.3, tau=0.4, p=0.2",boundary_lane,boundary_constriction,shape,3.3,1,0.4,0.2,0.867189542483658,0.4,0.221350762527233,3.54073150073714e-07,3.36392826143911e-07,0.11330086541561,171.124174793299,0.211250540414359,0.278173007767606,0.304862626722676,0.157965755608317,0.0471129030291106,0.220578972144953,0.301337816553336,0.326912341218013,0.144211160128961,0.0491964968787064,241.791806817087,232.974054536943,505,v7.4.6,gap_tied_weak_links_phase3_seed,/Users/asewaket/Documents/LTSpice Superconducting Circuit/matlab_v7_4_6_files/outputs/v7_4_6_as006_gap_weaklink_v800_phase3_seed_505/AS006_v7_4_6_gap_weaklink_scores.csv
AS006,boundary_sns_a4_1_g0_4_p0_2,"SNS-like boundary constriction, alpha=4.1, tau=0.4, p=0.2",boundary_lane,boundary_constriction,shape,4.1,0.999999999999997,0.4,0.2,0.867189542483658,0.4,0.221350762527233,4.39909065243099e-07,4.17942602178798e-07,0.14076774188,171.124174793299,0.211494270339337,0.281167626229562,0.30245558619054,0.160017627477422,0.0469844152869013,0.221953546145947,0.307563514520717,0.327444193735174,0.144055815224362,0.0491071081420111,240.455816494018,231.545068198024,505,v7.4.6,gap_tied_weak_links_phase3_seed,/Users/asewaket/Documents/LTSpice Superconducting Circuit/matlab_v7_4_6_files/outputs/v7_4_6_as006_gap_weaklink_v800_phase3_seed_505/AS006_v7_4_6_gap_weaklink_scores.csv
AS006,boundary_sns_a3_3_g0_2_p0_1,"SNS-like boundary constriction, alpha=3.3, tau=0.2, p=0.1",boundary_lane,boundary_constriction,shape,3.3,1,0.2,0.1,0.898910675381263,0.2,0.12636165577342,1.9288020110415e-07,3.14013889585618e-07,0.126348543004844,173.600545725686,0.21156165851521,0.278479422240485,0.304983626595646,0.158492809597143,0.0474915117967547,0.221261948972315,0.302427922357117,0.327820049094473,0.144303980491199,0.049816760975129,241.387623319328,232.57055846587,505,v7.4.6,gap_tied_weak_links_phase3_seed,/Users/asewaket/Documents/LTSpice Superconducting Circuit/matlab_v7_4_6_files/outputs/v7_4_6_as006_gap_weaklink_v800_phase3_seed_505/AS006_v7_4_6_gap_weaklink_scores.csv
AS006,boundary_sns_a3_7_g0_4_p0_2,"SNS-like boundary constriction, alpha=3.7, tau=0.4, p=0.2",boundary_lane,boundary_constriction,shape,3.7,0,0.4,0.2,0.867189542483658,0.4,0.221350762527233,3.96991107658407e-07,3.77167714161355e-07,0.127034303647805,171.124174793299,0.211595795398126,0.280635377542513,0.30392765352086,0.158763646376852,0.04701564781555,0.221407774604741,0.305144877408311,0.327207433066889,0.144115832995082,0.0491361965044856,241.256823662972,232.361018145087,505,v7.4.6,gap_tied_weak_links_phase3_seed,/Users/asewaket/Documents/LTSpice Superconducting Circuit/matlab_v7_4_6_files/outputs/v7_4_6_as006_gap_weaklink_v800_phase3_seed_505/AS006_v7_4_6_gap_weaklink_scores.csv
AS006,crack_tunnel_a3_7_g0_2_p0_05,"tunnel/crack-like links, alpha=3.7, tau=0.2, p=0.05",tear_lane,crack_tunnel,shape,3.7,0,0.2,0.05,0.959564270152505,0.2,0.0505446623093682,2.14315600947358e-07,3.85837250186895e-07,0.130588556191624,171.512649676656,0.211612797304513,0.279813050949667,0.3034733809581,0.160238023332787,0.0468749897302377,0.217187783543534,0.2873330902173,0.310443486012976,0.15600258445714,0.0603264964062355,241.181572151379,248.033841144899,505,v7.4.6,gap_tied_weak_links_phase3_seed,/Users/asewaket/Documents/LTSpice Superconducting Circuit/matlab_v7_4_6_files/outputs/v7_4_6_as006_gap_weaklink_v800_phase3_seed_505/AS006_v7_4_6_gap_weaklink_scores.csv
AS006,crack_tunnel_a4_1_g0_2_p0_05,"tunnel/crack-like links, alpha=4.1, tau=0.2, p=0.05",tear_lane,crack_tunnel,shape,4.1,0.999999999999997,0.2,0.05,0.959564270152505,0.2,0.0505446623093682,2.37484855103829e-07,4.27549385342235e-07,0.14470623794207,171.512649676656,0.211807395736438,0.281034756742191,0.302566683194649,0.161000987371395,0.0472592921351181,0.217707810950296,0.289798548209264,0.310674599379365,0.15582887253025,0.0602738669655145,239.889420475027,248.210364061909,505,v7.4.6,gap_tied_weak_links_phase3_seed,/Users/asewaket/Documents/LTSpice Superconducting Circuit/matlab_v7_4_6_files/outputs/v7_4_6_as006_gap_weaklink_v800_phase3_seed_505/AS006_v7_4_6_gap_weaklink_scores.csv
AS006,crack_tunnel_a3_7_g0_4_p0_1,"tunnel/crack-like links, alpha=3.7, tau=0.4, p=0.1",tear_lane,crack_tunnel,shape,3.7,0,0.4,0.1,0.939869281045751,0.4,0.100217864923747,3.94160082186037e-07,3.97956337198858e-07,0.118585405530571,166.922139702873,0.211816792014263,0.281821620211371,0.305299202702463,0.156781784657083,0.0470115043092795,0.216676589323442,0.292440587107392,0.315331283639717,0.150108952995754,0.0514764218956204,241.480323560964,244.679084502032,505,v7.4.6,gap_tied_weak_links_phase3_seed,/Users/asewaket/Documents/LTSpice Superconducting Circuit/matlab_v7_4_6_files/outputs/v7_4_6_as006_gap_weaklink_v800_phase3_seed_505/AS006_v7_4_6_gap_weaklink_scores.csv
AS006,boundary_sns_a3_7_g0_1_p0_1,"SNS-like boundary constriction, alpha=3.7, tau=0.1, p=0.1",boundary_lane,boundary_constriction,shape,3.7,0,0.1,0.1,0.886274509803923,0.1,0.12636165577342,1.09206139353905e-07,3.54498701847432e-07,0.141663517914522,171.889548389043,0.211886574104586,0.279949322168097,0.303739532285769,0.159992984666461,0.047948136021661,0.219636495215749,0.300291789663489,0.323068791365601,0.147041458350123,0.0487184785878011,242.204551680954,234.978705172382,505,v7.4.6,gap_tied_weak_links_phase3_seed,/Users/asewaket/Documents/LTSpice Superconducting Circuit/matlab_v7_4_6_files/outputs/v7_4_6_as006_gap_weaklink_v800_phase3_seed_505/AS006_v7_4_6_gap_weaklink_scores.csv
AS006,boundary_sns_a3_7_g0_05_p0_1,"SNS-like boundary constriction, alpha=3.7, tau=0.05, p=0.1",boundary_lane,boundary_constriction,shape,3.7,0,0.05,0.1,0.879956427015252,0.05,0.12636165577342,5.415968777977e-08,3.51620140112647e-07,0.141663517914522,173.296733644255,0.212087209176025,0.278990938328326,0.303648121855715,0.160457651987569,0.0494888293198343,0.214165748487113,0.285882112224142,0.310059928012162,0.155504176230096,0.04796153590252,242.875872731041,246.650194232519,505,v7.4.6,gap_tied_weak_links_phase3_seed,/Users/asewaket/Documents/LTSpice Superconducting Circuit/matlab_v7_4_6_files/outputs/v7_4_6_as006_gap_weaklink_v800_phase3_seed_505/AS006_v7_4_6_gap_weaklink_scores.csv
AS006,crack_tunnel_a4_1_g0_4_p0_1,"tunnel/crack-like links, alpha=4.1, tau=0.4, p=0.1",tear_lane,crack_tunnel,shape,4.1,0.999999999999997,0.4,0.1,0.939869281045751,0.4,0.100217864923747,4.36771982962905e-07,4.40978643923059e-07,0.131405449371714,166.922139702873,0.212092589816255,0.283125148720387,0.30447488408032,0.157523564016945,0.0476022981991461,0.217238418555165,0.294928793497874,0.315588243613766,0.15000931693119,0.051472226789871,240.408686687,244.703978741996,505,v7.4.6,gap_tied_weak_links_phase3_seed,/Users/asewaket/Documents/LTSpice Superconducting Circuit/matlab_v7_4_6_files/outputs/v7_4_6_as006_gap_weaklink_v800_phase3_seed_505/AS006_v7_4_6_gap_weaklink_scores.csv
AS006,contact_relaxed_a4_1_g0_2_p0_3,"contact-relaxed SNS links, alpha=4.1, tau=0.2, p=0.3",contact_relaxation,contact_relaxed,shape,4.1,0.999999999999997,0.2,0.3,0.759825708061001,0.2,0.300217864923747,2.33791716583142e-07,9.19171321973174e-07,0.0522779000540213,65.238218108795,0.212275968351321,0.280489212857211,0.313694576850939,0.147178708017388,0.0479517343885145,0.221784746270336,0.303256284129638,0.335559349919528,0.137030273594963,0.0471507428691616,240.189188383281,235.141004653964,505,v7.4.6,gap_tied_weak_links_phase3_seed,/Users/asewaket/Documents/LTSpice Superconducting Circuit/matlab_v7_4_6_files/outputs/v7_4_6_as006_gap_weaklink_v800_phase3_seed_505/AS006_v7_4_6_gap_weaklink_scores.csv
AS006,combined_a4_1_g0_4_p0_05,"combined weak-link classes, alpha=4.1, tau=0.4, p=0.05",combined,boundary_constriction,shape,4.1,0.999999999999997,0.4,0.05,0.969934640522876,0.4,0.0501089324618736,4.87557910907643e-07,4.34216038489119e-07,0.144943868023784,174.94787579783,0.21251681635812,0.284129577423727,0.305080562712802,0.157976394656905,0.0470930262983387,0.219409879835304,0.302027036267669,0.322017158040375,0.146732088708337,0.0480772254527744,239.683315117137,239.787185019666,505,v7.4.6,gap_tied_weak_links_phase3_seed,/Users/asewaket/Documents/LTSpice Superconducting Circuit/matlab_v7_4_6_files/outputs/v7_4_6_as006_gap_weaklink_v800_phase3_seed_505/AS006_v7_4_6_gap_weaklink_scores.csv
AS006,boundary_sns_a3_7_g0_2_p0_1,"SNS-like boundary constriction, alpha=3.7, tau=0.2, p=0.1",boundary_lane,boundary_constriction,shape,3.7,0,0.2,0.1,0.898910675381263,0.2,0.12636165577342,2.16259619419804e-07,3.52076179232359e-07,0.141663517914522,173.600545725686,0.212566396086205,0.282820512348593,0.305847671611727,0.157907199664601,0.0473940431811597,0.222078663883263,0.306170609866676,0.32812114242109,0.144223179137361,0.0497317363910278,241.707528671368,232.831526805536,505,v7.4.6,gap_tied_weak_links_phase3_seed,/Users/asewaket/Documents/LTSpice Superconducting Circuit/matlab_v7_4_6_files/outputs/v7_4_6_as006_gap_weaklink_v800_phase3_seed_505/AS006_v7_4_6_gap_weaklink_scores.csv
AS006,boundary_sns_a4_1_g0_1_p0_1,"SNS-like boundary constriction, alpha=4.1, tau=0.1, p=0.1",boundary_lane,boundary_constriction,shape,4.1,0.999999999999997,0.1,0.1,0.886274509803923,0.1,0.12636165577342,1.21012208473246e-07,3.92822885830938e-07,0.1569784928242,171.889548389043,0.212569445370872,0.282783689511897,0.304341659009771,0.159651483354461,0.0479012798822843,0.220207996565365,0.302786496553393,0.3233343345581,0.147010684823845,0.0486550447669521,242.374793328404,235.159546885356,505,v7.4.6,gap_tied_weak_links_phase3_seed,/Users/asewaket/Documents/LTSpice Superconducting Circuit/matlab_v7_4_6_files/outputs/v7_4_6_as006_gap_weaklink_v800_phase3_seed_505/AS006_v7_4_6_gap_weaklink_scores.csv
AS006,contact_relaxed_a3_7_g0_4_p0_2,"contact-relaxed SNS links, alpha=3.7, tau=0.4, p=0.2",contact_relaxation,contact_relaxed,shape,3.7,0,0.4,0.2,0.879999999999998,0.4,0.2,1.97834403021391e-07,4.71116966507074e-07,0.0449663087105824,135.444206694955,0.212745055866589,0.283059179433666,0.311403345445835,0.150713152348383,0.0473188049335874,0.225852824393472,0.313671303156477,0.340813271284529,0.137119312004773,0.047770454056989,237.638147787742,230.72039372183,505,v7.4.6,gap_tied_weak_links_phase3_seed,/Users/asewaket/Documents/LTSpice Superconducting Circuit/matlab_v7_4_6_files/outputs/v7_4_6_as006_gap_weaklink_v800_phase3_seed_505/AS006_v7_4_6_gap_weaklink_scores.csv
AS006,contact_relaxed_a3_3_g0_4_p0_2,"contact-relaxed SNS links, alpha=3.3, tau=0.4, p=0.2",contact_relaxation,contact_relaxed,shape,3.3,1,0.4,0.2,0.879999999999998,0.4,0.2,1.76446899992052e-07,4.20185402560363e-07,0.0401050861472762,135.444206694955,0.212858505916407,0.280934705786822,0.314668247861547,0.148455046058592,0.047119582464264,0.224492632556361,0.307581249479947,0.340422080769427,0.1370966816361,0.0477724199102334,239.535358188937,232.209020903958,505,v7.4.6,gap_tied_weak_links_phase3_seed,/Users/asewaket/Documents/LTSpice Superconducting Circuit/matlab_v7_4_6_files/outputs/v7_4_6_as006_gap_weaklink_v800_phase3_seed_505/AS006_v7_4_6_gap_weaklink_scores.csv
AS006,combined_a3_7_g0_4_p0_05,"combined weak-link classes, alpha=3.7, tau=0.4, p=0.05",combined,boundary_constriction,shape,3.7,0,0.4,0.05,0.969934640522876,0.4,0.0501089324618736,4.39991285453239e-07,3.91853498148717e-07,0.130803002850732,174.94787579783,0.212878323003828,0.284549729528943,0.307364040524277,0.15613839496485,0.0467818208666492,0.218880620865188,0.29972731450763,0.32177672771356,0.146803226604537,0.0480624830639075,241.300640217568,240.612701795096,505,v7.4.6,gap_tied_weak_links_phase3_seed,/Users/asewaket/Documents/LTSpice Superconducting Circuit/matlab_v7_4_6_files/outputs/v7_4_6_as006_gap_weaklink_v800_phase3_seed_505/AS006_v7_4_6_gap_weaklink_scores.csv
AS006,boundary_sns_a4_1_g0_05_p0_1,"SNS-like boundary constriction, alpha=4.1, tau=0.05, p=0.1",boundary_lane,boundary_constriction,shape,4.1,0.999999999999997,0.05,0.1,0.879956427015252,0.05,0.12636165577342,6.00147891613667e-08,3.89633128232933e-07,0.1569784928242,173.296733644255,0.212924643789096,0.282046338665484,0.304417256077901,0.160080734554582,0.0497457639504399,0.214765915678053,0.288578302617899,0.310466568554548,0.155397753095289,0.0476875894327963,242.974344608739,246.922204259569,505,v7.4.6,gap_tied_weak_links_phase3_seed,/Users/asewaket/Documents/LTSpice Superconducting Circuit/matlab_v7_4_6_files/outputs/v7_4_6_as006_gap_weaklink_v800_phase3_seed_505/AS006_v7_4_6_gap_weaklink_scores.csv
AS006,combined_a3_3_g0_4_p0_05,"combined weak-link classes, alpha=3.3, tau=0.4, p=0.05",combined,boundary_constriction,shape,3.3,1,0.4,0.05,0.969934640522876,0.4,0.0501089324618736,3.92424659998835e-07,3.49490957808315e-07,0.11666213767768,174.94787579783,0.212975219734899,0.283495917259307,0.309527211684377,0.154489960354776,0.0465951105240598,0.218067161816008,0.296052196603824,0.321480365230366,0.146928291424939,0.0480326090419033,242.860572814623,241.435660154768,505,v7.4.6,gap_tied_weak_links_phase3_seed,/Users/asewaket/Documents/LTSpice Superconducting Circuit/matlab_v7_4_6_files/outputs/v7_4_6_as006_gap_weaklink_v800_phase3_seed_505/AS006_v7_4_6_gap_weaklink_scores.csv
AS006,contact_relaxed_a4_1_g0_4_p0_2,"contact-relaxed SNS links, alpha=4.1, tau=0.4, p=0.2",contact_relaxation,contact_relaxed,shape,4.1,0.999999999999997,0.4,0.2,0.879999999999998,0.4,0.2,2.19221906050731e-07,5.22048530453785e-07,0.0498275312738886,135.444206694955,0.212999346982337,0.285373229089878,0.309792977173346,0.151925001038006,0.047579544470947,0.226836174683166,0.318084183789439,0.341087788791907,0.137133468002294,0.0477762242376856,236.562577791118,230.060117266313,505,v7.4.6,gap_tied_weak_links_phase3_seed,/Users/asewaket/Documents/LTSpice Superconducting Circuit/matlab_v7_4_6_files/outputs/v7_4_6_as006_gap_weaklink_v800_phase3_seed_505/AS006_v7_4_6_gap_weaklink_scores.csv
AS006,boundary_sns_a4_1_g0_2_p0_1,"SNS-like boundary constriction, alpha=4.1, tau=0.2, p=0.1",boundary_lane,boundary_constriction,shape,4.1,0.999999999999997,0.2,0.1,0.898910675381263,0.2,0.12636165577342,2.39639037735459e-07,3.90138468879101e-07,0.1569784928242,173.600545725686,0.213271775560181,0.285693660274795,0.306587172588931,0.157433861379678,0.0473453387708804,0.222619413863095,0.308546403105408,0.328367881733536,0.144177859712635,0.0496845485355837,241.98570740738,233.059292569867,505,v7.4.6,gap_tied_weak_links_phase3_seed,/Users/asewaket/Documents/LTSpice Superconducting Circuit/matlab_v7_4_6_files/outputs/v7_4_6_as006_gap_weaklink_v800_phase3_seed_505/AS006_v7_4_6_gap_weaklink_scores.csv
AS006,contact_relaxed_a3_3_g0_4_p0_3,"contact-relaxed SNS links, alpha=3.3, tau=0.4, p=0.3",contact_relaxation,contact_relaxed,shape,3.3,1,0.4,0.3,0.819869281045749,0.4,0.300217864923747,2.23779640582016e-07,4.77946300225388e-07,0.042077334189822,109.716189756551,0.213753421223207,0.283061619091684,0.317918481971294,0.145244799755725,0.0477921438799319,0.223393593693197,0.305432586829552,0.339489541760706,0.136179547565587,0.0472042490982142,240.495062252628,235.110430092501,505,v7.4.6,gap_tied_weak_links_phase3_seed,/Users/asewaket/Documents/LTSpice Superconducting Circuit/matlab_v7_4_6_files/outputs/v7_4_6_as006_gap_weaklink_v800_phase3_seed_505/AS006_v7_4_6_gap_weaklink_scores.csv
AS006,boundary_sns_a3_3_g0_4_p0_1,"SNS-like boundary constriction, alpha=3.3, tau=0.4, p=0.1",boundary_lane,boundary_constriction,shape,3.3,1,0.4,0.1,0.924183006535947,0.4,0.12636165577342,3.75538179185046e-07,3.36143261379164e-07,0.126348543004844,178.325986689419,0.21413231130407,0.286676065991837,0.311678459381844,0.15292601096836,0.047390672899834,0.223192317740894,0.308470683992357,0.332636950218909,0.14150824292595,0.0484909381715849,241.83408810891,234.062288307244,505,v7.4.6,gap_tied_weak_links_phase3_seed,/Users/asewaket/Documents/LTSpice Superconducting Circuit/matlab_v7_4_6_files/outputs/v7_4_6_as006_gap_weaklink_v800_phase3_seed_505/AS006_v7_4_6_gap_weaklink_scores.csv
AS006,contact_relaxed_a4_1_g0_1_p0_1,"contact-relaxed SNS links, alpha=4.1, tau=0.1, p=0.1",contact_relaxation,contact_relaxed,shape,4.1,0.999999999999997,0.1,0.1,0.909803921568628,0.1,0.100217864923747,5.2535747726797e-08,5.84118857421551e-07,0.0456855910583609,126.634087297017,0.21429158931369,0.287732163257682,0.314249325817838,0.148317598179949,0.0483924654046157,0.227186233660383,0.318447458552616,0.343469483176937,0.135743060233941,0.0467332888972327,235.974410050968,232.526892443219,505,v7.4.6,gap_tied_weak_links_phase3_seed,/Users/asewaket/Documents/LTSpice Superconducting Circuit/matlab_v7_4_6_files/outputs/v7_4_6_as006_gap_weaklink_v800_phase3_seed_505/AS006_v7_4_6_gap_weaklink_scores.csv
AS006,crack_tunnel_a3_3_g0_4_p0_05,"tunnel/crack-like links, alpha=3.3, tau=0.4, p=0.05",tear_lane,crack_tunnel,shape,3.3,1,0.4,0.05,0.969673202614379,0.4,0.0505446623093682,3.69669368974972e-07,3.4388055393173e-07,0.116470874441178,177.369396360981,0.214514784658555,0.287710813729851,0.313011094018408,0.152307092715322,0.0467098291365574,0.218892824172452,0.2955424701121,0.320451635314302,0.148094990711472,0.0530125505607903,243.64561246116,245.06938912276,505,v7.4.6,gap_tied_weak_links_phase3_seed,/Users/asewaket/Documents/LTSpice Superconducting Circuit/matlab_v7_4_6_files/outputs/v7_4_6_as006_gap_weaklink_v800_phase3_seed_505/AS006_v7_4_6_gap_weaklink_scores.csv
AS006,contact_relaxed_a4_1_g0_05_p0_1,"contact-relaxed SNS links, alpha=4.1, tau=0.05, p=0.1",contact_relaxation,contact_relaxed,shape,4.1,0.999999999999997,0.05,0.1,0.904793028322441,0.05,0.100217864923747,2.84521940270602e-08,6.32691597068316e-07,0.0456855910583609,116.912187115024,0.214605154513269,0.288931008972075,0.313882446157795,0.149058361462662,0.0484775309898022,0.228533651419633,0.321728569032423,0.345184691065381,0.135939682045603,0.0469418761443213,235.279387399895,231.334480138853,505,v7.4.6,gap_tied_weak_links_phase3_seed,/Users/asewaket/Documents/LTSpice Superconducting Circuit/matlab_v7_4_6_files/outputs/v7_4_6_as006_gap_weaklink_v800_phase3_seed_505/AS006_v7_4_6_gap_weaklink_scores.csv
AS006,contact_relaxed_a4_1_g0_2_p0_1,"contact-relaxed SNS links, alpha=4.1, tau=0.2, p=0.1",contact_relaxation,contact_relaxed,shape,4.1,0.999999999999997,0.2,0.1,0.919825708061001,0.2,0.100217864923747,9.40624042260583e-08,5.2291655168376e-07,0.0456855910583609,141.455377811962,0.214790177399875,0.28917415655607,0.315555795236534,0.147701557320386,0.047927142128889,0.226959817592479,0.318022488713114,0.343021276469157,0.135878020948364,0.0466418392428002,236.911123765269,233.194703811965,505,v7.4.6,gap_tied_weak_links_phase3_seed,/Users/asewaket/Documents/LTSpice Superconducting Circuit/matlab_v7_4_6_files/outputs/v7_4_6_as006_gap_weaklink_v800_phase3_seed_505/AS006_v7_4_6_gap_weaklink_scores.csv
AS006,contact_relaxed_a3_7_g0_1_p0_1,"contact-relaxed SNS links, alpha=3.7, tau=0.1, p=0.1",contact_relaxation,contact_relaxed,shape,3.7,0,0.1,0.1,0.909803921568628,0.1,0.100217864923747,4.74103089241827e-08,5.27131651819449e-07,0.0412284602233989,126.634087297017,0.214820567844027,0.287732423806829,0.317417142470791,0.146281246389776,0.0480388581022011,0.226165243655331,0.314310887967488,0.342847818680617,0.135859634388768,0.0467071046321241,237.944010967098,234.074746873334,505,v7.4.6,gap_tied_weak_links_phase3_seed,/Users/asewaket/Documents/LTSpice Superconducting Circuit/matlab_v7_4_6_files/outputs/v7_4_6_as006_gap_weaklink_v800_phase3_seed_505/AS006_v7_4_6_gap_weaklink_scores.csv
AS006,crack_tunnel_a3_7_g0_4_p0_05,"tunnel/crack-like links, alpha=3.7, tau=0.4, p=0.05",tear_lane,crack_tunnel,shape,3.7,0,0.4,0.05,0.969673202614379,0.4,0.0505446623093682,4.14477777335575e-07,3.85563045317394e-07,0.130588556191624,177.369396360981,0.214842145017868,0.290103809386942,0.312229616441349,0.152834372699763,0.0466621210553361,0.21964706418958,0.299081158760302,0.320737924357613,0.147918171457793,0.0529650802395332,242.572181973523,245.108570880012,505,v7.4.6,gap_tied_weak_links_phase3_seed,/Users/asewaket/Documents/LTSpice Superconducting Circuit/matlab_v7_4_6_files/outputs/v7_4_6_as006_gap_weaklink_v800_phase3_seed_505/AS006_v7_4_6_gap_weaklink_scores.csv
AS006,crack_tunnel_a4_1_g0_4_p0_05,"tunnel/crack-like links, alpha=4.1, tau=0.4, p=0.05",tear_lane,crack_tunnel,shape,4.1,0.999999999999997,0.4,0.05,0.969673202614379,0.4,0.0505446623093682,4.59286185696178e-07,4.27245536703058e-07,0.14470623794207,177.369396360981,0.214947287655157,0.291060973451134,0.311254581725459,0.153551808143437,0.047040186625799,0.220142857168916,0.301355515577996,0.320970934709852,0.147790778192881,0.0529211617832435,241.174098622641,245.338629011187,505,v7.4.6,gap_tied_weak_links_phase3_seed,/Users/asewaket/Documents/LTSpice Superconducting Circuit/matlab_v7_4_6_files/outputs/v7_4_6_as006_gap_weaklink_v800_phase3_seed_505/AS006_v7_4_6_gap_weaklink_scores.csv
AS006,contact_relaxed_a3_3_g0_1_p0_1,"contact-relaxed SNS links, alpha=3.3, tau=0.1, p=0.1",contact_relaxation,contact_relaxed,shape,3.3,1,0.1,0.1,0.909803921568628,0.1,0.100217864923747,4.22848701215683e-08,4.70144446217346e-07,0.0367713293884368,126.634087297017,0.215136150649321,0.286614951803167,0.320738749321597,0.144253970119772,0.0474555274809286,0.224808960530924,0.308760425437891,0.342062380218715,0.13600133974604,0.0466735371514282,240.266297912064,235.586678826783,505,v7.4.6,gap_tied_weak_links_phase3_seed,/Users/asewaket/Documents/LTSpice Superconducting Circuit/matlab_v7_4_6_files/outputs/v7_4_6_as006_gap_weaklink_v800_phase3_seed_505/AS006_v7_4_6_gap_weaklink_scores.csv
AS006,contact_relaxed_a3_7_g0_05_p0_1,"contact-relaxed SNS links, alpha=3.7, tau=0.05, p=0.1",contact_relaxation,contact_relaxed,shape,3.7,0,0.05,0.1,0.904793028322441,0.05,0.100217864923747,2.56763702195421e-08,5.70965587598236e-07,0.0412284602233989,116.912187115024,0.215205201822699,0.289048159565596,0.317276587585462,0.146962905479099,0.0480401894244645,0.227559996692297,0.317597135189721,0.34467519430857,0.136087226030023,0.0469122256942384,237.339001391798,232.883821729769,505,v7.4.6,gap_tied_weak_links_phase3_seed,/Users/asewaket/Documents/LTSpice Superconducting Circuit/matlab_v7_4_6_files/outputs/v7_4_6_as006_gap_weaklink_v800_phase3_seed_505/AS006_v7_4_6_gap_weaklink_scores.csv
AS006,boundary_sns_a3_7_g0_4_p0_1,"SNS-like boundary constriction, alpha=3.7, tau=0.4, p=0.1",boundary_lane,boundary_constriction,shape,3.7,0,0.4,0.1,0.924183006535947,0.4,0.12636165577342,4.21057958480203e-07,3.76887899122093e-07,0.141663517914522,178.325986689419,0.215224297968457,0.291007086433637,0.312843785224154,0.152229398198868,0.0473510315177937,0.223965972845073,0.311920826586363,0.332937928398458,0.141449823439402,0.0484553836424459,242.282046609718,234.471384921567,505,v7.4.6,gap_tied_weak_links_phase3_seed,/Users/asewaket/Documents/LTSpice Superconducting Circuit/matlab_v7_4_6_files/outputs/v7_4_6_as006_gap_weaklink_v800_phase3_seed_505/AS006_v7_4_6_gap_weaklink_scores.csv
AS006,contact_relaxed_a3_3_g0_05_p0_1,"contact-relaxed SNS links, alpha=3.3, tau=0.05, p=0.1",contact_relaxation,contact_relaxed,shape,3.3,1,0.05,0.1,0.904793028322441,0.05,0.100217864923747,2.2900546412024e-08,5.09239578128157e-07,0.0367713293884368,116.912187115024,0.215263781006981,0.28718798249295,0.320146358618703,0.145245918556762,0.0473173967632736,0.226252792972363,0.31195852714385,0.344058723184989,0.136242480218789,0.0468995718707508,239.47842105844,233.987793591848,505,v7.4.6,gap_tied_weak_links_phase3_seed,/Users/asewaket/Documents/LTSpice Superconducting Circuit/matlab_v7_4_6_files/outputs/v7_4_6_as006_gap_weaklink_v800_phase3_seed_505/AS006_v7_4_6_gap_weaklink_scores.csv
AS006,contact_relaxed_a3_7_g0_4_p0_3,"contact-relaxed SNS links, alpha=3.7, tau=0.4, p=0.3",contact_relaxation,contact_relaxed,shape,3.7,0,0.4,0.3,0.819869281045749,0.4,0.300217864923747,2.50904445501048e-07,5.35879185101193e-07,0.0471776171219217,109.716189756551,0.21534057911999,0.290078700300395,0.318350061636417,0.145232289554943,0.0479712254921462,0.224976336513744,0.312478208572212,0.339921531236615,0.136258570531005,0.0472175811686764,240.397319493334,235.23415903316,505,v7.4.6,gap_tied_weak_links_phase3_seed,/Users/asewaket/Documents/LTSpice Superconducting Circuit/matlab_v7_4_6_files/outputs/v7_4_6_as006_gap_weaklink_v800_phase3_seed_505/AS006_v7_4_6_gap_weaklink_scores.csv
AS006,boundary_sns_a4_1_g0_7_p0_3,"SNS-like boundary constriction, alpha=4.1, tau=0.7, p=0.3",boundary_lane,boundary_constriction,shape,4.1,0.999999999999997,0.7,0.3,0.905228758169932,0.7,0.315904139433551,6.76113606491572e-07,4.30095884274809e-07,0.122363863499411,174.498121988917,0.21536094221579,0.294040641787557,0.313812391199569,0.149332754476173,0.0469264415969351,0.225773194052,0.318052432388578,0.336949297782345,0.138234490200313,0.0483591540019293,241.344561828471,232.826283650443,505,v7.4.6,gap_tied_weak_links_phase3_seed,/Users/asewaket/Documents/LTSpice Superconducting Circuit/matlab_v7_4_6_files/outputs/v7_4_6_as006_gap_weaklink_v800_phase3_seed_505/AS006_v7_4_6_gap_weaklink_scores.csv
AS006,combined_a4_1_g0_7_p0_2,"combined weak-link classes, alpha=4.1, tau=0.7, p=0.2",combined,boundary_constriction,shape,4.1,0.999999999999997,0.7,0.2,0.939999999999999,0.7,0.2,7.41951300174229e-07,4.37273105757395e-07,0.136443251628799,174.487649736809,0.215412271461413,0.29357370904202,0.313685173635535,0.149918436984384,0.047140548172378,0.224652194081249,0.315863100227835,0.335106664448383,0.139131693531866,0.0470465904789056,240.896269732276,234.755690581983,505,v7.4.6,gap_tied_weak_links_phase3_seed,/Users/asewaket/Documents/LTSpice Superconducting Circuit/matlab_v7_4_6_files/outputs/v7_4_6_as006_gap_weaklink_v800_phase3_seed_505/AS006_v7_4_6_gap_weaklink_scores.csv
AS006,combined_a4_1_g0_7_p0_3,"combined weak-link classes, alpha=4.1, tau=0.7, p=0.3",combined,boundary_constriction,shape,4.1,0.999999999999997,0.7,0.3,0.909934640522874,0.7,0.300217864923747,6.42383814672535e-07,4.49071660657161e-07,0.114185017290151,167.060532445726,0.215499406560414,0.293955343687789,0.314603094443813,0.148562301659755,0.0472833967629125,0.224289833500669,0.315113008847785,0.334983247522087,0.138664520207663,0.0467848252323283,241.016553144535,235.671991736818,505,v7.4.6,gap_tied_weak_links_phase3_seed,/Users/asewaket/Documents/LTSpice Superconducting Circuit/matlab_v7_4_6_files/outputs/v7_4_6_as006_gap_weaklink_v800_phase3_seed_505/AS006_v7_4_6_gap_weaklink_scores.csv
AS006,contact_relaxed_a3_7_g0_2_p0_1,"contact-relaxed SNS links, alpha=3.7, tau=0.2, p=0.1",contact_relaxation,contact_relaxed,shape,3.7,0,0.2,0.1,0.919825708061001,0.2,0.100217864923747,8.48855843015648e-08,4.71900302739003e-07,0.0412284602233989,141.455377811962,0.215670219799654,0.290109515597559,0.319574775308929,0.145147485713065,0.0475513694687512,0.225973913253637,0.31403456804098,0.342493878740706,0.135882758522623,0.0466172622776904,239.298992366631,235.03731105971,505,v7.4.6,gap_tied_weak_links_phase3_seed,/Users/asewaket/Documents/LTSpice Superconducting Circuit/matlab_v7_4_6_files/outputs/v7_4_6_as006_gap_weaklink_v800_phase3_seed_505/AS006_v7_4_6_gap_weaklink_scores.csv
AS006,contact_relaxed_a4_1_g0_4_p0_3,"contact-relaxed SNS links, alpha=4.1, tau=0.4, p=0.3",contact_relaxation,contact_relaxed,shape,4.1,0.999999999999997,0.4,0.3,0.819869281045749,0.4,0.300217864923747,2.7802925042008e-07,5.93812069976998e-07,0.0522779000540213,109.716189756551,0.215676731011648,0.293209018601608,0.316906599913034,0.146186235847356,0.0478552917996271,0.226092736370466,0.317435636195261,0.340228578871454,0.136320334190865,0.047227614893441,239.671277998255,234.354348123944,505,v7.4.6,gap_tied_weak_links_phase3_seed,/Users/asewaket/Documents/LTSpice Superconducting Circuit/matlab_v7_4_6_files/outputs/v7_4_6_as006_gap_weaklink_v800_phase3_seed_505/AS006_v7_4_6_gap_weaklink_scores.csv
AS006,boundary_sns_a4_1_g0_4_p0_1,"SNS-like boundary constriction, alpha=4.1, tau=0.4, p=0.1",boundary_lane,boundary_constriction,shape,4.1,0.999999999999997,0.4,0.1,0.924183006535947,0.4,0.12636165577342,4.6657773777536e-07,4.17632536865022e-07,0.1569784928242,178.325986689419,0.215701063597661,0.293160205840072,0.313047880944292,0.152194970755099,0.0472676070518506,0.22449078176939,0.314162114641631,0.333180608989981,0.141427306263539,0.0484415956434259,242.338942506745,234.403601382016,505,v7.4.6,gap_tied_weak_links_phase3_seed,/Users/asewaket/Documents/LTSpice Superconducting Circuit/matlab_v7_4_6_files/outputs/v7_4_6_as006_gap_weaklink_v800_phase3_seed_505/AS006_v7_4_6_gap_weaklink_scores.csv
AS006,combined_a4_1_g0_7_p0_1,"combined weak-link classes, alpha=4.1, tau=0.7, p=0.1",combined,boundary_constriction,shape,4.1,0.999999999999997,0.7,0.1,0.969934640522875,0.7,0.100217864923747,7.57088497419949e-07,4.27896886862924e-07,0.138690477380902,179.876066894172,0.216105717577029,0.295338283512736,0.31491184517059,0.149770695041487,0.0468812065220182,0.224111328906018,0.315000943342259,0.333783382983219,0.140005039146949,0.0464284820335142,241.312962932152,236.645707266501,505,v7.4.6,gap_tied_weak_links_phase3_seed,/Users/asewaket/Documents/LTSpice Superconducting Circuit/matlab_v7_4_6_files/outputs/v7_4_6_as006_gap_weaklink_v800_phase3_seed_505/AS006_v7_4_6_gap_weaklink_scores.csv
AS006,boundary_sns_a4_1_g0_7_p0_2,"SNS-like boundary constriction, alpha=4.1, tau=0.7, p=0.2",boundary_lane,boundary_constriction,shape,4.1,0.999999999999997,0.7,0.2,0.933594771241829,0.7,0.221350762527233,7.24654105286655e-07,4.1994013687129e-07,0.14076774188,181.794847559813,0.216556849738126,0.296253140662147,0.315552640197103,0.149905153633485,0.0469325456416958,0.226390463412717,0.319343350394915,0.337700764867554,0.139097487675534,0.0477607685560335,241.309878726431,233.636692558212,505,v7.4.6,gap_tied_weak_links_phase3_seed,/Users/asewaket/Documents/LTSpice Superconducting Circuit/matlab_v7_4_6_files/outputs/v7_4_6_as006_gap_weaklink_v800_phase3_seed_505/AS006_v7_4_6_gap_weaklink_scores.csv
AS006,contact_relaxed_a3_3_g0_2_p0_1,"contact-relaxed SNS links, alpha=3.3, tau=0.2, p=0.1",contact_relaxation,contact_relaxed,shape,3.3,1,0.2,0.1,0.919825708061001,0.2,0.100217864923747,7.57087643770714e-08,4.20884053794246e-07,0.0367713293884368,141.455377811962,0.216695796797281,0.290662467517852,0.324281980731632,0.142443555950042,0.0472686052506451,0.224678724719214,0.308812111788034,0.341774171852725,0.135910316740169,0.046588815140555,242.080099141716,237.335724043469,505,v7.4.6,gap_tied_weak_links_phase3_seed,/Users/asewaket/Documents/LTSpice Superconducting Circuit/matlab_v7_4_6_files/outputs/v7_4_6_as006_gap_weaklink_v800_phase3_seed_505/AS006_v7_4_6_gap_weaklink_scores.csv
AS006,crack_tunnel_a4_1_g0_7_p0_2,"tunnel/crack-like links, alpha=4.1, tau=0.7, p=0.2",tear_lane,crack_tunnel,shape,4.1,0.999999999999997,0.7,0.2,0.93986928104575,0.7,0.200435729847495,6.22438827483919e-07,4.39008095756219e-07,0.110738164890159,169.922877133613,0.21670259240064,0.297553702714559,0.317125643163451,0.146856302930787,0.0474190050891206,0.223122346467557,0.313402188773298,0.332422758503005,0.139260424573039,0.0463941854679301,241.930397385557,239.452864879431,505,v7.4.6,gap_tied_weak_links_phase3_seed,/Users/asewaket/Documents/LTSpice Superconducting Circuit/matlab_v7_4_6_files/outputs/v7_4_6_as006_gap_weaklink_v800_phase3_seed_505/AS006_v7_4_6_gap_weaklink_scores.csv
AS006,combined_a3_7_g0_7_p0_2,"combined weak-link classes, alpha=3.7, tau=0.7, p=0.2",combined,boundary_constriction,shape,3.7,0,0.7,0.2,0.939999999999999,0.7,0.2,6.69565807474304e-07,3.94612314951796e-07,0.123131714884526,174.487649736809,0.216749945600895,0.296151248078466,0.318015522141355,0.147158211016506,0.0471235524080035,0.224108121391686,0.313582281084153,0.334843556320213,0.139155588695776,0.0470376164441833,243.101181780825,236.876916681313,505,v7.4.6,gap_tied_weak_links_phase3_seed,/Users/asewaket/Documents/LTSpice Superconducting Circuit/matlab_v7_4_6_files/outputs/v7_4_6_as006_gap_weaklink_v800_phase3_seed_505/AS006_v7_4_6_gap_weaklink_scores.csv
AS006,crack_tunnel_a4_1_g0_7_p0_3,"tunnel/crack-like links, alpha=4.1, tau=0.7, p=0.3",tear_lane,crack_tunnel,shape,4.1,0.999999999999997,0.7,0.3,0.909934640522874,0.7,0.300217864923747,5.98140977872149e-07,4.51842004685996e-07,0.099362160781788,161.922843627677,0.216798494493213,0.298529782787613,0.317796346744572,0.145385405931356,0.047587325461255,0.222788278054733,0.31326022063745,0.332040974422161,0.138494221213159,0.0464916878809843,242.16482773826,240.246121136135,505,v7.4.6,gap_tied_weak_links_phase3_seed,/Users/asewaket/Documents/LTSpice Superconducting Circuit/matlab_v7_4_6_files/outputs/v7_4_6_as006_gap_weaklink_v800_phase3_seed_505/AS006_v7_4_6_gap_weaklink_scores.csv
AS006,boundary_sns_a3_7_g0_7_p0_3,"SNS-like boundary constriction, alpha=3.7, tau=0.7, p=0.3",boundary_lane,boundary_constriction,shape,3.7,0,0.7,0.3,0.905228758169932,0.7,0.315904139433551,6.10151303419223e-07,3.88135310199218e-07,0.110425925597029,174.498121988917,0.216911755514278,0.297134013856477,0.318553018395796,0.146384184187295,0.0469767512881515,0.225260140165597,0.315874036769336,0.336709430772825,0.138259715445473,0.0483605158993646,243.663302870565,235.170007646321,505,v7.4.6,gap_tied_weak_links_phase3_seed,/Users/asewaket/Documents/LTSpice Superconducting Circuit/matlab_v7_4_6_files/outputs/v7_4_6_as006_gap_weaklink_v800_phase3_seed_505/AS006_v7_4_6_gap_weaklink_scores.csv
AS006,contact_relaxed_a4_1_g0_4_p0_1,"contact-relaxed SNS links, alpha=4.1, tau=0.4, p=0.1",contact_relaxation,contact_relaxed,shape,4.1,0.999999999999997,0.4,0.1,0.939869281045751,0.4,0.100217864923747,1.64718159647534e-07,4.60695671051298e-07,0.0456855910583609,161.556357309602,0.216949605605472,0.296185348406136,0.319189637339378,0.146167331852336,0.0472716494618926,0.228132767304147,0.321960746080741,0.343923605698096,0.136108284597341,0.0467014247216497,238.834186449216,233.835447592965,505,v7.4.6,gap_tied_weak_links_phase3_seed,/Users/asewaket/Documents/LTSpice Superconducting Circuit/matlab_v7_4_6_files/outputs/v7_4_6_as006_gap_weaklink_v800_phase3_seed_505/AS006_v7_4_6_gap_weaklink_scores.csv
AS006,boundary_sns_a3_3_g0_1_p0_05,"SNS-like boundary constriction, alpha=3.3, tau=0.1, p=0.05",boundary_lane,boundary_constriction,shape,3.3,1,0.1,0.05,0.943137254901961,0.1,0.0631808278867102,9.76277647138533e-08,3.22731523912948e-07,0.13205791998301,181.810057948505,0.217013381770677,0.293951470734381,0.31843618244887,0.149209936986207,0.0473396976007227,0.224214584672515,0.310574568234895,0.334486386061077,0.141271029251304,0.0485583929566639,244.306033591255,236.281356327729,505,v7.4.6,gap_tied_weak_links_phase3_seed,/Users/asewaket/Documents/LTSpice Superconducting Circuit/matlab_v7_4_6_files/outputs/v7_4_6_as006_gap_weaklink_v800_phase3_seed_505/AS006_v7_4_6_gap_weaklink_scores.csv
AS006,combined_a3_7_g0_7_p0_3,"combined weak-link classes, alpha=3.7, tau=0.7, p=0.3",combined,boundary_constriction,shape,3.7,0,0.7,0.3,0.909934640522874,0.7,0.300217864923747,5.79712222997166e-07,4.05259791324755e-07,0.103045015603307,167.060532445726,0.217032378064237,0.296843435942961,0.319399599173956,0.145663429996053,0.0472898683287328,0.223712245768103,0.312676673708653,0.334716899477278,0.138685492490914,0.0467731154329825,243.416098764048,238.028949894864,505,v7.4.6,gap_tied_weak_links_phase3_seed,/Users/asewaket/Documents/LTSpice Superconducting Circuit/matlab_v7_4_6_files/outputs/v7_4_6_as006_gap_weaklink_v800_phase3_seed_505/AS006_v7_4_6_gap_weaklink_scores.csv
AS006,boundary_sns_a3_3_g0_05_p0_05,"SNS-like boundary constriction, alpha=3.3, tau=0.05, p=0.05",boundary_lane,boundary_constriction,shape,3.3,1,0.05,0.05,0.939978213507626,0.05,0.0631808278867102,4.87502080934741e-08,3.22310543423671e-07,0.13205791998301,182.047526094404,0.217077500192566,0.293426787834792,0.318302922001995,0.149519609505669,0.048031087742464,0.222204256862016,0.306361830714201,0.330765564104845,0.142872821156686,0.0472286899665409,244.599393021815,239.328062498366,505,v7.4.6,gap_tied_weak_links_phase3_seed,/Users/asewaket/Documents/LTSpice Superconducting Circuit/matlab_v7_4_6_files/outputs/v7_4_6_as006_gap_weaklink_v800_phase3_seed_505/AS006_v7_4_6_gap_weaklink_scores.csv
AS006,boundary_sns_a4_1_g0_05_p0_05,"SNS-like boundary constriction, alpha=4.1, tau=0.05, p=0.05",boundary_lane,boundary_constriction,shape,4.1,0.999999999999997,0.05,0.05,0.939978213507626,0.05,0.0631808278867102,6.05684403585587e-08,4.00446432738501e-07,0.164071961191012,182.047526094404,0.217242185489994,0.29709772868543,0.316828944902463,0.150528324457547,0.046502139613296,0.223565265692212,0.312241327581968,0.331360820343719,0.14276622655109,0.0472457820887212,245.201045855772,236.812674723459,505,v7.4.6,gap_tied_weak_links_phase3_seed,/Users/asewaket/Documents/LTSpice Superconducting Circuit/matlab_v7_4_6_files/outputs/v7_4_6_as006_gap_weaklink_v800_phase3_seed_505/AS006_v7_4_6_gap_weaklink_scores.csv
AS006,combined_a4_1_g0_7_p0_05,"combined weak-link classes, alpha=4.1, tau=0.7, p=0.05",combined,boundary_constriction,shape,4.1,0.999999999999997,0.7,0.05,0.984967320261438,0.7,0.0501089324618736,8.10783003041625e-07,4.20492367059878e-07,0.144943868023784,184.106149133649,0.217349398776428,0.298367117813678,0.317489089093433,0.148668642071226,0.0469381675659208,0.224809192292742,0.316522606481285,0.334915326399511,0.139931437066942,0.0465072374496025,241.193982796887,238.093055700756,505,v7.4.6,gap_tied_weak_links_phase3_seed,/Users/asewaket/Documents/LTSpice Superconducting Circuit/matlab_v7_4_6_files/outputs/v7_4_6_as006_gap_weaklink_v800_phase3_seed_505/AS006_v7_4_6_gap_weaklink_scores.csv
AS006,combined_a3_3_g0_7_p0_2,"combined weak-link classes, alpha=3.3, tau=0.7, p=0.2",combined,boundary_constriction,shape,3.3,1,0.7,0.2,0.939999999999999,0.7,0.2,5.9718031477438e-07,3.51951524146196e-07,0.109820178140253,174.487649736809,0.217372408415149,0.296226194123368,0.320979680823649,0.145375329927691,0.0472022441013802,0.223316535189901,0.31018846521686,0.3344923596912,0.139198543448461,0.0470344019624711,244.618952641445,238.48507911462,505,v7.4.6,gap_tied_weak_links_phase3_seed,/Users/asewaket/Documents/LTSpice Superconducting Circuit/matlab_v7_4_6_files/outputs/v7_4_6_as006_gap_weaklink_v800_phase3_seed_505/AS006_v7_4_6_gap_weaklink_scores.csv
AS006,combined_a3_7_g0_7_p0_1,"combined weak-link classes, alpha=3.7, tau=0.7, p=0.1",combined,boundary_constriction,shape,3.7,0,0.7,0.1,0.969934640522875,0.7,0.100217864923747,6.83226204988735e-07,3.86150849120199e-07,0.125159699099838,179.876066894172,0.217377536458706,0.297762524893587,0.319003143712821,0.147185097113651,0.0468882845104445,0.223598768868287,0.31283740411391,0.333539873325077,0.140035492978886,0.0464172956850326,243.380587686925,238.687884272146,505,v7.4.6,gap_tied_weak_links_phase3_seed,/Users/asewaket/Documents/LTSpice Superconducting Circuit/matlab_v7_4_6_files/outputs/v7_4_6_as006_gap_weaklink_v800_phase3_seed_505/AS006_v7_4_6_gap_weaklink_scores.csv
AS006,boundary_sns_a4_1_g0_1_p0_05,"SNS-like boundary constriction, alpha=4.1, tau=0.1, p=0.05",boundary_lane,boundary_constriction,shape,4.1,0.999999999999997,0.1,0.05,0.943137254901961,0.1,0.0631808278867102,1.21295101614181e-07,4.00969469103965e-07,0.164071961191012,181.810057948505,0.217506300221646,0.298057366462544,0.31751198197213,0.149877275762061,0.0464815714918823,0.225499826640787,0.316259119260226,0.33500813427761,0.141182163895566,0.0484980740884314,244.538840601252,234.737908080961,505,v7.4.6,gap_tied_weak_links_phase3_seed,/Users/asewaket/Documents/LTSpice Superconducting Circuit/matlab_v7_4_6_files/outputs/v7_4_6_as006_gap_weaklink_v800_phase3_seed_505/AS006_v7_4_6_gap_weaklink_scores.csv
AS006,boundary_sns_a3_7_g0_05_p0_05,"SNS-like boundary constriction, alpha=3.7, tau=0.05, p=0.05",boundary_lane,boundary_constriction,shape,3.7,0,0.05,0.05,0.939978213507626,0.05,0.0631808278867102,5.46593242260164e-08,3.61378488081086e-07,0.148064940587011,182.047526094404,0.217538805985566,0.296511942083572,0.318189001921972,0.149647769464377,0.0472916226503355,0.223013215417327,0.309928012809281,0.331094360782866,0.142810791798338,0.047209443159415,244.923199086949,238.606557231315,505,v7.4.6,gap_tied_weak_links_phase3_seed,/Users/asewaket/Documents/LTSpice Superconducting Circuit/matlab_v7_4_6_files/outputs/v7_4_6_as006_gap_weaklink_v800_phase3_seed_505/AS006_v7_4_6_gap_weaklink_scores.csv
AS006,crack_tunnel_a4_1_g0_7_p0_1,"tunnel/crack-like links, alpha=4.1, tau=0.7, p=0.1",tear_lane,crack_tunnel,shape,4.1,0.999999999999997,0.7,0.1,0.969934640522875,0.7,0.100217864923747,7.08453103498732e-07,4.24240221451226e-07,0.131405449371714,180.092512541996,0.217580377435845,0.298951711773803,0.318222202394408,0.147805615253218,0.0473043021486853,0.223642363624045,0.313830051669803,0.332515992524595,0.140535669291058,0.0468091929185604,241.793318702488,240.449777470759,505,v7.4.6,gap_tied_weak_links_phase3_seed,/Users/asewaket/Documents/LTSpice Superconducting Circuit/matlab_v7_4_6_files/outputs/v7_4_6_as006_gap_weaklink_v800_phase3_seed_505/AS006_v7_4_6_gap_weaklink_scores.csv
AS006,boundary_sns_a3_3_g0_7_p0_3,"SNS-like boundary constriction, alpha=3.3, tau=0.7, p=0.3",boundary_lane,boundary_constriction,shape,3.3,1,0.7,0.3,0.905228758169932,0.7,0.315904139433551,5.44189000346875e-07,3.46174736123627e-07,0.0984879876946479,174.498121988917,0.217617163854086,0.297386287260331,0.32161459200596,0.144619117988014,0.0471000985146524,0.224510710929478,0.31259876342584,0.336400850123064,0.138309863156111,0.0483659745610481,245.145057745061,236.845651602449,505,v7.4.6,gap_tied_weak_links_phase3_seed,/Users/asewaket/Documents/LTSpice Superconducting Circuit/matlab_v7_4_6_files/outputs/v7_4_6_as006_gap_weaklink_v800_phase3_seed_505/AS006_v7_4_6_gap_weaklink_scores.csv
AS006,combined_a3_3_g0_7_p0_3,"combined weak-link classes, alpha=3.3, tau=0.7, p=0.3",combined,boundary_constriction,shape,3.3,1,0.7,0.3,0.909934640522874,0.7,0.300217864923747,5.17040631321796e-07,3.61447921992349e-07,0.0919050139164634,167.060532445726,0.217696628937411,0.296786694107936,0.322572268638537,0.143864863085639,0.0473639016046307,0.222845156996177,0.308943377421863,0.334355198204314,0.138718149330371,0.0467631240385064,245.041463720188,239.733038753392,505,v7.4.6,gap_tied_weak_links_phase3_seed,/Users/asewaket/Documents/LTSpice Superconducting Circuit/matlab_v7_4_6_files/outputs/v7_4_6_as006_gap_weaklink_v800_phase3_seed_505/AS006_v7_4_6_gap_weaklink_scores.csv
AS006,contact_relaxed_a4_1_g0_7_p0_2,"contact-relaxed SNS links, alpha=4.1, tau=0.7, p=0.2",contact_relaxation,contact_relaxed,shape,4.1,0.999999999999997,0.7,0.2,0.939999999999999,0.7,0.2,3.07858738128596e-07,4.42470316122606e-07,0.0498275312738886,168.783872556153,0.217710278297761,0.299791072795256,0.319393311711587,0.14631122014567,0.0469329980161817,0.229496562580564,0.326187243993607,0.344914628327649,0.136294082084243,0.0473273667305233,239.505648903344,232.509288400238,505,v7.4.6,gap_tied_weak_links_phase3_seed,/Users/asewaket/Documents/LTSpice Superconducting Circuit/matlab_v7_4_6_files/outputs/v7_4_6_as006_gap_weaklink_v800_phase3_seed_505/AS006_v7_4_6_gap_weaklink_scores.csv
AS006,boundary_sns_a3_3_g0_2_p0_05,"SNS-like boundary constriction, alpha=3.3, tau=0.2, p=0.05",boundary_lane,boundary_constriction,shape,3.3,1,0.2,0.05,0.949455337690632,0.2,0.0631808278867102,1.9407613246462e-07,3.20890866088869e-07,0.13205791998301,182.914914210221,0.217789826888113,0.296233114804419,0.320220291147172,0.147909779264873,0.0474432860475046,0.224939935006405,0.312666420080937,0.336120789289323,0.140408933193458,0.0483107072029523,244.171637031463,236.579923063829,505,v7.4.6,gap_tied_weak_links_phase3_seed,/Users/asewaket/Documents/LTSpice Superconducting Circuit/matlab_v7_4_6_files/outputs/v7_4_6_as006_gap_weaklink_v800_phase3_seed_505/AS006_v7_4_6_gap_weaklink_scores.csv
AS006,boundary_sns_a3_7_g0_1_p0_05,"SNS-like boundary constriction, alpha=3.7, tau=0.1, p=0.05",boundary_lane,boundary_constriction,shape,3.7,0,0.1,0.05,0.943137254901961,0.1,0.0631808278867102,1.09461433164017e-07,3.61850496508456e-07,0.148064940587011,181.810057948505,0.217801124544375,0.297580746683575,0.318932801764577,0.148976744397876,0.0470715424529435,0.224981060373822,0.314018528846708,0.334774871568777,0.141216867640293,0.0485096632266751,244.614941286308,236.195644084327,505,v7.4.6,gap_tied_weak_links_phase3_seed,/Users/asewaket/Documents/LTSpice Superconducting Circuit/matlab_v7_4_6_files/outputs/v7_4_6_as006_gap_weaklink_v800_phase3_seed_505/AS006_v7_4_6_gap_weaklink_scores.csv
AS006,combined_a3_3_g0_7_p0_1,"combined weak-link classes, alpha=3.3, tau=0.7, p=0.1",combined,boundary_constriction,shape,3.3,1,0.7,0.1,0.969934640522875,0.7,0.100217864923747,6.0936391255752e-07,3.44404811377475e-07,0.111628920818775,179.876066894172,0.217855694744805,0.297505010856931,0.321622184339892,0.145615634995663,0.0469150965277027,0.222834447327272,0.30950473927247,0.333224260079217,0.140091595778447,0.0464105475022041,244.763432293795,240.0915086765,505,v7.4.6,gap_tied_weak_links_phase3_seed,/Users/asewaket/Documents/LTSpice Superconducting Circuit/matlab_v7_4_6_files/outputs/v7_4_6_as006_gap_weaklink_v800_phase3_seed_505/AS006_v7_4_6_gap_weaklink_scores.csv
AS006,crack_tunnel_a3_7_g0_7_p0_2,"tunnel/crack-like links, alpha=3.7, tau=0.7, p=0.2",tear_lane,crack_tunnel,shape,3.7,0,0.7,0.2,0.93986928104575,0.7,0.200435729847495,5.61713088217195e-07,3.96178037633661e-07,0.0999344414862411,169.922877133613,0.217948842571683,0.299915617851489,0.321133767059785,0.144482003328807,0.0472419984912939,0.222583712296518,0.311243361886796,0.332109269934969,0.139290410239844,0.0463709644097915,244.133988160753,241.345403985538,505,v7.4.6,gap_tied_weak_links_phase3_seed,/Users/asewaket/Documents/LTSpice Superconducting Circuit/matlab_v7_4_6_files/outputs/v7_4_6_as006_gap_weaklink_v800_phase3_seed_505/AS006_v7_4_6_gap_weaklink_scores.csv
AS006,boundary_sns_a3_7_g0_7_p0_2,"SNS-like boundary constriction, alpha=3.7, tau=0.7, p=0.2",boundary_lane,boundary_constriction,shape,3.7,0,0.7,0.2,0.933594771241829,0.7,0.221350762527233,6.53956143795274e-07,3.78970367420432e-07,0.127034303647805,181.794847559813,0.217950587746268,0.298962061716899,0.31990275402794,0.147190034904805,0.0469735138345391,0.225885566480817,0.317180426731126,0.337472570404109,0.139127719700104,0.0477607578406403,243.461116156463,235.802367363837,505,v7.4.6,gap_tied_weak_links_phase3_seed,/Users/asewaket/Documents/LTSpice Superconducting Circuit/matlab_v7_4_6_files/outputs/v7_4_6_as006_gap_weaklink_v800_phase3_seed_505/AS006_v7_4_6_gap_weaklink_scores.csv
AS006,crack_tunnel_a3_3_g0_7_p0_2,"tunnel/crack-like links, alpha=3.3, tau=0.7, p=0.2",tear_lane,crack_tunnel,shape,3.3,1,0.7,0.2,0.93986928104575,0.7,0.200435729847495,5.00987348950472e-07,3.53347979511103e-07,0.0891307180823231,169.922877133613,0.218166436655669,0.299082509896982,0.323158699591626,0.143290951903133,0.0471082592171025,0.221776197530499,0.307878417223131,0.331697328975011,0.139344270717158,0.0463519063266461,245.419995843028,242.373516842641,505,v7.4.6,gap_tied_weak_links_phase3_seed,/Users/asewaket/Documents/LTSpice Superconducting Circuit/matlab_v7_4_6_files/outputs/v7_4_6_as006_gap_weaklink_v800_phase3_seed_505/AS006_v7_4_6_gap_weaklink_scores.csv
AS006,contact_relaxed_a4_1_g0_1_p0_05,"contact-relaxed SNS links, alpha=4.1, tau=0.1, p=0.05",contact_relaxation,contact_relaxed,shape,4.1,0.999999999999997,0.1,0.05,0.954509803921569,0.1,0.0505446623093682,3.97308900395058e-08,4.86561031491936e-07,0.0427991336444884,156.302145572623,0.218181230064972,0.300309945244804,0.321517088064473,0.144302457314425,0.047563229324197,0.230473041829344,0.327725445274406,0.347994794307503,0.134780473475357,0.0471732819899863,238.377559630864,232.795016501669,505,v7.4.6,gap_tied_weak_links_phase3_seed,/Users/asewaket/Documents/LTSpice Superconducting Circuit/matlab_v7_4_6_files/outputs/v7_4_6_as006_gap_weaklink_v800_phase3_seed_505/AS006_v7_4_6_gap_weaklink_scores.csv
AS006,crack_tunnel_a3_7_g0_7_p0_3,"tunnel/crack-like links, alpha=3.7, tau=0.7, p=0.3",tear_lane,crack_tunnel,shape,3.7,0,0.7,0.3,0.909934640522874,0.7,0.300217864923747,5.39785760518769e-07,4.07759857887362e-07,0.0896682914372233,161.922843627677,0.218262020718313,0.301348896121558,0.32221368430175,0.14283117872306,0.0475482865381205,0.222205176190097,0.311070547411825,0.331641885452747,0.138488698488088,0.0464711608862454,244.479411563318,242.488850556817,505,v7.4.6,gap_tied_weak_links_phase3_seed,/Users/asewaket/Documents/LTSpice Superconducting Circuit/matlab_v7_4_6_files/outputs/v7_4_6_as006_gap_weaklink_v800_phase3_seed_505/AS006_v7_4_6_gap_weaklink_scores.csv
AS006,contact_relaxed_a4_1_g0_05_p0_05,"contact-relaxed SNS links, alpha=4.1, tau=0.05, p=0.05",contact_relaxation,contact_relaxed,shape,4.1,0.999999999999997,0.05,0.05,0.9519825708061,0.05,0.0505446623093682,2.05483930522666e-08,5.03288363742728e-07,0.0427991336444884,151.107274979824,0.218284647234216,0.301015552231982,0.321146737859858,0.144684925595015,0.0475447356905807,0.231221648820243,0.329789536785516,0.349002458267961,0.134780726873887,0.0470884967544078,237.670009805156,232.244373451674,505,v7.4.6,gap_tied_weak_links_phase3_seed,/Users/asewaket/Documents/LTSpice Superconducting Circuit/matlab_v7_4_6_files/outputs/v7_4_6_as006_gap_weaklink_v800_phase3_seed_505/AS006_v7_4_6_gap_weaklink_scores.csv
AS006,boundary_sns_a4_1_g0_2_p0_05,"SNS-like boundary constriction, alpha=4.1, tau=0.2, p=0.05",boundary_lane,boundary_constriction,shape,4.1,0.999999999999997,0.2,0.05,0.949455337690632,0.2,0.0631808278867102,2.41124891849982e-07,3.98682591201322e-07,0.164071961191012,182.914914210221,0.218360468845137,0.300363629454544,0.319501688379764,0.148401866601213,0.0468084268550372,0.226180825290069,0.318152543284481,0.336630768278509,0.140299913878084,0.0482728463308715,244.165584899612,235.472303854108,505,v7.4.6,gap_tied_weak_links_phase3_seed,/Users/asewaket/Documents/LTSpice Superconducting Circuit/matlab_v7_4_6_files/outputs/v7_4_6_as006_gap_weaklink_v800_phase3_seed_505/AS006_v7_4_6_gap_weaklink_scores.csv
AS006,boundary_sns_a3_3_g0_7_p0_2,"SNS-like boundary constriction, alpha=3.3, tau=0.7, p=0.2",boundary_lane,boundary_constriction,shape,3.3,1,0.7,0.2,0.933594771241829,0.7,0.221350762527233,5.83258182303893e-07,3.38000597969575e-07,0.11330086541561,181.794847559813,0.218539892424595,0.298952750420577,0.322671915626317,0.145579943180246,0.0470959303810377,0.225153085788317,0.313945192351662,0.337179740814063,0.139185587872493,0.0477737053246977,244.821167425914,237.3298218005,505,v7.4.6,gap_tied_weak_links_phase3_seed,/Users/asewaket/Documents/LTSpice Superconducting Circuit/matlab_v7_4_6_files/outputs/v7_4_6_as006_gap_weaklink_v800_phase3_seed_505/AS006_v7_4_6_gap_weaklink_scores.csv
AS006,crack_tunnel_a3_3_g0_7_p0_3,"tunnel/crack-like links, alpha=3.3, tau=0.7, p=0.3",tear_lane,crack_tunnel,shape,3.3,1,0.7,0.3,0.909934640522874,0.7,0.300217864923747,4.81430543165389e-07,3.63677711088728e-07,0.0799744220926586,161.922843627677,0.218589114625259,0.300739305199046,0.324448020375261,0.141521172203705,0.0475207670159091,0.221331468745116,0.307624960895048,0.331127638033078,0.138495845061883,0.0464392099452904,245.804100770524,243.773367957733,505,v7.4.6,gap_tied_weak_links_phase3_seed,/Users/asewaket/Documents/LTSpice Superconducting Circuit/matlab_v7_4_6_files/outputs/v7_4_6_as006_gap_weaklink_v800_phase3_seed_505/AS006_v7_4_6_gap_weaklink_scores.csv
AS006,crack_tunnel_a3_7_g0_7_p0_1,"tunnel/crack-like links, alpha=3.7, tau=0.7, p=0.1",tear_lane,crack_tunnel,shape,3.7,0,0.7,0.1,0.969934640522875,0.7,0.100217864923747,6.39335727547636e-07,3.82850931553546e-07,0.118585405530571,180.092512541996,0.21859948266771,0.300758938476029,0.321738384990913,0.145710264740455,0.0470584702028577,0.223137175265552,0.311671781142119,0.332264020846345,0.140590849821182,0.0468134964280605,243.846101895912,241.995805284256,505,v7.4.6,gap_tied_weak_links_phase3_seed,/Users/asewaket/Documents/LTSpice Superconducting Circuit/matlab_v7_4_6_files/outputs/v7_4_6_as006_gap_weaklink_v800_phase3_seed_505/AS006_v7_4_6_gap_weaklink_scores.csv
AS006,contact_relaxed_a4_1_g0_2_p0_05,"contact-relaxed SNS links, alpha=4.1, tau=0.2, p=0.05",contact_relaxation,contact_relaxed,shape,4.1,0.999999999999997,0.2,0.05,0.959564270152505,0.2,0.0505446623093682,7.54945228489299e-08,4.6226868908351e-07,0.0427991336444884,164.515864842577,0.21868797468603,0.301200834378478,0.323027726373271,0.143690304914238,0.0473276367556498,0.229999099619385,0.326344248522603,0.34728352908554,0.134993513122868,0.0471631822710419,239.591375923673,233.604835771989,505,v7.4.6,gap_tied_weak_links_phase3_seed,/Users/asewaket/Documents/LTSpice Superconducting Circuit/matlab_v7_4_6_files/outputs/v7_4_6_as006_gap_weaklink_v800_phase3_seed_505/AS006_v7_4_6_gap_weaklink_scores.csv
AS006,crack_tunnel_a3_3_g0_7_p0_1,"tunnel/crack-like links, alpha=3.3, tau=0.7, p=0.1",tear_lane,crack_tunnel,shape,3.3,1,0.7,0.1,0.969934640522875,0.7,0.100217864923747,5.70218351596541e-07,3.41461641655865e-07,0.105765361689428,180.092512541996,0.218704160811371,0.29970987453447,0.323536022669333,0.144667145669162,0.0467889577645991,0.222395390613815,0.308401787294911,0.331942792445717,0.140682937434287,0.0468216072012978,245.213552095633,242.65800955028,505,v7.4.6,gap_tied_weak_links_phase3_seed,/Users/asewaket/Documents/LTSpice Superconducting Circuit/matlab_v7_4_6_files/outputs/v7_4_6_as006_gap_weaklink_v800_phase3_seed_505/AS006_v7_4_6_gap_weaklink_scores.csv
AS006,boundary_sns_a3_7_g0_2_p0_05,"SNS-like boundary constriction, alpha=3.7, tau=0.2, p=0.05",boundary_lane,boundary_constriction,shape,3.7,0,0.2,0.05,0.949455337690632,0.2,0.0631808278867102,2.17600512157301e-07,3.59786728645095e-07,0.148064940587011,182.914914210221,0.218725207850422,0.300104036182188,0.321071856244096,0.147465378086206,0.047314532034996,0.2256774149547,0.315978902925687,0.33640205502807,0.140339588509959,0.0482800899112416,244.543477636439,236.773994606856,505,v7.4.6,gap_tied_weak_links_phase3_seed,/Users/asewaket/Documents/LTSpice Superconducting Circuit/matlab_v7_4_6_files/outputs/v7_4_6_as006_gap_weaklink_v800_phase3_seed_505/AS006_v7_4_6_gap_weaklink_scores.csv
AS006,contact_relaxed_a3_7_g0_4_p0_1,"contact-relaxed SNS links, alpha=3.7, tau=0.4, p=0.1",contact_relaxation,contact_relaxed,shape,3.7,0,0.4,0.1,0.939869281045751,0.4,0.100217864923747,1.48648095291677e-07,4.15749751924342e-07,0.0412284602233989,161.556357309602,0.218750311592545,0.299354711363424,0.32499447152993,0.142937808554733,0.0469842607285068,0.227339355935232,0.31861782491596,0.343586318685891,0.136093245777528,0.0466863398379818,242.000772989967,236.401201596748,505,v7.4.6,gap_tied_weak_links_phase3_seed,/Users/asewaket/Documents/LTSpice Superconducting Circuit/matlab_v7_4_6_files/outputs/v7_4_6_as006_gap_weaklink_v800_phase3_seed_505/AS006_v7_4_6_gap_weaklink_scores.csv
AS006,boundary_sns_a4_1_g0_7_p0_1,"SNS-like boundary constriction, alpha=4.1, tau=0.7, p=0.1",boundary_lane,boundary_constriction,shape,4.1,0.999999999999997,0.7,0.1,0.962091503267973,0.7,0.12636165577342,7.8528628821523e-07,4.16269776304019e-07,0.1569784928242,185.416629875348,0.218869972168983,0.302243921392001,0.320979377901079,0.146638381030789,0.0470940518375404,0.227547676682146,0.322112709925067,0.340149579561109,0.138248385323945,0.0475534275987925,242.456659941695,235.321355104321,505,v7.4.6,gap_tied_weak_links_phase3_seed,/Users/asewaket/Documents/LTSpice Superconducting Circuit/matlab_v7_4_6_files/outputs/v7_4_6_as006_gap_weaklink_v800_phase3_seed_505/AS006_v7_4_6_gap_weaklink_scores.csv
AS006,contact_relaxed_a4_1_g0_7_p0_3,"contact-relaxed SNS links, alpha=4.1, tau=0.7, p=0.3",contact_relaxation,contact_relaxed,shape,4.1,0.999999999999997,0.7,0.3,0.909934640522874,0.7,0.300217864923747,3.38789972833906e-07,4.638075258759e-07,0.0522779000540213,157.568248104124,0.218949264100968,0.303268265815224,0.322397630136676,0.144036751190434,0.0472362629623917,0.229239179761425,0.326162784030402,0.344566719943438,0.135868423299928,0.0472058257507955,240.6983249351,234.438486971327,505,v7.4.6,gap_tied_weak_links_phase3_seed,/Users/asewaket/Documents/LTSpice Superconducting Circuit/matlab_v7_4_6_files/outputs/v7_4_6_as006_gap_weaklink_v800_phase3_seed_505/AS006_v7_4_6_gap_weaklink_scores.csv
AS006,crack_tunnel_a4_1_g0_7_p0_05,"tunnel/crack-like links, alpha=4.1, tau=0.7, p=0.05",tear_lane,crack_tunnel,shape,4.1,0.999999999999997,0.7,0.05,0.984836601307189,0.7,0.0505446623093682,7.69602820331016e-07,4.17919794552931e-07,0.14470623794207,185.239444143348,0.218954902992239,0.302488826091442,0.321279241042381,0.146459552156908,0.0469725768494536,0.224871746184339,0.316482738988643,0.334743565574797,0.140015693709064,0.0470551350408263,242.296729034853,240.737131330423,505,v7.4.6,gap_tied_weak_links_phase3_seed,/Users/asewaket/Documents/LTSpice Superconducting Circuit/matlab_v7_4_6_files/outputs/v7_4_6_as006_gap_weaklink_v800_phase3_seed_505/AS006_v7_4_6_gap_weaklink_scores.csv
AS006,combined_a3_7_g0_7_p0_05,"combined weak-link classes, alpha=3.7, tau=0.7, p=0.05",combined,boundary_constriction,shape,3.7,0,0.7,0.05,0.984967320261438,0.7,0.0501089324618736,7.31682222257077e-07,3.7946872149306e-07,0.130803002850732,184.106149133649,0.219026806842015,0.3018141561174,0.322515621732812,0.145674401726986,0.0468245379015228,0.224316001210558,0.314427927392062,0.334682524285726,0.139962835481964,0.0465041168082548,243.864062042176,240.431444277421,505,v7.4.6,gap_tied_weak_links_phase3_seed,/Users/asewaket/Documents/LTSpice Superconducting Circuit/matlab_v7_4_6_files/outputs/v7_4_6_as006_gap_weaklink_v800_phase3_seed_505/AS006_v7_4_6_gap_weaklink_scores.csv
AS006,contact_relaxed_a3_7_g0_1_p0_05,"contact-relaxed SNS links, alpha=3.7, tau=0.1, p=0.05",contact_relaxation,contact_relaxed,shape,3.7,0,0.1,0.05,0.954509803921569,0.1,0.0505446623093682,3.58547056454077e-08,4.39091662565894e-07,0.0386236084108798,156.302145572623,0.219515139031108,0.302571710368396,0.325942938037816,0.141965033229755,0.0471475516837736,0.229764209467673,0.324848382566016,0.347583439909562,0.134836538814127,0.0471559714129555,240.9944899166,234.663175816842,505,v7.4.6,gap_tied_weak_links_phase3_seed,/Users/asewaket/Documents/LTSpice Superconducting Circuit/matlab_v7_4_6_files/outputs/v7_4_6_as006_gap_weaklink_v800_phase3_seed_505/AS006_v7_4_6_gap_weaklink_scores.csv
AS006,contact_relaxed_a3_7_g0_05_p0_05,"contact-relaxed SNS links, alpha=3.7, tau=0.05, p=0.05",contact_relaxation,contact_relaxed,shape,3.7,0,0.05,0.05,0.9519825708061,0.05,0.0505446623093682,1.85436717788747e-08,4.5418705996295e-07,0.0386236084108798,151.107274979824,0.219614490950118,0.303188766201396,0.325639457486534,0.142334810617084,0.0470961246764059,0.230541643013042,0.326874637935014,0.34870135638792,0.134836222124432,0.0470609257957983,240.279860474754,234.06500233442,505,v7.4.6,gap_tied_weak_links_phase3_seed,/Users/asewaket/Documents/LTSpice Superconducting Circuit/matlab_v7_4_6_files/outputs/v7_4_6_as006_gap_weaklink_v800_phase3_seed_505/AS006_v7_4_6_gap_weaklink_scores.csv
AS006,boundary_sns_a4_1_g0_4_p0_05,"SNS-like boundary constriction, alpha=4.1, tau=0.4, p=0.05",boundary_lane,boundary_constriction,shape,4.1,0.999999999999997,0.4,0.05,0.962091503267973,0.4,0.0631808278867102,4.758831825205e-07,4.10401930657264e-07,0.164071961191012,185.362040629743,0.219651311534568,0.303875382552295,0.322590582065326,0.146230400490109,0.0470596558935878,0.227174580643297,0.320957529822211,0.339081146004819,0.139019808524368,0.0477486072303836,243.903875975825,236.369398760603,505,v7.4.6,gap_tied_weak_links_phase3_seed,/Users/asewaket/Documents/LTSpice Superconducting Circuit/matlab_v7_4_6_files/outputs/v7_4_6_as006_gap_weaklink_v800_phase3_seed_505/AS006_v7_4_6_gap_weaklink_scores.csv
AS006,boundary_sns_a3_3_g0_7_p0_1,"SNS-like boundary constriction, alpha=3.3, tau=0.7, p=0.1",boundary_lane,boundary_constriction,shape,3.3,1,0.7,0.1,0.962091503267973,0.7,0.12636165577342,6.32059695392746e-07,3.35046405317869e-07,0.126348543004844,185.416629875348,0.219679442356085,0.301923894551263,0.325070842959996,0.144252014863382,0.0472843234699422,0.226334577202225,0.316895489889294,0.339630713752167,0.138280026221981,0.0475736142780636,244.504432089538,237.604731534816,505,v7.4.6,gap_tied_weak_links_phase3_seed,/Users/asewaket/Documents/LTSpice Superconducting Circuit/matlab_v7_4_6_files/outputs/v7_4_6_as006_gap_weaklink_v800_phase3_seed_505/AS006_v7_4_6_gap_weaklink_scores.csv
AS006,boundary_sns_a3_3_g0_4_p0_05,"SNS-like boundary constriction, alpha=3.3, tau=0.4, p=0.05",boundary_lane,boundary_constriction,shape,3.3,1,0.4,0.05,0.962091503267973,0.4,0.0631808278867102,3.83027927394549e-07,3.30323505163164e-07,0.13205791998301,185.362040629743,0.219739236444927,0.301540164657125,0.324827337907672,0.144934968917097,0.0475394650827124,0.22596644550874,0.315688001265293,0.338576230713263,0.139094356286192,0.0477678771724573,244.815315869469,238.024822398488,505,v7.4.6,gap_tied_weak_links_phase3_seed,/Users/asewaket/Documents/LTSpice Superconducting Circuit/matlab_v7_4_6_files/outputs/v7_4_6_as006_gap_weaklink_v800_phase3_seed_505/AS006_v7_4_6_gap_weaklink_scores.csv
AS006,contact_relaxed_a4_1_g0_4_p0_05,"contact-relaxed SNS links, alpha=4.1, tau=0.4, p=0.05",contact_relaxation,contact_relaxed,shape,4.1,0.999999999999997,0.4,0.05,0.969673202614379,0.4,0.0505446623093682,1.41359513804516e-07,4.33803044942411e-07,0.0427991336444884,175.722827323032,0.219744041521953,0.304108476323613,0.32476331160783,0.143356241529337,0.0470806340607782,0.230068296263464,0.326915389336515,0.346813182934009,0.135499552266762,0.047128581512837,240.80617570621,234.40842715907,505,v7.4.6,gap_tied_weak_links_phase3_seed,/Users/asewaket/Documents/LTSpice Superconducting Circuit/matlab_v7_4_6_files/outputs/v7_4_6_as006_gap_weaklink_v800_phase3_seed_505/AS006_v7_4_6_gap_weaklink_scores.csv
AS006,boundary_sns_a3_7_g0_7_p0_1,"SNS-like boundary constriction, alpha=3.7, tau=0.7, p=0.1",boundary_lane,boundary_constriction,shape,3.7,0,0.7,0.1,0.962091503267973,0.7,0.12636165577342,7.08672991803988e-07,3.75658090810944e-07,0.141663517914522,185.416629875348,0.219744986231077,0.303508072211523,0.323920227967801,0.144938334112476,0.0471835423596124,0.227048620163369,0.320010876149365,0.339920007736135,0.138252215136474,0.0475569422086508,243.893709871344,236.867160620427,505,v7.4.6,gap_tied_weak_links_phase3_seed,/Users/asewaket/Documents/LTSpice Superconducting Circuit/matlab_v7_4_6_files/outputs/v7_4_6_as006_gap_weaklink_v800_phase3_seed_505/AS006_v7_4_6_gap_weaklink_scores.csv
AS006,contact_relaxed_a3_7_g0_7_p0_2,"contact-relaxed SNS links, alpha=3.7, tau=0.7, p=0.2",contact_relaxation,contact_relaxed,shape,3.7,0,0.7,0.2,0.939999999999999,0.7,0.2,2.77823739286782e-07,3.99302480403328e-07,0.0449663087105824,168.783872556153,0.21978038930051,0.303665687316715,0.325400090250173,0.143104950371386,0.0469049132838012,0.228892799234927,0.323525074589712,0.34471900769557,0.136282578711421,0.0473274347284012,242.472158939291,235.310609805846,505,v7.4.6,gap_tied_weak_links_phase3_seed,/Users/asewaket/Documents/LTSpice Superconducting Circuit/matlab_v7_4_6_files/outputs/v7_4_6_as006_gap_weaklink_v800_phase3_seed_505/AS006_v7_4_6_gap_weaklink_scores.csv
AS006,crack_tunnel_a3_7_g0_7_p0_05,"tunnel/crack-like links, alpha=3.7, tau=0.7, p=0.05",tear_lane,crack_tunnel,shape,3.7,0,0.7,0.05,0.984836601307189,0.7,0.0505446623093682,6.94519618347502e-07,3.77147131669719e-07,0.130588556191624,185.239444143348,0.2198844108138,0.304024380520044,0.324491485553036,0.144652735485274,0.0467216544745532,0.224389396836063,0.314390441436963,0.334511752425842,0.140075484272098,0.047066620658008,244.322336955139,242.007145607327,505,v7.4.6,gap_tied_weak_links_phase3_seed,/Users/asewaket/Documents/LTSpice Superconducting Circuit/matlab_v7_4_6_files/outputs/v7_4_6_as006_gap_weaklink_v800_phase3_seed_505/AS006_v7_4_6_gap_weaklink_scores.csv
AS006,combined_a3_3_g0_7_p0_05,"combined weak-link classes, alpha=3.3, tau=0.7, p=0.05",combined,boundary_constriction,shape,3.3,1,0.7,0.05,0.984967320261438,0.7,0.0501089324618736,6.52581441472528e-07,3.38445075926243e-07,0.11666213767768,184.106149133649,0.21991555908766,0.302599920649097,0.325993349695787,0.143794799569758,0.0467460133593778,0.223601588558043,0.311276945973335,0.334386989817786,0.140034102444267,0.0465111365804206,245.817060512302,242.088704610792,505,v7.4.6,gap_tied_weak_links_phase3_seed,/Users/asewaket/Documents/LTSpice Superconducting Circuit/matlab_v7_4_6_files/outputs/v7_4_6_as006_gap_weaklink_v800_phase3_seed_505/AS006_v7_4_6_gap_weaklink_scores.csv
AS006,contact_relaxed_a3_7_g0_7_p0_3,"contact-relaxed SNS links, alpha=3.7, tau=0.7, p=0.3",contact_relaxation,contact_relaxed,shape,3.7,0,0.7,0.3,0.909934640522874,0.7,0.300217864923747,3.05737292557427e-07,4.185580111563e-07,0.0471776171219217,157.568248104124,0.220213190508012,0.305035275688808,0.326538832792094,0.141920705542254,0.0471868375372705,0.228592394700373,0.323350822697992,0.344364612612724,0.135816395940532,0.0472025838059439,242.792397973655,236.385305806464,505,v7.4.6,gap_tied_weak_links_phase3_seed,/Users/asewaket/Documents/LTSpice Superconducting Circuit/matlab_v7_4_6_files/outputs/v7_4_6_as006_gap_weaklink_v800_phase3_seed_505/AS006_v7_4_6_gap_weaklink_scores.csv
AS006,contact_relaxed_a4_1_g0_7_p0_1,"contact-relaxed SNS links, alpha=4.1, tau=0.7, p=0.1",contact_relaxation,contact_relaxed,shape,4.1,0.999999999999997,0.7,0.1,0.969934640522875,0.7,0.100217864923747,2.58280175498578e-07,4.23215381568956e-07,0.0456855910583609,180.306967644915,0.220220230638428,0.305828951286297,0.325062683280662,0.14353673350232,0.0469915892867834,0.229802862069766,0.327089473398862,0.345654110695465,0.136086531177379,0.0469219792611817,241.36142792663,235.192920667521,505,v7.4.6,gap_tied_weak_links_phase3_seed,/Users/asewaket/Documents/LTSpice Superconducting Circuit/matlab_v7_4_6_files/outputs/v7_4_6_as006_gap_weaklink_v800_phase3_seed_505/AS006_v7_4_6_gap_weaklink_scores.csv
AS006,crack_tunnel_a3_3_g0_7_p0_05,"tunnel/crack-like links, alpha=3.3, tau=0.7, p=0.05",tear_lane,crack_tunnel,shape,3.3,1,0.7,0.05,0.984836601307189,0.7,0.0505446623093682,6.19436416363989e-07,3.36374468786506e-07,0.116470874441178,185.239444143348,0.220296176949899,0.303622782705434,0.326805855364477,0.143452854343233,0.0466317872271864,0.223694249975319,0.311270421460333,0.334217689560311,0.140181307210154,0.0470932376730252,245.815315304867,243.017746323894,505,v7.4.6,gap_tied_weak_links_phase3_seed,/Users/asewaket/Documents/LTSpice Superconducting Circuit/matlab_v7_4_6_files/outputs/v7_4_6_as006_gap_weaklink_v800_phase3_seed_505/AS006_v7_4_6_gap_weaklink_scores.csv
AS006,contact_relaxed_a3_7_g0_2_p0_05,"contact-relaxed SNS links, alpha=3.7, tau=0.2, p=0.05",contact_relaxation,contact_relaxed,shape,3.7,0,0.2,0.05,0.959564270152505,0.2,0.0505446623093682,6.81292035465953e-08,4.1716930478268e-07,0.0386236084108798,164.515864842577,0.220320788831948,0.304070334676086,0.327956544044632,0.141153507595047,0.0471677729117393,0.229298056566637,0.3235541837947,0.346861171338287,0.135003245481619,0.0471749923444563,242.272944274333,235.901523136193,505,v7.4.6,gap_tied_weak_links_phase3_seed,/Users/asewaket/Documents/LTSpice Superconducting Circuit/matlab_v7_4_6_files/outputs/v7_4_6_as006_gap_weaklink_v800_phase3_seed_505/AS006_v7_4_6_gap_weaklink_scores.csv
AS006,boundary_sns_a3_7_g0_4_p0_05,"SNS-like boundary constriction, alpha=3.7, tau=0.4, p=0.05",boundary_lane,boundary_constriction,shape,3.7,0,0.4,0.05,0.962091503267973,0.4,0.0631808278867102,4.29455554957525e-07,3.70362717910214e-07,0.148064940587011,185.362040629743,0.220435843444502,0.304750559130173,0.325192416613643,0.144795573763795,0.0473474618137185,0.226679801557217,0.318847879843705,0.33885676694843,0.139041325123791,0.0477501293778886,245.004550781373,237.935652910686,505,v7.4.6,gap_tied_weak_links_phase3_seed,/Users/asewaket/Documents/LTSpice Superconducting Circuit/matlab_v7_4_6_files/outputs/v7_4_6_as006_gap_weaklink_v800_phase3_seed_505/AS006_v7_4_6_gap_weaklink_scores.csv
AS006,contact_relaxed_a3_3_g0_4_p0_1,"contact-relaxed SNS links, alpha=3.3, tau=0.4, p=0.1",contact_relaxation,contact_relaxed,shape,3.3,1,0.4,0.1,0.939869281045751,0.4,0.100217864923747,1.3257803093582e-07,3.70803832797386e-07,0.0367713293884368,161.556357309602,0.220464291992391,0.301440497999932,0.330693941290435,0.140183894050591,0.0469366971405229,0.226288008846642,0.314235001210263,0.343101477195246,0.136073680300508,0.0466853575556308,245.004956131787,239.209991148632,505,v7.4.6,gap_tied_weak_links_phase3_seed,/Users/asewaket/Documents/LTSpice Superconducting Circuit/matlab_v7_4_6_files/outputs/v7_4_6_as006_gap_weaklink_v800_phase3_seed_505/AS006_v7_4_6_gap_weaklink_scores.csv
AS006,shuffled_tau_control,"same weak-link histogram, shuffled positions",shuffled,boundary_constriction,shape,3.7,0,0.01,0.08,0.920627450980392,0.01,0.0801742919389978,4.39234945733993e-09,4.03497639842407e-07,0.0483990153930622,164.709438276889,0.220750536343048,0.306456460733867,0.326254666918603,0.143929414548576,0.0464387856880954,0.225291018930322,0.297590267490596,0.317176099164839,0.152668826467646,0.0829706205379862,243.126954359599,262.470419498018,505,v7.4.6,gap_tied_weak_links_phase3_seed,/Users/asewaket/Documents/LTSpice Superconducting Circuit/matlab_v7_4_6_files/outputs/v7_4_6_as006_gap_weaklink_v800_phase3_seed_505/AS006_v7_4_6_gap_weaklink_scores.csv
AS006,boundary_sns_a4_1_g0_7_p0_05,"SNS-like boundary constriction, alpha=4.1, tau=0.7, p=0.05",boundary_lane,boundary_constriction,shape,4.1,0.999999999999997,0.7,0.05,0.981045751633987,0.7,0.0631808278867102,8.17112751582969e-07,4.09778521323811e-07,0.164071961191012,188.919688102229,0.220831480568697,0.307284264761664,0.325503582190479,0.144191254628098,0.0470028009633615,0.228925294990413,0.325349881554952,0.342988290311099,0.137343664930052,0.0473675041901237,243.221281802231,236.167534286846,505,v7.4.6,gap_tied_weak_links_phase3_seed,/Users/asewaket/Documents/LTSpice Superconducting Circuit/matlab_v7_4_6_files/outputs/v7_4_6_as006_gap_weaklink_v800_phase3_seed_505/AS006_v7_4_6_gap_weaklink_scores.csv
AS006,contact_relaxed_a3_3_g0_7_p0_3,"contact-relaxed SNS links, alpha=3.3, tau=0.7, p=0.3",contact_relaxation,contact_relaxed,shape,3.3,1,0.7,0.3,0.909934640522874,0.7,0.300217864923747,2.72684612280949e-07,3.733084964367e-07,0.042077334189822,157.568248104124,0.221074484992289,0.305010566072636,0.330238593876009,0.140178801780662,0.0472208173799685,0.22764526308514,0.319191317845721,0.344081725629825,0.135749784922234,0.04720474657499,244.653811050968,238.2461293152,505,v7.4.6,gap_tied_weak_links_phase3_seed,/Users/asewaket/Documents/LTSpice Superconducting Circuit/matlab_v7_4_6_files/outputs/v7_4_6_as006_gap_weaklink_v800_phase3_seed_505/AS006_v7_4_6_gap_weaklink_scores.csv
AS006,contact_relaxed_a4_1_g0_7_p0_05,"contact-relaxed SNS links, alpha=4.1, tau=0.7, p=0.05",contact_relaxation,contact_relaxed,shape,4.1,0.999999999999997,0.7,0.05,0.984836601307189,0.7,0.0505446623093682,2.33749753744164e-07,4.12958194835528e-07,0.0427991336444884,185.968809868225,0.221256228261304,0.308562465214535,0.327116654952331,0.142619398274808,0.0469902820818963,0.230523122480317,0.328829396370517,0.346783225180771,0.135818512580164,0.0471424312395142,242.031270577056,235.387896483723,505,v7.4.6,gap_tied_weak_links_phase3_seed,/Users/asewaket/Documents/LTSpice Superconducting Circuit/matlab_v7_4_6_files/outputs/v7_4_6_as006_gap_weaklink_v800_phase3_seed_505/AS006_v7_4_6_gap_weaklink_scores.csv
AS006,contact_relaxed_a3_3_g0_1_p0_05,"contact-relaxed SNS links, alpha=3.3, tau=0.1, p=0.05",contact_relaxation,contact_relaxed,shape,3.3,1,0.1,0.05,0.954509803921569,0.1,0.0505446623093682,3.19785212513095e-08,3.91622293639851e-07,0.0344480831772712,156.302145572623,0.221458031202766,0.305361120830815,0.331864686657903,0.139346534375309,0.046982665562549,0.22883351820497,0.320963221791808,0.347095217682794,0.134926308705742,0.0471298524059744,244.178387292683,237.456895732591,505,v7.4.6,gap_tied_weak_links_phase3_seed,/Users/asewaket/Documents/LTSpice Superconducting Circuit/matlab_v7_4_6_files/outputs/v7_4_6_as006_gap_weaklink_v800_phase3_seed_505/AS006_v7_4_6_gap_weaklink_scores.csv
AS006,contact_relaxed_a3_3_g0_05_p0_05,"contact-relaxed SNS links, alpha=3.3, tau=0.05, p=0.05",contact_relaxation,contact_relaxed,shape,3.3,1,0.05,0.05,0.9519825708061,0.05,0.0505446623093682,1.65389505054829e-08,4.05085756183172e-07,0.0344480831772712,151.107274979824,0.22158835065302,0.305910126050879,0.331731802016499,0.13965279655866,0.0469349779870246,0.229635658834589,0.322890732129598,0.348349211112853,0.134912491541281,0.0470358281692531,243.468658407863,236.866549998531,505,v7.4.6,gap_tied_weak_links_phase3_seed,/Users/asewaket/Documents/LTSpice Superconducting Circuit/matlab_v7_4_6_files/outputs/v7_4_6_as006_gap_weaklink_v800_phase3_seed_505/AS006_v7_4_6_gap_weaklink_scores.csv
AS006,contact_relaxed_a3_3_g0_7_p0_2,"contact-relaxed SNS links, alpha=3.3, tau=0.7, p=0.2",contact_relaxation,contact_relaxed,shape,3.3,1,0.7,0.2,0.939999999999999,0.7,0.2,2.47788740444967e-07,3.56134644684049e-07,0.0401050861472762,168.783872556153,0.221917444766795,0.30666194875775,0.331785834051237,0.14020817029866,0.047039852613235,0.228005988000999,0.319610810255953,0.344433558851665,0.136265679113024,0.0473283028673503,245.511280812611,238.519383649719,505,v7.4.6,gap_tied_weak_links_phase3_seed,/Users/asewaket/Documents/LTSpice Superconducting Circuit/matlab_v7_4_6_files/outputs/v7_4_6_as006_gap_weaklink_v800_phase3_seed_505/AS006_v7_4_6_gap_weaklink_scores.csv
AS006,contact_relaxed_a3_3_g0_2_p0_05,"contact-relaxed SNS links, alpha=3.3, tau=0.2, p=0.05",contact_relaxation,contact_relaxed,shape,3.3,1,0.2,0.05,0.959564270152505,0.2,0.0505446623093682,6.07638842442606e-08,3.7206992048185e-07,0.0344480831772712,164.515864842577,0.222112413305969,0.306520697681598,0.333410602118257,0.138776016778544,0.0471027941681157,0.228369782043015,0.319785485806334,0.346338830427138,0.135036920283576,0.0471743208067775,245.182193764235,238.592586993488,505,v7.4.6,gap_tied_weak_links_phase3_seed,/Users/asewaket/Documents/LTSpice Superconducting Circuit/matlab_v7_4_6_files/outputs/v7_4_6_as006_gap_weaklink_v800_phase3_seed_505/AS006_v7_4_6_gap_weaklink_scores.csv
AS006,contact_relaxed_a3_7_g0_4_p0_05,"contact-relaxed SNS links, alpha=3.7, tau=0.4, p=0.05",contact_relaxation,contact_relaxed,shape,3.7,0,0.4,0.05,0.969673202614379,0.4,0.0505446623093682,1.27568341726027e-07,3.91480796655347e-07,0.0386236084108798,175.722827323032,0.222143703240177,0.308693114216675,0.331207912364749,0.1402793779251,0.047062332939524,0.229459349595732,0.324421478075045,0.3465018712955,0.135484914109068,0.0471408525001524,244.046220908189,237.482682782467,505,v7.4.6,gap_tied_weak_links_phase3_seed,/Users/asewaket/Documents/LTSpice Superconducting Circuit/matlab_v7_4_6_files/outputs/v7_4_6_as006_gap_weaklink_v800_phase3_seed_505/AS006_v7_4_6_gap_weaklink_scores.csv
AS006,boundary_sns_a3_7_g0_7_p0_05,"SNS-like boundary constriction, alpha=3.7, tau=0.7, p=0.05",boundary_lane,boundary_constriction,shape,3.7,0,0.7,0.05,0.981045751633987,0.7,0.0631808278867102,7.37394434355363e-07,3.69800128999537e-07,0.148064940587011,188.919688102229,0.222604001160914,0.310470322520524,0.330286340437655,0.141856326468662,0.047228179432325,0.228441491018312,0.323298841458158,0.342773406882489,0.137350951133484,0.0473664626721888,245.4026099723,238.700694011855,505,v7.4.6,gap_tied_weak_links_phase3_seed,/Users/asewaket/Documents/LTSpice Superconducting Circuit/matlab_v7_4_6_files/outputs/v7_4_6_as006_gap_weaklink_v800_phase3_seed_505/AS006_v7_4_6_gap_weaklink_scores.csv
AS006,contact_relaxed_a3_7_g0_7_p0_1,"contact-relaxed SNS links, alpha=3.7, tau=0.7, p=0.1",contact_relaxation,contact_relaxed,shape,3.7,0,0.7,0.1,0.969934640522875,0.7,0.100217864923747,2.33082109596278e-07,3.81926076050033e-07,0.0412284602233989,180.306967644915,0.222841755111551,0.310896641348334,0.331922662306502,0.140357739954187,0.0470003002303099,0.229252666477451,0.324753998166198,0.34542170700529,0.136078544787908,0.046923165976915,244.731824588168,238.468421513576,505,v7.4.6,gap_tied_weak_links_phase3_seed,/Users/asewaket/Documents/LTSpice Superconducting Circuit/matlab_v7_4_6_files/outputs/v7_4_6_as006_gap_weaklink_v800_phase3_seed_505/AS006_v7_4_6_gap_weaklink_scores.csv
AS006,boundary_sns_a3_3_g0_7_p0_05,"SNS-like boundary constriction, alpha=3.3, tau=0.7, p=0.05",boundary_lane,boundary_constriction,shape,3.3,1,0.7,0.05,0.981045751633987,0.7,0.0631808278867102,6.57676117127756e-07,3.29821736675263e-07,0.13205791998301,188.919688102229,0.223164793229953,0.310233785252329,0.332661841730305,0.140793724189028,0.0474398026331159,0.227758293735849,0.320304322598861,0.342502320353841,0.137383125336756,0.0473791787902182,246.505831168134,240.101956766811,505,v7.4.6,gap_tied_weak_links_phase3_seed,/Users/asewaket/Documents/LTSpice Superconducting Circuit/matlab_v7_4_6_files/outputs/v7_4_6_as006_gap_weaklink_v800_phase3_seed_505/AS006_v7_4_6_gap_weaklink_scores.csv
AS006,uniform_tau_control,"same mean weak transparency, spatially uniform",uniform,boundary_constriction,shape,3.7,0,0.01,0.08,0.920627450980405,0.920627450980392,1,3.63969764901161e-07,3.63969764901161e-07,0.0472488190086656,177.142934620241,0.223755759336315,0.314990549927769,0.333665008900227,0.138271880575956,0.0470346304584641,0.23014942588027,0.328265779803871,0.346707722323342,0.134838086153638,0.0471952278395809,245.238979010958,238.46565406801,505,v7.4.6,gap_tied_weak_links_phase3_seed,/Users/asewaket/Documents/LTSpice Superconducting Circuit/matlab_v7_4_6_files/outputs/v7_4_6_as006_gap_weaklink_v800_phase3_seed_505/AS006_v7_4_6_gap_weaklink_scores.csv
AS006,contact_relaxed_a3_3_g0_4_p0_05,"contact-relaxed SNS links, alpha=3.3, tau=0.4, p=0.05",contact_relaxation,contact_relaxed,shape,3.3,1,0.4,0.05,0.969673202614379,0.4,0.0505446623093682,1.13777169647537e-07,3.49158548368282e-07,0.0344480831772712,175.722827323032,0.2238932651582,0.310967008744927,0.336372092735694,0.138189208142477,0.0471116445805106,0.228617513959982,0.320923458661719,0.346095838475897,0.135470167072287,0.0471586849650118,246.684177706117,240.094931704764,505,v7.4.6,gap_tied_weak_links_phase3_seed,/Users/asewaket/Documents/LTSpice Superconducting Circuit/matlab_v7_4_6_files/outputs/v7_4_6_as006_gap_weaklink_v800_phase3_seed_505/AS006_v7_4_6_gap_weaklink_scores.csv
AS006,contact_relaxed_a3_7_g0_7_p0_05,"contact-relaxed SNS links, alpha=3.7, tau=0.7, p=0.05",contact_relaxation,contact_relaxed,shape,3.7,0,0.7,0.05,0.984836601307189,0.7,0.0505446623093682,2.10944899720343e-07,3.72669590461331e-07,0.0386236084108798,185.968809868225,0.224003374779738,0.313823290715398,0.334073856623117,0.139564005534863,0.0471093271742579,0.229995730151353,0.326604010544079,0.346549641935469,0.135814819876181,0.0471442419803899,245.344086793827,238.821900834682,505,v7.4.6,gap_tied_weak_links_phase3_seed,/Users/asewaket/Documents/LTSpice Superconducting Circuit/matlab_v7_4_6_files/outputs/v7_4_6_as006_gap_weaklink_v800_phase3_seed_505/AS006_v7_4_6_gap_weaklink_scores.csv
AS006,contact_relaxed_a3_3_g0_7_p0_1,"contact-relaxed SNS links, alpha=3.3, tau=0.7, p=0.1",contact_relaxation,contact_relaxed,shape,3.3,1,0.7,0.1,0.969934640522875,0.7,0.100217864923747,2.07884043693977e-07,3.40636770531111e-07,0.0367713293884368,180.306967644915,0.224701034254514,0.313292992212196,0.33725084071536,0.138302656617731,0.0471448870363315,0.228454583451923,0.321320157896999,0.345099448853472,0.136072728750743,0.0469378129306102,247.31660044878,241.223752126976,505,v7.4.6,gap_tied_weak_links_phase3_seed,/Users/asewaket/Documents/LTSpice Superconducting Circuit/matlab_v7_4_6_files/outputs/v7_4_6_as006_gap_weaklink_v800_phase3_seed_505/AS006_v7_4_6_gap_weaklink_scores.csv
AS006,bulk_AB_reference,"bulk AB reference: no weak-link mask",none,bulk_sns,shape,3.7,0,NaN,0,1,NaN,0,NaN,3.63969793549187e-07,NaN,192.415423294946,0.225019414542609,0.316483329269812,0.335730504176318,0.13920347447687,0.0470810180385911,0.230306914869316,0.32772035854667,0.346714833761144,0.13593344145595,0.0471464548979736,246.083310739411,239.477903596836,505,v7.4.6,gap_tied_weak_links_phase3_seed,/Users/asewaket/Documents/LTSpice Superconducting Circuit/matlab_v7_4_6_files/outputs/v7_4_6_as006_gap_weaklink_v800_phase3_seed_505/AS006_v7_4_6_gap_weaklink_scores.csv
AS006,contact_relaxed_a3_3_g0_7_p0_05,"contact-relaxed SNS links, alpha=3.3, tau=0.7, p=0.05",contact_relaxation,contact_relaxed,shape,3.3,1,0.7,0.05,0.984836601307189,0.7,0.0505446623093682,1.88140045696522e-07,3.32380986087133e-07,0.0344480831772712,185.968809868225,0.225780284658655,0.316083063769303,0.339100453826265,0.137739923463349,0.04721766099882,0.229245154370405,0.323369857234914,0.34624466434243,0.135820225125573,0.0471524706108905,247.814685544939,241.400391042634,505,v7.4.6,gap_tied_weak_links_phase3_seed,/Users/asewaket/Documents/LTSpice Superconducting Circuit/matlab_v7_4_6_files/outputs/v7_4_6_as006_gap_weaklink_v800_phase3_seed_505/AS006_v7_4_6_gap_weaklink_scores.csv
AS006,central_lane_gap_control,"central-lane topology with same gap-derived links",central_lane,boundary_constriction,shape,3.7,0,0.01,0.08,0.920627450980392,0.01,0.472222222222222,1.59557180470518e-05,0.000584919412907346,0.125159699099838,0.109620462154707,0.326759604215262,0.490510411388284,0.489512994271409,0.19081114788379,0.0481259348583226,0.342377161517362,0.508313893297089,0.51116957538123,0.210093479438698,0.0464083080741929,235.800729108793,235.800729108793,505,v7.4.6,gap_tied_weak_links_phase3_seed,/Users/asewaket/Documents/LTSpice Superconducting Circuit/matlab_v7_4_6_files/outputs/v7_4_6_as006_gap_weaklink_v800_phase3_seed_505/AS006_v7_4_6_gap_weaklink_scores.csv
