device,caseName,description,topology,linkClass,calibrationMode,alphaGap,alphaPriorPenalty,gammaW,pW,meanW,minW,activeWeakLinkFraction,medianWeakIc_A,medianAllIc_A,medianWeakDelta_meV,normalScaleApplied,shapeScore,shapeFullMap,shapeLowBias,shapeZeroBias,shapeAsymmetry,conductanceScore,conductanceFullMap,conductanceLowBias,conductanceZeroBias,conductanceAsymmetry,modelRN_top_4_10,modelRN_bottom_3_9,seed,sourceVersion,sourceRole,sourceFile
AS006,central_lane_gap_control,"central-lane topology with same gap-derived links",central_lane,boundary_constriction,conductance,3.7,0,0.01,0.08,0.920627450980392,0.01,0.472222222222222,1.09805318184976e-08,4.16530549553772e-07,0.125322878465749,158.345082740024,0.171673384428709,0.0694916612432514,0.139048958238982,0.397930919299003,0.0481259348583226,1135.38076536154,1413.86165478043,1420.46046287198,1391.31703949218,38.0900626360855,352631.546957288,352631.546957288,1010,v7.4.6,gap_tied_weak_links_phase3_seed,/Users/asewaket/Documents/LTSpice Superconducting Circuit/matlab_v7_4_6_files/outputs/v7_4_6_as006_gap_weaklink_v800_phase3_seed_1010/AS006_v7_4_6_gap_weaklink_scores.csv
AS006,contact_relaxed_a3_3_g0_05_p0_3,"contact-relaxed SNS links, alpha=3.3, tau=0.05, p=0.3",contact_relaxation,contact_relaxed,conductance,3.3,1,0.05,0.3,0.714793028322441,0.05,0.300217864923747,3.84214422469845e-08,5.48097180184476e-07,0.0439866454287471,88.5416250076807,0.176077905899711,0.142122556638949,0.297626558114689,0.136746954038969,0.046486803610188,2.23966362587061,3.34692055504085,2.53686340335919,2.66356774559636,0.0824269364381685,1216.166269152,1158.3866916052,1010,v7.4.6,gap_tied_weak_links_phase3_seed,/Users/asewaket/Documents/LTSpice Superconducting Circuit/matlab_v7_4_6_files/outputs/v7_4_6_as006_gap_weaklink_v800_phase3_seed_1010/AS006_v7_4_6_gap_weaklink_scores.csv
AS006,contact_relaxed_a3_7_g0_05_p0_3,"contact-relaxed SNS links, alpha=3.7, tau=0.05, p=0.3",contact_relaxation,contact_relaxed,conductance,3.7,0,0.05,0.3,0.714793028322441,0.05,0.300217864923747,4.30785867617704e-08,6.14533202025019e-07,0.049318360026171,88.5416250076807,0.181620404891469,0.151988146968328,0.30943113861269,0.134578638080543,0.0463860873161289,2.21945891302818,3.33745689266831,2.50015092382869,2.64330237804078,0.0804455832214016,1224.22665337796,1164.64083890016,1010,v7.4.6,gap_tied_weak_links_phase3_seed,/Users/asewaket/Documents/LTSpice Superconducting Circuit/matlab_v7_4_6_files/outputs/v7_4_6_as006_gap_weaklink_v800_phase3_seed_1010/AS006_v7_4_6_gap_weaklink_scores.csv
AS006,contact_relaxed_a4_1_g0_05_p0_3,"contact-relaxed SNS links, alpha=4.1, tau=0.05, p=0.3",contact_relaxation,contact_relaxed,conductance,4.1,0.999999999999997,0.05,0.3,0.714793028322441,0.05,0.300217864923747,4.77357312765564e-08,6.80969223865561e-07,0.0546500746235949,88.5416250076807,0.186273206486222,0.160832837674112,0.318560703719363,0.133422010819227,0.0462744497240782,2.20180068683938,3.32472338386367,2.46973394956315,2.62672040729433,0.0788451294797949,1230.16540824426,1168.2541966624,1010,v7.4.6,gap_tied_weak_links_phase3_seed,/Users/asewaket/Documents/LTSpice Superconducting Circuit/matlab_v7_4_6_files/outputs/v7_4_6_as006_gap_weaklink_v800_phase3_seed_1010/AS006_v7_4_6_gap_weaklink_scores.csv
AS006,contact_relaxed_a3_3_g0_1_p0_3,"contact-relaxed SNS links, alpha=3.3, tau=0.1, p=0.3",contact_relaxation,contact_relaxed,conductance,3.3,1,0.1,0.3,0.72980392156863,0.1,0.300217864923747,6.98411724134803e-08,4.98156074081405e-07,0.0439866454287471,97.4180934863615,0.197485096742827,0.190101156664061,0.333503657168298,0.133950905561945,0.0462542950531223,0.973844383672333,1.47180382366516,1.01898143417648,1.24412684526096,0.059042028311458,714.832695165087,672.857102470373,1010,v7.4.6,gap_tied_weak_links_phase3_seed,/Users/asewaket/Documents/LTSpice Superconducting Circuit/matlab_v7_4_6_files/outputs/v7_4_6_as006_gap_weaklink_v800_phase3_seed_1010/AS006_v7_4_6_gap_weaklink_scores.csv
AS006,crack_tunnel_a3_3_g0_05_p0_3,"tunnel/crack-like links, alpha=3.3, tau=0.05, p=0.3",tear_lane,crack_tunnel,conductance,3.3,1,0.05,0.3,0.714793028322442,0.05,0.300217864923747,6.06392177399405e-08,4.96211902219252e-07,0.0791451236553,88.5416250076807,0.19773258808265,0.236953389373666,0.27686920997725,0.172540145162613,0.0515132521261333,0.233844561751689,0.226372645759001,0.247999458063975,0.246573746130435,0.200633928724445,245.488919163096,307.820014414529,1010,v7.4.6,gap_tied_weak_links_phase3_seed,/Users/asewaket/Documents/LTSpice Superconducting Circuit/matlab_v7_4_6_files/outputs/v7_4_6_as006_gap_weaklink_v800_phase3_seed_1010/AS006_v7_4_6_gap_weaklink_scores.csv
AS006,anisotropic_gap_control,"anisotropic weak-link transparency",anisotropic,anisotropic,conductance,3.7,0,0.01,0.08,0.920627450980392,0.01,0.0801742919389978,1.12517682551693e-08,4.18715711224972e-07,0.125206474713235,158.345082740024,0.19776693161473,0.234621554845147,0.272048463580612,0.184876986559242,0.0470320587633799,0.20277748513622,0.193126086188206,0.217497206821383,0.314699460713954,0.0467669016630299,300.668523539208,296.217609747621,1010,v7.4.6,gap_tied_weak_links_phase3_seed,/Users/asewaket/Documents/LTSpice Superconducting Circuit/matlab_v7_4_6_files/outputs/v7_4_6_as006_gap_weaklink_v800_phase3_seed_1010/AS006_v7_4_6_gap_weaklink_scores.csv
AS006,crack_tunnel_a3_3_g0_1_p0_3,"tunnel/crack-like links, alpha=3.3, tau=0.1, p=0.3",tear_lane,crack_tunnel,conductance,3.3,1,0.1,0.3,0.72980392156863,0.1,0.300217864923747,1.10227878328179e-07,4.50998439800055e-07,0.0791451236553,97.4180934863615,0.198371305996671,0.239426610073296,0.275419294026283,0.176720113197348,0.0495460138673762,0.2122779253841,0.224217507254612,0.253642753795284,0.21497149713589,0.124582929104277,245.744596939031,280.87075516782,1010,v7.4.6,gap_tied_weak_links_phase3_seed,/Users/asewaket/Documents/LTSpice Superconducting Circuit/matlab_v7_4_6_files/outputs/v7_4_6_as006_gap_weaklink_v800_phase3_seed_1010/AS006_v7_4_6_gap_weaklink_scores.csv
AS006,combined_a3_3_g0_05_p0_2,"combined weak-link classes, alpha=3.3, tau=0.05, p=0.2",combined,boundary_constriction,conductance,3.3,1,0.05,0.2,0.810000000000001,0.05,0.2,6.46554113364382e-08,4.58416846494647e-07,0.10950850422832,112.58326145549,0.198884594341025,0.240879925385543,0.277290458729584,0.175453953894489,0.0489673011746973,0.20071704399096,0.247967369162679,0.284082183484026,0.168832634882128,0.0474332360924158,243.92880454775,245.210862780497,1010,v7.4.6,gap_tied_weak_links_phase3_seed,/Users/asewaket/Documents/LTSpice Superconducting Circuit/matlab_v7_4_6_files/outputs/v7_4_6_as006_gap_weaklink_v800_phase3_seed_1010/AS006_v7_4_6_gap_weaklink_scores.csv
AS006,crack_tunnel_a3_3_g0_05_p0_2,"tunnel/crack-like links, alpha=3.3, tau=0.05, p=0.2",tear_lane,crack_tunnel,conductance,3.3,1,0.05,0.2,0.809586056644881,0.05,0.200435729847495,5.33318383040569e-08,4.48475231203e-07,0.0867060016653104,112.58326145549,0.199040459036856,0.242311831783852,0.2714572591901,0.184964703583039,0.0466343803389544,0.226055376588382,0.287777966712045,0.315176836206001,0.154173262559409,0.0982228746700992,243.672039615544,212.319651214839,1010,v7.4.6,gap_tied_weak_links_phase3_seed,/Users/asewaket/Documents/LTSpice Superconducting Circuit/matlab_v7_4_6_files/outputs/v7_4_6_as006_gap_weaklink_v800_phase3_seed_1010/AS006_v7_4_6_gap_weaklink_scores.csv
AS006,combined_a3_3_g0_1_p0_2,"combined weak-link classes, alpha=3.3, tau=0.1, p=0.2",combined,boundary_constriction,conductance,3.3,1,0.1,0.2,0.820000000000001,0.1,0.2,1.2034570154714e-07,4.26634800182102e-07,0.10950850422832,120.970121664897,0.199391221465558,0.241218448655004,0.276928376404741,0.178444699016974,0.0480571261932707,0.207038221559173,0.264831127730494,0.299914183098057,0.157767314179639,0.0483010169192213,240.054864955149,233.424592079176,1010,v7.4.6,gap_tied_weak_links_phase3_seed,/Users/asewaket/Documents/LTSpice Superconducting Circuit/matlab_v7_4_6_files/outputs/v7_4_6_as006_gap_weaklink_v800_phase3_seed_1010/AS006_v7_4_6_gap_weaklink_scores.csv
AS006,combined_a3_3_g0_05_p0_1,"combined weak-link classes, alpha=3.3, tau=0.05, p=0.1",combined,boundary_constriction,conductance,3.3,1,0.05,0.1,0.904793028322441,0.05,0.100217864923747,5.60302510297312e-08,4.21627249756821e-07,0.111670639609101,136.165733220781,0.199821362151399,0.242281526525263,0.276333773482795,0.181046328921798,0.0469332694845945,0.211629906507181,0.273506847525743,0.306329839793204,0.155257919084429,0.0544930665165199,240.044615867894,226.958590987212,1010,v7.4.6,gap_tied_weak_links_phase3_seed,/Users/asewaket/Documents/LTSpice Superconducting Circuit/matlab_v7_4_6_files/outputs/v7_4_6_as006_gap_weaklink_v800_phase3_seed_1010/AS006_v7_4_6_gap_weaklink_scores.csv
AS006,crack_tunnel_a3_7_g0_1_p0_3,"tunnel/crack-like links, alpha=3.7, tau=0.1, p=0.3",tear_lane,crack_tunnel,conductance,3.7,0,0.1,0.3,0.72980392156863,0.1,0.300217864923747,1.23588833277049e-07,5.05664917351577e-07,0.0887384719771545,97.4180934863615,0.200011117619069,0.246400367347111,0.276623564955628,0.175868108955001,0.0497288458821325,0.213165174493908,0.229336446545964,0.254036399470926,0.214515961093914,0.123780775482065,245.972412082738,281.24357823559,1010,v7.4.6,gap_tied_weak_links_phase3_seed,/Users/asewaket/Documents/LTSpice Superconducting Circuit/matlab_v7_4_6_files/outputs/v7_4_6_as006_gap_weaklink_v800_phase3_seed_1010/AS006_v7_4_6_gap_weaklink_scores.csv
AS006,combined_a3_3_g0_1_p0_3,"combined weak-link classes, alpha=3.3, tau=0.1, p=0.3",combined,boundary_constriction,conductance,3.3,1,0.1,0.3,0.729803921568629,0.1,0.300217864923747,1.24816344438505e-07,4.83898509703753e-07,0.0940024330551813,97.4180934863615,0.200210584383051,0.243834005547606,0.280902929023142,0.173836182672762,0.0483435622361987,0.203821377718833,0.256351786180924,0.293233542603683,0.162585036697176,0.0463651069853257,242.107748322595,241.622836739536,1010,v7.4.6,gap_tied_weak_links_phase3_seed,/Users/asewaket/Documents/LTSpice Superconducting Circuit/matlab_v7_4_6_files/outputs/v7_4_6_as006_gap_weaklink_v800_phase3_seed_1010/AS006_v7_4_6_gap_weaklink_scores.csv
AS006,crack_tunnel_a3_7_g0_05_p0_2,"tunnel/crack-like links, alpha=3.7, tau=0.05, p=0.2",tear_lane,crack_tunnel,conductance,3.7,0,0.05,0.2,0.809586056644881,0.05,0.200435729847495,5.97963035530335e-08,5.02835865288212e-07,0.0972158200489844,112.58326145549,0.200235098513626,0.248054920617812,0.273054839296628,0.183325649521702,0.0461175412790918,0.226790899606153,0.292318677070205,0.315424453135956,0.154002020566244,0.0971405022648297,245.066255593101,212.366912526961,1010,v7.4.6,gap_tied_weak_links_phase3_seed,/Users/asewaket/Documents/LTSpice Superconducting Circuit/matlab_v7_4_6_files/outputs/v7_4_6_as006_gap_weaklink_v800_phase3_seed_1010/AS006_v7_4_6_gap_weaklink_scores.csv
AS006,combined_a3_7_g0_1_p0_2,"combined weak-link classes, alpha=3.7, tau=0.1, p=0.2",combined,boundary_constriction,conductance,3.7,0,0.1,0.2,0.820000000000001,0.1,0.2,1.3493305931043e-07,4.78348109295084e-07,0.122782262316601,120.970121664897,0.200346106156815,0.245545844650242,0.277406476533167,0.178299045195068,0.0478495457069537,0.208139212597321,0.269404649885542,0.300585365827609,0.157574479359776,0.0482989237030288,240.093573703298,233.231894679561,1010,v7.4.6,gap_tied_weak_links_phase3_seed,/Users/asewaket/Documents/LTSpice Superconducting Circuit/matlab_v7_4_6_files/outputs/v7_4_6_as006_gap_weaklink_v800_phase3_seed_1010/AS006_v7_4_6_gap_weaklink_scores.csv
AS006,crack_tunnel_a3_3_g0_1_p0_2,"tunnel/crack-like links, alpha=3.3, tau=0.1, p=0.2",tear_lane,crack_tunnel,conductance,3.3,1,0.1,0.2,0.819607843137257,0.1,0.200435729847495,9.92686824325125e-08,4.17382437216229e-07,0.0867060016653104,120.970121664897,0.200631356093622,0.24683114693872,0.276851199166787,0.180236418885849,0.0465405113802045,0.207314520231391,0.264348645767317,0.294005798059403,0.164105376042071,0.0525820887330964,245.844728031281,233.22551358199,1010,v7.4.6,gap_tied_weak_links_phase3_seed,/Users/asewaket/Documents/LTSpice Superconducting Circuit/matlab_v7_4_6_files/outputs/v7_4_6_as006_gap_weaklink_v800_phase3_seed_1010/AS006_v7_4_6_gap_weaklink_scores.csv
AS006,crack_tunnel_a3_7_g0_05_p0_3,"tunnel/crack-like links, alpha=3.7, tau=0.05, p=0.3",tear_lane,crack_tunnel,conductance,3.7,0,0.05,0.3,0.714793028322442,0.05,0.300217864923747,6.79894259508424e-08,5.56358799457949e-07,0.0887384719771545,88.5416250076807,0.200641299622166,0.2472834140911,0.281524800750373,0.168742132393831,0.0523270172142882,0.234243081764104,0.230108264326189,0.24847585848261,0.245773631490314,0.199057352786871,247.003060167485,310.300283589952,1010,v7.4.6,gap_tied_weak_links_phase3_seed,/Users/asewaket/Documents/LTSpice Superconducting Circuit/matlab_v7_4_6_files/outputs/v7_4_6_as006_gap_weaklink_v800_phase3_seed_1010/AS006_v7_4_6_gap_weaklink_scores.csv
AS006,combined_a3_7_g0_05_p0_2,"combined weak-link classes, alpha=3.7, tau=0.05, p=0.2",combined,boundary_constriction,conductance,3.7,0,0.05,0.2,0.810000000000001,0.05,0.2,7.24924308923701e-08,5.13982524857634e-07,0.122782262316601,112.58326145549,0.200747032481348,0.248959386750705,0.280976220263453,0.172190728978813,0.0478289789714789,0.201952862454585,0.253257942182891,0.28503209684588,0.168376444528449,0.0472296449491834,246.019976055846,245.895936904983,1010,v7.4.6,gap_tied_weak_links_phase3_seed,/Users/asewaket/Documents/LTSpice Superconducting Circuit/matlab_v7_4_6_files/outputs/v7_4_6_as006_gap_weaklink_v800_phase3_seed_1010/AS006_v7_4_6_gap_weaklink_scores.csv
AS006,combined_a3_7_g0_05_p0_1,"combined weak-link classes, alpha=3.7, tau=0.05, p=0.1",combined,boundary_constriction,conductance,3.7,0,0.05,0.1,0.904793028322441,0.05,0.100217864923747,6.28217966090925e-08,4.72733583060678e-07,0.125206474713235,136.165733220781,0.200900856159765,0.246971598496622,0.27700839440162,0.180696587752512,0.0468972574087296,0.21270921840222,0.278142529140124,0.306939608537102,0.155090608895608,0.0543959868115394,240.105482306454,226.975117831204,1010,v7.4.6,gap_tied_weak_links_phase3_seed,/Users/asewaket/Documents/LTSpice Superconducting Circuit/matlab_v7_4_6_files/outputs/v7_4_6_as006_gap_weaklink_v800_phase3_seed_1010/AS006_v7_4_6_gap_weaklink_scores.csv
AS006,combined_a3_3_g0_05_p0_3,"combined weak-link classes, alpha=3.3, tau=0.05, p=0.3",combined,boundary_constriction,conductance,3.3,1,0.05,0.3,0.714793028322442,0.05,0.300217864923747,6.86647117109124e-08,5.32410267511376e-07,0.0940024330551813,88.5416250076807,0.200993543927306,0.246351297296274,0.284988592515769,0.168387180552269,0.0494024097473228,0.201772760355638,0.234850731726029,0.271415358315782,0.184047909231506,0.0689763064601586,247.870418354558,262.982204327875,1010,v7.4.6,gap_tied_weak_links_phase3_seed,/Users/asewaket/Documents/LTSpice Superconducting Circuit/matlab_v7_4_6_files/outputs/v7_4_6_as006_gap_weaklink_v800_phase3_seed_1010/AS006_v7_4_6_gap_weaklink_scores.csv
AS006,crack_tunnel_a4_1_g0_05_p0_2,"tunnel/crack-like links, alpha=4.1, tau=0.05, p=0.2",tear_lane,crack_tunnel,conductance,4.1,0.999999999999997,0.05,0.2,0.809586056644881,0.05,0.200435729847495,6.62607688020101e-08,5.57196499373424e-07,0.107725638432658,112.58326145549,0.201071144078193,0.251615757094464,0.274339709871604,0.181980339862841,0.0461700461926418,0.22713946920075,0.294881389462248,0.315550229767536,0.153848104689449,0.0962929235865026,246.25544831733,212.396511166548,1010,v7.4.6,gap_tied_weak_links_phase3_seed,/Users/asewaket/Documents/LTSpice Superconducting Circuit/matlab_v7_4_6_files/outputs/v7_4_6_as006_gap_weaklink_v800_phase3_seed_1010/AS006_v7_4_6_gap_weaklink_scores.csv
AS006,combined_a4_1_g0_1_p0_2,"combined weak-link classes, alpha=4.1, tau=0.1, p=0.2",combined,boundary_constriction,conductance,4.1,0.999999999999997,0.1,0.2,0.820000000000001,0.1,0.2,1.49520417073719e-07,5.30061418408066e-07,0.136056020404883,120.970121664897,0.201189532426149,0.249789805638841,0.278994919679499,0.176834514360549,0.046873604102093,0.208919399090798,0.272617685077663,0.301074398599616,0.157424456939799,0.0483185416522514,241.403799564332,233.083224463414,1010,v7.4.6,gap_tied_weak_links_phase3_seed,/Users/asewaket/Documents/LTSpice Superconducting Circuit/matlab_v7_4_6_files/outputs/v7_4_6_as006_gap_weaklink_v800_phase3_seed_1010/AS006_v7_4_6_gap_weaklink_scores.csv
AS006,contact_relaxed_a3_7_g0_1_p0_3,"contact-relaxed SNS links, alpha=3.7, tau=0.1, p=0.3",contact_relaxation,contact_relaxed,conductance,3.7,0,0.1,0.3,0.72980392156863,0.1,0.300217864923747,7.83067690696598e-08,5.58538628515514e-07,0.049318360026171,97.4180934863615,0.2014502670081,0.201468314291756,0.338108022929973,0.134050648434728,0.0465306700778811,0.96249528621908,1.44324375754477,1.00765396471542,1.23769804877923,0.0587156743246134,716.8150930152,672.034824267174,1010,v7.4.6,gap_tied_weak_links_phase3_seed,/Users/asewaket/Documents/LTSpice Superconducting Circuit/matlab_v7_4_6_files/outputs/v7_4_6_as006_gap_weaklink_v800_phase3_seed_1010/AS006_v7_4_6_gap_weaklink_scores.csv
AS006,crack_tunnel_a4_1_g0_1_p0_3,"tunnel/crack-like links, alpha=4.1, tau=0.1, p=0.3",tear_lane,crack_tunnel,conductance,4.1,0.999999999999997,0.1,0.3,0.72980392156863,0.1,0.300217864923747,1.36949788225919e-07,5.60331394903099e-07,0.098331820299009,97.4180934863615,0.201538595126422,0.252603660922076,0.279262738591275,0.173372900170453,0.0496633969622401,0.213642564351133,0.232433900450405,0.254249795557219,0.21417003040892,0.123129241068975,247.151085306927,282.49314266878,1010,v7.4.6,gap_tied_weak_links_phase3_seed,/Users/asewaket/Documents/LTSpice Superconducting Circuit/matlab_v7_4_6_files/outputs/v7_4_6_as006_gap_weaklink_v800_phase3_seed_1010/AS006_v7_4_6_gap_weaklink_scores.csv
AS006,combined_a3_7_g0_1_p0_3,"combined weak-link classes, alpha=3.7, tau=0.1, p=0.3",combined,boundary_constriction,conductance,3.7,0,0.1,0.3,0.729803921568629,0.1,0.300217864923747,1.39945598309839e-07,5.42552874516329e-07,0.1053966673649,97.4180934863615,0.20154630920477,0.250458948986859,0.282313808763407,0.172782132024228,0.0472457666707415,0.205214918467771,0.262311645844627,0.293962852158107,0.16234338258127,0.046398726990952,243.21391685271,241.247186139816,1010,v7.4.6,gap_tied_weak_links_phase3_seed,/Users/asewaket/Documents/LTSpice Superconducting Circuit/matlab_v7_4_6_files/outputs/v7_4_6_as006_gap_weaklink_v800_phase3_seed_1010/AS006_v7_4_6_gap_weaklink_scores.csv
AS006,crack_tunnel_a3_7_g0_1_p0_2,"tunnel/crack-like links, alpha=3.7, tau=0.1, p=0.2",tear_lane,crack_tunnel,conductance,3.7,0,0.1,0.2,0.819607843137257,0.1,0.200435729847495,1.1130125000009e-07,4.67974247787894e-07,0.0972158200489844,120.970121664897,0.201579699330421,0.251129361135662,0.27705049301926,0.180217574592308,0.046658804492353,0.208304434071992,0.268951745931957,0.294375309290067,0.163969671740458,0.0524515434948116,245.597660598913,233.31434675719,1010,v7.4.6,gap_tied_weak_links_phase3_seed,/Users/asewaket/Documents/LTSpice Superconducting Circuit/matlab_v7_4_6_files/outputs/v7_4_6_as006_gap_weaklink_v800_phase3_seed_1010/AS006_v7_4_6_gap_weaklink_scores.csv
AS006,combined_a4_1_g0_05_p0_1,"combined weak-link classes, alpha=4.1, tau=0.05, p=0.1",combined,boundary_constriction,conductance,4.1,0.999999999999997,0.05,0.1,0.904793028322441,0.05,0.100217864923747,6.96133421884538e-08,5.23839916364535e-07,0.138742309817368,136.165733220781,0.201596358684794,0.249992290189478,0.27765211026581,0.180248159311341,0.0467881111301482,0.213389862059815,0.281036565015236,0.307380086169154,0.154950929465534,0.0543089326559003,240.310951840074,226.984436987758,1010,v7.4.6,gap_tied_weak_links_phase3_seed,/Users/asewaket/Documents/LTSpice Superconducting Circuit/matlab_v7_4_6_files/outputs/v7_4_6_as006_gap_weaklink_v800_phase3_seed_1010/AS006_v7_4_6_gap_weaklink_scores.csv
AS006,contact_relaxed_a3_3_g0_05_p0_2,"contact-relaxed SNS links, alpha=3.3, tau=0.05, p=0.2",contact_relaxation,contact_relaxed,conductance,3.3,1,0.05,0.2,0.810000000000002,0.05,0.2,2.80238116459483e-08,4.95788975691755e-07,0.0408861332342556,112.58326145549,0.201803064647002,0.226417362729027,0.307513481784351,0.158238966882832,0.0466506587798273,0.282763581558512,0.339416446144461,0.261508906996821,0.445872527291493,0.0594202152892968,377.265203144104,356.044685807851,1010,v7.4.6,gap_tied_weak_links_phase3_seed,/Users/asewaket/Documents/LTSpice Superconducting Circuit/matlab_v7_4_6_files/outputs/v7_4_6_as006_gap_weaklink_v800_phase3_seed_1010/AS006_v7_4_6_gap_weaklink_scores.csv
AS006,crack_tunnel_a4_1_g0_1_p0_2,"tunnel/crack-like links, alpha=4.1, tau=0.1, p=0.2",tear_lane,crack_tunnel,conductance,4.1,0.999999999999997,0.1,0.2,0.819607843137257,0.1,0.200435729847495,1.23333817567667e-07,5.18566058359558e-07,0.107725638432658,120.970121664897,0.202107676931416,0.253536649831779,0.277166820630028,0.180163192551553,0.0467558080333096,0.208859711304085,0.271599876905279,0.29458758084613,0.163859823881716,0.0523456332822715,245.399981190968,233.423146183784,1010,v7.4.6,gap_tied_weak_links_phase3_seed,/Users/asewaket/Documents/LTSpice Superconducting Circuit/matlab_v7_4_6_files/outputs/v7_4_6_as006_gap_weaklink_v800_phase3_seed_1010/AS006_v7_4_6_gap_weaklink_scores.csv
AS006,combined_a3_3_g0_1_p0_1,"combined weak-link classes, alpha=3.3, tau=0.1, p=0.1",combined,boundary_constriction,conductance,3.3,1,0.1,0.1,0.909803921568628,0.1,0.100217864923747,1.06957746408383e-07,4.02428149344045e-07,0.111670639609101,142.661947735462,0.202337005940332,0.249484945276431,0.28250641960059,0.176928472820999,0.046653259097949,0.211951709332026,0.277030893600198,0.308763225774052,0.154707725617616,0.0490073509333174,240.122248404223,230.240414528457,1010,v7.4.6,gap_tied_weak_links_phase3_seed,/Users/asewaket/Documents/LTSpice Superconducting Circuit/matlab_v7_4_6_files/outputs/v7_4_6_as006_gap_weaklink_v800_phase3_seed_1010/AS006_v7_4_6_gap_weaklink_scores.csv
AS006,combined_a4_1_g0_1_p0_3,"combined weak-link classes, alpha=4.1, tau=0.1, p=0.3",combined,boundary_constriction,conductance,4.1,0.999999999999997,0.1,0.3,0.729803921568629,0.1,0.300217864923747,1.55074852181173e-07,6.01207239328905e-07,0.116790901674619,97.4180934863615,0.202480305383585,0.25496641639802,0.283298125572974,0.172060295932651,0.0465880208513883,0.206168421562938,0.266400581228703,0.294485894564662,0.162163419475229,0.0463869367537911,244.128419022777,240.83352968642,1010,v7.4.6,gap_tied_weak_links_phase3_seed,/Users/asewaket/Documents/LTSpice Superconducting Circuit/matlab_v7_4_6_files/outputs/v7_4_6_as006_gap_weaklink_v800_phase3_seed_1010/AS006_v7_4_6_gap_weaklink_scores.csv
AS006,combined_a4_1_g0_05_p0_2,"combined weak-link classes, alpha=4.1, tau=0.05, p=0.2",combined,boundary_constriction,conductance,4.1,0.999999999999997,0.05,0.2,0.810000000000001,0.05,0.2,8.0329450448302e-08,5.69548203220622e-07,0.136056020404883,112.58326145549,0.202741214471898,0.255903141855332,0.28493114732497,0.16879129101554,0.0481843089160378,0.202833556294871,0.256950251720566,0.285767406228064,0.168011839895638,0.047109768985133,247.444977802184,247.686998868954,1010,v7.4.6,gap_tied_weak_links_phase3_seed,/Users/asewaket/Documents/LTSpice Superconducting Circuit/matlab_v7_4_6_files/outputs/v7_4_6_as006_gap_weaklink_v800_phase3_seed_1010/AS006_v7_4_6_gap_weaklink_scores.csv
AS006,crack_tunnel_a4_1_g0_05_p0_3,"tunnel/crack-like links, alpha=4.1, tau=0.05, p=0.3",tear_lane,crack_tunnel,conductance,4.1,0.999999999999997,0.05,0.3,0.714793028322442,0.05,0.300217864923747,7.53396341617443e-08,6.16505696696646e-07,0.098331820299009,88.5416250076807,0.202840539503092,0.254647495057084,0.285206146738955,0.165848235176675,0.053134151694361,0.234476675299003,0.232806088141635,0.248783166978394,0.245148059546072,0.197771671708602,248.187925783119,312.378585654548,1010,v7.4.6,gap_tied_weak_links_phase3_seed,/Users/asewaket/Documents/LTSpice Superconducting Circuit/matlab_v7_4_6_files/outputs/v7_4_6_as006_gap_weaklink_v800_phase3_seed_1010/AS006_v7_4_6_gap_weaklink_scores.csv
AS006,combined_a3_7_g0_05_p0_3,"combined weak-link classes, alpha=3.7, tau=0.05, p=0.3",combined,boundary_constriction,conductance,3.7,0,0.05,0.3,0.714793028322442,0.05,0.300217864923747,7.69877070698108e-08,5.96944845391543e-07,0.1053966673649,88.5416250076807,0.20307680837936,0.255097215207389,0.287537070433055,0.166552601411088,0.0489062016677053,0.203212991981605,0.241712444030236,0.272422298548365,0.183413673401144,0.0683464016667189,248.992702102019,263.358112021965,1010,v7.4.6,gap_tied_weak_links_phase3_seed,/Users/asewaket/Documents/LTSpice Superconducting Circuit/matlab_v7_4_6_files/outputs/v7_4_6_as006_gap_weaklink_v800_phase3_seed_1010/AS006_v7_4_6_gap_weaklink_scores.csv
AS006,combined_a3_7_g0_1_p0_1,"combined weak-link classes, alpha=3.7, tau=0.1, p=0.1",combined,boundary_constriction,conductance,3.7,0,0.1,0.1,0.909803921568628,0.1,0.100217864923747,1.19922321730611e-07,4.51207318961505e-07,0.125206474713235,142.661947735462,0.203239760732411,0.253427330975137,0.282753426858466,0.176966969579078,0.0467442637107546,0.212930060941981,0.281227074257489,0.309239006888676,0.154608639804628,0.0489941686414468,239.865480446867,230.281272849754,1010,v7.4.6,gap_tied_weak_links_phase3_seed,/Users/asewaket/Documents/LTSpice Superconducting Circuit/matlab_v7_4_6_files/outputs/v7_4_6_as006_gap_weaklink_v800_phase3_seed_1010/AS006_v7_4_6_gap_weaklink_scores.csv
AS006,combined_a3_3_g0_2_p0_3,"combined weak-link classes, alpha=3.3, tau=0.2, p=0.3",combined,boundary_constriction,conductance,3.3,1,0.2,0.3,0.759825708061,0.2,0.300217864923747,2.16888837902556e-07,4.26950099966725e-07,0.0940024330551813,112.125367342318,0.20327215953593,0.253857191049921,0.288030548359112,0.168997073332604,0.04720380533553,0.210849099398049,0.275522065707648,0.309163634066444,0.152545932388273,0.047004656180979,240.788359390457,234.799949495087,1010,v7.4.6,gap_tied_weak_links_phase3_seed,/Users/asewaket/Documents/LTSpice Superconducting Circuit/matlab_v7_4_6_files/outputs/v7_4_6_as006_gap_weaklink_v800_phase3_seed_1010/AS006_v7_4_6_gap_weaklink_scores.csv
AS006,combined_a3_3_g0_2_p0_2,"combined weak-link classes, alpha=3.3, tau=0.2, p=0.2",combined,boundary_constriction,conductance,3.3,1,0.2,0.2,0.839999999999999,0.2,0.2,2.18697648913149e-07,3.90910688811471e-07,0.10950850422832,133.135717099422,0.203411188115565,0.253972703039739,0.286931989856348,0.171082484713898,0.0470991493971063,0.213286850430725,0.280599040693009,0.312535203069887,0.151259518566226,0.049824207880532,240.386057905296,230.964348020923,1010,v7.4.6,gap_tied_weak_links_phase3_seed,/Users/asewaket/Documents/LTSpice Superconducting Circuit/matlab_v7_4_6_files/outputs/v7_4_6_as006_gap_weaklink_v800_phase3_seed_1010/AS006_v7_4_6_gap_weaklink_scores.csv
AS006,contact_relaxed_a3_7_g0_05_p0_2,"contact-relaxed SNS links, alpha=3.7, tau=0.05, p=0.2",contact_relaxation,contact_relaxed,conductance,3.7,0,0.05,0.2,0.810000000000002,0.05,0.2,3.14206373000027e-08,5.55884609108937e-07,0.0458420281717411,112.58326145549,0.203466789734789,0.236574470245568,0.304674257237558,0.160631196786306,0.0467905322797671,0.278326183599355,0.319237942179538,0.26118884773911,0.444915008287784,0.0591687319140609,374.102738826523,353.594686389891,1010,v7.4.6,gap_tied_weak_links_phase3_seed,/Users/asewaket/Documents/LTSpice Superconducting Circuit/matlab_v7_4_6_files/outputs/v7_4_6_as006_gap_weaklink_v800_phase3_seed_1010/AS006_v7_4_6_gap_weaklink_scores.csv
AS006,contact_relaxed_a3_3_g0_1_p0_2,"contact-relaxed SNS links, alpha=3.3, tau=0.1, p=0.2",contact_relaxation,contact_relaxed,conductance,3.3,1,0.1,0.2,0.820000000000002,0.1,0.2,5.21618407932992e-08,4.61415919144696e-07,0.0408861332342556,120.970121664897,0.203628754853847,0.237679726485533,0.30729703694109,0.157089657701676,0.0463321610096984,0.234711155667173,0.254298192130557,0.230775190149629,0.367649526095644,0.0558390958239025,348.307449675574,328.409262689613,1010,v7.4.6,gap_tied_weak_links_phase3_seed,/Users/asewaket/Documents/LTSpice Superconducting Circuit/matlab_v7_4_6_files/outputs/v7_4_6_as006_gap_weaklink_v800_phase3_seed_1010/AS006_v7_4_6_gap_weaklink_scores.csv
AS006,crack_tunnel_a3_3_g0_2_p0_3,"tunnel/crack-like links, alpha=3.3, tau=0.2, p=0.3",tear_lane,crack_tunnel,conductance,3.3,1,0.2,0.3,0.759825708061,0.2,0.300217864923747,1.91538989085213e-07,3.99271612120217e-07,0.0791451236553,112.125367342318,0.20365282305207,0.257323377935952,0.288513827714994,0.16596162047173,0.0485895132334981,0.20308579765853,0.23654971594138,0.26604456194301,0.192259137022063,0.0729773676734216,252.532495966235,268.528716093874,1010,v7.4.6,gap_tied_weak_links_phase3_seed,/Users/asewaket/Documents/LTSpice Superconducting Circuit/matlab_v7_4_6_files/outputs/v7_4_6_as006_gap_weaklink_v800_phase3_seed_1010/AS006_v7_4_6_gap_weaklink_scores.csv
AS006,combined_a4_1_g0_1_p0_1,"combined weak-link classes, alpha=4.1, tau=0.1, p=0.1",combined,boundary_constriction,conductance,4.1,0.999999999999997,0.1,0.1,0.909803921568628,0.1,0.100217864923747,1.32886897052839e-07,4.99986488578965e-07,0.138742309817368,142.661947735462,0.203761701000301,0.255708647097076,0.282811978379358,0.177074906094039,0.0468352631230039,0.213538649259654,0.283845099168004,0.309554829676394,0.15452786720914,0.0489673611851524,239.586655130839,230.311967481257,1010,v7.4.6,gap_tied_weak_links_phase3_seed,/Users/asewaket/Documents/LTSpice Superconducting Circuit/matlab_v7_4_6_files/outputs/v7_4_6_as006_gap_weaklink_v800_phase3_seed_1010/AS006_v7_4_6_gap_weaklink_scores.csv
AS006,combined_a3_7_g0_2_p0_3,"combined weak-link classes, alpha=3.7, tau=0.2, p=0.3",combined,boundary_constriction,conductance,3.7,0,0.2,0.3,0.759825708061,0.2,0.300217864923747,2.43178394011956e-07,4.78701627235418e-07,0.1053966673649,112.125367342318,0.204126031229379,0.258044050813368,0.287817978268386,0.169422166662101,0.0471269350362236,0.211984824096815,0.280455728691718,0.30965517440893,0.152449532415907,0.0470099210568442,240.527954323946,234.419385479786,1010,v7.4.6,gap_tied_weak_links_phase3_seed,/Users/asewaket/Documents/LTSpice Superconducting Circuit/matlab_v7_4_6_files/outputs/v7_4_6_as006_gap_weaklink_v800_phase3_seed_1010/AS006_v7_4_6_gap_weaklink_scores.csv
AS006,combined_a3_7_g0_2_p0_2,"combined weak-link classes, alpha=3.7, tau=0.2, p=0.2",combined,boundary_constriction,conductance,3.7,0,0.2,0.2,0.839999999999999,0.2,0.2,2.45206454842016e-07,4.38293802606801e-07,0.122782262316601,133.135717099422,0.204148515944936,0.257503861703759,0.286884858339626,0.171322427216793,0.0470371819055831,0.21422750829461,0.284658779219429,0.312986048208099,0.151169274192649,0.0497915851486377,240.174509340586,230.733259455098,1010,v7.4.6,gap_tied_weak_links_phase3_seed,/Users/asewaket/Documents/LTSpice Superconducting Circuit/matlab_v7_4_6_files/outputs/v7_4_6_as006_gap_weaklink_v800_phase3_seed_1010/AS006_v7_4_6_gap_weaklink_scores.csv
AS006,contact_relaxed_a4_1_g0_1_p0_3,"contact-relaxed SNS links, alpha=4.1, tau=0.1, p=0.3",contact_relaxation,contact_relaxed,conductance,4.1,0.999999999999997,0.1,0.3,0.72980392156863,0.1,0.300217864923747,8.67723657258392e-08,6.18921182949624e-07,0.0546500746235949,97.4180934863615,0.20430231975003,0.210781482479874,0.339888708272017,0.134593553709022,0.0476829346579689,0.951750015274428,1.41180311353881,0.998612017298776,1.23269547257137,0.0585065918462504,718.285356479069,667.177604262762,1010,v7.4.6,gap_tied_weak_links_phase3_seed,/Users/asewaket/Documents/LTSpice Superconducting Circuit/matlab_v7_4_6_files/outputs/v7_4_6_as006_gap_weaklink_v800_phase3_seed_1010/AS006_v7_4_6_gap_weaklink_scores.csv
AS006,crack_tunnel_a3_3_g0_2_p0_2,"tunnel/crack-like links, alpha=3.3, tau=0.2, p=0.2",tear_lane,crack_tunnel,conductance,3.3,1,0.2,0.2,0.839651416122003,0.2,0.200435729847495,1.80395537020429e-07,3.80949910554253e-07,0.0867060016653104,133.135717099422,0.204414853496699,0.258725820599614,0.288245164844651,0.169859089099601,0.0465955470312433,0.203792474472546,0.256799459653118,0.286335453317168,0.171690300222944,0.0464629941258868,251.295539340394,246.694297469649,1010,v7.4.6,gap_tied_weak_links_phase3_seed,/Users/asewaket/Documents/LTSpice Superconducting Circuit/matlab_v7_4_6_files/outputs/v7_4_6_as006_gap_weaklink_v800_phase3_seed_1010/AS006_v7_4_6_gap_weaklink_scores.csv
AS006,combined_a4_1_g0_05_p0_3,"combined weak-link classes, alpha=4.1, tau=0.05, p=0.3",combined,boundary_constriction,conductance,4.1,0.999999999999997,0.05,0.3,0.714793028322442,0.05,0.300217864923747,8.53107024287093e-08,6.61479423271709e-07,0.116790901674619,88.5416250076807,0.204477611087578,0.261059473500748,0.28935165439134,0.165266551743084,0.0483799970734425,0.204131379313468,0.246254699041036,0.273158948311039,0.182911034237361,0.0677352451852828,249.889255176178,263.485232196442,1010,v7.4.6,gap_tied_weak_links_phase3_seed,/Users/asewaket/Documents/LTSpice Superconducting Circuit/matlab_v7_4_6_files/outputs/v7_4_6_as006_gap_weaklink_v800_phase3_seed_1010/AS006_v7_4_6_gap_weaklink_scores.csv
AS006,boundary_sns_a3_3_g0_1_p0_3,"SNS-like boundary constriction, alpha=3.3, tau=0.1, p=0.3",boundary_lane,boundary_constriction,conductance,3.3,1,0.1,0.3,0.715686274509806,0.1,0.315904139433551,1.32989068921754e-07,4.53536666968949e-07,0.0971892065564487,97.4180934863615,0.204479597813046,0.258753294330153,0.281784531896801,0.177751537128668,0.0483323425048384,0.320566324825311,0.468211957491297,0.48110803319882,0.194390100987184,0.0496929823033414,169.358872661725,163.428527948205,1010,v7.4.6,gap_tied_weak_links_phase3_seed,/Users/asewaket/Documents/LTSpice Superconducting Circuit/matlab_v7_4_6_files/outputs/v7_4_6_as006_gap_weaklink_v800_phase3_seed_1010/AS006_v7_4_6_gap_weaklink_scores.csv
AS006,combined_a4_1_g0_2_p0_2,"combined weak-link classes, alpha=4.1, tau=0.2, p=0.2",combined,boundary_constriction,conductance,4.1,0.999999999999997,0.2,0.2,0.839999999999999,0.2,0.2,2.71715260770883e-07,4.8567691640213e-07,0.136056020404883,133.135717099422,0.204581599766747,0.259685317272705,0.286620677493843,0.171691150259969,0.0470225581218461,0.214889483754877,0.287525792859998,0.31329602766562,0.151101255360208,0.0497770082992942,239.908972527828,230.473336993263,1010,v7.4.6,gap_tied_weak_links_phase3_seed,/Users/asewaket/Documents/LTSpice Superconducting Circuit/matlab_v7_4_6_files/outputs/v7_4_6_as006_gap_weaklink_v800_phase3_seed_1010/AS006_v7_4_6_gap_weaklink_scores.csv
AS006,combined_a4_1_g0_2_p0_3,"combined weak-link classes, alpha=4.1, tau=0.2, p=0.3",combined,boundary_constriction,conductance,4.1,0.999999999999997,0.2,0.3,0.759825708061,0.2,0.300217864923747,2.69467950121357e-07,5.30453154504112e-07,0.116790901674619,112.125367342318,0.204601680136468,0.260585159969943,0.287327266482913,0.170016832998825,0.0470794831187676,0.212782605788582,0.283948614693871,0.309986536791226,0.152379694863443,0.0470133562850908,240.181393245948,234.002518332029,1010,v7.4.6,gap_tied_weak_links_phase3_seed,/Users/asewaket/Documents/LTSpice Superconducting Circuit/matlab_v7_4_6_files/outputs/v7_4_6_as006_gap_weaklink_v800_phase3_seed_1010/AS006_v7_4_6_gap_weaklink_scores.csv
AS006,boundary_sns_a3_7_g0_1_p0_3,"SNS-like boundary constriction, alpha=3.7, tau=0.1, p=0.3",boundary_lane,boundary_constriction,conductance,3.7,0,0.1,0.3,0.715686274509806,0.1,0.315904139433551,1.49108956063785e-07,5.0851080841973e-07,0.108969716442079,97.4180934863615,0.204635078780354,0.259736049289353,0.281397968272351,0.178128355851284,0.048332455321696,0.321093090166535,0.47034113752965,0.481260320126486,0.194553559710975,0.0497268034429586,169.19625702369,163.251642198955,1010,v7.4.6,gap_tied_weak_links_phase3_seed,/Users/asewaket/Documents/LTSpice Superconducting Circuit/matlab_v7_4_6_files/outputs/v7_4_6_as006_gap_weaklink_v800_phase3_seed_1010/AS006_v7_4_6_gap_weaklink_scores.csv
AS006,crack_tunnel_a3_7_g0_2_p0_3,"tunnel/crack-like links, alpha=3.7, tau=0.2, p=0.3",tear_lane,crack_tunnel,conductance,3.7,0,0.2,0.3,0.759825708061,0.2,0.300217864923747,2.14755836247057e-07,4.47668171165092e-07,0.0887384719771545,112.125367342318,0.204678984332397,0.2619912289007,0.288601220100029,0.16608165547437,0.048749488243272,0.203959760985938,0.241100227198926,0.26633992934591,0.191951666967896,0.0726641176655529,252.280921717772,268.425904847253,1010,v7.4.6,gap_tied_weak_links_phase3_seed,/Users/asewaket/Documents/LTSpice Superconducting Circuit/matlab_v7_4_6_files/outputs/v7_4_6_as006_gap_weaklink_v800_phase3_seed_1010/AS006_v7_4_6_gap_weaklink_scores.csv
AS006,boundary_sns_a4_1_g0_1_p0_3,"SNS-like boundary constriction, alpha=4.1, tau=0.1, p=0.3",boundary_lane,boundary_constriction,conductance,4.1,0.999999999999997,0.1,0.3,0.715686274509806,0.1,0.315904139433551,1.65228843205815e-07,5.63484949870512e-07,0.120750226327709,97.4180934863615,0.204739458427214,0.260458623020883,0.280908664017814,0.178605264399191,0.0483919265850241,0.321596817383285,0.472466486136881,0.48137357562001,0.194690949407291,0.049750156685414,168.982015208643,163.07636110206,1010,v7.4.6,gap_tied_weak_links_phase3_seed,/Users/asewaket/Documents/LTSpice Superconducting Circuit/matlab_v7_4_6_files/outputs/v7_4_6_as006_gap_weaklink_v800_phase3_seed_1010/AS006_v7_4_6_gap_weaklink_scores.csv
AS006,contact_relaxed_a4_1_g0_05_p0_2,"contact-relaxed SNS links, alpha=4.1, tau=0.05, p=0.2",contact_relaxation,contact_relaxed,conductance,4.1,0.999999999999997,0.05,0.2,0.810000000000002,0.05,0.2,3.4817462954057e-08,6.15980242526119e-07,0.0507979231092266,112.58326145549,0.20495913973746,0.245586025941278,0.30216953078162,0.162766777033042,0.0469545225868865,0.275225360093551,0.30522147630553,0.261033076142622,0.444107765852366,0.0589627335971811,371.404313687041,351.572362926565,1010,v7.4.6,gap_tied_weak_links_phase3_seed,/Users/asewaket/Documents/LTSpice Superconducting Circuit/matlab_v7_4_6_files/outputs/v7_4_6_as006_gap_weaklink_v800_phase3_seed_1010/AS006_v7_4_6_gap_weaklink_scores.csv
AS006,crack_tunnel_a4_1_g0_2_p0_3,"tunnel/crack-like links, alpha=4.1, tau=0.2, p=0.3",tear_lane,crack_tunnel,conductance,4.1,0.999999999999997,0.2,0.3,0.759825708061,0.2,0.300217864923747,2.37972683408901e-07,4.96064730209967e-07,0.098331820299009,112.125367342318,0.205090229618323,0.264166331183305,0.288161881764272,0.166562014611658,0.0487990055562633,0.204397334222832,0.24357764747552,0.266496085331764,0.191727883459193,0.0723810199840618,251.897414878398,268.08768977353,1010,v7.4.6,gap_tied_weak_links_phase3_seed,/Users/asewaket/Documents/LTSpice Superconducting Circuit/matlab_v7_4_6_files/outputs/v7_4_6_as006_gap_weaklink_v800_phase3_seed_1010/AS006_v7_4_6_gap_weaklink_scores.csv
AS006,crack_tunnel_a3_7_g0_2_p0_2,"tunnel/crack-like links, alpha=3.7, tau=0.2, p=0.2",tear_lane,crack_tunnel,conductance,3.7,0,0.2,0.2,0.839651416122003,0.2,0.200435729847495,2.02261662719875e-07,4.27125657288102e-07,0.0972158200489844,133.135717099422,0.205325871159824,0.262800282959028,0.288454124285546,0.169751117964172,0.0468454578851692,0.204663327725557,0.260927129730015,0.28660790075643,0.171498880725862,0.0464520816666917,250.890004824341,247.016480180514,1010,v7.4.6,gap_tied_weak_links_phase3_seed,/Users/asewaket/Documents/LTSpice Superconducting Circuit/matlab_v7_4_6_files/outputs/v7_4_6_as006_gap_weaklink_v800_phase3_seed_1010/AS006_v7_4_6_gap_weaklink_scores.csv
AS006,contact_relaxed_a3_7_g0_1_p0_2,"contact-relaxed SNS links, alpha=3.7, tau=0.1, p=0.2",contact_relaxation,contact_relaxed,conductance,3.7,0,0.1,0.2,0.820000000000002,0.1,0.2,5.84844881621839e-08,5.17345121465266e-07,0.0458420281717411,120.970121664897,0.205563532180622,0.248177210039981,0.305480566119525,0.158784535801548,0.0465687904020232,0.23256397118896,0.244736427190927,0.23081036787549,0.366722993748692,0.0557615427859006,345.802183750943,327.127984742727,1010,v7.4.6,gap_tied_weak_links_phase3_seed,/Users/asewaket/Documents/LTSpice Superconducting Circuit/matlab_v7_4_6_files/outputs/v7_4_6_as006_gap_weaklink_v800_phase3_seed_1010/AS006_v7_4_6_gap_weaklink_scores.csv
AS006,crack_tunnel_a3_3_g0_05_p0_1,"tunnel/crack-like links, alpha=3.3, tau=0.05, p=0.1",tear_lane,crack_tunnel,conductance,3.3,1,0.05,0.1,0.904793028322441,0.05,0.100217864923747,5.27174676815612e-08,4.19752288793771e-07,0.105495629070717,136.165733220781,0.20557029423813,0.259119525236134,0.286360571520214,0.176305884956183,0.0472185895989137,0.225426594595893,0.304530354973686,0.32943526840007,0.146566538504928,0.0628827251744979,222.452045016784,232.525226089356,1010,v7.4.6,gap_tied_weak_links_phase3_seed,/Users/asewaket/Documents/LTSpice Superconducting Circuit/matlab_v7_4_6_files/outputs/v7_4_6_as006_gap_weaklink_v800_phase3_seed_1010/AS006_v7_4_6_gap_weaklink_scores.csv
AS006,combined_a3_3_g0_2_p0_1,"combined weak-link classes, alpha=3.3, tau=0.2, p=0.1",combined,boundary_constriction,conductance,3.3,1,0.2,0.1,0.919825708061002,0.2,0.100217864923747,2.02220736592186e-07,3.80595667631106e-07,0.111670639609101,150.912321705044,0.205689439731349,0.25982819816458,0.290527962853795,0.170947123693096,0.0465111608816558,0.214209892598523,0.28434126708856,0.313838068100241,0.152546423917408,0.0468085468318696,240.506435719513,232.714697553448,1010,v7.4.6,gap_tied_weak_links_phase3_seed,/Users/asewaket/Documents/LTSpice Superconducting Circuit/matlab_v7_4_6_files/outputs/v7_4_6_as006_gap_weaklink_v800_phase3_seed_1010/AS006_v7_4_6_gap_weaklink_scores.csv
AS006,boundary_sns_a4_1_g0_2_p0_3,"SNS-like boundary constriction, alpha=4.1, tau=0.2, p=0.3",boundary_lane,boundary_constriction,conductance,4.1,0.999999999999997,0.2,0.3,0.747276688453157,0.2,0.315904139433551,2.87112172304876e-07,5.0461512400074e-07,0.120750226327709,112.125367342318,0.205817717146448,0.265205218914923,0.285623141527886,0.173806398381423,0.0467848711667353,0.293468753894377,0.430708038237611,0.442420942562271,0.166324720007302,0.0544931817411738,187.907980796202,176.418567853482,1010,v7.4.6,gap_tied_weak_links_phase3_seed,/Users/asewaket/Documents/LTSpice Superconducting Circuit/matlab_v7_4_6_files/outputs/v7_4_6_as006_gap_weaklink_v800_phase3_seed_1010/AS006_v7_4_6_gap_weaklink_scores.csv
AS006,crack_tunnel_a4_1_g0_2_p0_2,"tunnel/crack-like links, alpha=4.1, tau=0.2, p=0.2",tear_lane,crack_tunnel,conductance,4.1,0.999999999999997,0.2,0.2,0.839651416122003,0.2,0.200435729847495,2.24127788419321e-07,4.73301404021951e-07,0.107725638432658,133.135717099422,0.20582439536922,0.265004698017402,0.288406697633783,0.169809087105719,0.0471441990874295,0.205145079370765,0.263315502862429,0.286750921749046,0.171352920432191,0.0464046303903284,250.445763531635,247.249846426241,1010,v7.4.6,gap_tied_weak_links_phase3_seed,/Users/asewaket/Documents/LTSpice Superconducting Circuit/matlab_v7_4_6_files/outputs/v7_4_6_as006_gap_weaklink_v800_phase3_seed_1010/AS006_v7_4_6_gap_weaklink_scores.csv
AS006,boundary_sns_a3_3_g0_2_p0_3,"SNS-like boundary constriction, alpha=3.3, tau=0.2, p=0.3",boundary_lane,boundary_constriction,conductance,3.3,1,0.2,0.3,0.747276688453157,0.2,0.315904139433551,2.31090285025876e-07,4.06153636390839e-07,0.0971892065564487,112.125367342318,0.205869086875905,0.264183674097534,0.287531307568759,0.172073628263942,0.0468899367067361,0.292479298477277,0.426451019946412,0.442180743556335,0.166100133529428,0.0545040043045997,188.673918792759,177.167014632052,1010,v7.4.6,gap_tied_weak_links_phase3_seed,/Users/asewaket/Documents/LTSpice Superconducting Circuit/matlab_v7_4_6_files/outputs/v7_4_6_as006_gap_weaklink_v800_phase3_seed_1010/AS006_v7_4_6_gap_weaklink_scores.csv
AS006,boundary_sns_a3_7_g0_2_p0_3,"SNS-like boundary constriction, alpha=3.7, tau=0.2, p=0.3",boundary_lane,boundary_constriction,conductance,3.7,0,0.2,0.3,0.747276688453157,0.2,0.315904139433551,2.59101228665376e-07,4.5538438019579e-07,0.108969716442079,112.125367342318,0.205882746806926,0.264891024516193,0.286628994803621,0.172884472437151,0.0468163780656611,0.292986990231786,0.428586694547414,0.442327601212644,0.166219164286572,0.0545009991311768,188.313027822002,176.797390728652,1010,v7.4.6,gap_tied_weak_links_phase3_seed,/Users/asewaket/Documents/LTSpice Superconducting Circuit/matlab_v7_4_6_files/outputs/v7_4_6_as006_gap_weaklink_v800_phase3_seed_1010/AS006_v7_4_6_gap_weaklink_scores.csv
AS006,boundary_sns_a3_3_g0_05_p0_3,"SNS-like boundary constriction, alpha=3.3, tau=0.05, p=0.3",boundary_lane,boundary_constriction,conductance,3.3,1,0.05,0.3,0.699891067538129,0.05,0.315904139433551,7.31607396394619e-08,4.99004591551613e-07,0.0971892065564487,88.5416250076807,0.206049494482609,0.263188627034358,0.285503030994047,0.174640075531652,0.04912844672454,0.338032453517113,0.492046010951602,0.503200631232215,0.212419968497145,0.0519901913561557,155.748089708457,163.21929760898,1010,v7.4.6,gap_tied_weak_links_phase3_seed,/Users/asewaket/Documents/LTSpice Superconducting Circuit/matlab_v7_4_6_files/outputs/v7_4_6_as006_gap_weaklink_v800_phase3_seed_1010/AS006_v7_4_6_gap_weaklink_scores.csv
AS006,contact_relaxed_a4_1_g0_2_p0_3,"contact-relaxed SNS links, alpha=4.1, tau=0.2, p=0.3",contact_relaxation,contact_relaxed,conductance,4.1,0.999999999999997,0.2,0.3,0.759825708061001,0.2,0.300217864923747,1.50781194954841e-07,5.38941561689678e-07,0.0546500746235949,112.125367342318,0.20609110051522,0.246979053175926,0.31528984205596,0.147902398530079,0.0468412276396446,0.357762389831031,0.438440723179276,0.345092369858665,0.55523718090994,0.0524131025857924,423.610720958733,405.05445865438,1010,v7.4.6,gap_tied_weak_links_phase3_seed,/Users/asewaket/Documents/LTSpice Superconducting Circuit/matlab_v7_4_6_files/outputs/v7_4_6_as006_gap_weaklink_v800_phase3_seed_1010/AS006_v7_4_6_gap_weaklink_scores.csv
AS006,crack_tunnel_a3_7_g0_05_p0_1,"tunnel/crack-like links, alpha=3.7, tau=0.05, p=0.1",tear_lane,crack_tunnel,conductance,3.7,0,0.05,0.1,0.904793028322441,0.05,0.100217864923747,5.91074637641746e-08,4.70631354102107e-07,0.118282978048986,136.165733220781,0.206173265165678,0.261557794285867,0.286166372347673,0.176709202920431,0.047630876283556,0.226126759716577,0.307614815954895,0.32974048085231,0.146541015991439,0.0627968711471509,221.874744031859,232.642102217211,1010,v7.4.6,gap_tied_weak_links_phase3_seed,/Users/asewaket/Documents/LTSpice Superconducting Circuit/matlab_v7_4_6_files/outputs/v7_4_6_as006_gap_weaklink_v800_phase3_seed_1010/AS006_v7_4_6_gap_weaklink_scores.csv
AS006,boundary_sns_a3_7_g0_05_p0_3,"SNS-like boundary constriction, alpha=3.7, tau=0.05, p=0.3",boundary_lane,boundary_constriction,conductance,3.7,0,0.05,0.3,0.699891067538129,0.05,0.315904139433551,8.20287080806088e-08,5.59489996588173e-07,0.108969716442079,88.5416250076807,0.206263536008663,0.260649334602427,0.281969436688265,0.178638363147534,0.0539238773020077,0.33856790592094,0.494302947138851,0.503443738738043,0.212656326555655,0.0516896314797037,153.339044700994,163.106379617128,1010,v7.4.6,gap_tied_weak_links_phase3_seed,/Users/asewaket/Documents/LTSpice Superconducting Circuit/matlab_v7_4_6_files/outputs/v7_4_6_as006_gap_weaklink_v800_phase3_seed_1010/AS006_v7_4_6_gap_weaklink_scores.csv
AS006,combined_a3_7_g0_2_p0_1,"combined weak-link classes, alpha=3.7, tau=0.2, p=0.1",combined,boundary_constriction,conductance,3.7,0,0.2,0.1,0.919825708061002,0.2,0.100217864923747,2.26732341027603e-07,4.26728475828816e-07,0.125206474713235,150.912321705044,0.206407957605017,0.263286003296072,0.29054919769583,0.171020132088342,0.0465175236508821,0.215038243321297,0.288096416298885,0.314127086659678,0.152471810810417,0.0467826351401423,240.134498326648,232.848408157119,1010,v7.4.6,gap_tied_weak_links_phase3_seed,/Users/asewaket/Documents/LTSpice Superconducting Circuit/matlab_v7_4_6_files/outputs/v7_4_6_as006_gap_weaklink_v800_phase3_seed_1010/AS006_v7_4_6_gap_weaklink_scores.csv
AS006,crack_tunnel_a4_1_g0_05_p0_1,"tunnel/crack-like links, alpha=4.1, tau=0.05, p=0.1",tear_lane,crack_tunnel,conductance,4.1,0.999999999999997,0.05,0.1,0.904793028322441,0.05,0.100217864923747,6.54974598467881e-08,5.21510419410442e-07,0.131070327027255,136.165733220781,0.206527964951232,0.263060252171051,0.286003597931018,0.176978523328439,0.0478501220452807,0.226592852449489,0.309710157794304,0.329928856160594,0.146524896388023,0.0627224856870707,221.552764294863,232.638281903666,1010,v7.4.6,gap_tied_weak_links_phase3_seed,/Users/asewaket/Documents/LTSpice Superconducting Circuit/matlab_v7_4_6_files/outputs/v7_4_6_as006_gap_weaklink_v800_phase3_seed_1010/AS006_v7_4_6_gap_weaklink_scores.csv
AS006,boundary_sns_a4_1_g0_05_p0_3,"SNS-like boundary constriction, alpha=4.1, tau=0.05, p=0.3",boundary_lane,boundary_constriction,conductance,4.1,0.999999999999997,0.05,0.3,0.699891067538129,0.05,0.315904139433551,9.08966765217557e-08,6.19975401624732e-07,0.120750226327709,88.5416250076807,0.206543620932741,0.261739563348027,0.281896000179751,0.178796780334078,0.0541645655835163,0.339055395887892,0.496412297118553,0.50363723861893,0.212841877088483,0.0514471683771741,153.273271107181,162.991281174678,1010,v7.4.6,gap_tied_weak_links_phase3_seed,/Users/asewaket/Documents/LTSpice Superconducting Circuit/matlab_v7_4_6_files/outputs/v7_4_6_as006_gap_weaklink_v800_phase3_seed_1010/AS006_v7_4_6_gap_weaklink_scores.csv
AS006,crack_tunnel_a3_3_g0_1_p0_1,"tunnel/crack-like links, alpha=3.3, tau=0.1, p=0.1",tear_lane,crack_tunnel,conductance,3.3,1,0.1,0.1,0.909803921568628,0.1,0.100217864923747,1.00633879662338e-07,4.00638566078523e-07,0.105495629070717,142.661947735462,0.20655177635041,0.262193819969771,0.289571118071728,0.173623573724454,0.0467861380011858,0.22106824670744,0.294642112793107,0.320478133538404,0.151075126294533,0.0610184791837202,229.071064964565,236.958931445694,1010,v7.4.6,gap_tied_weak_links_phase3_seed,/Users/asewaket/Documents/LTSpice Superconducting Circuit/matlab_v7_4_6_files/outputs/v7_4_6_as006_gap_weaklink_v800_phase3_seed_1010/AS006_v7_4_6_gap_weaklink_scores.csv
AS006,combined_a4_1_g0_2_p0_1,"combined weak-link classes, alpha=4.1, tau=0.2, p=0.1",combined,boundary_constriction,conductance,4.1,0.999999999999997,0.2,0.1,0.919825708061002,0.2,0.100217864923747,2.51243945463019e-07,4.72861284026526e-07,0.138742309817368,150.912321705044,0.206806433406367,0.265300728039925,0.290349593812965,0.171228799269119,0.046583650732819,0.215566457778629,0.290554013006237,0.314294953180699,0.152411113777095,0.0467482155993148,239.694747419859,232.944300284703,1010,v7.4.6,gap_tied_weak_links_phase3_seed,/Users/asewaket/Documents/LTSpice Superconducting Circuit/matlab_v7_4_6_files/outputs/v7_4_6_as006_gap_weaklink_v800_phase3_seed_1010/AS006_v7_4_6_gap_weaklink_scores.csv
AS006,contact_relaxed_a4_1_g0_1_p0_2,"contact-relaxed SNS links, alpha=4.1, tau=0.1, p=0.2",contact_relaxation,contact_relaxed,conductance,4.1,0.999999999999997,0.1,0.2,0.820000000000002,0.1,0.2,6.48071355310687e-08,5.73274323785835e-07,0.0507979231092266,120.970121664897,0.207033483647599,0.255771351585343,0.303934992979172,0.16025795263644,0.0471873881435503,0.230882303787439,0.23729395585683,0.230802801962235,0.365992683649729,0.0557218050842892,343.307521995728,326.526473220413,1010,v7.4.6,gap_tied_weak_links_phase3_seed,/Users/asewaket/Documents/LTSpice Superconducting Circuit/matlab_v7_4_6_files/outputs/v7_4_6_as006_gap_weaklink_v800_phase3_seed_1010/AS006_v7_4_6_gap_weaklink_scores.csv
AS006,crack_tunnel_a3_7_g0_1_p0_1,"tunnel/crack-like links, alpha=3.7, tau=0.1, p=0.1",tear_lane,crack_tunnel,conductance,3.7,0,0.1,0.1,0.909803921568628,0.1,0.100217864923747,1.12831925682015e-07,4.49200816512284e-07,0.118282978048986,142.661947735462,0.20707275867199,0.264644660896009,0.289186380687504,0.174110550296125,0.0470047783906539,0.221770158577276,0.29788422696831,0.320730078859425,0.15102683596531,0.0609053829574408,228.425039750313,237.016008034529,1010,v7.4.6,gap_tied_weak_links_phase3_seed,/Users/asewaket/Documents/LTSpice Superconducting Circuit/matlab_v7_4_6_files/outputs/v7_4_6_as006_gap_weaklink_v800_phase3_seed_1010/AS006_v7_4_6_gap_weaklink_scores.csv
AS006,crack_tunnel_a4_1_g0_1_p0_1,"tunnel/crack-like links, alpha=4.1, tau=0.1, p=0.1",tear_lane,crack_tunnel,conductance,4.1,0.999999999999997,0.1,0.1,0.909803921568628,0.1,0.100217864923747,1.25029971701692e-07,4.97763066946044e-07,0.131070327027255,142.661947735462,0.207388509206009,0.266119100489226,0.288869733620878,0.17444552751102,0.0472445023155072,0.222214620581569,0.300017860021649,0.320868037261595,0.150982327038656,0.060808268880083,227.947042894779,237.07611469688,1010,v7.4.6,gap_tied_weak_links_phase3_seed,/Users/asewaket/Documents/LTSpice Superconducting Circuit/matlab_v7_4_6_files/outputs/v7_4_6_as006_gap_weaklink_v800_phase3_seed_1010/AS006_v7_4_6_gap_weaklink_scores.csv
AS006,contact_relaxed_a3_7_g0_2_p0_3,"contact-relaxed SNS links, alpha=3.7, tau=0.2, p=0.3",contact_relaxation,contact_relaxed,conductance,3.7,0,0.2,0.3,0.759825708061001,0.2,0.300217864923747,1.36070834471442e-07,4.86361897134588e-07,0.049318360026171,112.125367342318,0.207699940330046,0.245487566713174,0.3249574615648,0.14237328314816,0.0463699732634561,0.363523413650847,0.460531567088908,0.347961076144135,0.556583221096054,0.0524245915430227,434.396442087821,412.056435550835,1010,v7.4.6,gap_tied_weak_links_phase3_seed,/Users/asewaket/Documents/LTSpice Superconducting Circuit/matlab_v7_4_6_files/outputs/v7_4_6_as006_gap_weaklink_v800_phase3_seed_1010/AS006_v7_4_6_gap_weaklink_scores.csv
AS006,combined_a3_3_g0_05_p0_05,"combined weak-link classes, alpha=3.3, tau=0.05, p=0.05",combined,boundary_constriction,conductance,3.3,1,0.05,0.05,0.95239651416122,0.05,0.0501089324618736,5.28146816601563e-08,3.85677464759003e-07,0.117259664929913,158.345082740024,0.207720190750325,0.264111375237544,0.292704358605893,0.171883506633211,0.0474025676622526,0.215121339288327,0.286041927633602,0.313595163897969,0.155064786534997,0.0469422488178388,240.038627644505,235.275573333332,1010,v7.4.6,gap_tied_weak_links_phase3_seed,/Users/asewaket/Documents/LTSpice Superconducting Circuit/matlab_v7_4_6_files/outputs/v7_4_6_as006_gap_weaklink_v800_phase3_seed_1010/AS006_v7_4_6_gap_weaklink_scores.csv
AS006,contact_relaxed_a3_3_g0_2_p0_3,"contact-relaxed SNS links, alpha=3.3, tau=0.2, p=0.3",contact_relaxation,contact_relaxed,conductance,3.3,1,0.2,0.3,0.759825708061001,0.2,0.300217864923747,1.21360473988043e-07,4.33782232579497e-07,0.0439866454287471,112.125367342318,0.208033401042985,0.238947743468203,0.331303520429105,0.139266821218079,0.0473545744731906,0.370710192718343,0.487987691020542,0.351501250416733,0.558405248510355,0.0524295237039489,438.467391099718,420.896122604275,1010,v7.4.6,gap_tied_weak_links_phase3_seed,/Users/asewaket/Documents/LTSpice Superconducting Circuit/matlab_v7_4_6_files/outputs/v7_4_6_as006_gap_weaklink_v800_phase3_seed_1010/AS006_v7_4_6_gap_weaklink_scores.csv
AS006,combined_a3_7_g0_05_p0_05,"combined weak-link classes, alpha=3.7, tau=0.05, p=0.05",combined,boundary_constriction,conductance,3.7,0,0.05,0.05,0.95239651416122,0.05,0.0501089324618736,5.92164612553267e-08,4.32426248366155e-07,0.13147295764869,158.345082740024,0.208419892688039,0.267150668457417,0.29233683957738,0.17241820447946,0.0478365701230367,0.215935083677708,0.289800220820339,0.313837386695818,0.155046818692119,0.0468512474853713,239.255405504713,235.457161044124,1010,v7.4.6,gap_tied_weak_links_phase3_seed,/Users/asewaket/Documents/LTSpice Superconducting Circuit/matlab_v7_4_6_files/outputs/v7_4_6_as006_gap_weaklink_v800_phase3_seed_1010/AS006_v7_4_6_gap_weaklink_scores.csv
AS006,combined_a3_3_g0_1_p0_05,"combined weak-link classes, alpha=3.3, tau=0.1, p=0.05",combined,boundary_constriction,conductance,3.3,1,0.1,0.05,0.954901960784314,0.1,0.0501089324618736,1.04084186813793e-07,3.80035664610756e-07,0.117259664929913,160.69578661986,0.208666412060141,0.267669324930752,0.295222210281686,0.169821669407726,0.0467467806173453,0.215747130190026,0.2879003536196,0.31453923061243,0.154650385973536,0.0470786612918566,240.307062044328,236.556165644012,1010,v7.4.6,gap_tied_weak_links_phase3_seed,/Users/asewaket/Documents/LTSpice Superconducting Circuit/matlab_v7_4_6_files/outputs/v7_4_6_as006_gap_weaklink_v800_phase3_seed_1010/AS006_v7_4_6_gap_weaklink_scores.csv
AS006,crack_tunnel_a3_3_g0_2_p0_1,"tunnel/crack-like links, alpha=3.3, tau=0.2, p=0.1",tear_lane,crack_tunnel,conductance,3.3,1,0.2,0.1,0.919825708061001,0.2,0.100217864923747,1.90264454467343e-07,3.79048442624226e-07,0.105495629070717,150.912321705044,0.208695930830433,0.269280133743424,0.295810084964169,0.167926851050729,0.0466233079080338,0.218957787577717,0.291908303178002,0.317482451610183,0.152450812068799,0.056722829306763,235.271464488966,239.532344117732,1010,v7.4.6,gap_tied_weak_links_phase3_seed,/Users/asewaket/Documents/LTSpice Superconducting Circuit/matlab_v7_4_6_files/outputs/v7_4_6_as006_gap_weaklink_v800_phase3_seed_1010/AS006_v7_4_6_gap_weaklink_scores.csv
AS006,combined_a4_1_g0_05_p0_05,"combined weak-link classes, alpha=4.1, tau=0.05, p=0.05",combined,boundary_constriction,conductance,4.1,0.999999999999997,0.05,0.05,0.95239651416122,0.05,0.0501089324618736,6.56182408504972e-08,4.79175031973306e-07,0.145686250367468,158.345082740024,0.208843947336048,0.268956110189702,0.292019355239706,0.172815782323279,0.048210026916954,0.216443526168789,0.292196377042153,0.313969421177213,0.155028191283846,0.0467895276368607,238.71710799636,235.548005231168,1010,v7.4.6,gap_tied_weak_links_phase3_seed,/Users/asewaket/Documents/LTSpice Superconducting Circuit/matlab_v7_4_6_files/outputs/v7_4_6_as006_gap_weaklink_v800_phase3_seed_1010/AS006_v7_4_6_gap_weaklink_scores.csv
AS006,crack_tunnel_a3_7_g0_2_p0_1,"tunnel/crack-like links, alpha=3.7, tau=0.2, p=0.1",tear_lane,crack_tunnel,conductance,3.7,0,0.2,0.1,0.919825708061001,0.2,0.100217864923747,2.13326812584597e-07,4.2499370839686e-07,0.118282978048986,150.912321705044,0.209134625201753,0.271731070211002,0.295452753380474,0.16820364643294,0.0466451793407568,0.219588390273328,0.295019931952978,0.317661714125439,0.152338378549107,0.0565910465077617,234.55214502653,239.766715304839,1010,v7.4.6,gap_tied_weak_links_phase3_seed,/Users/asewaket/Documents/LTSpice Superconducting Circuit/matlab_v7_4_6_files/outputs/v7_4_6_as006_gap_weaklink_v800_phase3_seed_1010/AS006_v7_4_6_gap_weaklink_scores.csv
AS006,combined_a3_7_g0_1_p0_05,"combined weak-link classes, alpha=3.7, tau=0.1, p=0.05",combined,boundary_constriction,conductance,3.7,0,0.1,0.05,0.954901960784314,0.1,0.0501089324618736,1.16700451882131e-07,4.26100593654484e-07,0.13147295764869,160.69578661986,0.209193763582444,0.270328075127727,0.29472649206674,0.170361131904369,0.0469179667872349,0.216483205328283,0.291368609669215,0.314724292556095,0.15461431001357,0.0470120174820682,239.456523196237,236.7448356873,1010,v7.4.6,gap_tied_weak_links_phase3_seed,/Users/asewaket/Documents/LTSpice Superconducting Circuit/matlab_v7_4_6_files/outputs/v7_4_6_as006_gap_weaklink_v800_phase3_seed_1010/AS006_v7_4_6_gap_weaklink_scores.csv
AS006,boundary_sns_a3_3_g0_1_p0_2,"SNS-like boundary constriction, alpha=3.3, tau=0.1, p=0.2",boundary_lane,boundary_constriction,conductance,3.3,1,0.1,0.2,0.800784313725492,0.1,0.221350762527233,1.20424429225093e-07,4.14506256493406e-07,0.111253010248512,120.970121664897,0.20925393778255,0.269443816821918,0.292187212717299,0.173520359336452,0.048597800664997,0.294208191136206,0.432967988123068,0.446687434758927,0.16829035969944,0.046007007105542,181.895118198895,182.313207215822,1010,v7.4.6,gap_tied_weak_links_phase3_seed,/Users/asewaket/Documents/LTSpice Superconducting Circuit/matlab_v7_4_6_files/outputs/v7_4_6_as006_gap_weaklink_v800_phase3_seed_1010/AS006_v7_4_6_gap_weaklink_scores.csv
AS006,crack_tunnel_a4_1_g0_2_p0_1,"tunnel/crack-like links, alpha=4.1, tau=0.2, p=0.1",tear_lane,crack_tunnel,conductance,4.1,0.999999999999997,0.2,0.1,0.919825708061001,0.2,0.100217864923747,2.3638917070185e-07,4.70938974169493e-07,0.131070327027255,150.912321705044,0.209380766081972,0.273098246647166,0.295025102079725,0.168516599443167,0.0468659058192166,0.21998251585137,0.29706148363597,0.317749207715217,0.152246993141831,0.0564812406919603,233.851414672303,239.995208500416,1010,v7.4.6,gap_tied_weak_links_phase3_seed,/Users/asewaket/Documents/LTSpice Superconducting Circuit/matlab_v7_4_6_files/outputs/v7_4_6_as006_gap_weaklink_v800_phase3_seed_1010/AS006_v7_4_6_gap_weaklink_scores.csv
AS006,contact_relaxed_a3_3_g0_2_p0_2,"contact-relaxed SNS links, alpha=3.3, tau=0.2, p=0.2",contact_relaxation,contact_relaxed,conductance,3.3,1,0.2,0.2,0.839999999999998,0.2,0.2,9.47908549937541e-08,4.1958072147099e-07,0.0408861332342556,133.135717099422,0.209427703893018,0.261913730018758,0.313140409092764,0.1524617769484,0.0466518523484964,0.198762247607615,0.203828114610985,0.232615631940291,0.264226730120918,0.0526223548804308,310.308111793045,294.955416206131,1010,v7.4.6,gap_tied_weak_links_phase3_seed,/Users/asewaket/Documents/LTSpice Superconducting Circuit/matlab_v7_4_6_files/outputs/v7_4_6_as006_gap_weaklink_v800_phase3_seed_1010/AS006_v7_4_6_gap_weaklink_scores.csv
AS006,boundary_sns_a3_7_g0_1_p0_2,"SNS-like boundary constriction, alpha=3.7, tau=0.1, p=0.2",boundary_lane,boundary_constriction,conductance,3.7,0,0.1,0.2,0.800784313725492,0.1,0.221350762527233,1.35021329737226e-07,4.64749439098668e-07,0.124738223611968,120.970121664897,0.209494814719584,0.270954493240925,0.291978085807071,0.173687121007963,0.0484490289346688,0.294719630807619,0.435164034078503,0.446794900932313,0.168411919198169,0.0460281443303317,181.85183483309,182.140118474471,1010,v7.4.6,gap_tied_weak_links_phase3_seed,/Users/asewaket/Documents/LTSpice Superconducting Circuit/matlab_v7_4_6_files/outputs/v7_4_6_as006_gap_weaklink_v800_phase3_seed_1010/AS006_v7_4_6_gap_weaklink_scores.csv
AS006,combined_a4_1_g0_1_p0_05,"combined weak-link classes, alpha=4.1, tau=0.1, p=0.05",combined,boundary_constriction,conductance,4.1,0.999999999999997,0.1,0.05,0.954901960784314,0.1,0.0501089324618736,1.2931671695047e-07,4.72165522698212e-07,0.145686250367468,160.69578661986,0.209495892053297,0.271785432122925,0.294211749917644,0.170852638468909,0.0472576677015495,0.216938295961518,0.293584611362926,0.314811626497715,0.154573334360256,0.0469698541233434,238.713191898265,236.896472234081,1010,v7.4.6,gap_tied_weak_links_phase3_seed,/Users/asewaket/Documents/LTSpice Superconducting Circuit/matlab_v7_4_6_files/outputs/v7_4_6_as006_gap_weaklink_v800_phase3_seed_1010/AS006_v7_4_6_gap_weaklink_scores.csv
AS006,boundary_sns_a4_1_g0_1_p0_2,"SNS-like boundary constriction, alpha=4.1, tau=0.1, p=0.2",boundary_lane,boundary_constriction,conductance,4.1,0.999999999999997,0.1,0.2,0.800784313725492,0.1,0.221350762527233,1.49618230249358e-07,5.14992621703929e-07,0.138223436975424,120.970121664897,0.209686529541094,0.272198723716441,0.291729294989767,0.173880785442525,0.048356675953779,0.29520094684403,0.43722836126844,0.446867238056917,0.168517902162061,0.0461113286495267,181.802475586649,181.96559256762,1010,v7.4.6,gap_tied_weak_links_phase3_seed,/Users/asewaket/Documents/LTSpice Superconducting Circuit/matlab_v7_4_6_files/outputs/v7_4_6_as006_gap_weaklink_v800_phase3_seed_1010/AS006_v7_4_6_gap_weaklink_scores.csv
AS006,boundary_sns_a3_3_g0_2_p0_2,"SNS-like boundary constriction, alpha=3.3, tau=0.2, p=0.2",boundary_lane,boundary_constriction,conductance,3.3,1,0.2,0.2,0.822919389978212,0.2,0.221350762527233,2.18840716408303e-07,3.81129050951095e-07,0.111253010248512,133.135717099422,0.209711481990192,0.272701198474313,0.295609997161977,0.169415080348319,0.0467698660077902,0.274501088035702,0.402039027117661,0.418059334564388,0.151799208196726,0.0491135673272635,198.535961835649,190.765096035607,1010,v7.4.6,gap_tied_weak_links_phase3_seed,/Users/asewaket/Documents/LTSpice Superconducting Circuit/matlab_v7_4_6_files/outputs/v7_4_6_as006_gap_weaklink_v800_phase3_seed_1010/AS006_v7_4_6_gap_weaklink_scores.csv
AS006,boundary_sns_a3_7_g0_2_p0_2,"SNS-like boundary constriction, alpha=3.7, tau=0.2, p=0.2",boundary_lane,boundary_constriction,conductance,3.7,0,0.2,0.2,0.822919389978212,0.2,0.221350762527233,2.45366863851733e-07,4.2732651167244e-07,0.124738223611968,133.135717099422,0.209827938556432,0.273861077541262,0.294959792134159,0.169917501161795,0.0467021025538738,0.274997145258223,0.404258016963801,0.418171282333483,0.151874703911041,0.0490845853549176,198.281394325268,190.460256401735,1010,v7.4.6,gap_tied_weak_links_phase3_seed,/Users/asewaket/Documents/LTSpice Superconducting Circuit/matlab_v7_4_6_files/outputs/v7_4_6_as006_gap_weaklink_v800_phase3_seed_1010/AS006_v7_4_6_gap_weaklink_scores.csv
AS006,boundary_sns_a4_1_g0_2_p0_2,"SNS-like boundary constriction, alpha=4.1, tau=0.2, p=0.2",boundary_lane,boundary_constriction,conductance,4.1,0.999999999999997,0.2,0.2,0.822919389978212,0.2,0.221350762527233,2.71893011295164e-07,4.73523972393785e-07,0.138223436975424,133.135717099422,0.209863295019596,0.274594127178067,0.294209681587319,0.170527037329593,0.0466966084801133,0.275443347296409,0.40627818620738,0.418240947353018,0.151948677299155,0.0490810457829388,197.983682034909,190.13886737987,1010,v7.4.6,gap_tied_weak_links_phase3_seed,/Users/asewaket/Documents/LTSpice Superconducting Circuit/matlab_v7_4_6_files/outputs/v7_4_6_as006_gap_weaklink_v800_phase3_seed_1010/AS006_v7_4_6_gap_weaklink_scores.csv
AS006,boundary_sns_a4_1_g0_4_p0_3,"SNS-like boundary constriction, alpha=4.1, tau=0.4, p=0.3",boundary_lane,boundary_constriction,conductance,4.1,0.999999999999997,0.4,0.3,0.810457516339867,0.4,0.315904139433551,4.74996074707158e-07,5.00343114183425e-07,0.120750226327709,135.548731883657,0.209947278562692,0.277976968821415,0.29775635736341,0.163289000643435,0.0465745478017832,0.261071490409979,0.381401916892853,0.396303617174933,0.142467962217407,0.052339252329148,210.485256915859,199.015571388657,1010,v7.4.6,gap_tied_weak_links_phase3_seed,/Users/asewaket/Documents/LTSpice Superconducting Circuit/matlab_v7_4_6_files/outputs/v7_4_6_as006_gap_weaklink_v800_phase3_seed_1010/AS006_v7_4_6_gap_weaklink_scores.csv
AS006,contact_relaxed_a3_7_g0_2_p0_2,"contact-relaxed SNS links, alpha=3.7, tau=0.2, p=0.2",contact_relaxation,contact_relaxed,conductance,3.7,0,0.2,0.2,0.839999999999998,0.2,0.2,1.06280655599058e-07,4.70438990740202e-07,0.0458420281717411,133.135717099422,0.210312580095081,0.268222740838246,0.310444811498948,0.154510421539412,0.0469237125897319,0.199147857318507,0.206038250669995,0.232800735064788,0.263722142659738,0.0526470712344886,307.875116119264,293.422589323954,1010,v7.4.6,gap_tied_weak_links_phase3_seed,/Users/asewaket/Documents/LTSpice Superconducting Circuit/matlab_v7_4_6_files/outputs/v7_4_6_as006_gap_weaklink_v800_phase3_seed_1010/AS006_v7_4_6_gap_weaklink_scores.csv
AS006,combined_a3_3_g0_4_p0_2,"combined weak-link classes, alpha=3.3, tau=0.4, p=0.2",combined,boundary_constriction,conductance,3.3,1,0.4,0.2,0.879999999999999,0.4,0.2,3.86426376706389e-07,3.91498926178455e-07,0.10950850422832,150.696070822996,0.210629796643606,0.27633755680616,0.303718479302693,0.158697494904518,0.0469322190015098,0.220115914238805,0.299504263329276,0.326097262106628,0.145188147596825,0.0489199146821189,241.876451073959,232.81641640777,1010,v7.4.6,gap_tied_weak_links_phase3_seed,/Users/asewaket/Documents/LTSpice Superconducting Circuit/matlab_v7_4_6_files/outputs/v7_4_6_as006_gap_weaklink_v800_phase3_seed_1010/AS006_v7_4_6_gap_weaklink_scores.csv
AS006,boundary_sns_a3_7_g0_4_p0_3,"SNS-like boundary constriction, alpha=3.7, tau=0.4, p=0.3",boundary_lane,boundary_constriction,conductance,3.7,0,0.4,0.3,0.810457516339867,0.4,0.315904139433551,4.28654994247924e-07,4.51529151824066e-07,0.108969716442079,135.548731883657,0.210635459825579,0.279329213450423,0.3004906357497,0.161102257335348,0.0466116514463129,0.260618690899317,0.37932763855908,0.396221711697502,0.142413376034607,0.0523611004236177,211.671716049409,200.120604654362,1010,v7.4.6,gap_tied_weak_links_phase3_seed,/Users/asewaket/Documents/LTSpice Superconducting Circuit/matlab_v7_4_6_files/outputs/v7_4_6_as006_gap_weaklink_v800_phase3_seed_1010/AS006_v7_4_6_gap_weaklink_scores.csv
AS006,combined_a4_1_g0_4_p0_2,"combined weak-link classes, alpha=4.1, tau=0.4, p=0.2",combined,boundary_constriction,conductance,4.1,0.999999999999997,0.4,0.2,0.879999999999999,0.4,0.2,4.8010549833218e-07,4.86407756767171e-07,0.136056020404883,150.696070822996,0.210667838404126,0.278423198002753,0.301099050280287,0.16084946656264,0.0469308228240743,0.221336063140011,0.304955588275821,0.326561631765604,0.1451119157313,0.0488519771703007,240.32784611422,231.482917888345,1010,v7.4.6,gap_tied_weak_links_phase3_seed,/Users/asewaket/Documents/LTSpice Superconducting Circuit/matlab_v7_4_6_files/outputs/v7_4_6_as006_gap_weaklink_v800_phase3_seed_1010/AS006_v7_4_6_gap_weaklink_scores.csv
AS006,combined_a3_3_g0_2_p0_05,"combined weak-link classes, alpha=3.3, tau=0.2, p=0.05",combined,boundary_constriction,conductance,3.3,1,0.2,0.05,0.959912854030501,0.2,0.0501089324618736,2.03168294458848e-07,3.70907436451579e-07,0.117259664929913,164.650594909815,0.210743409885801,0.274726692066272,0.300813475772368,0.164748345745316,0.0466313425794423,0.217493300494834,0.292681205566574,0.318024672521119,0.152314772214228,0.0478486547278507,241.13335050912,237.919983686064,1010,v7.4.6,gap_tied_weak_links_phase3_seed,/Users/asewaket/Documents/LTSpice Superconducting Circuit/matlab_v7_4_6_files/outputs/v7_4_6_as006_gap_weaklink_v800_phase3_seed_1010/AS006_v7_4_6_gap_weaklink_scores.csv
AS006,combined_a4_1_g0_4_p0_3,"combined weak-link classes, alpha=4.1, tau=0.4, p=0.3",combined,boundary_constriction,conductance,4.1,0.999999999999997,0.4,0.3,0.81986928104575,0.4,0.300217864923747,4.45805615065019e-07,5.13530261046858e-07,0.116790901674619,135.548731883657,0.210775687496747,0.279254361131123,0.302279546663159,0.158881719280929,0.0470327205909197,0.220111309953635,0.30295505188583,0.325182225270205,0.14498270105931,0.0473042273353501,240.509946060248,233.762956516578,1010,v7.4.6,gap_tied_weak_links_phase3_seed,/Users/asewaket/Documents/LTSpice Superconducting Circuit/matlab_v7_4_6_files/outputs/v7_4_6_as006_gap_weaklink_v800_phase3_seed_1010/AS006_v7_4_6_gap_weaklink_scores.csv
AS006,combined_a3_7_g0_4_p0_2,"combined weak-link classes, alpha=3.7, tau=0.4, p=0.2",combined,boundary_constriction,conductance,3.7,0,0.4,0.2,0.879999999999999,0.4,0.2,4.33265937519284e-07,4.38953341472813e-07,0.122782262316601,150.696070822996,0.210828264714017,0.27807960328401,0.302674669269596,0.159582041031907,0.0469034977743989,0.220832916842389,0.302679054864853,0.326388741098229,0.14514286274438,0.0488766539947183,241.216400661891,232.235535217417,1010,v7.4.6,gap_tied_weak_links_phase3_seed,/Users/asewaket/Documents/LTSpice Superconducting Circuit/matlab_v7_4_6_files/outputs/v7_4_6_as006_gap_weaklink_v800_phase3_seed_1010/AS006_v7_4_6_gap_weaklink_scores.csv
AS006,combined_a3_3_g0_4_p0_3,"combined weak-link classes, alpha=3.3, tau=0.4, p=0.3",combined,boundary_constriction,conductance,3.3,1,0.4,0.3,0.81986928104575,0.4,0.300217864923747,3.58819153588918e-07,4.1332923450113e-07,0.0940024330551813,135.548731883657,0.210904709162189,0.277237664198442,0.305702999929607,0.15624104832466,0.0470043213298653,0.218745910152835,0.296785864676435,0.324728594381776,0.145056070467253,0.0473485578355663,242.42497561217,235.47704108453,1010,v7.4.6,gap_tied_weak_links_phase3_seed,/Users/asewaket/Documents/LTSpice Superconducting Circuit/matlab_v7_4_6_files/outputs/v7_4_6_as006_gap_weaklink_v800_phase3_seed_1010/AS006_v7_4_6_gap_weaklink_scores.csv
AS006,combined_a3_7_g0_2_p0_05,"combined weak-link classes, alpha=3.7, tau=0.2, p=0.05",combined,boundary_constriction,conductance,3.7,0,0.2,0.05,0.959912854030501,0.2,0.0501089324618736,2.27794754393254e-07,4.15865913597225e-07,0.13147295764869,164.650594909815,0.211037663840942,0.276805067708129,0.300059919449137,0.165352789964856,0.0465874050045231,0.218130644670321,0.295790965570113,0.318171733622849,0.152226634582723,0.0477784307131019,240.129249032684,238.05911667775,1010,v7.4.6,gap_tied_weak_links_phase3_seed,/Users/asewaket/Documents/LTSpice Superconducting Circuit/matlab_v7_4_6_files/outputs/v7_4_6_as006_gap_weaklink_v800_phase3_seed_1010/AS006_v7_4_6_gap_weaklink_scores.csv
AS006,combined_a3_7_g0_4_p0_3,"combined weak-link classes, alpha=3.7, tau=0.4, p=0.3",combined,boundary_constriction,conductance,3.7,0,0.4,0.3,0.81986928104575,0.4,0.300217864923747,4.02312384326968e-07,4.63429747773994e-07,0.1053966673649,135.548731883657,0.211049314560597,0.279027283490015,0.304326687495378,0.157322605141585,0.0469943297690748,0.219533910910092,0.300317831383586,0.3250095897346,0.145018298554889,0.0473120679377152,241.610375051839,234.745354016356,1010,v7.4.6,gap_tied_weak_links_phase3_seed,/Users/asewaket/Documents/LTSpice Superconducting Circuit/matlab_v7_4_6_files/outputs/v7_4_6_as006_gap_weaklink_v800_phase3_seed_1010/AS006_v7_4_6_gap_weaklink_scores.csv
AS006,combined_a4_1_g0_2_p0_05,"combined weak-link classes, alpha=4.1, tau=0.2, p=0.05",combined,boundary_constriction,conductance,4.1,0.999999999999997,0.2,0.05,0.959912854030501,0.2,0.0501089324618736,2.5242121432766e-07,4.60824390742871e-07,0.145686250367468,164.650594909815,0.211054482738494,0.27752482292907,0.298969532658439,0.166229775972265,0.0467636886458004,0.218534377687228,0.297840289423542,0.318237620176559,0.152153685951691,0.0477236562640028,239.089189220684,237.976074628001,1010,v7.4.6,gap_tied_weak_links_phase3_seed,/Users/asewaket/Documents/LTSpice Superconducting Circuit/matlab_v7_4_6_files/outputs/v7_4_6_as006_gap_weaklink_v800_phase3_seed_1010/AS006_v7_4_6_gap_weaklink_scores.csv
AS006,boundary_sns_a3_3_g0_05_p0_2,"SNS-like boundary constriction, alpha=3.3, tau=0.05, p=0.2",boundary_lane,boundary_constriction,conductance,3.3,1,0.05,0.2,0.78971677559913,0.05,0.221350762527233,6.46977075741617e-08,4.45384790159882e-07,0.111253010248512,112.58326145549,0.211103645596346,0.271288842225506,0.293717768073581,0.173472895117473,0.0533821727306156,0.311962315294231,0.452128364374835,0.464571630807105,0.18130930283298,0.0680462296426642,166.299296591628,185.299058758721,1010,v7.4.6,gap_tied_weak_links_phase3_seed,/Users/asewaket/Documents/LTSpice Superconducting Circuit/matlab_v7_4_6_files/outputs/v7_4_6_as006_gap_weaklink_v800_phase3_seed_1010/AS006_v7_4_6_gap_weaklink_scores.csv
AS006,boundary_sns_a3_3_g0_4_p0_3,"SNS-like boundary constriction, alpha=3.3, tau=0.4, p=0.3",boundary_lane,boundary_constriction,conductance,3.3,1,0.4,0.3,0.810457516339867,0.4,0.315904139433551,3.82313913788689e-07,4.02715189464708e-07,0.0971892065564487,135.548731883657,0.211138503299894,0.279900199913056,0.302832692125783,0.15930424005624,0.0467048052959924,0.26009970743917,0.377043570636155,0.396071749303094,0.142355348381845,0.0523852198019733,212.675995002368,201.122688618857,1010,v7.4.6,gap_tied_weak_links_phase3_seed,/Users/asewaket/Documents/LTSpice Superconducting Circuit/matlab_v7_4_6_files/outputs/v7_4_6_as006_gap_weaklink_v800_phase3_seed_1010/AS006_v7_4_6_gap_weaklink_scores.csv
AS006,contact_relaxed_a4_1_g0_2_p0_2,"contact-relaxed SNS links, alpha=4.1, tau=0.2, p=0.2",contact_relaxation,contact_relaxed,conductance,4.1,0.999999999999997,0.2,0.2,0.839999999999998,0.2,0.2,1.17770456204361e-07,5.21297260009412e-07,0.0507979231092266,133.135717099422,0.211364619913635,0.27388350632666,0.309474658573933,0.155372887866708,0.0471428309037481,0.199475525722894,0.2079887575964,0.232878640260623,0.263349034701274,0.05266495718539,306.76351872806,292.872097502132,1010,v7.4.6,gap_tied_weak_links_phase3_seed,/Users/asewaket/Documents/LTSpice Superconducting Circuit/matlab_v7_4_6_files/outputs/v7_4_6_as006_gap_weaklink_v800_phase3_seed_1010/AS006_v7_4_6_gap_weaklink_scores.csv
AS006,crack_tunnel_a3_3_g0_05_p0_05,"tunnel/crack-like links, alpha=3.3, tau=0.05, p=0.05",tear_lane,crack_tunnel,conductance,3.3,1,0.05,0.05,0.951982570806101,0.05,0.0505446623093682,4.99411679362691e-08,3.85540185130786e-07,0.116325323082282,158.345082740024,0.211390429245933,0.27604505645241,0.301494766876025,0.16509931769809,0.0469171006216011,0.222822645724089,0.298965114327947,0.323347121749792,0.150981337051985,0.0605639799153814,234.25637622492,240.458120302178,1010,v7.4.6,gap_tied_weak_links_phase3_seed,/Users/asewaket/Documents/LTSpice Superconducting Circuit/matlab_v7_4_6_files/outputs/v7_4_6_as006_gap_weaklink_v800_phase3_seed_1010/AS006_v7_4_6_gap_weaklink_scores.csv
AS006,crack_tunnel_a3_3_g0_4_p0_2,"tunnel/crack-like links, alpha=3.3, tau=0.4, p=0.2",tear_lane,crack_tunnel,conductance,3.3,1,0.4,0.2,0.879738562091502,0.4,0.200435729847495,3.18748711251537e-07,3.70183754633024e-07,0.0867060016653104,150.696070822996,0.211504118083153,0.279908047295677,0.306515628111276,0.155600635706396,0.0467093992923596,0.208177069734557,0.270457287882428,0.29717004593492,0.162870075861704,0.0467928855771173,254.314661436275,251.103354124542,1010,v7.4.6,gap_tied_weak_links_phase3_seed,/Users/asewaket/Documents/LTSpice Superconducting Circuit/matlab_v7_4_6_files/outputs/v7_4_6_as006_gap_weaklink_v800_phase3_seed_1010/AS006_v7_4_6_gap_weaklink_scores.csv
AS006,boundary_sns_a3_7_g0_05_p0_2,"SNS-like boundary constriction, alpha=3.7, tau=0.05, p=0.2",boundary_lane,boundary_constriction,conductance,3.7,0,0.05,0.2,0.78971677559913,0.05,0.221350762527233,7.25398539467874e-08,4.99370825330777e-07,0.124738223611968,112.58326145549,0.211550193604665,0.273098987797006,0.293822761133528,0.173503904643938,0.0535822674377213,0.312500445014381,0.454529199000245,0.464803573699021,0.181505456116945,0.0676849519521903,166.302948437459,185.183332371565,1010,v7.4.6,gap_tied_weak_links_phase3_seed,/Users/asewaket/Documents/LTSpice Superconducting Circuit/matlab_v7_4_6_files/outputs/v7_4_6_as006_gap_weaklink_v800_phase3_seed_1010/AS006_v7_4_6_gap_weaklink_scores.csv
AS006,crack_tunnel_a3_3_g0_4_p0_3,"tunnel/crack-like links, alpha=3.3, tau=0.4, p=0.3",tear_lane,crack_tunnel,conductance,3.3,1,0.4,0.3,0.819869281045749,0.4,0.300217864923747,3.16880567056712e-07,3.8487112042927e-07,0.0791451236553,135.548731883657,0.211722077209292,0.281245105823526,0.308225068961909,0.152278823797685,0.047622879792487,0.205360782149055,0.261663692856059,0.288455673831808,0.168295972087499,0.0499728235741808,256.669738170182,259.447945095419,1010,v7.4.6,gap_tied_weak_links_phase3_seed,/Users/asewaket/Documents/LTSpice Superconducting Circuit/matlab_v7_4_6_files/outputs/v7_4_6_as006_gap_weaklink_v800_phase3_seed_1010/AS006_v7_4_6_gap_weaklink_scores.csv
AS006,combined_a3_3_g0_4_p0_1,"combined weak-link classes, alpha=3.3, tau=0.4, p=0.1",combined,boundary_constriction,conductance,3.3,1,0.4,0.1,0.939869281045751,0.4,0.100217864923747,3.75573389171542e-07,3.78046823209844e-07,0.111670639609101,162.512050831654,0.211841338277247,0.27940580819854,0.305430367507925,0.159040175146899,0.0464975211152002,0.219341464448544,0.298958466340512,0.324227609572311,0.147081422058132,0.0464987615779996,242.08477961848,235.760418272263,1010,v7.4.6,gap_tied_weak_links_phase3_seed,/Users/asewaket/Documents/LTSpice Superconducting Circuit/matlab_v7_4_6_files/outputs/v7_4_6_as006_gap_weaklink_v800_phase3_seed_1010/AS006_v7_4_6_gap_weaklink_scores.csv
AS006,crack_tunnel_a3_7_g0_05_p0_05,"tunnel/crack-like links, alpha=3.7, tau=0.05, p=0.05",tear_lane,crack_tunnel,conductance,3.7,0,0.05,0.05,0.951982570806101,0.05,0.0505446623093682,5.5994642837635e-08,4.32272328783003e-07,0.13042536224377,158.345082740024,0.211852392853413,0.278405309351215,0.301275879134846,0.16541721661324,0.0468523456633202,0.223462487496173,0.301915702965267,0.323593147764439,0.150957071491056,0.0604123865640121,233.660067061711,240.622510455727,1010,v7.4.6,gap_tied_weak_links_phase3_seed,/Users/asewaket/Documents/LTSpice Superconducting Circuit/matlab_v7_4_6_files/outputs/v7_4_6_as006_gap_weaklink_v800_phase3_seed_1010/AS006_v7_4_6_gap_weaklink_scores.csv
AS006,crack_tunnel_a4_1_g0_05_p0_05,"tunnel/crack-like links, alpha=4.1, tau=0.05, p=0.05",tear_lane,crack_tunnel,conductance,4.1,0.999999999999997,0.05,0.05,0.951982570806101,0.05,0.0505446623093682,6.20481177390009e-08,4.79004472435219e-07,0.144525401405259,158.345082740024,0.211883084799035,0.278943844895296,0.300147534998703,0.16646414667191,0.0471332095122634,0.223895501102413,0.303937371744072,0.323737319315333,0.150942258807382,0.060322001456934,232.374267793204,240.689924559196,1010,v7.4.6,gap_tied_weak_links_phase3_seed,/Users/asewaket/Documents/LTSpice Superconducting Circuit/matlab_v7_4_6_files/outputs/v7_4_6_as006_gap_weaklink_v800_phase3_seed_1010/AS006_v7_4_6_gap_weaklink_scores.csv
AS006,boundary_sns_a4_1_g0_05_p0_2,"SNS-like boundary constriction, alpha=4.1, tau=0.05, p=0.2",boundary_lane,boundary_constriction,conductance,4.1,0.999999999999997,0.05,0.2,0.78971677559913,0.05,0.221350762527233,8.0382000319413e-08,5.53356860501671e-07,0.138223436975424,112.58326145549,0.211933161351989,0.274714023217047,0.29386875362401,0.173556971164586,0.053735250745146,0.313017244144288,0.456734682911209,0.464977139642303,0.181666265192327,0.0675587119457907,166.310020552117,185.065080067788,1010,v7.4.6,gap_tied_weak_links_phase3_seed,/Users/asewaket/Documents/LTSpice Superconducting Circuit/matlab_v7_4_6_files/outputs/v7_4_6_as006_gap_weaklink_v800_phase3_seed_1010/AS006_v7_4_6_gap_weaklink_scores.csv
AS006,combined_a4_1_g0_4_p0_1,"combined weak-link classes, alpha=4.1, tau=0.4, p=0.1",combined,boundary_constriction,conductance,4.1,0.999999999999997,0.4,0.1,0.939869281045751,0.4,0.100217864923747,4.66621483516158e-07,4.69694537927382e-07,0.138742309817368,162.512050831654,0.211935313916304,0.281697979046963,0.303009530561309,0.160922422590323,0.0465588838143656,0.220461277148213,0.304224319297362,0.324540401507799,0.14697205297293,0.0464212975888919,240.392968675242,234.85749003166,1010,v7.4.6,gap_tied_weak_links_phase3_seed,/Users/asewaket/Documents/LTSpice Superconducting Circuit/matlab_v7_4_6_files/outputs/v7_4_6_as006_gap_weaklink_v800_phase3_seed_1010/AS006_v7_4_6_gap_weaklink_scores.csv
AS006,crack_tunnel_a4_1_g0_4_p0_2,"tunnel/crack-like links, alpha=4.1, tau=0.4, p=0.2",tear_lane,crack_tunnel,conductance,4.1,0.999999999999997,0.4,0.2,0.879738562091502,0.4,0.200435729847495,3.96021126100395e-07,4.59925270907696e-07,0.107725638432658,150.696070822996,0.211993386439346,0.283305825301145,0.304822683210319,0.156906691906205,0.047088046394771,0.209287169388893,0.275853348826198,0.297518649037477,0.162591211337042,0.0466858481313789,252.730701060163,250.581966455619,1010,v7.4.6,gap_tied_weak_links_phase3_seed,/Users/asewaket/Documents/LTSpice Superconducting Circuit/matlab_v7_4_6_files/outputs/v7_4_6_as006_gap_weaklink_v800_phase3_seed_1010/AS006_v7_4_6_gap_weaklink_scores.csv
AS006,crack_tunnel_a3_7_g0_4_p0_2,"tunnel/crack-like links, alpha=3.7, tau=0.4, p=0.2",tear_lane,crack_tunnel,conductance,3.7,0,0.4,0.2,0.879738562091502,0.4,0.200435729847495,3.57384918675966e-07,4.1505451277036e-07,0.0972158200489844,150.696070822996,0.212057091037931,0.282707607884328,0.306129147084475,0.155944877433565,0.0469207431155412,0.208883921123186,0.273842095448307,0.297399527223162,0.162707028003331,0.0467445525229271,253.674192931077,251.090424043727,1010,v7.4.6,gap_tied_weak_links_phase3_seed,/Users/asewaket/Documents/LTSpice Superconducting Circuit/matlab_v7_4_6_files/outputs/v7_4_6_as006_gap_weaklink_v800_phase3_seed_1010/AS006_v7_4_6_gap_weaklink_scores.csv
AS006,crack_tunnel_a4_1_g0_4_p0_3,"tunnel/crack-like links, alpha=4.1, tau=0.4, p=0.3",tear_lane,crack_tunnel,conductance,4.1,0.999999999999997,0.4,0.3,0.819869281045749,0.4,0.300217864923747,3.93700098464399e-07,4.78173210230305e-07,0.098331820299009,135.548731883657,0.212067685424693,0.284384426144956,0.306081727116751,0.153987738264864,0.0478263056931164,0.206512352227632,0.267178439228141,0.288934208313352,0.16799308712417,0.0497570984564388,255.100836718323,258.248834163232,1010,v7.4.6,gap_tied_weak_links_phase3_seed,/Users/asewaket/Documents/LTSpice Superconducting Circuit/matlab_v7_4_6_files/outputs/v7_4_6_as006_gap_weaklink_v800_phase3_seed_1010/AS006_v7_4_6_gap_weaklink_scores.csv
AS006,combined_a3_7_g0_4_p0_1,"combined weak-link classes, alpha=3.7, tau=0.4, p=0.1",combined,boundary_constriction,conductance,3.7,0,0.4,0.1,0.939869281045751,0.4,0.100217864923747,4.2109743634385e-07,4.23870680568613e-07,0.125206474713235,162.512050831654,0.212089624634963,0.281357279214742,0.304495878997586,0.159775950039539,0.0465031181648737,0.220023538828347,0.302133898829098,0.324431374153846,0.147018055728972,0.0464563208821915,241.367018449333,235.40424346337,1010,v7.4.6,gap_tied_weak_links_phase3_seed,/Users/asewaket/Documents/LTSpice Superconducting Circuit/matlab_v7_4_6_files/outputs/v7_4_6_as006_gap_weaklink_v800_phase3_seed_1010/AS006_v7_4_6_gap_weaklink_scores.csv
AS006,crack_tunnel_a3_7_g0_4_p0_3,"tunnel/crack-like links, alpha=3.7, tau=0.4, p=0.3",tear_lane,crack_tunnel,conductance,3.7,0,0.4,0.3,0.819869281045749,0.4,0.300217864923747,3.55290332760555e-07,4.31522165329788e-07,0.0887384719771545,135.548731883657,0.21226300821608,0.284054037833126,0.307729825090374,0.152776667043666,0.0477629755345362,0.206101602389507,0.265160599384452,0.288761955801228,0.168116853990694,0.0498679224225674,256.111444419728,259.125405123513,1010,v7.4.6,gap_tied_weak_links_phase3_seed,/Users/asewaket/Documents/LTSpice Superconducting Circuit/matlab_v7_4_6_files/outputs/v7_4_6_as006_gap_weaklink_v800_phase3_seed_1010/AS006_v7_4_6_gap_weaklink_scores.csv
AS006,crack_tunnel_a3_3_g0_1_p0_05,"tunnel/crack-like links, alpha=3.3, tau=0.1, p=0.05",tear_lane,crack_tunnel,conductance,3.3,1,0.1,0.05,0.954509803921569,0.1,0.0505446623093682,9.8421228525535e-08,3.79900393148164e-07,0.116325323082282,160.69578661986,0.212388783887269,0.279035685499519,0.304130038172867,0.163038129022976,0.0468830058555892,0.2231216402329,0.300295972830861,0.324449457021096,0.150327301552545,0.0596165516060405,235.402826561552,240.786970020621,1010,v7.4.6,gap_tied_weak_links_phase3_seed,/Users/asewaket/Documents/LTSpice Superconducting Circuit/matlab_v7_4_6_files/outputs/v7_4_6_as006_gap_weaklink_v800_phase3_seed_1010/AS006_v7_4_6_gap_weaklink_scores.csv
AS006,boundary_sns_a4_1_g0_4_p0_2,"SNS-like boundary constriction, alpha=4.1, tau=0.4, p=0.2",boundary_lane,boundary_constriction,conductance,4.1,0.999999999999997,0.4,0.2,0.867189542483658,0.4,0.221350762527233,4.80419573455516e-07,4.79346238881741e-07,0.138223436975424,150.696070822996,0.212674620700217,0.283857085804657,0.302943567344637,0.162235207483021,0.0465707654895354,0.25421379017022,0.371346057584079,0.385914315066372,0.139825080652887,0.0495914910847629,215.452203313245,206.072716681501,1010,v7.4.6,gap_tied_weak_links_phase3_seed,/Users/asewaket/Documents/LTSpice Superconducting Circuit/matlab_v7_4_6_files/outputs/v7_4_6_as006_gap_weaklink_v800_phase3_seed_1010/AS006_v7_4_6_gap_weaklink_scores.csv
AS006,crack_tunnel_a3_7_g0_1_p0_05,"tunnel/crack-like links, alpha=3.7, tau=0.1, p=0.05",tear_lane,crack_tunnel,conductance,3.7,0,0.1,0.05,0.954509803921569,0.1,0.0505446623093682,1.10351074407418e-07,4.25948925650971e-07,0.13042536224377,160.69578661986,0.21286443439277,0.28153908490732,0.304022999011698,0.163187495229766,0.0467584697488522,0.223727790730665,0.303200835710465,0.324633937662372,0.150298866034401,0.0594551444907079,234.924566115894,241.008159718104,1010,v7.4.6,gap_tied_weak_links_phase3_seed,/Users/asewaket/Documents/LTSpice Superconducting Circuit/matlab_v7_4_6_files/outputs/v7_4_6_as006_gap_weaklink_v800_phase3_seed_1010/AS006_v7_4_6_gap_weaklink_scores.csv
AS006,crack_tunnel_a4_1_g0_1_p0_05,"tunnel/crack-like links, alpha=4.1, tau=0.1, p=0.05",tear_lane,crack_tunnel,conductance,4.1,0.999999999999997,0.1,0.05,0.954509803921569,0.1,0.0505446623093682,1.22280920289301e-07,4.71997458153779e-07,0.144525401405259,160.69578661986,0.212929232942829,0.282339197703072,0.303113381452189,0.16394373152788,0.0469288850598933,0.224128642586596,0.305186997628083,0.324725777606219,0.150270850340744,0.0593475415680811,233.741120812423,241.245093408867,1010,v7.4.6,gap_tied_weak_links_phase3_seed,/Users/asewaket/Documents/LTSpice Superconducting Circuit/matlab_v7_4_6_files/outputs/v7_4_6_as006_gap_weaklink_v800_phase3_seed_1010/AS006_v7_4_6_gap_weaklink_scores.csv
AS006,boundary_sns_a3_7_g0_4_p0_2,"SNS-like boundary constriction, alpha=3.7, tau=0.4, p=0.2",boundary_lane,boundary_constriction,conductance,3.7,0,0.4,0.2,0.867189542483658,0.4,0.221350762527233,4.33549371167173e-07,4.32580752161571e-07,0.124738223611968,150.696070822996,0.213194423734552,0.284664651761246,0.305190930078247,0.160514553841631,0.0465801469725422,0.253782758537287,0.369342121556945,0.385841812247022,0.139789585378003,0.0496115179746953,216.455883856529,207.020197185762,1010,v7.4.6,gap_tied_weak_links_phase3_seed,/Users/asewaket/Documents/LTSpice Superconducting Circuit/matlab_v7_4_6_files/outputs/v7_4_6_as006_gap_weaklink_v800_phase3_seed_1010/AS006_v7_4_6_gap_weaklink_scores.csv
AS006,boundary_sns_a3_3_g0_4_p0_2,"SNS-like boundary constriction, alpha=3.3, tau=0.4, p=0.2",boundary_lane,boundary_constriction,conductance,3.3,1,0.4,0.2,0.867189542483658,0.4,0.221350762527233,3.8667916887883e-07,3.85815265441402e-07,0.111253010248512,150.696070822996,0.213505525143516,0.284624836878207,0.307023924732729,0.159174258519043,0.0466430974082906,0.25326940196614,0.367009298749449,0.38570988521392,0.139757826560394,0.049648128756401,217.270865452311,207.836011076409,1010,v7.4.6,gap_tied_weak_links_phase3_seed,/Users/asewaket/Documents/LTSpice Superconducting Circuit/matlab_v7_4_6_files/outputs/v7_4_6_as006_gap_weaklink_v800_phase3_seed_1010/AS006_v7_4_6_gap_weaklink_scores.csv
AS006,boundary_sns_a3_3_g0_1_p0_1,"SNS-like boundary constriction, alpha=3.3, tau=0.1, p=0.1",boundary_lane,boundary_constriction,conductance,3.3,1,0.1,0.1,0.886274509803923,0.1,0.12636165577342,1.1459541184194e-07,3.91801703197074e-07,0.123646878960573,142.661947735462,0.213591643519447,0.284186138358643,0.306207089778064,0.160624150703052,0.0471294837481668,0.268299892848058,0.392063180680202,0.409289258359752,0.14767487075708,0.0485864929841691,205.952935272288,198.901882334974,1010,v7.4.6,gap_tied_weak_links_phase3_seed,/Users/asewaket/Documents/LTSpice Superconducting Circuit/matlab_v7_4_6_files/outputs/v7_4_6_as006_gap_weaklink_v800_phase3_seed_1010/AS006_v7_4_6_gap_weaklink_scores.csv
AS006,crack_tunnel_a3_3_g0_4_p0_1,"tunnel/crack-like links, alpha=3.3, tau=0.4, p=0.1",tear_lane,crack_tunnel,conductance,3.3,1,0.4,0.1,0.939869281045751,0.4,0.100217864923747,3.53367647687302e-07,3.74283916000067e-07,0.105495629070717,162.512050831654,0.213619264372611,0.284591851783473,0.309136448054071,0.156767128160344,0.0465567757845268,0.220230187112011,0.29946671354976,0.323526931412864,0.148063608940339,0.0504325808623601,240.988798210029,241.008746702296,1010,v7.4.6,gap_tied_weak_links_phase3_seed,/Users/asewaket/Documents/LTSpice Superconducting Circuit/matlab_v7_4_6_files/outputs/v7_4_6_as006_gap_weaklink_v800_phase3_seed_1010/AS006_v7_4_6_gap_weaklink_scores.csv
AS006,crack_tunnel_a4_1_g0_4_p0_1,"tunnel/crack-like links, alpha=4.1, tau=0.4, p=0.1",tear_lane,crack_tunnel,conductance,4.1,0.999999999999997,0.4,0.1,0.939869281045751,0.4,0.100217864923747,4.39032531975133e-07,4.65019410787962e-07,0.131070327027255,162.512050831654,0.21382678739141,0.286970899027531,0.307304777075372,0.157996032135815,0.0468846378778487,0.221163770338811,0.304169675509637,0.323765699542139,0.14786861151308,0.0502234375943237,238.895598788097,241.139402325816,1010,v7.4.6,gap_tied_weak_links_phase3_seed,/Users/asewaket/Documents/LTSpice Superconducting Circuit/matlab_v7_4_6_files/outputs/v7_4_6_as006_gap_weaklink_v800_phase3_seed_1010/AS006_v7_4_6_gap_weaklink_scores.csv
AS006,boundary_sns_a3_3_g0_05_p0_1,"SNS-like boundary constriction, alpha=3.3, tau=0.05, p=0.1",boundary_lane,boundary_constriction,conductance,3.3,1,0.05,0.1,0.879956427015252,0.05,0.12636165577342,6.00312731706554e-08,4.10493835578565e-07,0.123646878960573,136.165733220781,0.213894611647281,0.284086350928025,0.306332775488285,0.160830862360946,0.0482657722527012,0.277062459191195,0.406089276406643,0.422732344716396,0.153672130090792,0.0473512536821476,195.466096460866,198.459049338976,1010,v7.4.6,gap_tied_weak_links_phase3_seed,/Users/asewaket/Documents/LTSpice Superconducting Circuit/matlab_v7_4_6_files/outputs/v7_4_6_as006_gap_weaklink_v800_phase3_seed_1010/AS006_v7_4_6_gap_weaklink_scores.csv
AS006,crack_tunnel_a3_7_g0_4_p0_1,"tunnel/crack-like links, alpha=3.7, tau=0.4, p=0.1",tear_lane,crack_tunnel,conductance,3.7,0,0.4,0.1,0.939869281045751,0.4,0.100217864923747,3.96200089831218e-07,4.19651663394014e-07,0.118282978048986,162.512050831654,0.213912919711964,0.286563020352046,0.308572005297602,0.15712005674791,0.0466004980020836,0.220792453092549,0.302260564576985,0.323687537811007,0.147949289191897,0.0503118982266232,240.056448743746,241.262408821041,1010,v7.4.6,gap_tied_weak_links_phase3_seed,/Users/asewaket/Documents/LTSpice Superconducting Circuit/matlab_v7_4_6_files/outputs/v7_4_6_as006_gap_weaklink_v800_phase3_seed_1010/AS006_v7_4_6_gap_weaklink_scores.csv
AS006,crack_tunnel_a3_3_g0_2_p0_05,"tunnel/crack-like links, alpha=3.3, tau=0.2, p=0.05",tear_lane,crack_tunnel,conductance,3.3,1,0.2,0.05,0.959564270152505,0.2,0.0505446623093682,1.92114419588545e-07,3.70775414128183e-07,0.116325323082282,164.650594909815,0.214046072974125,0.284347536822752,0.308610594642062,0.159190184549757,0.0468265567370672,0.223673891831656,0.303815229477459,0.327306777583845,0.148237878466989,0.0564700208253566,237.1761264571,240.630680365876,1010,v7.4.6,gap_tied_weak_links_phase3_seed,/Users/asewaket/Documents/LTSpice Superconducting Circuit/matlab_v7_4_6_files/outputs/v7_4_6_as006_gap_weaklink_v800_phase3_seed_1010/AS006_v7_4_6_gap_weaklink_scores.csv
AS006,boundary_sns_a3_3_g0_2_p0_1,"SNS-like boundary constriction, alpha=3.3, tau=0.2, p=0.1",boundary_lane,boundary_constriction,conductance,3.3,1,0.2,0.1,0.898910675381263,0.2,0.12636165577342,2.16660965389841e-07,3.70776477502318e-07,0.123646878960573,150.912321705044,0.214082619796382,0.285918666500245,0.307985234974177,0.158908357115722,0.0468848248822021,0.257100767869891,0.373199685537907,0.391622051909552,0.141502036528258,0.05008801730951,215.075572118985,205.847036220098,1010,v7.4.6,gap_tied_weak_links_phase3_seed,/Users/asewaket/Documents/LTSpice Superconducting Circuit/matlab_v7_4_6_files/outputs/v7_4_6_as006_gap_weaklink_v800_phase3_seed_1010/AS006_v7_4_6_gap_weaklink_scores.csv
AS006,boundary_sns_a3_7_g0_1_p0_1,"SNS-like boundary constriction, alpha=3.7, tau=0.1, p=0.1",boundary_lane,boundary_constriction,conductance,3.7,0,0.1,0.1,0.886274509803923,0.1,0.12636165577342,1.28485764792478e-07,4.39292818736113e-07,0.138634379440642,142.661947735462,0.214198424034696,0.286743969821836,0.306846604962399,0.160152545292754,0.0470759100515039,0.26878333441835,0.394165718921381,0.409426140206589,0.147746909871132,0.0485715704699206,206.205756994936,199.104395165914,1010,v7.4.6,gap_tied_weak_links_phase3_seed,/Users/asewaket/Documents/LTSpice Superconducting Circuit/matlab_v7_4_6_files/outputs/v7_4_6_as006_gap_weaklink_v800_phase3_seed_1010/AS006_v7_4_6_gap_weaklink_scores.csv
AS006,crack_tunnel_a3_7_g0_2_p0_05,"tunnel/crack-like links, alpha=3.7, tau=0.2, p=0.05",tear_lane,crack_tunnel,conductance,3.7,0,0.2,0.05,0.959564270152505,0.2,0.0505446623093682,2.15401015902308e-07,4.15717888567963e-07,0.13042536224377,164.650594909815,0.214572243091811,0.287055545158075,0.308795654857423,0.159007642305347,0.0466537214188038,0.224214142557025,0.306558422390535,0.327447973191008,0.148155366219214,0.0562841295363102,236.855062294975,241.026238200964,1010,v7.4.6,gap_tied_weak_links_phase3_seed,/Users/asewaket/Documents/LTSpice Superconducting Circuit/matlab_v7_4_6_files/outputs/v7_4_6_as006_gap_weaklink_v800_phase3_seed_1010/AS006_v7_4_6_gap_weaklink_scores.csv
AS006,boundary_sns_a3_7_g0_05_p0_1,"SNS-like boundary constriction, alpha=3.7, tau=0.05, p=0.1",boundary_lane,boundary_constriction,conductance,3.7,0,0.05,0.1,0.879956427015252,0.05,0.12636165577342,6.73077911307348e-08,4.60250664133542e-07,0.138634379440642,136.165733220781,0.214646934525632,0.286830351306868,0.307169809639515,0.160316293197432,0.0484617879553518,0.277612731254488,0.408334080631837,0.422994033274481,0.153820032861901,0.0472149763328839,195.673367831998,198.721005945154,1010,v7.4.6,gap_tied_weak_links_phase3_seed,/Users/asewaket/Documents/LTSpice Superconducting Circuit/matlab_v7_4_6_files/outputs/v7_4_6_as006_gap_weaklink_v800_phase3_seed_1010/AS006_v7_4_6_gap_weaklink_scores.csv
AS006,crack_tunnel_a4_1_g0_2_p0_05,"tunnel/crack-like links, alpha=4.1, tau=0.2, p=0.05",tear_lane,crack_tunnel,conductance,4.1,0.999999999999997,0.2,0.05,0.959564270152505,0.2,0.0505446623093682,2.38687612216071e-07,4.60660363007743e-07,0.144525401405259,164.650594909815,0.214654379684868,0.28803128863611,0.308086443452739,0.159482622232276,0.0467360559555913,0.224576362018729,0.308459763871251,0.327513930913947,0.148090057531691,0.0561600952083736,235.808937926122,241.349882588463,1010,v7.4.6,gap_tied_weak_links_phase3_seed,/Users/asewaket/Documents/LTSpice Superconducting Circuit/matlab_v7_4_6_files/outputs/v7_4_6_as006_gap_weaklink_v800_phase3_seed_1010/AS006_v7_4_6_gap_weaklink_scores.csv
AS006,contact_relaxed_a3_3_g0_4_p0_3,"contact-relaxed SNS links, alpha=3.3, tau=0.4, p=0.3",contact_relaxation,contact_relaxed,conductance,3.3,1,0.4,0.3,0.819869281045749,0.4,0.300217864923747,2.0077779463738e-07,3.96178210359558e-07,0.0439866454287471,135.548731883657,0.21468358134733,0.28155235249817,0.321930997795597,0.145396941900462,0.0467401307206098,0.196361549038244,0.212165789714489,0.240271989041004,0.239580431115821,0.049690435760197,305.144363841088,292.628255204211,1010,v7.4.6,gap_tied_weak_links_phase3_seed,/Users/asewaket/Documents/LTSpice Superconducting Circuit/matlab_v7_4_6_files/outputs/v7_4_6_as006_gap_weaklink_v800_phase3_seed_1010/AS006_v7_4_6_gap_weaklink_scores.csv
AS006,boundary_sns_a4_1_g0_1_p0_1,"SNS-like boundary constriction, alpha=4.1, tau=0.1, p=0.1",boundary_lane,boundary_constriction,conductance,4.1,0.999999999999997,0.1,0.1,0.886274509803923,0.1,0.12636165577342,1.42376117743016e-07,4.86783934275152e-07,0.153621879920711,142.661947735462,0.214708640125013,0.288821246954314,0.307302434550485,0.159811156415936,0.0471787476874799,0.269220265989027,0.396109212956417,0.409505377212882,0.1478161561719,0.0485875116513024,206.325580090581,199.318310019198,1010,v7.4.6,gap_tied_weak_links_phase3_seed,/Users/asewaket/Documents/LTSpice Superconducting Circuit/matlab_v7_4_6_files/outputs/v7_4_6_as006_gap_weaklink_v800_phase3_seed_1010/AS006_v7_4_6_gap_weaklink_scores.csv
AS006,boundary_sns_a3_7_g0_2_p0_1,"SNS-like boundary constriction, alpha=3.7, tau=0.2, p=0.1",boundary_lane,boundary_constriction,conductance,3.7,0,0.2,0.1,0.898910675381263,0.2,0.12636165577342,2.4292290058861e-07,4.15719080835932e-07,0.138634379440642,150.912321705044,0.214778048930121,0.288743449244938,0.308826153315834,0.158272533040911,0.0468603608018168,0.257581453406435,0.375357783527033,0.39175945488248,0.141538773751757,0.050046970271107,215.396587570672,206.181186750524,1010,v7.4.6,gap_tied_weak_links_phase3_seed,/Users/asewaket/Documents/LTSpice Superconducting Circuit/matlab_v7_4_6_files/outputs/v7_4_6_as006_gap_weaklink_v800_phase3_seed_1010/AS006_v7_4_6_gap_weaklink_scores.csv
AS006,combined_a4_1_g0_4_p0_05,"combined weak-link classes, alpha=4.1, tau=0.4, p=0.05",combined,boundary_constriction,conductance,4.1,0.999999999999997,0.4,0.05,0.969934640522876,0.4,0.0501089324618736,4.84946960612759e-07,4.57810058232065e-07,0.145686250367468,171.405561772743,0.214984144777766,0.289814271444212,0.309704094450273,0.15706322096731,0.0467952609475016,0.222089136579126,0.307777743974033,0.32689661493171,0.146705555350207,0.0472169186033472,240.353649045787,238.987544144772,1010,v7.4.6,gap_tied_weak_links_phase3_seed,/Users/asewaket/Documents/LTSpice Superconducting Circuit/matlab_v7_4_6_files/outputs/v7_4_6_as006_gap_weaklink_v800_phase3_seed_1010/AS006_v7_4_6_gap_weaklink_scores.csv
AS006,boundary_sns_a4_1_g0_2_p0_1,"SNS-like boundary constriction, alpha=4.1, tau=0.2, p=0.1",boundary_lane,boundary_constriction,conductance,4.1,0.999999999999997,0.2,0.1,0.898910675381263,0.2,0.12636165577342,2.69184835787378e-07,4.60661684169546e-07,0.153621879920711,150.912321705044,0.215299838879485,0.290941331554604,0.30940269789885,0.157829336331212,0.0468164711058162,0.257991748222079,0.377250576044327,0.391834733452732,0.141578719033143,0.0500239827323566,215.664874888144,206.378664795018,1010,v7.4.6,gap_tied_weak_links_phase3_seed,/Users/asewaket/Documents/LTSpice Superconducting Circuit/matlab_v7_4_6_files/outputs/v7_4_6_as006_gap_weaklink_v800_phase3_seed_1010/AS006_v7_4_6_gap_weaklink_scores.csv
AS006,boundary_sns_a4_1_g0_05_p0_1,"SNS-like boundary constriction, alpha=4.1, tau=0.05, p=0.1",boundary_lane,boundary_constriction,conductance,4.1,0.999999999999997,0.05,0.1,0.879956427015252,0.05,0.12636165577342,7.45843090908142e-08,5.1000749268852e-07,0.153621879920711,136.165733220781,0.21531967454701,0.289186545485207,0.307836104751989,0.159916576170183,0.0488029237211355,0.278140898056541,0.410481916518127,0.423173654769486,0.153957089092307,0.0472223165525931,195.801592878195,198.983081805658,1010,v7.4.6,gap_tied_weak_links_phase3_seed,/Users/asewaket/Documents/LTSpice Superconducting Circuit/matlab_v7_4_6_files/outputs/v7_4_6_as006_gap_weaklink_v800_phase3_seed_1010/AS006_v7_4_6_gap_weaklink_scores.csv
AS006,combined_a3_3_g0_4_p0_05,"combined weak-link classes, alpha=3.3, tau=0.4, p=0.05",combined,boundary_constriction,conductance,3.3,1,0.4,0.05,0.969934640522876,0.4,0.0501089324618736,3.90323163420026e-07,3.68481266381906e-07,0.117259664929913,171.405561772743,0.21544331761572,0.28925750558356,0.313214983756664,0.154658658159309,0.0465095382217438,0.221155187690899,0.303185644423966,0.326692017327358,0.146823086601088,0.0473504054562913,243.122739217274,239.787297861821,1010,v7.4.6,gap_tied_weak_links_phase3_seed,/Users/asewaket/Documents/LTSpice Superconducting Circuit/matlab_v7_4_6_files/outputs/v7_4_6_as006_gap_weaklink_v800_phase3_seed_1010/AS006_v7_4_6_gap_weaklink_scores.csv
AS006,combined_a3_7_g0_4_p0_05,"combined weak-link classes, alpha=3.7, tau=0.4, p=0.05",combined,boundary_constriction,conductance,3.7,0,0.4,0.05,0.969934640522876,0.4,0.0501089324618736,4.37635062016392e-07,4.13145662306986e-07,0.13147295764869,171.405561772743,0.215455570050402,0.290427159329236,0.311928711893956,0.155522953252363,0.0465717535428993,0.221715513441824,0.30590462173068,0.326833310727245,0.146752878077755,0.0472735541085667,241.894794441641,239.646466655668,1010,v7.4.6,gap_tied_weak_links_phase3_seed,/Users/asewaket/Documents/LTSpice Superconducting Circuit/matlab_v7_4_6_files/outputs/v7_4_6_as006_gap_weaklink_v800_phase3_seed_1010/AS006_v7_4_6_gap_weaklink_scores.csv
AS006,boundary_sns_a3_3_g0_4_p0_1,"SNS-like boundary constriction, alpha=3.3, tau=0.4, p=0.1",boundary_lane,boundary_constriction,conductance,3.3,1,0.4,0.1,0.924183006535947,0.4,0.12636165577342,4.02392427423216e-07,3.79815260813706e-07,0.123646878960573,162.512050831654,0.216364536181082,0.292559460220847,0.314325307973809,0.153830275888092,0.0469060868702818,0.245588545073215,0.353501723644307,0.3731900954586,0.137723475768878,0.0492039899581213,225.486469223171,216.605773399049,1010,v7.4.6,gap_tied_weak_links_phase3_seed,/Users/asewaket/Documents/LTSpice Superconducting Circuit/matlab_v7_4_6_files/outputs/v7_4_6_as006_gap_weaklink_v800_phase3_seed_1010/AS006_v7_4_6_gap_weaklink_scores.csv
AS006,contact_relaxed_a3_7_g0_4_p0_3,"contact-relaxed SNS links, alpha=3.7, tau=0.4, p=0.3",contact_relaxation,contact_relaxed,conductance,3.7,0,0.4,0.3,0.819869281045749,0.4,0.300217864923747,2.25114497017668e-07,4.44199811615262e-07,0.049318360026171,135.548731883657,0.216377576745385,0.2893170405792,0.32206455331104,0.145642291414439,0.0469050105853564,0.197010917912725,0.215851812183539,0.240304828788032,0.239194177031829,0.0496766057112426,304.653014359987,292.607327468045,1010,v7.4.6,gap_tied_weak_links_phase3_seed,/Users/asewaket/Documents/LTSpice Superconducting Circuit/matlab_v7_4_6_files/outputs/v7_4_6_as006_gap_weaklink_v800_phase3_seed_1010/AS006_v7_4_6_gap_weaklink_scores.csv
AS006,boundary_sns_a4_1_g0_7_p0_3,"SNS-like boundary constriction, alpha=4.1, tau=0.7, p=0.3",boundary_lane,boundary_constriction,conductance,4.1,0.999999999999997,0.7,0.3,0.905228758169932,0.7,0.315904139433551,6.87324131504941e-07,4.72725037552548e-07,0.120750226327709,163.931320164426,0.216641829879482,0.296484601119997,0.314893326186904,0.151254754096686,0.0465927848294761,0.241312298733641,0.348327029785213,0.364852209525645,0.136364586862883,0.0492873636345105,230.036992662733,220.192860997028,1010,v7.4.6,gap_tied_weak_links_phase3_seed,/Users/asewaket/Documents/LTSpice Superconducting Circuit/matlab_v7_4_6_files/outputs/v7_4_6_as006_gap_weaklink_v800_phase3_seed_1010/AS006_v7_4_6_gap_weaklink_scores.csv
AS006,boundary_sns_a3_7_g0_4_p0_1,"SNS-like boundary constriction, alpha=3.7, tau=0.4, p=0.1",boundary_lane,boundary_constriction,conductance,3.7,0,0.4,0.1,0.924183006535947,0.4,0.12636165577342,4.51167267110879e-07,4.2585347424567e-07,0.138634379440642,162.512050831654,0.217087375890923,0.295450912088571,0.315205549061373,0.153271970454446,0.0467862934405838,0.246083157732689,0.355752214864139,0.373325575975721,0.137742857651777,0.0491652437770728,225.921348347826,216.878436583479,1010,v7.4.6,gap_tied_weak_links_phase3_seed,/Users/asewaket/Documents/LTSpice Superconducting Circuit/matlab_v7_4_6_files/outputs/v7_4_6_as006_gap_weaklink_v800_phase3_seed_1010/AS006_v7_4_6_gap_weaklink_scores.csv
AS006,contact_relaxed_a4_1_g0_4_p0_2,"contact-relaxed SNS links, alpha=4.1, tau=0.4, p=0.2",contact_relaxation,contact_relaxed,conductance,4.1,0.999999999999997,0.4,0.2,0.879999999999998,0.4,0.2,2.08093735347758e-07,4.78773560439253e-07,0.0507979231092266,150.696070822996,0.217219197901794,0.29530117107358,0.318570239403374,0.149099893737853,0.0469220323071704,0.206258393516195,0.262491813875262,0.286097164118732,0.174548310894072,0.0499447278803405,270.485403387861,259.408431709124,1010,v7.4.6,gap_tied_weak_links_phase3_seed,/Users/asewaket/Documents/LTSpice Superconducting Circuit/matlab_v7_4_6_files/outputs/v7_4_6_as006_gap_weaklink_v800_phase3_seed_1010/AS006_v7_4_6_gap_weaklink_scores.csv
AS006,crack_tunnel_a3_3_g0_4_p0_05,"tunnel/crack-like links, alpha=3.3, tau=0.4, p=0.05",tear_lane,crack_tunnel,conductance,3.3,1,0.4,0.05,0.969673202614379,0.4,0.0505446623093682,3.69086663803203e-07,3.66737988770997e-07,0.116325323082282,171.405561772743,0.21742248558714,0.29458196092091,0.317509792948624,0.152185831571979,0.0466560398897245,0.225249568936339,0.311363595585053,0.333793414602562,0.144026796713109,0.0507122776507733,240.217781007049,240.044468458692,1010,v7.4.6,gap_tied_weak_links_phase3_seed,/Users/asewaket/Documents/LTSpice Superconducting Circuit/matlab_v7_4_6_files/outputs/v7_4_6_as006_gap_weaklink_v800_phase3_seed_1010/AS006_v7_4_6_gap_weaklink_scores.csv
AS006,contact_relaxed_a3_7_g0_4_p0_2,"contact-relaxed SNS links, alpha=3.7, tau=0.4, p=0.2",contact_relaxation,contact_relaxed,conductance,3.7,0,0.4,0.2,0.879999999999998,0.4,0.2,1.87791907508952e-07,4.32063944786643e-07,0.0458420281717411,150.696070822996,0.217528592452387,0.294350698596541,0.321321195096904,0.147470609821954,0.0466419099683713,0.205549760730716,0.259100119446118,0.285945375973946,0.174638729722745,0.0499458640996224,272.43044599793,260.569337739398,1010,v7.4.6,gap_tied_weak_links_phase3_seed,/Users/asewaket/Documents/LTSpice Superconducting Circuit/matlab_v7_4_6_files/outputs/v7_4_6_as006_gap_weaklink_v800_phase3_seed_1010/AS006_v7_4_6_gap_weaklink_scores.csv
AS006,boundary_sns_a4_1_g0_4_p0_1,"SNS-like boundary constriction, alpha=4.1, tau=0.4, p=0.1",boundary_lane,boundary_constriction,conductance,4.1,0.999999999999997,0.4,0.1,0.924183006535947,0.4,0.12636165577342,4.99942106798541e-07,4.71891687677634e-07,0.153621879920711,162.512050831654,0.217534645186262,0.297289378766852,0.3154553832656,0.153132527446905,0.046921267141026,0.246482928594688,0.35763287308097,0.373390812453826,0.137766874013517,0.0491392555813766,225.857214001311,217.121876547184,1010,v7.4.6,gap_tied_weak_links_phase3_seed,/Users/asewaket/Documents/LTSpice Superconducting Circuit/matlab_v7_4_6_files/outputs/v7_4_6_as006_gap_weaklink_v800_phase3_seed_1010/AS006_v7_4_6_gap_weaklink_scores.csv
AS006,combined_a4_1_g0_7_p0_2,"combined weak-link classes, alpha=4.1, tau=0.7, p=0.2",combined,boundary_constriction,conductance,4.1,0.999999999999997,0.7,0.2,0.939999999999999,0.7,0.2,7.40354384856035e-07,4.59701754859578e-07,0.136056020404883,171.016102427999,0.217566237134676,0.297962561551596,0.31722605736708,0.150306887771256,0.0468394140153216,0.228297020723329,0.322222460236514,0.340685229310873,0.1399879192028,0.0480785930826017,241.082662377291,232.793583710333,1010,v7.4.6,gap_tied_weak_links_phase3_seed,/Users/asewaket/Documents/LTSpice Superconducting Circuit/matlab_v7_4_6_files/outputs/v7_4_6_as006_gap_weaklink_v800_phase3_seed_1010/AS006_v7_4_6_gap_weaklink_scores.csv
AS006,contact_relaxed_a4_1_g0_4_p0_3,"contact-relaxed SNS links, alpha=4.1, tau=0.4, p=0.3",contact_relaxation,contact_relaxed,conductance,4.1,0.999999999999997,0.4,0.3,0.819869281045749,0.4,0.300217864923747,2.49451199397957e-07,4.92221412870966e-07,0.0546500746235949,135.548731883657,0.217697295738407,0.295186333096932,0.32241253439146,0.145681595751135,0.0469762157211284,0.197492504971087,0.218585640953541,0.240321080673176,0.238919549702145,0.0496655555961568,304.5391251661,292.664058242718,1010,v7.4.6,gap_tied_weak_links_phase3_seed,/Users/asewaket/Documents/LTSpice Superconducting Circuit/matlab_v7_4_6_files/outputs/v7_4_6_as006_gap_weaklink_v800_phase3_seed_1010/AS006_v7_4_6_gap_weaklink_scores.csv
AS006,boundary_sns_a4_1_g0_7_p0_2,"SNS-like boundary constriction, alpha=4.1, tau=0.7, p=0.2",boundary_lane,boundary_constriction,conductance,4.1,0.999999999999997,0.7,0.2,0.933594771241829,0.7,0.221350762527233,7.40838709437911e-07,4.64736618360519e-07,0.138223436975424,171.016102427999,0.217775431330821,0.298552763352182,0.316580499946355,0.15176095770271,0.0466073212674127,0.240317293553698,0.346816352903331,0.362936955773287,0.136918156360029,0.0484827468118726,231.042392715468,222.102173537685,1010,v7.4.6,gap_tied_weak_links_phase3_seed,/Users/asewaket/Documents/LTSpice Superconducting Circuit/matlab_v7_4_6_files/outputs/v7_4_6_as006_gap_weaklink_v800_phase3_seed_1010/AS006_v7_4_6_gap_weaklink_scores.csv
AS006,combined_a4_1_g0_7_p0_3,"combined weak-link classes, alpha=4.1, tau=0.7, p=0.3",combined,boundary_constriction,conductance,4.1,0.999999999999997,0.7,0.3,0.909934640522874,0.7,0.300217864923747,6.45085240722248e-07,4.7147573838002e-07,0.116790901674619,163.931320164426,0.217776871547929,0.298745800601148,0.318160564370106,0.149128742283819,0.0469466416360394,0.22791865522919,0.321715085834323,0.340450500150742,0.139680534339906,0.0474891471229454,241.133498861145,233.881276542803,1010,v7.4.6,gap_tied_weak_links_phase3_seed,/Users/asewaket/Documents/LTSpice Superconducting Circuit/matlab_v7_4_6_files/outputs/v7_4_6_as006_gap_weaklink_v800_phase3_seed_1010/AS006_v7_4_6_gap_weaklink_scores.csv
AS006,contact_relaxed_a3_3_g0_4_p0_2,"contact-relaxed SNS links, alpha=3.3, tau=0.4, p=0.2",contact_relaxation,contact_relaxed,conductance,3.3,1,0.4,0.2,0.879999999999998,0.4,0.2,1.67490079670146e-07,3.85354329134033e-07,0.0408861332342556,150.696070822996,0.217847858500956,0.292425929624504,0.324725113158282,0.145592143314991,0.0465542357095425,0.204523990880416,0.254198076562576,0.285726579642703,0.174761877352869,0.0499480167736873,274.563824330177,262.318996469969,1010,v7.4.6,gap_tied_weak_links_phase3_seed,/Users/asewaket/Documents/LTSpice Superconducting Circuit/matlab_v7_4_6_files/outputs/v7_4_6_as006_gap_weaklink_v800_phase3_seed_1010/AS006_v7_4_6_gap_weaklink_scores.csv
AS006,crack_tunnel_a3_7_g0_4_p0_05,"tunnel/crack-like links, alpha=3.7, tau=0.4, p=0.05",tear_lane,crack_tunnel,conductance,3.7,0,0.4,0.05,0.969673202614379,0.4,0.0505446623093682,4.13824441233894e-07,4.11191078318997e-07,0.13042536224377,171.405561772743,0.217947217860777,0.297140430465236,0.317756547940487,0.151999512481747,0.0465223093406125,0.225752734120029,0.313879894750336,0.333932032227098,0.1439579862256,0.0505552366703859,239.870077063563,240.517916267647,1010,v7.4.6,gap_tied_weak_links_phase3_seed,/Users/asewaket/Documents/LTSpice Superconducting Circuit/matlab_v7_4_6_files/outputs/v7_4_6_as006_gap_weaklink_v800_phase3_seed_1010/AS006_v7_4_6_gap_weaklink_scores.csv
AS006,crack_tunnel_a4_1_g0_4_p0_05,"tunnel/crack-like links, alpha=4.1, tau=0.4, p=0.05",tear_lane,crack_tunnel,conductance,4.1,0.999999999999997,0.4,0.05,0.969673202614379,0.4,0.0505446623093682,4.58562218664586e-07,4.55644167866996e-07,0.144525401405259,171.405561772743,0.218022687006545,0.298022604103597,0.317019223001582,0.152443763250229,0.0467524866135727,0.226109534636038,0.315702212416425,0.333996340778459,0.143913824791068,0.0504595834126237,238.71561382831,240.917040408587,1010,v7.4.6,gap_tied_weak_links_phase3_seed,/Users/asewaket/Documents/LTSpice Superconducting Circuit/matlab_v7_4_6_files/outputs/v7_4_6_as006_gap_weaklink_v800_phase3_seed_1010/AS006_v7_4_6_gap_weaklink_scores.csv
AS006,combined_a4_1_g0_7_p0_1,"combined weak-link classes, alpha=4.1, tau=0.7, p=0.1",combined,boundary_constriction,conductance,4.1,0.999999999999997,0.7,0.1,0.969934640522875,0.7,0.100217864923747,7.52705418144874e-07,4.53696059311332e-07,0.138742309817368,176.304463519907,0.218080993745676,0.299267298006921,0.317982142239865,0.150447512847699,0.0466095307420697,0.227391061266624,0.321051735803741,0.339025894167343,0.140730898679898,0.0466946323866542,241.270803102113,234.74205911792,1010,v7.4.6,gap_tied_weak_links_phase3_seed,/Users/asewaket/Documents/LTSpice Superconducting Circuit/matlab_v7_4_6_files/outputs/v7_4_6_as006_gap_weaklink_v800_phase3_seed_1010/AS006_v7_4_6_gap_weaklink_scores.csv
AS006,boundary_sns_a3_7_g0_7_p0_3,"SNS-like boundary constriction, alpha=3.7, tau=0.7, p=0.3",boundary_lane,boundary_constriction,conductance,3.7,0,0.7,0.3,0.905228758169932,0.7,0.315904139433551,6.20268118675191e-07,4.26605521693763e-07,0.108969716442079,163.931320164426,0.218432518553299,0.300194016838377,0.319983632879624,0.14826977466109,0.0466600000624138,0.240899022578952,0.346373256755015,0.364781949708851,0.136349806598727,0.049316185900848,232.350390859758,222.454375660822,1010,v7.4.6,gap_tied_weak_links_phase3_seed,/Users/asewaket/Documents/LTSpice Superconducting Circuit/matlab_v7_4_6_files/outputs/v7_4_6_as006_gap_weaklink_v800_phase3_seed_1010/AS006_v7_4_6_gap_weaklink_scores.csv
AS006,boundary_sns_a4_1_g0_05_p0_05,"SNS-like boundary constriction, alpha=4.1, tau=0.05, p=0.05",boundary_lane,boundary_constriction,conductance,4.1,0.999999999999997,0.05,0.05,0.939978213507626,0.05,0.0631808278867102,6.53893733450042e-08,4.75821476719908e-07,0.159374970881171,158.345082740024,0.218613618686217,0.30001776817457,0.317386221971986,0.152684987194604,0.0467682028122866,0.260754355148779,0.383173555714277,0.397036264656954,0.142602577744962,0.0475315346987462,217.199304095048,207.09200607998,1010,v7.4.6,gap_tied_weak_links_phase3_seed,/Users/asewaket/Documents/LTSpice Superconducting Circuit/matlab_v7_4_6_files/outputs/v7_4_6_as006_gap_weaklink_v800_phase3_seed_1010/AS006_v7_4_6_gap_weaklink_scores.csv
AS006,boundary_sns_a4_1_g0_1_p0_05,"SNS-like boundary constriction, alpha=4.1, tau=0.1, p=0.05",boundary_lane,boundary_constriction,conductance,4.1,0.999999999999997,0.1,0.05,0.943137254901961,0.1,0.0631808278867102,1.28865677818006e-07,4.68861024209221e-07,0.159374970881171,160.69578661986,0.218927831315396,0.301185536464818,0.318514724912005,0.151759613812511,0.0463533342505161,0.258259964581587,0.378408532830464,0.392608103904426,0.141422918988974,0.0490484595085069,220.035332754407,209.037162417965,1010,v7.4.6,gap_tied_weak_links_phase3_seed,/Users/asewaket/Documents/LTSpice Superconducting Circuit/matlab_v7_4_6_files/outputs/v7_4_6_as006_gap_weaklink_v800_phase3_seed_1010/AS006_v7_4_6_gap_weaklink_scores.csv
AS006,crack_tunnel_a4_1_g0_7_p0_2,"tunnel/crack-like links, alpha=4.1, tau=0.7, p=0.2",tear_lane,crack_tunnel,conductance,4.1,0.999999999999997,0.7,0.2,0.93986928104575,0.7,0.200435729847495,6.10690729897021e-07,4.48057674971144e-07,0.107725638432658,171.016102427999,0.218948661170131,0.301960942586655,0.32105075814846,0.147232182944557,0.0469033078235016,0.220515230849483,0.305976799995431,0.324961745157881,0.145180542774265,0.0464406217578592,248.653720803292,243.593650386849,1010,v7.4.6,gap_tied_weak_links_phase3_seed,/Users/asewaket/Documents/LTSpice Superconducting Circuit/matlab_v7_4_6_files/outputs/v7_4_6_as006_gap_weaklink_v800_phase3_seed_1010/AS006_v7_4_6_gap_weaklink_scores.csv
AS006,combined_a3_7_g0_7_p0_2,"combined weak-link classes, alpha=3.7, tau=0.7, p=0.2",combined,boundary_constriction,conductance,3.7,0,0.7,0.2,0.939999999999999,0.7,0.2,6.6812468877252e-07,4.1485280316596e-07,0.122782262316601,171.016102427999,0.218981815542863,0.300660124131273,0.321443653080607,0.147902123170912,0.0468449067283421,0.22789294223248,0.320326018193645,0.340591883830062,0.140000676551595,0.0481020505766505,243.163275758032,234.742606126852,1010,v7.4.6,gap_tied_weak_links_phase3_seed,/Users/asewaket/Documents/LTSpice Superconducting Circuit/matlab_v7_4_6_files/outputs/v7_4_6_as006_gap_weaklink_v800_phase3_seed_1010/AS006_v7_4_6_gap_weaklink_scores.csv
AS006,contact_relaxed_a4_1_g0_2_p0_1,"contact-relaxed SNS links, alpha=4.1, tau=0.2, p=0.1",contact_relaxation,contact_relaxed,conductance,4.1,0.999999999999997,0.2,0.1,0.919825708061001,0.2,0.100217864923747,8.91595676460356e-08,5.0691571789971e-07,0.0466752055423168,150.912321705044,0.219016708035395,0.298826824752438,0.32400028893875,0.145690710568121,0.0471428215715761,0.212368989055961,0.281162927687195,0.306767131267788,0.156217171215321,0.0485680738548309,261.152031928,252.176125686291,1010,v7.4.6,gap_tied_weak_links_phase3_seed,/Users/asewaket/Documents/LTSpice Superconducting Circuit/matlab_v7_4_6_files/outputs/v7_4_6_as006_gap_weaklink_v800_phase3_seed_1010/AS006_v7_4_6_gap_weaklink_scores.csv
AS006,contact_relaxed_a4_1_g0_1_p0_1,"contact-relaxed SNS links, alpha=4.1, tau=0.1, p=0.1",contact_relaxation,contact_relaxed,conductance,4.1,0.999999999999997,0.1,0.1,0.909803921568628,0.1,0.100217864923747,4.71579056968691e-08,5.36231483667096e-07,0.0466752055423168,142.661947735462,0.219053826194378,0.298259517373645,0.324804312439837,0.145084807343834,0.0472460576487375,0.204176944256212,0.255437011021039,0.2822641881067,0.177397502526366,0.0497385029153383,275.644742784427,265.197307768151,1010,v7.4.6,gap_tied_weak_links_phase3_seed,/Users/asewaket/Documents/LTSpice Superconducting Circuit/matlab_v7_4_6_files/outputs/v7_4_6_as006_gap_weaklink_v800_phase3_seed_1010/AS006_v7_4_6_gap_weaklink_scores.csv
AS006,crack_tunnel_a4_1_g0_7_p0_3,"tunnel/crack-like links, alpha=4.1, tau=0.7, p=0.3",tear_lane,crack_tunnel,conductance,4.1,0.999999999999997,0.7,0.3,0.909934640522874,0.7,0.300217864923747,5.69688030405896e-07,4.4995037838488e-07,0.098331820299009,163.931320164426,0.219191973299652,0.303002414864766,0.322041804317361,0.145755676663196,0.0471896982491163,0.219054154811465,0.303100152030265,0.322115447259936,0.145642428570054,0.046415553609606,250.101443544195,245.8433593732,1010,v7.4.6,gap_tied_weak_links_phase3_seed,/Users/asewaket/Documents/LTSpice Superconducting Circuit/matlab_v7_4_6_files/outputs/v7_4_6_as006_gap_weaklink_v800_phase3_seed_1010/AS006_v7_4_6_gap_weaklink_scores.csv
AS006,combined_a3_7_g0_7_p0_3,"combined weak-link classes, alpha=3.7, tau=0.7, p=0.3",combined,boundary_constriction,conductance,3.7,0,0.7,0.3,0.909934640522874,0.7,0.300217864923747,5.82150095285931e-07,4.25478105367336e-07,0.1053966673649,163.931320164426,0.219369481626779,0.301719489026352,0.322811191681273,0.146611814704819,0.0469435652842898,0.227479331421836,0.319662849485195,0.340351984301337,0.139691326909522,0.0475036764597421,243.408776907846,236.036713132877,1010,v7.4.6,gap_tied_weak_links_phase3_seed,/Users/asewaket/Documents/LTSpice Superconducting Circuit/matlab_v7_4_6_files/outputs/v7_4_6_as006_gap_weaklink_v800_phase3_seed_1010/AS006_v7_4_6_gap_weaklink_scores.csv
AS006,boundary_sns_a3_7_g0_7_p0_2,"SNS-like boundary constriction, alpha=3.7, tau=0.7, p=0.2",boundary_lane,boundary_constriction,conductance,3.7,0,0.7,0.2,0.933594771241829,0.7,0.221350762527233,6.68561762175676e-07,4.19396460471688e-07,0.124738223611968,171.016102427999,0.219421567778481,0.301917571620751,0.32132262273283,0.148975748213918,0.0466559922218053,0.239912223261224,0.344894434950661,0.362870618612518,0.136910118241413,0.0485054509817883,233.222031676191,224.235984885887,1010,v7.4.6,gap_tied_weak_links_phase3_seed,/Users/asewaket/Documents/LTSpice Superconducting Circuit/matlab_v7_4_6_files/outputs/v7_4_6_as006_gap_weaklink_v800_phase3_seed_1010/AS006_v7_4_6_gap_weaklink_scores.csv
AS006,crack_tunnel_a4_1_g0_7_p0_1,"tunnel/crack-like links, alpha=4.1, tau=0.7, p=0.1",tear_lane,crack_tunnel,conductance,4.1,0.999999999999997,0.7,0.1,0.969934640522875,0.7,0.100217864923747,7.08201780743989e-07,4.50889191792403e-07,0.131070327027255,176.304463519907,0.219440788373111,0.302634954535376,0.321115258995298,0.148578862182174,0.0468937063606918,0.226790608264705,0.319940852230825,0.337887236883815,0.140983029419823,0.0464807377712478,241.535492323172,238.433032289095,1010,v7.4.6,gap_tied_weak_links_phase3_seed,/Users/asewaket/Documents/LTSpice Superconducting Circuit/matlab_v7_4_6_files/outputs/v7_4_6_as006_gap_weaklink_v800_phase3_seed_1010/AS006_v7_4_6_gap_weaklink_scores.csv
AS006,combined_a3_7_g0_7_p0_1,"combined weak-link classes, alpha=3.7, tau=0.7, p=0.1",combined,boundary_constriction,conductance,3.7,0,0.7,0.1,0.969934640522875,0.7,0.100217864923747,6.7927074320391e-07,4.09433029134616e-07,0.125206474713235,176.304463519907,0.219528726654563,0.302105051544862,0.322221126155706,0.14803522100545,0.0466075846986519,0.227027558121931,0.319308071712887,0.338951519116845,0.140750918533301,0.046725912275662,243.400354476791,236.675306903594,1010,v7.4.6,gap_tied_weak_links_phase3_seed,/Users/asewaket/Documents/LTSpice Superconducting Circuit/matlab_v7_4_6_files/outputs/v7_4_6_as006_gap_weaklink_v800_phase3_seed_1010/AS006_v7_4_6_gap_weaklink_scores.csv
AS006,boundary_sns_a3_7_g0_05_p0_05,"SNS-like boundary constriction, alpha=3.7, tau=0.05, p=0.05",boundary_lane,boundary_constriction,conductance,3.7,0,0.05,0.05,0.939978213507626,0.05,0.0631808278867102,5.9009922286955e-08,4.29399869235039e-07,0.143826193234228,158.345082740024,0.219539031665754,0.301846815332808,0.320651008888738,0.150642477960677,0.0464059799898249,0.260294255577899,0.381161911652165,0.396952238905646,0.142542366896313,0.0474649895320549,217.760206957379,209.321616348669,1010,v7.4.6,gap_tied_weak_links_phase3_seed,/Users/asewaket/Documents/LTSpice Superconducting Circuit/matlab_v7_4_6_files/outputs/v7_4_6_as006_gap_weaklink_v800_phase3_seed_1010/AS006_v7_4_6_gap_weaklink_scores.csv
AS006,boundary_sns_a3_3_g0_05_p0_05,"SNS-like boundary constriction, alpha=3.3, tau=0.05, p=0.05",boundary_lane,boundary_constriction,conductance,3.3,1,0.05,0.05,0.939978213507626,0.05,0.0631808278867102,5.26304712289059e-08,3.8297826175017e-07,0.128277415587284,158.345082740024,0.21977987528882,0.301291247487545,0.321921318623739,0.149896943147885,0.0468746424301552,0.259769032641185,0.378907902026876,0.396811860223273,0.142484809418755,0.0474104940148779,217.365199701446,210.854270727787,1010,v7.4.6,gap_tied_weak_links_phase3_seed,/Users/asewaket/Documents/LTSpice Superconducting Circuit/matlab_v7_4_6_files/outputs/v7_4_6_as006_gap_weaklink_v800_phase3_seed_1010/AS006_v7_4_6_gap_weaklink_scores.csv
AS006,boundary_sns_a3_3_g0_7_p0_3,"SNS-like boundary constriction, alpha=3.3, tau=0.7, p=0.3",boundary_lane,boundary_constriction,conductance,3.3,1,0.7,0.3,0.905228758169932,0.7,0.315904139433551,5.5321210584544e-07,3.80486005834978e-07,0.0971892065564487,163.931320164426,0.219813886486609,0.302468028939201,0.32411767957218,0.146082959802962,0.0467917644888288,0.240389655906881,0.344047869241956,0.364642638603928,0.136339566254991,0.0493513349168377,234.199545214906,224.396942641203,1010,v7.4.6,gap_tied_weak_links_phase3_seed,/Users/asewaket/Documents/LTSpice Superconducting Circuit/matlab_v7_4_6_files/outputs/v7_4_6_as006_gap_weaklink_v800_phase3_seed_1010/AS006_v7_4_6_gap_weaklink_scores.csv
AS006,boundary_sns_a4_1_g0_2_p0_05,"SNS-like boundary constriction, alpha=4.1, tau=0.2, p=0.05",boundary_lane,boundary_constriction,conductance,4.1,0.999999999999997,0.2,0.05,0.949455337690632,0.2,0.0631808278867102,2.51540803440262e-07,4.57772069093039e-07,0.159374970881171,164.650594909815,0.219831419029011,0.303584029776275,0.320864562066779,0.150091195092635,0.046446087886122,0.253463028686987,0.370247363678206,0.38498420528333,0.139446017195929,0.0490378990159911,223.774103429693,213.848482675283,1010,v7.4.6,gap_tied_weak_links_phase3_seed,/Users/asewaket/Documents/LTSpice Superconducting Circuit/matlab_v7_4_6_files/outputs/v7_4_6_as006_gap_weaklink_v800_phase3_seed_1010/AS006_v7_4_6_gap_weaklink_scores.csv
AS006,combined_a3_3_g0_7_p0_2,"combined weak-link classes, alpha=3.3, tau=0.7, p=0.2",combined,boundary_constriction,conductance,3.3,1,0.7,0.2,0.939999999999999,0.7,0.2,5.95894992689004e-07,3.70003851472343e-07,0.10950850422832,171.016102427999,0.219883092805924,0.30171116133834,0.324563114720143,0.146245319074638,0.0469122030877321,0.227359027225715,0.317908371792864,0.34040962617725,0.140023106884357,0.0481410349200763,244.720129126581,236.277468768245,1010,v7.4.6,gap_tied_weak_links_phase3_seed,/Users/asewaket/Documents/LTSpice Superconducting Circuit/matlab_v7_4_6_files/outputs/v7_4_6_as006_gap_weaklink_v800_phase3_seed_1010/AS006_v7_4_6_gap_weaklink_scores.csv
AS006,combined_a4_1_g0_7_p0_05,"combined weak-link classes, alpha=4.1, tau=0.7, p=0.05",combined,boundary_constriction,conductance,4.1,0.999999999999997,0.7,0.05,0.984967320261438,0.7,0.0501089324618736,8.06679951037115e-07,4.49593011599517e-07,0.145686250367468,180.32499839268,0.21988776503275,0.30363679553628,0.321901009910064,0.148570684814834,0.0467619062663141,0.227855128118194,0.322248191987713,0.339908371856957,0.140652381212036,0.0463723213385375,241.658370541125,237.169070829054,1010,v7.4.6,gap_tied_weak_links_phase3_seed,/Users/asewaket/Documents/LTSpice Superconducting Circuit/matlab_v7_4_6_files/outputs/v7_4_6_as006_gap_weaklink_v800_phase3_seed_1010/AS006_v7_4_6_gap_weaklink_scores.csv
AS006,contact_relaxed_a4_1_g0_05_p0_1,"contact-relaxed SNS links, alpha=4.1, tau=0.05, p=0.1",contact_relaxation,contact_relaxed,conductance,4.1,0.999999999999997,0.05,0.1,0.904793028322441,0.05,0.100217864923747,2.47038609447074e-08,5.6181409292591e-07,0.0466752055423168,136.165733220781,0.219946672957965,0.300356065697726,0.326200076111299,0.144884384391979,0.0474216854073511,0.201671395217067,0.244702304159678,0.2698675880051,0.192022339321314,0.0513584687650912,284.62066968053,272.818686811247,1010,v7.4.6,gap_tied_weak_links_phase3_seed,/Users/asewaket/Documents/LTSpice Superconducting Circuit/matlab_v7_4_6_files/outputs/v7_4_6_as006_gap_weaklink_v800_phase3_seed_1010/AS006_v7_4_6_gap_weaklink_scores.csv
AS006,boundary_sns_a3_3_g0_1_p0_05,"SNS-like boundary constriction, alpha=3.3, tau=0.1, p=0.05",boundary_lane,boundary_constriction,conductance,3.3,1,0.1,0.05,0.943137254901961,0.1,0.0631808278867102,1.03721155316932e-07,3.77375946314739e-07,0.128277415587284,160.69578661986,0.219987906724565,0.30190666773545,0.322543378778605,0.149409083929856,0.0468205981124956,0.257342488416697,0.374237441393141,0.392439425919095,0.141340680781722,0.0490301543547734,220.654530411807,211.898617192429,1010,v7.4.6,gap_tied_weak_links_phase3_seed,/Users/asewaket/Documents/LTSpice Superconducting Circuit/matlab_v7_4_6_files/outputs/v7_4_6_as006_gap_weaklink_v800_phase3_seed_1010/AS006_v7_4_6_gap_weaklink_scores.csv
AS006,boundary_sns_a3_7_g0_1_p0_05,"SNS-like boundary constriction, alpha=3.7, tau=0.1, p=0.05",boundary_lane,boundary_constriction,conductance,3.7,0,0.1,0.05,0.943137254901961,0.1,0.0631808278867102,1.16293416567469e-07,4.2311848526198e-07,0.143826193234228,160.69578661986,0.220003647611339,0.303104439611465,0.321876184990294,0.149777566629758,0.0464085164250171,0.257833960547731,0.376450074737362,0.392549739679611,0.141381311564581,0.0490310441062485,220.937513121188,211.010451615973,1010,v7.4.6,gap_tied_weak_links_phase3_seed,/Users/asewaket/Documents/LTSpice Superconducting Circuit/matlab_v7_4_6_files/outputs/v7_4_6_as006_gap_weaklink_v800_phase3_seed_1010/AS006_v7_4_6_gap_weaklink_scores.csv
AS006,contact_relaxed_a3_7_g0_1_p0_1,"contact-relaxed SNS links, alpha=3.7, tau=0.1, p=0.1",contact_relaxation,contact_relaxed,conductance,3.7,0,0.1,0.1,0.909803921568628,0.1,0.100217864923747,4.25571344093697e-08,4.83916216967867e-07,0.0421215269528225,142.661947735462,0.220170371672244,0.299302349860418,0.328984443211273,0.14307553495007,0.0469823141934882,0.203497174099837,0.252549178703709,0.281773046965689,0.17767968116084,0.0497342581544725,278.488575112637,267.398925262852,1010,v7.4.6,gap_tied_weak_links_phase3_seed,/Users/asewaket/Documents/LTSpice Superconducting Circuit/matlab_v7_4_6_files/outputs/v7_4_6_as006_gap_weaklink_v800_phase3_seed_1010/AS006_v7_4_6_gap_weaklink_scores.csv
AS006,crack_tunnel_a3_7_g0_7_p0_2,"tunnel/crack-like links, alpha=3.7, tau=0.7, p=0.2",tear_lane,crack_tunnel,conductance,3.7,0,0.7,0.2,0.93986928104575,0.7,0.200435729847495,5.51111146492434e-07,4.04344731071521e-07,0.0972158200489844,171.016102427999,0.220190624831561,0.304132803392621,0.324723828531204,0.145333357311302,0.0468869241964504,0.220152789844261,0.304267030299621,0.324845101484168,0.145231548950036,0.0464785551368458,250.572198024933,245.344205819164,1010,v7.4.6,gap_tied_weak_links_phase3_seed,/Users/asewaket/Documents/LTSpice Superconducting Circuit/matlab_v7_4_6_files/outputs/v7_4_6_as006_gap_weaklink_v800_phase3_seed_1010/AS006_v7_4_6_gap_weaklink_scores.csv
AS006,contact_relaxed_a4_1_g0_4_p0_1,"contact-relaxed SNS links, alpha=4.1, tau=0.4, p=0.1",contact_relaxation,contact_relaxed,conductance,4.1,0.999999999999997,0.4,0.1,0.939869281045751,0.4,0.100217864923747,1.65591133541469e-07,4.74432462922187e-07,0.0466752055423168,162.512050831654,0.220198909939155,0.303788385431066,0.32466752922315,0.145759558899831,0.0468385394994074,0.225558974041516,0.315424165350982,0.336000603442876,0.14112374330174,0.047964969704389,246.81412367984,238.457551485935,1010,v7.4.6,gap_tied_weak_links_phase3_seed,/Users/asewaket/Documents/LTSpice Superconducting Circuit/matlab_v7_4_6_files/outputs/v7_4_6_as006_gap_weaklink_v800_phase3_seed_1010/AS006_v7_4_6_gap_weaklink_scores.csv
AS006,combined_a3_3_g0_7_p0_1,"combined weak-link classes, alpha=3.3, tau=0.7, p=0.1",combined,boundary_constriction,conductance,3.3,1,0.7,0.1,0.969934640522875,0.7,0.100217864923747,6.05836068262947e-07,3.65169998957901e-07,0.111670639609101,176.304463519907,0.220372004082575,0.303012404853928,0.325227188194829,0.146445200109224,0.0466435360814642,0.226508824473429,0.316900570692086,0.338797084110134,0.140783012998651,0.046769888234012,244.942910709266,238.115799449943,1010,v7.4.6,gap_tied_weak_links_phase3_seed,/Users/asewaket/Documents/LTSpice Superconducting Circuit/matlab_v7_4_6_files/outputs/v7_4_6_as006_gap_weaklink_v800_phase3_seed_1010/AS006_v7_4_6_gap_weaklink_scores.csv
AS006,combined_a3_3_g0_7_p0_3,"combined weak-link classes, alpha=3.3, tau=0.7, p=0.3",combined,boundary_constriction,conductance,3.3,1,0.7,0.3,0.909934640522874,0.7,0.300217864923747,5.19214949849614e-07,3.79480472354651e-07,0.0940024330551813,163.931320164426,0.220394994277707,0.302910046502346,0.3262369283126,0.144911420753213,0.0470110243976236,0.226918261692212,0.317099506819688,0.340176645855185,0.13970783852927,0.0475478732332096,245.107635313438,237.708235882988,1010,v7.4.6,gap_tied_weak_links_phase3_seed,/Users/asewaket/Documents/LTSpice Superconducting Circuit/matlab_v7_4_6_files/outputs/v7_4_6_as006_gap_weaklink_v800_phase3_seed_1010/AS006_v7_4_6_gap_weaklink_scores.csv
AS006,contact_relaxed_a3_7_g0_2_p0_1,"contact-relaxed SNS links, alpha=3.7, tau=0.2, p=0.1",contact_relaxation,contact_relaxed,conductance,3.7,0,0.2,0.1,0.919825708061001,0.2,0.100217864923747,8.04610732415443e-08,4.57460525909494e-07,0.0421215269528225,150.912321705044,0.220434723310407,0.300724932521757,0.328901094428465,0.143224956558568,0.0468405730822535,0.211588522776994,0.277889103488164,0.306380866449953,0.156273900057283,0.0485446190377828,264.208355511047,254.50341037318,1010,v7.4.6,gap_tied_weak_links_phase3_seed,/Users/asewaket/Documents/LTSpice Superconducting Circuit/matlab_v7_4_6_files/outputs/v7_4_6_as006_gap_weaklink_v800_phase3_seed_1010/AS006_v7_4_6_gap_weaklink_scores.csv
AS006,boundary_sns_a4_1_g0_7_p0_1,"SNS-like boundary constriction, alpha=4.1, tau=0.7, p=0.1",boundary_lane,boundary_constriction,conductance,4.1,0.999999999999997,0.7,0.1,0.962091503267973,0.7,0.12636165577342,8.06454794387953e-07,4.57832785193105e-07,0.153621879920711,176.304463519907,0.220490250180741,0.305380057482863,0.32301127791285,0.147973635603349,0.0468344125691664,0.238355766617214,0.343105695151196,0.359502468489059,0.137030532347551,0.0482556526445825,235.174020783889,226.846796372393,1010,v7.4.6,gap_tied_weak_links_phase3_seed,/Users/asewaket/Documents/LTSpice Superconducting Circuit/matlab_v7_4_6_files/outputs/v7_4_6_as006_gap_weaklink_v800_phase3_seed_1010/AS006_v7_4_6_gap_weaklink_scores.csv
AS006,crack_tunnel_a3_7_g0_7_p0_3,"tunnel/crack-like links, alpha=3.7, tau=0.7, p=0.3",tear_lane,crack_tunnel,conductance,3.7,0,0.7,0.3,0.909934640522874,0.7,0.300217864923747,5.14108710366296e-07,4.06052780493672e-07,0.0887384719771545,163.931320164426,0.220540375376332,0.305411415201997,0.325944724534022,0.143785634149714,0.0471551510579806,0.218666451552415,0.301376972014956,0.32193817903643,0.145675631442736,0.0464689331299485,252.184496115994,247.730150521535,1010,v7.4.6,gap_tied_weak_links_phase3_seed,/Users/asewaket/Documents/LTSpice Superconducting Circuit/matlab_v7_4_6_files/outputs/v7_4_6_as006_gap_weaklink_v800_phase3_seed_1010/AS006_v7_4_6_gap_weaklink_scores.csv
AS006,crack_tunnel_a3_3_g0_7_p0_2,"tunnel/crack-like links, alpha=3.3, tau=0.7, p=0.2",tear_lane,crack_tunnel,conductance,3.3,1,0.7,0.2,0.93986928104575,0.7,0.200435729847495,4.91531563087846e-07,3.60631787171897e-07,0.0867060016653104,171.016102427999,0.220588798448465,0.303912618946559,0.326762369755518,0.144304956575853,0.0468160305037943,0.219597803660189,0.301751798372136,0.324618017424867,0.145303906729603,0.0465258060232862,251.838245297885,246.289967625832,1010,v7.4.6,gap_tied_weak_links_phase3_seed,/Users/asewaket/Documents/LTSpice Superconducting Circuit/matlab_v7_4_6_files/outputs/v7_4_6_as006_gap_weaklink_v800_phase3_seed_1010/AS006_v7_4_6_gap_weaklink_scores.csv
AS006,crack_tunnel_a3_7_g0_7_p0_1,"tunnel/crack-like links, alpha=3.7, tau=0.7, p=0.1",tear_lane,crack_tunnel,conductance,3.7,0,0.7,0.1,0.969934640522875,0.7,0.100217864923747,6.39108924086039e-07,4.06900002349241e-07,0.118282978048986,176.304463519907,0.220629854795242,0.30481504419528,0.32478589153499,0.146626055133526,0.0466763506777907,0.226426548023975,0.318158464250099,0.33780584777293,0.141022719471211,0.046535642928134,243.693137170523,239.83279836645,1010,v7.4.6,gap_tied_weak_links_phase3_seed,/Users/asewaket/Documents/LTSpice Superconducting Circuit/matlab_v7_4_6_files/outputs/v7_4_6_as006_gap_weaklink_v800_phase3_seed_1010/AS006_v7_4_6_gap_weaklink_scores.csv
AS006,boundary_sns_a3_3_g0_7_p0_2,"SNS-like boundary constriction, alpha=3.3, tau=0.7, p=0.2",boundary_lane,boundary_constriction,conductance,3.3,1,0.7,0.2,0.933594771241829,0.7,0.221350762527233,5.9628481491344e-07,3.74056302582857e-07,0.111253010248512,171.016102427999,0.22063147076579,0.303787910222845,0.325077174932691,0.146975442779433,0.0467650839996026,0.239406476646864,0.342560579079909,0.362739528093902,0.136910122819837,0.0485399764652874,234.926498790553,226.017666134266,1010,v7.4.6,gap_tied_weak_links_phase3_seed,/Users/asewaket/Documents/LTSpice Superconducting Circuit/matlab_v7_4_6_files/outputs/v7_4_6_as006_gap_weaklink_v800_phase3_seed_1010/AS006_v7_4_6_gap_weaklink_scores.csv
AS006,boundary_sns_a3_3_g0_2_p0_05,"SNS-like boundary constriction, alpha=3.3, tau=0.2, p=0.05",boundary_lane,boundary_constriction,conductance,3.3,1,0.2,0.05,0.949455337690632,0.2,0.0631808278867102,2.02459671061674e-07,3.68450689757812e-07,0.128277415587284,164.650594909815,0.220782680383349,0.303885158299671,0.324498526580052,0.14811706462183,0.0470094913246973,0.252566819824595,0.366122957309793,0.384815530961703,0.13938787245979,0.0490491220554647,224.713135108517,216.124865589091,1010,v7.4.6,gap_tied_weak_links_phase3_seed,/Users/asewaket/Documents/LTSpice Superconducting Circuit/matlab_v7_4_6_files/outputs/v7_4_6_as006_gap_weaklink_v800_phase3_seed_1010/AS006_v7_4_6_gap_weaklink_scores.csv
AS006,contact_relaxed_a3_7_g0_05_p0_1,"contact-relaxed SNS links, alpha=3.7, tau=0.05, p=0.1",contact_relaxation,contact_relaxed,conductance,3.7,0,0.05,0.1,0.904793028322441,0.05,0.100217864923747,2.2293728169614e-08,5.07002961908748e-07,0.0421215269528225,136.165733220781,0.220886844826343,0.300715040502232,0.329986199093698,0.143242284782993,0.0471904792367699,0.201132602532489,0.242123338133282,0.269512486560122,0.192403733825092,0.0513881557675869,287.236553556932,274.862673452517,1010,v7.4.6,gap_tied_weak_links_phase3_seed,/Users/asewaket/Documents/LTSpice Superconducting Circuit/matlab_v7_4_6_files/outputs/v7_4_6_as006_gap_weaklink_v800_phase3_seed_1010/AS006_v7_4_6_gap_weaklink_scores.csv
AS006,crack_tunnel_a3_3_g0_7_p0_3,"tunnel/crack-like links, alpha=3.3, tau=0.7, p=0.3",tear_lane,crack_tunnel,conductance,3.3,1,0.7,0.3,0.909934640522874,0.7,0.300217864923747,4.58529390326697e-07,3.62155182602464e-07,0.0791451236553,163.931320164426,0.220975927126547,0.305255215628338,0.328079838584181,0.14269746678475,0.0471128690011405,0.218056482682859,0.298771236020379,0.321620620341255,0.145722360487105,0.04652214118784,253.488239836156,248.835696420377,1010,v7.4.6,gap_tied_weak_links_phase3_seed,/Users/asewaket/Documents/LTSpice Superconducting Circuit/matlab_v7_4_6_files/outputs/v7_4_6_as006_gap_weaklink_v800_phase3_seed_1010/AS006_v7_4_6_gap_weaklink_scores.csv
AS006,shuffled_tau_control,"same weak-link histogram, shuffled positions",shuffled,boundary_constriction,conductance,3.7,0,0.01,0.08,0.920627450980392,0.01,0.0801742919389978,4.70818876625647e-09,4.34422447039289e-07,0.0512420748890216,158.345082740024,0.221043502884224,0.306199873026187,0.325410308691139,0.146447516586432,0.0464902054524006,0.229958798141982,0.311251769225037,0.330129246972544,0.147154471548505,0.076872949847291,237.846325039285,253.871203307783,1010,v7.4.6,gap_tied_weak_links_phase3_seed,/Users/asewaket/Documents/LTSpice Superconducting Circuit/matlab_v7_4_6_files/outputs/v7_4_6_as006_gap_weaklink_v800_phase3_seed_1010/AS006_v7_4_6_gap_weaklink_scores.csv
AS006,boundary_sns_a3_7_g0_2_p0_05,"SNS-like boundary constriction, alpha=3.7, tau=0.2, p=0.05",boundary_lane,boundary_constriction,conductance,3.7,0,0.2,0.05,0.949455337690632,0.2,0.0631808278867102,2.27000237250968e-07,4.13111379425425e-07,0.143826193234228,164.650594909815,0.221059210061223,0.305716409908878,0.324437040547416,0.148130774862804,0.0466513508607522,0.253050531672694,0.368325411298642,0.384927023829141,0.139415502024252,0.0490355778335152,225.030345652206,215.709759231057,1010,v7.4.6,gap_tied_weak_links_phase3_seed,/Users/asewaket/Documents/LTSpice Superconducting Circuit/matlab_v7_4_6_files/outputs/v7_4_6_as006_gap_weaklink_v800_phase3_seed_1010/AS006_v7_4_6_gap_weaklink_scores.csv
AS006,contact_relaxed_a3_3_g0_1_p0_1,"contact-relaxed SNS links, alpha=3.3, tau=0.1, p=0.1",contact_relaxation,contact_relaxed,conductance,3.3,1,0.1,0.1,0.909803921568628,0.1,0.100217864923747,3.79563631218703e-08,4.31600950268638e-07,0.0375678483633281,142.661947735462,0.221109877771909,0.299004539980977,0.333138442686116,0.141365507500235,0.0468456898025741,0.202546094941032,0.248345803489232,0.281139869486183,0.178130097505911,0.0497272777327213,281.293569682178,269.81371264253,1010,v7.4.6,gap_tied_weak_links_phase3_seed,/Users/asewaket/Documents/LTSpice Superconducting Circuit/matlab_v7_4_6_files/outputs/v7_4_6_as006_gap_weaklink_v800_phase3_seed_1010/AS006_v7_4_6_gap_weaklink_scores.csv
AS006,boundary_sns_a4_1_g0_4_p0_05,"SNS-like boundary constriction, alpha=4.1, tau=0.4, p=0.05",boundary_lane,boundary_constriction,conductance,4.1,0.999999999999997,0.4,0.05,0.962091503267973,0.4,0.0631808278867102,4.83255531526376e-07,4.57810058232065e-07,0.159374970881171,171.405561772743,0.221110802690224,0.306851909343185,0.324082694390644,0.147894105731163,0.0466897567603533,0.246505455474372,0.358221547114587,0.37367229858394,0.137460882206472,0.0485531049772895,229.597336839386,220.723879915584,1010,v7.4.6,gap_tied_weak_links_phase3_seed,/Users/asewaket/Documents/LTSpice Superconducting Circuit/matlab_v7_4_6_files/outputs/v7_4_6_as006_gap_weaklink_v800_phase3_seed_1010/AS006_v7_4_6_gap_weaklink_scores.csv
AS006,crack_tunnel_a3_3_g0_7_p0_1,"tunnel/crack-like links, alpha=3.3, tau=0.7, p=0.1",tear_lane,crack_tunnel,conductance,3.3,1,0.7,0.1,0.969934640522875,0.7,0.100217864923747,5.70016067428089e-07,3.6291081290608e-07,0.105495629070717,176.304463519907,0.221111970147262,0.304859885867619,0.326970936945454,0.145543572231921,0.0465713599242454,0.225916943309924,0.315741127572462,0.337641969675994,0.14108799003344,0.0466101545023667,245.202203948108,240.556592566979,1010,v7.4.6,gap_tied_weak_links_phase3_seed,/Users/asewaket/Documents/LTSpice Superconducting Circuit/matlab_v7_4_6_files/outputs/v7_4_6_as006_gap_weaklink_v800_phase3_seed_1010/AS006_v7_4_6_gap_weaklink_scores.csv
AS006,contact_relaxed_a3_3_g0_05_p0_1,"contact-relaxed SNS links, alpha=3.3, tau=0.05, p=0.1",contact_relaxation,contact_relaxed,conductance,3.3,1,0.05,0.1,0.904793028322441,0.05,0.100217864923747,1.98835953945206e-08,4.52191830891586e-07,0.0375678483633281,136.165733220781,0.221327087912875,0.298953144499283,0.333288279185443,0.141987474389168,0.0469434635041051,0.200272217782523,0.23790731501808,0.269068642806626,0.19293668077874,0.0514127980095124,289.702608600238,276.709138318185,1010,v7.4.6,gap_tied_weak_links_phase3_seed,/Users/asewaket/Documents/LTSpice Superconducting Circuit/matlab_v7_4_6_files/outputs/v7_4_6_as006_gap_weaklink_v800_phase3_seed_1010/AS006_v7_4_6_gap_weaklink_scores.csv
AS006,boundary_sns_a3_7_g0_7_p0_1,"SNS-like boundary constriction, alpha=3.7, tau=0.7, p=0.1",boundary_lane,boundary_constriction,conductance,3.7,0,0.7,0.1,0.962091503267973,0.7,0.12636165577342,7.277762778623e-07,4.13166172003534e-07,0.138634379440642,176.304463519907,0.221454893435573,0.306911368520639,0.326023610989543,0.146385654839117,0.04683971087663,0.237967930687384,0.34125394267132,0.359450820572451,0.137011471686115,0.048282435156167,236.625734923299,228.179892939115,1010,v7.4.6,gap_tied_weak_links_phase3_seed,/Users/asewaket/Documents/LTSpice Superconducting Circuit/matlab_v7_4_6_files/outputs/v7_4_6_as006_gap_weaklink_v800_phase3_seed_1010/AS006_v7_4_6_gap_weaklink_scores.csv
AS006,contact_relaxed_a3_3_g0_2_p0_1,"contact-relaxed SNS links, alpha=3.3, tau=0.2, p=0.1",contact_relaxation,contact_relaxed,conductance,3.3,1,0.2,0.1,0.919825708061001,0.2,0.100217864923747,7.17625788370531e-08,4.08005333919279e-07,0.0375678483633281,150.912321705044,0.221466081799411,0.300950710803363,0.33314562897068,0.141331814128787,0.0467100798340206,0.210583165765115,0.273621153710313,0.30586683590208,0.1563967087148,0.0485318263931207,266.873386510092,256.722087625579,1010,v7.4.6,gap_tied_weak_links_phase3_seed,/Users/asewaket/Documents/LTSpice Superconducting Circuit/matlab_v7_4_6_files/outputs/v7_4_6_as006_gap_weaklink_v800_phase3_seed_1010/AS006_v7_4_6_gap_weaklink_scores.csv
AS006,boundary_sns_a3_3_g0_7_p0_1,"SNS-like boundary constriction, alpha=3.3, tau=0.7, p=0.1",boundary_lane,boundary_constriction,conductance,3.3,1,0.7,0.1,0.962091503267973,0.7,0.12636165577342,6.49097761336646e-07,3.68499558813962e-07,0.123646878960573,176.304463519907,0.221481861823136,0.305965562667846,0.327048708786578,0.145829968274163,0.04682104572862,0.237473434447083,0.338973282813214,0.359332683110535,0.136994449453147,0.0483186321623315,237.226914066176,228.607808694696,1010,v7.4.6,gap_tied_weak_links_phase3_seed,/Users/asewaket/Documents/LTSpice Superconducting Circuit/matlab_v7_4_6_files/outputs/v7_4_6_as006_gap_weaklink_v800_phase3_seed_1010/AS006_v7_4_6_gap_weaklink_scores.csv
AS006,combined_a3_7_g0_7_p0_05,"combined weak-link classes, alpha=3.7, tau=0.7, p=0.05",combined,boundary_constriction,conductance,3.7,0,0.7,0.05,0.984967320261438,0.7,0.0501089324618736,7.27979468009104e-07,4.05730278760539e-07,0.13147295764869,180.32499839268,0.221605679461251,0.307040015609319,0.326749909069813,0.14602949138695,0.0466391765910761,0.22749133995793,0.320480009798407,0.339849804576181,0.140664796436084,0.0464085364378219,244.244118305836,239.232955786362,1010,v7.4.6,gap_tied_weak_links_phase3_seed,/Users/asewaket/Documents/LTSpice Superconducting Circuit/matlab_v7_4_6_files/outputs/v7_4_6_as006_gap_weaklink_v800_phase3_seed_1010/AS006_v7_4_6_gap_weaklink_scores.csv
AS006,contact_relaxed_a4_1_g0_1_p0_05,"contact-relaxed SNS links, alpha=4.1, tau=0.1, p=0.05",contact_relaxation,contact_relaxed,conductance,4.1,0.999999999999997,0.1,0.05,0.954509803921569,0.1,0.0505446623093682,3.816253526075e-08,4.91803364331629e-07,0.0427824271960306,160.69578661986,0.221728034577783,0.307575253539236,0.328462566337865,0.143402745192012,0.0470019967684008,0.222701652583573,0.309591647590789,0.330444665363092,0.142590173417637,0.0474007341696164,250.766943825215,243.401801037347,1010,v7.4.6,gap_tied_weak_links_phase3_seed,/Users/asewaket/Documents/LTSpice Superconducting Circuit/matlab_v7_4_6_files/outputs/v7_4_6_as006_gap_weaklink_v800_phase3_seed_1010/AS006_v7_4_6_gap_weaklink_scores.csv
AS006,contact_relaxed_a4_1_g0_2_p0_05,"contact-relaxed SNS links, alpha=4.1, tau=0.2, p=0.05",contact_relaxation,contact_relaxed,conductance,4.1,0.999999999999997,0.2,0.05,0.959564270152505,0.2,0.0505446623093682,7.44917882196952e-08,4.79990543227936e-07,0.0427824271960306,164.650594909815,0.221772029864974,0.307683976821778,0.328454832170543,0.143653618561786,0.0468131930024115,0.228897784901747,0.322960750890803,0.343346307072943,0.138494532846512,0.0475539701821416,244.876277456536,237.067774102878,1010,v7.4.6,gap_tied_weak_links_phase3_seed,/Users/asewaket/Documents/LTSpice Superconducting Circuit/matlab_v7_4_6_files/outputs/v7_4_6_as006_gap_weaklink_v800_phase3_seed_1010/AS006_v7_4_6_gap_weaklink_scores.csv
AS006,crack_tunnel_a4_1_g0_7_p0_05,"tunnel/crack-like links, alpha=4.1, tau=0.7, p=0.05",tear_lane,crack_tunnel,conductance,4.1,0.999999999999997,0.7,0.05,0.984836601307189,0.7,0.0505446623093682,7.62790527921676e-07,4.49593011599517e-07,0.144525401405259,180.32499839268,0.221939220174151,0.308619111013725,0.326471179633709,0.146304596498921,0.0468716798743861,0.22960676039086,0.326040493778037,0.34337361097719,0.139662928522028,0.0465108283136459,241.371173781339,238.493199417763,1010,v7.4.6,gap_tied_weak_links_phase3_seed,/Users/asewaket/Documents/LTSpice Superconducting Circuit/matlab_v7_4_6_files/outputs/v7_4_6_as006_gap_weaklink_v800_phase3_seed_1010/AS006_v7_4_6_gap_weaklink_scores.csv
AS006,contact_relaxed_a4_1_g0_05_p0_05,"contact-relaxed SNS links, alpha=4.1, tau=0.05, p=0.05",contact_relaxation,contact_relaxed,conductance,4.1,0.999999999999997,0.05,0.05,0.9519825708061,0.05,0.0505446623093682,1.93645376194063e-08,4.99104406186836e-07,0.0427824271960306,158.345082740024,0.222080087675406,0.308569600557646,0.328880106833311,0.143324067868938,0.0471355660249183,0.218914297604222,0.301060510805733,0.321481316345526,0.146910729844144,0.0472802613055241,255.164069549027,248.124997938948,1010,v7.4.6,gap_tied_weak_links_phase3_seed,/Users/asewaket/Documents/LTSpice Superconducting Circuit/matlab_v7_4_6_files/outputs/v7_4_6_as006_gap_weaklink_v800_phase3_seed_1010/AS006_v7_4_6_gap_weaklink_scores.csv
AS006,combined_a3_3_g0_7_p0_05,"combined weak-link classes, alpha=3.3, tau=0.7, p=0.05",combined,boundary_constriction,conductance,3.3,1,0.7,0.05,0.984967320261438,0.7,0.0501089324618736,6.49278984981093e-07,3.61867545921562e-07,0.117259664929913,180.32499839268,0.222324264299718,0.307638676885111,0.32943779234708,0.144727219499785,0.0465574836313568,0.226990624001305,0.318125329051229,0.33971552080099,0.140690448292739,0.0464625691876427,245.877501916244,240.284969585217,1010,v7.4.6,gap_tied_weak_links_phase3_seed,/Users/asewaket/Documents/LTSpice Superconducting Circuit/matlab_v7_4_6_files/outputs/v7_4_6_as006_gap_weaklink_v800_phase3_seed_1010/AS006_v7_4_6_gap_weaklink_scores.csv
AS006,boundary_sns_a4_1_g0_7_p0_05,"SNS-like boundary constriction, alpha=4.1, tau=0.7, p=0.05",boundary_lane,boundary_constriction,conductance,4.1,0.999999999999997,0.7,0.05,0.981045751633987,0.7,0.0631808278867102,8.03866361008914e-07,4.49615732327475e-07,0.159374970881171,180.32499839268,0.222443549720436,0.310330769013757,0.327480793002642,0.145634704118287,0.0467522116859417,0.239280107508078,0.345137668811429,0.36123681014497,0.136798995852543,0.0480997061595871,236.471883232913,228.036681552243,1010,v7.4.6,gap_tied_weak_links_phase3_seed,/Users/asewaket/Documents/LTSpice Superconducting Circuit/matlab_v7_4_6_files/outputs/v7_4_6_as006_gap_weaklink_v800_phase3_seed_1010/AS006_v7_4_6_gap_weaklink_scores.csv
AS006,contact_relaxed_a4_1_g0_4_p0_05,"contact-relaxed SNS links, alpha=4.1, tau=0.4, p=0.05",contact_relaxation,contact_relaxed,conductance,4.1,0.999999999999997,0.4,0.05,0.969673202614379,0.4,0.0505446623093682,1.43112243493363e-07,4.62053640855414e-07,0.0427824271960306,171.405561772743,0.222501698840601,0.309909202948454,0.329052748077898,0.143849032861236,0.0469456910416851,0.235441584363918,0.336907520837645,0.35531440520078,0.136653805853309,0.0476829345639431,239.471753436365,231.947822763469,1010,v7.4.6,gap_tied_weak_links_phase3_seed,/Users/asewaket/Documents/LTSpice Superconducting Circuit/matlab_v7_4_6_files/outputs/v7_4_6_as006_gap_weaklink_v800_phase3_seed_1010/AS006_v7_4_6_gap_weaklink_scores.csv
AS006,boundary_sns_a3_3_g0_4_p0_05,"SNS-like boundary constriction, alpha=3.3, tau=0.4, p=0.05",boundary_lane,boundary_constriction,conductance,3.3,1,0.4,0.05,0.962091503267973,0.4,0.0631808278867102,3.88961769277327e-07,3.68481266381906e-07,0.128277415587284,171.405561772743,0.222503156074647,0.308182013239446,0.328761328707332,0.145543314382155,0.0470722989182621,0.245620435689517,0.354106504703745,0.373513786377632,0.137415951838336,0.0485766077850635,231.395502420858,223.180250456794,1010,v7.4.6,gap_tied_weak_links_phase3_seed,/Users/asewaket/Documents/LTSpice Superconducting Circuit/matlab_v7_4_6_files/outputs/v7_4_6_as006_gap_weaklink_v800_phase3_seed_1010/AS006_v7_4_6_gap_weaklink_scores.csv
AS006,contact_relaxed_a4_1_g0_7_p0_2,"contact-relaxed SNS links, alpha=4.1, tau=0.7, p=0.2",contact_relaxation,contact_relaxed,conductance,4.1,0.999999999999997,0.7,0.2,0.939999999999999,0.7,0.2,3.20894282529522e-07,4.4835944181789e-07,0.0507979231092266,171.016102427999,0.222523051136117,0.31048456568424,0.328621964952002,0.144025177574042,0.0470107793627912,0.225174931998589,0.315759681538132,0.333793000612785,0.142049586493338,0.0484152442657666,249.915499633853,241.226822160524,1010,v7.4.6,gap_tied_weak_links_phase3_seed,/Users/asewaket/Documents/LTSpice Superconducting Circuit/matlab_v7_4_6_files/outputs/v7_4_6_as006_gap_weaklink_v800_phase3_seed_1010/AS006_v7_4_6_gap_weaklink_scores.csv
AS006,contact_relaxed_a3_7_g0_4_p0_1,"contact-relaxed SNS links, alpha=3.7, tau=0.4, p=0.1",contact_relaxation,contact_relaxed,conductance,3.7,0,0.4,0.1,0.939869281045751,0.4,0.100217864923747,1.49435901000838e-07,4.28146368978559e-07,0.0421215269528225,162.512050831654,0.222534966310349,0.307889475833864,0.331188573149088,0.142733731350539,0.0467881885188046,0.224916208746318,0.312581104508225,0.335797876332554,0.141113756410233,0.0479614601286047,250.14304092095,241.537232239347,1010,v7.4.6,gap_tied_weak_links_phase3_seed,/Users/asewaket/Documents/LTSpice Superconducting Circuit/matlab_v7_4_6_files/outputs/v7_4_6_as006_gap_weaklink_v800_phase3_seed_1010/AS006_v7_4_6_gap_weaklink_scores.csv
AS006,boundary_sns_a3_7_g0_4_p0_05,"SNS-like boundary constriction, alpha=3.7, tau=0.4, p=0.05",boundary_lane,boundary_constriction,conductance,3.7,0,0.4,0.05,0.962091503267973,0.4,0.0631808278867102,4.36108650401852e-07,4.13145662306986e-07,0.143826193234228,171.405561772743,0.222628638269764,0.309588770859469,0.328254999389077,0.145792550166745,0.0468674838500346,0.246104872244774,0.356331906599335,0.373622358403493,0.137436692523932,0.0485574617635059,231.309563483172,222.749863855661,1010,v7.4.6,gap_tied_weak_links_phase3_seed,/Users/asewaket/Documents/LTSpice Superconducting Circuit/matlab_v7_4_6_files/outputs/v7_4_6_as006_gap_weaklink_v800_phase3_seed_1010/AS006_v7_4_6_gap_weaklink_scores.csv
AS006,contact_relaxed_a4_1_g0_7_p0_1,"contact-relaxed SNS links, alpha=4.1, tau=0.7, p=0.1",contact_relaxation,contact_relaxed,conductance,4.1,0.999999999999997,0.7,0.1,0.969934640522875,0.7,0.100217864923747,2.67114455327257e-07,4.44724639297872e-07,0.0466752055423168,176.304463519907,0.222662295079452,0.310840161315187,0.328859958001076,0.144158435482153,0.0467683432275007,0.23381352940424,0.334163426746845,0.351598853312613,0.137450706258153,0.0477928441545949,241.390283030113,233.276134343403,1010,v7.4.6,gap_tied_weak_links_phase3_seed,/Users/asewaket/Documents/LTSpice Superconducting Circuit/matlab_v7_4_6_files/outputs/v7_4_6_as006_gap_weaklink_v800_phase3_seed_1010/AS006_v7_4_6_gap_weaklink_scores.csv
AS006,contact_relaxed_a4_1_g0_7_p0_3,"contact-relaxed SNS links, alpha=4.1, tau=0.7, p=0.3",contact_relaxation,contact_relaxed,conductance,4.1,0.999999999999997,0.7,0.3,0.909934640522874,0.7,0.300217864923747,3.60958412308502e-07,4.48683562680236e-07,0.0546500746235949,163.931320164426,0.222770043599742,0.311367886478328,0.32953664645171,0.143052965384846,0.0469769934988293,0.21855874562913,0.300711735929842,0.319072236277115,0.148263497974549,0.0483762062626686,257.679900763956,248.693651748492,1010,v7.4.6,gap_tied_weak_links_phase3_seed,/Users/asewaket/Documents/LTSpice Superconducting Circuit/matlab_v7_4_6_files/outputs/v7_4_6_as006_gap_weaklink_v800_phase3_seed_1010/AS006_v7_4_6_gap_weaklink_scores.csv
AS006,crack_tunnel_a3_3_g0_7_p0_05,"tunnel/crack-like links, alpha=3.3, tau=0.7, p=0.05",tear_lane,crack_tunnel,conductance,3.3,1,0.7,0.05,0.984836601307189,0.7,0.0505446623093682,6.13953351741837e-07,3.61867545921562e-07,0.116325323082282,180.32499839268,0.222881763919229,0.309032141859485,0.33050461807598,0.144360943939317,0.0465424161795467,0.228754394778131,0.321928102454229,0.343174152230571,0.139709391504325,0.0466523656525188,244.251451945326,239.621325928458,1010,v7.4.6,gap_tied_weak_links_phase3_seed,/Users/asewaket/Documents/LTSpice Superconducting Circuit/matlab_v7_4_6_files/outputs/v7_4_6_as006_gap_weaklink_v800_phase3_seed_1010/AS006_v7_4_6_gap_weaklink_scores.csv
AS006,bulk_AB_reference,"bulk AB reference: no weak-link mask",none,bulk_sns,conductance,3.7,0,NaN,0,1,NaN,0,NaN,4.62252173358057e-07,NaN,158.345082740024,0.222895785527493,0.31193458616533,0.328633271590465,0.144585745643134,0.0467039341349033,0.289435413746735,0.426572452572757,0.439481965012478,0.16293597198107,0.0478412124127459,202.707796586201,195.71717729224,1010,v7.4.6,gap_tied_weak_links_phase3_seed,/Users/asewaket/Documents/LTSpice Superconducting Circuit/matlab_v7_4_6_files/outputs/v7_4_6_as006_gap_weaklink_v800_phase3_seed_1010/AS006_v7_4_6_gap_weaklink_scores.csv
AS006,crack_tunnel_a3_7_g0_7_p0_05,"tunnel/crack-like links, alpha=3.7, tau=0.7, p=0.05",tear_lane,crack_tunnel,conductance,3.7,0,0.7,0.05,0.984836601307189,0.7,0.0505446623093682,6.88371939831757e-07,4.05730278760539e-07,0.13042536224377,180.32499839268,0.222994311622281,0.310371849321187,0.329744146040866,0.144726138369921,0.0466397802562995,0.229243112817628,0.324257566679826,0.343310860941909,0.13967813749515,0.0465663188910348,243.363960136388,239.658523941791,1010,v7.4.6,gap_tied_weak_links_phase3_seed,/Users/asewaket/Documents/LTSpice Superconducting Circuit/matlab_v7_4_6_files/outputs/v7_4_6_as006_gap_weaklink_v800_phase3_seed_1010/AS006_v7_4_6_gap_weaklink_scores.csv
AS006,uniform_tau_control,"same mean weak transparency, spatially uniform",uniform,boundary_constriction,conductance,3.7,0,0.01,0.08,0.920627450980405,0.920627450980392,1,4.25562040068775e-07,4.25562040068775e-07,0.0488025416612103,158.345082740024,0.223488918754072,0.31415893213432,0.331218992059944,0.141532824250446,0.0467363952180792,0.261655687453549,0.383466153874374,0.398866737111086,0.14314397305731,0.0478655271273353,221.328512670571,213.69649546339,1010,v7.4.6,gap_tied_weak_links_phase3_seed,/Users/asewaket/Documents/LTSpice Superconducting Circuit/matlab_v7_4_6_files/outputs/v7_4_6_as006_gap_weaklink_v800_phase3_seed_1010/AS006_v7_4_6_gap_weaklink_scores.csv
AS006,contact_relaxed_a4_1_g0_7_p0_05,"contact-relaxed SNS links, alpha=4.1, tau=0.7, p=0.05",contact_relaxation,contact_relaxed,conductance,4.1,0.999999999999997,0.7,0.05,0.984836601307189,0.7,0.0505446623093682,2.38058565060735e-07,4.40915987555725e-07,0.0427824271960306,180.32499839268,0.223579559925184,0.313048086915987,0.330747940575747,0.143402068734948,0.0467882307836886,0.236907776721478,0.340454466093836,0.357445744935298,0.13664432432034,0.0477489584763545,239.495293733096,231.519536965107,1010,v7.4.6,gap_tied_weak_links_phase3_seed,/Users/asewaket/Documents/LTSpice Superconducting Circuit/matlab_v7_4_6_files/outputs/v7_4_6_as006_gap_weaklink_v800_phase3_seed_1010/AS006_v7_4_6_gap_weaklink_scores.csv
AS006,contact_relaxed_a3_7_g0_1_p0_05,"contact-relaxed SNS links, alpha=3.7, tau=0.1, p=0.05",contact_relaxation,contact_relaxed,conductance,3.7,0,0.1,0.05,0.954509803921569,0.1,0.0505446623093682,3.44393610889695e-08,4.43822548299275e-07,0.0386085318598325,160.69578661986,0.223695036644254,0.310929806173802,0.333861061379416,0.141096179705125,0.0469182950020812,0.222073180624578,0.30707213097398,0.330060250812541,0.142644331145402,0.0473829192952089,253.690730393364,246.073959966514,1010,v7.4.6,gap_tied_weak_links_phase3_seed,/Users/asewaket/Documents/LTSpice Superconducting Circuit/matlab_v7_4_6_files/outputs/v7_4_6_as006_gap_weaklink_v800_phase3_seed_1010/AS006_v7_4_6_gap_weaklink_scores.csv
AS006,contact_relaxed_a3_7_g0_2_p0_05,"contact-relaxed SNS links, alpha=3.7, tau=0.2, p=0.05",contact_relaxation,contact_relaxed,conductance,3.7,0,0.2,0.05,0.959564270152505,0.2,0.0505446623093682,6.72242966860664e-08,4.33162197547162e-07,0.0386085318598325,164.650594909815,0.223948242447006,0.311477602685517,0.334284947317869,0.141141763787598,0.0468377470087459,0.228271643194375,0.320397208972129,0.343043499726862,0.138468398489351,0.0475493843660494,247.797532501165,239.932219519387,1010,v7.4.6,gap_tied_weak_links_phase3_seed,/Users/asewaket/Documents/LTSpice Superconducting Circuit/matlab_v7_4_6_files/outputs/v7_4_6_as006_gap_weaklink_v800_phase3_seed_1010/AS006_v7_4_6_gap_weaklink_scores.csv
AS006,contact_relaxed_a3_7_g0_7_p0_3,"contact-relaxed SNS links, alpha=3.7, tau=0.7, p=0.3",contact_relaxation,contact_relaxed,conductance,3.7,0,0.7,0.3,0.909934640522874,0.7,0.300217864923747,3.25742957449136e-07,4.04909556565091e-07,0.049318360026171,163.931320164426,0.223991402570728,0.313143690676229,0.333261865216582,0.141465849471135,0.0467727462094737,0.218081322934989,0.298639418273767,0.318892068801511,0.148268531223119,0.0483704119696354,259.885128284486,250.372870601898,1010,v7.4.6,gap_tied_weak_links_phase3_seed,/Users/asewaket/Documents/LTSpice Superconducting Circuit/matlab_v7_4_6_files/outputs/v7_4_6_as006_gap_weaklink_v800_phase3_seed_1010/AS006_v7_4_6_gap_weaklink_scores.csv
AS006,contact_relaxed_a3_7_g0_05_p0_05,"contact-relaxed SNS links, alpha=3.7, tau=0.05, p=0.05",contact_relaxation,contact_relaxed,conductance,3.7,0,0.05,0.05,0.9519825708061,0.05,0.0505446623093682,1.74753144370252e-08,4.5041129338812e-07,0.0386085318598325,158.345082740024,0.224064587987158,0.311838439716143,0.334316954997453,0.141082297820396,0.0470769566986103,0.218332629147412,0.298621112202919,0.321170792622263,0.146987327175314,0.0472589874760412,258.084876331756,250.872037604606,1010,v7.4.6,gap_tied_weak_links_phase3_seed,/Users/asewaket/Documents/LTSpice Superconducting Circuit/matlab_v7_4_6_files/outputs/v7_4_6_as006_gap_weaklink_v800_phase3_seed_1010/AS006_v7_4_6_gap_weaklink_scores.csv
AS006,contact_relaxed_a3_3_g0_4_p0_1,"contact-relaxed SNS links, alpha=3.3, tau=0.4, p=0.1",contact_relaxation,contact_relaxed,conductance,3.3,1,0.4,0.1,0.939869281045751,0.4,0.100217864923747,1.33280668460207e-07,3.81860275034931e-07,0.0375678483633281,162.512050831654,0.224118768576878,0.309549702658945,0.336186336231758,0.140739769407555,0.0467933400604283,0.224074263984192,0.308863220176756,0.335521171999144,0.141093572629522,0.0479790829588006,252.765718810911,243.991164122778,1010,v7.4.6,gap_tied_weak_links_phase3_seed,/Users/asewaket/Documents/LTSpice Superconducting Circuit/matlab_v7_4_6_files/outputs/v7_4_6_as006_gap_weaklink_v800_phase3_seed_1010/AS006_v7_4_6_gap_weaklink_scores.csv
AS006,contact_relaxed_a3_3_g0_7_p0_3,"contact-relaxed SNS links, alpha=3.3, tau=0.7, p=0.3",contact_relaxation,contact_relaxed,conductance,3.3,1,0.7,0.3,0.909934640522874,0.7,0.300217864923747,2.9052750258977e-07,3.61135550449946e-07,0.0439866454287471,163.931320164426,0.224129027173254,0.311953852703063,0.334991155489777,0.140685717317255,0.0465996144095286,0.217374348507338,0.295559945065775,0.318626696157643,0.148273133188785,0.048373662709055,261.143325106308,251.127411207265,1010,v7.4.6,gap_tied_weak_links_phase3_seed,/Users/asewaket/Documents/LTSpice Superconducting Circuit/matlab_v7_4_6_files/outputs/v7_4_6_as006_gap_weaklink_v800_phase3_seed_1010/AS006_v7_4_6_gap_weaklink_scores.csv
AS006,contact_relaxed_a3_7_g0_7_p0_2,"contact-relaxed SNS links, alpha=3.7, tau=0.7, p=0.2",contact_relaxation,contact_relaxed,conductance,3.7,0,0.7,0.2,0.939999999999999,0.7,0.2,2.89587523258349e-07,4.04617057250291e-07,0.0458420281717411,171.016102427999,0.224206785092704,0.313386157592588,0.333382665154122,0.141980899057372,0.0467519800295007,0.224706421639715,0.31365946033345,0.333665218597691,0.142039755780259,0.0484088205938422,252.598187787881,243.259382189037,1010,v7.4.6,gap_tied_weak_links_phase3_seed,/Users/asewaket/Documents/LTSpice Superconducting Circuit/matlab_v7_4_6_files/outputs/v7_4_6_as006_gap_weaklink_v800_phase3_seed_1010/AS006_v7_4_6_gap_weaklink_scores.csv
AS006,boundary_sns_a3_7_g0_7_p0_05,"SNS-like boundary constriction, alpha=3.7, tau=0.7, p=0.05",boundary_lane,boundary_constriction,conductance,3.7,0,0.7,0.05,0.981045751633987,0.7,0.0631808278867102,7.2544037456902e-07,4.05750782832111e-07,0.143826193234228,180.32499839268,0.224573182867186,0.314364960039328,0.332935645717335,0.143183218191444,0.0468845515519616,0.238894852712793,0.343300304864361,0.361195207463123,0.1367785703054,0.0481091327573905,238.897635218858,230.630564887257,1010,v7.4.6,gap_tied_weak_links_phase3_seed,/Users/asewaket/Documents/LTSpice Superconducting Circuit/matlab_v7_4_6_files/outputs/v7_4_6_as006_gap_weaklink_v800_phase3_seed_1010/AS006_v7_4_6_gap_weaklink_scores.csv
AS006,contact_relaxed_a3_3_g0_7_p0_2,"contact-relaxed SNS links, alpha=3.3, tau=0.7, p=0.2",contact_relaxation,contact_relaxed,conductance,3.3,1,0.7,0.2,0.939999999999999,0.7,0.2,2.58280763987177e-07,3.60874672682692e-07,0.0408861332342556,171.016102427999,0.224920884284571,0.313571633972399,0.336197730467216,0.140861609986068,0.0466097466502416,0.224078318412621,0.310834983162497,0.333491005480181,0.142026416115939,0.0484143291653672,254.275292193797,244.486592147685,1010,v7.4.6,gap_tied_weak_links_phase3_seed,/Users/asewaket/Documents/LTSpice Superconducting Circuit/matlab_v7_4_6_files/outputs/v7_4_6_as006_gap_weaklink_v800_phase3_seed_1010/AS006_v7_4_6_gap_weaklink_scores.csv
AS006,contact_relaxed_a3_7_g0_4_p0_05,"contact-relaxed SNS links, alpha=3.7, tau=0.4, p=0.05",contact_relaxation,contact_relaxed,conductance,3.7,0,0.4,0.05,0.969673202614379,0.4,0.0505446623093682,1.2915007339645e-07,4.1697523686952e-07,0.0386085318598325,171.405561772743,0.22516677004798,0.314908125490533,0.335794175070019,0.14106989194192,0.0469485534494333,0.234934355995947,0.334680446708233,0.355160274570938,0.13662068023326,0.0476850024807867,242.722420082332,235.07016029232,1010,v7.4.6,gap_tied_weak_links_phase3_seed,/Users/asewaket/Documents/LTSpice Superconducting Circuit/matlab_v7_4_6_files/outputs/v7_4_6_as006_gap_weaklink_v800_phase3_seed_1010/AS006_v7_4_6_gap_weaklink_scores.csv
AS006,contact_relaxed_a3_3_g0_1_p0_05,"contact-relaxed SNS links, alpha=3.3, tau=0.1, p=0.05",contact_relaxation,contact_relaxed,conductance,3.3,1,0.1,0.05,0.954509803921569,0.1,0.0505446623093682,3.0716186917189e-08,3.95841732266921e-07,0.0344346365236344,160.69578661986,0.225242903670516,0.312737584402329,0.338449654920558,0.139451137130306,0.0468761164263926,0.221306141197466,0.303871123492848,0.3296366186673,0.142723690627082,0.0473908865428531,256.249549717421,248.409891413635,1010,v7.4.6,gap_tied_weak_links_phase3_seed,/Users/asewaket/Documents/LTSpice Superconducting Circuit/matlab_v7_4_6_files/outputs/v7_4_6_as006_gap_weaklink_v800_phase3_seed_1010/AS006_v7_4_6_gap_weaklink_scores.csv
AS006,boundary_sns_a3_3_g0_7_p0_05,"SNS-like boundary constriction, alpha=3.3, tau=0.7, p=0.05",boundary_lane,boundary_constriction,conductance,3.3,1,0.7,0.05,0.981045751633987,0.7,0.0631808278867102,6.47014388129126e-07,3.61885833336748e-07,0.128277415587284,180.32499839268,0.225246169747462,0.314765404498044,0.335272221044845,0.142223875083146,0.0469592135568536,0.238411035400853,0.341055449114573,0.361095626955692,0.136760626304683,0.0481315978363797,239.988230961671,231.769084383874,1010,v7.4.6,gap_tied_weak_links_phase3_seed,/Users/asewaket/Documents/LTSpice Superconducting Circuit/matlab_v7_4_6_files/outputs/v7_4_6_as006_gap_weaklink_v800_phase3_seed_1010/AS006_v7_4_6_gap_weaklink_scores.csv
AS006,contact_relaxed_a3_3_g0_2_p0_05,"contact-relaxed SNS links, alpha=3.3, tau=0.2, p=0.05",contact_relaxation,contact_relaxed,conductance,3.3,1,0.2,0.05,0.959564270152505,0.2,0.0505446623093682,5.99568051524376e-08,3.86333851866388e-07,0.0344346365236344,164.650594909815,0.22532812979805,0.313049960884403,0.338497648920895,0.139545416311747,0.0467880321045961,0.227507765993039,0.317255357203487,0.342658247139538,0.1384421376542,0.0475788681997682,250.148168996076,241.96168821141,1010,v7.4.6,gap_tied_weak_links_phase3_seed,/Users/asewaket/Documents/LTSpice Superconducting Circuit/matlab_v7_4_6_files/outputs/v7_4_6_as006_gap_weaklink_v800_phase3_seed_1010/AS006_v7_4_6_gap_weaklink_scores.csv
AS006,contact_relaxed_a3_7_g0_7_p0_1,"contact-relaxed SNS links, alpha=3.7, tau=0.7, p=0.1",contact_relaxation,contact_relaxed,conductance,3.7,0,0.7,0.1,0.969934640522875,0.7,0.100217864923747,2.41054508466061e-07,4.01336869610275e-07,0.0421215269528225,176.304463519907,0.225483527234675,0.316175436457434,0.335876879748586,0.141311856814165,0.0468178391382067,0.233364775229748,0.33208426725445,0.351509795552833,0.137429785714601,0.0478102345335809,244.7309573203,236.54532258126,1010,v7.4.6,gap_tied_weak_links_phase3_seed,/Users/asewaket/Documents/LTSpice Superconducting Circuit/matlab_v7_4_6_files/outputs/v7_4_6_as006_gap_weaklink_v800_phase3_seed_1010/AS006_v7_4_6_gap_weaklink_scores.csv
AS006,contact_relaxed_a3_3_g0_05_p0_05,"contact-relaxed SNS links, alpha=3.3, tau=0.05, p=0.05",contact_relaxation,contact_relaxed,conductance,3.3,1,0.05,0.05,0.9519825708061,0.05,0.0505446623093682,1.55860912546441e-08,4.01718180589405e-07,0.0344346365236344,158.345082740024,0.225834371253889,0.313950389968816,0.339400502426238,0.13936166879755,0.0470685010577756,0.217614921509446,0.295468682424662,0.32085654421823,0.147077533599754,0.047260055740974,260.831963913816,253.503720731399,1010,v7.4.6,gap_tied_weak_links_phase3_seed,/Users/asewaket/Documents/LTSpice Superconducting Circuit/matlab_v7_4_6_files/outputs/v7_4_6_as006_gap_weaklink_v800_phase3_seed_1010/AS006_v7_4_6_gap_weaklink_scores.csv
AS006,contact_relaxed_a3_7_g0_7_p0_05,"contact-relaxed SNS links, alpha=3.7, tau=0.7, p=0.05",contact_relaxation,contact_relaxed,conductance,3.7,0,0.7,0.05,0.984836601307189,0.7,0.0505446623093682,2.14833339201151e-07,3.9789979364785e-07,0.0386085318598325,180.32499839268,0.226413948726844,0.318492934009195,0.337603774723619,0.140741521301709,0.0468433022315534,0.236517550308071,0.338638945218382,0.357379858871678,0.136620734687088,0.0477581349376755,242.708633315417,234.69861625005,1010,v7.4.6,gap_tied_weak_links_phase3_seed,/Users/asewaket/Documents/LTSpice Superconducting Circuit/matlab_v7_4_6_files/outputs/v7_4_6_as006_gap_weaklink_v800_phase3_seed_1010/AS006_v7_4_6_gap_weaklink_scores.csv
AS006,contact_relaxed_a3_3_g0_4_p0_05,"contact-relaxed SNS links, alpha=3.3, tau=0.4, p=0.05",contact_relaxation,contact_relaxed,conductance,3.3,1,0.4,0.05,0.969673202614379,0.4,0.0505446623093682,1.15187903299536e-07,3.71896832883626e-07,0.0344346365236344,171.405561772743,0.226617589349952,0.316803932098659,0.339994083751544,0.139550322185085,0.046856465354544,0.234296976348207,0.331957711381953,0.354919869022819,0.136557595720914,0.0477204049180079,244.995788828434,236.940421513403,1010,v7.4.6,gap_tied_weak_links_phase3_seed,/Users/asewaket/Documents/LTSpice Superconducting Circuit/matlab_v7_4_6_files/outputs/v7_4_6_as006_gap_weaklink_v800_phase3_seed_1010/AS006_v7_4_6_gap_weaklink_scores.csv
AS006,contact_relaxed_a3_3_g0_7_p0_1,"contact-relaxed SNS links, alpha=3.3, tau=0.7, p=0.1",contact_relaxation,contact_relaxed,conductance,3.3,1,0.7,0.1,0.969934640522875,0.7,0.100217864923747,2.14994561604865e-07,3.57949099922678e-07,0.0375678483633281,176.304463519907,0.227236731707246,0.318628688219171,0.340554133167414,0.13974322670788,0.0469062038892354,0.232817406560947,0.32956820059176,0.351372423343822,0.137410146172228,0.0478544086460021,246.997631749068,238.794658478107,1010,v7.4.6,gap_tied_weak_links_phase3_seed,/Users/asewaket/Documents/LTSpice Superconducting Circuit/matlab_v7_4_6_files/outputs/v7_4_6_as006_gap_weaklink_v800_phase3_seed_1010/AS006_v7_4_6_gap_weaklink_scores.csv
AS006,contact_relaxed_a3_3_g0_7_p0_05,"contact-relaxed SNS links, alpha=3.3, tau=0.7, p=0.05",contact_relaxation,contact_relaxed,conductance,3.3,1,0.7,0.05,0.984836601307189,0.7,0.0505446623093682,1.91608113341567e-07,3.54883599739974e-07,0.0344346365236344,180.32499839268,0.228029187012825,0.320840722339967,0.341822026812791,0.139369735236726,0.0469044967558648,0.236033894899184,0.336456745333769,0.357248181431495,0.136589972316028,0.047790946261999,244.754211704784,236.702807228577,1010,v7.4.6,gap_tied_weak_links_phase3_seed,/Users/asewaket/Documents/LTSpice Superconducting Circuit/matlab_v7_4_6_files/outputs/v7_4_6_as006_gap_weaklink_v800_phase3_seed_1010/AS006_v7_4_6_gap_weaklink_scores.csv
AS006,crack_tunnel_a3_3_g0_05_p0_3,"tunnel/crack-like links, alpha=3.3, tau=0.05, p=0.3",tear_lane,crack_tunnel,shape,3.3,1,0.05,0.3,0.714793028322442,0.05,0.300217864923747,6.07251376667198e-08,4.96914986656926e-07,0.0791451236553,88.4163475652593,0.197769395359185,0.237108587763694,0.276952881670464,0.172462534063448,0.0514926785296127,0.233687618594042,0.226518513795267,0.248324462681875,0.24561709608651,0.200330399373525,245.186495238381,307.417093037457,1010,v7.4.6,gap_tied_weak_links_phase3_seed,/Users/asewaket/Documents/LTSpice Superconducting Circuit/matlab_v7_4_6_files/outputs/v7_4_6_as006_gap_weaklink_v800_phase3_seed_1010/AS006_v7_4_6_gap_weaklink_scores.csv
AS006,crack_tunnel_a3_3_g0_1_p0_3,"tunnel/crack-like links, alpha=3.3, tau=0.1, p=0.3",tear_lane,crack_tunnel,shape,3.3,1,0.1,0.3,0.72980392156863,0.1,0.300217864923747,1.12655683289302e-07,4.60931827489377e-07,0.0791451236553,95.3186687279856,0.198656672073286,0.240670440022968,0.275538418627654,0.176664920986858,0.0495895365114959,0.213023793558952,0.232015346412637,0.262164383274602,0.201932926869706,0.121899792064436,240.440166797363,274.837850507346,1010,v7.4.6,gap_tied_weak_links_phase3_seed,/Users/asewaket/Documents/LTSpice Superconducting Circuit/matlab_v7_4_6_files/outputs/v7_4_6_as006_gap_weaklink_v800_phase3_seed_1010/AS006_v7_4_6_gap_weaklink_scores.csv
AS006,combined_a3_3_g0_05_p0_2,"combined weak-link classes, alpha=3.3, tau=0.05, p=0.2",combined,boundary_constriction,shape,3.3,1,0.05,0.2,0.810000000000001,0.05,0.2,6.46554113364382e-08,4.58416846494647e-07,0.10950850422832,112.58326145549,0.198884594341025,0.240879925385543,0.277290458729584,0.175453953894489,0.0489673011746973,0.20071704399096,0.247967369162679,0.284082183484026,0.168832634882128,0.0474332360924158,243.92880454775,245.210862780497,1010,v7.4.6,gap_tied_weak_links_phase3_seed,/Users/asewaket/Documents/LTSpice Superconducting Circuit/matlab_v7_4_6_files/outputs/v7_4_6_as006_gap_weaklink_v800_phase3_seed_1010/AS006_v7_4_6_gap_weaklink_scores.csv
AS006,crack_tunnel_a3_3_g0_05_p0_2,"tunnel/crack-like links, alpha=3.3, tau=0.05, p=0.2",tear_lane,crack_tunnel,shape,3.3,1,0.05,0.2,0.809586056644881,0.05,0.200435729847495,5.40302789929917e-08,4.54348521144101e-07,0.0867060016653104,111.12791582043,0.199106338158807,0.242609045014806,0.271270242228342,0.18518805414751,0.0467146541952436,0.228847167604448,0.295249551484331,0.321839605280093,0.150809442919381,0.0972551736485199,240.309486265195,209.579317062161,1010,v7.4.6,gap_tied_weak_links_phase3_seed,/Users/asewaket/Documents/LTSpice Superconducting Circuit/matlab_v7_4_6_files/outputs/v7_4_6_as006_gap_weaklink_v800_phase3_seed_1010/AS006_v7_4_6_gap_weaklink_scores.csv
AS006,combined_a3_3_g0_1_p0_2,"combined weak-link classes, alpha=3.3, tau=0.1, p=0.2",combined,boundary_constriction,shape,3.3,1,0.1,0.2,0.820000000000001,0.1,0.2,1.2034570154714e-07,4.26634800182102e-07,0.10950850422832,120.970121664897,0.199391221465558,0.241218448655004,0.276928376404741,0.178444699016974,0.0480571261932707,0.207038221559173,0.264831127730494,0.299914183098057,0.157767314179639,0.0483010169192213,240.054864955149,233.424592079176,1010,v7.4.6,gap_tied_weak_links_phase3_seed,/Users/asewaket/Documents/LTSpice Superconducting Circuit/matlab_v7_4_6_files/outputs/v7_4_6_as006_gap_weaklink_v800_phase3_seed_1010/AS006_v7_4_6_gap_weaklink_scores.csv
AS006,anisotropic_gap_control,"anisotropic weak-link transparency",anisotropic,anisotropic,shape,3.7,0,0.01,0.08,0.920627450980392,0.01,0.0801742919389978,1.41082761639268e-08,5.25015868987791e-07,0.125206474713235,126.284895095253,0.199648377858223,0.243526678131722,0.272040547359355,0.185156747879907,0.0471983184306367,0.205814995792621,0.264697307967738,0.292325812552863,0.165100227661895,0.0464322144504876,239.448428284507,236.249191107057,1010,v7.4.6,gap_tied_weak_links_phase3_seed,/Users/asewaket/Documents/LTSpice Superconducting Circuit/matlab_v7_4_6_files/outputs/v7_4_6_as006_gap_weaklink_v800_phase3_seed_1010/AS006_v7_4_6_gap_weaklink_scores.csv
AS006,combined_a3_3_g0_05_p0_1,"combined weak-link classes, alpha=3.3, tau=0.05, p=0.1",combined,boundary_constriction,shape,3.3,1,0.05,0.1,0.904793028322441,0.05,0.100217864923747,5.60302510297312e-08,4.21627249756821e-07,0.111670639609101,136.165733220781,0.199821362151399,0.242281526525263,0.276333773482795,0.181046328921798,0.0469332694845945,0.211629906507181,0.273506847525743,0.306329839793204,0.155257919084429,0.0544930665165199,240.044615867894,226.958590987212,1010,v7.4.6,gap_tied_weak_links_phase3_seed,/Users/asewaket/Documents/LTSpice Superconducting Circuit/matlab_v7_4_6_files/outputs/v7_4_6_as006_gap_weaklink_v800_phase3_seed_1010/AS006_v7_4_6_gap_weaklink_scores.csv
AS006,crack_tunnel_a3_7_g0_1_p0_3,"tunnel/crack-like links, alpha=3.7, tau=0.1, p=0.3",tear_lane,crack_tunnel,shape,3.7,0,0.1,0.3,0.72980392156863,0.1,0.300217864923747,1.26310917627399e-07,5.16802352033544e-07,0.0887384719771545,95.3186687279856,0.200209552220271,0.247278805958148,0.276708658851614,0.175824802979375,0.0497477984286651,0.213968119876589,0.237225234274108,0.262611069921451,0.201536276452812,0.121125647180286,240.669888238888,275.190215785625,1010,v7.4.6,gap_tied_weak_links_phase3_seed,/Users/asewaket/Documents/LTSpice Superconducting Circuit/matlab_v7_4_6_files/outputs/v7_4_6_as006_gap_weaklink_v800_phase3_seed_1010/AS006_v7_4_6_gap_weaklink_scores.csv
AS006,combined_a3_3_g0_1_p0_3,"combined weak-link classes, alpha=3.3, tau=0.1, p=0.3",combined,boundary_constriction,shape,3.3,1,0.1,0.3,0.729803921568629,0.1,0.300217864923747,1.24816344438505e-07,4.83898509703753e-07,0.0940024330551813,97.4180934863615,0.200210584383051,0.243834005547606,0.280902929023142,0.173836182672762,0.0483435622361987,0.203821377718833,0.256351786180924,0.293233542603683,0.162585036697176,0.0463651069853257,242.107748322595,241.622836739536,1010,v7.4.6,gap_tied_weak_links_phase3_seed,/Users/asewaket/Documents/LTSpice Superconducting Circuit/matlab_v7_4_6_files/outputs/v7_4_6_as006_gap_weaklink_v800_phase3_seed_1010/AS006_v7_4_6_gap_weaklink_scores.csv
AS006,crack_tunnel_a3_7_g0_05_p0_2,"tunnel/crack-like links, alpha=3.7, tau=0.05, p=0.2",tear_lane,crack_tunnel,shape,3.7,0,0.05,0.2,0.809586056644881,0.05,0.200435729847495,6.0579403719415e-08,5.09421069161568e-07,0.0972158200489844,111.12791582043,0.200339481448357,0.248528781914455,0.273228140839754,0.183136084297784,0.0460992734855298,0.22955023687306,0.299592053015245,0.322085450754942,0.150643097472698,0.0962057206880311,242.066117566897,209.623384283462,1010,v7.4.6,gap_tied_weak_links_phase3_seed,/Users/asewaket/Documents/LTSpice Superconducting Circuit/matlab_v7_4_6_files/outputs/v7_4_6_as006_gap_weaklink_v800_phase3_seed_1010/AS006_v7_4_6_gap_weaklink_scores.csv
AS006,combined_a3_7_g0_1_p0_2,"combined weak-link classes, alpha=3.7, tau=0.1, p=0.2",combined,boundary_constriction,shape,3.7,0,0.1,0.2,0.820000000000001,0.1,0.2,1.3493305931043e-07,4.78348109295084e-07,0.122782262316601,120.970121664897,0.200346106156815,0.245545844650242,0.277406476533167,0.178299045195068,0.0478495457069537,0.208139212597321,0.269404649885542,0.300585365827609,0.157574479359776,0.0482989237030288,240.093573703298,233.231894679561,1010,v7.4.6,gap_tied_weak_links_phase3_seed,/Users/asewaket/Documents/LTSpice Superconducting Circuit/matlab_v7_4_6_files/outputs/v7_4_6_as006_gap_weaklink_v800_phase3_seed_1010/AS006_v7_4_6_gap_weaklink_scores.csv
AS006,crack_tunnel_a3_7_g0_05_p0_3,"tunnel/crack-like links, alpha=3.7, tau=0.05, p=0.3",tear_lane,crack_tunnel,shape,3.7,0,0.05,0.3,0.714793028322442,0.05,0.300217864923747,6.8085760414201e-08,5.57147106251705e-07,0.0887384719771545,88.4163475652593,0.200680618541274,0.24742741879493,0.281615157397254,0.168662250112382,0.0523213358257664,0.234097410836932,0.230288555605529,0.248808086796061,0.244821621846144,0.198757319378341,246.696073349668,309.907297828715,1010,v7.4.6,gap_tied_weak_links_phase3_seed,/Users/asewaket/Documents/LTSpice Superconducting Circuit/matlab_v7_4_6_files/outputs/v7_4_6_as006_gap_weaklink_v800_phase3_seed_1010/AS006_v7_4_6_gap_weaklink_scores.csv
AS006,combined_a3_7_g0_05_p0_2,"combined weak-link classes, alpha=3.7, tau=0.05, p=0.2",combined,boundary_constriction,shape,3.7,0,0.05,0.2,0.810000000000001,0.05,0.2,7.24924308923701e-08,5.13982524857634e-07,0.122782262316601,112.58326145549,0.200747032481348,0.248959386750705,0.280976220263453,0.172190728978813,0.0478289789714789,0.201952862454585,0.253257942182891,0.28503209684588,0.168376444528449,0.0472296449491834,246.019976055846,245.895936904983,1010,v7.4.6,gap_tied_weak_links_phase3_seed,/Users/asewaket/Documents/LTSpice Superconducting Circuit/matlab_v7_4_6_files/outputs/v7_4_6_as006_gap_weaklink_v800_phase3_seed_1010/AS006_v7_4_6_gap_weaklink_scores.csv
AS006,crack_tunnel_a3_3_g0_1_p0_2,"tunnel/crack-like links, alpha=3.3, tau=0.1, p=0.2",tear_lane,crack_tunnel,shape,3.3,1,0.1,0.2,0.819607843137257,0.1,0.200435729847495,1.01875862560904e-07,4.28344516792431e-07,0.0867060016653104,117.874286307966,0.200835682940868,0.247793203964349,0.276859986013355,0.180261054487175,0.0465539171076486,0.212295692214357,0.278918617198935,0.307114848723064,0.154161104264313,0.0524074782770968,239.508652566463,227.246643579046,1010,v7.4.6,gap_tied_weak_links_phase3_seed,/Users/asewaket/Documents/LTSpice Superconducting Circuit/matlab_v7_4_6_files/outputs/v7_4_6_as006_gap_weaklink_v800_phase3_seed_1010/AS006_v7_4_6_gap_weaklink_scores.csv
AS006,combined_a3_7_g0_05_p0_1,"combined weak-link classes, alpha=3.7, tau=0.05, p=0.1",combined,boundary_constriction,shape,3.7,0,0.05,0.1,0.904793028322441,0.05,0.100217864923747,6.28217966090925e-08,4.72733583060678e-07,0.125206474713235,136.165733220781,0.200900856159765,0.246971598496622,0.27700839440162,0.180696587752512,0.0468972574087296,0.21270921840222,0.278142529140124,0.306939608537102,0.155090608895608,0.0543959868115394,240.105482306454,226.975117831204,1010,v7.4.6,gap_tied_weak_links_phase3_seed,/Users/asewaket/Documents/LTSpice Superconducting Circuit/matlab_v7_4_6_files/outputs/v7_4_6_as006_gap_weaklink_v800_phase3_seed_1010/AS006_v7_4_6_gap_weaklink_scores.csv
AS006,combined_a3_3_g0_05_p0_3,"combined weak-link classes, alpha=3.3, tau=0.05, p=0.3",combined,boundary_constriction,shape,3.3,1,0.05,0.3,0.714793028322442,0.05,0.300217864923747,6.86647117109124e-08,5.32410267511376e-07,0.0940024330551813,88.5416250076807,0.200993543927306,0.246351297296274,0.284988592515769,0.168387180552269,0.0494024097473228,0.201772760355638,0.234850731726029,0.271415358315782,0.184047909231506,0.0689763064601586,247.870418354558,262.982204327875,1010,v7.4.6,gap_tied_weak_links_phase3_seed,/Users/asewaket/Documents/LTSpice Superconducting Circuit/matlab_v7_4_6_files/outputs/v7_4_6_as006_gap_weaklink_v800_phase3_seed_1010/AS006_v7_4_6_gap_weaklink_scores.csv
AS006,crack_tunnel_a4_1_g0_05_p0_2,"tunnel/crack-like links, alpha=4.1, tau=0.05, p=0.2",tear_lane,crack_tunnel,shape,4.1,0.999999999999997,0.05,0.2,0.809586056644881,0.05,0.200435729847495,6.71285284458382e-08,5.64493617179034e-07,0.107725638432658,111.12791582043,0.201178888537722,0.252011544812232,0.274550971585506,0.181752349238,0.0462282610542409,0.229883115397105,0.302050693788362,0.322209639428101,0.150492405034626,0.0953825079047046,243.280595573875,209.653561783777,1010,v7.4.6,gap_tied_weak_links_phase3_seed,/Users/asewaket/Documents/LTSpice Superconducting Circuit/matlab_v7_4_6_files/outputs/v7_4_6_as006_gap_weaklink_v800_phase3_seed_1010/AS006_v7_4_6_gap_weaklink_scores.csv
AS006,combined_a4_1_g0_1_p0_2,"combined weak-link classes, alpha=4.1, tau=0.1, p=0.2",combined,boundary_constriction,shape,4.1,0.999999999999997,0.1,0.2,0.820000000000001,0.1,0.2,1.49520417073719e-07,5.30061418408066e-07,0.136056020404883,120.970121664897,0.201189532426149,0.249789805638841,0.278994919679499,0.176834514360549,0.046873604102093,0.208919399090798,0.272617685077663,0.301074398599616,0.157424456939799,0.0483185416522514,241.403799564332,233.083224463414,1010,v7.4.6,gap_tied_weak_links_phase3_seed,/Users/asewaket/Documents/LTSpice Superconducting Circuit/matlab_v7_4_6_files/outputs/v7_4_6_as006_gap_weaklink_v800_phase3_seed_1010/AS006_v7_4_6_gap_weaklink_scores.csv
AS006,combined_a3_7_g0_1_p0_3,"combined weak-link classes, alpha=3.7, tau=0.1, p=0.3",combined,boundary_constriction,shape,3.7,0,0.1,0.3,0.729803921568629,0.1,0.300217864923747,1.39945598309839e-07,5.42552874516329e-07,0.1053966673649,97.4180934863615,0.20154630920477,0.250458948986859,0.282313808763407,0.172782132024228,0.0472457666707415,0.205214918467771,0.262311645844627,0.293962852158107,0.16234338258127,0.046398726990952,243.21391685271,241.247186139816,1010,v7.4.6,gap_tied_weak_links_phase3_seed,/Users/asewaket/Documents/LTSpice Superconducting Circuit/matlab_v7_4_6_files/outputs/v7_4_6_as006_gap_weaklink_v800_phase3_seed_1010/AS006_v7_4_6_gap_weaklink_scores.csv
AS006,combined_a4_1_g0_05_p0_1,"combined weak-link classes, alpha=4.1, tau=0.05, p=0.1",combined,boundary_constriction,shape,4.1,0.999999999999997,0.05,0.1,0.904793028322441,0.05,0.100217864923747,6.96133421884538e-08,5.23839916364535e-07,0.138742309817368,136.165733220781,0.201596358684794,0.249992290189478,0.27765211026581,0.180248159311341,0.0467881111301482,0.213389862059815,0.281036565015236,0.307380086169154,0.154950929465534,0.0543089326559003,240.310951840074,226.984436987758,1010,v7.4.6,gap_tied_weak_links_phase3_seed,/Users/asewaket/Documents/LTSpice Superconducting Circuit/matlab_v7_4_6_files/outputs/v7_4_6_as006_gap_weaklink_v800_phase3_seed_1010/AS006_v7_4_6_gap_weaklink_scores.csv
AS006,crack_tunnel_a4_1_g0_1_p0_3,"tunnel/crack-like links, alpha=4.1, tau=0.1, p=0.3",tear_lane,crack_tunnel,shape,4.1,0.999999999999997,0.1,0.3,0.72980392156863,0.1,0.300217864923747,1.39966151965496e-07,5.72672876577711e-07,0.098331820299009,95.3186687279856,0.201683846309643,0.253271618230813,0.279381736499691,0.1732761571282,0.0496343780326911,0.214476218079331,0.24032413164696,0.262861215293817,0.201234872903333,0.120506240856347,241.872934281748,276.422323513137,1010,v7.4.6,gap_tied_weak_links_phase3_seed,/Users/asewaket/Documents/LTSpice Superconducting Circuit/matlab_v7_4_6_files/outputs/v7_4_6_as006_gap_weaklink_v800_phase3_seed_1010/AS006_v7_4_6_gap_weaklink_scores.csv
AS006,crack_tunnel_a3_7_g0_1_p0_2,"tunnel/crack-like links, alpha=3.7, tau=0.1, p=0.2",tear_lane,crack_tunnel,shape,3.7,0,0.1,0.2,0.819607843137257,0.1,0.200435729847495,1.14224451962226e-07,4.80265064282423e-07,0.0972158200489844,117.874286307966,0.201706764732389,0.251723196545475,0.277067178133591,0.18021527048639,0.0466739772746991,0.21322756351256,0.283180493785816,0.307478065304942,0.154067601730225,0.0522862073305526,239.274771020268,227.353801346074,1010,v7.4.6,gap_tied_weak_links_phase3_seed,/Users/asewaket/Documents/LTSpice Superconducting Circuit/matlab_v7_4_6_files/outputs/v7_4_6_as006_gap_weaklink_v800_phase3_seed_1010/AS006_v7_4_6_gap_weaklink_scores.csv
AS006,crack_tunnel_a4_1_g0_1_p0_2,"tunnel/crack-like links, alpha=4.1, tau=0.1, p=0.2",tear_lane,crack_tunnel,shape,4.1,0.999999999999997,0.1,0.2,0.819607843137257,0.1,0.200435729847495,1.26573041363548e-07,5.32185611772414e-07,0.107725638432658,117.874286307966,0.202188196185718,0.253909268970818,0.277176356904597,0.180155796487364,0.0467783417655242,0.213762340424495,0.285686139098983,0.30768628938708,0.153989218034199,0.0521880340533528,239.081005581192,227.468088892191,1010,v7.4.6,gap_tied_weak_links_phase3_seed,/Users/asewaket/Documents/LTSpice Superconducting Circuit/matlab_v7_4_6_files/outputs/v7_4_6_as006_gap_weaklink_v800_phase3_seed_1010/AS006_v7_4_6_gap_weaklink_scores.csv
AS006,combined_a3_3_g0_1_p0_1,"combined weak-link classes, alpha=3.3, tau=0.1, p=0.1",combined,boundary_constriction,shape,3.3,1,0.1,0.1,0.909803921568628,0.1,0.100217864923747,1.06957746408383e-07,4.02428149344045e-07,0.111670639609101,142.661947735462,0.202337005940332,0.249484945276431,0.28250641960059,0.176928472820999,0.046653259097949,0.211951709332026,0.277030893600198,0.308763225774052,0.154707725617616,0.0490073509333174,240.122248404223,230.240414528457,1010,v7.4.6,gap_tied_weak_links_phase3_seed,/Users/asewaket/Documents/LTSpice Superconducting Circuit/matlab_v7_4_6_files/outputs/v7_4_6_as006_gap_weaklink_v800_phase3_seed_1010/AS006_v7_4_6_gap_weaklink_scores.csv
AS006,combined_a4_1_g0_1_p0_3,"combined weak-link classes, alpha=4.1, tau=0.1, p=0.3",combined,boundary_constriction,shape,4.1,0.999999999999997,0.1,0.3,0.729803921568629,0.1,0.300217864923747,1.55074852181173e-07,6.01207239328905e-07,0.116790901674619,97.4180934863615,0.202480305383585,0.25496641639802,0.283298125572974,0.172060295932651,0.0465880208513883,0.206168421562938,0.266400581228703,0.294485894564662,0.162163419475229,0.0463869367537911,244.128419022777,240.83352968642,1010,v7.4.6,gap_tied_weak_links_phase3_seed,/Users/asewaket/Documents/LTSpice Superconducting Circuit/matlab_v7_4_6_files/outputs/v7_4_6_as006_gap_weaklink_v800_phase3_seed_1010/AS006_v7_4_6_gap_weaklink_scores.csv
AS006,combined_a4_1_g0_05_p0_2,"combined weak-link classes, alpha=4.1, tau=0.05, p=0.2",combined,boundary_constriction,shape,4.1,0.999999999999997,0.05,0.2,0.810000000000001,0.05,0.2,8.0329450448302e-08,5.69548203220622e-07,0.136056020404883,112.58326145549,0.202741214471898,0.255903141855332,0.28493114732497,0.16879129101554,0.0481843089160378,0.202833556294871,0.256950251720566,0.285767406228064,0.168011839895638,0.047109768985133,247.444977802184,247.686998868954,1010,v7.4.6,gap_tied_weak_links_phase3_seed,/Users/asewaket/Documents/LTSpice Superconducting Circuit/matlab_v7_4_6_files/outputs/v7_4_6_as006_gap_weaklink_v800_phase3_seed_1010/AS006_v7_4_6_gap_weaklink_scores.csv
AS006,crack_tunnel_a4_1_g0_05_p0_3,"tunnel/crack-like links, alpha=4.1, tau=0.05, p=0.3",tear_lane,crack_tunnel,shape,4.1,0.999999999999997,0.05,0.3,0.714793028322442,0.05,0.300217864923747,7.54463831616822e-08,6.17379225846484e-07,0.098331820299009,88.4163475652593,0.202803126737513,0.254651702528857,0.285168798593297,0.165875156417418,0.0529745880986665,0.234336864632932,0.232998025937317,0.249120655229785,0.244199867115083,0.197475316681365,247.872761939465,311.836912948535,1010,v7.4.6,gap_tied_weak_links_phase3_seed,/Users/asewaket/Documents/LTSpice Superconducting Circuit/matlab_v7_4_6_files/outputs/v7_4_6_as006_gap_weaklink_v800_phase3_seed_1010/AS006_v7_4_6_gap_weaklink_scores.csv
AS006,combined_a3_7_g0_05_p0_3,"combined weak-link classes, alpha=3.7, tau=0.05, p=0.3",combined,boundary_constriction,shape,3.7,0,0.05,0.3,0.714793028322442,0.05,0.300217864923747,7.69877070698108e-08,5.96944845391543e-07,0.1053966673649,88.5416250076807,0.20307680837936,0.255097215207389,0.287537070433055,0.166552601411088,0.0489062016677053,0.203212991981605,0.241712444030236,0.272422298548365,0.183413673401144,0.0683464016667189,248.992702102019,263.358112021965,1010,v7.4.6,gap_tied_weak_links_phase3_seed,/Users/asewaket/Documents/LTSpice Superconducting Circuit/matlab_v7_4_6_files/outputs/v7_4_6_as006_gap_weaklink_v800_phase3_seed_1010/AS006_v7_4_6_gap_weaklink_scores.csv
AS006,combined_a3_7_g0_1_p0_1,"combined weak-link classes, alpha=3.7, tau=0.1, p=0.1",combined,boundary_constriction,shape,3.7,0,0.1,0.1,0.909803921568628,0.1,0.100217864923747,1.19922321730611e-07,4.51207318961505e-07,0.125206474713235,142.661947735462,0.203239760732411,0.253427330975137,0.282753426858466,0.176966969579078,0.0467442637107546,0.212930060941981,0.281227074257489,0.309239006888676,0.154608639804628,0.0489941686414468,239.865480446867,230.281272849754,1010,v7.4.6,gap_tied_weak_links_phase3_seed,/Users/asewaket/Documents/LTSpice Superconducting Circuit/matlab_v7_4_6_files/outputs/v7_4_6_as006_gap_weaklink_v800_phase3_seed_1010/AS006_v7_4_6_gap_weaklink_scores.csv
AS006,combined_a3_3_g0_2_p0_3,"combined weak-link classes, alpha=3.3, tau=0.2, p=0.3",combined,boundary_constriction,shape,3.3,1,0.2,0.3,0.759825708061,0.2,0.300217864923747,2.16888837902556e-07,4.26950099966725e-07,0.0940024330551813,112.125367342318,0.20327215953593,0.253857191049921,0.288030548359112,0.168997073332604,0.04720380533553,0.210849099398049,0.275522065707648,0.309163634066444,0.152545932388273,0.047004656180979,240.788359390457,234.799949495087,1010,v7.4.6,gap_tied_weak_links_phase3_seed,/Users/asewaket/Documents/LTSpice Superconducting Circuit/matlab_v7_4_6_files/outputs/v7_4_6_as006_gap_weaklink_v800_phase3_seed_1010/AS006_v7_4_6_gap_weaklink_scores.csv
AS006,combined_a3_3_g0_2_p0_2,"combined weak-link classes, alpha=3.3, tau=0.2, p=0.2",combined,boundary_constriction,shape,3.3,1,0.2,0.2,0.839999999999999,0.2,0.2,2.18697648913149e-07,3.90910688811471e-07,0.10950850422832,133.135717099422,0.203411188115565,0.253972703039739,0.286931989856348,0.171082484713898,0.0470991493971063,0.213286850430725,0.280599040693009,0.312535203069887,0.151259518566226,0.049824207880532,240.386057905296,230.964348020923,1010,v7.4.6,gap_tied_weak_links_phase3_seed,/Users/asewaket/Documents/LTSpice Superconducting Circuit/matlab_v7_4_6_files/outputs/v7_4_6_as006_gap_weaklink_v800_phase3_seed_1010/AS006_v7_4_6_gap_weaklink_scores.csv
AS006,boundary_sns_a3_3_g0_1_p0_3,"SNS-like boundary constriction, alpha=3.3, tau=0.1, p=0.3",boundary_lane,boundary_constriction,shape,3.3,1,0.1,0.3,0.715686274509806,0.1,0.315904139433551,9.38734240435368e-08,3.20139393431787e-07,0.0971892065564487,138.010748844903,0.203542672375242,0.254550261330304,0.283130940055938,0.176129339518472,0.0475222810499246,0.212099869791158,0.278690278783304,0.30630303208698,0.156420399617773,0.0502532644980543,241.368842710799,231.983624540027,1010,v7.4.6,gap_tied_weak_links_phase3_seed,/Users/asewaket/Documents/LTSpice Superconducting Circuit/matlab_v7_4_6_files/outputs/v7_4_6_as006_gap_weaklink_v800_phase3_seed_1010/AS006_v7_4_6_gap_weaklink_scores.csv
AS006,combined_a4_1_g0_1_p0_1,"combined weak-link classes, alpha=4.1, tau=0.1, p=0.1",combined,boundary_constriction,shape,4.1,0.999999999999997,0.1,0.1,0.909803921568628,0.1,0.100217864923747,1.32886897052839e-07,4.99986488578965e-07,0.138742309817368,142.661947735462,0.203761701000301,0.255708647097076,0.282811978379358,0.177074906094039,0.0468352631230039,0.213538649259654,0.283845099168004,0.309554829676394,0.15452786720914,0.0489673611851524,239.586655130839,230.311967481257,1010,v7.4.6,gap_tied_weak_links_phase3_seed,/Users/asewaket/Documents/LTSpice Superconducting Circuit/matlab_v7_4_6_files/outputs/v7_4_6_as006_gap_weaklink_v800_phase3_seed_1010/AS006_v7_4_6_gap_weaklink_scores.csv
AS006,crack_tunnel_a3_3_g0_2_p0_3,"tunnel/crack-like links, alpha=3.3, tau=0.2, p=0.3",tear_lane,crack_tunnel,shape,3.3,1,0.2,0.3,0.759825708061,0.2,0.300217864923747,2.0040327600733e-07,4.17749615719344e-07,0.0791451236553,107.16581055676,0.204057438227176,0.259199796724811,0.288554328009425,0.165983028606313,0.0486385346366864,0.208642787997778,0.258575107563988,0.287182390151899,0.16919914904507,0.0705707133527402,241.301470493218,256.630492024202,1010,v7.4.6,gap_tied_weak_links_phase3_seed,/Users/asewaket/Documents/LTSpice Superconducting Circuit/matlab_v7_4_6_files/outputs/v7_4_6_as006_gap_weaklink_v800_phase3_seed_1010/AS006_v7_4_6_gap_weaklink_scores.csv
AS006,combined_a3_7_g0_2_p0_3,"combined weak-link classes, alpha=3.7, tau=0.2, p=0.3",combined,boundary_constriction,shape,3.7,0,0.2,0.3,0.759825708061,0.2,0.300217864923747,2.43178394011956e-07,4.78701627235418e-07,0.1053966673649,112.125367342318,0.204126031229379,0.258044050813368,0.287817978268386,0.169422166662101,0.0471269350362236,0.211984824096815,0.280455728691718,0.30965517440893,0.152449532415907,0.0470099210568442,240.527954323946,234.419385479786,1010,v7.4.6,gap_tied_weak_links_phase3_seed,/Users/asewaket/Documents/LTSpice Superconducting Circuit/matlab_v7_4_6_files/outputs/v7_4_6_as006_gap_weaklink_v800_phase3_seed_1010/AS006_v7_4_6_gap_weaklink_scores.csv
AS006,combined_a3_7_g0_2_p0_2,"combined weak-link classes, alpha=3.7, tau=0.2, p=0.2",combined,boundary_constriction,shape,3.7,0,0.2,0.2,0.839999999999999,0.2,0.2,2.45206454842016e-07,4.38293802606801e-07,0.122782262316601,133.135717099422,0.204148515944936,0.257503861703759,0.286884858339626,0.171322427216793,0.0470371819055831,0.21422750829461,0.284658779219429,0.312986048208099,0.151169274192649,0.0497915851486377,240.174509340586,230.733259455098,1010,v7.4.6,gap_tied_weak_links_phase3_seed,/Users/asewaket/Documents/LTSpice Superconducting Circuit/matlab_v7_4_6_files/outputs/v7_4_6_as006_gap_weaklink_v800_phase3_seed_1010/AS006_v7_4_6_gap_weaklink_scores.csv
AS006,boundary_sns_a3_7_g0_1_p0_3,"SNS-like boundary constriction, alpha=3.7, tau=0.1, p=0.3",boundary_lane,boundary_constriction,shape,3.7,0,0.1,0.3,0.715686274509806,0.1,0.315904139433551,1.05252020897299e-07,3.58944168393216e-07,0.108969716442079,138.010748844903,0.204459740659323,0.259039789995599,0.284362487032525,0.174998886756189,0.04687595254886,0.21292647576445,0.282264838610792,0.306620476718275,0.156349181768194,0.0503452287442365,242.507026024869,231.823212825888,1010,v7.4.6,gap_tied_weak_links_phase3_seed,/Users/asewaket/Documents/LTSpice Superconducting Circuit/matlab_v7_4_6_files/outputs/v7_4_6_as006_gap_weaklink_v800_phase3_seed_1010/AS006_v7_4_6_gap_weaklink_scores.csv
AS006,combined_a4_1_g0_05_p0_3,"combined weak-link classes, alpha=4.1, tau=0.05, p=0.3",combined,boundary_constriction,shape,4.1,0.999999999999997,0.05,0.3,0.714793028322442,0.05,0.300217864923747,8.53107024287093e-08,6.61479423271709e-07,0.116790901674619,88.5416250076807,0.204477611087578,0.261059473500748,0.28935165439134,0.165266551743084,0.0483799970734425,0.204131379313468,0.246254699041036,0.273158948311039,0.182911034237361,0.0677352451852828,249.889255176178,263.485232196442,1010,v7.4.6,gap_tied_weak_links_phase3_seed,/Users/asewaket/Documents/LTSpice Superconducting Circuit/matlab_v7_4_6_files/outputs/v7_4_6_as006_gap_weaklink_v800_phase3_seed_1010/AS006_v7_4_6_gap_weaklink_scores.csv
AS006,combined_a4_1_g0_2_p0_2,"combined weak-link classes, alpha=4.1, tau=0.2, p=0.2",combined,boundary_constriction,shape,4.1,0.999999999999997,0.2,0.2,0.839999999999999,0.2,0.2,2.71715260770883e-07,4.8567691640213e-07,0.136056020404883,133.135717099422,0.204581599766747,0.259685317272705,0.286620677493843,0.171691150259969,0.0470225581218461,0.214889483754877,0.287525792859998,0.31329602766562,0.151101255360208,0.0497770082992942,239.908972527828,230.473336993263,1010,v7.4.6,gap_tied_weak_links_phase3_seed,/Users/asewaket/Documents/LTSpice Superconducting Circuit/matlab_v7_4_6_files/outputs/v7_4_6_as006_gap_weaklink_v800_phase3_seed_1010/AS006_v7_4_6_gap_weaklink_scores.csv
AS006,combined_a4_1_g0_2_p0_3,"combined weak-link classes, alpha=4.1, tau=0.2, p=0.3",combined,boundary_constriction,shape,4.1,0.999999999999997,0.2,0.3,0.759825708061,0.2,0.300217864923747,2.69467950121357e-07,5.30453154504112e-07,0.116790901674619,112.125367342318,0.204601680136468,0.260585159969943,0.287327266482913,0.170016832998825,0.0470794831187676,0.212782605788582,0.283948614693871,0.309986536791226,0.152379694863443,0.0470133562850908,240.181393245948,234.002518332029,1010,v7.4.6,gap_tied_weak_links_phase3_seed,/Users/asewaket/Documents/LTSpice Superconducting Circuit/matlab_v7_4_6_files/outputs/v7_4_6_as006_gap_weaklink_v800_phase3_seed_1010/AS006_v7_4_6_gap_weaklink_scores.csv
AS006,crack_tunnel_a3_3_g0_2_p0_2,"tunnel/crack-like links, alpha=3.3, tau=0.2, p=0.2",tear_lane,crack_tunnel,shape,3.3,1,0.2,0.2,0.839651416122003,0.2,0.200435729847495,1.88289216313365e-07,3.9761937184058e-07,0.0867060016653104,127.554246881452,0.204744413776445,0.260237634570874,0.288307640714543,0.169825620177851,0.0466640378385899,0.211513374947617,0.280135012558345,0.307647281123362,0.154086462067929,0.0464410426289478,240.651016522344,236.443504805126,1010,v7.4.6,gap_tied_weak_links_phase3_seed,/Users/asewaket/Documents/LTSpice Superconducting Circuit/matlab_v7_4_6_files/outputs/v7_4_6_as006_gap_weaklink_v800_phase3_seed_1010/AS006_v7_4_6_gap_weaklink_scores.csv
AS006,crack_tunnel_a3_7_g0_2_p0_3,"tunnel/crack-like links, alpha=3.7, tau=0.2, p=0.3",tear_lane,crack_tunnel,shape,3.7,0,0.2,0.3,0.759825708061,0.2,0.300217864923747,2.24694582190036e-07,4.68385932776235e-07,0.0887384719771545,107.16581055676,0.204874902362797,0.262992512712218,0.288462926275045,0.166236969202124,0.0487756666177856,0.20949276872184,0.262743649440282,0.287543594306601,0.168999522539505,0.0702695009579875,241.000493689134,256.452191991576,1010,v7.4.6,gap_tied_weak_links_phase3_seed,/Users/asewaket/Documents/LTSpice Superconducting Circuit/matlab_v7_4_6_files/outputs/v7_4_6_as006_gap_weaklink_v800_phase3_seed_1010/AS006_v7_4_6_gap_weaklink_scores.csv
AS006,boundary_sns_a4_1_g0_1_p0_3,"SNS-like boundary constriction, alpha=4.1, tau=0.1, p=0.3",boundary_lane,boundary_constriction,shape,4.1,0.999999999999997,0.1,0.3,0.715686274509806,0.1,0.315904139433551,1.16630617751061e-07,3.97748943354645e-07,0.120750226327709,138.010748844903,0.205096123494282,0.262004296668682,0.285441361382098,0.173955357762168,0.0465097411813467,0.213408351605757,0.284377849478645,0.30680295856947,0.156283297400611,0.0504046093028049,243.621878396394,231.657555540119,1010,v7.4.6,gap_tied_weak_links_phase3_seed,/Users/asewaket/Documents/LTSpice Superconducting Circuit/matlab_v7_4_6_files/outputs/v7_4_6_as006_gap_weaklink_v800_phase3_seed_1010/AS006_v7_4_6_gap_weaklink_scores.csv
AS006,crack_tunnel_a3_3_g0_05_p0_1,"tunnel/crack-like links, alpha=3.3, tau=0.05, p=0.1",tear_lane,crack_tunnel,shape,3.3,1,0.05,0.1,0.904793028322441,0.05,0.100217864923747,4.89962510145834e-08,3.90122845617619e-07,0.105495629070717,146.507385601115,0.205124050259579,0.257155711485164,0.286478486767353,0.176063947906023,0.0470472530873358,0.211318104917114,0.263839613339338,0.292874694207703,0.17152406796684,0.065815111424203,239.689688907428,250.153198071349,1010,v7.4.6,gap_tied_weak_links_phase3_seed,/Users/asewaket/Documents/LTSpice Superconducting Circuit/matlab_v7_4_6_files/outputs/v7_4_6_as006_gap_weaklink_v800_phase3_seed_1010/AS006_v7_4_6_gap_weaklink_scores.csv
AS006,crack_tunnel_a4_1_g0_2_p0_3,"tunnel/crack-like links, alpha=4.1, tau=0.2, p=0.3",tear_lane,crack_tunnel,shape,4.1,0.999999999999997,0.2,0.3,0.759825708061,0.2,0.300217864923747,2.48985888372743e-07,5.19022249833125e-07,0.098331820299009,107.16581055676,0.205133685360911,0.264572798178261,0.287831175748617,0.166871021064668,0.0488022947353791,0.209946450337099,0.265096432171604,0.287744651034273,0.168853668727675,0.0700155942943217,240.566363317777,256.03350776974,1010,v7.4.6,gap_tied_weak_links_phase3_seed,/Users/asewaket/Documents/LTSpice Superconducting Circuit/matlab_v7_4_6_files/outputs/v7_4_6_as006_gap_weaklink_v800_phase3_seed_1010/AS006_v7_4_6_gap_weaklink_scores.csv
AS006,boundary_sns_a3_3_g0_05_p0_3,"SNS-like boundary constriction, alpha=3.3, tau=0.05, p=0.3",boundary_lane,boundary_constriction,shape,3.3,1,0.05,0.3,0.699891067538129,0.05,0.315904139433551,4.66821159981698e-08,3.18402880304766e-07,0.0971892065564487,138.763435117118,0.20533617507006,0.260301682262612,0.289255654942842,0.170163610820372,0.0474772834122501,0.206878862524055,0.251000755597392,0.2806130188217,0.180287574398281,0.0669613060870548,249.250066294427,256.176125462556,1010,v7.4.6,gap_tied_weak_links_phase3_seed,/Users/asewaket/Documents/LTSpice Superconducting Circuit/matlab_v7_4_6_files/outputs/v7_4_6_as006_gap_weaklink_v800_phase3_seed_1010/AS006_v7_4_6_gap_weaklink_scores.csv
AS006,boundary_sns_a3_3_g0_2_p0_3,"SNS-like boundary constriction, alpha=3.3, tau=0.2, p=0.3",boundary_lane,boundary_constriction,shape,3.3,1,0.2,0.3,0.747276688453157,0.2,0.315904139433551,1.81741773743849e-07,3.19420966926066e-07,0.0971892065564487,142.570871649392,0.205336758561538,0.260843740852604,0.288448410494326,0.171236261200772,0.04701000708905,0.219193174310675,0.293462156906442,0.319783294481342,0.148830840219399,0.0568443990303331,240.392497540259,225.857290196248,1010,v7.4.6,gap_tied_weak_links_phase3_seed,/Users/asewaket/Documents/LTSpice Superconducting Circuit/matlab_v7_4_6_files/outputs/v7_4_6_as006_gap_weaklink_v800_phase3_seed_1010/AS006_v7_4_6_gap_weaklink_scores.csv
AS006,crack_tunnel_a3_7_g0_2_p0_2,"tunnel/crack-like links, alpha=3.7, tau=0.2, p=0.2",tear_lane,crack_tunnel,shape,3.7,0,0.2,0.2,0.839651416122003,0.2,0.200435729847495,2.11112151624076e-07,4.45815659336408e-07,0.0972158200489844,127.554246881452,0.205528249396314,0.263699752533379,0.288457819932439,0.169754287489007,0.0469474502051646,0.21232298840669,0.283836185203086,0.307937278038054,0.153977564542311,0.0464165645858804,240.231904309862,236.753229948888,1010,v7.4.6,gap_tied_weak_links_phase3_seed,/Users/asewaket/Documents/LTSpice Superconducting Circuit/matlab_v7_4_6_files/outputs/v7_4_6_as006_gap_weaklink_v800_phase3_seed_1010/AS006_v7_4_6_gap_weaklink_scores.csv
AS006,combined_a3_3_g0_2_p0_1,"combined weak-link classes, alpha=3.3, tau=0.2, p=0.1",combined,boundary_constriction,shape,3.3,1,0.2,0.1,0.919825708061002,0.2,0.100217864923747,2.02220736592186e-07,3.80595667631106e-07,0.111670639609101,150.912321705044,0.205689439731349,0.25982819816458,0.290527962853795,0.170947123693096,0.0465111608816558,0.214209892598523,0.28434126708856,0.313838068100241,0.152546423917408,0.0468085468318696,240.506435719513,232.714697553448,1010,v7.4.6,gap_tied_weak_links_phase3_seed,/Users/asewaket/Documents/LTSpice Superconducting Circuit/matlab_v7_4_6_files/outputs/v7_4_6_as006_gap_weaklink_v800_phase3_seed_1010/AS006_v7_4_6_gap_weaklink_scores.csv
AS006,boundary_sns_a3_7_g0_2_p0_3,"SNS-like boundary constriction, alpha=3.7, tau=0.2, p=0.3",boundary_lane,boundary_constriction,shape,3.7,0,0.2,0.3,0.747276688453157,0.2,0.315904139433551,2.03771079652194e-07,3.58138659886801e-07,0.108969716442079,142.570871649392,0.205792724328552,0.263419381067292,0.288067620875318,0.171606809445355,0.0469173922369657,0.219899276412314,0.29667933181806,0.319996500256316,0.148767490135525,0.0568638121255531,240.164547311516,225.56150050808,1010,v7.4.6,gap_tied_weak_links_phase3_seed,/Users/asewaket/Documents/LTSpice Superconducting Circuit/matlab_v7_4_6_files/outputs/v7_4_6_as006_gap_weaklink_v800_phase3_seed_1010/AS006_v7_4_6_gap_weaklink_scores.csv
AS006,crack_tunnel_a4_1_g0_2_p0_2,"tunnel/crack-like links, alpha=4.1, tau=0.2, p=0.2",tear_lane,crack_tunnel,shape,4.1,0.999999999999997,0.2,0.2,0.839651416122003,0.2,0.200435729847495,2.33935086934787e-07,4.94011946832235e-07,0.107725638432658,127.554246881452,0.20590031537951,0.265432889095573,0.288223138383039,0.169973765060807,0.0472109893056494,0.212802174582711,0.286106003437072,0.308096018555146,0.153891957258948,0.0463718904312945,239.779557398614,236.841028481933,1010,v7.4.6,gap_tied_weak_links_phase3_seed,/Users/asewaket/Documents/LTSpice Superconducting Circuit/matlab_v7_4_6_files/outputs/v7_4_6_as006_gap_weaklink_v800_phase3_seed_1010/AS006_v7_4_6_gap_weaklink_scores.csv
AS006,crack_tunnel_a3_7_g0_05_p0_1,"tunnel/crack-like links, alpha=3.7, tau=0.05, p=0.1",tear_lane,crack_tunnel,shape,3.7,0,0.05,0.1,0.904793028322441,0.05,0.100217864923747,5.49351905315026e-08,4.3741046326824e-07,0.118282978048986,146.507385601115,0.20591147260472,0.260455972500591,0.286324952853161,0.176463663507392,0.0474531436457339,0.212175097738135,0.26773618971077,0.293218382530679,0.171418923414768,0.0657334752827538,239.026559160791,250.315839273927,1010,v7.4.6,gap_tied_weak_links_phase3_seed,/Users/asewaket/Documents/LTSpice Superconducting Circuit/matlab_v7_4_6_files/outputs/v7_4_6_as006_gap_weaklink_v800_phase3_seed_1010/AS006_v7_4_6_gap_weaklink_scores.csv
AS006,boundary_sns_a4_1_g0_2_p0_3,"SNS-like boundary constriction, alpha=4.1, tau=0.2, p=0.3",boundary_lane,boundary_constriction,shape,4.1,0.999999999999997,0.2,0.3,0.747276688453157,0.2,0.315904139433551,2.2580038556054e-07,3.96856352847536e-07,0.120750226327709,142.570871649392,0.205943503985357,0.264639316455143,0.287479101378281,0.172122464285234,0.0468366957031075,0.220338129887448,0.298748597479837,0.320106223502321,0.14871191346827,0.0568662689930068,239.866469080127,225.224492056088,1010,v7.4.6,gap_tied_weak_links_phase3_seed,/Users/asewaket/Documents/LTSpice Superconducting Circuit/matlab_v7_4_6_files/outputs/v7_4_6_as006_gap_weaklink_v800_phase3_seed_1010/AS006_v7_4_6_gap_weaklink_scores.csv
AS006,crack_tunnel_a3_3_g0_1_p0_1,"tunnel/crack-like links, alpha=3.3, tau=0.1, p=0.1",tear_lane,crack_tunnel,shape,3.3,1,0.1,0.1,0.909803921568628,0.1,0.100217864923747,9.61816423676868e-08,3.82913541747201e-07,0.105495629070717,149.26575308334,0.206310265513439,0.261021483719823,0.289705464851335,0.17344334730775,0.0467410962228495,0.212566688341727,0.269723956065546,0.298001310209631,0.167167899069043,0.0626473189399309,239.889058080237,247.939305073788,1010,v7.4.6,gap_tied_weak_links_phase3_seed,/Users/asewaket/Documents/LTSpice Superconducting Circuit/matlab_v7_4_6_files/outputs/v7_4_6_as006_gap_weaklink_v800_phase3_seed_1010/AS006_v7_4_6_gap_weaklink_scores.csv
AS006,crack_tunnel_a4_1_g0_05_p0_1,"tunnel/crack-like links, alpha=4.1, tau=0.05, p=0.1",tear_lane,crack_tunnel,shape,4.1,0.999999999999997,0.05,0.1,0.904793028322441,0.05,0.100217864923747,6.08741300484218e-08,4.8469808091886e-07,0.131070327027255,146.507385601115,0.206336333543501,0.262238382693978,0.286086274851061,0.1768393142713,0.0477431611950464,0.212682033392769,0.270089430469147,0.29343299611035,0.171332242532498,0.0656476901359635,238.556027104618,250.325767015035,1010,v7.4.6,gap_tied_weak_links_phase3_seed,/Users/asewaket/Documents/LTSpice Superconducting Circuit/matlab_v7_4_6_files/outputs/v7_4_6_as006_gap_weaklink_v800_phase3_seed_1010/AS006_v7_4_6_gap_weaklink_scores.csv
AS006,combined_a3_7_g0_2_p0_1,"combined weak-link classes, alpha=3.7, tau=0.2, p=0.1",combined,boundary_constriction,shape,3.7,0,0.2,0.1,0.919825708061002,0.2,0.100217864923747,2.26732341027603e-07,4.26728475828816e-07,0.125206474713235,150.912321705044,0.206407957605017,0.263286003296072,0.29054919769583,0.171020132088342,0.0465175236508821,0.215038243321297,0.288096416298885,0.314127086659678,0.152471810810417,0.0467826351401423,240.134498326648,232.848408157119,1010,v7.4.6,gap_tied_weak_links_phase3_seed,/Users/asewaket/Documents/LTSpice Superconducting Circuit/matlab_v7_4_6_files/outputs/v7_4_6_as006_gap_weaklink_v800_phase3_seed_1010/AS006_v7_4_6_gap_weaklink_scores.csv
AS006,combined_a4_1_g0_2_p0_1,"combined weak-link classes, alpha=4.1, tau=0.2, p=0.1",combined,boundary_constriction,shape,4.1,0.999999999999997,0.2,0.1,0.919825708061002,0.2,0.100217864923747,2.51243945463019e-07,4.72861284026526e-07,0.138742309817368,150.912321705044,0.206806433406367,0.265300728039925,0.290349593812965,0.171228799269119,0.046583650732819,0.215566457778629,0.290554013006237,0.314294953180699,0.152411113777095,0.0467482155993148,239.694747419859,232.944300284703,1010,v7.4.6,gap_tied_weak_links_phase3_seed,/Users/asewaket/Documents/LTSpice Superconducting Circuit/matlab_v7_4_6_files/outputs/v7_4_6_as006_gap_weaklink_v800_phase3_seed_1010/AS006_v7_4_6_gap_weaklink_scores.csv
AS006,crack_tunnel_a3_7_g0_1_p0_1,"tunnel/crack-like links, alpha=3.7, tau=0.1, p=0.1",tear_lane,crack_tunnel,shape,3.7,0,0.1,0.1,0.909803921568628,0.1,0.100217864923747,1.0784002326074e-07,4.29327304383226e-07,0.118282978048986,149.26575308334,0.206933713040762,0.263980879317379,0.289328522537671,0.173949943554231,0.046925342002717,0.213352156079444,0.273428232513173,0.29826572834936,0.167066598062318,0.062534275694772,239.211981109533,247.975300757067,1010,v7.4.6,gap_tied_weak_links_phase3_seed,/Users/asewaket/Documents/LTSpice Superconducting Circuit/matlab_v7_4_6_files/outputs/v7_4_6_as006_gap_weaklink_v800_phase3_seed_1010/AS006_v7_4_6_gap_weaklink_scores.csv
AS006,boundary_sns_a3_7_g0_05_p0_3,"SNS-like boundary constriction, alpha=3.7, tau=0.05, p=0.3",boundary_lane,boundary_constriction,shape,3.7,0,0.05,0.3,0.699891067538129,0.05,0.315904139433551,5.23405543009783e-08,3.56997168826556e-07,0.108969716442079,138.763435117118,0.207111428542578,0.266404541765485,0.291747303329356,0.168239519592979,0.0482954206298097,0.207628695936755,0.255177123925499,0.281184791467604,0.179953501236487,0.0659510941443599,251.297523643888,256.075142110985,1010,v7.4.6,gap_tied_weak_links_phase3_seed,/Users/asewaket/Documents/LTSpice Superconducting Circuit/matlab_v7_4_6_files/outputs/v7_4_6_as006_gap_weaklink_v800_phase3_seed_1010/AS006_v7_4_6_gap_weaklink_scores.csv
AS006,crack_tunnel_a4_1_g0_1_p0_1,"tunnel/crack-like links, alpha=4.1, tau=0.1, p=0.1",tear_lane,crack_tunnel,shape,4.1,0.999999999999997,0.1,0.1,0.909803921568628,0.1,0.100217864923747,1.19498404153793e-07,4.7574106701925e-07,0.131070327027255,149.26575308334,0.207285866359435,0.26564169717248,0.288980066559027,0.17433299286881,0.0471562770603838,0.213810628548856,0.275691392430905,0.298407970334228,0.166976732142611,0.0624268870502133,238.664896056217,248.03288258959,1010,v7.4.6,gap_tied_weak_links_phase3_seed,/Users/asewaket/Documents/LTSpice Superconducting Circuit/matlab_v7_4_6_files/outputs/v7_4_6_as006_gap_weaklink_v800_phase3_seed_1010/AS006_v7_4_6_gap_weaklink_scores.csv
AS006,combined_a3_3_g0_05_p0_05,"combined weak-link classes, alpha=3.3, tau=0.05, p=0.05",combined,boundary_constriction,shape,3.3,1,0.05,0.05,0.95239651416122,0.05,0.0501089324618736,5.28146816601563e-08,3.85677464759003e-07,0.117259664929913,158.345082740024,0.207720190750325,0.264111375237544,0.292704358605893,0.171883506633211,0.0474025676622526,0.215121339288327,0.286041927633602,0.313595163897969,0.155064786534997,0.0469422488178388,240.038627644505,235.275573333332,1010,v7.4.6,gap_tied_weak_links_phase3_seed,/Users/asewaket/Documents/LTSpice Superconducting Circuit/matlab_v7_4_6_files/outputs/v7_4_6_as006_gap_weaklink_v800_phase3_seed_1010/AS006_v7_4_6_gap_weaklink_scores.csv
AS006,contact_relaxed_a3_3_g0_05_p0_2,"contact-relaxed SNS links, alpha=3.3, tau=0.05, p=0.2",contact_relaxation,contact_relaxed,shape,3.3,1,0.05,0.2,0.810000000000002,0.05,0.2,4.37947268561897e-08,7.74803336642813e-07,0.0408861332342556,72.0409131417904,0.207726208055035,0.260517475404057,0.29973979163455,0.165124545428225,0.047163247725377,0.225500063526895,0.300515636880652,0.339150283200013,0.143658911812144,0.05389804538862,235.663809843728,223.486501832755,1010,v7.4.6,gap_tied_weak_links_phase3_seed,/Users/asewaket/Documents/LTSpice Superconducting Circuit/matlab_v7_4_6_files/outputs/v7_4_6_as006_gap_weaklink_v800_phase3_seed_1010/AS006_v7_4_6_gap_weaklink_scores.csv
AS006,boundary_sns_a3_3_g0_1_p0_2,"SNS-like boundary constriction, alpha=3.3, tau=0.1, p=0.2",boundary_lane,boundary_constriction,shape,3.3,1,0.1,0.2,0.800784313725492,0.1,0.221350762527233,9.13101481355545e-08,3.14293602444913e-07,0.111253010248512,159.541498423141,0.208368100781106,0.264868648679076,0.292311050209458,0.173305364135913,0.0487958121900079,0.213062587291503,0.280626289050593,0.307333420532172,0.160280385366976,0.0465026797669024,239.996978531037,240.783126746569,1010,v7.4.6,gap_tied_weak_links_phase3_seed,/Users/asewaket/Documents/LTSpice Superconducting Circuit/matlab_v7_4_6_files/outputs/v7_4_6_as006_gap_weaklink_v800_phase3_seed_1010/AS006_v7_4_6_gap_weaklink_scores.csv
AS006,contact_relaxed_a3_3_g0_05_p0_3,"contact-relaxed SNS links, alpha=3.3, tau=0.05, p=0.3",contact_relaxation,contact_relaxed,shape,3.3,1,0.05,0.3,0.714793028322441,0.05,0.300217864923747,1.79907554954705e-07,2.56645294392344e-06,0.0439866454287471,18.9091388215645,0.208413225508511,0.258194612907747,0.315939141358633,0.147430902202622,0.0466893895039231,0.220175051297645,0.282204731322148,0.339769973465876,0.138311154504835,0.0511841284697532,242.694226732011,230.983677250089,1010,v7.4.6,gap_tied_weak_links_phase3_seed,/Users/asewaket/Documents/LTSpice Superconducting Circuit/matlab_v7_4_6_files/outputs/v7_4_6_as006_gap_weaklink_v800_phase3_seed_1010/AS006_v7_4_6_gap_weaklink_scores.csv
AS006,combined_a3_7_g0_05_p0_05,"combined weak-link classes, alpha=3.7, tau=0.05, p=0.05",combined,boundary_constriction,shape,3.7,0,0.05,0.05,0.95239651416122,0.05,0.0501089324618736,5.92164612553267e-08,4.32426248366155e-07,0.13147295764869,158.345082740024,0.208419892688039,0.267150668457417,0.29233683957738,0.17241820447946,0.0478365701230367,0.215935083677708,0.289800220820339,0.313837386695818,0.155046818692119,0.0468512474853713,239.255405504713,235.457161044124,1010,v7.4.6,gap_tied_weak_links_phase3_seed,/Users/asewaket/Documents/LTSpice Superconducting Circuit/matlab_v7_4_6_files/outputs/v7_4_6_as006_gap_weaklink_v800_phase3_seed_1010/AS006_v7_4_6_gap_weaklink_scores.csv
AS006,boundary_sns_a4_1_g0_05_p0_3,"SNS-like boundary constriction, alpha=4.1, tau=0.05, p=0.3",boundary_lane,boundary_constriction,shape,4.1,0.999999999999997,0.05,0.3,0.699891067538129,0.05,0.315904139433551,5.79989926037867e-08,3.95591457348346e-07,0.120750226327709,138.763435117118,0.208558489436335,0.270628774655181,0.293978186230252,0.16653659062528,0.049531108341954,0.207998062650399,0.25752831438688,0.28157984680196,0.179687795959438,0.0650875220123888,253.253329735085,255.979341077543,1010,v7.4.6,gap_tied_weak_links_phase3_seed,/Users/asewaket/Documents/LTSpice Superconducting Circuit/matlab_v7_4_6_files/outputs/v7_4_6_as006_gap_weaklink_v800_phase3_seed_1010/AS006_v7_4_6_gap_weaklink_scores.csv
AS006,crack_tunnel_a3_3_g0_2_p0_1,"tunnel/crack-like links, alpha=3.3, tau=0.2, p=0.1",tear_lane,crack_tunnel,shape,3.3,1,0.2,0.1,0.919825708061001,0.2,0.100217864923747,1.86054598134975e-07,3.70661487262948e-07,0.105495629070717,154.327013948777,0.208584908254746,0.268693681198917,0.295832456457595,0.167910261896427,0.0466362339034866,0.214639176128358,0.279657572322484,0.306330153374059,0.160101581474643,0.057333563071401,240.700253718827,244.89310983884,1010,v7.4.6,gap_tied_weak_links_phase3_seed,/Users/asewaket/Documents/LTSpice Superconducting Circuit/matlab_v7_4_6_files/outputs/v7_4_6_as006_gap_weaklink_v800_phase3_seed_1010/AS006_v7_4_6_gap_weaklink_scores.csv
AS006,combined_a3_3_g0_1_p0_05,"combined weak-link classes, alpha=3.3, tau=0.1, p=0.05",combined,boundary_constriction,shape,3.3,1,0.1,0.05,0.954901960784314,0.1,0.0501089324618736,1.04084186813793e-07,3.80035664610756e-07,0.117259664929913,160.69578661986,0.208666412060141,0.267669324930752,0.295222210281686,0.169821669407726,0.0467467806173453,0.215747130190026,0.2879003536196,0.31453923061243,0.154650385973536,0.0470786612918566,240.307062044328,236.556165644012,1010,v7.4.6,gap_tied_weak_links_phase3_seed,/Users/asewaket/Documents/LTSpice Superconducting Circuit/matlab_v7_4_6_files/outputs/v7_4_6_as006_gap_weaklink_v800_phase3_seed_1010/AS006_v7_4_6_gap_weaklink_scores.csv
AS006,contact_relaxed_a3_7_g0_05_p0_2,"contact-relaxed SNS links, alpha=3.7, tau=0.05, p=0.2",contact_relaxation,contact_relaxed,shape,3.7,0,0.05,0.2,0.810000000000002,0.05,0.2,4.91031785963339e-08,8.68718892599517e-07,0.0458420281717411,72.0409131417904,0.208803270194347,0.266276490628153,0.298956931533928,0.165974604877068,0.0470969740628715,0.227152476988634,0.307958107535295,0.339723596841714,0.143564132034953,0.0538328178911835,235.054914132356,222.824659797003,1010,v7.4.6,gap_tied_weak_links_phase3_seed,/Users/asewaket/Documents/LTSpice Superconducting Circuit/matlab_v7_4_6_files/outputs/v7_4_6_as006_gap_weaklink_v800_phase3_seed_1010/AS006_v7_4_6_gap_weaklink_scores.csv
AS006,combined_a4_1_g0_05_p0_05,"combined weak-link classes, alpha=4.1, tau=0.05, p=0.05",combined,boundary_constriction,shape,4.1,0.999999999999997,0.05,0.05,0.95239651416122,0.05,0.0501089324618736,6.56182408504972e-08,4.79175031973306e-07,0.145686250367468,158.345082740024,0.208843947336048,0.268956110189702,0.292019355239706,0.172815782323279,0.048210026916954,0.216443526168789,0.292196377042153,0.313969421177213,0.155028191283846,0.0467895276368607,238.71710799636,235.548005231168,1010,v7.4.6,gap_tied_weak_links_phase3_seed,/Users/asewaket/Documents/LTSpice Superconducting Circuit/matlab_v7_4_6_files/outputs/v7_4_6_as006_gap_weaklink_v800_phase3_seed_1010/AS006_v7_4_6_gap_weaklink_scores.csv
AS006,boundary_sns_a3_7_g0_1_p0_2,"SNS-like boundary constriction, alpha=3.7, tau=0.1, p=0.2",boundary_lane,boundary_constriction,shape,3.7,0,0.1,0.2,0.800784313725492,0.1,0.221350762527233,1.02378044879258e-07,3.5238979668066e-07,0.124738223611968,159.541498423141,0.208935409395523,0.267734423120477,0.292295632266674,0.173415448096747,0.0486559572695243,0.213727863562428,0.283864398573011,0.307553212250649,0.160209520015839,0.0462948977806951,239.933736563355,240.623193161688,1010,v7.4.6,gap_tied_weak_links_phase3_seed,/Users/asewaket/Documents/LTSpice Superconducting Circuit/matlab_v7_4_6_files/outputs/v7_4_6_as006_gap_weaklink_v800_phase3_seed_1010/AS006_v7_4_6_gap_weaklink_scores.csv
AS006,crack_tunnel_a3_7_g0_2_p0_1,"tunnel/crack-like links, alpha=3.7, tau=0.2, p=0.1",tear_lane,crack_tunnel,shape,3.7,0,0.2,0.1,0.919825708061001,0.2,0.100217864923747,2.08606670636184e-07,4.15590152385729e-07,0.118282978048986,154.327013948777,0.209083433870904,0.271430710307328,0.295533662413029,0.168141552894826,0.0466256087058594,0.215296473291364,0.282955039833243,0.306502671498976,0.159957340521507,0.0572009758484852,239.990707163122,245.153582433437,1010,v7.4.6,gap_tied_weak_links_phase3_seed,/Users/asewaket/Documents/LTSpice Superconducting Circuit/matlab_v7_4_6_files/outputs/v7_4_6_as006_gap_weaklink_v800_phase3_seed_1010/AS006_v7_4_6_gap_weaklink_scores.csv
AS006,contact_relaxed_a3_3_g0_1_p0_2,"contact-relaxed SNS links, alpha=3.3, tau=0.1, p=0.2",contact_relaxation,contact_relaxed,shape,3.3,1,0.1,0.2,0.820000000000002,0.1,0.2,7.5689823658357e-08,6.69540971370536e-07,0.0408861332342556,83.3668771050663,0.209140855123638,0.265843241407551,0.30400648133657,0.160506505133688,0.0472165604545333,0.226289627356918,0.30407032890908,0.341424691821439,0.141676069695301,0.0527895100688686,236.270840435972,224.750495845979,1010,v7.4.6,gap_tied_weak_links_phase3_seed,/Users/asewaket/Documents/LTSpice Superconducting Circuit/matlab_v7_4_6_files/outputs/v7_4_6_as006_gap_weaklink_v800_phase3_seed_1010/AS006_v7_4_6_gap_weaklink_scores.csv
AS006,combined_a3_7_g0_1_p0_05,"combined weak-link classes, alpha=3.7, tau=0.1, p=0.05",combined,boundary_constriction,shape,3.7,0,0.1,0.05,0.954901960784314,0.1,0.0501089324618736,1.16700451882131e-07,4.26100593654484e-07,0.13147295764869,160.69578661986,0.209193763582444,0.270328075127727,0.29472649206674,0.170361131904369,0.0469179667872349,0.216483205328283,0.291368609669215,0.314724292556095,0.15461431001357,0.0470120174820682,239.456523196237,236.7448356873,1010,v7.4.6,gap_tied_weak_links_phase3_seed,/Users/asewaket/Documents/LTSpice Superconducting Circuit/matlab_v7_4_6_files/outputs/v7_4_6_as006_gap_weaklink_v800_phase3_seed_1010/AS006_v7_4_6_gap_weaklink_scores.csv
AS006,boundary_sns_a3_3_g0_05_p0_2,"SNS-like boundary constriction, alpha=3.3, tau=0.05, p=0.2",boundary_lane,boundary_constriction,shape,3.3,1,0.05,0.2,0.78971677559913,0.05,0.221350762527233,4.46956435056805e-08,3.07688796871507e-07,0.111253010248512,162.966194377914,0.209234010588862,0.265098832791864,0.293392450790988,0.173056396444744,0.051313935712285,0.215750397793381,0.253368181129745,0.282445239828037,0.18924854297173,0.0945439594234321,241.325248872824,268.53509329395,1010,v7.4.6,gap_tied_weak_links_phase3_seed,/Users/asewaket/Documents/LTSpice Superconducting Circuit/matlab_v7_4_6_files/outputs/v7_4_6_as006_gap_weaklink_v800_phase3_seed_1010/AS006_v7_4_6_gap_weaklink_scores.csv
AS006,boundary_sns_a3_3_g0_2_p0_2,"SNS-like boundary constriction, alpha=3.3, tau=0.2, p=0.2",boundary_lane,boundary_constriction,shape,3.3,1,0.2,0.2,0.822919389978212,0.2,0.221350762527233,1.8105531844055e-07,3.15322682266074e-07,0.111253010248512,160.920518438885,0.20925865746995,0.269840139542803,0.296172545972617,0.169002493902844,0.0468980749763131,0.219418495078695,0.296611485578796,0.321667819715639,0.1505132297442,0.0494207681320589,240.237781274521,230.952111171232,1010,v7.4.6,gap_tied_weak_links_phase3_seed,/Users/asewaket/Documents/LTSpice Superconducting Circuit/matlab_v7_4_6_files/outputs/v7_4_6_as006_gap_weaklink_v800_phase3_seed_1010/AS006_v7_4_6_gap_weaklink_scores.csv
AS006,boundary_sns_a4_1_g0_1_p0_2,"SNS-like boundary constriction, alpha=4.1, tau=0.1, p=0.2",boundary_lane,boundary_constriction,shape,4.1,0.999999999999997,0.1,0.2,0.800784313725492,0.1,0.221350762527233,1.13445941622962e-07,3.90485990916407e-07,0.138223436975424,159.541498423141,0.209259095112971,0.269525576890886,0.292199352362392,0.173516946865416,0.0485248484580116,0.214172849157146,0.286013477144058,0.307670923887578,0.160143646527331,0.0462470936792454,239.898344056096,240.456168541785,1010,v7.4.6,gap_tied_weak_links_phase3_seed,/Users/asewaket/Documents/LTSpice Superconducting Circuit/matlab_v7_4_6_files/outputs/v7_4_6_as006_gap_weaklink_v800_phase3_seed_1010/AS006_v7_4_6_gap_weaklink_scores.csv
AS006,crack_tunnel_a4_1_g0_2_p0_1,"tunnel/crack-like links, alpha=4.1, tau=0.2, p=0.1",tear_lane,crack_tunnel,shape,4.1,0.999999999999997,0.2,0.1,0.919825708061001,0.2,0.100217864923747,2.31158743137394e-07,4.60518817508511e-07,0.131070327027255,154.327013948777,0.209343417410536,0.272898875463187,0.295111049288638,0.168450883929862,0.0468102704220471,0.215687356821232,0.28503380956435,0.306582442074816,0.15983937973363,0.0570844762438439,239.273478035944,245.38662013725,1010,v7.4.6,gap_tied_weak_links_phase3_seed,/Users/asewaket/Documents/LTSpice Superconducting Circuit/matlab_v7_4_6_files/outputs/v7_4_6_as006_gap_weaklink_v800_phase3_seed_1010/AS006_v7_4_6_gap_weaklink_scores.csv
AS006,contact_relaxed_a4_1_g0_05_p0_2,"contact-relaxed SNS links, alpha=4.1, tau=0.05, p=0.2",contact_relaxation,contact_relaxed,shape,4.1,0.999999999999997,0.05,0.2,0.810000000000002,0.05,0.2,5.44116303364781e-08,9.62634448556222e-07,0.0507979231092266,72.0409131417904,0.2094097790506,0.269846556473482,0.298370927490587,0.166611436657451,0.0467889198491757,0.2282790478468,0.312921612240287,0.340171944771068,0.143503616720678,0.053793202743495,234.845250838344,222.088410737623,1010,v7.4.6,gap_tied_weak_links_phase3_seed,/Users/asewaket/Documents/LTSpice Superconducting Circuit/matlab_v7_4_6_files/outputs/v7_4_6_as006_gap_weaklink_v800_phase3_seed_1010/AS006_v7_4_6_gap_weaklink_scores.csv
AS006,combined_a4_1_g0_1_p0_05,"combined weak-link classes, alpha=4.1, tau=0.1, p=0.05",combined,boundary_constriction,shape,4.1,0.999999999999997,0.1,0.05,0.954901960784314,0.1,0.0501089324618736,1.2931671695047e-07,4.72165522698212e-07,0.145686250367468,160.69578661986,0.209495892053297,0.271785432122925,0.294211749917644,0.170852638468909,0.0472576677015495,0.216938295961518,0.293584611362926,0.314811626497715,0.154573334360256,0.0469698541233434,238.713191898265,236.896472234081,1010,v7.4.6,gap_tied_weak_links_phase3_seed,/Users/asewaket/Documents/LTSpice Superconducting Circuit/matlab_v7_4_6_files/outputs/v7_4_6_as006_gap_weaklink_v800_phase3_seed_1010/AS006_v7_4_6_gap_weaklink_scores.csv
AS006,boundary_sns_a3_7_g0_2_p0_2,"SNS-like boundary constriction, alpha=3.7, tau=0.2, p=0.2",boundary_lane,boundary_constriction,shape,3.7,0,0.2,0.2,0.822919389978212,0.2,0.221350762527233,2.03001417645465e-07,3.5354361344984e-07,0.124738223611968,160.920518438885,0.209659611074872,0.272247522452421,0.295831602678007,0.169258600546407,0.0467719775524164,0.220035425719292,0.299632557963476,0.321803570300517,0.150426152709024,0.0493556317207975,240.063102115794,230.693622091877,1010,v7.4.6,gap_tied_weak_links_phase3_seed,/Users/asewaket/Documents/LTSpice Superconducting Circuit/matlab_v7_4_6_files/outputs/v7_4_6_as006_gap_weaklink_v800_phase3_seed_1010/AS006_v7_4_6_gap_weaklink_scores.csv
AS006,boundary_sns_a4_1_g0_2_p0_2,"SNS-like boundary constriction, alpha=4.1, tau=0.2, p=0.2",boundary_lane,boundary_constriction,shape,4.1,0.999999999999997,0.2,0.2,0.822919389978212,0.2,0.221350762527233,2.2494751685038e-07,3.91764544633607e-07,0.138223436975424,160.920518438885,0.209834470107843,0.273586158779429,0.295342464547417,0.169620573794723,0.0467111615584043,0.220445273750751,0.301700167794444,0.32186508034974,0.150352850011671,0.0493212478326759,239.837212866284,230.405873440988,1010,v7.4.6,gap_tied_weak_links_phase3_seed,/Users/asewaket/Documents/LTSpice Superconducting Circuit/matlab_v7_4_6_files/outputs/v7_4_6_as006_gap_weaklink_v800_phase3_seed_1010/AS006_v7_4_6_gap_weaklink_scores.csv
AS006,boundary_sns_a3_7_g0_05_p0_2,"SNS-like boundary constriction, alpha=3.7, tau=0.05, p=0.2",boundary_lane,boundary_constriction,shape,3.7,0,0.05,0.2,0.78971677559913,0.05,0.221350762527233,5.01132972639448e-08,3.44984408613508e-07,0.124738223611968,162.966194377914,0.210074532289171,0.26830701771828,0.293633001763454,0.173121353893502,0.0518061982746554,0.216252550750777,0.256930149672603,0.282897837911321,0.188923517132774,0.0931069913205027,241.173652064576,268.434047444415,1010,v7.4.6,gap_tied_weak_links_phase3_seed,/Users/asewaket/Documents/LTSpice Superconducting Circuit/matlab_v7_4_6_files/outputs/v7_4_6_as006_gap_weaklink_v800_phase3_seed_1010/AS006_v7_4_6_gap_weaklink_scores.csv
AS006,contact_relaxed_a3_3_g0_1_p0_3,"contact-relaxed SNS links, alpha=3.3, tau=0.1, p=0.3",contact_relaxation,contact_relaxed,shape,3.3,1,0.1,0.3,0.72980392156863,0.1,0.300217864923747,1.91711420716487e-07,1.36741989574992e-06,0.0439866454287471,35.4897681001245,0.210224038262609,0.266588576620086,0.315842123173965,0.147904868469683,0.0469268135514153,0.222753546911212,0.292688846289032,0.341483426251493,0.138105713846235,0.0508507500191214,241.429472854814,230.565962396532,1010,v7.4.6,gap_tied_weak_links_phase3_seed,/Users/asewaket/Documents/LTSpice Superconducting Circuit/matlab_v7_4_6_files/outputs/v7_4_6_as006_gap_weaklink_v800_phase3_seed_1010/AS006_v7_4_6_gap_weaklink_scores.csv
AS006,contact_relaxed_a3_7_g0_1_p0_2,"contact-relaxed SNS links, alpha=3.7, tau=0.1, p=0.2",contact_relaxation,contact_relaxed,shape,3.7,0,0.1,0.2,0.820000000000002,0.1,0.2,8.48643477381579e-08,7.50697452748783e-07,0.0458420281717411,83.3668771050663,0.210299440204433,0.271667997364246,0.303633384368172,0.161010611071399,0.0472075171743681,0.227878611348825,0.3110728297443,0.341943522138448,0.14169398221702,0.052801585486267,235.867749758446,224.340480970742,1010,v7.4.6,gap_tied_weak_links_phase3_seed,/Users/asewaket/Documents/LTSpice Superconducting Circuit/matlab_v7_4_6_files/outputs/v7_4_6_as006_gap_weaklink_v800_phase3_seed_1010/AS006_v7_4_6_gap_weaklink_scores.csv
AS006,contact_relaxed_a4_1_g0_1_p0_2,"contact-relaxed SNS links, alpha=4.1, tau=0.1, p=0.2",contact_relaxation,contact_relaxed,shape,4.1,0.999999999999997,0.1,0.2,0.820000000000002,0.1,0.2,9.40388718179587e-08,8.3185393412703e-07,0.0507979231092266,83.3668771050663,0.210542602166034,0.27411288906483,0.301903182247305,0.162508848577463,0.0471334921107287,0.22900311303116,0.315985703551461,0.342318812021022,0.141723367887103,0.0528177307086706,234.942483504199,223.335887055975,1010,v7.4.6,gap_tied_weak_links_phase3_seed,/Users/asewaket/Documents/LTSpice Superconducting Circuit/matlab_v7_4_6_files/outputs/v7_4_6_as006_gap_weaklink_v800_phase3_seed_1010/AS006_v7_4_6_gap_weaklink_scores.csv
AS006,boundary_sns_a4_1_g0_05_p0_2,"SNS-like boundary constriction, alpha=4.1, tau=0.05, p=0.2",boundary_lane,boundary_constriction,shape,4.1,0.999999999999997,0.05,0.2,0.78971677559913,0.05,0.221350762527233,5.55309510222091e-08,3.82280020355509e-07,0.138223436975424,162.966194377914,0.210619907845443,0.270485310663886,0.293918339494221,0.173025215382418,0.0519756152204218,0.216548012356397,0.259200188543178,0.283229949646582,0.188649392103103,0.0920757212284096,241.226758628868,268.321275192617,1010,v7.4.6,gap_tied_weak_links_phase3_seed,/Users/asewaket/Documents/LTSpice Superconducting Circuit/matlab_v7_4_6_files/outputs/v7_4_6_as006_gap_weaklink_v800_phase3_seed_1010/AS006_v7_4_6_gap_weaklink_scores.csv
AS006,combined_a3_3_g0_4_p0_2,"combined weak-link classes, alpha=3.3, tau=0.4, p=0.2",combined,boundary_constriction,shape,3.3,1,0.4,0.2,0.879999999999999,0.4,0.2,3.86426376706389e-07,3.91498926178455e-07,0.10950850422832,150.696070822996,0.210629796643606,0.27633755680616,0.303718479302693,0.158697494904518,0.0469322190015098,0.220115914238805,0.299504263329276,0.326097262106628,0.145188147596825,0.0489199146821189,241.876451073959,232.81641640777,1010,v7.4.6,gap_tied_weak_links_phase3_seed,/Users/asewaket/Documents/LTSpice Superconducting Circuit/matlab_v7_4_6_files/outputs/v7_4_6_as006_gap_weaklink_v800_phase3_seed_1010/AS006_v7_4_6_gap_weaklink_scores.csv
AS006,combined_a4_1_g0_4_p0_2,"combined weak-link classes, alpha=4.1, tau=0.4, p=0.2",combined,boundary_constriction,shape,4.1,0.999999999999997,0.4,0.2,0.879999999999999,0.4,0.2,4.8010549833218e-07,4.86407756767171e-07,0.136056020404883,150.696070822996,0.210667838404126,0.278423198002753,0.301099050280287,0.16084946656264,0.0469308228240743,0.221336063140011,0.304955588275821,0.326561631765604,0.1451119157313,0.0488519771703007,240.32784611422,231.482917888345,1010,v7.4.6,gap_tied_weak_links_phase3_seed,/Users/asewaket/Documents/LTSpice Superconducting Circuit/matlab_v7_4_6_files/outputs/v7_4_6_as006_gap_weaklink_v800_phase3_seed_1010/AS006_v7_4_6_gap_weaklink_scores.csv
AS006,boundary_sns_a4_1_g0_4_p0_3,"SNS-like boundary constriction, alpha=4.1, tau=0.4, p=0.3",boundary_lane,boundary_constriction,shape,4.1,0.999999999999997,0.4,0.3,0.810457516339867,0.4,0.315904139433551,4.18110094856172e-07,4.40421548874562e-07,0.120750226327709,153.990818132287,0.210740683242069,0.279673973792641,0.30075540136252,0.160890404962729,0.0465944838298807,0.224326436311237,0.310632459445954,0.330519774923371,0.143594741200943,0.0530966894931526,240.597276040162,227.461674359927,1010,v7.4.6,gap_tied_weak_links_phase3_seed,/Users/asewaket/Documents/LTSpice Superconducting Circuit/matlab_v7_4_6_files/outputs/v7_4_6_as006_gap_weaklink_v800_phase3_seed_1010/AS006_v7_4_6_gap_weaklink_scores.csv
AS006,combined_a3_3_g0_2_p0_05,"combined weak-link classes, alpha=3.3, tau=0.2, p=0.05",combined,boundary_constriction,shape,3.3,1,0.2,0.05,0.959912854030501,0.2,0.0501089324618736,2.03168294458848e-07,3.70907436451579e-07,0.117259664929913,164.650594909815,0.210743409885801,0.274726692066272,0.300813475772368,0.164748345745316,0.0466313425794423,0.217493300494834,0.292681205566574,0.318024672521119,0.152314772214228,0.0478486547278507,241.13335050912,237.919983686064,1010,v7.4.6,gap_tied_weak_links_phase3_seed,/Users/asewaket/Documents/LTSpice Superconducting Circuit/matlab_v7_4_6_files/outputs/v7_4_6_as006_gap_weaklink_v800_phase3_seed_1010/AS006_v7_4_6_gap_weaklink_scores.csv
AS006,combined_a4_1_g0_4_p0_3,"combined weak-link classes, alpha=4.1, tau=0.4, p=0.3",combined,boundary_constriction,shape,4.1,0.999999999999997,0.4,0.3,0.81986928104575,0.4,0.300217864923747,4.45805615065019e-07,5.13530261046858e-07,0.116790901674619,135.548731883657,0.210775687496747,0.279254361131123,0.302279546663159,0.158881719280929,0.0470327205909197,0.220111309953635,0.30295505188583,0.325182225270205,0.14498270105931,0.0473042273353501,240.509946060248,233.762956516578,1010,v7.4.6,gap_tied_weak_links_phase3_seed,/Users/asewaket/Documents/LTSpice Superconducting Circuit/matlab_v7_4_6_files/outputs/v7_4_6_as006_gap_weaklink_v800_phase3_seed_1010/AS006_v7_4_6_gap_weaklink_scores.csv
AS006,combined_a3_7_g0_4_p0_2,"combined weak-link classes, alpha=3.7, tau=0.4, p=0.2",combined,boundary_constriction,shape,3.7,0,0.4,0.2,0.879999999999999,0.4,0.2,4.33265937519284e-07,4.38953341472813e-07,0.122782262316601,150.696070822996,0.210828264714017,0.27807960328401,0.302674669269596,0.159582041031907,0.0469034977743989,0.220832916842389,0.302679054864853,0.326388741098229,0.14514286274438,0.0488766539947183,241.216400661891,232.235535217417,1010,v7.4.6,gap_tied_weak_links_phase3_seed,/Users/asewaket/Documents/LTSpice Superconducting Circuit/matlab_v7_4_6_files/outputs/v7_4_6_as006_gap_weaklink_v800_phase3_seed_1010/AS006_v7_4_6_gap_weaklink_scores.csv
AS006,combined_a3_3_g0_4_p0_3,"combined weak-link classes, alpha=3.3, tau=0.4, p=0.3",combined,boundary_constriction,shape,3.3,1,0.4,0.3,0.81986928104575,0.4,0.300217864923747,3.58819153588918e-07,4.1332923450113e-07,0.0940024330551813,135.548731883657,0.210904709162189,0.277237664198442,0.305702999929607,0.15624104832466,0.0470043213298653,0.218745910152835,0.296785864676435,0.324728594381776,0.145056070467253,0.0473485578355663,242.42497561217,235.47704108453,1010,v7.4.6,gap_tied_weak_links_phase3_seed,/Users/asewaket/Documents/LTSpice Superconducting Circuit/matlab_v7_4_6_files/outputs/v7_4_6_as006_gap_weaklink_v800_phase3_seed_1010/AS006_v7_4_6_gap_weaklink_scores.csv
AS006,combined_a3_7_g0_2_p0_05,"combined weak-link classes, alpha=3.7, tau=0.2, p=0.05",combined,boundary_constriction,shape,3.7,0,0.2,0.05,0.959912854030501,0.2,0.0501089324618736,2.27794754393254e-07,4.15865913597225e-07,0.13147295764869,164.650594909815,0.211037663840942,0.276805067708129,0.300059919449137,0.165352789964856,0.0465874050045231,0.218130644670321,0.295790965570113,0.318171733622849,0.152226634582723,0.0477784307131019,240.129249032684,238.05911667775,1010,v7.4.6,gap_tied_weak_links_phase3_seed,/Users/asewaket/Documents/LTSpice Superconducting Circuit/matlab_v7_4_6_files/outputs/v7_4_6_as006_gap_weaklink_v800_phase3_seed_1010/AS006_v7_4_6_gap_weaklink_scores.csv
AS006,combined_a3_7_g0_4_p0_3,"combined weak-link classes, alpha=3.7, tau=0.4, p=0.3",combined,boundary_constriction,shape,3.7,0,0.4,0.3,0.81986928104575,0.4,0.300217864923747,4.02312384326968e-07,4.63429747773994e-07,0.1053966673649,135.548731883657,0.211049314560597,0.279027283490015,0.304326687495378,0.157322605141585,0.0469943297690748,0.219533910910092,0.300317831383586,0.3250095897346,0.145018298554889,0.0473120679377152,241.610375051839,234.745354016356,1010,v7.4.6,gap_tied_weak_links_phase3_seed,/Users/asewaket/Documents/LTSpice Superconducting Circuit/matlab_v7_4_6_files/outputs/v7_4_6_as006_gap_weaklink_v800_phase3_seed_1010/AS006_v7_4_6_gap_weaklink_scores.csv
AS006,combined_a4_1_g0_2_p0_05,"combined weak-link classes, alpha=4.1, tau=0.2, p=0.05",combined,boundary_constriction,shape,4.1,0.999999999999997,0.2,0.05,0.959912854030501,0.2,0.0501089324618736,2.5242121432766e-07,4.60824390742871e-07,0.145686250367468,164.650594909815,0.211054482738494,0.27752482292907,0.298969532658439,0.166229775972265,0.0467636886458004,0.218534377687228,0.297840289423542,0.318237620176559,0.152153685951691,0.0477236562640028,239.089189220684,237.976074628001,1010,v7.4.6,gap_tied_weak_links_phase3_seed,/Users/asewaket/Documents/LTSpice Superconducting Circuit/matlab_v7_4_6_files/outputs/v7_4_6_as006_gap_weaklink_v800_phase3_seed_1010/AS006_v7_4_6_gap_weaklink_scores.csv
AS006,contact_relaxed_a3_7_g0_05_p0_3,"contact-relaxed SNS links, alpha=3.7, tau=0.05, p=0.3",contact_relaxation,contact_relaxed,shape,3.7,0,0.05,0.3,0.714793028322441,0.05,0.300217864923747,2.01714531312851e-07,2.87753814924749e-06,0.049318360026171,18.9091388215645,0.211080250255024,0.269675558528517,0.316981897395101,0.147372981566187,0.0467911453474397,0.222867485486221,0.293746948755986,0.340737837519363,0.138510170184477,0.051161550285636,242.618292853877,231.179035547139,1010,v7.4.6,gap_tied_weak_links_phase3_seed,/Users/asewaket/Documents/LTSpice Superconducting Circuit/matlab_v7_4_6_files/outputs/v7_4_6_as006_gap_weaklink_v800_phase3_seed_1010/AS006_v7_4_6_gap_weaklink_scores.csv
AS006,boundary_sns_a3_7_g0_4_p0_3,"SNS-like boundary constriction, alpha=3.7, tau=0.4, p=0.3",boundary_lane,boundary_constriction,shape,3.7,0,0.4,0.3,0.810457516339867,0.4,0.315904139433551,3.77318866089716e-07,3.974535928868e-07,0.108969716442079,153.990818132287,0.211174611419746,0.2801103821299,0.302831116311521,0.159308486306946,0.0466726135399873,0.2239206722747,0.308677289503448,0.330437265926702,0.143631678489104,0.0531212583869448,241.597845047056,228.465680296068,1010,v7.4.6,gap_tied_weak_links_phase3_seed,/Users/asewaket/Documents/LTSpice Superconducting Circuit/matlab_v7_4_6_files/outputs/v7_4_6_as006_gap_weaklink_v800_phase3_seed_1010/AS006_v7_4_6_gap_weaklink_scores.csv
AS006,crack_tunnel_a3_3_g0_05_p0_05,"tunnel/crack-like links, alpha=3.3, tau=0.05, p=0.05",tear_lane,crack_tunnel,shape,3.3,1,0.05,0.05,0.951982570806101,0.05,0.0505446623093682,4.83533221987641e-08,3.73282195081815e-07,0.116325323082282,163.544881911011,0.21117889050101,0.275100834462405,0.301356928636961,0.165182638722686,0.0469406945246082,0.216576888382811,0.281366235278273,0.307311687831263,0.161627297699962,0.0616886308061211,241.981790669076,248.243626400443,1010,v7.4.6,gap_tied_weak_links_phase3_seed,/Users/asewaket/Documents/LTSpice Superconducting Circuit/matlab_v7_4_6_files/outputs/v7_4_6_as006_gap_weaklink_v800_phase3_seed_1010/AS006_v7_4_6_gap_weaklink_scores.csv
AS006,boundary_sns_a3_3_g0_4_p0_3,"SNS-like boundary constriction, alpha=3.3, tau=0.4, p=0.3",boundary_lane,boundary_constriction,shape,3.3,1,0.4,0.3,0.810457516339867,0.4,0.315904139433551,3.3652763732326e-07,3.54485636899038e-07,0.0971892065564487,153.990818132287,0.211206194983168,0.279026106224446,0.304242160847449,0.158248359438131,0.0467706379106951,0.22331929259688,0.30588810958515,0.330267176717168,0.143682074720912,0.0531382007430647,242.29666039403,229.219749350728,1010,v7.4.6,gap_tied_weak_links_phase3_seed,/Users/asewaket/Documents/LTSpice Superconducting Circuit/matlab_v7_4_6_files/outputs/v7_4_6_as006_gap_weaklink_v800_phase3_seed_1010/AS006_v7_4_6_gap_weaklink_scores.csv
AS006,contact_relaxed_a3_3_g0_2_p0_2,"contact-relaxed SNS links, alpha=3.3, tau=0.2, p=0.2",contact_relaxation,contact_relaxed,shape,3.3,1,0.2,0.2,0.839999999999998,0.2,0.2,1.22631129631859e-07,5.4281246697404e-07,0.0408861332342556,102.910643422648,0.211540251960348,0.275053321085973,0.309168198420324,0.155587015475705,0.0471198221355717,0.227937994643078,0.31106232253283,0.344274237296349,0.139783582188559,0.0514182576782529,236.99609236981,226.226571555892,1010,v7.4.6,gap_tied_weak_links_phase3_seed,/Users/asewaket/Documents/LTSpice Superconducting Circuit/matlab_v7_4_6_files/outputs/v7_4_6_as006_gap_weaklink_v800_phase3_seed_1010/AS006_v7_4_6_gap_weaklink_scores.csv
AS006,crack_tunnel_a3_3_g0_4_p0_2,"tunnel/crack-like links, alpha=3.3, tau=0.4, p=0.2",tear_lane,crack_tunnel,shape,3.3,1,0.4,0.2,0.879738562091502,0.4,0.200435729847495,3.33599759981408e-07,3.87431250183596e-07,0.0867060016653104,143.987448816442,0.211744108268759,0.28108905618858,0.306425486647685,0.155686138040608,0.046779210971004,0.217183372247737,0.295168677968955,0.320142531404504,0.147049250515709,0.0466871901672098,242.811770906336,239.949698514057,1010,v7.4.6,gap_tied_weak_links_phase3_seed,/Users/asewaket/Documents/LTSpice Superconducting Circuit/matlab_v7_4_6_files/outputs/v7_4_6_as006_gap_weaklink_v800_phase3_seed_1010/AS006_v7_4_6_gap_weaklink_scores.csv
AS006,crack_tunnel_a4_1_g0_4_p0_3,"tunnel/crack-like links, alpha=4.1, tau=0.4, p=0.3",tear_lane,crack_tunnel,shape,4.1,0.999999999999997,0.4,0.3,0.819869281045749,0.4,0.300217864923747,4.14904752786951e-07,5.03927579276153e-07,0.098331820299009,128.621204579748,0.211766369180959,0.283880114137492,0.304897131769611,0.154835660606587,0.0478371754122486,0.216187171839017,0.294697100835237,0.315328819446135,0.148186843515152,0.0491797699351719,241.461645354971,244.468966568569,1010,v7.4.6,gap_tied_weak_links_phase3_seed,/Users/asewaket/Documents/LTSpice Superconducting Circuit/matlab_v7_4_6_files/outputs/v7_4_6_as006_gap_weaklink_v800_phase3_seed_1010/AS006_v7_4_6_gap_weaklink_scores.csv
AS006,crack_tunnel_a3_7_g0_05_p0_05,"tunnel/crack-like links, alpha=3.7, tau=0.05, p=0.05",tear_lane,crack_tunnel,shape,3.7,0,0.05,0.05,0.951982570806101,0.05,0.0505446623093682,5.42143309501294e-08,4.18528521758398e-07,0.13042536224377,163.544881911011,0.211783564990717,0.278009571657619,0.301399665455293,0.165290625095959,0.0468455573792569,0.217253384045256,0.284532625952997,0.307563743861495,0.161575502485443,0.0615283644088608,241.578045493425,248.445851570558,1010,v7.4.6,gap_tied_weak_links_phase3_seed,/Users/asewaket/Documents/LTSpice Superconducting Circuit/matlab_v7_4_6_files/outputs/v7_4_6_as006_gap_weaklink_v800_phase3_seed_1010/AS006_v7_4_6_gap_weaklink_scores.csv
AS006,crack_tunnel_a4_1_g0_4_p0_2,"tunnel/crack-like links, alpha=4.1, tau=0.4, p=0.2",tear_lane,crack_tunnel,shape,4.1,0.999999999999997,0.4,0.2,0.879738562091502,0.4,0.200435729847495,4.1447242906781e-07,4.81353977500831e-07,0.107725638432658,143.987448816442,0.211817116107635,0.283047543132964,0.304005562363862,0.157509758896939,0.0471411046472794,0.21826911454433,0.300179646096547,0.320536463594735,0.146914833704838,0.0465835732032719,241.017644067381,239.080036527178,1010,v7.4.6,gap_tied_weak_links_phase3_seed,/Users/asewaket/Documents/LTSpice Superconducting Circuit/matlab_v7_4_6_files/outputs/v7_4_6_as006_gap_weaklink_v800_phase3_seed_1010/AS006_v7_4_6_gap_weaklink_scores.csv
AS006,combined_a3_3_g0_4_p0_1,"combined weak-link classes, alpha=3.3, tau=0.4, p=0.1",combined,boundary_constriction,shape,3.3,1,0.4,0.1,0.939869281045751,0.4,0.100217864923747,3.75573389171542e-07,3.78046823209844e-07,0.111670639609101,162.512050831654,0.211841338277247,0.27940580819854,0.305430367507925,0.159040175146899,0.0464975211152002,0.219341464448544,0.298958466340512,0.324227609572311,0.147081422058132,0.0464987615779996,242.08477961848,235.760418272263,1010,v7.4.6,gap_tied_weak_links_phase3_seed,/Users/asewaket/Documents/LTSpice Superconducting Circuit/matlab_v7_4_6_files/outputs/v7_4_6_as006_gap_weaklink_v800_phase3_seed_1010/AS006_v7_4_6_gap_weaklink_scores.csv
AS006,crack_tunnel_a4_1_g0_05_p0_05,"tunnel/crack-like links, alpha=4.1, tau=0.05, p=0.05",tear_lane,crack_tunnel,shape,4.1,0.999999999999997,0.05,0.05,0.951982570806101,0.05,0.0505446623093682,6.00753397014948e-08,4.63774848434982e-07,0.144525401405259,163.544881911011,0.211909614140384,0.27896078262603,0.300546679302634,0.166099152173826,0.0470066590789955,0.217687548853595,0.286595548547418,0.307713263772798,0.161535525159941,0.0614245776682346,240.419096160848,248.61185954626,1010,v7.4.6,gap_tied_weak_links_phase3_seed,/Users/asewaket/Documents/LTSpice Superconducting Circuit/matlab_v7_4_6_files/outputs/v7_4_6_as006_gap_weaklink_v800_phase3_seed_1010/AS006_v7_4_6_gap_weaklink_scores.csv
AS006,combined_a4_1_g0_4_p0_1,"combined weak-link classes, alpha=4.1, tau=0.4, p=0.1",combined,boundary_constriction,shape,4.1,0.999999999999997,0.4,0.1,0.939869281045751,0.4,0.100217864923747,4.66621483516158e-07,4.69694537927382e-07,0.138742309817368,162.512050831654,0.211935313916304,0.281697979046963,0.303009530561309,0.160922422590323,0.0465588838143656,0.220461277148213,0.304224319297362,0.324540401507799,0.14697205297293,0.0464212975888919,240.392968675242,234.85749003166,1010,v7.4.6,gap_tied_weak_links_phase3_seed,/Users/asewaket/Documents/LTSpice Superconducting Circuit/matlab_v7_4_6_files/outputs/v7_4_6_as006_gap_weaklink_v800_phase3_seed_1010/AS006_v7_4_6_gap_weaklink_scores.csv
AS006,crack_tunnel_a3_3_g0_4_p0_3,"tunnel/crack-like links, alpha=3.3, tau=0.4, p=0.3",tear_lane,crack_tunnel,shape,3.3,1,0.4,0.3,0.819869281045749,0.4,0.300217864923747,3.33947727852912e-07,4.05600246734464e-07,0.0791451236553,128.621204579748,0.211989987916206,0.282603767093077,0.308072770314752,0.152431649764519,0.0476792622314873,0.215031922891177,0.289536701684271,0.314783949717511,0.148295583649463,0.0493815212041434,243.383114915205,246.102532308917,1010,v7.4.6,gap_tied_weak_links_phase3_seed,/Users/asewaket/Documents/LTSpice Superconducting Circuit/matlab_v7_4_6_files/outputs/v7_4_6_as006_gap_weaklink_v800_phase3_seed_1010/AS006_v7_4_6_gap_weaklink_scores.csv
AS006,crack_tunnel_a3_7_g0_4_p0_2,"tunnel/crack-like links, alpha=3.7, tau=0.4, p=0.2",tear_lane,crack_tunnel,shape,3.7,0,0.4,0.2,0.879738562091502,0.4,0.200435729847495,3.74036094524609e-07,4.34392613842214e-07,0.0972158200489844,143.987448816442,0.212068023802089,0.283054616372219,0.305689836296418,0.156269537983985,0.0469913666395107,0.217851496911615,0.298211406710737,0.320397998167351,0.146971173288643,0.0466356144436691,242.062626350937,239.765937720251,1010,v7.4.6,gap_tied_weak_links_phase3_seed,/Users/asewaket/Documents/LTSpice Superconducting Circuit/matlab_v7_4_6_files/outputs/v7_4_6_as006_gap_weaklink_v800_phase3_seed_1010/AS006_v7_4_6_gap_weaklink_scores.csv
AS006,combined_a3_7_g0_4_p0_1,"combined weak-link classes, alpha=3.7, tau=0.4, p=0.1",combined,boundary_constriction,shape,3.7,0,0.4,0.1,0.939869281045751,0.4,0.100217864923747,4.2109743634385e-07,4.23870680568613e-07,0.125206474713235,162.512050831654,0.212089624634963,0.281357279214742,0.304495878997586,0.159775950039539,0.0465031181648737,0.220023538828347,0.302133898829098,0.324431374153846,0.147018055728972,0.0464563208821915,241.367018449333,235.40424346337,1010,v7.4.6,gap_tied_weak_links_phase3_seed,/Users/asewaket/Documents/LTSpice Superconducting Circuit/matlab_v7_4_6_files/outputs/v7_4_6_as006_gap_weaklink_v800_phase3_seed_1010/AS006_v7_4_6_gap_weaklink_scores.csv
AS006,crack_tunnel_a3_7_g0_4_p0_3,"tunnel/crack-like links, alpha=3.7, tau=0.4, p=0.3",tear_lane,crack_tunnel,shape,3.7,0,0.4,0.3,0.819869281045749,0.4,0.300217864923747,3.74426240319932e-07,4.54763913005308e-07,0.0887384719771545,128.621204579748,0.212207779007613,0.284316446711929,0.30705436162231,0.153265958167024,0.0477948677783152,0.215741884308782,0.292665741353251,0.315130916085187,0.148231344961415,0.049275395839814,242.634209667177,245.548144840988,1010,v7.4.6,gap_tied_weak_links_phase3_seed,/Users/asewaket/Documents/LTSpice Superconducting Circuit/matlab_v7_4_6_files/outputs/v7_4_6_as006_gap_weaklink_v800_phase3_seed_1010/AS006_v7_4_6_gap_weaklink_scores.csv
AS006,crack_tunnel_a3_3_g0_1_p0_05,"tunnel/crack-like links, alpha=3.3, tau=0.1, p=0.05",tear_lane,crack_tunnel,shape,3.3,1,0.1,0.05,0.954509803921569,0.1,0.0505446623093682,9.56971878121281e-08,3.69385749575041e-07,0.116325323082282,165.270026210733,0.21221566951838,0.278242240875674,0.304036565887749,0.163095318839895,0.0469029678627991,0.217603029887573,0.285032884393094,0.310503270142385,0.15924555217916,0.0605446020716465,242.109789376797,247.579157968921,1010,v7.4.6,gap_tied_weak_links_phase3_seed,/Users/asewaket/Documents/LTSpice Superconducting Circuit/matlab_v7_4_6_files/outputs/v7_4_6_as006_gap_weaklink_v800_phase3_seed_1010/AS006_v7_4_6_gap_weaklink_scores.csv
AS006,boundary_sns_a3_3_g0_05_p0_1,"SNS-like boundary constriction, alpha=3.3, tau=0.05, p=0.1",boundary_lane,boundary_constriction,shape,3.3,1,0.05,0.1,0.879956427015252,0.05,0.12636165577342,4.82806908420554e-08,3.3014335564394e-07,0.123646878960573,169.305827752139,0.212494411363637,0.279000075482302,0.30493095654263,0.161623501027386,0.0478134311020458,0.215517749677865,0.286223894131445,0.311899616303623,0.156632328331131,0.0497501153126258,242.773159405096,246.234742557157,1010,v7.4.6,gap_tied_weak_links_phase3_seed,/Users/asewaket/Documents/LTSpice Superconducting Circuit/matlab_v7_4_6_files/outputs/v7_4_6_as006_gap_weaklink_v800_phase3_seed_1010/AS006_v7_4_6_gap_weaklink_scores.csv
AS006,contact_relaxed_a3_7_g0_2_p0_2,"contact-relaxed SNS links, alpha=3.7, tau=0.2, p=0.2",contact_relaxation,contact_relaxed,shape,3.7,0,0.2,0.2,0.839999999999998,0.2,0.2,1.37495508981176e-07,6.08607917516348e-07,0.0458420281717411,102.910643422648,0.212698208413864,0.28053477943936,0.309077839569219,0.155823591914003,0.0472905534913228,0.229327653482784,0.317260407389477,0.34465146835095,0.139847468492869,0.0514284547941949,236.646138611005,226.167525719697,1010,v7.4.6,gap_tied_weak_links_phase3_seed,/Users/asewaket/Documents/LTSpice Superconducting Circuit/matlab_v7_4_6_files/outputs/v7_4_6_as006_gap_weaklink_v800_phase3_seed_1010/AS006_v7_4_6_gap_weaklink_scores.csv
AS006,boundary_sns_a3_3_g0_1_p0_1,"SNS-like boundary constriction, alpha=3.3, tau=0.1, p=0.1",boundary_lane,boundary_constriction,shape,3.3,1,0.1,0.1,0.886274509803923,0.1,0.12636165577342,9.73908366722845e-08,3.32979262176918e-07,0.123646878960573,167.863889597028,0.212724907982986,0.280516324135047,0.305466318505982,0.161131995488478,0.0471271640338159,0.221372081828117,0.302205110835953,0.32633735440257,0.14788437243955,0.0487094625506978,242.079230724001,233.731196471116,1010,v7.4.6,gap_tied_weak_links_phase3_seed,/Users/asewaket/Documents/LTSpice Superconducting Circuit/matlab_v7_4_6_files/outputs/v7_4_6_as006_gap_weaklink_v800_phase3_seed_1010/AS006_v7_4_6_gap_weaklink_scores.csv
AS006,contact_relaxed_a3_7_g0_1_p0_3,"contact-relaxed SNS links, alpha=3.7, tau=0.1, p=0.3",contact_relaxation,contact_relaxed,shape,3.7,0,0.1,0.3,0.72980392156863,0.1,0.300217864923747,2.14949168682122e-07,1.53316776190143e-06,0.049318360026171,35.4897681001245,0.212808598161535,0.277404270061131,0.317324614285233,0.147509077428018,0.0469342989623658,0.225122850410701,0.302901139882701,0.342303483873641,0.138281895719804,0.050829645742179,241.756355620537,230.909686585234,1010,v7.4.6,gap_tied_weak_links_phase3_seed,/Users/asewaket/Documents/LTSpice Superconducting Circuit/matlab_v7_4_6_files/outputs/v7_4_6_as006_gap_weaklink_v800_phase3_seed_1010/AS006_v7_4_6_gap_weaklink_scores.csv
AS006,crack_tunnel_a3_7_g0_1_p0_05,"tunnel/crack-like links, alpha=3.7, tau=0.1, p=0.05",tear_lane,crack_tunnel,shape,3.7,0,0.1,0.05,0.954509803921569,0.1,0.0505446623093682,1.07296846940871e-07,4.14159779826561e-07,0.13042536224377,165.270026210733,0.212824205082623,0.281225741015956,0.304163613804291,0.163068772157321,0.0467729950429967,0.218238052149663,0.288118573835554,0.310687991187445,0.159193395916793,0.0603759574387414,241.798560142542,247.843696975704,1010,v7.4.6,gap_tied_weak_links_phase3_seed,/Users/asewaket/Documents/LTSpice Superconducting Circuit/matlab_v7_4_6_files/outputs/v7_4_6_as006_gap_weaklink_v800_phase3_seed_1010/AS006_v7_4_6_gap_weaklink_scores.csv
AS006,crack_tunnel_a4_1_g0_1_p0_05,"tunnel/crack-like links, alpha=4.1, tau=0.1, p=0.05",tear_lane,crack_tunnel,shape,4.1,0.999999999999997,0.1,0.05,0.954509803921569,0.1,0.0505446623093682,1.18896506069614e-07,4.58933810078081e-07,0.144525401405259,165.270026210733,0.212937557022903,0.282279625977974,0.303396037848313,0.163708386016252,0.0468296103816766,0.218636703321559,0.290134415071005,0.310778256741235,0.15914403079007,0.0602571137520424,240.747950341768,248.051456177976,1010,v7.4.6,gap_tied_weak_links_phase3_seed,/Users/asewaket/Documents/LTSpice Superconducting Circuit/matlab_v7_4_6_files/outputs/v7_4_6_as006_gap_weaklink_v800_phase3_seed_1010/AS006_v7_4_6_gap_weaklink_scores.csv
AS006,contact_relaxed_a3_3_g0_2_p0_3,"contact-relaxed SNS links, alpha=3.3, tau=0.2, p=0.3",contact_relaxation,contact_relaxed,shape,3.3,1,0.2,0.3,0.759825708061001,0.2,0.300217864923747,2.13686019748288e-07,7.63784086131467e-07,0.0439866454287471,63.6802900946733,0.212939962385246,0.278635217095313,0.316492264860259,0.14809534887618,0.0470839452302398,0.226262024880366,0.306811021688244,0.344010213636145,0.137786471266288,0.0502481397674721,240.141188462592,230.130260941959,1010,v7.4.6,gap_tied_weak_links_phase3_seed,/Users/asewaket/Documents/LTSpice Superconducting Circuit/matlab_v7_4_6_files/outputs/v7_4_6_as006_gap_weaklink_v800_phase3_seed_1010/AS006_v7_4_6_gap_weaklink_scores.csv
AS006,contact_relaxed_a4_1_g0_2_p0_2,"contact-relaxed SNS links, alpha=4.1, tau=0.2, p=0.2",contact_relaxation,contact_relaxed,shape,4.1,0.999999999999997,0.2,0.2,0.839999999999998,0.2,0.2,1.52359888330492e-07,6.74403368058656e-07,0.0507979231092266,102.910643422648,0.213040096810918,0.28319086417993,0.307828098079971,0.156805334316259,0.0473037803393883,0.230322129143928,0.321703168909148,0.344916599888852,0.139899119319773,0.0514295278552855,235.929611574749,225.514824040199,1010,v7.4.6,gap_tied_weak_links_phase3_seed,/Users/asewaket/Documents/LTSpice Superconducting Circuit/matlab_v7_4_6_files/outputs/v7_4_6_as006_gap_weaklink_v800_phase3_seed_1010/AS006_v7_4_6_gap_weaklink_scores.csv
AS006,boundary_sns_a4_1_g0_4_p0_2,"SNS-like boundary constriction, alpha=4.1, tau=0.4, p=0.2",boundary_lane,boundary_constriction,shape,4.1,0.999999999999997,0.4,0.2,0.867189542483658,0.4,0.221350762527233,4.32368595701857e-07,4.31402614738502e-07,0.138223436975424,167.443571956664,0.213193553791747,0.284816176429139,0.305023253652007,0.160633536838371,0.0465689775906209,0.224923265799957,0.313023850726687,0.331900343805803,0.144776526592367,0.0497962183724819,240.426815090045,229.940474464817,1010,v7.4.6,gap_tied_weak_links_phase3_seed,/Users/asewaket/Documents/LTSpice Superconducting Circuit/matlab_v7_4_6_files/outputs/v7_4_6_as006_gap_weaklink_v800_phase3_seed_1010/AS006_v7_4_6_gap_weaklink_scores.csv
AS006,contact_relaxed_a4_1_g0_05_p0_3,"contact-relaxed SNS links, alpha=4.1, tau=0.05, p=0.3",contact_relaxation,contact_relaxed,shape,4.1,0.999999999999997,0.05,0.3,0.714793028322441,0.05,0.300217864923747,2.23521507670997e-07,3.18862335457154e-06,0.0546500746235949,18.9091388215645,0.213334651338425,0.27907965167875,0.318317917497781,0.147014256992216,0.0467694281519882,0.224910049526862,0.302591109539992,0.341430929989716,0.138652939457129,0.0511388362909043,242.966531785593,231.472759056564,1010,v7.4.6,gap_tied_weak_links_phase3_seed,/Users/asewaket/Documents/LTSpice Superconducting Circuit/matlab_v7_4_6_files/outputs/v7_4_6_as006_gap_weaklink_v800_phase3_seed_1010/AS006_v7_4_6_gap_weaklink_scores.csv
AS006,boundary_sns_a3_3_g0_4_p0_2,"SNS-like boundary constriction, alpha=3.3, tau=0.4, p=0.2",boundary_lane,boundary_constriction,shape,3.3,1,0.4,0.2,0.867189542483658,0.4,0.221350762527233,3.4800399166247e-07,3.47226494789526e-07,0.111253010248512,167.443571956664,0.213477218529355,0.28363540737134,0.307949715253368,0.158520847783113,0.0466876238531503,0.223961444912286,0.308335383327017,0.331702696806364,0.1448967494473,0.0498711850141523,241.873309669495,231.420375128659,1010,v7.4.6,gap_tied_weak_links_phase3_seed,/Users/asewaket/Documents/LTSpice Superconducting Circuit/matlab_v7_4_6_files/outputs/v7_4_6_as006_gap_weaklink_v800_phase3_seed_1010/AS006_v7_4_6_gap_weaklink_scores.csv
AS006,boundary_sns_a3_7_g0_05_p0_1,"SNS-like boundary constriction, alpha=3.7, tau=0.05, p=0.1",boundary_lane,boundary_constriction,shape,3.7,0,0.05,0.1,0.879956427015252,0.05,0.12636165577342,5.41328957926076e-08,3.7016073208563e-07,0.138634379440642,169.305827752139,0.213488518794864,0.282737124349781,0.306055765302275,0.160941502220938,0.0479310025693834,0.216123907404889,0.289250590883026,0.312292896246037,0.156507889820577,0.0492215154351319,243.095498489589,246.651980637118,1010,v7.4.6,gap_tied_weak_links_phase3_seed,/Users/asewaket/Documents/LTSpice Superconducting Circuit/matlab_v7_4_6_files/outputs/v7_4_6_as006_gap_weaklink_v800_phase3_seed_1010/AS006_v7_4_6_gap_weaklink_scores.csv
AS006,boundary_sns_a3_3_g0_2_p0_1,"SNS-like boundary constriction, alpha=3.3, tau=0.2, p=0.1",boundary_lane,boundary_constriction,shape,3.3,1,0.2,0.1,0.898910675381263,0.2,0.12636165577342,1.92868759851905e-07,3.30060374601667e-07,0.123646878960573,169.528799453802,0.213488847501625,0.283307061438737,0.307517509246569,0.159270147920545,0.0468938499872098,0.224361436670645,0.308794848312318,0.332106107371211,0.145129664474643,0.0504145665479842,241.430615366629,231.039255715315,1010,v7.4.6,gap_tied_weak_links_phase3_seed,/Users/asewaket/Documents/LTSpice Superconducting Circuit/matlab_v7_4_6_files/outputs/v7_4_6_as006_gap_weaklink_v800_phase3_seed_1010/AS006_v7_4_6_gap_weaklink_scores.csv
AS006,boundary_sns_a3_7_g0_4_p0_2,"SNS-like boundary constriction, alpha=3.7, tau=0.4, p=0.2",boundary_lane,boundary_constriction,shape,3.7,0,0.4,0.2,0.867189542483658,0.4,0.221350762527233,3.90186293682164e-07,3.89314554764014e-07,0.124738223611968,167.443571956664,0.21350769179678,0.284895594777178,0.30676085826131,0.159360740357794,0.0466104368021878,0.224529067746569,0.311071136864237,0.331836689755733,0.144825928870573,0.04982758370786,241.276777696064,230.78587526104,1010,v7.4.6,gap_tied_weak_links_phase3_seed,/Users/asewaket/Documents/LTSpice Superconducting Circuit/matlab_v7_4_6_files/outputs/v7_4_6_as006_gap_weaklink_v800_phase3_seed_1010/AS006_v7_4_6_gap_weaklink_scores.csv
AS006,boundary_sns_a3_7_g0_1_p0_1,"SNS-like boundary constriction, alpha=3.7, tau=0.1, p=0.1",boundary_lane,boundary_constriction,shape,3.7,0,0.1,0.1,0.886274509803923,0.1,0.12636165577342,1.09195786571955e-07,3.73340384865029e-07,0.138634379440642,167.863889597028,0.213551182312314,0.283953285575878,0.306273331998861,0.160586408594625,0.0470912842444034,0.221986425410362,0.305019139840613,0.326519010781328,0.147875174540578,0.0486607501681518,242.377198912294,234.061877294025,1010,v7.4.6,gap_tied_weak_links_phase3_seed,/Users/asewaket/Documents/LTSpice Superconducting Circuit/matlab_v7_4_6_files/outputs/v7_4_6_as006_gap_weaklink_v800_phase3_seed_1010/AS006_v7_4_6_gap_weaklink_scores.csv
AS006,crack_tunnel_a3_3_g0_4_p0_1,"tunnel/crack-like links, alpha=3.3, tau=0.4, p=0.1",tear_lane,crack_tunnel,shape,3.3,1,0.4,0.1,0.939869281045751,0.4,0.100217864923747,3.50979197768534e-07,3.71754090775213e-07,0.105495629070717,163.617962227758,0.213594491890284,0.284448245109273,0.309151634224624,0.156758145879856,0.0465611720992365,0.218782720016415,0.295760303855493,0.320095119866002,0.149970843389481,0.0505232822242269,242.668224254341,242.630440626477,1010,v7.4.6,gap_tied_weak_links_phase3_seed,/Users/asewaket/Documents/LTSpice Superconducting Circuit/matlab_v7_4_6_files/outputs/v7_4_6_as006_gap_weaklink_v800_phase3_seed_1010/AS006_v7_4_6_gap_weaklink_scores.csv
AS006,crack_tunnel_a4_1_g0_4_p0_1,"tunnel/crack-like links, alpha=4.1, tau=0.4, p=0.1",tear_lane,crack_tunnel,shape,4.1,0.999999999999997,0.4,0.1,0.939869281045751,0.4,0.100217864923747,4.36065063894239e-07,4.61876294599507e-07,0.131070327027255,163.617962227758,0.213842485398541,0.286988918002403,0.307402413815009,0.157925532867601,0.046862368729534,0.219716342476165,0.300501429029936,0.320327436714043,0.149757246825525,0.0503107105694047,240.598512538895,242.799941973462,1010,v7.4.6,gap_tied_weak_links_phase3_seed,/Users/asewaket/Documents/LTSpice Superconducting Circuit/matlab_v7_4_6_files/outputs/v7_4_6_as006_gap_weaklink_v800_phase3_seed_1010/AS006_v7_4_6_gap_weaklink_scores.csv
AS006,crack_tunnel_a3_7_g0_4_p0_1,"tunnel/crack-like links, alpha=3.7, tau=0.4, p=0.1",tear_lane,crack_tunnel,shape,3.7,0,0.4,0.1,0.939869281045751,0.4,0.100217864923747,3.93522130831387e-07,4.1681519268736e-07,0.118282978048986,163.617962227758,0.2139108716539,0.28651438424067,0.308626522008801,0.157082761302966,0.0465901088847235,0.219348526202506,0.298592403232037,0.320252178028995,0.149846000610511,0.0504014154666102,241.749783821134,242.900950344346,1010,v7.4.6,gap_tied_weak_links_phase3_seed,/Users/asewaket/Documents/LTSpice Superconducting Circuit/matlab_v7_4_6_files/outputs/v7_4_6_as006_gap_weaklink_v800_phase3_seed_1010/AS006_v7_4_6_gap_weaklink_scores.csv
AS006,crack_tunnel_a3_3_g0_2_p0_05,"tunnel/crack-like links, alpha=3.3, tau=0.2, p=0.05",tear_lane,crack_tunnel,shape,3.3,1,0.2,0.05,0.959564270152505,0.2,0.0505446623093682,1.87862176844172e-07,3.62568705501652e-07,0.116325323082282,168.377445675218,0.2139461940627,0.283822584597423,0.308612965456114,0.159192074577076,0.046845602946532,0.21907228828042,0.291646483248794,0.316108247070117,0.154758748127443,0.0570770906212966,242.578089736123,246.064973241622,1010,v7.4.6,gap_tied_weak_links_phase3_seed,/Users/asewaket/Documents/LTSpice Superconducting Circuit/matlab_v7_4_6_files/outputs/v7_4_6_as006_gap_weaklink_v800_phase3_seed_1010/AS006_v7_4_6_gap_weaklink_scores.csv
AS006,boundary_sns_a4_1_g0_1_p0_1,"SNS-like boundary constriction, alpha=4.1, tau=0.1, p=0.1",boundary_lane,boundary_constriction,shape,4.1,0.999999999999997,0.1,0.1,0.886274509803923,0.1,0.12636165577342,1.21000736471626e-07,4.1370150755314e-07,0.153621879920711,167.863889597028,0.214152212447374,0.286387707372232,0.306869631371987,0.160155742875776,0.0471568213689423,0.22240664517434,0.306991499377014,0.32660877940019,0.147861438743941,0.0486495641144303,242.575028281799,234.363865115966,1010,v7.4.6,gap_tied_weak_links_phase3_seed,/Users/asewaket/Documents/LTSpice Superconducting Circuit/matlab_v7_4_6_files/outputs/v7_4_6_as006_gap_weaklink_v800_phase3_seed_1010/AS006_v7_4_6_gap_weaklink_scores.csv
AS006,boundary_sns_a4_1_g0_05_p0_1,"SNS-like boundary constriction, alpha=4.1, tau=0.05, p=0.1",boundary_lane,boundary_constriction,shape,4.1,0.999999999999997,0.05,0.1,0.879956427015252,0.05,0.12636165577342,5.99851007431597e-08,4.1017810852732e-07,0.153621879920711,169.305827752139,0.214240417872927,0.28541536865384,0.306865899540511,0.16045232822643,0.048205986231861,0.216572192376532,0.291412186836051,0.312561811257237,0.15641335869673,0.0489489069755329,243.272209559771,247.022066696123,1010,v7.4.6,gap_tied_weak_links_phase3_seed,/Users/asewaket/Documents/LTSpice Superconducting Circuit/matlab_v7_4_6_files/outputs/v7_4_6_as006_gap_weaklink_v800_phase3_seed_1010/AS006_v7_4_6_gap_weaklink_scores.csv
AS006,boundary_sns_a3_7_g0_2_p0_1,"SNS-like boundary constriction, alpha=3.7, tau=0.2, p=0.1",boundary_lane,boundary_constriction,shape,3.7,0,0.2,0.1,0.898910675381263,0.2,0.12636165577342,2.16246791349105e-07,3.70067692735202e-07,0.138634379440642,169.528799453802,0.214307802381151,0.286721547207929,0.308393676668475,0.158623580201229,0.0468490552764572,0.224929624435645,0.311484783180034,0.332250048801085,0.14509132078268,0.05036160261794,241.799968777692,231.404191235912,1010,v7.4.6,gap_tied_weak_links_phase3_seed,/Users/asewaket/Documents/LTSpice Superconducting Circuit/matlab_v7_4_6_files/outputs/v7_4_6_as006_gap_weaklink_v800_phase3_seed_1010/AS006_v7_4_6_gap_weaklink_scores.csv
AS006,crack_tunnel_a3_7_g0_2_p0_05,"tunnel/crack-like links, alpha=3.7, tau=0.2, p=0.05",tear_lane,crack_tunnel,shape,3.7,0,0.2,0.05,0.959564270152505,0.2,0.0505446623093682,2.10633349794981e-07,4.0651642738064e-07,0.13042536224377,168.377445675218,0.214534675829342,0.286777484826339,0.308864730868283,0.158967042270517,0.0466738124627302,0.219628274744048,0.294522707042774,0.316240585874722,0.154651442235775,0.0568833386019855,242.340074320273,246.435095032525,1010,v7.4.6,gap_tied_weak_links_phase3_seed,/Users/asewaket/Documents/LTSpice Superconducting Circuit/matlab_v7_4_6_files/outputs/v7_4_6_as006_gap_weaklink_v800_phase3_seed_1010/AS006_v7_4_6_gap_weaklink_scores.csv
AS006,crack_tunnel_a4_1_g0_2_p0_05,"tunnel/crack-like links, alpha=4.1, tau=0.2, p=0.05",tear_lane,crack_tunnel,shape,4.1,0.999999999999997,0.2,0.05,0.959564270152505,0.2,0.0505446623093682,2.3340452274579e-07,4.50464149259628e-07,0.144525401405259,168.377445675218,0.214672588794099,0.287989544650375,0.308312553398928,0.159320615638867,0.0466756613234132,0.219982355453873,0.296434729921738,0.316298623200815,0.154564190117782,0.0567492190989736,241.422627766688,246.763166445532,1010,v7.4.6,gap_tied_weak_links_phase3_seed,/Users/asewaket/Documents/LTSpice Superconducting Circuit/matlab_v7_4_6_files/outputs/v7_4_6_as006_gap_weaklink_v800_phase3_seed_1010/AS006_v7_4_6_gap_weaklink_scores.csv
AS006,contact_relaxed_a4_1_g0_1_p0_3,"contact-relaxed SNS links, alpha=4.1, tau=0.1, p=0.3",contact_relaxation,contact_relaxed,shape,4.1,0.999999999999997,0.1,0.3,0.72980392156863,0.1,0.300217864923747,2.38186916647757e-07,1.69891562805293e-06,0.0546500746235949,35.4897681001245,0.214816514776252,0.285691857164069,0.318613055334131,0.147107875529192,0.0469330254709732,0.226872979954445,0.310505794797838,0.342882581072274,0.138404283466431,0.0508092337648713,242.109954337476,231.253160612513,1010,v7.4.6,gap_tied_weak_links_phase3_seed,/Users/asewaket/Documents/LTSpice Superconducting Circuit/matlab_v7_4_6_files/outputs/v7_4_6_as006_gap_weaklink_v800_phase3_seed_1010/AS006_v7_4_6_gap_weaklink_scores.csv
AS006,boundary_sns_a4_1_g0_2_p0_1,"SNS-like boundary constriction, alpha=4.1, tau=0.2, p=0.1",boundary_lane,boundary_constriction,shape,4.1,0.999999999999997,0.2,0.1,0.898910675381263,0.2,0.12636165577342,2.39624822846306e-07,4.10075010868738e-07,0.153621879920711,169.528799453802,0.214901869320556,0.289185910216071,0.309063828041984,0.158109515476512,0.0468248429675985,0.225320073336073,0.313395444391878,0.332317102857242,0.145060247076365,0.0503246834428593,242.105535025726,231.695487728741,1010,v7.4.6,gap_tied_weak_links_phase3_seed,/Users/asewaket/Documents/LTSpice Superconducting Circuit/matlab_v7_4_6_files/outputs/v7_4_6_as006_gap_weaklink_v800_phase3_seed_1010/AS006_v7_4_6_gap_weaklink_scores.csv
AS006,combined_a4_1_g0_4_p0_05,"combined weak-link classes, alpha=4.1, tau=0.4, p=0.05",combined,boundary_constriction,shape,4.1,0.999999999999997,0.4,0.05,0.969934640522876,0.4,0.0501089324618736,4.84946960612759e-07,4.57810058232065e-07,0.145686250367468,171.405561772743,0.214984144777766,0.289814271444212,0.309704094450273,0.15706322096731,0.0467952609475016,0.222089136579126,0.307777743974033,0.32689661493171,0.146705555350207,0.0472169186033472,240.353649045787,238.987544144772,1010,v7.4.6,gap_tied_weak_links_phase3_seed,/Users/asewaket/Documents/LTSpice Superconducting Circuit/matlab_v7_4_6_files/outputs/v7_4_6_as006_gap_weaklink_v800_phase3_seed_1010/AS006_v7_4_6_gap_weaklink_scores.csv
AS006,contact_relaxed_a3_7_g0_2_p0_3,"contact-relaxed SNS links, alpha=3.7, tau=0.2, p=0.3",contact_relaxation,contact_relaxed,shape,3.7,0,0.2,0.3,0.759825708061001,0.2,0.300217864923747,2.39587355475353e-07,8.56363975359524e-07,0.049318360026171,63.6802900946733,0.2150637638749,0.287433668093479,0.317836813662669,0.147663751360962,0.0470910381701465,0.228140641630797,0.314952226153098,0.344634710196908,0.13792792756566,0.0502303296992261,240.494751654691,230.491036079695,1010,v7.4.6,gap_tied_weak_links_phase3_seed,/Users/asewaket/Documents/LTSpice Superconducting Circuit/matlab_v7_4_6_files/outputs/v7_4_6_as006_gap_weaklink_v800_phase3_seed_1010/AS006_v7_4_6_gap_weaklink_scores.csv
AS006,combined_a3_3_g0_4_p0_05,"combined weak-link classes, alpha=3.3, tau=0.4, p=0.05",combined,boundary_constriction,shape,3.3,1,0.4,0.05,0.969934640522876,0.4,0.0501089324618736,3.90323163420026e-07,3.68481266381906e-07,0.117259664929913,171.405561772743,0.21544331761572,0.28925750558356,0.313214983756664,0.154658658159309,0.0465095382217438,0.221155187690899,0.303185644423966,0.326692017327358,0.146823086601088,0.0473504054562913,243.122739217274,239.787297861821,1010,v7.4.6,gap_tied_weak_links_phase3_seed,/Users/asewaket/Documents/LTSpice Superconducting Circuit/matlab_v7_4_6_files/outputs/v7_4_6_as006_gap_weaklink_v800_phase3_seed_1010/AS006_v7_4_6_gap_weaklink_scores.csv
AS006,combined_a3_7_g0_4_p0_05,"combined weak-link classes, alpha=3.7, tau=0.4, p=0.05",combined,boundary_constriction,shape,3.7,0,0.4,0.05,0.969934640522876,0.4,0.0501089324618736,4.37635062016392e-07,4.13145662306986e-07,0.13147295764869,171.405561772743,0.215455570050402,0.290427159329236,0.311928711893956,0.155522953252363,0.0465717535428993,0.221715513441824,0.30590462173068,0.326833310727245,0.146752878077755,0.0472735541085667,241.894794441641,239.646466655668,1010,v7.4.6,gap_tied_weak_links_phase3_seed,/Users/asewaket/Documents/LTSpice Superconducting Circuit/matlab_v7_4_6_files/outputs/v7_4_6_as006_gap_weaklink_v800_phase3_seed_1010/AS006_v7_4_6_gap_weaklink_scores.csv
AS006,boundary_sns_a3_3_g0_4_p0_1,"SNS-like boundary constriction, alpha=3.3, tau=0.4, p=0.1",boundary_lane,boundary_constriction,shape,3.3,1,0.4,0.1,0.924183006535947,0.4,0.12636165577342,3.7529721381585e-07,3.54240287425201e-07,0.123646878960573,174.24488168932,0.216065944793522,0.291161706271358,0.314189030574479,0.153915881328533,0.0469423625302446,0.226557905501979,0.315031331141328,0.337394869882578,0.142409040171533,0.0493058738596411,241.697428304321,232.226028362101,1010,v7.4.6,gap_tied_weak_links_phase3_seed,/Users/asewaket/Documents/LTSpice Superconducting Circuit/matlab_v7_4_6_files/outputs/v7_4_6_as006_gap_weaklink_v800_phase3_seed_1010/AS006_v7_4_6_gap_weaklink_scores.csv
AS006,contact_relaxed_a4_1_g0_2_p0_3,"contact-relaxed SNS links, alpha=4.1, tau=0.2, p=0.3",contact_relaxation,contact_relaxed,shape,4.1,0.999999999999997,0.2,0.3,0.759825708061001,0.2,0.300217864923747,2.65488691202418e-07,9.4894386458758e-07,0.0546500746235949,63.6802900946733,0.216633288544208,0.293713958659152,0.319014446901843,0.14724266238707,0.0471238739998264,0.229418899916636,0.320477194258716,0.345068177222344,0.13802474066176,0.0502170693581592,240.834902100117,230.870571197496,1010,v7.4.6,gap_tied_weak_links_phase3_seed,/Users/asewaket/Documents/LTSpice Superconducting Circuit/matlab_v7_4_6_files/outputs/v7_4_6_as006_gap_weaklink_v800_phase3_seed_1010/AS006_v7_4_6_gap_weaklink_scores.csv
AS006,boundary_sns_a3_7_g0_4_p0_1,"SNS-like boundary constriction, alpha=3.7, tau=0.4, p=0.1",boundary_lane,boundary_constriction,shape,3.7,0,0.4,0.1,0.924183006535947,0.4,0.12636165577342,4.20787785187469e-07,3.97178504082801e-07,0.138634379440642,174.24488168932,0.216820059855735,0.294295233059407,0.314978151105017,0.153422360965731,0.0468153505783248,0.227099578802208,0.3175580885429,0.337534151447088,0.14239185473366,0.0492652220186642,242.115394574934,232.45786953373,1010,v7.4.6,gap_tied_weak_links_phase3_seed,/Users/asewaket/Documents/LTSpice Superconducting Circuit/matlab_v7_4_6_files/outputs/v7_4_6_as006_gap_weaklink_v800_phase3_seed_1010/AS006_v7_4_6_gap_weaklink_scores.csv
AS006,contact_relaxed_a4_1_g0_4_p0_2,"contact-relaxed SNS links, alpha=4.1, tau=0.4, p=0.2",contact_relaxation,contact_relaxed,shape,4.1,0.999999999999997,0.4,0.2,0.879999999999998,0.4,0.2,2.35235175534765e-07,5.41219476612878e-07,0.0507979231092266,133.308754562317,0.21693956258839,0.295856098893017,0.316153539273977,0.150602693138466,0.0473196538963924,0.232039613805583,0.328703833143926,0.347913175860813,0.138357029316879,0.0496998914814664,237.714804456454,228.665977436693,1010,v7.4.6,gap_tied_weak_links_phase3_seed,/Users/asewaket/Documents/LTSpice Superconducting Circuit/matlab_v7_4_6_files/outputs/v7_4_6_as006_gap_weaklink_v800_phase3_seed_1010/AS006_v7_4_6_gap_weaklink_scores.csv
AS006,contact_relaxed_a3_7_g0_4_p0_2,"contact-relaxed SNS links, alpha=3.7, tau=0.4, p=0.2",contact_relaxation,contact_relaxed,shape,3.7,0,0.4,0.2,0.879999999999998,0.4,0.2,2.12285402311861e-07,4.88417576455524e-07,0.0458420281717411,133.308754562317,0.217146065371684,0.295253296494312,0.318288627210392,0.149247096154356,0.0469130625529761,0.231328871762744,0.325527731025279,0.347727219006716,0.138313962882234,0.049701540923897,239.161071692535,229.358520990135,1010,v7.4.6,gap_tied_weak_links_phase3_seed,/Users/asewaket/Documents/LTSpice Superconducting Circuit/matlab_v7_4_6_files/outputs/v7_4_6_as006_gap_weaklink_v800_phase3_seed_1010/AS006_v7_4_6_gap_weaklink_scores.csv
AS006,contact_relaxed_a4_1_g0_1_p0_1,"contact-relaxed SNS links, alpha=4.1, tau=0.1, p=0.1",contact_relaxation,contact_relaxed,shape,4.1,0.999999999999997,0.1,0.1,0.909803921568628,0.1,0.100217864923747,5.42855215893921e-08,6.17279443464651e-07,0.0466752055423168,123.930626083461,0.217303002627921,0.295464658756209,0.318912266145762,0.148315983047084,0.0475589098194563,0.234122180794057,0.331371748160771,0.353435305609355,0.136983220348937,0.04949834555697,236.178868980034,227.698859043156,1010,v7.4.6,gap_tied_weak_links_phase3_seed,/Users/asewaket/Documents/LTSpice Superconducting Circuit/matlab_v7_4_6_files/outputs/v7_4_6_as006_gap_weaklink_v800_phase3_seed_1010/AS006_v7_4_6_gap_weaklink_scores.csv
AS006,crack_tunnel_a3_3_g0_4_p0_05,"tunnel/crack-like links, alpha=3.3, tau=0.4, p=0.05",tear_lane,crack_tunnel,shape,3.3,1,0.4,0.05,0.969673202614379,0.4,0.0505446623093682,3.63652667931301e-07,3.61338572014736e-07,0.116325323082282,173.966843999525,0.217315148625003,0.294135162606154,0.317378184908615,0.152271713309047,0.0466891152924748,0.221920888514958,0.303301454319208,0.326270870523135,0.147522052448641,0.0509263992792958,243.8284498586,243.49396880834,1010,v7.4.6,gap_tied_weak_links_phase3_seed,/Users/asewaket/Documents/LTSpice Superconducting Circuit/matlab_v7_4_6_files/outputs/v7_4_6_as006_gap_weaklink_v800_phase3_seed_1010/AS006_v7_4_6_gap_weaklink_scores.csv
AS006,boundary_sns_a4_1_g0_7_p0_3,"SNS-like boundary constriction, alpha=4.1, tau=0.7, p=0.3",boundary_lane,boundary_constriction,shape,4.1,0.999999999999997,0.7,0.3,0.905228758169932,0.7,0.315904139433551,6.57812230956877e-07,4.5242746082658e-07,0.120750226327709,171.285888215506,0.217384056506937,0.298131107388061,0.316967541887064,0.149996850095409,0.0465999142249993,0.229300075717289,0.324156911756423,0.342176520582264,0.139345204035317,0.0493530507669155,241.353747758469,231.012770866087,1010,v7.4.6,gap_tied_weak_links_phase3_seed,/Users/asewaket/Documents/LTSpice Superconducting Circuit/matlab_v7_4_6_files/outputs/v7_4_6_as006_gap_weaklink_v800_phase3_seed_1010/AS006_v7_4_6_gap_weaklink_scores.csv
AS006,contact_relaxed_a3_3_g0_4_p0_2,"contact-relaxed SNS links, alpha=3.3, tau=0.4, p=0.2",contact_relaxation,contact_relaxed,shape,3.3,1,0.4,0.2,0.879999999999998,0.4,0.2,1.89335629088957e-07,4.3561567629817e-07,0.0408861332342556,133.308754562317,0.217492266127672,0.294236039210938,0.321321149401533,0.147440980136849,0.0466120548036756,0.230314537292403,0.320976765826065,0.347469749733486,0.138256946393309,0.0497026756107108,241.059673577394,230.498093226172,1010,v7.4.6,gap_tied_weak_links_phase3_seed,/Users/asewaket/Documents/LTSpice Superconducting Circuit/matlab_v7_4_6_files/outputs/v7_4_6_as006_gap_weaklink_v800_phase3_seed_1010/AS006_v7_4_6_gap_weaklink_scores.csv
AS006,boundary_sns_a4_1_g0_4_p0_1,"SNS-like boundary constriction, alpha=4.1, tau=0.4, p=0.1",boundary_lane,boundary_constriction,shape,4.1,0.999999999999997,0.4,0.1,0.924183006535947,0.4,0.12636165577342,4.66278356559087e-07,4.40116720740401e-07,0.153621879920711,174.24488168932,0.217533281244291,0.296944423361957,0.315916031193394,0.152832770336054,0.0468279653509931,0.22748234463605,0.319403378972436,0.337596978228502,0.142384818723688,0.0492326089033258,242.497713015857,232.916815366861,1010,v7.4.6,gap_tied_weak_links_phase3_seed,/Users/asewaket/Documents/LTSpice Superconducting Circuit/matlab_v7_4_6_files/outputs/v7_4_6_as006_gap_weaklink_v800_phase3_seed_1010/AS006_v7_4_6_gap_weaklink_scores.csv
AS006,combined_a4_1_g0_7_p0_2,"combined weak-link classes, alpha=4.1, tau=0.7, p=0.2",combined,boundary_constriction,shape,4.1,0.999999999999997,0.7,0.2,0.939999999999999,0.7,0.2,7.40354384856035e-07,4.59701754859578e-07,0.136056020404883,171.016102427999,0.217566237134676,0.297962561551596,0.31722605736708,0.150306887771256,0.0468394140153216,0.228297020723329,0.322222460236514,0.340685229310873,0.1399879192028,0.0480785930826017,241.082662377291,232.793583710333,1010,v7.4.6,gap_tied_weak_links_phase3_seed,/Users/asewaket/Documents/LTSpice Superconducting Circuit/matlab_v7_4_6_files/outputs/v7_4_6_as006_gap_weaklink_v800_phase3_seed_1010/AS006_v7_4_6_gap_weaklink_scores.csv
AS006,contact_relaxed_a3_3_g0_4_p0_3,"contact-relaxed SNS links, alpha=3.3, tau=0.4, p=0.3",contact_relaxation,contact_relaxed,shape,3.3,1,0.4,0.3,0.819869281045749,0.4,0.300217864923747,2.5370618930714e-07,5.00617432412683e-07,0.0439866454287471,107.270443530832,0.217636558398772,0.295165917004533,0.322285060452036,0.145643277370824,0.0469639224847332,0.229870420284027,0.320659765246899,0.347225612301129,0.137393604630722,0.0493055088578608,241.041943503909,231.630912096058,1010,v7.4.6,gap_tied_weak_links_phase3_seed,/Users/asewaket/Documents/LTSpice Superconducting Circuit/matlab_v7_4_6_files/outputs/v7_4_6_as006_gap_weaklink_v800_phase3_seed_1010/AS006_v7_4_6_gap_weaklink_scores.csv
AS006,contact_relaxed_a4_1_g0_2_p0_1,"contact-relaxed SNS links, alpha=4.1, tau=0.2, p=0.1",contact_relaxation,contact_relaxed,shape,4.1,0.999999999999997,0.2,0.1,0.919825708061001,0.2,0.100217864923747,9.72824448853999e-08,5.53098244979143e-07,0.0466752055423168,138.311463815817,0.217720082566414,0.296611249991426,0.319805006611732,0.148005017187752,0.047324129785421,0.232959774725038,0.329588707191501,0.351552176122882,0.137161526245642,0.0485419504115947,237.123858080748,229.262259023372,1010,v7.4.6,gap_tied_weak_links_phase3_seed,/Users/asewaket/Documents/LTSpice Superconducting Circuit/matlab_v7_4_6_files/outputs/v7_4_6_as006_gap_weaklink_v800_phase3_seed_1010/AS006_v7_4_6_gap_weaklink_scores.csv
AS006,combined_a4_1_g0_7_p0_3,"combined weak-link classes, alpha=4.1, tau=0.7, p=0.3",combined,boundary_constriction,shape,4.1,0.999999999999997,0.7,0.3,0.909934640522874,0.7,0.300217864923747,6.45085240722248e-07,4.7147573838002e-07,0.116790901674619,163.931320164426,0.217776871547929,0.298745800601148,0.318160564370106,0.149128742283819,0.0469466416360394,0.22791865522919,0.321715085834323,0.340450500150742,0.139680534339906,0.0474891471229454,241.133498861145,233.881276542803,1010,v7.4.6,gap_tied_weak_links_phase3_seed,/Users/asewaket/Documents/LTSpice Superconducting Circuit/matlab_v7_4_6_files/outputs/v7_4_6_as006_gap_weaklink_v800_phase3_seed_1010/AS006_v7_4_6_gap_weaklink_scores.csv
AS006,contact_relaxed_a4_1_g0_05_p0_1,"contact-relaxed SNS links, alpha=4.1, tau=0.05, p=0.1",contact_relaxation,contact_relaxed,shape,4.1,0.999999999999997,0.05,0.1,0.904793028322441,0.05,0.100217864923747,2.93512693461295e-08,6.67505245468631e-07,0.0466752055423168,114.605583126642,0.217790040714322,0.297098909162309,0.319095610305144,0.148528153103011,0.0477737849965328,0.235935613691849,0.33500688019163,0.355636835980329,0.13728944173281,0.0506949231360278,235.660832280057,226.423511903285,1010,v7.4.6,gap_tied_weak_links_phase3_seed,/Users/asewaket/Documents/LTSpice Superconducting Circuit/matlab_v7_4_6_files/outputs/v7_4_6_as006_gap_weaklink_v800_phase3_seed_1010/AS006_v7_4_6_gap_weaklink_scores.csv
AS006,crack_tunnel_a3_7_g0_4_p0_05,"tunnel/crack-like links, alpha=3.7, tau=0.4, p=0.05",tear_lane,crack_tunnel,shape,3.7,0,0.4,0.05,0.969673202614379,0.4,0.0505446623093682,4.07731779195701e-07,4.05137186804401e-07,0.13042536224377,173.966843999525,0.21794333025546,0.297022719382689,0.317848023346445,0.15194663309803,0.0465265996657947,0.222430745222282,0.305889584936083,0.326403376608999,0.147436018279225,0.0507632092605478,243.551496088453,244.109983150779,1010,v7.4.6,gap_tied_weak_links_phase3_seed,/Users/asewaket/Documents/LTSpice Superconducting Circuit/matlab_v7_4_6_files/outputs/v7_4_6_as006_gap_weaklink_v800_phase3_seed_1010/AS006_v7_4_6_gap_weaklink_scores.csv
AS006,crack_tunnel_a4_1_g0_4_p0_05,"tunnel/crack-like links, alpha=4.1, tau=0.4, p=0.05",tear_lane,crack_tunnel,shape,4.1,0.999999999999997,0.4,0.05,0.969673202614379,0.4,0.0505446623093682,4.51810890460101e-07,4.48935801594066e-07,0.144525401405259,173.966843999525,0.218054165795912,0.298053069223696,0.317220654492772,0.152316068765926,0.0466865284361075,0.222778864148381,0.307699848372652,0.326463202057231,0.147378204574584,0.0506611130508702,242.49573383861,244.503009614125,1010,v7.4.6,gap_tied_weak_links_phase3_seed,/Users/asewaket/Documents/LTSpice Superconducting Circuit/matlab_v7_4_6_files/outputs/v7_4_6_as006_gap_weaklink_v800_phase3_seed_1010/AS006_v7_4_6_gap_weaklink_scores.csv
AS006,combined_a4_1_g0_7_p0_1,"combined weak-link classes, alpha=4.1, tau=0.7, p=0.1",combined,boundary_constriction,shape,4.1,0.999999999999997,0.7,0.1,0.969934640522875,0.7,0.100217864923747,7.52705418144874e-07,4.53696059311332e-07,0.138742309817368,176.304463519907,0.218080993745676,0.299267298006921,0.317982142239865,0.150447512847699,0.0466095307420697,0.227391061266624,0.321051735803741,0.339025894167343,0.140730898679898,0.0466946323866542,241.270803102113,234.74205911792,1010,v7.4.6,gap_tied_weak_links_phase3_seed,/Users/asewaket/Documents/LTSpice Superconducting Circuit/matlab_v7_4_6_files/outputs/v7_4_6_as006_gap_weaklink_v800_phase3_seed_1010/AS006_v7_4_6_gap_weaklink_scores.csv
AS006,boundary_sns_a4_1_g0_7_p0_2,"SNS-like boundary constriction, alpha=4.1, tau=0.7, p=0.2",boundary_lane,boundary_constriction,shape,4.1,0.999999999999997,0.7,0.2,0.933594771241829,0.7,0.221350762527233,7.11969974365116e-07,4.46626929783021e-07,0.138223436975424,177.95040967681,0.218400951046364,0.299932083667006,0.318343733956238,0.150689107554184,0.0466097526986667,0.229613319386602,0.324979490294047,0.342497506375521,0.140170963438284,0.0485027661839442,241.263186699775,231.915508813276,1010,v7.4.6,gap_tied_weak_links_phase3_seed,/Users/asewaket/Documents/LTSpice Superconducting Circuit/matlab_v7_4_6_files/outputs/v7_4_6_as006_gap_weaklink_v800_phase3_seed_1010/AS006_v7_4_6_gap_weaklink_scores.csv
AS006,crack_tunnel_a4_1_g0_7_p0_2,"tunnel/crack-like links, alpha=4.1, tau=0.7, p=0.2",tear_lane,crack_tunnel,shape,4.1,0.999999999999997,0.7,0.2,0.93986928104575,0.7,0.200435729847495,6.26301543855008e-07,4.59511172894065e-07,0.107725638432658,166.753458362984,0.218586656046474,0.301214162727424,0.320046713560526,0.147779509541729,0.0469129818468659,0.226474261029874,0.31961433340942,0.337945228201924,0.139920685852968,0.0464519650703763,241.956620817893,237.06484804493,1010,v7.4.6,gap_tied_weak_links_phase3_seed,/Users/asewaket/Documents/LTSpice Superconducting Circuit/matlab_v7_4_6_files/outputs/v7_4_6_as006_gap_weaklink_v800_phase3_seed_1010/AS006_v7_4_6_gap_weaklink_scores.csv
AS006,crack_tunnel_a4_1_g0_7_p0_3,"tunnel/crack-like links, alpha=4.1, tau=0.7, p=0.3",tear_lane,crack_tunnel,shape,4.1,0.999999999999997,0.7,0.3,0.909934640522874,0.7,0.300217864923747,5.87246515300582e-07,4.6381840176006e-07,0.098331820299009,159.029825589529,0.218717972056457,0.302016899953188,0.320755790962458,0.146434692247777,0.0472069608350761,0.226194376865742,0.319466517732971,0.337768428382413,0.139190982988185,0.0464218881912848,241.980799639673,237.905605541736,1010,v7.4.6,gap_tied_weak_links_phase3_seed,/Users/asewaket/Documents/LTSpice Superconducting Circuit/matlab_v7_4_6_files/outputs/v7_4_6_as006_gap_weaklink_v800_phase3_seed_1010/AS006_v7_4_6_gap_weaklink_scores.csv
AS006,contact_relaxed_a3_7_g0_4_p0_3,"contact-relaxed SNS links, alpha=3.7, tau=0.4, p=0.3",contact_relaxation,contact_relaxed,shape,3.7,0,0.4,0.3,0.819869281045749,0.4,0.300217864923747,2.84458454677703e-07,5.6129833331119e-07,0.049318360026171,107.270443530832,0.218863877825591,0.300296617304326,0.322832852500175,0.145584094715627,0.047085161553789,0.231052867811127,0.325723848651708,0.347642333468226,0.137495138565891,0.0492974836271664,241.00682289488,231.810660888215,1010,v7.4.6,gap_tied_weak_links_phase3_seed,/Users/asewaket/Documents/LTSpice Superconducting Circuit/matlab_v7_4_6_files/outputs/v7_4_6_as006_gap_weaklink_v800_phase3_seed_1010/AS006_v7_4_6_gap_weaklink_scores.csv
AS006,contact_relaxed_a3_7_g0_1_p0_1,"contact-relaxed SNS links, alpha=3.7, tau=0.1, p=0.1",contact_relaxation,contact_relaxed,shape,3.7,0,0.1,0.1,0.909803921568628,0.1,0.100217864923747,4.89893731416465e-08,5.57057058736392e-07,0.0421215269528225,123.930626083461,0.218868999255785,0.298162485920099,0.324007417178112,0.145485812841978,0.0473122642446554,0.233275112877531,0.328024055561876,0.352927280683331,0.136989519521642,0.0494918682278973,238.974861669983,230.026371557961,1010,v7.4.6,gap_tied_weak_links_phase3_seed,/Users/asewaket/Documents/LTSpice Superconducting Circuit/matlab_v7_4_6_files/outputs/v7_4_6_as006_gap_weaklink_v800_phase3_seed_1010/AS006_v7_4_6_gap_weaklink_scores.csv
AS006,combined_a3_7_g0_7_p0_2,"combined weak-link classes, alpha=3.7, tau=0.7, p=0.2",combined,boundary_constriction,shape,3.7,0,0.7,0.2,0.939999999999999,0.7,0.2,6.6812468877252e-07,4.1485280316596e-07,0.122782262316601,171.016102427999,0.218981815542863,0.300660124131273,0.321443653080607,0.147902123170912,0.0468449067283421,0.22789294223248,0.320326018193645,0.340591883830062,0.140000676551595,0.0481020505766505,243.163275758032,234.742606126852,1010,v7.4.6,gap_tied_weak_links_phase3_seed,/Users/asewaket/Documents/LTSpice Superconducting Circuit/matlab_v7_4_6_files/outputs/v7_4_6_as006_gap_weaklink_v800_phase3_seed_1010/AS006_v7_4_6_gap_weaklink_scores.csv
AS006,boundary_sns_a3_7_g0_7_p0_3,"SNS-like boundary constriction, alpha=3.7, tau=0.7, p=0.3",boundary_lane,boundary_constriction,shape,3.7,0,0.7,0.3,0.905228758169932,0.7,0.315904139433551,5.93635427936694e-07,4.08288196355695e-07,0.108969716442079,171.285888215506,0.219032356664766,0.301360082954992,0.321664150956986,0.147357031820611,0.0466931464183483,0.228918276004732,0.322315495975277,0.342108971859753,0.139360049799109,0.0493851210449305,243.558054972307,233.236020698232,1010,v7.4.6,gap_tied_weak_links_phase3_seed,/Users/asewaket/Documents/LTSpice Superconducting Circuit/matlab_v7_4_6_files/outputs/v7_4_6_as006_gap_weaklink_v800_phase3_seed_1010/AS006_v7_4_6_gap_weaklink_scores.csv
AS006,combined_a3_7_g0_7_p0_3,"combined weak-link classes, alpha=3.7, tau=0.7, p=0.3",combined,boundary_constriction,shape,3.7,0,0.7,0.3,0.909934640522874,0.7,0.300217864923747,5.82150095285931e-07,4.25478105367336e-07,0.1053966673649,163.931320164426,0.219369481626779,0.301719489026352,0.322811191681273,0.146611814704819,0.0469435652842898,0.227479331421836,0.319662849485195,0.340351984301337,0.139691326909522,0.0475036764597421,243.408776907846,236.036713132877,1010,v7.4.6,gap_tied_weak_links_phase3_seed,/Users/asewaket/Documents/LTSpice Superconducting Circuit/matlab_v7_4_6_files/outputs/v7_4_6_as006_gap_weaklink_v800_phase3_seed_1010/AS006_v7_4_6_gap_weaklink_scores.csv
AS006,contact_relaxed_a3_7_g0_2_p0_1,"contact-relaxed SNS links, alpha=3.7, tau=0.2, p=0.1",contact_relaxation,contact_relaxed,shape,3.7,0,0.2,0.1,0.919825708061001,0.2,0.100217864923747,8.7791474652678e-08,4.99137440590934e-07,0.0421215269528225,138.311463815817,0.219391574498243,0.29944938077291,0.325249769443101,0.145015478483755,0.0470520470881836,0.232127093259699,0.326194829559146,0.351157639803987,0.137116676103151,0.0485189219534344,240.072039252151,231.670077659946,1010,v7.4.6,gap_tied_weak_links_phase3_seed,/Users/asewaket/Documents/LTSpice Superconducting Circuit/matlab_v7_4_6_files/outputs/v7_4_6_as006_gap_weaklink_v800_phase3_seed_1010/AS006_v7_4_6_gap_weaklink_scores.csv
AS006,crack_tunnel_a4_1_g0_7_p0_1,"tunnel/crack-like links, alpha=4.1, tau=0.7, p=0.1",tear_lane,crack_tunnel,shape,4.1,0.999999999999997,0.7,0.1,0.969934640522875,0.7,0.100217864923747,7.07608327661762e-07,4.50511359389424e-07,0.131070327027255,176.452325583136,0.219451679985936,0.302658017487318,0.321147005746208,0.148561139860414,0.0468916975609831,0.226586402271677,0.319486084536569,0.337456916284951,0.141131661436966,0.0464817465269434,241.755925470134,238.645517819813,1010,v7.4.6,gap_tied_weak_links_phase3_seed,/Users/asewaket/Documents/LTSpice Superconducting Circuit/matlab_v7_4_6_files/outputs/v7_4_6_as006_gap_weaklink_v800_phase3_seed_1010/AS006_v7_4_6_gap_weaklink_scores.csv
AS006,contact_relaxed_a4_1_g0_4_p0_3,"contact-relaxed SNS links, alpha=4.1, tau=0.4, p=0.3",contact_relaxation,contact_relaxed,shape,4.1,0.999999999999997,0.4,0.3,0.819869281045749,0.4,0.300217864923747,3.15210720048265e-07,6.21979234209697e-07,0.0546500746235949,107.270443530832,0.219481804177408,0.303046159994077,0.32264304706695,0.145843807584429,0.0474327690452622,0.231832359799406,0.329045062247096,0.347926763310824,0.137563342534903,0.0492907227873645,240.495732891482,231.888594315514,1010,v7.4.6,gap_tied_weak_links_phase3_seed,/Users/asewaket/Documents/LTSpice Superconducting Circuit/matlab_v7_4_6_files/outputs/v7_4_6_as006_gap_weaklink_v800_phase3_seed_1010/AS006_v7_4_6_gap_weaklink_scores.csv
AS006,combined_a3_7_g0_7_p0_1,"combined weak-link classes, alpha=3.7, tau=0.7, p=0.1",combined,boundary_constriction,shape,3.7,0,0.7,0.1,0.969934640522875,0.7,0.100217864923747,6.7927074320391e-07,4.09433029134616e-07,0.125206474713235,176.304463519907,0.219528726654563,0.302105051544862,0.322221126155706,0.14803522100545,0.0466075846986519,0.227027558121931,0.319308071712887,0.338951519116845,0.140750918533301,0.046725912275662,243.400354476791,236.675306903594,1010,v7.4.6,gap_tied_weak_links_phase3_seed,/Users/asewaket/Documents/LTSpice Superconducting Circuit/matlab_v7_4_6_files/outputs/v7_4_6_as006_gap_weaklink_v800_phase3_seed_1010/AS006_v7_4_6_gap_weaklink_scores.csv
AS006,contact_relaxed_a3_7_g0_05_p0_1,"contact-relaxed SNS links, alpha=3.7, tau=0.05, p=0.1",contact_relaxation,contact_relaxed,shape,3.7,0,0.05,0.1,0.904793028322441,0.05,0.100217864923747,2.64877308733364e-08,6.02382782496082e-07,0.0421215269528225,114.605583126642,0.219535329879766,0.300167265280874,0.324499269828887,0.145682174931047,0.047532943253595,0.235151979923128,0.331750677434653,0.355187318996122,0.137368916992162,0.0507202676975696,238.56416926809,228.854377497665,1010,v7.4.6,gap_tied_weak_links_phase3_seed,/Users/asewaket/Documents/LTSpice Superconducting Circuit/matlab_v7_4_6_files/outputs/v7_4_6_as006_gap_weaklink_v800_phase3_seed_1010/AS006_v7_4_6_gap_weaklink_scores.csv
AS006,contact_relaxed_a4_1_g0_4_p0_1,"contact-relaxed SNS links, alpha=4.1, tau=0.4, p=0.1",contact_relaxation,contact_relaxed,shape,4.1,0.999999999999997,0.4,0.1,0.939869281045751,0.4,0.100217864923747,1.70345120336214e-07,4.88053033151362e-07,0.0466752055423168,157.976669118836,0.219559646243943,0.302530820410217,0.322898823505293,0.146666010160794,0.046861956974244,0.232900504416088,0.331140909139233,0.350636236526973,0.137422789641068,0.0479697119676677,239.054118754331,231.015325065691,1010,v7.4.6,gap_tied_weak_links_phase3_seed,/Users/asewaket/Documents/LTSpice Superconducting Circuit/matlab_v7_4_6_files/outputs/v7_4_6_as006_gap_weaklink_v800_phase3_seed_1010/AS006_v7_4_6_gap_weaklink_scores.csv
AS006,boundary_sns_a4_1_g0_05_p0_05,"SNS-like boundary constriction, alpha=4.1, tau=0.05, p=0.05",boundary_lane,boundary_constriction,shape,4.1,0.999999999999997,0.05,0.05,0.939978213507626,0.05,0.0631808278867102,5.79959446809682e-08,4.22021417704452e-07,0.159374970881171,178.531202303715,0.219640930171542,0.302163897292613,0.320811636247334,0.15055835796251,0.0464224426791236,0.226388513832178,0.317675261988049,0.335781240283756,0.143398121159287,0.0474024852271591,245.664005929663,236.017559007843,1010,v7.4.6,gap_tied_weak_links_phase3_seed,/Users/asewaket/Documents/LTSpice Superconducting Circuit/matlab_v7_4_6_files/outputs/v7_4_6_as006_gap_weaklink_v800_phase3_seed_1010/AS006_v7_4_6_gap_weaklink_scores.csv
AS006,boundary_sns_a3_3_g0_1_p0_05,"SNS-like boundary constriction, alpha=3.3, tau=0.1, p=0.05",boundary_lane,boundary_constriction,shape,3.3,1,0.1,0.05,0.943137254901961,0.1,0.0631808278867102,9.35248051594322e-08,3.4027785115869e-07,0.128277415587284,178.215315331177,0.219657121573336,0.300126188277119,0.32254359192182,0.149393445123014,0.0469663273226079,0.227690749816873,0.31756897596489,0.33955426247884,0.14201996376181,0.0491398590792425,244.586973636383,235.188573206515,1010,v7.4.6,gap_tied_weak_links_phase3_seed,/Users/asewaket/Documents/LTSpice Superconducting Circuit/matlab_v7_4_6_files/outputs/v7_4_6_as006_gap_weaklink_v800_phase3_seed_1010/AS006_v7_4_6_gap_weaklink_scores.csv
AS006,boundary_sns_a3_3_g0_05_p0_05,"SNS-like boundary constriction, alpha=3.3, tau=0.05, p=0.05",boundary_lane,boundary_constriction,shape,3.3,1,0.05,0.05,0.939978213507626,0.05,0.0631808278867102,4.66796627919988e-08,3.39675775225534e-07,0.128277415587284,178.531202303715,0.219668819764575,0.299809051940523,0.322487463002966,0.149554383541765,0.0472390071999539,0.225362381435591,0.3131630993886,0.335504027421182,0.143388340963228,0.0472813335982517,244.996880694953,238.473600883928,1010,v7.4.6,gap_tied_weak_links_phase3_seed,/Users/asewaket/Documents/LTSpice Superconducting Circuit/matlab_v7_4_6_files/outputs/v7_4_6_as006_gap_weaklink_v800_phase3_seed_1010/AS006_v7_4_6_gap_weaklink_scores.csv
AS006,combined_a3_3_g0_7_p0_2,"combined weak-link classes, alpha=3.3, tau=0.7, p=0.2",combined,boundary_constriction,shape,3.3,1,0.7,0.2,0.939999999999999,0.7,0.2,5.95894992689004e-07,3.70003851472343e-07,0.10950850422832,171.016102427999,0.219883092805924,0.30171116133834,0.324563114720143,0.146245319074638,0.0469122030877321,0.227359027225715,0.317908371792864,0.34040962617725,0.140023106884357,0.0481410349200763,244.720129126581,236.277468768245,1010,v7.4.6,gap_tied_weak_links_phase3_seed,/Users/asewaket/Documents/LTSpice Superconducting Circuit/matlab_v7_4_6_files/outputs/v7_4_6_as006_gap_weaklink_v800_phase3_seed_1010/AS006_v7_4_6_gap_weaklink_scores.csv
AS006,combined_a4_1_g0_7_p0_05,"combined weak-link classes, alpha=4.1, tau=0.7, p=0.05",combined,boundary_constriction,shape,4.1,0.999999999999997,0.7,0.05,0.984967320261438,0.7,0.0501089324618736,8.06679951037115e-07,4.49593011599517e-07,0.145686250367468,180.32499839268,0.21988776503275,0.30363679553628,0.321901009910064,0.148570684814834,0.0467619062663141,0.227855128118194,0.322248191987713,0.339908371856957,0.140652381212036,0.0463723213385375,241.658370541125,237.169070829054,1010,v7.4.6,gap_tied_weak_links_phase3_seed,/Users/asewaket/Documents/LTSpice Superconducting Circuit/matlab_v7_4_6_files/outputs/v7_4_6_as006_gap_weaklink_v800_phase3_seed_1010/AS006_v7_4_6_gap_weaklink_scores.csv
AS006,boundary_sns_a3_7_g0_7_p0_2,"SNS-like boundary constriction, alpha=3.7, tau=0.7, p=0.2",boundary_lane,boundary_constriction,shape,3.7,0,0.7,0.2,0.933594771241829,0.7,0.221350762527233,6.42509489061202e-07,4.03053570779799e-07,0.124738223611968,177.95040967681,0.219913972679765,0.302855593706647,0.322729534284099,0.148205366878155,0.0466808760973105,0.229234930704479,0.323145517650517,0.342435015253837,0.140190894970262,0.0485292404648362,243.340443449432,234.003513601571,1010,v7.4.6,gap_tied_weak_links_phase3_seed,/Users/asewaket/Documents/LTSpice Superconducting Circuit/matlab_v7_4_6_files/outputs/v7_4_6_as006_gap_weaklink_v800_phase3_seed_1010/AS006_v7_4_6_gap_weaklink_scores.csv
AS006,boundary_sns_a3_7_g0_05_p0_05,"SNS-like boundary constriction, alpha=3.7, tau=0.05, p=0.05",boundary_lane,boundary_constriction,shape,3.7,0,0.05,0.05,0.939978213507626,0.05,0.0631808278867102,5.23378037364835e-08,3.80848596464993e-07,0.143826193234228,178.531202303715,0.219926793177099,0.301862808582564,0.322177418825648,0.149761827412489,0.0467583900924349,0.225959298674153,0.315777901388397,0.33568249982267,0.143389422627664,0.0473374390081165,245.339550621623,237.694918026378,1010,v7.4.6,gap_tied_weak_links_phase3_seed,/Users/asewaket/Documents/LTSpice Superconducting Circuit/matlab_v7_4_6_files/outputs/v7_4_6_as006_gap_weaklink_v800_phase3_seed_1010/AS006_v7_4_6_gap_weaklink_scores.csv
AS006,crack_tunnel_a3_7_g0_7_p0_2,"tunnel/crack-like links, alpha=3.7, tau=0.7, p=0.2",tear_lane,crack_tunnel,shape,3.7,0,0.7,0.2,0.93986928104575,0.7,0.200435729847495,5.65198954210617e-07,4.14680814562937e-07,0.0972158200489844,166.753458362984,0.21995598289595,0.303748278154504,0.324014074572386,0.145688927838607,0.0468958460253124,0.226091234696541,0.317850857302187,0.337822410857535,0.139943897898884,0.0464862248062274,243.959313356131,238.904759685197,1010,v7.4.6,gap_tied_weak_links_phase3_seed,/Users/asewaket/Documents/LTSpice Superconducting Circuit/matlab_v7_4_6_files/outputs/v7_4_6_as006_gap_weaklink_v800_phase3_seed_1010/AS006_v7_4_6_gap_weaklink_scores.csv
AS006,boundary_sns_a3_3_g0_7_p0_3,"SNS-like boundary constriction, alpha=3.3, tau=0.7, p=0.3",boundary_lane,boundary_constriction,shape,3.3,1,0.7,0.3,0.905228758169932,0.7,0.315904139433551,5.29458624916511e-07,3.64148931884809e-07,0.0971892065564487,171.285888215506,0.220079460487773,0.302684309167681,0.325075748297994,0.145604685117915,0.0468245773523003,0.22840141291248,0.319912309724871,0.341967917092971,0.13938572241253,0.0494187469091681,245.152227650468,234.94978089365,1010,v7.4.6,gap_tied_weak_links_phase3_seed,/Users/asewaket/Documents/LTSpice Superconducting Circuit/matlab_v7_4_6_files/outputs/v7_4_6_as006_gap_weaklink_v800_phase3_seed_1010/AS006_v7_4_6_gap_weaklink_scores.csv
AS006,boundary_sns_a4_1_g0_1_p0_05,"SNS-like boundary constriction, alpha=4.1, tau=0.1, p=0.05",boundary_lane,boundary_constriction,shape,4.1,0.999999999999997,0.1,0.05,0.943137254901961,0.1,0.0631808278867102,1.16197485198082e-07,4.22769451439585e-07,0.159374970881171,178.215315331177,0.220081656936541,0.303501596258342,0.321917421470587,0.149760349187301,0.0463507643667098,0.228635855618674,0.321944715509264,0.339744976955232,0.142028177666836,0.0491456308289038,245.277918165349,233.80250380931,1010,v7.4.6,gap_tied_weak_links_phase3_seed,/Users/asewaket/Documents/LTSpice Superconducting Circuit/matlab_v7_4_6_files/outputs/v7_4_6_as006_gap_weaklink_v800_phase3_seed_1010/AS006_v7_4_6_gap_weaklink_scores.csv
AS006,contact_relaxed_a3_3_g0_1_p0_1,"contact-relaxed SNS links, alpha=3.3, tau=0.1, p=0.1",contact_relaxation,contact_relaxed,shape,3.3,1,0.1,0.1,0.909803921568628,0.1,0.100217864923747,4.36932246939009e-08,4.96834674008134e-07,0.0375678483633281,123.930626083461,0.220126585646779,0.299483318249842,0.32864830448619,0.143219675407559,0.0469904828737708,0.232200333146205,0.323709705433114,0.352295286125963,0.137033864288979,0.0494828792162526,241.733450053131,232.135375174014,1010,v7.4.6,gap_tied_weak_links_phase3_seed,/Users/asewaket/Documents/LTSpice Superconducting Circuit/matlab_v7_4_6_files/outputs/v7_4_6_as006_gap_weaklink_v800_phase3_seed_1010/AS006_v7_4_6_gap_weaklink_scores.csv
AS006,boundary_sns_a3_7_g0_1_p0_05,"SNS-like boundary constriction, alpha=3.7, tau=0.1, p=0.05",boundary_lane,boundary_constriction,shape,3.7,0,0.1,0.05,0.943137254901961,0.1,0.0631808278867102,1.04861145178757e-07,3.81523651299137e-07,0.143826193234228,178.215315331177,0.22021198125198,0.302766521768576,0.322849284336365,0.149254562077592,0.0467389343056934,0.228242255336587,0.320096516158891,0.339685190193448,0.142023501166045,0.0491363012279554,244.932534269083,235.036340955124,1010,v7.4.6,gap_tied_weak_links_phase3_seed,/Users/asewaket/Documents/LTSpice Superconducting Circuit/matlab_v7_4_6_files/outputs/v7_4_6_as006_gap_weaklink_v800_phase3_seed_1010/AS006_v7_4_6_gap_weaklink_scores.csv
AS006,crack_tunnel_a3_7_g0_7_p0_3,"tunnel/crack-like links, alpha=3.7, tau=0.7, p=0.3",tear_lane,crack_tunnel,shape,3.7,0,0.7,0.3,0.909934640522874,0.7,0.300217864923747,5.29954172344428e-07,4.18567825978591e-07,0.0887384719771545,159.029825589529,0.220224564713934,0.304881882100506,0.325018491430412,0.1442340847312,0.0471659755519422,0.225783160178644,0.317687626890059,0.337585841750349,0.139185808503362,0.0464706903108448,244.166415539738,239.891001379545,1010,v7.4.6,gap_tied_weak_links_phase3_seed,/Users/asewaket/Documents/LTSpice Superconducting Circuit/matlab_v7_4_6_files/outputs/v7_4_6_as006_gap_weaklink_v800_phase3_seed_1010/AS006_v7_4_6_gap_weaklink_scores.csv
AS006,combined_a3_3_g0_7_p0_1,"combined weak-link classes, alpha=3.3, tau=0.7, p=0.1",combined,boundary_constriction,shape,3.3,1,0.7,0.1,0.969934640522875,0.7,0.100217864923747,6.05836068262947e-07,3.65169998957901e-07,0.111670639609101,176.304463519907,0.220372004082575,0.303012404853928,0.325227188194829,0.146445200109224,0.0466435360814642,0.226508824473429,0.316900570692086,0.338797084110134,0.140783012998651,0.046769888234012,244.942910709266,238.115799449943,1010,v7.4.6,gap_tied_weak_links_phase3_seed,/Users/asewaket/Documents/LTSpice Superconducting Circuit/matlab_v7_4_6_files/outputs/v7_4_6_as006_gap_weaklink_v800_phase3_seed_1010/AS006_v7_4_6_gap_weaklink_scores.csv
AS006,boundary_sns_a3_3_g0_2_p0_05,"SNS-like boundary constriction, alpha=3.3, tau=0.2, p=0.05",boundary_lane,boundary_constriction,shape,3.3,1,0.2,0.05,0.949455337690632,0.2,0.0631808278867102,1.85997652169345e-07,3.38491922246838e-07,0.128277415587284,179.223258448443,0.220382344463516,0.302149521037578,0.32421472367371,0.148266625549785,0.047053152913778,0.228578226934004,0.319735312496121,0.341404276681056,0.141241201874183,0.0491468356393237,244.452546343596,235.182293289171,1010,v7.4.6,gap_tied_weak_links_phase3_seed,/Users/asewaket/Documents/LTSpice Superconducting Circuit/matlab_v7_4_6_files/outputs/v7_4_6_as006_gap_weaklink_v800_phase3_seed_1010/AS006_v7_4_6_gap_weaklink_scores.csv
AS006,combined_a3_3_g0_7_p0_3,"combined weak-link classes, alpha=3.3, tau=0.7, p=0.3",combined,boundary_constriction,shape,3.3,1,0.7,0.3,0.909934640522874,0.7,0.300217864923747,5.19214949849614e-07,3.79480472354651e-07,0.0940024330551813,163.931320164426,0.220394994277707,0.302910046502346,0.3262369283126,0.144911420753213,0.0470110243976236,0.226918261692212,0.317099506819688,0.340176645855185,0.13970783852927,0.0475478732332096,245.107635313438,237.708235882988,1010,v7.4.6,gap_tied_weak_links_phase3_seed,/Users/asewaket/Documents/LTSpice Superconducting Circuit/matlab_v7_4_6_files/outputs/v7_4_6_as006_gap_weaklink_v800_phase3_seed_1010/AS006_v7_4_6_gap_weaklink_scores.csv
AS006,crack_tunnel_a3_3_g0_7_p0_2,"tunnel/crack-like links, alpha=3.3, tau=0.7, p=0.2",tear_lane,crack_tunnel,shape,3.3,1,0.7,0.2,0.93986928104575,0.7,0.200435729847495,5.04096364566226e-07,3.69850456231809e-07,0.0867060016653104,166.753458362984,0.22057566622164,0.304137204997808,0.326486617400007,0.144444620153337,0.0468337704687065,0.225541205332203,0.315422127252874,0.337588123362402,0.139977196853967,0.0465331874564813,245.381599778885,240.033918569592,1010,v7.4.6,gap_tied_weak_links_phase3_seed,/Users/asewaket/Documents/LTSpice Superconducting Circuit/matlab_v7_4_6_files/outputs/v7_4_6_as006_gap_weaklink_v800_phase3_seed_1010/AS006_v7_4_6_gap_weaklink_scores.csv
AS006,contact_relaxed_a3_3_g0_05_p0_1,"contact-relaxed SNS links, alpha=3.3, tau=0.05, p=0.1",contact_relaxation,contact_relaxed,shape,3.3,1,0.05,0.1,0.904793028322441,0.05,0.100217864923747,2.36241924005433e-08,5.37260319523533e-07,0.0375678483633281,114.605583126642,0.220613732726242,0.30097895496554,0.328652083939961,0.143789660430762,0.047211486232285,0.234152913569832,0.32752572478571,0.354648993837607,0.137488679122005,0.0507422549451323,241.024828801649,230.703704407905,1010,v7.4.6,gap_tied_weak_links_phase3_seed,/Users/asewaket/Documents/LTSpice Superconducting Circuit/matlab_v7_4_6_files/outputs/v7_4_6_as006_gap_weaklink_v800_phase3_seed_1010/AS006_v7_4_6_gap_weaklink_scores.csv
AS006,crack_tunnel_a3_7_g0_7_p0_1,"tunnel/crack-like links, alpha=3.7, tau=0.7, p=0.1",tear_lane,crack_tunnel,shape,3.7,0,0.7,0.1,0.969934640522875,0.7,0.100217864923747,6.38573368865493e-07,4.06559031644115e-07,0.118282978048986,176.452325583136,0.220636907470966,0.304826711938908,0.32480829885104,0.146614593733763,0.046675060259396,0.22622303962792,0.317705516026897,0.33737578308199,0.14117218643136,0.0465368286800202,243.911222759531,240.042056333112,1010,v7.4.6,gap_tied_weak_links_phase3_seed,/Users/asewaket/Documents/LTSpice Superconducting Circuit/matlab_v7_4_6_files/outputs/v7_4_6_as006_gap_weaklink_v800_phase3_seed_1010/AS006_v7_4_6_gap_weaklink_scores.csv
AS006,contact_relaxed_a3_3_g0_2_p0_1,"contact-relaxed SNS links, alpha=3.3, tau=0.2, p=0.1",contact_relaxation,contact_relaxed,shape,3.3,1,0.2,0.1,0.919825708061001,0.2,0.100217864923747,7.8300504419956e-08,4.45176636202725e-07,0.0375678483633281,138.311463815817,0.220820334006735,0.301048788574474,0.330348846175707,0.142536845974825,0.0467713431831826,0.231066738061222,0.32185783568798,0.350648829442738,0.137071716198987,0.0485007578446064,243.012052064107,233.927205603399,1010,v7.4.6,gap_tied_weak_links_phase3_seed,/Users/asewaket/Documents/LTSpice Superconducting Circuit/matlab_v7_4_6_files/outputs/v7_4_6_as006_gap_weaklink_v800_phase3_seed_1010/AS006_v7_4_6_gap_weaklink_scores.csv
AS006,boundary_sns_a3_3_g0_7_p0_2,"SNS-like boundary constriction, alpha=3.3, tau=0.7, p=0.2",boundary_lane,boundary_constriction,shape,3.3,1,0.7,0.2,0.933594771241829,0.7,0.221350762527233,5.73049003757288e-07,3.59480211776578e-07,0.111253010248512,177.95040967681,0.220831564390466,0.303889380171496,0.325858715749037,0.146580373399469,0.0467902224706838,0.228722862508827,0.320735218696113,0.342304711772842,0.140225317638886,0.0485642011969412,244.820403825888,235.579654575104,1010,v7.4.6,gap_tied_weak_links_phase3_seed,/Users/asewaket/Documents/LTSpice Superconducting Circuit/matlab_v7_4_6_files/outputs/v7_4_6_as006_gap_weaklink_v800_phase3_seed_1010/AS006_v7_4_6_gap_weaklink_scores.csv
AS006,boundary_sns_a4_1_g0_7_p0_1,"SNS-like boundary constriction, alpha=4.1, tau=0.7, p=0.1",boundary_lane,boundary_constriction,shape,4.1,0.999999999999997,0.7,0.1,0.962091503267973,0.7,0.12636165577342,7.83891520411315e-07,4.45023379582665e-07,0.153621879920711,181.379152823367,0.220862938562865,0.306121586552271,0.324047536544407,0.147419866277693,0.0468350844622235,0.230748706725551,0.327610560818907,0.344902850783067,0.139431627976374,0.0482634489680141,242.445251882905,233.850209372938,1010,v7.4.6,gap_tied_weak_links_phase3_seed,/Users/asewaket/Documents/LTSpice Superconducting Circuit/matlab_v7_4_6_files/outputs/v7_4_6_as006_gap_weaklink_v800_phase3_seed_1010/AS006_v7_4_6_gap_weaklink_scores.csv
AS006,boundary_sns_a4_1_g0_2_p0_05,"SNS-like boundary constriction, alpha=4.1, tau=0.2, p=0.05",boundary_lane,boundary_constriction,shape,4.1,0.999999999999997,0.2,0.05,0.949455337690632,0.2,0.0631808278867102,2.31087992089186e-07,4.20550570064253e-07,0.159374970881171,179.223258448443,0.220941437936862,0.305780399837525,0.323939523082141,0.148395422910645,0.0465383458147302,0.229480744650902,0.323988369755276,0.341578043547296,0.14122264114787,0.0491254758566276,244.879697746537,234.389889077328,1010,v7.4.6,gap_tied_weak_links_phase3_seed,/Users/asewaket/Documents/LTSpice Superconducting Circuit/matlab_v7_4_6_files/outputs/v7_4_6_as006_gap_weaklink_v800_phase3_seed_1010/AS006_v7_4_6_gap_weaklink_scores.csv
AS006,crack_tunnel_a3_3_g0_7_p0_3,"tunnel/crack-like links, alpha=3.3, tau=0.7, p=0.3",tear_lane,crack_tunnel,shape,3.3,1,0.7,0.3,0.909934640522874,0.7,0.300217864923747,4.72661829388273e-07,3.73317250197121e-07,0.0791451236553,159.029825589529,0.220950802818051,0.305510735269456,0.32772462335845,0.142877116191303,0.0471287927043838,0.225177237671041,0.315181997769985,0.337261148585434,0.139177323842053,0.0465255257581452,245.690369828784,241.221819151501,1010,v7.4.6,gap_tied_weak_links_phase3_seed,/Users/asewaket/Documents/LTSpice Superconducting Circuit/matlab_v7_4_6_files/outputs/v7_4_6_as006_gap_weaklink_v800_phase3_seed_1010/AS006_v7_4_6_gap_weaklink_scores.csv
AS006,contact_relaxed_a4_1_g0_1_p0_05,"contact-relaxed SNS links, alpha=4.1, tau=0.1, p=0.05",contact_relaxation,contact_relaxed,shape,4.1,0.999999999999997,0.1,0.05,0.954509803921569,0.1,0.0505446623093682,3.98692546376303e-08,5.13797980930989e-07,0.0427824271960306,153.816736201188,0.220955348041662,0.306117251746074,0.326332879156149,0.144412803329159,0.0470609457775268,0.233925312618296,0.333681232780028,0.353144854389305,0.136407220672358,0.0474328092897189,238.922780113356,232.016503830361,1010,v7.4.6,gap_tied_weak_links_phase3_seed,/Users/asewaket/Documents/LTSpice Superconducting Circuit/matlab_v7_4_6_files/outputs/v7_4_6_as006_gap_weaklink_v800_phase3_seed_1010/AS006_v7_4_6_gap_weaklink_scores.csv
AS006,contact_relaxed_a4_1_g0_05_p0_05,"contact-relaxed SNS links, alpha=4.1, tau=0.05, p=0.05",contact_relaxation,contact_relaxed,shape,4.1,0.999999999999997,0.05,0.05,0.9519825708061,0.05,0.0505446623093682,2.06171359320364e-08,5.31389057093727e-07,0.0427824271960306,148.724794834504,0.221072657307092,0.306752180323763,0.326068042352065,0.144630245354742,0.047204225402153,0.234500833022497,0.335317794041619,0.353917767456054,0.136402094413508,0.0473276600058895,238.221553929018,231.771896149369,1010,v7.4.6,gap_tied_weak_links_phase3_seed,/Users/asewaket/Documents/LTSpice Superconducting Circuit/matlab_v7_4_6_files/outputs/v7_4_6_as006_gap_weaklink_v800_phase3_seed_1010/AS006_v7_4_6_gap_weaklink_scores.csv
AS006,crack_tunnel_a3_3_g0_7_p0_1,"tunnel/crack-like links, alpha=3.3, tau=0.7, p=0.1",tear_lane,crack_tunnel,shape,3.3,1,0.7,0.1,0.969934640522875,0.7,0.100217864923747,5.69538410069223e-07,3.62606703898805e-07,0.105495629070717,176.452325583136,0.221112512825817,0.304852832239936,0.326979796320202,0.14553923332637,0.0465710466708334,0.225713386985595,0.315285917286153,0.337212223983885,0.141238574120505,0.0466114080193896,245.414402362321,240.761084752055,1010,v7.4.6,gap_tied_weak_links_phase3_seed,/Users/asewaket/Documents/LTSpice Superconducting Circuit/matlab_v7_4_6_files/outputs/v7_4_6_as006_gap_weaklink_v800_phase3_seed_1010/AS006_v7_4_6_gap_weaklink_scores.csv
AS006,boundary_sns_a3_7_g0_2_p0_05,"SNS-like boundary constriction, alpha=3.7, tau=0.2, p=0.05",boundary_lane,boundary_constriction,shape,3.7,0,0.2,0.05,0.949455337690632,0.2,0.0631808278867102,2.08542822129265e-07,3.79521246155545e-07,0.143826193234228,179.223258448443,0.221144940254349,0.30518553550655,0.324979275039543,0.147879376329182,0.0469762140345208,0.229102337483845,0.322178596564624,0.341524349298022,0.141227960048296,0.0491305295226915,244.829180993892,235.43614847548,1010,v7.4.6,gap_tied_weak_links_phase3_seed,/Users/asewaket/Documents/LTSpice Superconducting Circuit/matlab_v7_4_6_files/outputs/v7_4_6_as006_gap_weaklink_v800_phase3_seed_1010/AS006_v7_4_6_gap_weaklink_scores.csv
AS006,shuffled_tau_control,"same weak-link histogram, shuffled positions",shuffled,boundary_constriction,shape,3.7,0,0.01,0.08,0.920627450980392,0.01,0.0801742919389978,4.63040094170087e-09,4.27244999666002e-07,0.0512420748890216,161.005180573992,0.221233768451035,0.306538015500989,0.325961087131269,0.146165798621382,0.0464916759977388,0.22654763034766,0.302533616770983,0.321741873237592,0.151421368972095,0.0778795455864127,242.109354700736,258.420448587506,1010,v7.4.6,gap_tied_weak_links_phase3_seed,/Users/asewaket/Documents/LTSpice Superconducting Circuit/matlab_v7_4_6_files/outputs/v7_4_6_as006_gap_weaklink_v800_phase3_seed_1010/AS006_v7_4_6_gap_weaklink_scores.csv
AS006,contact_relaxed_a4_1_g0_2_p0_05,"contact-relaxed SNS links, alpha=4.1, tau=0.2, p=0.05",contact_relaxation,contact_relaxed,shape,4.1,0.999999999999997,0.2,0.05,0.959564270152505,0.2,0.0505446623093682,7.58063759769747e-08,4.88461137192958e-07,0.0427824271960306,161.795325105558,0.221405541057962,0.306979355176003,0.327470862768007,0.144116908545733,0.0468282045876279,0.233559213561739,0.332639954445005,0.352414283897593,0.136693378718224,0.0475643931451235,240.133604490846,232.511443203773,1010,v7.4.6,gap_tied_weak_links_phase3_seed,/Users/asewaket/Documents/LTSpice Superconducting Circuit/matlab_v7_4_6_files/outputs/v7_4_6_as006_gap_weaklink_v800_phase3_seed_1010/AS006_v7_4_6_gap_weaklink_scores.csv
AS006,boundary_sns_a3_3_g0_7_p0_1,"SNS-like boundary constriction, alpha=3.3, tau=0.7, p=0.1",boundary_lane,boundary_constriction,shape,3.3,1,0.7,0.1,0.962091503267973,0.7,0.12636165577342,6.30937077404229e-07,3.58189549420194e-07,0.123646878960573,181.379152823367,0.221509710610473,0.305772634938894,0.327341391576671,0.145679904560188,0.0468286021540608,0.229869448581259,0.323477168513037,0.344729927420746,0.13941100061852,0.0483289506337998,244.202144494253,235.335751508522,1010,v7.4.6,gap_tied_weak_links_phase3_seed,/Users/asewaket/Documents/LTSpice Superconducting Circuit/matlab_v7_4_6_files/outputs/v7_4_6_as006_gap_weaklink_v800_phase3_seed_1010/AS006_v7_4_6_gap_weaklink_scores.csv
AS006,combined_a3_7_g0_7_p0_05,"combined weak-link classes, alpha=3.7, tau=0.7, p=0.05",combined,boundary_constriction,shape,3.7,0,0.7,0.05,0.984967320261438,0.7,0.0501089324618736,7.27979468009104e-07,4.05730278760539e-07,0.13147295764869,180.32499839268,0.221605679461251,0.307040015609319,0.326749909069813,0.14602949138695,0.0466391765910761,0.22749133995793,0.320480009798407,0.339849804576181,0.140664796436084,0.0464085364378219,244.244118305836,239.232955786362,1010,v7.4.6,gap_tied_weak_links_phase3_seed,/Users/asewaket/Documents/LTSpice Superconducting Circuit/matlab_v7_4_6_files/outputs/v7_4_6_as006_gap_weaklink_v800_phase3_seed_1010/AS006_v7_4_6_gap_weaklink_scores.csv
AS006,boundary_sns_a3_7_g0_7_p0_1,"SNS-like boundary constriction, alpha=3.7, tau=0.7, p=0.1",boundary_lane,boundary_constriction,shape,3.7,0,0.7,0.1,0.962091503267973,0.7,0.12636165577342,7.07414298907772e-07,4.01606464501429e-07,0.138634379440642,181.379152823367,0.221617739649603,0.307111537269725,0.326574616355065,0.146108065873895,0.0468365000145599,0.230375104284685,0.325817531610686,0.344851227828757,0.139420438799836,0.0482927926126213,243.716934274731,234.995034018658,1010,v7.4.6,gap_tied_weak_links_phase3_seed,/Users/asewaket/Documents/LTSpice Superconducting Circuit/matlab_v7_4_6_files/outputs/v7_4_6_as006_gap_weaklink_v800_phase3_seed_1010/AS006_v7_4_6_gap_weaklink_scores.csv
AS006,contact_relaxed_a4_1_g0_7_p0_3,"contact-relaxed SNS links, alpha=4.1, tau=0.7, p=0.3",contact_relaxation,contact_relaxed,shape,4.1,0.999999999999997,0.7,0.3,0.909934640522874,0.7,0.300217864923747,3.83665763737866e-07,4.76909571524855e-07,0.0546500746235949,154.229005157251,0.221771315207975,0.309470899280629,0.326836939484775,0.144272004400714,0.0470810271599977,0.233412458393716,0.333767399504116,0.350514115227458,0.137226432242664,0.0483621505130816,241.025114862856,232.81733429281,1010,v7.4.6,gap_tied_weak_links_phase3_seed,/Users/asewaket/Documents/LTSpice Superconducting Circuit/matlab_v7_4_6_files/outputs/v7_4_6_as006_gap_weaklink_v800_phase3_seed_1010/AS006_v7_4_6_gap_weaklink_scores.csv
AS006,contact_relaxed_a4_1_g0_7_p0_2,"contact-relaxed SNS links, alpha=4.1, tau=0.7, p=0.2",contact_relaxation,contact_relaxed,shape,4.1,0.999999999999997,0.7,0.2,0.939999999999999,0.7,0.2,3.31451198885262e-07,4.6310976110456e-07,0.0507979231092266,165.569138606812,0.221835250313776,0.309094568882128,0.326814120864823,0.144862219002235,0.0470791974205163,0.23343353998292,0.333428162091575,0.350504026141903,0.137560748970748,0.04840655586126,241.025298821841,232.773904573172,1010,v7.4.6,gap_tied_weak_links_phase3_seed,/Users/asewaket/Documents/LTSpice Superconducting Circuit/matlab_v7_4_6_files/outputs/v7_4_6_as006_gap_weaklink_v800_phase3_seed_1010/AS006_v7_4_6_gap_weaklink_scores.csv
AS006,contact_relaxed_a3_7_g0_4_p0_1,"contact-relaxed SNS links, alpha=3.7, tau=0.4, p=0.1",contact_relaxation,contact_relaxed,shape,3.7,0,0.4,0.1,0.939869281045751,0.4,0.100217864923747,1.53726084205851e-07,4.40438103087815e-07,0.0421215269528225,157.976669118836,0.222009886322911,0.307043740911829,0.329712762414233,0.14336841023028,0.0467978436899672,0.232249733253377,0.328274253697282,0.350431384246519,0.137402856699569,0.0479659192637359,242.428604307632,234.117359656414,1010,v7.4.6,gap_tied_weak_links_phase3_seed,/Users/asewaket/Documents/LTSpice Superconducting Circuit/matlab_v7_4_6_files/outputs/v7_4_6_as006_gap_weaklink_v800_phase3_seed_1010/AS006_v7_4_6_gap_weaklink_scores.csv
AS006,crack_tunnel_a4_1_g0_7_p0_05,"tunnel/crack-like links, alpha=4.1, tau=0.7, p=0.05",tear_lane,crack_tunnel,shape,4.1,0.999999999999997,0.7,0.05,0.984836601307189,0.7,0.0505446623093682,7.57759887704685e-07,4.46627924065468e-07,0.144525401405259,181.522145673451,0.222034208241356,0.308813174347641,0.32673542608944,0.146172347372278,0.0468554369872713,0.227961745844417,0.322458348135954,0.339979386643914,0.140692737534513,0.0465205325411383,243.122493581178,240.180772208684,1010,v7.4.6,gap_tied_weak_links_phase3_seed,/Users/asewaket/Documents/LTSpice Superconducting Circuit/matlab_v7_4_6_files/outputs/v7_4_6_as006_gap_weaklink_v800_phase3_seed_1010/AS006_v7_4_6_gap_weaklink_scores.csv
AS006,boundary_sns_a4_1_g0_4_p0_05,"SNS-like boundary constriction, alpha=4.1, tau=0.4, p=0.05",boundary_lane,boundary_constriction,shape,4.1,0.999999999999997,0.4,0.05,0.962091503267973,0.4,0.0631808278867102,4.5620407184029e-07,4.32182973747315e-07,0.159374970881171,181.569369880728,0.222081958504927,0.308809974425162,0.326625249270899,0.146591404973526,0.0467663756584912,0.230536286944807,0.326819988150825,0.344115327942253,0.140063140682979,0.0485806968205451,244.341076382841,235.084490768172,1010,v7.4.6,gap_tied_weak_links_phase3_seed,/Users/asewaket/Documents/LTSpice Superconducting Circuit/matlab_v7_4_6_files/outputs/v7_4_6_as006_gap_weaklink_v800_phase3_seed_1010/AS006_v7_4_6_gap_weaklink_scores.csv
AS006,boundary_sns_a3_3_g0_4_p0_05,"SNS-like boundary constriction, alpha=3.3, tau=0.4, p=0.05",boundary_lane,boundary_constriction,shape,3.3,1,0.4,0.05,0.962091503267973,0.4,0.0631808278867102,3.67188643188526e-07,3.47854588625888e-07,0.128277415587284,181.569369880728,0.222279140076542,0.307106412700293,0.328664003984832,0.14558739392092,0.0471430383078128,0.229655749606208,0.322680611334417,0.343950635788722,0.140059257756885,0.048610451870253,245.021962287936,236.448872830075,1010,v7.4.6,gap_tied_weak_links_phase3_seed,/Users/asewaket/Documents/LTSpice Superconducting Circuit/matlab_v7_4_6_files/outputs/v7_4_6_as006_gap_weaklink_v800_phase3_seed_1010/AS006_v7_4_6_gap_weaklink_scores.csv
AS006,combined_a3_3_g0_7_p0_05,"combined weak-link classes, alpha=3.3, tau=0.7, p=0.05",combined,boundary_constriction,shape,3.3,1,0.7,0.05,0.984967320261438,0.7,0.0501089324618736,6.49278984981093e-07,3.61867545921562e-07,0.117259664929913,180.32499839268,0.222324264299718,0.307638676885111,0.32943779234708,0.144727219499785,0.0465574836313568,0.226990624001305,0.318125329051229,0.33971552080099,0.140690448292739,0.0464625691876427,245.877501916244,240.284969585217,1010,v7.4.6,gap_tied_weak_links_phase3_seed,/Users/asewaket/Documents/LTSpice Superconducting Circuit/matlab_v7_4_6_files/outputs/v7_4_6_as006_gap_weaklink_v800_phase3_seed_1010/AS006_v7_4_6_gap_weaklink_scores.csv
AS006,contact_relaxed_a4_1_g0_4_p0_05,"contact-relaxed SNS links, alpha=4.1, tau=0.4, p=0.05",contact_relaxation,contact_relaxed,shape,4.1,0.999999999999997,0.4,0.05,0.969673202614379,0.4,0.0505446623093682,1.42148734109058e-07,4.58942844684872e-07,0.0427824271960306,172.567379134855,0.222682587324445,0.310274833188171,0.329506596372337,0.143645658425632,0.0469444867504226,0.233592738180338,0.333195461709735,0.35182312941006,0.137118196257701,0.047680007402225,241.313311526379,233.727796258558,1010,v7.4.6,gap_tied_weak_links_phase3_seed,/Users/asewaket/Documents/LTSpice Superconducting Circuit/matlab_v7_4_6_files/outputs/v7_4_6_as006_gap_weaklink_v800_phase3_seed_1010/AS006_v7_4_6_gap_weaklink_scores.csv
AS006,contact_relaxed_a4_1_g0_7_p0_1,"contact-relaxed SNS links, alpha=4.1, tau=0.7, p=0.1",contact_relaxation,contact_relaxed,shape,4.1,0.999999999999997,0.7,0.1,0.969934640522875,0.7,0.100217864923747,2.66899680159894e-07,4.44367055472174e-07,0.0466752055423168,176.44633637879,0.222685286953449,0.310887241118685,0.328916810433454,0.14413300878369,0.0467685144104031,0.233596519265599,0.333723239812494,0.351183394558012,0.137516611510017,0.0477926516514597,241.611487634219,233.489931202183,1010,v7.4.6,gap_tied_weak_links_phase3_seed,/Users/asewaket/Documents/LTSpice Superconducting Circuit/matlab_v7_4_6_files/outputs/v7_4_6_as006_gap_weaklink_v800_phase3_seed_1010/AS006_v7_4_6_gap_weaklink_scores.csv
AS006,crack_tunnel_a3_3_g0_7_p0_05,"tunnel/crack-like links, alpha=3.3, tau=0.7, p=0.05",tear_lane,crack_tunnel,shape,3.3,1,0.7,0.05,0.984836601307189,0.7,0.0505446623093682,6.09904299859868e-07,3.59481012052694e-07,0.116325323082282,181.522145673451,0.222859789977153,0.308917330624343,0.3305110983872,0.144356882949129,0.0465410933974123,0.227113651778436,0.3183471818264,0.339782278326163,0.140749842120788,0.0466647873440098,245.899170679475,241.197943742605,1010,v7.4.6,gap_tied_weak_links_phase3_seed,/Users/asewaket/Documents/LTSpice Superconducting Circuit/matlab_v7_4_6_files/outputs/v7_4_6_as006_gap_weaklink_v800_phase3_seed_1010/AS006_v7_4_6_gap_weaklink_scores.csv
AS006,boundary_sns_a3_7_g0_4_p0_05,"SNS-like boundary constriction, alpha=3.7, tau=0.4, p=0.05",boundary_lane,boundary_constriction,shape,3.7,0,0.4,0.05,0.962091503267973,0.4,0.0631808278867102,4.11696357514408e-07,3.90018781186601e-07,0.143826193234228,181.569369880728,0.22292130954537,0.309860146218756,0.329236163386121,0.145332218517851,0.0469178424350695,0.230163064253945,0.325038461289342,0.344065980056494,0.14005683638638,0.0485903493985442,245.458581997913,236.46841038375,1010,v7.4.6,gap_tied_weak_links_phase3_seed,/Users/asewaket/Documents/LTSpice Superconducting Circuit/matlab_v7_4_6_files/outputs/v7_4_6_as006_gap_weaklink_v800_phase3_seed_1010/AS006_v7_4_6_gap_weaklink_scores.csv
AS006,contact_relaxed_a3_7_g0_1_p0_05,"contact-relaxed SNS links, alpha=3.7, tau=0.1, p=0.05",contact_relaxation,contact_relaxed,shape,3.7,0,0.1,0.05,0.954509803921569,0.1,0.0505446623093682,3.59795712583493e-08,4.63671348645039e-07,0.0386085318598325,153.816736201188,0.222954839547525,0.309715385258801,0.331846566346377,0.141897998583708,0.04695482314303,0.233265268407337,0.331063162417171,0.352759690881654,0.13641604142112,0.0474136688002186,241.779737115107,234.598910123011,1010,v7.4.6,gap_tied_weak_links_phase3_seed,/Users/asewaket/Documents/LTSpice Superconducting Circuit/matlab_v7_4_6_files/outputs/v7_4_6_as006_gap_weaklink_v800_phase3_seed_1010/AS006_v7_4_6_gap_weaklink_scores.csv
AS006,contact_relaxed_a3_7_g0_05_p0_05,"contact-relaxed SNS links, alpha=3.7, tau=0.05, p=0.05",contact_relaxation,contact_relaxed,shape,3.7,0,0.05,0.05,0.9519825708061,0.05,0.0505446623093682,1.8605708036228e-08,4.79546222255314e-07,0.0386085318598325,148.724794834504,0.222956004230148,0.310038791528908,0.33131227793318,0.142254148909494,0.0471270571018988,0.233868990744739,0.3327191588328,0.353585301410745,0.136433867172796,0.0473091834560961,240.878659658727,234.238166254072,1010,v7.4.6,gap_tied_weak_links_phase3_seed,/Users/asewaket/Documents/LTSpice Superconducting Circuit/matlab_v7_4_6_files/outputs/v7_4_6_as006_gap_weaklink_v800_phase3_seed_1010/AS006_v7_4_6_gap_weaklink_scores.csv
AS006,crack_tunnel_a3_7_g0_7_p0_05,"tunnel/crack-like links, alpha=3.7, tau=0.7, p=0.05",tear_lane,crack_tunnel,shape,3.7,0,0.7,0.05,0.984836601307189,0.7,0.0505446623093682,6.83832093782277e-07,4.03054468059081e-07,0.13042536224377,181.522145673451,0.223028219510312,0.310409055204282,0.329866597856669,0.144669317558354,0.046628849150163,0.227603229840026,0.320691708998856,0.33991770265713,0.140712640091255,0.0465776604372296,245.065299640738,241.284160255503,1010,v7.4.6,gap_tied_weak_links_phase3_seed,/Users/asewaket/Documents/LTSpice Superconducting Circuit/matlab_v7_4_6_files/outputs/v7_4_6_as006_gap_weaklink_v800_phase3_seed_1010/AS006_v7_4_6_gap_weaklink_scores.csv
AS006,boundary_sns_a4_1_g0_7_p0_05,"SNS-like boundary constriction, alpha=4.1, tau=0.7, p=0.05",boundary_lane,boundary_constriction,shape,4.1,0.999999999999997,0.7,0.05,0.981045751633987,0.7,0.0631808278867102,7.83431719976323e-07,4.38186300100473e-07,0.159374970881171,185.02850543407,0.223041072531343,0.311569024381276,0.32896966277571,0.144930215024443,0.0467766596373949,0.232292933883243,0.33112433927955,0.34799807999651,0.138595024682654,0.0480999092894524,243.324639435131,234.697515196191,1010,v7.4.6,gap_tied_weak_links_phase3_seed,/Users/asewaket/Documents/LTSpice Superconducting Circuit/matlab_v7_4_6_files/outputs/v7_4_6_as006_gap_weaklink_v800_phase3_seed_1010/AS006_v7_4_6_gap_weaklink_scores.csv
AS006,contact_relaxed_a3_7_g0_7_p0_3,"contact-relaxed SNS links, alpha=3.7, tau=0.7, p=0.3",contact_relaxation,contact_relaxed,shape,3.7,0,0.7,0.3,0.909934640522874,0.7,0.300217864923747,3.46234957519538e-07,4.30381808449259e-07,0.049318360026171,154.229005157251,0.223399313867116,0.312347070906291,0.331431656770656,0.142217631065597,0.0468720602486473,0.23290397009261,0.331605783945501,0.350332589134133,0.137181218454192,0.0483555124650735,243.482179627869,234.788841786849,1010,v7.4.6,gap_tied_weak_links_phase3_seed,/Users/asewaket/Documents/LTSpice Superconducting Circuit/matlab_v7_4_6_files/outputs/v7_4_6_as006_gap_weaklink_v800_phase3_seed_1010/AS006_v7_4_6_gap_weaklink_scores.csv
AS006,contact_relaxed_a3_7_g0_2_p0_05,"contact-relaxed SNS links, alpha=3.7, tau=0.2, p=0.05",contact_relaxation,contact_relaxed,shape,3.7,0,0.2,0.05,0.959564270152505,0.2,0.0505446623093682,6.84106319792211e-08,4.40806392100962e-07,0.0386085318598325,161.795325105558,0.223645494269461,0.310981081687222,0.333471219278784,0.141464034805347,0.0468417124155284,0.232922782475229,0.330034924007807,0.352115424508065,0.136655262337056,0.0475579175579034,243.088064578107,235.386936967447,1010,v7.4.6,gap_tied_weak_links_phase3_seed,/Users/asewaket/Documents/LTSpice Superconducting Circuit/matlab_v7_4_6_files/outputs/v7_4_6_as006_gap_weaklink_v800_phase3_seed_1010/AS006_v7_4_6_gap_weaklink_scores.csv
AS006,contact_relaxed_a3_7_g0_7_p0_2,"contact-relaxed SNS links, alpha=3.7, tau=0.7, p=0.2",contact_relaxation,contact_relaxed,shape,3.7,0,0.7,0.2,0.939999999999999,0.7,0.2,2.99114496554992e-07,4.17928320996798e-07,0.0458420281717411,165.569138606812,0.223784708859436,0.31270501268304,0.332184716211699,0.142466337538163,0.046812356320964,0.23294204346919,0.331244086654881,0.350373994869567,0.137529862056526,0.0483993120986683,243.896737608845,235.018867248436,1010,v7.4.6,gap_tied_weak_links_phase3_seed,/Users/asewaket/Documents/LTSpice Superconducting Circuit/matlab_v7_4_6_files/outputs/v7_4_6_as006_gap_weaklink_v800_phase3_seed_1010/AS006_v7_4_6_gap_weaklink_scores.csv
AS006,contact_relaxed_a3_3_g0_4_p0_1,"contact-relaxed SNS links, alpha=3.3, tau=0.4, p=0.1",contact_relaxation,contact_relaxed,shape,3.3,1,0.4,0.1,0.939869281045751,0.4,0.100217864923747,1.37107048075489e-07,3.92823173024267e-07,0.0375678483633281,157.976669118836,0.223845647241816,0.309413791824522,0.335233404879758,0.1410935605189,0.0467890351963589,0.231411467197012,0.324614368540069,0.350147773576562,0.137365139803343,0.0479779389318295,245.225214824644,236.72489712581,1010,v7.4.6,gap_tied_weak_links_phase3_seed,/Users/asewaket/Documents/LTSpice Superconducting Circuit/matlab_v7_4_6_files/outputs/v7_4_6_as006_gap_weaklink_v800_phase3_seed_1010/AS006_v7_4_6_gap_weaklink_scores.csv
AS006,contact_relaxed_a4_1_g0_7_p0_05,"contact-relaxed SNS links, alpha=4.1, tau=0.7, p=0.05",contact_relaxation,contact_relaxed,shape,4.1,0.999999999999997,0.7,0.05,0.984836601307189,0.7,0.0505446623093682,2.35442093848441e-07,4.36069936382624e-07,0.0427824271960306,182.328952568584,0.223902776301519,0.313711917780467,0.331525043237132,0.14307243956596,0.0467925886046938,0.233885921627105,0.334435798849266,0.351746333097179,0.137353986869476,0.0477452427793485,242.522557185977,234.45276275305,1010,v7.4.6,gap_tied_weak_links_phase3_seed,/Users/asewaket/Documents/LTSpice Superconducting Circuit/matlab_v7_4_6_files/outputs/v7_4_6_as006_gap_weaklink_v800_phase3_seed_1010/AS006_v7_4_6_gap_weaklink_scores.csv
AS006,contact_relaxed_a3_3_g0_7_p0_3,"contact-relaxed SNS links, alpha=3.3, tau=0.7, p=0.3",contact_relaxation,contact_relaxed,shape,3.3,1,0.7,0.3,0.909934640522874,0.7,0.300217864923747,3.0880415130121e-07,3.83854045373664e-07,0.0439866454287471,154.229005157251,0.224065739378745,0.312602153268395,0.334154868624151,0.141041523998645,0.0466536185347566,0.232216289935488,0.328722697256054,0.350064416430019,0.137113185948696,0.0483545412329821,245.157986062879,235.904931572136,1010,v7.4.6,gap_tied_weak_links_phase3_seed,/Users/asewaket/Documents/LTSpice Superconducting Circuit/matlab_v7_4_6_files/outputs/v7_4_6_as006_gap_weaklink_v800_phase3_seed_1010/AS006_v7_4_6_gap_weaklink_scores.csv
AS006,contact_relaxed_a3_3_g0_7_p0_2,"contact-relaxed SNS links, alpha=3.3, tau=0.7, p=0.2",contact_relaxation,contact_relaxed,shape,3.3,1,0.7,0.2,0.939999999999999,0.7,0.2,2.66777794224723e-07,3.72746880889036e-07,0.0408861332342556,165.569138606812,0.224740331205915,0.313573587041279,0.335484651464722,0.141128669156909,0.0466190924788988,0.232316113004852,0.328474236423912,0.350196782316418,0.137488053983697,0.0484018920669937,245.800564027468,236.371847263711,1010,v7.4.6,gap_tied_weak_links_phase3_seed,/Users/asewaket/Documents/LTSpice Superconducting Circuit/matlab_v7_4_6_files/outputs/v7_4_6_as006_gap_weaklink_v800_phase3_seed_1010/AS006_v7_4_6_gap_weaklink_scores.csv
AS006,contact_relaxed_a3_3_g0_1_p0_05,"contact-relaxed SNS links, alpha=3.3, tau=0.1, p=0.05",contact_relaxation,contact_relaxed,shape,3.3,1,0.1,0.05,0.954509803921569,0.1,0.0505446623093682,3.20898878790683e-08,4.13544716359089e-07,0.0344346365236344,153.816736201188,0.2247582303726,0.312285191644378,0.336975072500438,0.139935215769872,0.0468805636305147,0.232476715254217,0.32785152172198,0.352322101387033,0.136444437513265,0.0474128302302119,244.501489471449,237.05257208206,1010,v7.4.6,gap_tied_weak_links_phase3_seed,/Users/asewaket/Documents/LTSpice Superconducting Circuit/matlab_v7_4_6_files/outputs/v7_4_6_as006_gap_weaklink_v800_phase3_seed_1010/AS006_v7_4_6_gap_weaklink_scores.csv
AS006,boundary_sns_a3_7_g0_7_p0_05,"SNS-like boundary constriction, alpha=3.7, tau=0.7, p=0.05",boundary_lane,boundary_constriction,shape,3.7,0,0.7,0.05,0.981045751633987,0.7,0.0631808278867102,7.06999357051804e-07,3.95436417163842e-07,0.143826193234228,185.02850543407,0.224901013672087,0.314918822210381,0.333798817956355,0.142830438991322,0.0469002659872793,0.231923996488612,0.329359481647267,0.347956212537495,0.138580253139561,0.0481118124307268,245.534164317097,237.061813758702,1010,v7.4.6,gap_tied_weak_links_phase3_seed,/Users/asewaket/Documents/LTSpice Superconducting Circuit/matlab_v7_4_6_files/outputs/v7_4_6_as006_gap_weaklink_v800_phase3_seed_1010/AS006_v7_4_6_gap_weaklink_scores.csv
AS006,contact_relaxed_a3_3_g0_05_p0_05,"contact-relaxed SNS links, alpha=3.3, tau=0.05, p=0.05",contact_relaxation,contact_relaxed,shape,3.3,1,0.05,0.05,0.9519825708061,0.05,0.0505446623093682,1.65942801404195e-08,4.27703387416902e-07,0.0344346365236344,148.724794834504,0.225053847424144,0.31317315682442,0.337083384571173,0.140089893334679,0.0470877906283989,0.233111048909934,0.329508379392036,0.35322848116128,0.136479795354297,0.0472972789325232,243.792749335998,237.002962530775,1010,v7.4.6,gap_tied_weak_links_phase3_seed,/Users/asewaket/Documents/LTSpice Superconducting Circuit/matlab_v7_4_6_files/outputs/v7_4_6_as006_gap_weaklink_v800_phase3_seed_1010/AS006_v7_4_6_gap_weaklink_scores.csv
AS006,contact_relaxed_a3_3_g0_2_p0_05,"contact-relaxed SNS links, alpha=3.3, tau=0.2, p=0.05",contact_relaxation,contact_relaxed,shape,3.3,1,0.2,0.05,0.959564270152505,0.2,0.0505446623093682,6.10148879814675e-08,3.93151647008966e-07,0.0344346365236344,161.795325105558,0.225166276452227,0.312922909001793,0.337975379988607,0.139726962475576,0.0467928551848068,0.232155553206998,0.326900125987105,0.351730927897132,0.13661206448349,0.0475834356235424,245.524156271477,237.517236970606,1010,v7.4.6,gap_tied_weak_links_phase3_seed,/Users/asewaket/Documents/LTSpice Superconducting Circuit/matlab_v7_4_6_files/outputs/v7_4_6_as006_gap_weaklink_v800_phase3_seed_1010/AS006_v7_4_6_gap_weaklink_scores.csv
AS006,contact_relaxed_a3_7_g0_4_p0_05,"contact-relaxed SNS links, alpha=3.7, tau=0.4, p=0.05",contact_relaxation,contact_relaxed,shape,3.7,0,0.4,0.05,0.969673202614379,0.4,0.0505446623093682,1.28280564927686e-07,4.14167933008299e-07,0.0386085318598325,172.567379134855,0.225296895523921,0.315134141121133,0.336125722759479,0.140947666103196,0.0469457390403871,0.233088643719885,0.330984345482073,0.351667675240235,0.137086103458916,0.0476828121232957,244.533603637782,236.815594246391,1010,v7.4.6,gap_tied_weak_links_phase3_seed,/Users/asewaket/Documents/LTSpice Superconducting Circuit/matlab_v7_4_6_files/outputs/v7_4_6_as006_gap_weaklink_v800_phase3_seed_1010/AS006_v7_4_6_gap_weaklink_scores.csv
AS006,boundary_sns_a3_3_g0_7_p0_05,"SNS-like boundary constriction, alpha=3.3, tau=0.7, p=0.05",boundary_lane,boundary_constriction,shape,3.3,1,0.7,0.05,0.981045751633987,0.7,0.0631808278867102,6.30566994127284e-07,3.5268653422721e-07,0.128277415587284,185.02850543407,0.225304307895264,0.314644499410786,0.335583601234818,0.142101726112847,0.0469785802635433,0.231434248641007,0.327082521738825,0.34785278346372,0.138569537075374,0.0481344290604807,246.387364493282,237.984901478077,1010,v7.4.6,gap_tied_weak_links_phase3_seed,/Users/asewaket/Documents/LTSpice Superconducting Circuit/matlab_v7_4_6_files/outputs/v7_4_6_as006_gap_weaklink_v800_phase3_seed_1010/AS006_v7_4_6_gap_weaklink_scores.csv
AS006,contact_relaxed_a3_7_g0_7_p0_1,"contact-relaxed SNS links, alpha=3.7, tau=0.7, p=0.1",contact_relaxation,contact_relaxed,shape,3.7,0,0.7,0.1,0.969934640522875,0.7,0.100217864923747,2.40860686973563e-07,4.01014172011474e-07,0.0421215269528225,176.44633637879,0.225500433768694,0.316205583516499,0.33591850568948,0.141296883192768,0.04681809637942,0.233148423323768,0.331647046748572,0.35109437248287,0.137495843552471,0.0478101135846568,244.947887551336,236.755116637119,1010,v7.4.6,gap_tied_weak_links_phase3_seed,/Users/asewaket/Documents/LTSpice Superconducting Circuit/matlab_v7_4_6_files/outputs/v7_4_6_as006_gap_weaklink_v800_phase3_seed_1010/AS006_v7_4_6_gap_weaklink_scores.csv
AS006,uniform_tau_control,"same mean weak transparency, spatially uniform",uniform,boundary_constriction,shape,3.7,0,0.01,0.08,0.920627450980405,0.920627450980392,1,3.8842886861207e-07,3.8842886861207e-07,0.0488025416612103,173.482616486476,0.225707160477706,0.318524825656716,0.336407386813852,0.139638335414391,0.0467501305395821,0.233614212840977,0.334092336358164,0.351790193167024,0.136403130549474,0.0478419766175896,245.000915125246,236.575023938039,1010,v7.4.6,gap_tied_weak_links_phase3_seed,/Users/asewaket/Documents/LTSpice Superconducting Circuit/matlab_v7_4_6_files/outputs/v7_4_6_as006_gap_weaklink_v800_phase3_seed_1010/AS006_v7_4_6_gap_weaklink_scores.csv
AS006,contact_relaxed_a3_7_g0_7_p0_05,"contact-relaxed SNS links, alpha=3.7, tau=0.7, p=0.05",contact_relaxation,contact_relaxed,shape,3.7,0,0.7,0.05,0.984836601307189,0.7,0.0505446623093682,2.12472133472983e-07,3.93526527955051e-07,0.0386085318598325,182.328952568584,0.226640387300329,0.318904504762566,0.338145462629915,0.14055697068632,0.0468466587788274,0.233505157702638,0.332665647432423,0.351679767428516,0.13733191396206,0.0477556556282906,245.666175770463,237.5606148901,1010,v7.4.6,gap_tied_weak_links_phase3_seed,/Users/asewaket/Documents/LTSpice Superconducting Circuit/matlab_v7_4_6_files/outputs/v7_4_6_as006_gap_weaklink_v800_phase3_seed_1010/AS006_v7_4_6_gap_weaklink_scores.csv
AS006,contact_relaxed_a3_3_g0_4_p0_05,"contact-relaxed SNS links, alpha=3.3, tau=0.4, p=0.05",contact_relaxation,contact_relaxed,shape,3.3,1,0.4,0.05,0.969673202614379,0.4,0.0505446623093682,1.14412395746315e-07,3.69393021331726e-07,0.0344346365236344,172.567379134855,0.226672386852326,0.316844628076101,0.340170939790604,0.13949172412553,0.046853506395058,0.232450818671618,0.328255963421246,0.351425814082631,0.137026686886441,0.0477195966841905,246.7534147363,238.626906077672,1010,v7.4.6,gap_tied_weak_links_phase3_seed,/Users/asewaket/Documents/LTSpice Superconducting Circuit/matlab_v7_4_6_files/outputs/v7_4_6_as006_gap_weaklink_v800_phase3_seed_1010/AS006_v7_4_6_gap_weaklink_scores.csv
AS006,contact_relaxed_a3_3_g0_7_p0_1,"contact-relaxed SNS links, alpha=3.3, tau=0.7, p=0.1",contact_relaxation,contact_relaxed,shape,3.3,1,0.7,0.1,0.969934640522875,0.7,0.100217864923747,2.14821693787232e-07,3.57661288550774e-07,0.0375678483633281,176.44633637879,0.227245369265341,0.318637833613114,0.340578436591646,0.139735881323226,0.0469068970241756,0.232601178778889,0.329130986079903,0.350957086901887,0.137476460871844,0.0478544296464324,247.207918438674,238.998867063727,1010,v7.4.6,gap_tied_weak_links_phase3_seed,/Users/asewaket/Documents/LTSpice Superconducting Circuit/matlab_v7_4_6_files/outputs/v7_4_6_as006_gap_weaklink_v800_phase3_seed_1010/AS006_v7_4_6_gap_weaklink_scores.csv
AS006,bulk_AB_reference,"bulk AB reference: no weak-link mask",none,bulk_sns,shape,3.7,0,NaN,0,1,NaN,0,NaN,3.88428898515877e-07,NaN,188.439528873379,0.227392696761929,0.320910833275275,0.339311121890949,0.140352069639842,0.0468181001754085,0.233773054304811,0.333635554999098,0.351830323915054,0.137377422173008,0.047804871957354,246.228184818437,237.939895413786,1010,v7.4.6,gap_tied_weak_links_phase3_seed,/Users/asewaket/Documents/LTSpice Superconducting Circuit/matlab_v7_4_6_files/outputs/v7_4_6_as006_gap_weaklink_v800_phase3_seed_1010/AS006_v7_4_6_gap_weaklink_scores.csv
AS006,contact_relaxed_a3_3_g0_7_p0_05,"contact-relaxed SNS links, alpha=3.3, tau=0.7, p=0.05",contact_relaxation,contact_relaxed,shape,3.3,1,0.7,0.05,0.984836601307189,0.7,0.0505446623093682,1.89502173097526e-07,3.50983119527478e-07,0.0344346365236344,182.328952568584,0.228133406782729,0.320951153401821,0.342113938961936,0.139283874549458,0.0469116441416121,0.233020623211321,0.330477979940863,0.351545597236734,0.13730460701813,0.0477895821787937,247.614152649265,239.478917602643,1010,v7.4.6,gap_tied_weak_links_phase3_seed,/Users/asewaket/Documents/LTSpice Superconducting Circuit/matlab_v7_4_6_files/outputs/v7_4_6_as006_gap_weaklink_v800_phase3_seed_1010/AS006_v7_4_6_gap_weaklink_scores.csv
AS006,central_lane_gap_control,"central-lane topology with same gap-derived links",central_lane,boundary_constriction,shape,3.7,0,0.01,0.08,0.920627450980392,0.01,0.472222222222222,1.61267714750115e-05,0.000611745687371791,0.125322878465749,0.107815331917093,0.35348513649297,0.516821063450145,0.526823224939606,0.224430432409656,0.0481259348583226,0.342471527262185,0.504309617158026,0.51284007432258,0.21133625710652,0.0464075677052339,256.419583649181,256.419583649181,1010,v7.4.6,gap_tied_weak_links_phase3_seed,/Users/asewaket/Documents/LTSpice Superconducting Circuit/matlab_v7_4_6_files/outputs/v7_4_6_as006_gap_weaklink_v800_phase3_seed_1010/AS006_v7_4_6_gap_weaklink_scores.csv
