device,caseName,description,topology,linkClass,calibrationMode,alphaGap,alphaPriorPenalty,gammaW,pW,meanW,minW,activeWeakLinkFraction,medianWeakIc_A,medianAllIc_A,medianWeakDelta_meV,normalScaleApplied,shapeScore,shapeFullMap,shapeLowBias,shapeZeroBias,shapeAsymmetry,conductanceScore,conductanceFullMap,conductanceLowBias,conductanceZeroBias,conductanceAsymmetry,modelRN_top_4_10,modelRN_bottom_3_9,seed,sourceVersion,sourceRole,sourceFile
AS006,central_lane_gap_control,"central-lane topology with same gap-derived links",central_lane,boundary_constriction,conductance,3.7,0,0.01,0.08,0.920627450980392,0.01,0.472222222222222,1.10192942356031e-08,4.11872849628856e-07,0.127941104068836,158.000320262202,0.171269021840059,0.0693976213759801,0.138741081278635,0.396819728582706,0.0481259348583226,1111.3238234783,1384.30887329712,1390.77455034742,1360.92840427439,37.2942756434072,345275.176600826,345275.176600826,909,v7.4.6,gap_tied_weak_links_phase3_seed,/Users/asewaket/Documents/LTSpice Superconducting Circuit/matlab_v7_4_6_files/outputs/v7_4_6_as006_gap_weaklink_v800_phase3_seed_909/AS006_v7_4_6_gap_weaklink_scores.csv
AS006,contact_relaxed_a3_3_g0_05_p0_3,"contact-relaxed SNS links, alpha=3.3, tau=0.05, p=0.3",contact_relaxation,contact_relaxed,conductance,3.3,1,0.05,0.3,0.714793028322441,0.05,0.300217864923747,3.64111047681755e-08,5.57442866717506e-07,0.0428884310792277,87.0813227379837,0.173848046999937,0.139328105069733,0.291508045813545,0.138808634644672,0.0462622564504097,2.22121802726279,3.30108600029048,2.52080646754515,2.65114696158959,0.079659115832478,1203.00284792528,1141.74948843736,909,v7.4.6,gap_tied_weak_links_phase3_seed,/Users/asewaket/Documents/LTSpice Superconducting Circuit/matlab_v7_4_6_files/outputs/v7_4_6_as006_gap_weaklink_v800_phase3_seed_909/AS006_v7_4_6_gap_weaklink_scores.csv
AS006,contact_relaxed_a3_7_g0_05_p0_3,"contact-relaxed SNS links, alpha=3.7, tau=0.05, p=0.3",contact_relaxation,contact_relaxed,conductance,3.7,0,0.05,0.3,0.714793028322441,0.05,0.300217864923747,4.08245720128028e-08,6.25011699046901e-07,0.0480870287858008,87.0813227379837,0.179232099563498,0.149208637385997,0.303179536573701,0.136069203439454,0.046301167128201,2.20169678281419,3.29132070688008,2.48551629110336,2.63122708201175,0.0784758452452782,1210.87293167897,1148.79244999568,909,v7.4.6,gap_tied_weak_links_phase3_seed,/Users/asewaket/Documents/LTSpice Superconducting Circuit/matlab_v7_4_6_files/outputs/v7_4_6_as006_gap_weaklink_v800_phase3_seed_909/AS006_v7_4_6_gap_weaklink_scores.csv
AS006,contact_relaxed_a4_1_g0_05_p0_3,"contact-relaxed SNS links, alpha=4.1, tau=0.05, p=0.3",contact_relaxation,contact_relaxed,conductance,4.1,0.999999999999997,0.05,0.3,0.714793028322441,0.05,0.300217864923747,4.52380392574301e-08,6.92580531376295e-07,0.0532856264923738,87.0813227379837,0.183934444206118,0.158361702909406,0.312647738752953,0.134325804468304,0.0462697197181367,2.18472434036037,3.2791329679392,2.45622279297347,2.61482672405516,0.077565441090136,1217.8736298493,1153.98073979776,909,v7.4.6,gap_tied_weak_links_phase3_seed,/Users/asewaket/Documents/LTSpice Superconducting Circuit/matlab_v7_4_6_files/outputs/v7_4_6_as006_gap_weaklink_v800_phase3_seed_909/AS006_v7_4_6_gap_weaklink_scores.csv
AS006,anisotropic_gap_control,"anisotropic weak-link transparency",anisotropic,anisotropic,conductance,3.7,0,0.01,0.08,0.920627450980392,0.01,0.0801742919389978,1.21941779571292e-08,4.15001234129895e-07,0.130301921454778,158.000320262202,0.1949590303698,0.223538072079411,0.269767867954905,0.185820200065477,0.0468880607666614,0.201722953827773,0.184546342101469,0.216680178849175,0.317890696162291,0.0475147438484771,303.522089083863,294.200180463302,909,v7.4.6,gap_tied_weak_links_phase3_seed,/Users/asewaket/Documents/LTSpice Superconducting Circuit/matlab_v7_4_6_files/outputs/v7_4_6_as006_gap_weaklink_v800_phase3_seed_909/AS006_v7_4_6_gap_weaklink_scores.csv
AS006,contact_relaxed_a3_3_g0_1_p0_3,"contact-relaxed SNS links, alpha=3.3, tau=0.1, p=0.3",contact_relaxation,contact_relaxed,conductance,3.3,1,0.1,0.3,0.72980392156863,0.1,0.300217864923747,6.60358680066046e-08,5.05494461128721e-07,0.0428884310792277,96.030453184833,0.196503493883553,0.18980953748501,0.331171058314904,0.133358027266868,0.0464610457980896,0.967350507792096,1.45114563406194,1.01437383371169,1.23974465015763,0.0607718832060432,710.595517229305,674.127722965193,909,v7.4.6,gap_tied_weak_links_phase3_seed,/Users/asewaket/Documents/LTSpice Superconducting Circuit/matlab_v7_4_6_files/outputs/v7_4_6_as006_gap_weaklink_v800_phase3_seed_909/AS006_v7_4_6_gap_weaklink_scores.csv
AS006,contact_relaxed_a3_3_g0_05_p0_2,"contact-relaxed SNS links, alpha=3.3, tau=0.05, p=0.2",contact_relaxation,contact_relaxed,conductance,3.3,1,0.05,0.2,0.810000000000002,0.05,0.2,2.59766548558318e-08,5.06311631162011e-07,0.0389263209408423,110.589529448222,0.196755519225572,0.212334644498026,0.297698639696461,0.16301182920977,0.046705545648813,0.282228995108041,0.332052737398284,0.262970861929032,0.447923743480507,0.0589885504154805,372.700421134824,351.948564828112,909,v7.4.6,gap_tied_weak_links_phase3_seed,/Users/asewaket/Documents/LTSpice Superconducting Circuit/matlab_v7_4_6_files/outputs/v7_4_6_as006_gap_weaklink_v800_phase3_seed_909/AS006_v7_4_6_gap_weaklink_scores.csv
AS006,combined_a3_3_g0_1_p0_2,"combined weak-link classes, alpha=3.3, tau=0.1, p=0.2",combined,boundary_constriction,conductance,3.3,1,0.1,0.2,0.820000000000001,0.1,0.2,1.23624092044167e-07,4.31034911337964e-07,0.111465639078004,119.092709396329,0.197323985751255,0.234721478157013,0.276284926708386,0.177254168097398,0.0468321187378408,0.20610087256948,0.259541929172894,0.29997173022152,0.156490108059266,0.0503992707127649,241.776854884805,231.315555913664,909,v7.4.6,gap_tied_weak_links_phase3_seed,/Users/asewaket/Documents/LTSpice Superconducting Circuit/matlab_v7_4_6_files/outputs/v7_4_6_as006_gap_weaklink_v800_phase3_seed_909/AS006_v7_4_6_gap_weaklink_scores.csv
AS006,crack_tunnel_a3_3_g0_1_p0_3,"tunnel/crack-like links, alpha=3.3, tau=0.1, p=0.3",tear_lane,crack_tunnel,conductance,3.3,1,0.1,0.3,0.72980392156863,0.1,0.300217864923747,1.13908037475956e-07,4.46104485084629e-07,0.0787057768940557,96.030453184833,0.197497379887392,0.234830002169256,0.27530916931451,0.175403273931854,0.0516117585524963,0.209357585493724,0.217726030120502,0.2516189360296,0.214818534477295,0.120205591199702,246.11634352248,282.060173204794,909,v7.4.6,gap_tied_weak_links_phase3_seed,/Users/asewaket/Documents/LTSpice Superconducting Circuit/matlab_v7_4_6_files/outputs/v7_4_6_as006_gap_weaklink_v800_phase3_seed_909/AS006_v7_4_6_gap_weaklink_scores.csv
AS006,combined_a4_1_g0_05_p0_2,"combined weak-link classes, alpha=4.1, tau=0.05, p=0.2",combined,boundary_constriction,conductance,4.1,0.999999999999997,0.05,0.2,0.810000000000001,0.05,0.2,8.27016552010781e-08,5.76704751115405e-07,0.138487612187823,110.589529448222,0.19776684844881,0.23654320517462,0.270538463379708,0.181988187039332,0.0513634923557767,0.20155330422389,0.252971285406465,0.285834716912064,0.16643476557584,0.0465410241470747,239.813797337231,240.786452779299,909,v7.4.6,gap_tied_weak_links_phase3_seed,/Users/asewaket/Documents/LTSpice Superconducting Circuit/matlab_v7_4_6_files/outputs/v7_4_6_as006_gap_weaklink_v800_phase3_seed_909/AS006_v7_4_6_gap_weaklink_scores.csv
AS006,crack_tunnel_a3_3_g0_05_p0_3,"tunnel/crack-like links, alpha=3.3, tau=0.05, p=0.3",tear_lane,crack_tunnel,conductance,3.3,1,0.05,0.3,0.714793028322442,0.05,0.300217864923747,6.28070412591453e-08,4.91949530892661e-07,0.0787057768940557,87.0813227379837,0.197775211643173,0.235278613007645,0.279572863924484,0.168845471462208,0.0532880940126118,0.230465780130979,0.220338331706973,0.245823069050262,0.245622748295721,0.194771762740313,247.208880037983,310.018087654333,909,v7.4.6,gap_tied_weak_links_phase3_seed,/Users/asewaket/Documents/LTSpice Superconducting Circuit/matlab_v7_4_6_files/outputs/v7_4_6_as006_gap_weaklink_v800_phase3_seed_909/AS006_v7_4_6_gap_weaklink_scores.csv
AS006,crack_tunnel_a3_3_g0_05_p0_2,"tunnel/crack-like links, alpha=3.3, tau=0.05, p=0.2",tear_lane,crack_tunnel,conductance,3.3,1,0.05,0.2,0.809586056644881,0.05,0.200435729847495,5.35118034468406e-08,4.51978102491395e-07,0.0855726015736077,110.589529448222,0.197926643957811,0.239052859565963,0.271625263710044,0.183421738006703,0.0459589762221383,0.227319901175078,0.288226274139423,0.318236474593926,0.152182565021526,0.101231194919688,243.939835725111,209.897157876098,909,v7.4.6,gap_tied_weak_links_phase3_seed,/Users/asewaket/Documents/LTSpice Superconducting Circuit/matlab_v7_4_6_files/outputs/v7_4_6_as006_gap_weaklink_v800_phase3_seed_909/AS006_v7_4_6_gap_weaklink_scores.csv
AS006,combined_a3_3_g0_1_p0_3,"combined weak-link classes, alpha=3.3, tau=0.1, p=0.3",combined,boundary_constriction,conductance,3.3,1,0.1,0.3,0.729803921568629,0.1,0.300217864923747,1.28803091435031e-07,4.87856984600035e-07,0.0928321213063112,96.030453184833,0.198228351449512,0.23772392210292,0.282800264842854,0.169758958118167,0.0463186740219377,0.200987741695981,0.246232518126498,0.290989433524218,0.162482748747211,0.0463712457520091,246.956016270989,241.010689068085,909,v7.4.6,gap_tied_weak_links_phase3_seed,/Users/asewaket/Documents/LTSpice Superconducting Circuit/matlab_v7_4_6_files/outputs/v7_4_6_as006_gap_weaklink_v800_phase3_seed_909/AS006_v7_4_6_gap_weaklink_scores.csv
AS006,combined_a3_7_g0_1_p0_2,"combined weak-link classes, alpha=3.7, tau=0.1, p=0.2",combined,boundary_constriction,conductance,3.7,0,0.1,0.2,0.820000000000001,0.1,0.2,1.38608830473763e-07,4.83281567257717e-07,0.124976625632914,119.092709396329,0.198431043608191,0.238766968176004,0.275515026452352,0.178493373382406,0.0481202368453288,0.207480045722921,0.265399357272198,0.300708513089491,0.156227728391703,0.0504763129461682,240.087126051639,231.480304781787,909,v7.4.6,gap_tied_weak_links_phase3_seed,/Users/asewaket/Documents/LTSpice Superconducting Circuit/matlab_v7_4_6_files/outputs/v7_4_6_as006_gap_weaklink_v800_phase3_seed_909/AS006_v7_4_6_gap_weaklink_scores.csv
AS006,combined_a3_3_g0_05_p0_1,"combined weak-link classes, alpha=3.3, tau=0.05, p=0.1",combined,boundary_constriction,conductance,3.3,1,0.05,0.1,0.904793028322441,0.05,0.100217864923747,5.59445610260795e-08,4.20018652131097e-07,0.113712484450162,135.591196402558,0.198465061966254,0.237752319938585,0.275822666833732,0.180273418153755,0.046541550241461,0.20932396774437,0.267309227406226,0.303826950971804,0.155848621107253,0.0528026707309032,241.033072148943,227.878838070431,909,v7.4.6,gap_tied_weak_links_phase3_seed,/Users/asewaket/Documents/LTSpice Superconducting Circuit/matlab_v7_4_6_files/outputs/v7_4_6_as006_gap_weaklink_v800_phase3_seed_909/AS006_v7_4_6_gap_weaklink_scores.csv
AS006,combined_a3_7_g0_1_p0_3,"combined weak-link classes, alpha=3.7, tau=0.1, p=0.3",combined,boundary_constriction,conductance,3.7,0,0.1,0.3,0.729803921568629,0.1,0.300217864923747,1.4441558736655e-07,5.46991164551555e-07,0.10408449964647,96.030453184833,0.19857429068648,0.237720053914828,0.276594431775558,0.176507690683456,0.0504765305560253,0.202717543711028,0.253815299931286,0.291801465075179,0.162160984469908,0.046418624154904,240.143265252633,240.733919005016,909,v7.4.6,gap_tied_weak_links_phase3_seed,/Users/asewaket/Documents/LTSpice Superconducting Circuit/matlab_v7_4_6_files/outputs/v7_4_6_as006_gap_weaklink_v800_phase3_seed_909/AS006_v7_4_6_gap_weaklink_scores.csv
AS006,combined_a3_3_g0_05_p0_2,"combined weak-link classes, alpha=3.3, tau=0.05, p=0.2",combined,boundary_constriction,conductance,3.3,1,0.05,0.2,0.810000000000001,0.05,0.2,6.65647468691604e-08,4.64176994800204e-07,0.111465639078004,110.589529448222,0.199011539567305,0.239345764587399,0.282003423280566,0.169444057842005,0.0504008702056296,0.198936096215708,0.241815991778963,0.284137144137898,0.16725155262608,0.0465600462756544,246.596911961962,247.192903313834,909,v7.4.6,gap_tied_weak_links_phase3_seed,/Users/asewaket/Documents/LTSpice Superconducting Circuit/matlab_v7_4_6_files/outputs/v7_4_6_as006_gap_weaklink_v800_phase3_seed_909/AS006_v7_4_6_gap_weaklink_scores.csv
AS006,combined_a4_1_g0_1_p0_2,"combined weak-link classes, alpha=4.1, tau=0.1, p=0.2",combined,boundary_constriction,conductance,4.1,0.999999999999997,0.1,0.2,0.820000000000001,0.1,0.2,1.53593568903359e-07,5.3552822317747e-07,0.138487612187823,119.092709396329,0.199090523243818,0.242117566574573,0.275399539694479,0.17884099388382,0.0478346128244008,0.208511813622002,0.269777188429996,0.301267623108687,0.15601210600482,0.0505484067337887,239.98103247248,230.967611382533,909,v7.4.6,gap_tied_weak_links_phase3_seed,/Users/asewaket/Documents/LTSpice Superconducting Circuit/matlab_v7_4_6_files/outputs/v7_4_6_as006_gap_weaklink_v800_phase3_seed_909/AS006_v7_4_6_gap_weaklink_scores.csv
AS006,crack_tunnel_a3_3_g0_1_p0_2,"tunnel/crack-like links, alpha=3.3, tau=0.1, p=0.2",tear_lane,crack_tunnel,conductance,3.3,1,0.1,0.2,0.819607843137257,0.1,0.200435729847495,9.93821568609688e-08,4.19707015893658e-07,0.0855726015736077,119.092709396329,0.199198014429343,0.24215858162928,0.27577467115251,0.179944423015842,0.0462952872307429,0.207165488736613,0.262813256036231,0.295738929952065,0.161539990639449,0.0535460719314087,244.967177753224,231.507605465085,909,v7.4.6,gap_tied_weak_links_phase3_seed,/Users/asewaket/Documents/LTSpice Superconducting Circuit/matlab_v7_4_6_files/outputs/v7_4_6_as006_gap_weaklink_v800_phase3_seed_909/AS006_v7_4_6_gap_weaklink_scores.csv
AS006,contact_relaxed_a3_7_g0_05_p0_2,"contact-relaxed SNS links, alpha=3.7, tau=0.05, p=0.2",contact_relaxation,contact_relaxed,conductance,3.7,0,0.05,0.2,0.810000000000002,0.05,0.2,2.91253402929023e-08,5.67682737969528e-07,0.0436446628730656,110.589529448222,0.199205874772494,0.223422800226496,0.297639827318417,0.163904477947464,0.046856278394413,0.277929045328011,0.313634831264612,0.262006123634028,0.446844260087328,0.0589443539067323,371.209307746161,350.965954881147,909,v7.4.6,gap_tied_weak_links_phase3_seed,/Users/asewaket/Documents/LTSpice Superconducting Circuit/matlab_v7_4_6_files/outputs/v7_4_6_as006_gap_weaklink_v800_phase3_seed_909/AS006_v7_4_6_gap_weaklink_scores.csv
AS006,combined_a4_1_g0_1_p0_3,"combined weak-link classes, alpha=4.1, tau=0.1, p=0.3",combined,boundary_constriction,conductance,4.1,0.999999999999997,0.1,0.3,0.729803921568629,0.1,0.300217864923747,1.60028083298069e-07,6.06125344503074e-07,0.115336877986629,96.030453184833,0.19925624341807,0.241992936185782,0.276032598528938,0.177332307778719,0.0495658487555251,0.204030087536944,0.259581799698285,0.29242211541733,0.161913034343579,0.046438643076634,240.005068594265,239.743960062304,909,v7.4.6,gap_tied_weak_links_phase3_seed,/Users/asewaket/Documents/LTSpice Superconducting Circuit/matlab_v7_4_6_files/outputs/v7_4_6_as006_gap_weaklink_v800_phase3_seed_909/AS006_v7_4_6_gap_weaklink_scores.csv
AS006,crack_tunnel_a3_7_g0_1_p0_3,"tunnel/crack-like links, alpha=3.7, tau=0.1, p=0.3",tear_lane,crack_tunnel,conductance,3.7,0,0.1,0.3,0.72980392156863,0.1,0.300217864923747,1.27715072321526e-07,5.00177756003978e-07,0.0882458710630321,96.030453184833,0.199319763340337,0.24370747521934,0.277763494273542,0.173162480929666,0.0503521253415642,0.210416508696015,0.223249459053138,0.252018990591604,0.214390256426477,0.119812030358534,247.622841086969,282.500716335411,909,v7.4.6,gap_tied_weak_links_phase3_seed,/Users/asewaket/Documents/LTSpice Superconducting Circuit/matlab_v7_4_6_files/outputs/v7_4_6_as006_gap_weaklink_v800_phase3_seed_909/AS006_v7_4_6_gap_weaklink_scores.csv
AS006,crack_tunnel_a3_7_g0_05_p0_2,"tunnel/crack-like links, alpha=3.7, tau=0.05, p=0.2",tear_lane,crack_tunnel,conductance,3.7,0,0.05,0.2,0.809586056644881,0.05,0.200435729847495,5.99980826525183e-08,5.06763327035807e-07,0.0959450381279844,110.589529448222,0.199407561762106,0.245401330814813,0.273092842545407,0.182007376329529,0.0462147831293441,0.228165198240945,0.293516177709502,0.318476712828865,0.152005507940263,0.0999686811193789,245.361568616002,209.802994245861,909,v7.4.6,gap_tied_weak_links_phase3_seed,/Users/asewaket/Documents/LTSpice Superconducting Circuit/matlab_v7_4_6_files/outputs/v7_4_6_as006_gap_weaklink_v800_phase3_seed_909/AS006_v7_4_6_gap_weaklink_scores.csv
AS006,contact_relaxed_a4_1_g0_1_p0_3,"contact-relaxed SNS links, alpha=4.1, tau=0.1, p=0.3",contact_relaxation,contact_relaxed,conductance,4.1,0.999999999999997,0.1,0.3,0.72980392156863,0.1,0.300217864923747,8.20445632809329e-08,6.28038572917501e-07,0.0532856264923738,96.030453184833,0.199856543516131,0.204085000356094,0.331487740308269,0.13497385869554,0.0463768483156646,0.94460679076994,1.38906112788707,0.993665482948498,1.22773190178244,0.0603933535747137,701.20633551839,663.973079465737,909,v7.4.6,gap_tied_weak_links_phase3_seed,/Users/asewaket/Documents/LTSpice Superconducting Circuit/matlab_v7_4_6_files/outputs/v7_4_6_as006_gap_weaklink_v800_phase3_seed_909/AS006_v7_4_6_gap_weaklink_scores.csv
AS006,combined_a3_7_g0_05_p0_1,"combined weak-link classes, alpha=3.7, tau=0.05, p=0.1",combined,boundary_constriction,conductance,3.7,0,0.05,0.1,0.904793028322441,0.05,0.100217864923747,6.27257199383316e-08,4.70930003904563e-07,0.127495815898667,135.591196402558,0.19985780044845,0.243810496588684,0.276948191762928,0.179476764758523,0.0464732141202892,0.210644595226484,0.273023190591069,0.304525681813404,0.155631301984654,0.0527407148870756,241.463760668108,227.904831235649,909,v7.4.6,gap_tied_weak_links_phase3_seed,/Users/asewaket/Documents/LTSpice Superconducting Circuit/matlab_v7_4_6_files/outputs/v7_4_6_as006_gap_weaklink_v800_phase3_seed_909/AS006_v7_4_6_gap_weaklink_scores.csv
AS006,combined_a3_7_g0_05_p0_3,"combined weak-link classes, alpha=3.7, tau=0.05, p=0.3",combined,boundary_constriction,conductance,3.7,0,0.05,0.3,0.714793028322442,0.05,0.300217864923747,7.96284086284009e-08,6.0320408290116e-07,0.10408449964647,87.0813227379837,0.199863059736909,0.240385179177554,0.28103974300345,0.170848860962955,0.0535494930472615,0.200043012575624,0.230615292526487,0.269869121800569,0.183861866200065,0.0675014744505568,245.274120131912,262.979054660029,909,v7.4.6,gap_tied_weak_links_phase3_seed,/Users/asewaket/Documents/LTSpice Superconducting Circuit/matlab_v7_4_6_files/outputs/v7_4_6_as006_gap_weaklink_v800_phase3_seed_909/AS006_v7_4_6_gap_weaklink_scores.csv
AS006,combined_a3_3_g0_05_p0_3,"combined weak-link classes, alpha=3.3, tau=0.05, p=0.3",combined,boundary_constriction,conductance,3.3,1,0.05,0.3,0.714793028322442,0.05,0.300217864923747,7.10199320199252e-08,5.37992830695629e-07,0.0928321213063112,87.0813227379837,0.19988055644847,0.241026716314059,0.288922726624271,0.162994024853744,0.0490187632686406,0.198413245441216,0.222656211552553,0.268872550187789,0.184543693621294,0.0682034357982798,251.466619062641,265.98200391642,909,v7.4.6,gap_tied_weak_links_phase3_seed,/Users/asewaket/Documents/LTSpice Superconducting Circuit/matlab_v7_4_6_files/outputs/v7_4_6_as006_gap_weaklink_v800_phase3_seed_909/AS006_v7_4_6_gap_weaklink_scores.csv
AS006,combined_a3_7_g0_05_p0_2,"combined weak-link classes, alpha=3.7, tau=0.05, p=0.2",combined,boundary_constriction,conductance,3.7,0,0.05,0.2,0.810000000000001,0.05,0.2,7.46332010351192e-08,5.20440872957805e-07,0.124976625632914,110.589529448222,0.200043800847974,0.245422944983373,0.282518124638547,0.169284572336178,0.0487836257188164,0.200448718150567,0.248306919867844,0.285088954438277,0.16679647666345,0.0465354047886924,247.234889525645,246.157963415641,909,v7.4.6,gap_tied_weak_links_phase3_seed,/Users/asewaket/Documents/LTSpice Superconducting Circuit/matlab_v7_4_6_files/outputs/v7_4_6_as006_gap_weaklink_v800_phase3_seed_909/AS006_v7_4_6_gap_weaklink_scores.csv
AS006,contact_relaxed_a3_3_g0_1_p0_2,"contact-relaxed SNS links, alpha=3.3, tau=0.1, p=0.2",contact_relaxation,contact_relaxed,conductance,3.3,1,0.1,0.2,0.820000000000002,0.1,0.2,4.824386063105e-08,4.70161148639504e-07,0.0389263209408423,119.092709396329,0.200247204808288,0.22741746821842,0.302035501997327,0.158847109737603,0.0466975401556933,0.233456641316763,0.246618903810133,0.229755152300544,0.369387860631816,0.056857960457962,346.540180721805,327.634185407912,909,v7.4.6,gap_tied_weak_links_phase3_seed,/Users/asewaket/Documents/LTSpice Superconducting Circuit/matlab_v7_4_6_files/outputs/v7_4_6_as006_gap_weaklink_v800_phase3_seed_909/AS006_v7_4_6_gap_weaklink_scores.csv
AS006,crack_tunnel_a3_7_g0_1_p0_2,"tunnel/crack-like links, alpha=3.7, tau=0.1, p=0.2",tear_lane,crack_tunnel,conductance,3.7,0,0.1,0.2,0.819607843137257,0.1,0.200435729847495,1.11428478904723e-07,4.70580593577738e-07,0.0959450381279844,119.092709396329,0.200312760248027,0.247232860242686,0.276054578564251,0.179855143985412,0.0464164985282431,0.208326238383847,0.2682785669434,0.296123772615639,0.161405861933293,0.0533786954818528,244.820579558353,231.572079823152,909,v7.4.6,gap_tied_weak_links_phase3_seed,/Users/asewaket/Documents/LTSpice Superconducting Circuit/matlab_v7_4_6_files/outputs/v7_4_6_as006_gap_weaklink_v800_phase3_seed_909/AS006_v7_4_6_gap_weaklink_scores.csv
AS006,combined_a4_1_g0_05_p0_1,"combined weak-link classes, alpha=4.1, tau=0.05, p=0.1",combined,boundary_constriction,conductance,4.1,0.999999999999997,0.05,0.1,0.904793028322441,0.05,0.100217864923747,6.95068788505836e-08,5.2184135567803e-07,0.141279147347171,135.591196402558,0.200439649421293,0.246392722256616,0.276169738449646,0.180570508262495,0.0467953472348464,0.211592716757353,0.277187586068729,0.305018947908581,0.15544344496002,0.0526885326779928,240.165874156545,227.911594462174,909,v7.4.6,gap_tied_weak_links_phase3_seed,/Users/asewaket/Documents/LTSpice Superconducting Circuit/matlab_v7_4_6_files/outputs/v7_4_6_as006_gap_weaklink_v800_phase3_seed_909/AS006_v7_4_6_gap_weaklink_scores.csv
AS006,combined_a3_3_g0_2_p0_3,"combined weak-link classes, alpha=3.3, tau=0.2, p=0.3",combined,boundary_constriction,conductance,3.3,1,0.2,0.3,0.759825708061,0.2,0.300217864923747,2.23133109653291e-07,4.27928459834935e-07,0.0928321213063112,110.866731175242,0.200623015797414,0.244976182197707,0.285068843929948,0.16965521380038,0.0471994026614791,0.208854141304812,0.268525542050541,0.307546392748247,0.151921319864544,0.0476373273334057,240.688618659781,233.71016901514,909,v7.4.6,gap_tied_weak_links_phase3_seed,/Users/asewaket/Documents/LTSpice Superconducting Circuit/matlab_v7_4_6_files/outputs/v7_4_6_as006_gap_weaklink_v800_phase3_seed_909/AS006_v7_4_6_gap_weaklink_scores.csv
AS006,crack_tunnel_a4_1_g0_05_p0_2,"tunnel/crack-like links, alpha=4.1, tau=0.05, p=0.2",tear_lane,crack_tunnel,conductance,4.1,0.999999999999997,0.05,0.2,0.809586056644881,0.05,0.200435729847495,6.64843618581959e-08,5.61548551580218e-07,0.106317474682361,110.589529448222,0.20072773061174,0.250312996482711,0.274624212007774,0.180466497534511,0.047150163644247,0.228695354626625,0.297113730640394,0.318590481266965,0.151847048317711,0.0990208898784053,246.820732888279,209.82004601958,909,v7.4.6,gap_tied_weak_links_phase3_seed,/Users/asewaket/Documents/LTSpice Superconducting Circuit/matlab_v7_4_6_files/outputs/v7_4_6_as006_gap_weaklink_v800_phase3_seed_909/AS006_v7_4_6_gap_weaklink_scores.csv
AS006,contact_relaxed_a3_7_g0_1_p0_3,"contact-relaxed SNS links, alpha=3.7, tau=0.1, p=0.3",contact_relaxation,contact_relaxed,conductance,3.7,0,0.1,0.3,0.72980392156863,0.1,0.300217864923747,7.40402156437687e-08,5.66766517023111e-07,0.0480870287858008,96.030453184833,0.200792005772072,0.201736766716872,0.336852157766149,0.133060636173408,0.0464061908359684,0.955729977387177,1.42173207601768,1.0029185780179,1.23300139079237,0.0605585608964243,712.826581664541,675.412241228181,909,v7.4.6,gap_tied_weak_links_phase3_seed,/Users/asewaket/Documents/LTSpice Superconducting Circuit/matlab_v7_4_6_files/outputs/v7_4_6_as006_gap_weaklink_v800_phase3_seed_909/AS006_v7_4_6_gap_weaklink_scores.csv
AS006,combined_a3_3_g0_1_p0_1,"combined weak-link classes, alpha=3.3, tau=0.1, p=0.1",combined,boundary_constriction,conductance,3.3,1,0.1,0.1,0.909803921568628,0.1,0.100217864923747,1.06797016349837e-07,4.0090348405782e-07,0.113712484450162,142.056215070537,0.200800220730236,0.244127747085242,0.281025688092504,0.177181327093142,0.0466017435376265,0.210163510422377,0.271563472247821,0.306831321494086,0.155016596935688,0.0485285210798051,240.119147286185,230.677895115359,909,v7.4.6,gap_tied_weak_links_phase3_seed,/Users/asewaket/Documents/LTSpice Superconducting Circuit/matlab_v7_4_6_files/outputs/v7_4_6_as006_gap_weaklink_v800_phase3_seed_909/AS006_v7_4_6_gap_weaklink_scores.csv
AS006,crack_tunnel_a4_1_g0_1_p0_3,"tunnel/crack-like links, alpha=4.1, tau=0.1, p=0.3",tear_lane,crack_tunnel,conductance,4.1,0.999999999999997,0.1,0.3,0.72980392156863,0.1,0.300217864923747,1.41522107167097e-07,5.54251026923327e-07,0.0977859652320086,96.030453184833,0.200985503444973,0.250966944032962,0.2804217414714,0.170674860509411,0.0498789499801892,0.211086743929796,0.226976085302851,0.252238881076276,0.214066180402214,0.119456866959879,249.037754814097,283.526532237909,909,v7.4.6,gap_tied_weak_links_phase3_seed,/Users/asewaket/Documents/LTSpice Superconducting Circuit/matlab_v7_4_6_files/outputs/v7_4_6_as006_gap_weaklink_v800_phase3_seed_909/AS006_v7_4_6_gap_weaklink_scores.csv
AS006,crack_tunnel_a3_7_g0_05_p0_3,"tunnel/crack-like links, alpha=3.7, tau=0.05, p=0.3",tear_lane,crack_tunnel,conductance,3.7,0,0.05,0.3,0.714793028322442,0.05,0.300217864923747,7.04200159572235e-08,5.51579777061468e-07,0.0882458710630321,87.0813227379837,0.20100212314893,0.247182394915361,0.284796569361991,0.164595235733211,0.0536901797792886,0.23111346511528,0.224590959615196,0.24632085098362,0.244885892879921,0.193807510639967,249.258919692039,312.681804991231,909,v7.4.6,gap_tied_weak_links_phase3_seed,/Users/asewaket/Documents/LTSpice Superconducting Circuit/matlab_v7_4_6_files/outputs/v7_4_6_as006_gap_weaklink_v800_phase3_seed_909/AS006_v7_4_6_gap_weaklink_scores.csv
AS006,crack_tunnel_a4_1_g0_1_p0_2,"tunnel/crack-like links, alpha=4.1, tau=0.1, p=0.2",tear_lane,crack_tunnel,conductance,4.1,0.999999999999997,0.1,0.2,0.819607843137257,0.1,0.200435729847495,1.23474800948476e-07,5.21454171261817e-07,0.106317474682361,119.092709396329,0.201074134857014,0.250731533368116,0.276144059965647,0.179867731899952,0.0465523711021316,0.209144411114004,0.272177388380784,0.296372276640743,0.161296726960882,0.0532722743668363,244.588614249836,231.656439262734,909,v7.4.6,gap_tied_weak_links_phase3_seed,/Users/asewaket/Documents/LTSpice Superconducting Circuit/matlab_v7_4_6_files/outputs/v7_4_6_as006_gap_weaklink_v800_phase3_seed_909/AS006_v7_4_6_gap_weaklink_scores.csv
AS006,contact_relaxed_a4_1_g0_05_p0_2,"contact-relaxed SNS links, alpha=4.1, tau=0.05, p=0.2",contact_relaxation,contact_relaxed,conductance,4.1,0.999999999999997,0.05,0.2,0.810000000000002,0.05,0.2,3.22740257299728e-08,6.29053844777044e-07,0.0483630048052889,110.589529448222,0.201141226161133,0.233131805825465,0.29655231683522,0.165354534024864,0.0469146029874843,0.274516407265483,0.298673597190041,0.261480400019727,0.445922018535692,0.0589152159332363,369.433785253078,349.457869423775,909,v7.4.6,gap_tied_weak_links_phase3_seed,/Users/asewaket/Documents/LTSpice Superconducting Circuit/matlab_v7_4_6_files/outputs/v7_4_6_as006_gap_weaklink_v800_phase3_seed_909/AS006_v7_4_6_gap_weaklink_scores.csv
AS006,combined_a3_3_g0_2_p0_2,"combined weak-link classes, alpha=3.3, tau=0.2, p=0.2",combined,boundary_constriction,conductance,3.3,1,0.2,0.2,0.839999999999999,0.2,0.2,2.23993479768867e-07,3.92067225030395e-07,0.111465639078004,131.456755646575,0.201320387941296,0.247103404296788,0.284486575618379,0.171725274257562,0.046990435255576,0.212665323621316,0.276725575085483,0.312498965192825,0.150178932310377,0.0520041885456805,240.293848806285,228.954969942518,909,v7.4.6,gap_tied_weak_links_phase3_seed,/Users/asewaket/Documents/LTSpice Superconducting Circuit/matlab_v7_4_6_files/outputs/v7_4_6_as006_gap_weaklink_v800_phase3_seed_909/AS006_v7_4_6_gap_weaklink_scores.csv
AS006,combined_a4_1_g0_05_p0_3,"combined weak-link classes, alpha=4.1, tau=0.05, p=0.3",combined,boundary_constriction,conductance,4.1,0.999999999999997,0.05,0.3,0.714793028322442,0.05,0.300217864923747,8.82368852368767e-08,6.68415335106691e-07,0.115336877986629,87.0813227379837,0.201616022727032,0.240342114163852,0.275874871650415,0.177091479908808,0.0635926241970704,0.201241098867817,0.236522677298094,0.270645417620886,0.183313309784514,0.0669116989737976,239.656244088924,262.373488395579,909,v7.4.6,gap_tied_weak_links_phase3_seed,/Users/asewaket/Documents/LTSpice Superconducting Circuit/matlab_v7_4_6_files/outputs/v7_4_6_as006_gap_weaklink_v800_phase3_seed_909/AS006_v7_4_6_gap_weaklink_scores.csv
AS006,combined_a3_7_g0_2_p0_3,"combined weak-link classes, alpha=3.7, tau=0.2, p=0.3",combined,boundary_constriction,conductance,3.7,0,0.2,0.3,0.759825708061,0.2,0.300217864923747,2.50179547187023e-07,4.79798576178563e-07,0.10408449964647,110.866731175242,0.201707870487701,0.250243204688704,0.284824043841942,0.170193376978938,0.0471123498027297,0.210327480276352,0.274912800735588,0.308175833627058,0.151778374703956,0.0476939234188786,240.404145781957,233.194850816153,909,v7.4.6,gap_tied_weak_links_phase3_seed,/Users/asewaket/Documents/LTSpice Superconducting Circuit/matlab_v7_4_6_files/outputs/v7_4_6_as006_gap_weaklink_v800_phase3_seed_909/AS006_v7_4_6_gap_weaklink_scores.csv
AS006,combined_a3_7_g0_1_p0_1,"combined weak-link classes, alpha=3.7, tau=0.1, p=0.1",combined,boundary_constriction,conductance,3.7,0,0.1,0.1,0.909803921568628,0.1,0.100217864923747,1.19742109240726e-07,4.49497845761798e-07,0.127495815898667,142.056215070537,0.201937229271581,0.249162214696323,0.281389168730142,0.177122214242924,0.0466901185801757,0.211386855241409,0.276897713827794,0.307375513340188,0.154872728197284,0.0485385037873164,239.935956800507,230.700731161854,909,v7.4.6,gap_tied_weak_links_phase3_seed,/Users/asewaket/Documents/LTSpice Superconducting Circuit/matlab_v7_4_6_files/outputs/v7_4_6_as006_gap_weaklink_v800_phase3_seed_909/AS006_v7_4_6_gap_weaklink_scores.csv
AS006,crack_tunnel_a3_3_g0_2_p0_3,"tunnel/crack-like links, alpha=3.3, tau=0.2, p=0.3",tear_lane,crack_tunnel,conductance,3.3,1,0.2,0.3,0.759825708061,0.2,0.300217864923747,1.9732953870392e-07,3.97587438342643e-07,0.0787057768940557,110.866731175242,0.202132063142766,0.251780332090201,0.287274630806325,0.165641157314497,0.0490979330694402,0.200431156622305,0.23006791917044,0.264162527405582,0.192234108198713,0.0695108057329255,253.040438387858,268.421619977241,909,v7.4.6,gap_tied_weak_links_phase3_seed,/Users/asewaket/Documents/LTSpice Superconducting Circuit/matlab_v7_4_6_files/outputs/v7_4_6_as006_gap_weaklink_v800_phase3_seed_909/AS006_v7_4_6_gap_weaklink_scores.csv
AS006,contact_relaxed_a3_7_g0_2_p0_3,"contact-relaxed SNS links, alpha=3.7, tau=0.2, p=0.3",contact_relaxation,contact_relaxed,conductance,3.7,0,0.2,0.3,0.759825708061001,0.2,0.300217864923747,1.28264185059002e-07,4.91714187446816e-07,0.0480870287858008,110.866731175242,0.202223041374236,0.23182897837249,0.31375014844377,0.146182412722151,0.0474954528194022,0.359513156213226,0.447262822884327,0.344659516961008,0.554282706064733,0.0542954209191241,423.516400142864,405.687869042309,909,v7.4.6,gap_tied_weak_links_phase3_seed,/Users/asewaket/Documents/LTSpice Superconducting Circuit/matlab_v7_4_6_files/outputs/v7_4_6_as006_gap_weaklink_v800_phase3_seed_909/AS006_v7_4_6_gap_weaklink_scores.csv
AS006,combined_a3_7_g0_2_p0_2,"combined weak-link classes, alpha=3.7, tau=0.2, p=0.2",combined,boundary_constriction,conductance,3.7,0,0.2,0.2,0.839999999999999,0.2,0.2,2.51144204589336e-07,4.3959052503408e-07,0.124976625632914,131.456755646575,0.202229570095765,0.251452727532326,0.28440066413142,0.172032788503663,0.046952975086934,0.213851192116178,0.281865760185157,0.31303761405182,0.150036200183823,0.0520291255752684,240.066719013809,228.623493623941,909,v7.4.6,gap_tied_weak_links_phase3_seed,/Users/asewaket/Documents/LTSpice Superconducting Circuit/matlab_v7_4_6_files/outputs/v7_4_6_as006_gap_weaklink_v800_phase3_seed_909/AS006_v7_4_6_gap_weaklink_scores.csv
AS006,combined_a4_1_g0_2_p0_3,"combined weak-link classes, alpha=4.1, tau=0.2, p=0.3",combined,boundary_constriction,conductance,4.1,0.999999999999997,0.2,0.3,0.759825708061,0.2,0.300217864923747,2.77225984720755e-07,5.31668692522192e-07,0.115336877986629,110.866731175242,0.202412869566584,0.253832399458096,0.28432473365956,0.170885646719038,0.0470566060717973,0.211435914004518,0.279757732511416,0.308622178129633,0.151679191459714,0.0477340364596746,240.043734419713,232.677403801075,909,v7.4.6,gap_tied_weak_links_phase3_seed,/Users/asewaket/Documents/LTSpice Superconducting Circuit/matlab_v7_4_6_files/outputs/v7_4_6_as006_gap_weaklink_v800_phase3_seed_909/AS006_v7_4_6_gap_weaklink_scores.csv
AS006,contact_relaxed_a3_7_g0_1_p0_2,"contact-relaxed SNS links, alpha=3.7, tau=0.1, p=0.2",contact_relaxation,contact_relaxed,conductance,3.7,0,0.1,0.2,0.820000000000002,0.1,0.2,5.40916013136015e-08,5.27150378777626e-07,0.0436446628730656,119.092709396329,0.202600151168379,0.238631083700999,0.301498312789696,0.159906651112483,0.0468643108683268,0.231041607009165,0.236081627833803,0.229666714522177,0.368297996768761,0.0568371608372604,344.901334552241,326.587320215002,909,v7.4.6,gap_tied_weak_links_phase3_seed,/Users/asewaket/Documents/LTSpice Superconducting Circuit/matlab_v7_4_6_files/outputs/v7_4_6_as006_gap_weaklink_v800_phase3_seed_909/AS006_v7_4_6_gap_weaklink_scores.csv
AS006,combined_a4_1_g0_1_p0_1,"combined weak-link classes, alpha=4.1, tau=0.1, p=0.1",combined,boundary_constriction,conductance,4.1,0.999999999999997,0.1,0.1,0.909803921568628,0.1,0.100217864923747,1.32687202131615e-07,4.98092207465776e-07,0.141279147347171,142.056215070537,0.202687039373334,0.252556501783303,0.281492506871643,0.177176048221845,0.0467967477806857,0.212249838196482,0.280750220334877,0.307732329345101,0.154744547948799,0.0485367093576066,239.663041433328,230.731755083897,909,v7.4.6,gap_tied_weak_links_phase3_seed,/Users/asewaket/Documents/LTSpice Superconducting Circuit/matlab_v7_4_6_files/outputs/v7_4_6_as006_gap_weaklink_v800_phase3_seed_909/AS006_v7_4_6_gap_weaklink_scores.csv
AS006,combined_a4_1_g0_2_p0_2,"combined weak-link classes, alpha=4.1, tau=0.2, p=0.2",combined,boundary_constriction,conductance,4.1,0.999999999999997,0.2,0.2,0.839999999999999,0.2,0.2,2.78294929409804e-07,4.87113825037764e-07,0.138487612187823,131.456755646575,0.20281564101725,0.254395867371979,0.284109512935335,0.172444088149178,0.0469355798909629,0.214738320052979,0.285761898251277,0.313414699123506,0.149920990679896,0.0520527401976115,239.788430161789,228.290977247464,909,v7.4.6,gap_tied_weak_links_phase3_seed,/Users/asewaket/Documents/LTSpice Superconducting Circuit/matlab_v7_4_6_files/outputs/v7_4_6_as006_gap_weaklink_v800_phase3_seed_909/AS006_v7_4_6_gap_weaklink_scores.csv
AS006,crack_tunnel_a3_3_g0_2_p0_2,"tunnel/crack-like links, alpha=3.3, tau=0.2, p=0.2",tear_lane,crack_tunnel,conductance,3.3,1,0.2,0.2,0.839651416122003,0.2,0.200435729847495,1.80069715976322e-07,3.81982169632354e-07,0.0855726015736077,131.456755646575,0.202965379192006,0.25398685504614,0.28684607147769,0.169797036027469,0.0466131207935983,0.203025548723605,0.25443448070903,0.287261069618298,0.169394372132368,0.0462434259115151,250.126082423117,245.478382852967,909,v7.4.6,gap_tied_weak_links_phase3_seed,/Users/asewaket/Documents/LTSpice Superconducting Circuit/matlab_v7_4_6_files/outputs/v7_4_6_as006_gap_weaklink_v800_phase3_seed_909/AS006_v7_4_6_gap_weaklink_scores.csv
AS006,crack_tunnel_a3_7_g0_2_p0_3,"tunnel/crack-like links, alpha=3.7, tau=0.2, p=0.3",tear_lane,crack_tunnel,conductance,3.7,0,0.2,0.3,0.759825708061,0.2,0.300217864923747,2.21248270668032e-07,4.45779855111448e-07,0.0882458710630321,110.866731175242,0.20314237929085,0.256835488905267,0.286973012677136,0.166102974997187,0.0490449166175101,0.20150538900351,0.235306291918313,0.264469600618398,0.191958589776571,0.0694506147963269,252.74203257878,267.961255217506,909,v7.4.6,gap_tied_weak_links_phase3_seed,/Users/asewaket/Documents/LTSpice Superconducting Circuit/matlab_v7_4_6_files/outputs/v7_4_6_as006_gap_weaklink_v800_phase3_seed_909/AS006_v7_4_6_gap_weaklink_scores.csv
AS006,contact_relaxed_a4_1_g0_2_p0_3,"contact-relaxed SNS links, alpha=4.1, tau=0.2, p=0.3",contact_relaxation,contact_relaxed,conductance,4.1,0.999999999999997,0.2,0.3,0.759825708061001,0.2,0.300217864923747,1.42130583443758e-07,5.44872477981607e-07,0.0532856264923738,110.866731175242,0.203229174562938,0.238798056985387,0.311302774568211,0.148193015214181,0.0473266913172078,0.354234605837834,0.42759177233572,0.341865169228112,0.552823864585304,0.0542873799726249,420.718342374289,402.522340421588,909,v7.4.6,gap_tied_weak_links_phase3_seed,/Users/asewaket/Documents/LTSpice Superconducting Circuit/matlab_v7_4_6_files/outputs/v7_4_6_as006_gap_weaklink_v800_phase3_seed_909/AS006_v7_4_6_gap_weaklink_scores.csv
AS006,crack_tunnel_a4_1_g0_05_p0_3,"tunnel/crack-like links, alpha=4.1, tau=0.05, p=0.3",tear_lane,crack_tunnel,conductance,4.1,0.999999999999997,0.05,0.3,0.714793028322442,0.05,0.300217864923747,7.80329906553017e-08,6.11210023230275e-07,0.0977859652320086,87.0813227379837,0.203299887151914,0.255643053831352,0.288411993544971,0.161803032044492,0.0538816031689056,0.231401657302485,0.227145105018575,0.246628542703674,0.244308797834937,0.192877234468751,250.705561773326,314.469768581603,909,v7.4.6,gap_tied_weak_links_phase3_seed,/Users/asewaket/Documents/LTSpice Superconducting Circuit/matlab_v7_4_6_files/outputs/v7_4_6_as006_gap_weaklink_v800_phase3_seed_909/AS006_v7_4_6_gap_weaklink_scores.csv
AS006,contact_relaxed_a3_3_g0_2_p0_3,"contact-relaxed SNS links, alpha=3.3, tau=0.2, p=0.3",contact_relaxation,contact_relaxed,conductance,3.3,1,0.2,0.3,0.759825708061001,0.2,0.300217864923747,1.14397786674245e-07,4.38555896912025e-07,0.0428884310792277,110.866731175242,0.203390819555335,0.229210018056981,0.322422361515705,0.141010086665976,0.0472423387347423,0.366439045316092,0.473322743368946,0.348120887687013,0.556267846943768,0.0543261210795303,432.613870201022,413.710782963149,909,v7.4.6,gap_tied_weak_links_phase3_seed,/Users/asewaket/Documents/LTSpice Superconducting Circuit/matlab_v7_4_6_files/outputs/v7_4_6_as006_gap_weaklink_v800_phase3_seed_909/AS006_v7_4_6_gap_weaklink_scores.csv
AS006,crack_tunnel_a4_1_g0_2_p0_3,"tunnel/crack-like links, alpha=4.1, tau=0.2, p=0.3",tear_lane,crack_tunnel,conductance,4.1,0.999999999999997,0.2,0.3,0.759825708061,0.2,0.300217864923747,2.45167002632144e-07,4.93972271880253e-07,0.0977859652320086,110.866731175242,0.203631153142482,0.259756856780205,0.286173820024859,0.166923675038703,0.0489401300903243,0.202197761511818,0.238801192616192,0.264649821241619,0.191761171289866,0.0693489636577335,252.286556295819,267.306045229541,909,v7.4.6,gap_tied_weak_links_phase3_seed,/Users/asewaket/Documents/LTSpice Superconducting Circuit/matlab_v7_4_6_files/outputs/v7_4_6_as006_gap_weaklink_v800_phase3_seed_909/AS006_v7_4_6_gap_weaklink_scores.csv
AS006,boundary_sns_a3_3_g0_1_p0_3,"SNS-like boundary constriction, alpha=3.3, tau=0.1, p=0.3",boundary_lane,boundary_constriction,conductance,3.3,1,0.1,0.3,0.715686274509806,0.1,0.315904139433551,1.35421029340384e-07,4.46104485084629e-07,0.0973135700147798,96.030453184833,0.203636428852228,0.256187643183862,0.280173872828876,0.178345082067079,0.0487588710428961,0.324210843928074,0.4732766460222,0.484810566653149,0.197481532941625,0.0525071657981275,168.527078219146,160.745166400957,909,v7.4.6,gap_tied_weak_links_phase3_seed,/Users/asewaket/Documents/LTSpice Superconducting Circuit/matlab_v7_4_6_files/outputs/v7_4_6_as006_gap_weaklink_v800_phase3_seed_909/AS006_v7_4_6_gap_weaklink_scores.csv
AS006,boundary_sns_a3_7_g0_1_p0_3,"SNS-like boundary constriction, alpha=3.7, tau=0.1, p=0.3",boundary_lane,boundary_constriction,conductance,3.7,0,0.1,0.3,0.715686274509806,0.1,0.315904139433551,1.51835699563461e-07,5.00177756003978e-07,0.109109154258996,96.030453184833,0.204006405395452,0.258043126232294,0.279744879087699,0.1788827617957,0.0488319100968674,0.324941552445044,0.476300032772235,0.485048139658699,0.197597344497037,0.0525768044289655,168.294832439682,160.543234335827,909,v7.4.6,gap_tied_weak_links_phase3_seed,/Users/asewaket/Documents/LTSpice Superconducting Circuit/matlab_v7_4_6_files/outputs/v7_4_6_as006_gap_weaklink_v800_phase3_seed_909/AS006_v7_4_6_gap_weaklink_scores.csv
AS006,crack_tunnel_a3_7_g0_2_p0_2,"tunnel/crack-like links, alpha=3.7, tau=0.2, p=0.2",tear_lane,crack_tunnel,conductance,3.7,0,0.2,0.2,0.839651416122003,0.2,0.200435729847495,2.01896348215876e-07,4.282830386787e-07,0.0959450381279844,131.456755646575,0.204067212806494,0.258812245682139,0.286992756325564,0.169787633187429,0.0470519532963058,0.204104985406148,0.259436593955259,0.287571158127657,0.169213150680665,0.0463223680012523,249.625918757831,245.798263938819,909,v7.4.6,gap_tied_weak_links_phase3_seed,/Users/asewaket/Documents/LTSpice Superconducting Circuit/matlab_v7_4_6_files/outputs/v7_4_6_as006_gap_weaklink_v800_phase3_seed_909/AS006_v7_4_6_gap_weaklink_scores.csv
AS006,contact_relaxed_a4_1_g0_1_p0_2,"contact-relaxed SNS links, alpha=4.1, tau=0.1, p=0.2",contact_relaxation,contact_relaxed,conductance,4.1,0.999999999999997,0.1,0.2,0.820000000000002,0.1,0.2,5.9939341996153e-08,5.84139608915748e-07,0.0483630048052889,119.092709396329,0.204107842028158,0.246606591261636,0.300056626642901,0.161464776205253,0.0470025519975136,0.229474055971953,0.229408884046021,0.229640064827382,0.367415310631925,0.056822144075919,342.989195963036,325.155867111713,909,v7.4.6,gap_tied_weak_links_phase3_seed,/Users/asewaket/Documents/LTSpice Superconducting Circuit/matlab_v7_4_6_files/outputs/v7_4_6_as006_gap_weaklink_v800_phase3_seed_909/AS006_v7_4_6_gap_weaklink_scores.csv
AS006,combined_a3_3_g0_2_p0_1,"combined weak-link classes, alpha=3.3, tau=0.2, p=0.1",combined,boundary_constriction,conductance,3.3,1,0.2,0.1,0.919825708061002,0.2,0.100217864923747,2.01990732763351e-07,3.79593553559073e-07,0.113712484450162,150.216593760847,0.204158409661303,0.254734181217099,0.288836509756101,0.171315601615116,0.0464494729973455,0.212875068518894,0.28001393619316,0.312606848926116,0.152381771016564,0.046822207009905,240.402339231987,232.429130983033,909,v7.4.6,gap_tied_weak_links_phase3_seed,/Users/asewaket/Documents/LTSpice Superconducting Circuit/matlab_v7_4_6_files/outputs/v7_4_6_as006_gap_weaklink_v800_phase3_seed_909/AS006_v7_4_6_gap_weaklink_scores.csv
AS006,boundary_sns_a4_1_g0_1_p0_3,"SNS-like boundary constriction, alpha=4.1, tau=0.1, p=0.3",boundary_lane,boundary_constriction,conductance,4.1,0.999999999999997,0.1,0.3,0.715686274509806,0.1,0.315904139433551,1.68250369786537e-07,5.54251026923327e-07,0.120904738503211,96.030453184833,0.204273614981629,0.259550296433952,0.279441503726268,0.179233037173873,0.0487538504858803,0.325498189526329,0.47860522031226,0.485217179220494,0.197691531499772,0.0526412493088061,168.191779176246,160.350356981605,909,v7.4.6,gap_tied_weak_links_phase3_seed,/Users/asewaket/Documents/LTSpice Superconducting Circuit/matlab_v7_4_6_files/outputs/v7_4_6_as006_gap_weaklink_v800_phase3_seed_909/AS006_v7_4_6_gap_weaklink_scores.csv
AS006,crack_tunnel_a4_1_g0_2_p0_2,"tunnel/crack-like links, alpha=4.1, tau=0.2, p=0.2",tear_lane,crack_tunnel,conductance,4.1,0.999999999999997,0.2,0.2,0.839651416122003,0.2,0.200435729847495,2.2372298045543e-07,4.74583907725046e-07,0.106317474682361,131.456755646575,0.204740545622099,0.261926160746643,0.286716758408102,0.170111699497872,0.0473826157773351,0.204867816538784,0.263055932330515,0.287766119171161,0.169078091153754,0.0463448278716839,249.116494628788,245.821233088294,909,v7.4.6,gap_tied_weak_links_phase3_seed,/Users/asewaket/Documents/LTSpice Superconducting Circuit/matlab_v7_4_6_files/outputs/v7_4_6_as006_gap_weaklink_v800_phase3_seed_909/AS006_v7_4_6_gap_weaklink_scores.csv
AS006,boundary_sns_a3_3_g0_2_p0_3,"SNS-like boundary constriction, alpha=3.3, tau=0.2, p=0.3",boundary_lane,boundary_constriction,conductance,3.3,1,0.2,0.3,0.747276688453157,0.2,0.315904139433551,2.34597749576615e-07,3.98977093093566e-07,0.0973135700147798,110.866731175242,0.204754375633528,0.260965874340769,0.285659784415409,0.172754014548465,0.0469588629143256,0.294965424956538,0.42932583334217,0.444558618893118,0.167848367847344,0.0577132485683831,188.095523646154,174.894765176118,909,v7.4.6,gap_tied_weak_links_phase3_seed,/Users/asewaket/Documents/LTSpice Superconducting Circuit/matlab_v7_4_6_files/outputs/v7_4_6_as006_gap_weaklink_v800_phase3_seed_909/AS006_v7_4_6_gap_weaklink_scores.csv
AS006,crack_tunnel_a3_3_g0_05_p0_1,"tunnel/crack-like links, alpha=3.3, tau=0.05, p=0.1",tear_lane,crack_tunnel,conductance,3.3,1,0.05,0.1,0.904793028322441,0.05,0.100217864923747,5.13126339286652e-08,4.16438547355203e-07,0.103647063592855,135.591196402558,0.204796635016713,0.256789104231559,0.286100633024404,0.175613810958254,0.0470006993614816,0.224736099192039,0.305233789638734,0.33162187680028,0.144410094371683,0.0575958039563667,222.951461995174,229.846274622683,909,v7.4.6,gap_tied_weak_links_phase3_seed,/Users/asewaket/Documents/LTSpice Superconducting Circuit/matlab_v7_4_6_files/outputs/v7_4_6_as006_gap_weaklink_v800_phase3_seed_909/AS006_v7_4_6_gap_weaklink_scores.csv
AS006,boundary_sns_a3_7_g0_2_p0_3,"SNS-like boundary constriction, alpha=3.7, tau=0.2, p=0.3",boundary_lane,boundary_constriction,conductance,3.7,0,0.2,0.3,0.747276688453157,0.2,0.315904139433551,2.63033840434387e-07,4.47337952862483e-07,0.109109154258996,110.866731175242,0.204981791904169,0.26267437094929,0.284660689653764,0.173760990545547,0.0468771434955328,0.295743504485197,0.432719617564961,0.444779606553313,0.167922933334707,0.0577299267243428,187.697910781615,174.434322249655,909,v7.4.6,gap_tied_weak_links_phase3_seed,/Users/asewaket/Documents/LTSpice Superconducting Circuit/matlab_v7_4_6_files/outputs/v7_4_6_as006_gap_weaklink_v800_phase3_seed_909/AS006_v7_4_6_gap_weaklink_scores.csv
AS006,boundary_sns_a4_1_g0_2_p0_3,"SNS-like boundary constriction, alpha=4.1, tau=0.2, p=0.3",boundary_lane,boundary_constriction,conductance,4.1,0.999999999999997,0.2,0.3,0.747276688453157,0.2,0.315904139433551,2.91469931292159e-07,4.956988126314e-07,0.120904738503211,110.866731175242,0.205046374637094,0.263572058553618,0.283573546871621,0.174842865658665,0.0468525255331851,0.296340001865749,0.435368193726655,0.444920702549967,0.167977594493131,0.0577485930232342,187.262315941596,173.989978361315,909,v7.4.6,gap_tied_weak_links_phase3_seed,/Users/asewaket/Documents/LTSpice Superconducting Circuit/matlab_v7_4_6_files/outputs/v7_4_6_as006_gap_weaklink_v800_phase3_seed_909/AS006_v7_4_6_gap_weaklink_scores.csv
AS006,combined_a3_7_g0_2_p0_1,"combined weak-link classes, alpha=3.7, tau=0.2, p=0.1",combined,boundary_constriction,conductance,3.7,0,0.2,0.1,0.919825708061002,0.2,0.100217864923747,2.26474457946788e-07,4.25604893384415e-07,0.127495815898667,150.216593760847,0.205106600080983,0.259234797521289,0.288908844259707,0.171369545836672,0.0464957931332996,0.213959400024263,0.284921820541764,0.31297498048938,0.152255820137613,0.0468491885511192,240.111369605497,232.458076368113,909,v7.4.6,gap_tied_weak_links_phase3_seed,/Users/asewaket/Documents/LTSpice Superconducting Circuit/matlab_v7_4_6_files/outputs/v7_4_6_as006_gap_weaklink_v800_phase3_seed_909/AS006_v7_4_6_gap_weaklink_scores.csv
AS006,boundary_sns_a3_3_g0_05_p0_3,"SNS-like boundary constriction, alpha=3.3, tau=0.05, p=0.3",boundary_lane,boundary_constriction,conductance,3.3,1,0.05,0.3,0.699891067538129,0.05,0.315904139433551,7.4668955462715e-08,4.91949530892661e-07,0.0973135700147798,87.0813227379837,0.205324431343187,0.257499188160865,0.28060006023918,0.178913948800498,0.054430427135883,0.341399663514597,0.498540748097936,0.507795442935079,0.216309074374264,0.0494292013708281,152.419924169084,160.201605888306,909,v7.4.6,gap_tied_weak_links_phase3_seed,/Users/asewaket/Documents/LTSpice Superconducting Circuit/matlab_v7_4_6_files/outputs/v7_4_6_as006_gap_weaklink_v800_phase3_seed_909/AS006_v7_4_6_gap_weaklink_scores.csv
AS006,crack_tunnel_a3_7_g0_05_p0_1,"tunnel/crack-like links, alpha=3.7, tau=0.05, p=0.1",tear_lane,crack_tunnel,conductance,3.7,0,0.05,0.1,0.904793028322441,0.05,0.100217864923747,5.75323471321398e-08,4.66915947034622e-07,0.116210344028352,135.591196402558,0.20558564360209,0.260161756863982,0.285798037312599,0.176165312105467,0.0474132557175841,0.225740974179488,0.309702319978706,0.332005275319068,0.14435190753196,0.0575534346954123,222.235405989468,229.928403867067,909,v7.4.6,gap_tied_weak_links_phase3_seed,/Users/asewaket/Documents/LTSpice Superconducting Circuit/matlab_v7_4_6_files/outputs/v7_4_6_as006_gap_weaklink_v800_phase3_seed_909/AS006_v7_4_6_gap_weaklink_scores.csv
AS006,combined_a4_1_g0_2_p0_1,"combined weak-link classes, alpha=4.1, tau=0.2, p=0.1",combined,boundary_constriction,conductance,4.1,0.999999999999997,0.2,0.1,0.919825708061002,0.2,0.100217864923747,2.50958183130224e-07,4.71616233209757e-07,0.141279147347171,150.216593760847,0.205704601053884,0.262228727892585,0.288706528767729,0.171593034629413,0.0465665587465414,0.21472731950592,0.28850703606124,0.313189424915738,0.152156972646187,0.0468518520580861,239.671201715465,232.505928047118,909,v7.4.6,gap_tied_weak_links_phase3_seed,/Users/asewaket/Documents/LTSpice Superconducting Circuit/matlab_v7_4_6_files/outputs/v7_4_6_as006_gap_weaklink_v800_phase3_seed_909/AS006_v7_4_6_gap_weaklink_scores.csv
AS006,crack_tunnel_a3_3_g0_1_p0_1,"tunnel/crack-like links, alpha=3.3, tau=0.1, p=0.1",tear_lane,crack_tunnel,conductance,3.3,1,0.1,0.1,0.909803921568628,0.1,0.100217864923747,9.79547627887944e-08,3.97486310866426e-07,0.103647063592855,142.056215070537,0.205707385578566,0.259467591416943,0.288858437270795,0.173390460995658,0.0468289950074229,0.220299534323071,0.294736319308186,0.322159150157057,0.149049742175854,0.0566706618125026,228.984516279781,234.83584239665,909,v7.4.6,gap_tied_weak_links_phase3_seed,/Users/asewaket/Documents/LTSpice Superconducting Circuit/matlab_v7_4_6_files/outputs/v7_4_6_as006_gap_weaklink_v800_phase3_seed_909/AS006_v7_4_6_gap_weaklink_scores.csv
AS006,boundary_sns_a3_7_g0_05_p0_3,"SNS-like boundary constriction, alpha=3.7, tau=0.05, p=0.3",boundary_lane,boundary_constriction,conductance,3.7,0,0.05,0.3,0.699891067538129,0.05,0.315904139433551,8.3719737943044e-08,5.51579777061468e-07,0.109109154258996,87.0813227379837,0.205912493862133,0.259561533932808,0.280662800828936,0.179120887900492,0.0549399240516043,0.342087146056875,0.5013879629748,0.508151005891357,0.216504227059742,0.0491532231750238,152.315405051456,160.088261489545,909,v7.4.6,gap_tied_weak_links_phase3_seed,/Users/asewaket/Documents/LTSpice Superconducting Circuit/matlab_v7_4_6_files/outputs/v7_4_6_as006_gap_weaklink_v800_phase3_seed_909/AS006_v7_4_6_gap_weaklink_scores.csv
AS006,contact_relaxed_a3_3_g0_2_p0_2,"contact-relaxed SNS links, alpha=3.3, tau=0.2, p=0.2",contact_relaxation,contact_relaxed,conductance,3.3,1,0.2,0.2,0.839999999999998,0.2,0.2,8.74126559115387e-08,4.25940567063034e-07,0.0389263209408423,131.456755646575,0.206100655639961,0.252331563876509,0.308022593339082,0.15406730146331,0.0465480491507639,0.196608305994139,0.1949060167031,0.230149545150944,0.264944578165118,0.0541930865470444,309.45780028923,292.761709058156,909,v7.4.6,gap_tied_weak_links_phase3_seed,/Users/asewaket/Documents/LTSpice Superconducting Circuit/matlab_v7_4_6_files/outputs/v7_4_6_as006_gap_weaklink_v800_phase3_seed_909/AS006_v7_4_6_gap_weaklink_scores.csv
AS006,crack_tunnel_a4_1_g0_05_p0_1,"tunnel/crack-like links, alpha=4.1, tau=0.05, p=0.1",tear_lane,crack_tunnel,conductance,4.1,0.999999999999997,0.05,0.1,0.904793028322441,0.05,0.100217864923747,6.37520603356143e-08,5.1739334671404e-07,0.12877362446385,135.591196402558,0.206201511972404,0.262727669430206,0.285675902844964,0.176439877869621,0.0477972131160995,0.226476456932121,0.313077325211862,0.332242015574809,0.144316652055117,0.0574856171239299,221.782708178246,230.052830109912,909,v7.4.6,gap_tied_weak_links_phase3_seed,/Users/asewaket/Documents/LTSpice Superconducting Circuit/matlab_v7_4_6_files/outputs/v7_4_6_as006_gap_weaklink_v800_phase3_seed_909/AS006_v7_4_6_gap_weaklink_scores.csv
AS006,boundary_sns_a4_1_g0_05_p0_3,"SNS-like boundary constriction, alpha=4.1, tau=0.05, p=0.3",boundary_lane,boundary_constriction,conductance,4.1,0.999999999999997,0.05,0.3,0.699891067538129,0.05,0.315904139433551,9.27705204233731e-08,6.11210023230275e-07,0.120904738503211,87.0813227379837,0.206329167434992,0.261245790498408,0.280766077951384,0.179176662039699,0.0550885827120062,0.342581361728751,0.503371140755571,0.508415786933532,0.216666564364298,0.0489748352991267,152.313022223497,159.973510667881,909,v7.4.6,gap_tied_weak_links_phase3_seed,/Users/asewaket/Documents/LTSpice Superconducting Circuit/matlab_v7_4_6_files/outputs/v7_4_6_as006_gap_weaklink_v800_phase3_seed_909/AS006_v7_4_6_gap_weaklink_scores.csv
AS006,combined_a3_3_g0_05_p0_05,"combined weak-link classes, alpha=3.3, tau=0.05, p=0.05",combined,boundary_constriction,conductance,3.3,1,0.05,0.05,0.95239651416122,0.05,0.0501089324618736,5.46249856344114e-08,3.80149614145198e-07,0.120815262930126,158.000320262202,0.206338477371095,0.25932577630928,0.291659524499487,0.171648585900009,0.0474017102970831,0.214157401328394,0.282522380650456,0.313403095823159,0.154243524813475,0.0470048022841456,239.948057299406,234.603861300678,909,v7.4.6,gap_tied_weak_links_phase3_seed,/Users/asewaket/Documents/LTSpice Superconducting Circuit/matlab_v7_4_6_files/outputs/v7_4_6_as006_gap_weaklink_v800_phase3_seed_909/AS006_v7_4_6_gap_weaklink_scores.csv
AS006,crack_tunnel_a3_7_g0_1_p0_1,"tunnel/crack-like links, alpha=3.7, tau=0.1, p=0.1",tear_lane,crack_tunnel,conductance,3.7,0,0.1,0.1,0.909803921568628,0.1,0.100217864923747,1.09828067369254e-07,4.45666469759326e-07,0.116210344028352,142.056215070537,0.206537647519907,0.263173600719071,0.288756399819796,0.173631092355135,0.0471520717519009,0.221276907329556,0.299210830163234,0.322489463858691,0.148955062623029,0.0566233164530511,228.408549762479,235.026169065488,909,v7.4.6,gap_tied_weak_links_phase3_seed,/Users/asewaket/Documents/LTSpice Superconducting Circuit/matlab_v7_4_6_files/outputs/v7_4_6_as006_gap_weaklink_v800_phase3_seed_909/AS006_v7_4_6_gap_weaklink_scores.csv
AS006,crack_tunnel_a4_1_g0_1_p0_1,"tunnel/crack-like links, alpha=4.1, tau=0.1, p=0.1",tear_lane,crack_tunnel,conductance,4.1,0.999999999999997,0.1,0.1,0.909803921568628,0.1,0.100217864923747,1.21701371949714e-07,4.93846628652226e-07,0.12877362446385,142.056215070537,0.207137356146675,0.265874410822531,0.288665985006073,0.17377532352463,0.0474277417444323,0.221979158028567,0.302557000725799,0.322680346809902,0.148885478604938,0.0565413342435348,228.032955534314,235.154689475945,909,v7.4.6,gap_tied_weak_links_phase3_seed,/Users/asewaket/Documents/LTSpice Superconducting Circuit/matlab_v7_4_6_files/outputs/v7_4_6_as006_gap_weaklink_v800_phase3_seed_909/AS006_v7_4_6_gap_weaklink_scores.csv
AS006,combined_a3_7_g0_05_p0_05,"combined weak-link classes, alpha=3.7, tau=0.05, p=0.05",combined,boundary_constriction,conductance,3.7,0,0.05,0.05,0.95239651416122,0.05,0.0501089324618736,6.124619601434e-08,4.26228355253706e-07,0.135459537224687,158.000320262202,0.20726487684447,0.26344281646557,0.291332858085226,0.172234335832801,0.0477561463166328,0.215275191414006,0.287541954882982,0.313786223851394,0.154181998077967,0.0469806128496501,239.260089722415,234.593972577008,909,v7.4.6,gap_tied_weak_links_phase3_seed,/Users/asewaket/Documents/LTSpice Superconducting Circuit/matlab_v7_4_6_files/outputs/v7_4_6_as006_gap_weaklink_v800_phase3_seed_909/AS006_v7_4_6_gap_weaklink_scores.csv
AS006,contact_relaxed_a3_7_g0_2_p0_2,"contact-relaxed SNS links, alpha=3.7, tau=0.2, p=0.2",contact_relaxation,contact_relaxed,conductance,3.7,0,0.2,0.2,0.839999999999998,0.2,0.2,9.80081293553616e-08,4.77569726707038e-07,0.0436446628730656,131.456755646575,0.207313033576251,0.259255885453713,0.306211150669808,0.155726883824993,0.0467811639741398,0.19697574903977,0.196775140051344,0.230616372532323,0.264268901848375,0.0541888259054729,307.348519412622,291.554009654967,909,v7.4.6,gap_tied_weak_links_phase3_seed,/Users/asewaket/Documents/LTSpice Superconducting Circuit/matlab_v7_4_6_files/outputs/v7_4_6_as006_gap_weaklink_v800_phase3_seed_909/AS006_v7_4_6_gap_weaklink_scores.csv
AS006,combined_a3_3_g0_1_p0_05,"combined weak-link classes, alpha=3.3, tau=0.1, p=0.05",combined,boundary_constriction,conductance,3.3,1,0.1,0.05,0.954901960784314,0.1,0.0501089324618736,1.07709331156005e-07,3.74788754662834e-07,0.120815262930126,160.260306733397,0.207341600033189,0.263149789686964,0.294100630827055,0.169696392776237,0.0467616155613408,0.214914628022267,0.285098501406932,0.314754193720839,0.153573260404592,0.0466882241871958,240.086893894596,235.549249350642,909,v7.4.6,gap_tied_weak_links_phase3_seed,/Users/asewaket/Documents/LTSpice Superconducting Circuit/matlab_v7_4_6_files/outputs/v7_4_6_as006_gap_weaklink_v800_phase3_seed_909/AS006_v7_4_6_gap_weaklink_scores.csv
AS006,crack_tunnel_a3_3_g0_2_p0_1,"tunnel/crack-like links, alpha=3.3, tau=0.2, p=0.1",tear_lane,crack_tunnel,conductance,3.3,1,0.2,0.1,0.919825708061001,0.2,0.100217864923747,1.85266920271964e-07,3.76143231484194e-07,0.103647063592855,150.216593760847,0.207743628278382,0.266381108340299,0.294872297238347,0.167797172424909,0.0465640473533679,0.218240134291279,0.29154805172234,0.318776632763293,0.150663717467905,0.0534638655634078,235.055612553063,237.669867670497,909,v7.4.6,gap_tied_weak_links_phase3_seed,/Users/asewaket/Documents/LTSpice Superconducting Circuit/matlab_v7_4_6_files/outputs/v7_4_6_as006_gap_weaklink_v800_phase3_seed_909/AS006_v7_4_6_gap_weaklink_scores.csv
AS006,combined_a4_1_g0_05_p0_05,"combined weak-link classes, alpha=4.1, tau=0.05, p=0.05",combined,boundary_constriction,conductance,4.1,0.999999999999997,0.05,0.05,0.95239651416122,0.05,0.0501089324618736,6.78674063942687e-08,4.72307096362215e-07,0.150103811519248,158.000320262202,0.207953471511372,0.266516017769141,0.291092167766479,0.172610750064387,0.0480766086158956,0.216085814235317,0.291282352455828,0.314004330814271,0.154134186592196,0.0469714065555379,238.786127528444,234.612212658433,909,v7.4.6,gap_tied_weak_links_phase3_seed,/Users/asewaket/Documents/LTSpice Superconducting Circuit/matlab_v7_4_6_files/outputs/v7_4_6_as006_gap_weaklink_v800_phase3_seed_909/AS006_v7_4_6_gap_weaklink_scores.csv
AS006,combined_a3_7_g0_1_p0_05,"combined weak-link classes, alpha=3.7, tau=0.1, p=0.05",combined,boundary_constriction,conductance,3.7,0,0.1,0.05,0.954901960784314,0.1,0.0501089324618736,1.20765007659763e-07,4.20217694621966e-07,0.135459537224687,160.260306733397,0.208143471892224,0.266995872956014,0.293660455353198,0.17026056916086,0.0469899781859363,0.215957137834417,0.289882441552304,0.31504849900684,0.153504402561366,0.0466878711561055,239.335584440358,235.587971022228,909,v7.4.6,gap_tied_weak_links_phase3_seed,/Users/asewaket/Documents/LTSpice Superconducting Circuit/matlab_v7_4_6_files/outputs/v7_4_6_as006_gap_weaklink_v800_phase3_seed_909/AS006_v7_4_6_gap_weaklink_scores.csv
AS006,contact_relaxed_a4_1_g0_2_p0_2,"contact-relaxed SNS links, alpha=4.1, tau=0.2, p=0.2",contact_relaxation,contact_relaxed,conductance,4.1,0.999999999999997,0.2,0.2,0.839999999999998,0.2,0.2,1.08603602799184e-07,5.29198886351042e-07,0.0483630048052889,131.456755646575,0.208222633411114,0.264467925003925,0.304778753041908,0.157038375207002,0.0469844552195523,0.197274676972765,0.198410028945585,0.230906515759683,0.263752248712361,0.0541866424483436,305.786563421977,290.602090192856,909,v7.4.6,gap_tied_weak_links_phase3_seed,/Users/asewaket/Documents/LTSpice Superconducting Circuit/matlab_v7_4_6_files/outputs/v7_4_6_as006_gap_weaklink_v800_phase3_seed_909/AS006_v7_4_6_gap_weaklink_scores.csv
AS006,crack_tunnel_a3_7_g0_2_p0_1,"tunnel/crack-like links, alpha=3.7, tau=0.2, p=0.1",tear_lane,crack_tunnel,conductance,3.7,0,0.2,0.1,0.919825708061001,0.2,0.100217864923747,2.07723516668566e-07,4.21736350451975e-07,0.116210344028352,150.216593760847,0.208412458409532,0.269821193969623,0.294516269134741,0.168110535739973,0.0466994574172711,0.219147089114389,0.295856681068999,0.319042441356097,0.150509606483545,0.0534174840253451,234.301256882859,237.858609520581,909,v7.4.6,gap_tied_weak_links_phase3_seed,/Users/asewaket/Documents/LTSpice Superconducting Circuit/matlab_v7_4_6_files/outputs/v7_4_6_as006_gap_weaklink_v800_phase3_seed_909/AS006_v7_4_6_gap_weaklink_scores.csv
AS006,boundary_sns_a4_1_g0_4_p0_3,"SNS-like boundary constriction, alpha=4.1, tau=0.4, p=0.3",boundary_lane,boundary_constriction,conductance,4.1,0.999999999999997,0.4,0.3,0.810457516339867,0.4,0.315904139433551,4.80657508250528e-07,4.97812843369726e-07,0.120904738503211,134.458810956058,0.208697445571736,0.275186479391124,0.294607840289959,0.16496555386859,0.0465300856243913,0.26272924357614,0.384357832558188,0.397568181078475,0.142900693278617,0.0549182018369097,209.765989423492,196.460741466145,909,v7.4.6,gap_tied_weak_links_phase3_seed,/Users/asewaket/Documents/LTSpice Superconducting Circuit/matlab_v7_4_6_files/outputs/v7_4_6_as006_gap_weaklink_v800_phase3_seed_909/AS006_v7_4_6_gap_weaklink_scores.csv
AS006,combined_a3_3_g0_4_p0_3,"combined weak-link classes, alpha=3.3, tau=0.4, p=0.3",combined,boundary_constriction,conductance,3.3,1,0.4,0.3,0.81986928104575,0.4,0.300217864923747,3.679645581919e-07,4.15539429631421e-07,0.0928321213063112,134.458810956058,0.208697491861775,0.270554253651124,0.302866671747199,0.156718823823481,0.0470180003208031,0.217660547870236,0.292667622645247,0.324053964090728,0.144193517008825,0.0482987832861268,242.103754534363,233.889552668818,909,v7.4.6,gap_tied_weak_links_phase3_seed,/Users/asewaket/Documents/LTSpice Superconducting Circuit/matlab_v7_4_6_files/outputs/v7_4_6_as006_gap_weaklink_v800_phase3_seed_909/AS006_v7_4_6_gap_weaklink_scores.csv
AS006,combined_a4_1_g0_1_p0_05,"combined weak-link classes, alpha=4.1, tau=0.1, p=0.05",combined,boundary_constriction,conductance,4.1,0.999999999999997,0.1,0.05,0.954901960784314,0.1,0.0501089324618736,1.33820684163521e-07,4.65646634581097e-07,0.150103811519248,160.260306733397,0.208703612384828,0.269689227600414,0.293200743740289,0.170750452226367,0.0472894674952617,0.21670796219112,0.293421352943268,0.315213564194945,0.153440124517978,0.0466945650237072,238.698955923279,235.613245058957,909,v7.4.6,gap_tied_weak_links_phase3_seed,/Users/asewaket/Documents/LTSpice Superconducting Circuit/matlab_v7_4_6_files/outputs/v7_4_6_as006_gap_weaklink_v800_phase3_seed_909/AS006_v7_4_6_gap_weaklink_scores.csv
AS006,combined_a3_3_g0_4_p0_2,"combined weak-link classes, alpha=3.3, tau=0.4, p=0.2",combined,boundary_constriction,conductance,3.3,1,0.4,0.2,0.879999999999999,0.4,0.2,3.94417289593866e-07,3.92468936781455e-07,0.111465639078004,149.311183425666,0.208719311601777,0.270609888597581,0.301165561170706,0.159251527196658,0.0468825283667461,0.219677982636916,0.296779292375506,0.326085205216107,0.144288807600233,0.0506005021805942,241.559019036559,230.901338145626,909,v7.4.6,gap_tied_weak_links_phase3_seed,/Users/asewaket/Documents/LTSpice Superconducting Circuit/matlab_v7_4_6_files/outputs/v7_4_6_as006_gap_weaklink_v800_phase3_seed_909/AS006_v7_4_6_gap_weaklink_scores.csv
AS006,combined_a4_1_g0_4_p0_3,"combined weak-link classes, alpha=4.1, tau=0.4, p=0.3",combined,boundary_constriction,conductance,4.1,0.999999999999997,0.4,0.3,0.81986928104575,0.4,0.300217864923747,4.57168087450542e-07,5.16276261057219e-07,0.115336877986629,134.458810956058,0.208731199945912,0.273843257034122,0.298658249889298,0.160207896576323,0.0469009346687625,0.219643682918383,0.301422096001274,0.324730643025911,0.144126026463169,0.0483601602163366,239.965256472538,231.483884717023,909,v7.4.6,gap_tied_weak_links_phase3_seed,/Users/asewaket/Documents/LTSpice Superconducting Circuit/matlab_v7_4_6_files/outputs/v7_4_6_as006_gap_weaklink_v800_phase3_seed_909/AS006_v7_4_6_gap_weaklink_scores.csv
AS006,combined_a4_1_g0_4_p0_2,"combined weak-link classes, alpha=4.1, tau=0.4, p=0.2",combined,boundary_constriction,conductance,4.1,0.999999999999997,0.4,0.2,0.879999999999999,0.4,0.2,4.90033602222681e-07,4.87612921455747e-07,0.138487612187823,149.311183425666,0.208832191715593,0.273557351833225,0.297823332778202,0.162081176017137,0.0468113043614631,0.221339131894856,0.304175318497189,0.326667218116866,0.144177743916085,0.0506305293774698,239.796259826872,229.017412159772,909,v7.4.6,gap_tied_weak_links_phase3_seed,/Users/asewaket/Documents/LTSpice Superconducting Circuit/matlab_v7_4_6_files/outputs/v7_4_6_as006_gap_weaklink_v800_phase3_seed_909/AS006_v7_4_6_gap_weaklink_scores.csv
AS006,combined_a3_7_g0_4_p0_3,"combined weak-link classes, alpha=3.7, tau=0.4, p=0.3",combined,boundary_constriction,conductance,3.7,0,0.4,0.3,0.81986928104575,0.4,0.300217864923747,4.12566322821221e-07,4.6590784534432e-07,0.10408449964647,134.458810956058,0.208901041469203,0.272971939124241,0.301012312516387,0.158272611290646,0.0469209572047868,0.218782710195376,0.297583580655831,0.324462974877156,0.144152258807358,0.0483294407768303,241.158512824859,232.734562463848,909,v7.4.6,gap_tied_weak_links_phase3_seed,/Users/asewaket/Documents/LTSpice Superconducting Circuit/matlab_v7_4_6_files/outputs/v7_4_6_as006_gap_weaklink_v800_phase3_seed_909/AS006_v7_4_6_gap_weaklink_scores.csv
AS006,crack_tunnel_a4_1_g0_2_p0_1,"tunnel/crack-like links, alpha=4.1, tau=0.2, p=0.1",tear_lane,crack_tunnel,conductance,4.1,0.999999999999997,0.2,0.1,0.919825708061001,0.2,0.100217864923747,2.30180113065167e-07,4.67329469419756e-07,0.12877362446385,150.216593760847,0.20890192074905,0.272260275569529,0.294163655450638,0.168392685431388,0.0469720743478692,0.219797816518086,0.299068640937773,0.31919011459569,0.150396756650961,0.053341795296497,233.651800429021,238.051501551352,909,v7.4.6,gap_tied_weak_links_phase3_seed,/Users/asewaket/Documents/LTSpice Superconducting Circuit/matlab_v7_4_6_files/outputs/v7_4_6_as006_gap_weaklink_v800_phase3_seed_909/AS006_v7_4_6_gap_weaklink_scores.csv
AS006,combined_a3_7_g0_4_p0_2,"combined weak-link classes, alpha=3.7, tau=0.4, p=0.2",combined,boundary_constriction,conductance,3.7,0,0.4,0.2,0.879999999999999,0.4,0.2,4.42225445908274e-07,4.40040929118601e-07,0.124976625632914,149.311183425666,0.208928577955033,0.272722587737538,0.299688773158844,0.160516342705506,0.0468195206277671,0.220620462797571,0.300935335901949,0.326441947810188,0.144221652335067,0.0506165039992415,240.776232324489,229.987588038866,909,v7.4.6,gap_tied_weak_links_phase3_seed,/Users/asewaket/Documents/LTSpice Superconducting Circuit/matlab_v7_4_6_files/outputs/v7_4_6_as006_gap_weaklink_v800_phase3_seed_909/AS006_v7_4_6_gap_weaklink_scores.csv
AS006,boundary_sns_a3_3_g0_1_p0_2,"SNS-like boundary constriction, alpha=3.3, tau=0.1, p=0.2",boundary_lane,boundary_constriction,conductance,3.3,1,0.1,0.2,0.800784313725492,0.1,0.221350762527233,1.2364409386916e-07,4.14466443310202e-07,0.113320206039177,119.092709396329,0.209037383972154,0.26877010514227,0.291624445198132,0.173373605482533,0.0493570287686047,0.299802171372744,0.441834046659217,0.453906608886449,0.17322617005124,0.0463075320891663,179.270169322743,179.17322782459,909,v7.4.6,gap_tied_weak_links_phase3_seed,/Users/asewaket/Documents/LTSpice Superconducting Circuit/matlab_v7_4_6_files/outputs/v7_4_6_as006_gap_weaklink_v800_phase3_seed_909/AS006_v7_4_6_gap_weaklink_scores.csv
AS006,boundary_sns_a3_3_g0_2_p0_2,"SNS-like boundary constriction, alpha=3.3, tau=0.2, p=0.2",boundary_lane,boundary_constriction,conductance,3.3,1,0.2,0.2,0.822919389978212,0.2,0.221350762527233,2.24029720911737e-07,3.78401959863162e-07,0.113320206039177,131.456755646575,0.209150335193912,0.271121972679352,0.294650521870972,0.16947044164408,0.0471532379609048,0.278806355336188,0.408612963723429,0.423761540633909,0.1547812308954,0.0503595782289192,196.332413921013,187.946163018092,909,v7.4.6,gap_tied_weak_links_phase3_seed,/Users/asewaket/Documents/LTSpice Superconducting Circuit/matlab_v7_4_6_files/outputs/v7_4_6_as006_gap_weaklink_v800_phase3_seed_909/AS006_v7_4_6_gap_weaklink_scores.csv
AS006,combined_a3_3_g0_2_p0_05,"combined weak-link classes, alpha=3.3, tau=0.2, p=0.05",combined,boundary_constriction,conductance,3.3,1,0.2,0.05,0.959912854030501,0.2,0.0501089324618736,2.10363559267703e-07,3.66006100127179e-07,0.120815262930126,164.111412729462,0.209291937423728,0.270076553867709,0.29900399997647,0.165208250996709,0.0466158195462244,0.216802435458574,0.290711562516103,0.318560244751183,0.151084774682415,0.0469642181091761,240.852981565902,236.010741555621,909,v7.4.6,gap_tied_weak_links_phase3_seed,/Users/asewaket/Documents/LTSpice Superconducting Circuit/matlab_v7_4_6_files/outputs/v7_4_6_as006_gap_weaklink_v800_phase3_seed_909/AS006_v7_4_6_gap_weaklink_scores.csv
AS006,boundary_sns_a3_7_g0_4_p0_3,"SNS-like boundary constriction, alpha=3.7, tau=0.4, p=0.3",boundary_lane,boundary_constriction,conductance,3.7,0,0.4,0.3,0.810457516339867,0.4,0.315904139433551,4.33764092811452e-07,4.49245736699509e-07,0.109109154258996,134.458810956058,0.209315655753012,0.276134810309525,0.297659359987056,0.162390596632048,0.0465513426881247,0.262099288703156,0.381453460322838,0.397445134861012,0.142885029585583,0.0549077102041927,211.076262865075,197.7252361958,909,v7.4.6,gap_tied_weak_links_phase3_seed,/Users/asewaket/Documents/LTSpice Superconducting Circuit/matlab_v7_4_6_files/outputs/v7_4_6_as006_gap_weaklink_v800_phase3_seed_909/AS006_v7_4_6_gap_weaklink_scores.csv
AS006,boundary_sns_a3_7_g0_2_p0_2,"SNS-like boundary constriction, alpha=3.7, tau=0.2, p=0.2",boundary_lane,boundary_constriction,conductance,3.7,0,0.2,0.2,0.822919389978212,0.2,0.221350762527233,2.51184838598009e-07,4.24268864089e-07,0.12705598858938,131.456755646575,0.209431394993129,0.273171699700042,0.293910451185676,0.170077378775276,0.0470452622215722,0.279534672377851,0.411867094896608,0.423941843205613,0.154844999540567,0.0503517919571165,196.046612185087,187.556586968182,909,v7.4.6,gap_tied_weak_links_phase3_seed,/Users/asewaket/Documents/LTSpice Superconducting Circuit/matlab_v7_4_6_files/outputs/v7_4_6_as006_gap_weaklink_v800_phase3_seed_909/AS006_v7_4_6_gap_weaklink_scores.csv
AS006,boundary_sns_a3_7_g0_1_p0_2,"SNS-like boundary constriction, alpha=3.7, tau=0.1, p=0.2",boundary_lane,boundary_constriction,conductance,3.7,0,0.1,0.2,0.800784313725492,0.1,0.221350762527233,1.38631256762392e-07,4.64704800075075e-07,0.12705598858938,119.092709396329,0.209456795239856,0.27114097681649,0.291447708073185,0.173518408938032,0.0492114990821791,0.300479486746421,0.444793064259746,0.45408982587964,0.17333639621472,0.0462766789145871,179.215829512741,178.9870927162,909,v7.4.6,gap_tied_weak_links_phase3_seed,/Users/asewaket/Documents/LTSpice Superconducting Circuit/matlab_v7_4_6_files/outputs/v7_4_6_as006_gap_weaklink_v800_phase3_seed_909/AS006_v7_4_6_gap_weaklink_scores.csv
AS006,boundary_sns_a4_1_g0_2_p0_2,"SNS-like boundary constriction, alpha=4.1, tau=0.2, p=0.2",boundary_lane,boundary_constriction,conductance,4.1,0.999999999999997,0.2,0.2,0.822919389978212,0.2,0.221350762527233,2.7833995628428e-07,4.70135768314838e-07,0.140791771139583,131.456755646575,0.209544214928212,0.274403083795023,0.293060591724565,0.17077957717033,0.0469874838651376,0.280091287008653,0.414380040656075,0.424054893975159,0.154899430704548,0.0503560415499789,195.720805682445,187.160199171008,909,v7.4.6,gap_tied_weak_links_phase3_seed,/Users/asewaket/Documents/LTSpice Superconducting Circuit/matlab_v7_4_6_files/outputs/v7_4_6_as006_gap_weaklink_v800_phase3_seed_909/AS006_v7_4_6_gap_weaklink_scores.csv
AS006,boundary_sns_a3_3_g0_4_p0_3,"SNS-like boundary constriction, alpha=3.3, tau=0.4, p=0.3",boundary_lane,boundary_constriction,conductance,3.3,1,0.4,0.3,0.810457516339867,0.4,0.315904139433551,3.86870677372376e-07,4.00678630029292e-07,0.0973135700147798,134.458810956058,0.20971517755744,0.275986893104026,0.300467640934585,0.160101760478958,0.0466434224489502,0.261275847835649,0.377754575156855,0.397227151220484,0.14286081778759,0.054901127151057,212.224963550623,199.008512752407,909,v7.4.6,gap_tied_weak_links_phase3_seed,/Users/asewaket/Documents/LTSpice Superconducting Circuit/matlab_v7_4_6_files/outputs/v7_4_6_as006_gap_weaklink_v800_phase3_seed_909/AS006_v7_4_6_gap_weaklink_scores.csv
AS006,combined_a3_7_g0_2_p0_05,"combined weak-link classes, alpha=3.7, tau=0.2, p=0.05",combined,boundary_constriction,conductance,3.7,0,0.2,0.05,0.959912854030501,0.2,0.0501089324618736,2.35862172512274e-07,4.1037047590017e-07,0.135459537224687,164.111412729462,0.209742162460173,0.273034348164258,0.297981140641282,0.1661002432227,0.0465841639859911,0.217741615713709,0.295147054551962,0.31878804792164,0.150971599270117,0.0469674410660649,239.857143366082,235.805034370735,909,v7.4.6,gap_tied_weak_links_phase3_seed,/Users/asewaket/Documents/LTSpice Superconducting Circuit/matlab_v7_4_6_files/outputs/v7_4_6_as006_gap_weaklink_v800_phase3_seed_909/AS006_v7_4_6_gap_weaklink_scores.csv
AS006,boundary_sns_a4_1_g0_1_p0_2,"SNS-like boundary constriction, alpha=4.1, tau=0.1, p=0.2",boundary_lane,boundary_constriction,conductance,4.1,0.999999999999997,0.1,0.2,0.800784313725492,0.1,0.221350762527233,1.53618419655623e-07,5.14943156839948e-07,0.140791771139583,119.092709396329,0.209743201563952,0.272895897831718,0.291209679749497,0.173684119363882,0.0490980212215707,0.301004575303438,0.447057093313573,0.454215492966957,0.173433426467898,0.0462968874265715,179.156077430731,178.800988435175,909,v7.4.6,gap_tied_weak_links_phase3_seed,/Users/asewaket/Documents/LTSpice Superconducting Circuit/matlab_v7_4_6_files/outputs/v7_4_6_as006_gap_weaklink_v800_phase3_seed_909/AS006_v7_4_6_gap_weaklink_scores.csv
AS006,combined_a4_1_g0_2_p0_05,"combined weak-link classes, alpha=4.1, tau=0.2, p=0.05",combined,boundary_constriction,conductance,4.1,0.999999999999997,0.2,0.05,0.959912854030501,0.2,0.0501089324618736,2.61360785756844e-07,4.54734851673162e-07,0.150103811519248,164.111412729462,0.210064111802198,0.275085694734003,0.297102062801254,0.166848601874876,0.0467455020311963,0.218427936309432,0.298455806015343,0.318927337492361,0.150876861535596,0.0469649580006904,238.822746829455,235.853544614609,909,v7.4.6,gap_tied_weak_links_phase3_seed,/Users/asewaket/Documents/LTSpice Superconducting Circuit/matlab_v7_4_6_files/outputs/v7_4_6_as006_gap_weaklink_v800_phase3_seed_909/AS006_v7_4_6_gap_weaklink_scores.csv
AS006,crack_tunnel_a3_3_g0_4_p0_2,"tunnel/crack-like links, alpha=3.3, tau=0.4, p=0.2",tear_lane,crack_tunnel,conductance,3.3,1,0.4,0.2,0.879738562091502,0.4,0.200435729847495,3.17074449607214e-07,3.71871530246995e-07,0.0855726015736077,149.311183425666,0.210206671357556,0.275851910103521,0.305279518078577,0.155354552531696,0.0467490993821319,0.207429303337167,0.268241733572689,0.297806084793747,0.161045857250921,0.046436813160435,253.575246730917,249.894205501155,909,v7.4.6,gap_tied_weak_links_phase3_seed,/Users/asewaket/Documents/LTSpice Superconducting Circuit/matlab_v7_4_6_files/outputs/v7_4_6_as006_gap_weaklink_v800_phase3_seed_909/AS006_v7_4_6_gap_weaklink_scores.csv
AS006,crack_tunnel_a3_3_g0_05_p0_05,"tunnel/crack-like links, alpha=3.3, tau=0.05, p=0.05",tear_lane,crack_tunnel,conductance,3.3,1,0.05,0.05,0.951982570806101,0.05,0.0505446623093682,5.02255879230686e-08,3.80094147032446e-07,0.120824617189587,158.000320262202,0.210226891238265,0.272599372052457,0.299931391566043,0.165444990734804,0.046848910479789,0.22145061201547,0.295029344755783,0.321095223586995,0.151496336105451,0.0609366539125138,234.302559773764,241.102248408472,909,v7.4.6,gap_tied_weak_links_phase3_seed,/Users/asewaket/Documents/LTSpice Superconducting Circuit/matlab_v7_4_6_files/outputs/v7_4_6_as006_gap_weaklink_v800_phase3_seed_909/AS006_v7_4_6_gap_weaklink_scores.csv
AS006,combined_a3_3_g0_4_p0_1,"combined weak-link classes, alpha=3.3, tau=0.4, p=0.1",combined,boundary_constriction,conductance,3.3,1,0.4,0.1,0.939869281045751,0.4,0.100217864923747,3.75259676695888e-07,3.75345000019805e-07,0.113712484450162,161.713936941632,0.210322045741657,0.274654023979183,0.303570367781737,0.159394243772939,0.0464652563948907,0.218464193828081,0.295936415045344,0.323814018805899,0.146470464843761,0.0466219401300365,241.78933251799,234.762812177686,909,v7.4.6,gap_tied_weak_links_phase3_seed,/Users/asewaket/Documents/LTSpice Superconducting Circuit/matlab_v7_4_6_files/outputs/v7_4_6_as006_gap_weaklink_v800_phase3_seed_909/AS006_v7_4_6_gap_weaklink_scores.csv
AS006,crack_tunnel_a3_3_g0_4_p0_3,"tunnel/crack-like links, alpha=3.3, tau=0.4, p=0.3",tear_lane,crack_tunnel,conductance,3.3,1,0.4,0.3,0.819869281045749,0.4,0.300217864923747,3.254123811577e-07,3.86069452825833e-07,0.0787057768940557,134.458810956058,0.210421236742356,0.276882683550657,0.307152013594755,0.15190582242116,0.0478251983438531,0.203545555562216,0.256949472051895,0.287268935275328,0.167810574883232,0.0482944504233222,257.198652827056,258.877474674527,909,v7.4.6,gap_tied_weak_links_phase3_seed,/Users/asewaket/Documents/LTSpice Superconducting Circuit/matlab_v7_4_6_files/outputs/v7_4_6_as006_gap_weaklink_v800_phase3_seed_909/AS006_v7_4_6_gap_weaklink_scores.csv
AS006,crack_tunnel_a4_1_g0_4_p0_3,"tunnel/crack-like links, alpha=4.1, tau=0.4, p=0.3",tear_lane,crack_tunnel,conductance,4.1,0.999999999999997,0.4,0.3,0.819869281045749,0.4,0.300217864923747,4.04300231135324e-07,4.79662047450278e-07,0.0977859652320086,134.458810956058,0.210487148424381,0.280440383640195,0.303459862366804,0.154666341868857,0.0476076720037337,0.205147441310083,0.264423184906615,0.28776159460088,0.167545640549971,0.0482991804047952,255.259096247432,256.51218328544,909,v7.4.6,gap_tied_weak_links_phase3_seed,/Users/asewaket/Documents/LTSpice Superconducting Circuit/matlab_v7_4_6_files/outputs/v7_4_6_as006_gap_weaklink_v800_phase3_seed_909/AS006_v7_4_6_gap_weaklink_scores.csv
AS006,combined_a4_1_g0_4_p0_1,"combined weak-link classes, alpha=4.1, tau=0.4, p=0.1",combined,boundary_constriction,conductance,4.1,0.999999999999997,0.4,0.1,0.939869281045751,0.4,0.100217864923747,4.66231719531255e-07,4.66337727297334e-07,0.141279147347171,161.713936941632,0.210576595482731,0.278247792873585,0.300488782311169,0.161827206106185,0.0464958078627957,0.220045639799481,0.303398277149863,0.324172215561234,0.146312838544341,0.0466374964349563,240.067893837922,233.235244103027,909,v7.4.6,gap_tied_weak_links_phase3_seed,/Users/asewaket/Documents/LTSpice Superconducting Circuit/matlab_v7_4_6_files/outputs/v7_4_6_as006_gap_weaklink_v800_phase3_seed_909/AS006_v7_4_6_gap_weaklink_scores.csv
AS006,combined_a3_7_g0_4_p0_1,"combined weak-link classes, alpha=3.7, tau=0.4, p=0.1",combined,boundary_constriction,conductance,3.7,0,0.4,0.1,0.939869281045751,0.4,0.100217864923747,4.20745698113572e-07,4.2084136365857e-07,0.127495815898667,161.713936941632,0.210632310777652,0.277196554236659,0.302254855655903,0.160437840923784,0.0464717010990401,0.219381209036564,0.300206728548581,0.324050418445143,0.146377832779332,0.0466387933810718,241.0782736203,234.015924737219,909,v7.4.6,gap_tied_weak_links_phase3_seed,/Users/asewaket/Documents/LTSpice Superconducting Circuit/matlab_v7_4_6_files/outputs/v7_4_6_as006_gap_weaklink_v800_phase3_seed_909/AS006_v7_4_6_gap_weaklink_scores.csv
AS006,crack_tunnel_a4_1_g0_4_p0_2,"tunnel/crack-like links, alpha=4.1, tau=0.4, p=0.2",tear_lane,crack_tunnel,conductance,4.1,0.999999999999997,0.4,0.2,0.879738562091502,0.4,0.200435729847495,3.93940982845326e-07,4.62022204246266e-07,0.106317474682361,149.311183425666,0.210716789887781,0.28019933971107,0.302438226383848,0.157572659180416,0.0471518895805795,0.20904706095475,0.275861851471133,0.298236524586024,0.160795880790482,0.0464646842889727,251.52103223428,248.651510966599,909,v7.4.6,gap_tied_weak_links_phase3_seed,/Users/asewaket/Documents/LTSpice Superconducting Circuit/matlab_v7_4_6_files/outputs/v7_4_6_as006_gap_weaklink_v800_phase3_seed_909/AS006_v7_4_6_gap_weaklink_scores.csv
AS006,crack_tunnel_a3_7_g0_4_p0_2,"tunnel/crack-like links, alpha=3.7, tau=0.4, p=0.2",tear_lane,crack_tunnel,conductance,3.7,0,0.4,0.2,0.879738562091502,0.4,0.200435729847495,3.5550771622627e-07,4.16946867246631e-07,0.0959450381279844,149.311183425666,0.210753362353189,0.279069543983987,0.30432209966843,0.156131179815592,0.046969618592713,0.208374771390725,0.272654068210313,0.298071932035733,0.160896231208397,0.0464736186702848,252.733815835496,249.491739471463,909,v7.4.6,gap_tied_weak_links_phase3_seed,/Users/asewaket/Documents/LTSpice Superconducting Circuit/matlab_v7_4_6_files/outputs/v7_4_6_as006_gap_weaklink_v800_phase3_seed_909/AS006_v7_4_6_gap_weaklink_scores.csv
AS006,crack_tunnel_a3_7_g0_4_p0_3,"tunnel/crack-like links, alpha=3.7, tau=0.4, p=0.3",tear_lane,crack_tunnel,conductance,3.7,0,0.4,0.3,0.819869281045749,0.4,0.300217864923747,3.64856306146512e-07,4.32865750138056e-07,0.0882458710630321,134.458810956058,0.210810204014081,0.279858057623858,0.305896010112391,0.152887969609918,0.047764982737466,0.204493984644581,0.261331229645218,0.287571629186065,0.167650564662466,0.0483251366739929,256.464807030448,257.983137142838,909,v7.4.6,gap_tied_weak_links_phase3_seed,/Users/asewaket/Documents/LTSpice Superconducting Circuit/matlab_v7_4_6_files/outputs/v7_4_6_as006_gap_weaklink_v800_phase3_seed_909/AS006_v7_4_6_gap_weaklink_scores.csv
AS006,crack_tunnel_a3_7_g0_05_p0_05,"tunnel/crack-like links, alpha=3.7, tau=0.05, p=0.05",tear_lane,crack_tunnel,conductance,3.7,0,0.05,0.05,0.951982570806101,0.05,0.0505446623093682,5.63135379743496e-08,4.2616616485456e-07,0.135470025333779,158.000320262202,0.210813361649264,0.275548934004803,0.299294132730391,0.166181970165814,0.0470256792560659,0.222346126714268,0.299167919356267,0.321409913261309,0.151442383647627,0.0607923864482506,233.183298613186,241.319654535734,909,v7.4.6,gap_tied_weak_links_phase3_seed,/Users/asewaket/Documents/LTSpice Superconducting Circuit/matlab_v7_4_6_files/outputs/v7_4_6_as006_gap_weaklink_v800_phase3_seed_909/AS006_v7_4_6_gap_weaklink_scores.csv
AS006,crack_tunnel_a3_3_g0_1_p0_05,"tunnel/crack-like links, alpha=3.3, tau=0.1, p=0.05",tear_lane,crack_tunnel,conductance,3.3,1,0.1,0.05,0.954509803921569,0.1,0.0505446623093682,9.90346161062038e-08,3.74734069745793e-07,0.120824617189587,160.260306733397,0.21114946137983,0.27545194358345,0.30227286589125,0.163584899718016,0.0468367233584927,0.221801916352608,0.297227251256649,0.322888100600252,0.150339064930687,0.0588043232925934,235.49996350465,240.42733874,909,v7.4.6,gap_tied_weak_links_phase3_seed,/Users/asewaket/Documents/LTSpice Superconducting Circuit/matlab_v7_4_6_files/outputs/v7_4_6_as006_gap_weaklink_v800_phase3_seed_909/AS006_v7_4_6_gap_weaklink_scores.csv
AS006,boundary_sns_a3_3_g0_05_p0_2,"SNS-like boundary constriction, alpha=3.3, tau=0.05, p=0.2",boundary_lane,boundary_constriction,conductance,3.3,1,0.05,0.2,0.78971677559913,0.05,0.221350762527233,6.65755167473904e-08,4.46334584602624e-07,0.113320206039177,110.589529448222,0.211165489846168,0.271430033591146,0.29344250920726,0.173186532846833,0.0543898584684501,0.318210126605466,0.462788292736208,0.472992792536363,0.187454650378593,0.0662066403792445,163.418929398767,181.71041431669,909,v7.4.6,gap_tied_weak_links_phase3_seed,/Users/asewaket/Documents/LTSpice Superconducting Circuit/matlab_v7_4_6_files/outputs/v7_4_6_as006_gap_weaklink_v800_phase3_seed_909/AS006_v7_4_6_gap_weaklink_scores.csv
AS006,crack_tunnel_a4_1_g0_05_p0_05,"tunnel/crack-like links, alpha=4.1, tau=0.05, p=0.05",tear_lane,crack_tunnel,conductance,4.1,0.999999999999997,0.05,0.05,0.951982570806101,0.05,0.0505446623093682,6.24014880256307e-08,4.72238182676675e-07,0.150115433477971,158.000320262202,0.211267488243177,0.27751355117747,0.29866119934823,0.166809238476642,0.0476552430832108,0.222974082217844,0.302200744700212,0.321581722057394,0.151368350131127,0.0606912151246569,232.099806028234,241.640446302267,909,v7.4.6,gap_tied_weak_links_phase3_seed,/Users/asewaket/Documents/LTSpice Superconducting Circuit/matlab_v7_4_6_files/outputs/v7_4_6_as006_gap_weaklink_v800_phase3_seed_909/AS006_v7_4_6_gap_weaklink_scores.csv
AS006,crack_tunnel_a3_7_g0_1_p0_05,"tunnel/crack-like links, alpha=3.7, tau=0.1, p=0.05",tear_lane,crack_tunnel,conductance,3.7,0,0.1,0.05,0.954509803921569,0.1,0.0505446623093682,1.11038811997865e-07,4.20156381230131e-07,0.135470025333779,160.260306733397,0.211705273944581,0.278519395524698,0.301761466757028,0.164101502956401,0.0467975286779087,0.222655856533063,0.301270617270889,0.323137162644605,0.150275675475723,0.0586740364217133,234.426164193452,240.794560690138,909,v7.4.6,gap_tied_weak_links_phase3_seed,/Users/asewaket/Documents/LTSpice Superconducting Circuit/matlab_v7_4_6_files/outputs/v7_4_6_as006_gap_weaklink_v800_phase3_seed_909/AS006_v7_4_6_gap_weaklink_scores.csv
AS006,boundary_sns_a4_1_g0_4_p0_2,"SNS-like boundary constriction, alpha=4.1, tau=0.4, p=0.2",boundary_lane,boundary_constriction,conductance,4.1,0.999999999999997,0.4,0.2,0.867189542483658,0.4,0.221350762527233,4.90112887467091e-07,4.79522537801821e-07,0.140791771139583,149.311183425666,0.211751029097989,0.282100535095357,0.300500685821651,0.163337313655183,0.046606768137719,0.257230854389562,0.377022993613034,0.389755681131306,0.140662287184821,0.0512309773739663,213.6183028577,202.918258534661,909,v7.4.6,gap_tied_weak_links_phase3_seed,/Users/asewaket/Documents/LTSpice Superconducting Circuit/matlab_v7_4_6_files/outputs/v7_4_6_as006_gap_weaklink_v800_phase3_seed_909/AS006_v7_4_6_gap_weaklink_scores.csv
AS006,boundary_sns_a3_7_g0_05_p0_2,"SNS-like boundary constriction, alpha=3.7, tau=0.05, p=0.2",boundary_lane,boundary_constriction,conductance,3.7,0,0.05,0.2,0.78971677559913,0.05,0.221350762527233,7.46452763531347e-08,5.00435746372639e-07,0.12705598858938,110.589529448222,0.21178735681207,0.273993468335298,0.293639940198885,0.173142777267302,0.0546449487928783,0.318816802093782,0.465651568674185,0.473304387690104,0.187640403414134,0.0655992590693743,163.434381982167,181.59534387199,909,v7.4.6,gap_tied_weak_links_phase3_seed,/Users/asewaket/Documents/LTSpice Superconducting Circuit/matlab_v7_4_6_files/outputs/v7_4_6_as006_gap_weaklink_v800_phase3_seed_909/AS006_v7_4_6_gap_weaklink_scores.csv
AS006,contact_relaxed_a3_3_g0_4_p0_3,"contact-relaxed SNS links, alpha=3.3, tau=0.4, p=0.3",contact_relaxation,contact_relaxed,conductance,3.3,1,0.4,0.3,0.819869281045749,0.4,0.300217864923747,1.8865120957229e-07,3.94480170328054e-07,0.0428884310792277,134.458810956058,0.211851111380483,0.272806761569894,0.318567610956041,0.145669533725615,0.0468685590024321,0.193987192958962,0.202735498110327,0.238898271932467,0.238046469127003,0.0515704043939112,304.165427497952,290.31727935709,909,v7.4.6,gap_tied_weak_links_phase3_seed,/Users/asewaket/Documents/LTSpice Superconducting Circuit/matlab_v7_4_6_files/outputs/v7_4_6_as006_gap_weaklink_v800_phase3_seed_909/AS006_v7_4_6_gap_weaklink_scores.csv
AS006,crack_tunnel_a4_1_g0_1_p0_05,"tunnel/crack-like links, alpha=4.1, tau=0.1, p=0.05",tear_lane,crack_tunnel,conductance,4.1,0.999999999999997,0.1,0.05,0.954509803921569,0.1,0.0505446623093682,1.23043007889526e-07,4.6557869271447e-07,0.150115433477971,160.260306733397,0.212023404160849,0.280267187802814,0.300922250756768,0.164801735768453,0.0472337244665208,0.223249350443475,0.304233868734344,0.323258541092596,0.150188450395589,0.0585748735765002,233.245643858631,241.067304482178,909,v7.4.6,gap_tied_weak_links_phase3_seed,/Users/asewaket/Documents/LTSpice Superconducting Circuit/matlab_v7_4_6_files/outputs/v7_4_6_as006_gap_weaklink_v800_phase3_seed_909/AS006_v7_4_6_gap_weaklink_scores.csv
AS006,boundary_sns_a4_1_g0_05_p0_2,"SNS-like boundary constriction, alpha=4.1, tau=0.05, p=0.2",boundary_lane,boundary_constriction,conductance,4.1,0.999999999999997,0.05,0.2,0.78971677559913,0.05,0.221350762527233,8.2715035958879e-08,5.54536908142653e-07,0.140791771139583,110.589529448222,0.212250033507998,0.275966052404713,0.293723005168933,0.173145563330479,0.0548369019265452,0.319287087423812,0.467751439846356,0.473530449471967,0.187801485774139,0.0652538534790887,163.438803591433,181.475239122161,909,v7.4.6,gap_tied_weak_links_phase3_seed,/Users/asewaket/Documents/LTSpice Superconducting Circuit/matlab_v7_4_6_files/outputs/v7_4_6_as006_gap_weaklink_v800_phase3_seed_909/AS006_v7_4_6_gap_weaklink_scores.csv
AS006,boundary_sns_a3_7_g0_4_p0_2,"SNS-like boundary constriction, alpha=3.7, tau=0.4, p=0.2",boundary_lane,boundary_constriction,conductance,3.7,0,0.4,0.2,0.867189542483658,0.4,0.221350762527233,4.42296996006887e-07,4.32739851187009e-07,0.12705598858938,149.311183425666,0.212260181502641,0.282616626608422,0.303112894449126,0.161273320577239,0.0466450648972644,0.256642269275536,0.374281880202418,0.389648913280295,0.140651806531509,0.0512291097703614,214.740816266847,204.064089780577,909,v7.4.6,gap_tied_weak_links_phase3_seed,/Users/asewaket/Documents/LTSpice Superconducting Circuit/matlab_v7_4_6_files/outputs/v7_4_6_as006_gap_weaklink_v800_phase3_seed_909/AS006_v7_4_6_gap_weaklink_scores.csv
AS006,boundary_sns_a3_3_g0_4_p0_2,"SNS-like boundary constriction, alpha=3.3, tau=0.4, p=0.2",boundary_lane,boundary_constriction,conductance,3.3,1,0.4,0.2,0.867189542483658,0.4,0.221350762527233,3.94481104546683e-07,3.85957164572197e-07,0.113320206039177,149.311183425666,0.212515324875685,0.281978941323629,0.305382716898741,0.159545822425556,0.0467456504500528,0.255866329693403,0.370751292155908,0.389455892529791,0.140639269487178,0.0512334575249998,215.683000081771,205.15546563392,909,v7.4.6,gap_tied_weak_links_phase3_seed,/Users/asewaket/Documents/LTSpice Superconducting Circuit/matlab_v7_4_6_files/outputs/v7_4_6_as006_gap_weaklink_v800_phase3_seed_909/AS006_v7_4_6_gap_weaklink_scores.csv
AS006,crack_tunnel_a3_3_g0_4_p0_1,"tunnel/crack-like links, alpha=3.3, tau=0.4, p=0.1",tear_lane,crack_tunnel,conductance,3.3,1,0.4,0.1,0.939869281045751,0.4,0.100217864923747,3.44190070765039e-07,3.69931073819205e-07,0.103647063592855,161.713936941632,0.21258196118153,0.281658941114146,0.307922455869225,0.156715833802374,0.0464917747693936,0.219735556614903,0.298909580981067,0.324483907501027,0.146693016569699,0.048555093254528,240.736131926673,239.256631365385,909,v7.4.6,gap_tied_weak_links_phase3_seed,/Users/asewaket/Documents/LTSpice Superconducting Circuit/matlab_v7_4_6_files/outputs/v7_4_6_as006_gap_weaklink_v800_phase3_seed_909/AS006_v7_4_6_gap_weaklink_scores.csv
AS006,crack_tunnel_a3_3_g0_2_p0_05,"tunnel/crack-like links, alpha=3.3, tau=0.2, p=0.05",tear_lane,crack_tunnel,conductance,3.3,1,0.2,0.05,0.959564270152505,0.2,0.0505446623093682,1.93421258039724e-07,3.65993807399056e-07,0.120824617189587,164.111412729462,0.212757091270109,0.280650971130737,0.30651236476194,0.15980210485898,0.0469852158126876,0.222461013553934,0.301558148217181,0.326438222914624,0.147764947219935,0.0547738454269773,237.490823726412,239.17506038749,909,v7.4.6,gap_tied_weak_links_phase3_seed,/Users/asewaket/Documents/LTSpice Superconducting Circuit/matlab_v7_4_6_files/outputs/v7_4_6_as006_gap_weaklink_v800_phase3_seed_909/AS006_v7_4_6_gap_weaklink_scores.csv
AS006,crack_tunnel_a4_1_g0_4_p0_1,"tunnel/crack-like links, alpha=4.1, tau=0.4, p=0.1",tear_lane,crack_tunnel,conductance,4.1,0.999999999999997,0.4,0.1,0.939869281045751,0.4,0.100217864923747,4.276300879202e-07,4.59611334139012e-07,0.12877362446385,161.713936941632,0.212946519850149,0.285248166403215,0.305347142586908,0.158573933691837,0.0469095162056452,0.221187550978028,0.305881460760039,0.32485691075679,0.146464205867962,0.0484764429707684,238.368302538438,238.830005524569,909,v7.4.6,gap_tied_weak_links_phase3_seed,/Users/asewaket/Documents/LTSpice Superconducting Circuit/matlab_v7_4_6_files/outputs/v7_4_6_as006_gap_weaklink_v800_phase3_seed_909/AS006_v7_4_6_gap_weaklink_scores.csv
AS006,crack_tunnel_a3_7_g0_4_p0_1,"tunnel/crack-like links, alpha=3.7, tau=0.4, p=0.1",tear_lane,crack_tunnel,conductance,3.7,0,0.4,0.1,0.939869281045751,0.4,0.100217864923747,3.8591007934262e-07,4.14771203979109e-07,0.116210344028352,161.713936941632,0.212982380654395,0.284300778287392,0.306997614520804,0.157374167712271,0.0466475899328389,0.220578548535217,0.302900111818209,0.324726202421791,0.146556474825282,0.0485261830881382,239.621759314959,239.270083942758,909,v7.4.6,gap_tied_weak_links_phase3_seed,/Users/asewaket/Documents/LTSpice Superconducting Circuit/matlab_v7_4_6_files/outputs/v7_4_6_as006_gap_weaklink_v800_phase3_seed_909/AS006_v7_4_6_gap_weaklink_scores.csv
AS006,crack_tunnel_a3_7_g0_2_p0_05,"tunnel/crack-like links, alpha=3.7, tau=0.2, p=0.05",tear_lane,crack_tunnel,conductance,3.7,0,0.2,0.05,0.959564270152505,0.2,0.0505446623093682,2.16866259014236e-07,4.10356693144396e-07,0.135470025333779,164.111412729462,0.213121780971555,0.283403835956465,0.305798949576468,0.160318794672256,0.0466584138021735,0.223256578882993,0.30543197945299,0.326647351954248,0.147651634989027,0.0546535053057583,236.411205787759,239.396711947009,909,v7.4.6,gap_tied_weak_links_phase3_seed,/Users/asewaket/Documents/LTSpice Superconducting Circuit/matlab_v7_4_6_files/outputs/v7_4_6_as006_gap_weaklink_v800_phase3_seed_909/AS006_v7_4_6_gap_weaklink_scores.csv
AS006,crack_tunnel_a4_1_g0_2_p0_05,"tunnel/crack-like links, alpha=4.1, tau=0.2, p=0.05",tear_lane,crack_tunnel,conductance,4.1,0.999999999999997,0.2,0.05,0.959564270152505,0.2,0.0505446623093682,2.40311259988748e-07,4.54719578889736e-07,0.150115433477971,164.111412729462,0.213190631786589,0.284679009130958,0.304562615066172,0.161209195870496,0.0467780785980662,0.223818591254278,0.308298401574639,0.326748675785713,0.14754149143101,0.0545575077829913,234.972475828998,239.571438238552,909,v7.4.6,gap_tied_weak_links_phase3_seed,/Users/asewaket/Documents/LTSpice Superconducting Circuit/matlab_v7_4_6_files/outputs/v7_4_6_as006_gap_weaklink_v800_phase3_seed_909/AS006_v7_4_6_gap_weaklink_scores.csv
AS006,contact_relaxed_a3_7_g0_4_p0_3,"contact-relaxed SNS links, alpha=3.7, tau=0.4, p=0.3",contact_relaxation,contact_relaxed,conductance,3.7,0,0.4,0.3,0.819869281045749,0.4,0.300217864923747,2.11518022853779e-07,4.42295948549637e-07,0.0480870287858008,134.458810956058,0.213236020797865,0.279899623484937,0.317915907073676,0.146345557657966,0.0469956960529967,0.194658126709585,0.206373623229012,0.239035114920351,0.237624913310058,0.051574417570727,303.224990806925,289.760148349935,909,v7.4.6,gap_tied_weak_links_phase3_seed,/Users/asewaket/Documents/LTSpice Superconducting Circuit/matlab_v7_4_6_files/outputs/v7_4_6_as006_gap_weaklink_v800_phase3_seed_909/AS006_v7_4_6_gap_weaklink_scores.csv
AS006,combined_a4_1_g0_4_p0_05,"combined weak-link classes, alpha=4.1, tau=0.4, p=0.05",combined,boundary_constriction,conductance,4.1,0.999999999999997,0.4,0.05,0.969934640522876,0.4,0.0501089324618736,5.02446134499228e-07,4.5253431393955e-07,0.150103811519248,170.733875086479,0.213334802981047,0.286026889908068,0.305971592451936,0.158855596761077,0.0466273422549345,0.222230110912883,0.309067917610812,0.327750476068702,0.145518687254969,0.046620944764663,239.466453287267,235.599857174471,909,v7.4.6,gap_tied_weak_links_phase3_seed,/Users/asewaket/Documents/LTSpice Superconducting Circuit/matlab_v7_4_6_files/outputs/v7_4_6_as006_gap_weaklink_v800_phase3_seed_909/AS006_v7_4_6_gap_weaklink_scores.csv
AS006,contact_relaxed_a3_7_g0_4_p0_2,"contact-relaxed SNS links, alpha=3.7, tau=0.4, p=0.2",contact_relaxation,contact_relaxed,conductance,3.7,0,0.4,0.2,0.879999999999998,0.4,0.2,1.72576901695509e-07,4.37423733893966e-07,0.0436446628730656,149.311183425666,0.213497582718059,0.283296806617758,0.314257065606602,0.150231393139474,0.046452000736642,0.204104549607666,0.252971303037729,0.284636816585009,0.174208326504021,0.0516766078468083,270.435409351028,256.492643023937,909,v7.4.6,gap_tied_weak_links_phase3_seed,/Users/asewaket/Documents/LTSpice Superconducting Circuit/matlab_v7_4_6_files/outputs/v7_4_6_as006_gap_weaklink_v800_phase3_seed_909/AS006_v7_4_6_gap_weaklink_scores.csv
AS006,contact_relaxed_a4_1_g0_4_p0_2,"contact-relaxed SNS links, alpha=4.1, tau=0.4, p=0.2",contact_relaxation,contact_relaxed,conductance,4.1,0.999999999999997,0.4,0.2,0.879999999999998,0.4,0.2,1.91233864040969e-07,4.84712786206827e-07,0.0483630048052889,149.311183425666,0.213503790713882,0.285368145351677,0.311807973606173,0.151894273808201,0.0466190121466771,0.205035116123198,0.257348238582457,0.284892339328542,0.174076587034895,0.0516700144149648,268.61569419572,255.444166099916,909,v7.4.6,gap_tied_weak_links_phase3_seed,/Users/asewaket/Documents/LTSpice Superconducting Circuit/matlab_v7_4_6_files/outputs/v7_4_6_as006_gap_weaklink_v800_phase3_seed_909/AS006_v7_4_6_gap_weaklink_scores.csv
AS006,combined_a3_7_g0_4_p0_05,"combined weak-link classes, alpha=3.7, tau=0.4, p=0.05",combined,boundary_constriction,conductance,3.7,0,0.4,0.05,0.969934640522876,0.4,0.0501089324618736,4.53426999426133e-07,4.08384624774716e-07,0.135459537224687,170.733875086479,0.213899099386228,0.286450788744136,0.308945881217944,0.156677773239976,0.0465421995056321,0.221604203390495,0.306061446459322,0.327623084803032,0.145585106381376,0.0466377891111262,241.221068021096,236.804960366824,909,v7.4.6,gap_tied_weak_links_phase3_seed,/Users/asewaket/Documents/LTSpice Superconducting Circuit/matlab_v7_4_6_files/outputs/v7_4_6_as006_gap_weaklink_v800_phase3_seed_909/AS006_v7_4_6_gap_weaklink_scores.csv
AS006,contact_relaxed_a3_3_g0_4_p0_2,"contact-relaxed SNS links, alpha=3.3, tau=0.4, p=0.2",contact_relaxation,contact_relaxed,conductance,3.3,1,0.4,0.2,0.879999999999998,0.4,0.2,1.53919939350048e-07,3.90134681581105e-07,0.0389263209408423,149.311183425666,0.213956036106247,0.281593325471776,0.318408522166489,0.147638951613547,0.0464232517511732,0.202907650675023,0.247424494746156,0.284256331438392,0.174386028414759,0.0516826430933223,273.035390524669,258.675651424015,909,v7.4.6,gap_tied_weak_links_phase3_seed,/Users/asewaket/Documents/LTSpice Superconducting Circuit/matlab_v7_4_6_files/outputs/v7_4_6_as006_gap_weaklink_v800_phase3_seed_909/AS006_v7_4_6_gap_weaklink_scores.csv
AS006,boundary_sns_a3_3_g0_1_p0_1,"SNS-like boundary constriction, alpha=3.3, tau=0.1, p=0.1",boundary_lane,boundary_constriction,conductance,3.3,1,0.1,0.1,0.886274509803923,0.1,0.12636165577342,1.14183430952928e-07,3.88219379129414e-07,0.124499371197381,142.056215070537,0.214002265727173,0.285505864628364,0.307844747178419,0.15858188104801,0.0475498051352524,0.270942104353139,0.39615761819711,0.412947968426504,0.149257064513069,0.0493226281808666,205.384761342511,198.022368403458,909,v7.4.6,gap_tied_weak_links_phase3_seed,/Users/asewaket/Documents/LTSpice Superconducting Circuit/matlab_v7_4_6_files/outputs/v7_4_6_as006_gap_weaklink_v800_phase3_seed_909/AS006_v7_4_6_gap_weaklink_scores.csv
AS006,combined_a3_3_g0_4_p0_05,"combined weak-link classes, alpha=3.3, tau=0.4, p=0.05",combined,boundary_constriction,conductance,3.3,1,0.4,0.05,0.969934640522876,0.4,0.0501089324618736,4.04407864353037e-07,3.64234935609882e-07,0.120815262930126,170.733875086479,0.214138964204449,0.285457153574013,0.311512990516889,0.154873467952341,0.0464980991032499,0.220748872950845,0.30203868649881,0.327413558540948,0.145675701254406,0.0466373242407467,242.788938337468,237.884178504171,909,v7.4.6,gap_tied_weak_links_phase3_seed,/Users/asewaket/Documents/LTSpice Superconducting Circuit/matlab_v7_4_6_files/outputs/v7_4_6_as006_gap_weaklink_v800_phase3_seed_909/AS006_v7_4_6_gap_weaklink_scores.csv
AS006,contact_relaxed_a4_1_g0_4_p0_3,"contact-relaxed SNS links, alpha=4.1, tau=0.4, p=0.3",contact_relaxation,contact_relaxed,conductance,4.1,0.999999999999997,0.4,0.3,0.819869281045749,0.4,0.300217864923747,2.34384836135269e-07,4.90111726771219e-07,0.0532856264923738,134.458810956058,0.214263641068075,0.285333024428584,0.317306001255125,0.146901970050842,0.0470722161517699,0.195328468749717,0.209964790129514,0.239114368366148,0.237319944289737,0.0515774786161375,302.506511878619,289.266561208854,909,v7.4.6,gap_tied_weak_links_phase3_seed,/Users/asewaket/Documents/LTSpice Superconducting Circuit/matlab_v7_4_6_files/outputs/v7_4_6_as006_gap_weaklink_v800_phase3_seed_909/AS006_v7_4_6_gap_weaklink_scores.csv
AS006,boundary_sns_a3_3_g0_05_p0_1,"SNS-like boundary constriction, alpha=3.3, tau=0.05, p=0.1",boundary_lane,boundary_constriction,conductance,3.3,1,0.05,0.1,0.879956427015252,0.05,0.12636165577342,5.98138612804322e-08,4.06729766233687e-07,0.124499371197381,135.591196402558,0.21439938897671,0.285820001713012,0.307992634685571,0.15878164700585,0.0487127737134789,0.279864158090406,0.410753349017219,0.426503698645054,0.155642411260582,0.0476329547302378,194.731360255955,197.645640432497,909,v7.4.6,gap_tied_weak_links_phase3_seed,/Users/asewaket/Documents/LTSpice Superconducting Circuit/matlab_v7_4_6_files/outputs/v7_4_6_as006_gap_weaklink_v800_phase3_seed_909/AS006_v7_4_6_gap_weaklink_scores.csv
AS006,boundary_sns_a4_1_g0_7_p0_3,"SNS-like boundary constriction, alpha=4.1, tau=0.7, p=0.3",boundary_lane,boundary_constriction,conductance,4.1,0.999999999999997,0.7,0.3,0.905228758169932,0.7,0.315904139433551,6.94115017068412e-07,4.69653706448283e-07,0.120904738503211,162.941460756022,0.214546832236975,0.29193551263032,0.309965933452447,0.153546104173969,0.0464256347953125,0.242376362285757,0.350360501004971,0.365683410661627,0.136208590596281,0.0513146035206143,228.808480437085,216.613495934336,909,v7.4.6,gap_tied_weak_links_phase3_seed,/Users/asewaket/Documents/LTSpice Superconducting Circuit/matlab_v7_4_6_files/outputs/v7_4_6_as006_gap_weaklink_v800_phase3_seed_909/AS006_v7_4_6_gap_weaklink_scores.csv
AS006,boundary_sns_a3_3_g0_2_p0_1,"SNS-like boundary constriction, alpha=3.3, tau=0.2, p=0.1",boundary_lane,boundary_constriction,conductance,3.3,1,0.2,0.1,0.898910675381263,0.2,0.12636165577342,2.15961041571276e-07,3.67316780012028e-07,0.124499371197381,150.216593760847,0.214616920509388,0.287463448075166,0.310101174502787,0.156550810347286,0.04725558615779,0.259596654427987,0.376822963335197,0.395200670157732,0.142511396609478,0.0514198902668624,214.892567852272,205.055362724733,909,v7.4.6,gap_tied_weak_links_phase3_seed,/Users/asewaket/Documents/LTSpice Superconducting Circuit/matlab_v7_4_6_files/outputs/v7_4_6_as006_gap_weaklink_v800_phase3_seed_909/AS006_v7_4_6_gap_weaklink_scores.csv
AS006,boundary_sns_a3_7_g0_1_p0_1,"SNS-like boundary constriction, alpha=3.7, tau=0.1, p=0.1",boundary_lane,boundary_constriction,conductance,3.7,0,0.1,0.1,0.886274509803923,0.1,0.12636165577342,1.2802384682601e-07,4.35276273569343e-07,0.139590204069791,142.056215070537,0.214895846239417,0.289247684835377,0.308644359047905,0.158013703650201,0.0475867884651222,0.271672713747351,0.399377686189945,0.413142465411165,0.149319109309675,0.0493376814401778,205.626574246963,198.302524724202,909,v7.4.6,gap_tied_weak_links_phase3_seed,/Users/asewaket/Documents/LTSpice Superconducting Circuit/matlab_v7_4_6_files/outputs/v7_4_6_as006_gap_weaklink_v800_phase3_seed_909/AS006_v7_4_6_gap_weaklink_scores.csv
AS006,boundary_sns_a4_1_g0_1_p0_1,"SNS-like boundary constriction, alpha=4.1, tau=0.1, p=0.1",boundary_lane,boundary_constriction,conductance,4.1,0.999999999999997,0.1,0.1,0.886274509803923,0.1,0.12636165577342,1.41864262699092e-07,4.82333168009272e-07,0.1546810369422,142.056215070537,0.21508516581549,0.290873301463335,0.308102746767828,0.15836087253443,0.0474216301023788,0.272243970661055,0.401944779311174,0.413252122902906,0.149373492603022,0.0493669931602364,205.484089512433,197.940200671612,909,v7.4.6,gap_tied_weak_links_phase3_seed,/Users/asewaket/Documents/LTSpice Superconducting Circuit/matlab_v7_4_6_files/outputs/v7_4_6_as006_gap_weaklink_v800_phase3_seed_909/AS006_v7_4_6_gap_weaklink_scores.csv
AS006,combined_a4_1_g0_7_p0_2,"combined weak-link classes, alpha=4.1, tau=0.7, p=0.2",combined,boundary_constriction,conductance,4.1,0.999999999999997,0.7,0.2,0.939999999999999,0.7,0.2,7.53672241417121e-07,4.59667421407145e-07,0.138487612187823,169.892312373228,0.215224584101915,0.292771584733796,0.312194759252363,0.152354466739935,0.0465674236592255,0.228784035936913,0.323104702737893,0.341150578544906,0.139280028914307,0.0497019283502045,239.856748475886,229.105503096565,909,v7.4.6,gap_tied_weak_links_phase3_seed,/Users/asewaket/Documents/LTSpice Superconducting Circuit/matlab_v7_4_6_files/outputs/v7_4_6_as006_gap_weaklink_v800_phase3_seed_909/AS006_v7_4_6_gap_weaklink_scores.csv
AS006,boundary_sns_a3_7_g0_05_p0_1,"SNS-like boundary constriction, alpha=3.7, tau=0.05, p=0.1",boundary_lane,boundary_constriction,conductance,3.7,0,0.05,0.1,0.879956427015252,0.05,0.12636165577342,6.7064026284121e-08,4.56030343958983e-07,0.139590204069791,135.591196402558,0.215357728747526,0.289514890860205,0.308884077115019,0.158241387374746,0.048924883707708,0.280612414272757,0.413994975721684,0.426827661794293,0.155782869945243,0.0473901000705348,194.934959129718,197.891739781601,909,v7.4.6,gap_tied_weak_links_phase3_seed,/Users/asewaket/Documents/LTSpice Superconducting Circuit/matlab_v7_4_6_files/outputs/v7_4_6_as006_gap_weaklink_v800_phase3_seed_909/AS006_v7_4_6_gap_weaklink_scores.csv
AS006,combined_a4_1_g0_7_p0_3,"combined weak-link classes, alpha=4.1, tau=0.7, p=0.3",combined,boundary_constriction,conductance,4.1,0.999999999999997,0.7,0.3,0.909934640522874,0.7,0.300217864923747,6.60194066204973e-07,4.71336332260187e-07,0.115336877986629,162.941460756022,0.215360529783737,0.293467577741778,0.313023408119252,0.151115137050405,0.046650185655211,0.228295495999014,0.322493352149843,0.340809579225754,0.138954228700951,0.0488745783239664,239.919281184754,230.185426307327,909,v7.4.6,gap_tied_weak_links_phase3_seed,/Users/asewaket/Documents/LTSpice Superconducting Circuit/matlab_v7_4_6_files/outputs/v7_4_6_as006_gap_weaklink_v800_phase3_seed_909/AS006_v7_4_6_gap_weaklink_scores.csv
AS006,boundary_sns_a4_1_g0_05_p0_1,"SNS-like boundary constriction, alpha=4.1, tau=0.05, p=0.1",boundary_lane,boundary_constriction,conductance,4.1,0.999999999999997,0.05,0.1,0.879956427015252,0.05,0.12636165577342,7.43141912878097e-08,5.05330921684278e-07,0.1546810369422,135.591196402558,0.215426150539853,0.290474382315215,0.307804109772878,0.159097922857931,0.0491267747090989,0.281216442874844,0.416584375811212,0.427048814157984,0.155907909998791,0.0472775262880479,194.416214828854,197.37254990662,909,v7.4.6,gap_tied_weak_links_phase3_seed,/Users/asewaket/Documents/LTSpice Superconducting Circuit/matlab_v7_4_6_files/outputs/v7_4_6_as006_gap_weaklink_v800_phase3_seed_909/AS006_v7_4_6_gap_weaklink_scores.csv
AS006,contact_relaxed_a4_1_g0_2_p0_1,"contact-relaxed SNS links, alpha=4.1, tau=0.2, p=0.1",contact_relaxation,contact_relaxed,conductance,4.1,0.999999999999997,0.2,0.1,0.919825708061001,0.2,0.100217864923747,8.07267346434317e-08,5.04906415317771e-07,0.042551951706119,150.216593760847,0.215547202539055,0.290980264944413,0.317170452141653,0.1478285062616,0.0469218236759701,0.212750443720312,0.280983897714407,0.307666900727687,0.154142619756551,0.0516729699180136,258.955354325474,246.662936124754,909,v7.4.6,gap_tied_weak_links_phase3_seed,/Users/asewaket/Documents/LTSpice Superconducting Circuit/matlab_v7_4_6_files/outputs/v7_4_6_as006_gap_weaklink_v800_phase3_seed_909/AS006_v7_4_6_gap_weaklink_scores.csv
AS006,boundary_sns_a3_7_g0_2_p0_1,"SNS-like boundary constriction, alpha=3.7, tau=0.2, p=0.1",boundary_lane,boundary_constriction,conductance,3.7,0,0.2,0.1,0.898910675381263,0.2,0.12636165577342,2.4213813751931e-07,4.11840026074092e-07,0.139590204069791,150.216593760847,0.215549679783288,0.291424624956281,0.31100699373822,0.155900936262015,0.0471853645907569,0.260332027917148,0.38015137269018,0.395389117386982,0.142531304493964,0.0514136808508877,215.269303428963,205.329974939222,909,v7.4.6,gap_tied_weak_links_phase3_seed,/Users/asewaket/Documents/LTSpice Superconducting Circuit/matlab_v7_4_6_files/outputs/v7_4_6_as006_gap_weaklink_v800_phase3_seed_909/AS006_v7_4_6_gap_weaklink_scores.csv
AS006,contact_relaxed_a4_1_g0_1_p0_1,"contact-relaxed SNS links, alpha=4.1, tau=0.1, p=0.1",contact_relaxation,contact_relaxed,conductance,4.1,0.999999999999997,0.1,0.1,0.909803921568628,0.1,0.100217864923747,4.26820294259943e-08,5.33910620097647e-07,0.042551951706119,142.056215070537,0.215558594970389,0.290238123712705,0.317725202132079,0.147519845558391,0.0471359404601137,0.204067755681695,0.253639294616,0.282369815092204,0.175485198683991,0.0531958090261284,273.16141195553,259.843119107595,909,v7.4.6,gap_tied_weak_links_phase3_seed,/Users/asewaket/Documents/LTSpice Superconducting Circuit/matlab_v7_4_6_files/outputs/v7_4_6_as006_gap_weaklink_v800_phase3_seed_909/AS006_v7_4_6_gap_weaklink_scores.csv
AS006,boundary_sns_a4_1_g0_2_p0_1,"SNS-like boundary constriction, alpha=4.1, tau=0.2, p=0.1",boundary_lane,boundary_constriction,conductance,4.1,0.999999999999997,0.2,0.1,0.898910675381263,0.2,0.12636165577342,2.68315233467343e-07,4.56363272136156e-07,0.1546810369422,150.216593760847,0.215657462607005,0.292915914179918,0.31025739909461,0.156360896269132,0.0469698301031233,0.260899808012032,0.38279427010622,0.395486710790555,0.14254892603804,0.0514168685229169,215.096216590506,204.827071542629,909,v7.4.6,gap_tied_weak_links_phase3_seed,/Users/asewaket/Documents/LTSpice Superconducting Circuit/matlab_v7_4_6_files/outputs/v7_4_6_as006_gap_weaklink_v800_phase3_seed_909/AS006_v7_4_6_gap_weaklink_scores.csv
AS006,crack_tunnel_a4_1_g0_4_p0_05,"tunnel/crack-like links, alpha=4.1, tau=0.4, p=0.05",tear_lane,crack_tunnel,conductance,4.1,0.999999999999997,0.4,0.05,0.969673202614379,0.4,0.0505446623093682,4.61980030050563e-07,4.49393207003341e-07,0.150115433477971,170.733875086479,0.215846132824964,0.293180870880399,0.311908375097261,0.154849781528535,0.0466479099135451,0.225707759919672,0.316331944805751,0.333910141497856,0.143114349915823,0.0489711697765838,237.334737574122,237.598293277268,909,v7.4.6,gap_tied_weak_links_phase3_seed,/Users/asewaket/Documents/LTSpice Superconducting Circuit/matlab_v7_4_6_files/outputs/v7_4_6_as006_gap_weaklink_v800_phase3_seed_909/AS006_v7_4_6_gap_weaklink_scores.csv
AS006,boundary_sns_a4_1_g0_7_p0_2,"SNS-like boundary constriction, alpha=4.1, tau=0.7, p=0.2",boundary_lane,boundary_constriction,conductance,4.1,0.999999999999997,0.7,0.2,0.933594771241829,0.7,0.221350762527233,7.53794182213821e-07,4.60730689872541e-07,0.140791771139583,169.892312373228,0.215877285979661,0.294553451689395,0.312087388142757,0.153771164044543,0.0464660939034081,0.241990283427785,0.350170427197,0.364986709147946,0.136669791024704,0.0502170101521373,229.341432500765,218.233000375872,909,v7.4.6,gap_tied_weak_links_phase3_seed,/Users/asewaket/Documents/LTSpice Superconducting Circuit/matlab_v7_4_6_files/outputs/v7_4_6_as006_gap_weaklink_v800_phase3_seed_909/AS006_v7_4_6_gap_weaklink_scores.csv
AS006,combined_a4_1_g0_7_p0_1,"combined weak-link classes, alpha=4.1, tau=0.7, p=0.1",combined,boundary_constriction,conductance,4.1,0.999999999999997,0.7,0.1,0.969934640522875,0.7,0.100217864923747,7.52199341060509e-07,4.49257913870289e-07,0.141279147347171,175.41000750651,0.216091512245492,0.294985970655823,0.313612185082685,0.152178933398361,0.046426599928989,0.227668300773689,0.321970339762826,0.339378755473734,0.140004456592887,0.0474527712854767,240.331021631586,231.421393232337,909,v7.4.6,gap_tied_weak_links_phase3_seed,/Users/asewaket/Documents/LTSpice Superconducting Circuit/matlab_v7_4_6_files/outputs/v7_4_6_as006_gap_weaklink_v800_phase3_seed_909/AS006_v7_4_6_gap_weaklink_scores.csv
AS006,contact_relaxed_a4_1_g0_05_p0_1,"contact-relaxed SNS links, alpha=4.1, tau=0.05, p=0.1",contact_relaxation,contact_relaxed,conductance,4.1,0.999999999999997,0.05,0.1,0.904793028322441,0.05,0.100217864923747,2.23585590829393e-08,5.59367598261005e-07,0.042551951706119,135.591196402558,0.21627442717838,0.291796251847304,0.318951696758822,0.147466914952948,0.0470767710254739,0.201396643011021,0.241541287033435,0.269728217480898,0.190447564553104,0.0553580917387211,282.230045854694,267.173894035229,909,v7.4.6,gap_tied_weak_links_phase3_seed,/Users/asewaket/Documents/LTSpice Superconducting Circuit/matlab_v7_4_6_files/outputs/v7_4_6_as006_gap_weaklink_v800_phase3_seed_909/AS006_v7_4_6_gap_weaklink_scores.csv
AS006,crack_tunnel_a3_7_g0_4_p0_05,"tunnel/crack-like links, alpha=3.7, tau=0.4, p=0.05",tear_lane,crack_tunnel,conductance,3.7,0,0.4,0.05,0.969673202614379,0.4,0.0505446623093682,4.16908807606605e-07,4.05549967295698e-07,0.135470025333779,170.733875086479,0.216395805755517,0.293523472406421,0.314615765734872,0.153082189974342,0.0465252288672086,0.225149811258634,0.313568792775573,0.333810752063796,0.143185860685759,0.0490291215487562,239.316042704792,238.274495478488,909,v7.4.6,gap_tied_weak_links_phase3_seed,/Users/asewaket/Documents/LTSpice Superconducting Circuit/matlab_v7_4_6_files/outputs/v7_4_6_as006_gap_weaklink_v800_phase3_seed_909/AS006_v7_4_6_gap_weaklink_scores.csv
AS006,contact_relaxed_a3_7_g0_1_p0_1,"contact-relaxed SNS links, alpha=3.7, tau=0.1, p=0.1",contact_relaxation,contact_relaxed,conductance,3.7,0,0.1,0.1,0.909803921568628,0.1,0.100217864923747,3.851792899419e-08,4.8182177911251e-07,0.0384005417835708,142.056215070537,0.216470053321112,0.290685546954363,0.321921014828485,0.145168601020072,0.0468421924262612,0.203178408705103,0.249807402870765,0.281757530156538,0.175849213781064,0.0531974456544791,276.144093899051,261.994559941258,909,v7.4.6,gap_tied_weak_links_phase3_seed,/Users/asewaket/Documents/LTSpice Superconducting Circuit/matlab_v7_4_6_files/outputs/v7_4_6_as006_gap_weaklink_v800_phase3_seed_909/AS006_v7_4_6_gap_weaklink_scores.csv
AS006,crack_tunnel_a3_3_g0_4_p0_05,"tunnel/crack-like links, alpha=3.3, tau=0.4, p=0.05",tear_lane,crack_tunnel,conductance,3.3,1,0.4,0.05,0.969673202614379,0.4,0.0505446623093682,3.71837585162648e-07,3.61706727588055e-07,0.120824617189587,170.733875086479,0.216483238975819,0.292066694794473,0.316419281438682,0.15195299018866,0.0466745198311041,0.224383474214818,0.309902372463329,0.333608386125816,0.143279623528607,0.0491007934798275,240.766706346987,238.71724812448,909,v7.4.6,gap_tied_weak_links_phase3_seed,/Users/asewaket/Documents/LTSpice Superconducting Circuit/matlab_v7_4_6_files/outputs/v7_4_6_as006_gap_weaklink_v800_phase3_seed_909/AS006_v7_4_6_gap_weaklink_scores.csv
AS006,boundary_sns_a3_7_g0_7_p0_3,"SNS-like boundary constriction, alpha=3.7, tau=0.7, p=0.3",boundary_lane,boundary_constriction,conductance,3.7,0,0.7,0.3,0.905228758169932,0.7,0.315904139433551,6.26396478817835e-07,4.23833832648451e-07,0.109109154258996,162.941460756022,0.21650765846468,0.295923940514451,0.316024382906414,0.149690345927791,0.0464587493129862,0.241769786311215,0.347510174591758,0.365578773837061,0.136215632513376,0.0513063621077415,231.537081000837,219.3013761831,909,v7.4.6,gap_tied_weak_links_phase3_seed,/Users/asewaket/Documents/LTSpice Superconducting Circuit/matlab_v7_4_6_files/outputs/v7_4_6_as006_gap_weaklink_v800_phase3_seed_909/AS006_v7_4_6_gap_weaklink_scores.csv
AS006,contact_relaxed_a3_7_g0_05_p0_1,"contact-relaxed SNS links, alpha=3.7, tau=0.05, p=0.1",contact_relaxation,contact_relaxed,conductance,3.7,0,0.05,0.1,0.904793028322441,0.05,0.100217864923747,2.01772362455794e-08,5.04795149650175e-07,0.0384005417835708,135.591196402558,0.216764975476073,0.290980692404885,0.322368818407387,0.145572408743363,0.0467332418333475,0.200598490479196,0.237858606829623,0.269291384000556,0.190767267399657,0.0554148393158118,284.888301711707,268.843217331292,909,v7.4.6,gap_tied_weak_links_phase3_seed,/Users/asewaket/Documents/LTSpice Superconducting Circuit/matlab_v7_4_6_files/outputs/v7_4_6_as006_gap_weaklink_v800_phase3_seed_909/AS006_v7_4_6_gap_weaklink_scores.csv
AS006,combined_a3_7_g0_7_p0_2,"combined weak-link classes, alpha=3.7, tau=0.7, p=0.2",combined,boundary_constriction,conductance,3.7,0,0.7,0.2,0.939999999999999,0.7,0.2,6.80143242254475e-07,4.14821819318643e-07,0.124976625632914,169.892312373228,0.216823204500682,0.295669620047706,0.317375523319835,0.149147716611004,0.046604590882237,0.228161937906094,0.320227401267757,0.341011339611195,0.13929661737595,0.049691672223185,242.318584701703,231.566525896018,909,v7.4.6,gap_tied_weak_links_phase3_seed,/Users/asewaket/Documents/LTSpice Superconducting Circuit/matlab_v7_4_6_files/outputs/v7_4_6_as006_gap_weaklink_v800_phase3_seed_909/AS006_v7_4_6_gap_weaklink_scores.csv
AS006,boundary_sns_a3_3_g0_4_p0_1,"SNS-like boundary constriction, alpha=3.3, tau=0.4, p=0.1",boundary_lane,boundary_constriction,conductance,3.3,1,0.4,0.1,0.924183006535947,0.4,0.12636165577342,4.01213805852624e-07,3.76306987995131e-07,0.124499371197381,161.713936941632,0.216927236767611,0.293937069223724,0.316518503394319,0.151645800596326,0.0472344829288651,0.247550396903155,0.356143605207617,0.376184552910375,0.137945490738184,0.0508535482922695,225.742103057427,215.893521115889,909,v7.4.6,gap_tied_weak_links_phase3_seed,/Users/asewaket/Documents/LTSpice Superconducting Circuit/matlab_v7_4_6_files/outputs/v7_4_6_as006_gap_weaklink_v800_phase3_seed_909/AS006_v7_4_6_gap_weaklink_scores.csv
AS006,contact_relaxed_a3_7_g0_2_p0_1,"contact-relaxed SNS links, alpha=3.7, tau=0.2, p=0.1",contact_relaxation,contact_relaxed,conductance,3.7,0,0.2,0.1,0.919825708061001,0.2,0.100217864923747,7.28509556538286e-08,4.55647252847744e-07,0.0384005417835708,150.216593760847,0.216989261127004,0.292864628411989,0.322397942617063,0.144904147521107,0.0467550932417893,0.21181174164237,0.277019007207607,0.307109935586818,0.154356437719347,0.0516517665781262,262.154823634052,249.244395289107,909,v7.4.6,gap_tied_weak_links_phase3_seed,/Users/asewaket/Documents/LTSpice Superconducting Circuit/matlab_v7_4_6_files/outputs/v7_4_6_as006_gap_weaklink_v800_phase3_seed_909/AS006_v7_4_6_gap_weaklink_scores.csv
AS006,crack_tunnel_a4_1_g0_7_p0_2,"tunnel/crack-like links, alpha=4.1, tau=0.7, p=0.2",tear_lane,crack_tunnel,conductance,4.1,0.999999999999997,0.7,0.2,0.93986928104575,0.7,0.200435729847495,6.05881682767098e-07,4.4728783255003e-07,0.106317474682361,169.892312373228,0.217021760074592,0.298009526616859,0.316999318785706,0.148548176806131,0.0466652448734514,0.220810473046459,0.307073411133582,0.325752879075232,0.144006195672971,0.0469036711258431,247.407403413403,240.273108073543,909,v7.4.6,gap_tied_weak_links_phase3_seed,/Users/asewaket/Documents/LTSpice Superconducting Circuit/matlab_v7_4_6_files/outputs/v7_4_6_as006_gap_weaklink_v800_phase3_seed_909/AS006_v7_4_6_gap_weaklink_scores.csv
AS006,crack_tunnel_a4_1_g0_7_p0_3,"tunnel/crack-like links, alpha=4.1, tau=0.7, p=0.3",tear_lane,crack_tunnel,conductance,4.1,0.999999999999997,0.7,0.3,0.909934640522874,0.7,0.300217864923747,5.83847868842586e-07,4.5025220337875e-07,0.0977859652320086,162.941460756022,0.217048623434163,0.298504317960544,0.317825759663324,0.147052328793756,0.0467283088072577,0.218910203102714,0.3029197299401,0.322111472010747,0.144811908499611,0.0469213239301471,249.513776962397,242.441412537326,909,v7.4.6,gap_tied_weak_links_phase3_seed,/Users/asewaket/Documents/LTSpice Superconducting Circuit/matlab_v7_4_6_files/outputs/v7_4_6_as006_gap_weaklink_v800_phase3_seed_909/AS006_v7_4_6_gap_weaklink_scores.csv
AS006,contact_relaxed_a4_1_g0_4_p0_1,"contact-relaxed SNS links, alpha=4.1, tau=0.4, p=0.1",contact_relaxation,contact_relaxed,conductance,4.1,0.999999999999997,0.4,0.1,0.939869281045751,0.4,0.100217864923747,1.49974644522431e-07,4.7113600538995e-07,0.042551951706119,161.713936941632,0.21707986680301,0.296548099172544,0.318620710634011,0.147628819843417,0.0467289664287158,0.226405735236608,0.316138365347288,0.337391565315004,0.139869821577546,0.050617794562561,244.942445898039,233.504649344152,909,v7.4.6,gap_tied_weak_links_phase3_seed,/Users/asewaket/Documents/LTSpice Superconducting Circuit/matlab_v7_4_6_files/outputs/v7_4_6_as006_gap_weaklink_v800_phase3_seed_909/AS006_v7_4_6_gap_weaklink_scores.csv
AS006,boundary_sns_a4_1_g0_4_p0_1,"SNS-like boundary constriction, alpha=4.1, tau=0.4, p=0.1",boundary_lane,boundary_constriction,conductance,4.1,0.999999999999997,0.4,0.1,0.924183006535947,0.4,0.12636165577342,4.98477758786593e-07,4.67532924478799e-07,0.1546810369422,161.713936941632,0.21708061315272,0.297161916035161,0.314441281016441,0.152917286404787,0.0468222999436845,0.248876513684608,0.362300156352588,0.376456788259494,0.13793665098236,0.0508622188883861,225.094503450606,214.56207339301,909,v7.4.6,gap_tied_weak_links_phase3_seed,/Users/asewaket/Documents/LTSpice Superconducting Circuit/matlab_v7_4_6_files/outputs/v7_4_6_as006_gap_weaklink_v800_phase3_seed_909/AS006_v7_4_6_gap_weaklink_scores.csv
AS006,combined_a3_7_g0_7_p0_3,"combined weak-link classes, alpha=3.7, tau=0.7, p=0.3",combined,boundary_constriction,conductance,3.7,0,0.7,0.3,0.909934640522874,0.7,0.300217864923747,5.95784889014244e-07,4.25352299844559e-07,0.10408449964647,162.941460756022,0.217133319786975,0.296588163180152,0.318687965704698,0.147747902431926,0.0466896177315923,0.227608803279091,0.31933966005675,0.340656026383244,0.138959759642962,0.048856610614328,242.592516926939,232.883504849734,909,v7.4.6,gap_tied_weak_links_phase3_seed,/Users/asewaket/Documents/LTSpice Superconducting Circuit/matlab_v7_4_6_files/outputs/v7_4_6_as006_gap_weaklink_v800_phase3_seed_909/AS006_v7_4_6_gap_weaklink_scores.csv
AS006,combined_a4_1_g0_7_p0_05,"combined weak-link classes, alpha=4.1, tau=0.7, p=0.05",combined,boundary_constriction,conductance,4.1,0.999999999999997,0.7,0.05,0.984967320261438,0.7,0.0501089324618736,8.36395728605051e-07,4.42145706845807e-07,0.150103811519248,179.488012797015,0.217317251468583,0.298092575259942,0.316094502886222,0.15108626337372,0.046470472814935,0.228389482974281,0.323933356619897,0.340822841255081,0.13980433134184,0.0468186718778181,240.07581304835,232.601802577318,909,v7.4.6,gap_tied_weak_links_phase3_seed,/Users/asewaket/Documents/LTSpice Superconducting Circuit/matlab_v7_4_6_files/outputs/v7_4_6_as006_gap_weaklink_v800_phase3_seed_909/AS006_v7_4_6_gap_weaklink_scores.csv
AS006,contact_relaxed_a3_3_g0_1_p0_1,"contact-relaxed SNS links, alpha=3.3, tau=0.1, p=0.1",contact_relaxation,contact_relaxed,conductance,3.3,1,0.1,0.1,0.909803921568628,0.1,0.100217864923747,3.43538285623857e-08,4.29732938127374e-07,0.0342491318610226,142.056215070537,0.21735422293939,0.290098186619937,0.326559560984324,0.142852321382797,0.0466282946259472,0.20200877618896,0.244708045211971,0.281027979699087,0.176268989741947,0.0532006340819931,279.414749782177,264.472710200971,909,v7.4.6,gap_tied_weak_links_phase3_seed,/Users/asewaket/Documents/LTSpice Superconducting Circuit/matlab_v7_4_6_files/outputs/v7_4_6_as006_gap_weaklink_v800_phase3_seed_909/AS006_v7_4_6_gap_weaklink_scores.csv
AS006,contact_relaxed_a3_3_g0_05_p0_1,"contact-relaxed SNS links, alpha=3.3, tau=0.05, p=0.1",contact_relaxation,contact_relaxed,conductance,3.3,1,0.05,0.1,0.904793028322441,0.05,0.100217864923747,1.79959134082194e-08,4.50222701039345e-07,0.0342491318610226,135.591196402558,0.217381129738797,0.289371506052804,0.326625596443433,0.143495803775286,0.0465695941460675,0.199576439631864,0.232995399598936,0.268810081932179,0.191189712148485,0.0554820149934623,287.916831935089,271.126562242728,909,v7.4.6,gap_tied_weak_links_phase3_seed,/Users/asewaket/Documents/LTSpice Superconducting Circuit/matlab_v7_4_6_files/outputs/v7_4_6_as006_gap_weaklink_v800_phase3_seed_909/AS006_v7_4_6_gap_weaklink_scores.csv
AS006,boundary_sns_a4_1_g0_05_p0_05,"SNS-like boundary constriction, alpha=4.1, tau=0.05, p=0.05",boundary_lane,boundary_constriction,conductance,4.1,0.999999999999997,0.05,0.05,0.939978213507626,0.05,0.0631808278867102,6.77446109154474e-08,4.67900727999219e-07,0.161772572261276,158.000320262202,0.217420941605283,0.297866133919971,0.314523695173481,0.153511836585237,0.0469323118213056,0.259368638234256,0.382036564113842,0.394619411887788,0.141569571360613,0.0472606920530443,216.93469867523,207.18472444589,909,v7.4.6,gap_tied_weak_links_phase3_seed,/Users/asewaket/Documents/LTSpice Superconducting Circuit/matlab_v7_4_6_files/outputs/v7_4_6_as006_gap_weaklink_v800_phase3_seed_909/AS006_v7_4_6_gap_weaklink_scores.csv
AS006,combined_a3_7_g0_7_p0_1,"combined weak-link classes, alpha=3.7, tau=0.7, p=0.1",combined,boundary_constriction,conductance,3.7,0,0.7,0.1,0.969934640522875,0.7,0.100217864923747,6.7881403949363e-07,4.054278734927e-07,0.127495815898667,175.41000750651,0.217653951332507,0.297743056106392,0.318685825345459,0.149096743691903,0.0464555765867111,0.22707855342206,0.319148464050527,0.339286912952215,0.140034662890712,0.0474488767800058,242.714163707725,233.855917932942,909,v7.4.6,gap_tied_weak_links_phase3_seed,/Users/asewaket/Documents/LTSpice Superconducting Circuit/matlab_v7_4_6_files/outputs/v7_4_6_as006_gap_weaklink_v800_phase3_seed_909/AS006_v7_4_6_gap_weaklink_scores.csv
AS006,boundary_sns_a4_1_g0_1_p0_05,"SNS-like boundary constriction, alpha=4.1, tau=0.1, p=0.05",boundary_lane,boundary_constriction,conductance,4.1,0.999999999999997,0.1,0.05,0.943137254901961,0.1,0.0631808278867102,1.3357855652286e-07,4.61302404704483e-07,0.161772572261276,160.260306733397,0.217710399704336,0.299016290461257,0.315615914320037,0.152612006637749,0.0464428497031699,0.257391227919142,0.377939540956339,0.39081726997999,0.140706513101634,0.049203234797348,219.815176617638,208.528464501657,909,v7.4.6,gap_tied_weak_links_phase3_seed,/Users/asewaket/Documents/LTSpice Superconducting Circuit/matlab_v7_4_6_files/outputs/v7_4_6_as006_gap_weaklink_v800_phase3_seed_909/AS006_v7_4_6_gap_weaklink_scores.csv
AS006,crack_tunnel_a4_1_g0_7_p0_1,"tunnel/crack-like links, alpha=4.1, tau=0.7, p=0.1",tear_lane,crack_tunnel,conductance,4.1,0.999999999999997,0.7,0.1,0.969934640522875,0.7,0.100217864923747,6.89921034704844e-07,4.46315582837372e-07,0.12877362446385,175.41000750651,0.217718623008655,0.299265015420042,0.317342935345428,0.149891043289704,0.0466141586566021,0.22722945646891,0.321633546622903,0.33880932541391,0.140076502249609,0.0465017884352949,240.715329516318,234.974053546766,909,v7.4.6,gap_tied_weak_links_phase3_seed,/Users/asewaket/Documents/LTSpice Superconducting Circuit/matlab_v7_4_6_files/outputs/v7_4_6_as006_gap_weaklink_v800_phase3_seed_909/AS006_v7_4_6_gap_weaklink_scores.csv
AS006,boundary_sns_a3_7_g0_7_p0_2,"SNS-like boundary constriction, alpha=3.7, tau=0.7, p=0.2",boundary_lane,boundary_constriction,conductance,3.7,0,0.7,0.2,0.933594771241829,0.7,0.221350762527233,6.80253286388083e-07,4.1578135427522e-07,0.12705598858938,169.892312373228,0.217725409313058,0.298242369720285,0.317804355897693,0.15017484942141,0.0465084922472821,0.241405179135788,0.347401505191451,0.364890368797031,0.136683574708519,0.0502117767070343,231.92038087424,220.814211517147,909,v7.4.6,gap_tied_weak_links_phase3_seed,/Users/asewaket/Documents/LTSpice Superconducting Circuit/matlab_v7_4_6_files/outputs/v7_4_6_as006_gap_weaklink_v800_phase3_seed_909/AS006_v7_4_6_gap_weaklink_scores.csv
AS006,boundary_sns_a3_7_g0_4_p0_1,"SNS-like boundary constriction, alpha=3.7, tau=0.4, p=0.1",boundary_lane,boundary_constriction,conductance,3.7,0,0.4,0.1,0.924183006535947,0.4,0.12636165577342,4.49845782319608e-07,4.21919956236965e-07,0.139590204069791,161.713936941632,0.217863700578352,0.297920133279222,0.31739339857726,0.151114652461035,0.0470666065260398,0.248302269915697,0.359584474717267,0.376369328921204,0.137940047320079,0.0508554900990129,226.209493884961,216.072551449301,909,v7.4.6,gap_tied_weak_links_phase3_seed,/Users/asewaket/Documents/LTSpice Superconducting Circuit/matlab_v7_4_6_files/outputs/v7_4_6_as006_gap_weaklink_v800_phase3_seed_909/AS006_v7_4_6_gap_weaklink_scores.csv
AS006,combined_a3_3_g0_7_p0_2,"combined weak-link classes, alpha=3.3, tau=0.7, p=0.2",combined,boundary_constriction,conductance,3.3,1,0.7,0.2,0.939999999999999,0.7,0.2,6.06614243091829e-07,3.69976217230141e-07,0.111465639078004,169.892312373228,0.218082436851664,0.297103327673273,0.321856618849139,0.146630060490375,0.0467721979860856,0.227359159153935,0.316626885703309,0.340765456728703,0.139322440692464,0.0496763099255548,244.310843199534,233.953188663854,909,v7.4.6,gap_tied_weak_links_phase3_seed,/Users/asewaket/Documents/LTSpice Superconducting Circuit/matlab_v7_4_6_files/outputs/v7_4_6_as006_gap_weaklink_v800_phase3_seed_909/AS006_v7_4_6_gap_weaklink_scores.csv
AS006,boundary_sns_a3_3_g0_7_p0_3,"SNS-like boundary constriction, alpha=3.3, tau=0.7, p=0.3",boundary_lane,boundary_constriction,conductance,3.3,1,0.7,0.3,0.905228758169932,0.7,0.315904139433551,5.58677940567258e-07,3.78013958848618e-07,0.0973135700147798,162.941460756022,0.218183638068298,0.298453680387603,0.321483433628767,0.146604936110119,0.046612330965895,0.240976495805969,0.343889539383142,0.365378720555911,0.136226159908308,0.0512974787884759,233.824253057899,221.991137885459,909,v7.4.6,gap_tied_weak_links_phase3_seed,/Users/asewaket/Documents/LTSpice Superconducting Circuit/matlab_v7_4_6_files/outputs/v7_4_6_as006_gap_weaklink_v800_phase3_seed_909/AS006_v7_4_6_gap_weaklink_scores.csv
AS006,contact_relaxed_a4_1_g0_7_p0_2,"contact-relaxed SNS links, alpha=4.1, tau=0.7, p=0.2",contact_relaxation,contact_relaxed,conductance,4.1,0.999999999999997,0.7,0.2,0.939999999999999,0.7,0.2,2.94117901900775e-07,4.51183610036729e-07,0.0483630048052889,169.892312373228,0.218331661530209,0.301214173703583,0.319896824917314,0.147411332169693,0.0463605251300457,0.225341054635937,0.315568543573269,0.333750344317165,0.141540586990803,0.0501478933128708,247.675209316501,235.371822155743,909,v7.4.6,gap_tied_weak_links_phase3_seed,/Users/asewaket/Documents/LTSpice Superconducting Circuit/matlab_v7_4_6_files/outputs/v7_4_6_as006_gap_weaklink_v800_phase3_seed_909/AS006_v7_4_6_gap_weaklink_scores.csv
AS006,boundary_sns_a4_1_g0_2_p0_05,"SNS-like boundary constriction, alpha=4.1, tau=0.2, p=0.05",boundary_lane,boundary_constriction,conductance,4.1,0.999999999999997,0.2,0.05,0.949455337690632,0.2,0.0631808278867102,2.6088789420938e-07,4.50477292500463e-07,0.161772572261276,164.111412729462,0.218392227238772,0.300941822428713,0.317518067569475,0.151152831749057,0.0464216558322423,0.253125204797972,0.370404103974722,0.38383131483564,0.139010828346863,0.0497535836191885,223.472676705103,212.476059734223,909,v7.4.6,gap_tied_weak_links_phase3_seed,/Users/asewaket/Documents/LTSpice Superconducting Circuit/matlab_v7_4_6_files/outputs/v7_4_6_as006_gap_weaklink_v800_phase3_seed_909/AS006_v7_4_6_gap_weaklink_scores.csv
AS006,contact_relaxed_a3_3_g0_2_p0_1,"contact-relaxed SNS links, alpha=3.3, tau=0.2, p=0.1",contact_relaxation,contact_relaxed,conductance,3.3,1,0.2,0.1,0.919825708061001,0.2,0.100217864923747,6.49751766642255e-08,4.06388090377718e-07,0.0342491318610226,150.216593760847,0.218487449634451,0.294034865497523,0.328016048267334,0.142109283163451,0.0467376942525817,0.210581062593131,0.271946971106041,0.306373278605622,0.154550778478013,0.0516166312022599,265.425017472299,252.358541872662,909,v7.4.6,gap_tied_weak_links_phase3_seed,/Users/asewaket/Documents/LTSpice Superconducting Circuit/matlab_v7_4_6_files/outputs/v7_4_6_as006_gap_weaklink_v800_phase3_seed_909/AS006_v7_4_6_gap_weaklink_scores.csv
AS006,combined_a3_3_g0_7_p0_3,"combined weak-link classes, alpha=3.3, tau=0.7, p=0.3",combined,boundary_constriction,conductance,3.3,1,0.7,0.3,0.909934640522874,0.7,0.300217864923747,5.31375711823515e-07,3.79368267428931e-07,0.0928321213063112,162.941460756022,0.21852637051774,0.298122576838707,0.323508841265896,0.14518026471582,0.0468934726399015,0.226746881475438,0.315494027542264,0.340393903196385,0.138968620568165,0.0488402735310446,244.729673021867,235.451176407868,909,v7.4.6,gap_tied_weak_links_phase3_seed,/Users/asewaket/Documents/LTSpice Superconducting Circuit/matlab_v7_4_6_files/outputs/v7_4_6_as006_gap_weaklink_v800_phase3_seed_909/AS006_v7_4_6_gap_weaklink_scores.csv
AS006,crack_tunnel_a3_7_g0_7_p0_2,"tunnel/crack-like links, alpha=3.7, tau=0.7, p=0.2",tear_lane,crack_tunnel,conductance,3.7,0,0.7,0.2,0.93986928104575,0.7,0.200435729847495,5.46771274692259e-07,4.03649995228076e-07,0.0959450381279844,169.892312373228,0.21860612410807,0.300585910908844,0.322005276028706,0.145792441032561,0.0466949252905687,0.220209512829776,0.304275770474032,0.325601881621529,0.144049663826891,0.0469064210535601,249.883799627784,242.728946728617,909,v7.4.6,gap_tied_weak_links_phase3_seed,/Users/asewaket/Documents/LTSpice Superconducting Circuit/matlab_v7_4_6_files/outputs/v7_4_6_as006_gap_weaklink_v800_phase3_seed_909/AS006_v7_4_6_gap_weaklink_scores.csv
AS006,combined_a3_3_g0_7_p0_1,"combined weak-link classes, alpha=3.3, tau=0.7, p=0.1",combined,boundary_constriction,conductance,3.3,1,0.7,0.1,0.969934640522875,0.7,0.100217864923747,6.05428737926751e-07,3.61597833115111e-07,0.113712484450162,175.41000750651,0.218754899077486,0.298722203011902,0.322856749905868,0.146797705684181,0.0465558479350329,0.226294751559594,0.315504396256994,0.339105314041664,0.140080301679511,0.0474346848686764,244.53043327824,236.103906041242,909,v7.4.6,gap_tied_weak_links_phase3_seed,/Users/asewaket/Documents/LTSpice Superconducting Circuit/matlab_v7_4_6_files/outputs/v7_4_6_as006_gap_weaklink_v800_phase3_seed_909/AS006_v7_4_6_gap_weaklink_scores.csv
AS006,crack_tunnel_a3_7_g0_7_p0_3,"tunnel/crack-like links, alpha=3.7, tau=0.7, p=0.3",tear_lane,crack_tunnel,conductance,3.7,0,0.7,0.3,0.909934640522874,0.7,0.300217864923747,5.26887101150626e-07,4.06325159146677e-07,0.0882458710630321,162.941460756022,0.218874633330091,0.301551287420173,0.323272568624052,0.144180469881676,0.0468692967860932,0.218308887498328,0.300180810914549,0.321933521263859,0.144846489329555,0.0469218527033918,252.078370584343,245.27937286226,909,v7.4.6,gap_tied_weak_links_phase3_seed,/Users/asewaket/Documents/LTSpice Superconducting Circuit/matlab_v7_4_6_files/outputs/v7_4_6_as006_gap_weaklink_v800_phase3_seed_909/AS006_v7_4_6_gap_weaklink_scores.csv
AS006,boundary_sns_a4_1_g0_7_p0_1,"SNS-like boundary constriction, alpha=4.1, tau=0.7, p=0.1",boundary_lane,boundary_constriction,conductance,4.1,0.999999999999997,0.7,0.1,0.962091503267973,0.7,0.12636165577342,8.04223792558709e-07,4.51957631590883e-07,0.1546810369422,175.41000750651,0.218894957830845,0.30249560636301,0.319476391966966,0.149075146731828,0.0465515634342399,0.239943635498338,0.34631400373322,0.361455205976036,0.136667286658288,0.0500234549775472,234.094949121194,223.188479614033,909,v7.4.6,gap_tied_weak_links_phase3_seed,/Users/asewaket/Documents/LTSpice Superconducting Circuit/matlab_v7_4_6_files/outputs/v7_4_6_as006_gap_weaklink_v800_phase3_seed_909/AS006_v7_4_6_gap_weaklink_scores.csv
AS006,contact_relaxed_a4_1_g0_7_p0_3,"contact-relaxed SNS links, alpha=4.1, tau=0.7, p=0.3",contact_relaxation,contact_relaxed,conductance,4.1,0.999999999999997,0.7,0.3,0.909934640522874,0.7,0.300217864923747,3.38473927364122e-07,4.51518923681373e-07,0.0532856264923738,162.941460756022,0.218908314816658,0.302913412785736,0.321809041539735,0.14566716869797,0.046378377730557,0.218649718884424,0.300214092604394,0.319245670689063,0.147339479435055,0.050180228818048,255.694889610017,243.03258319751,909,v7.4.6,gap_tied_weak_links_phase3_seed,/Users/asewaket/Documents/LTSpice Superconducting Circuit/matlab_v7_4_6_files/outputs/v7_4_6_as006_gap_weaklink_v800_phase3_seed_909/AS006_v7_4_6_gap_weaklink_scores.csv
AS006,boundary_sns_a3_7_g0_05_p0_05,"SNS-like boundary constriction, alpha=3.7, tau=0.05, p=0.05",boundary_lane,boundary_constriction,conductance,3.7,0,0.05,0.05,0.939978213507626,0.05,0.0631808278867102,6.1135380582233e-08,4.222518764871e-07,0.145989882284566,158.000320262202,0.218916462334532,0.300807377030399,0.319427494289177,0.150441088807912,0.0467254586263115,0.258764149040483,0.379344566396822,0.39449727924671,0.141535155801074,0.0471869953725086,218.913739074538,209.45527430212,909,v7.4.6,gap_tied_weak_links_phase3_seed,/Users/asewaket/Documents/LTSpice Superconducting Circuit/matlab_v7_4_6_files/outputs/v7_4_6_as006_gap_weaklink_v800_phase3_seed_909/AS006_v7_4_6_gap_weaklink_scores.csv
AS006,boundary_sns_a3_3_g0_05_p0_05,"SNS-like boundary constriction, alpha=3.3, tau=0.05, p=0.05",boundary_lane,boundary_constriction,conductance,3.3,1,0.05,0.05,0.939978213507626,0.05,0.0631808278867102,5.45261502490186e-08,3.76603024974981e-07,0.130207192307856,158.000320262202,0.218926224713561,0.299525161518074,0.321036664560931,0.1494555262383,0.0464723912702264,0.257982890912335,0.375925367009779,0.394292850213848,0.141498042775678,0.0471040462080675,218.558430578974,211.292192017696,909,v7.4.6,gap_tied_weak_links_phase3_seed,/Users/asewaket/Documents/LTSpice Superconducting Circuit/matlab_v7_4_6_files/outputs/v7_4_6_as006_gap_weaklink_v800_phase3_seed_909/AS006_v7_4_6_gap_weaklink_scores.csv
AS006,crack_tunnel_a4_1_g0_7_p0_05,"tunnel/crack-like links, alpha=4.1, tau=0.7, p=0.05",tear_lane,crack_tunnel,conductance,4.1,0.999999999999997,0.7,0.05,0.984836601307189,0.7,0.0505446623093682,7.6903392683125e-07,4.41689059422802e-07,0.150115433477971,179.488012797015,0.218990874894811,0.302430100350057,0.319908129024619,0.148921479720095,0.0465331986807981,0.229860605799738,0.32738520801069,0.343886101425337,0.138921685999403,0.046465035994406,239.570599731123,233.800250690157,909,v7.4.6,gap_tied_weak_links_phase3_seed,/Users/asewaket/Documents/LTSpice Superconducting Circuit/matlab_v7_4_6_files/outputs/v7_4_6_as006_gap_weaklink_v800_phase3_seed_909/AS006_v7_4_6_gap_weaklink_scores.csv
AS006,contact_relaxed_a4_1_g0_2_p0_05,"contact-relaxed SNS links, alpha=4.1, tau=0.2, p=0.05",contact_relaxation,contact_relaxed,conductance,4.1,0.999999999999997,0.2,0.05,0.959564270152505,0.2,0.0505446623093682,6.80549849283996e-08,4.75466012145354e-07,0.0397613767416615,164.111412729462,0.219136511440716,0.302152731907319,0.32339953048671,0.144723261611036,0.0466765699307223,0.228430975857298,0.321503487008533,0.34202016308434,0.137993357352789,0.0496244101893735,244.698550408298,233.912036155097,909,v7.4.6,gap_tied_weak_links_phase3_seed,/Users/asewaket/Documents/LTSpice Superconducting Circuit/matlab_v7_4_6_files/outputs/v7_4_6_as006_gap_weaklink_v800_phase3_seed_909/AS006_v7_4_6_gap_weaklink_scores.csv
AS006,crack_tunnel_a3_7_g0_7_p0_1,"tunnel/crack-like links, alpha=3.7, tau=0.7, p=0.1",tear_lane,crack_tunnel,conductance,3.7,0,0.7,0.1,0.969934640522875,0.7,0.100217864923747,6.22611665465347e-07,4.02772599145921e-07,0.116210344028352,175.41000750651,0.219195473535998,0.301726237018389,0.322078200029286,0.147231663406199,0.0465747013526,0.22665577889315,0.318900453886232,0.338690393558445,0.140124354259917,0.0465148090273445,243.134622855961,237.106208039736,909,v7.4.6,gap_tied_weak_links_phase3_seed,/Users/asewaket/Documents/LTSpice Superconducting Circuit/matlab_v7_4_6_files/outputs/v7_4_6_as006_gap_weaklink_v800_phase3_seed_909/AS006_v7_4_6_gap_weaklink_scores.csv
AS006,boundary_sns_a4_1_g0_4_p0_05,"SNS-like boundary constriction, alpha=4.1, tau=0.4, p=0.05",boundary_lane,boundary_constriction,conductance,4.1,0.999999999999997,0.4,0.05,0.962091503267973,0.4,0.0631808278867102,5.01537036642898e-07,4.52992643846458e-07,0.161772572261276,170.733875086479,0.219210889878707,0.303202189430616,0.319803657956677,0.149367866859366,0.0464860249645255,0.246682320487697,0.359015963718057,0.373232844243125,0.137204104208537,0.0497330310342894,228.982806854535,218.163384586958,909,v7.4.6,gap_tied_weak_links_phase3_seed,/Users/asewaket/Documents/LTSpice Superconducting Circuit/matlab_v7_4_6_files/outputs/v7_4_6_as006_gap_weaklink_v800_phase3_seed_909/AS006_v7_4_6_gap_weaklink_scores.csv
AS006,boundary_sns_a3_3_g0_7_p0_2,"SNS-like boundary constriction, alpha=3.3, tau=0.7, p=0.2",boundary_lane,boundary_constriction,conductance,3.3,1,0.7,0.2,0.933594771241829,0.7,0.221350762527233,6.06712390562344e-07,3.70832018677899e-07,0.113320206039177,169.892312373228,0.219220088651331,0.300340252994196,0.32277865073195,0.147382134779426,0.0466698830072628,0.240636220017848,0.343864924455321,0.364702635057278,0.136704173349896,0.0502063475963137,234.022906830116,223.295053569078,909,v7.4.6,gap_tied_weak_links_phase3_seed,/Users/asewaket/Documents/LTSpice Superconducting Circuit/matlab_v7_4_6_files/outputs/v7_4_6_as006_gap_weaklink_v800_phase3_seed_909/AS006_v7_4_6_gap_weaklink_scores.csv
AS006,boundary_sns_a3_7_g0_1_p0_05,"SNS-like boundary constriction, alpha=3.7, tau=0.1, p=0.05",boundary_lane,boundary_constriction,conductance,3.7,0,0.1,0.05,0.943137254901961,0.1,0.0631808278867102,1.20546502227947e-07,4.16297292050387e-07,0.145989882284566,160.260306733397,0.21924170852745,0.301883118638086,0.320481160160805,0.149684072848129,0.0463783026575948,0.256815246177282,0.375270386330011,0.390729271050227,0.14069202645767,0.0491645871464175,221.864687873346,210.690825245797,909,v7.4.6,gap_tied_weak_links_phase3_seed,/Users/asewaket/Documents/LTSpice Superconducting Circuit/matlab_v7_4_6_files/outputs/v7_4_6_as006_gap_weaklink_v800_phase3_seed_909/AS006_v7_4_6_gap_weaklink_scores.csv
AS006,contact_relaxed_a3_7_g0_4_p0_1,"contact-relaxed SNS links, alpha=3.7, tau=0.4, p=0.1",contact_relaxation,contact_relaxed,conductance,3.7,0,0.4,0.1,0.939869281045751,0.4,0.100217864923747,1.35342971886096e-07,4.25171517059223e-07,0.0384005417835708,161.713936941632,0.219262720346411,0.300307318258637,0.325310913315531,0.144097184563578,0.0465907044667679,0.225568031926548,0.312481118630278,0.337085154408606,0.139891959098266,0.0505950719145704,248.540862285945,236.483947004007,909,v7.4.6,gap_tied_weak_links_phase3_seed,/Users/asewaket/Documents/LTSpice Superconducting Circuit/matlab_v7_4_6_files/outputs/v7_4_6_as006_gap_weaklink_v800_phase3_seed_909/AS006_v7_4_6_gap_weaklink_scores.csv
AS006,crack_tunnel_a3_3_g0_7_p0_2,"tunnel/crack-like links, alpha=3.3, tau=0.7, p=0.2",tear_lane,crack_tunnel,conductance,3.3,1,0.7,0.2,0.93986928104575,0.7,0.200435729847495,4.8766086661742e-07,3.60012157906121e-07,0.0855726015736077,169.892312373228,0.219311522329106,0.300437613643303,0.325232095094802,0.144157246970582,0.0467672728730949,0.219387307659586,0.300548821395777,0.325343447897954,0.144117557466487,0.0468897362476247,251.462490171308,244.499698888588,909,v7.4.6,gap_tied_weak_links_phase3_seed,/Users/asewaket/Documents/LTSpice Superconducting Circuit/matlab_v7_4_6_files/outputs/v7_4_6_as006_gap_weaklink_v800_phase3_seed_909/AS006_v7_4_6_gap_weaklink_scores.csv
AS006,boundary_sns_a3_3_g0_1_p0_05,"SNS-like boundary constriction, alpha=3.3, tau=0.1, p=0.05",boundary_lane,boundary_constriction,conductance,3.3,1,0.1,0.05,0.943137254901961,0.1,0.0631808278867102,1.07514447933033e-07,3.71292179396291e-07,0.130207192307856,160.260306733397,0.219336467830149,0.300530454638476,0.322049696647635,0.148805688783786,0.046557804399175,0.256068724552282,0.371889196137767,0.390563146554481,0.140674153916438,0.0491262277577556,221.758689423449,212.21300840349,909,v7.4.6,gap_tied_weak_links_phase3_seed,/Users/asewaket/Documents/LTSpice Superconducting Circuit/matlab_v7_4_6_files/outputs/v7_4_6_as006_gap_weaklink_v800_phase3_seed_909/AS006_v7_4_6_gap_weaklink_scores.csv
AS006,combined_a3_7_g0_7_p0_05,"combined weak-link classes, alpha=3.7, tau=0.7, p=0.05",combined,boundary_constriction,conductance,3.7,0,0.7,0.05,0.984967320261438,0.7,0.0501089324618736,7.5479614532651e-07,3.99009540324265e-07,0.135459537224687,179.488012797015,0.219346882337486,0.301984723049366,0.322168295159902,0.147575349636445,0.0464859850626807,0.227817489410518,0.321207235631509,0.340721877581133,0.139834953235803,0.0468232341093477,243.013867635883,235.439496396689,909,v7.4.6,gap_tied_weak_links_phase3_seed,/Users/asewaket/Documents/LTSpice Superconducting Circuit/matlab_v7_4_6_files/outputs/v7_4_6_as006_gap_weaklink_v800_phase3_seed_909/AS006_v7_4_6_gap_weaklink_scores.csv
AS006,contact_relaxed_a4_1_g0_4_p0_05,"contact-relaxed SNS links, alpha=4.1, tau=0.4, p=0.05",contact_relaxation,contact_relaxed,conductance,4.1,0.999999999999997,0.4,0.05,0.969673202614379,0.4,0.0505446623093682,1.30830507000732e-07,4.57023533955955e-07,0.0397613767416615,170.733875086479,0.21946861342669,0.303433425029366,0.323160274057182,0.145393416201217,0.0466373922524927,0.235254751790285,0.336081766001392,0.354519595281693,0.136105042529164,0.0496513980456144,238.81950621583,228.135806467309,909,v7.4.6,gap_tied_weak_links_phase3_seed,/Users/asewaket/Documents/LTSpice Superconducting Circuit/matlab_v7_4_6_files/outputs/v7_4_6_as006_gap_weaklink_v800_phase3_seed_909/AS006_v7_4_6_gap_weaklink_scores.csv
AS006,contact_relaxed_a4_1_g0_7_p0_1,"contact-relaxed SNS links, alpha=4.1, tau=0.7, p=0.1",contact_relaxation,contact_relaxed,conductance,4.1,0.999999999999997,0.7,0.1,0.969934640522875,0.7,0.100217864923747,2.41963006933495e-07,4.45940384518166e-07,0.042551951706119,175.41000750651,0.219534783710162,0.304261476435859,0.322294147432011,0.146320803031099,0.0464966803200552,0.234847428439478,0.335917728322148,0.352771753145266,0.136862297804208,0.0498909736157678,239.547462413389,228.209754425293,909,v7.4.6,gap_tied_weak_links_phase3_seed,/Users/asewaket/Documents/LTSpice Superconducting Circuit/matlab_v7_4_6_files/outputs/v7_4_6_as006_gap_weaklink_v800_phase3_seed_909/AS006_v7_4_6_gap_weaklink_scores.csv
AS006,contact_relaxed_a4_1_g0_1_p0_05,"contact-relaxed SNS links, alpha=4.1, tau=0.1, p=0.05",contact_relaxation,contact_relaxed,conductance,4.1,0.999999999999997,0.1,0.05,0.954509803921569,0.1,0.0505446623093682,3.48451838996588e-08,4.86891611207411e-07,0.0397613767416615,160.260306733397,0.219700834558741,0.30358599056622,0.324687864225922,0.143977846968688,0.0467421111212618,0.222341951050516,0.308267640852632,0.329246771751543,0.142207950063858,0.0495003262549267,251.255604621063,240.550479292793,909,v7.4.6,gap_tied_weak_links_phase3_seed,/Users/asewaket/Documents/LTSpice Superconducting Circuit/matlab_v7_4_6_files/outputs/v7_4_6_as006_gap_weaklink_v800_phase3_seed_909/AS006_v7_4_6_gap_weaklink_scores.csv
AS006,crack_tunnel_a3_3_g0_7_p0_3,"tunnel/crack-like links, alpha=3.3, tau=0.7, p=0.3",tear_lane,crack_tunnel,conductance,3.3,1,0.7,0.3,0.909934640522874,0.7,0.300217864923747,4.69926333458667e-07,3.62398114914603e-07,0.0787057768940557,162.941460756022,0.219736392194188,0.301690918977417,0.326737895850408,0.142509492771778,0.0470628582905877,0.217481180472224,0.296513295827149,0.321638098807374,0.144902302431135,0.0468980555821495,253.679465994979,247.315023624725,909,v7.4.6,gap_tied_weak_links_phase3_seed,/Users/asewaket/Documents/LTSpice Superconducting Circuit/matlab_v7_4_6_files/outputs/v7_4_6_as006_gap_weaklink_v800_phase3_seed_909/AS006_v7_4_6_gap_weaklink_scores.csv
AS006,bulk_AB_reference,"bulk AB reference: no weak-link mask",none,bulk_sns,conductance,3.7,0,NaN,0,1,NaN,0,NaN,4.54768351680596e-07,NaN,158.000320262202,0.219853419663553,0.305712624129304,0.321826844890717,0.147147735830511,0.0464228258415652,0.289721306069884,0.427653917386678,0.439021140015819,0.162737772820275,0.0492434019097179,201.690755580809,192.144169126938,909,v7.4.6,gap_tied_weak_links_phase3_seed,/Users/asewaket/Documents/LTSpice Superconducting Circuit/matlab_v7_4_6_files/outputs/v7_4_6_as006_gap_weaklink_v800_phase3_seed_909/AS006_v7_4_6_gap_weaklink_scores.csv
AS006,crack_tunnel_a3_3_g0_7_p0_1,"tunnel/crack-like links, alpha=3.3, tau=0.7, p=0.1",tear_lane,crack_tunnel,conductance,3.3,1,0.7,0.1,0.969934640522875,0.7,0.100217864923747,5.5530229622585e-07,3.5922961545447e-07,0.103647063592855,175.41000750651,0.219912957165185,0.301788690417965,0.325298232250507,0.145572374900482,0.0465387203439687,0.225875622445144,0.315309671152325,0.338460490409284,0.140198164300917,0.0465148774810008,244.873047714379,238.611498618765,909,v7.4.6,gap_tied_weak_links_phase3_seed,/Users/asewaket/Documents/LTSpice Superconducting Circuit/matlab_v7_4_6_files/outputs/v7_4_6_as006_gap_weaklink_v800_phase3_seed_909/AS006_v7_4_6_gap_weaklink_scores.csv
AS006,boundary_sns_a4_1_g0_7_p0_05,"SNS-like boundary constriction, alpha=4.1, tau=0.7, p=0.05",boundary_lane,boundary_constriction,conductance,4.1,0.999999999999997,0.7,0.05,0.981045751633987,0.7,0.0631808278867102,8.34882401082537e-07,4.43291811234375e-07,0.161772572261276,179.488012797015,0.219921287718659,0.305291016908306,0.321913192613229,0.147621772959518,0.0464401184124391,0.239893784419729,0.346542017638911,0.361538874100729,0.136507532627745,0.0495994589987794,235.294366371352,224.104782494008,909,v7.4.6,gap_tied_weak_links_phase3_seed,/Users/asewaket/Documents/LTSpice Superconducting Circuit/matlab_v7_4_6_files/outputs/v7_4_6_as006_gap_weaklink_v800_phase3_seed_909/AS006_v7_4_6_gap_weaklink_scores.csv
AS006,boundary_sns_a3_7_g0_2_p0_05,"SNS-like boundary constriction, alpha=3.7, tau=0.2, p=0.05",boundary_lane,boundary_constriction,conductance,3.7,0,0.2,0.05,0.949455337690632,0.2,0.0631808278867102,2.35435416725538e-07,4.06528288354076e-07,0.145989882284566,164.111412729462,0.220086613553382,0.304057078204182,0.322656438791501,0.148224926792092,0.0464460631874862,0.252554593509299,0.367728299148405,0.383746313702528,0.13900883430549,0.0497275765368053,225.620099710156,214.828603480482,909,v7.4.6,gap_tied_weak_links_phase3_seed,/Users/asewaket/Documents/LTSpice Superconducting Circuit/matlab_v7_4_6_files/outputs/v7_4_6_as006_gap_weaklink_v800_phase3_seed_909/AS006_v7_4_6_gap_weaklink_scores.csv
AS006,boundary_sns_a3_3_g0_2_p0_05,"SNS-like boundary constriction, alpha=3.3, tau=0.2, p=0.05",boundary_lane,boundary_constriction,conductance,3.3,1,0.2,0.05,0.949455337690632,0.2,0.0631808278867102,2.09982939241696e-07,3.6257928420769e-07,0.130207192307856,164.111412729462,0.220223368020055,0.302623092330715,0.324161829122277,0.147463508129813,0.0468811616433105,0.251815210814433,0.364347953618931,0.383579886300469,0.139006823083747,0.0497047705727279,225.666230137571,216.170650217234,909,v7.4.6,gap_tied_weak_links_phase3_seed,/Users/asewaket/Documents/LTSpice Superconducting Circuit/matlab_v7_4_6_files/outputs/v7_4_6_as006_gap_weaklink_v800_phase3_seed_909/AS006_v7_4_6_gap_weaklink_scores.csv
AS006,contact_relaxed_a3_7_g0_7_p0_2,"contact-relaxed SNS links, alpha=3.7, tau=0.7, p=0.2",contact_relaxation,contact_relaxed,conductance,3.7,0,0.7,0.2,0.939999999999999,0.7,0.2,2.65423472447041e-07,4.07165696862414e-07,0.0436446628730656,169.892312373228,0.220316262976453,0.304439086245933,0.32592636516698,0.144324740421426,0.0463651640673339,0.224634402937197,0.312302325863988,0.333598669085282,0.141534859155212,0.0501534439787375,250.707504090352,238.194034018578,909,v7.4.6,gap_tied_weak_links_phase3_seed,/Users/asewaket/Documents/LTSpice Superconducting Circuit/matlab_v7_4_6_files/outputs/v7_4_6_as006_gap_weaklink_v800_phase3_seed_909/AS006_v7_4_6_gap_weaklink_scores.csv
AS006,contact_relaxed_a4_1_g0_7_p0_05,"contact-relaxed SNS links, alpha=4.1, tau=0.7, p=0.05",contact_relaxation,contact_relaxed,conductance,4.1,0.999999999999997,0.7,0.05,0.984836601307189,0.7,0.0505446623093682,2.1778668341375e-07,4.39020149999385e-07,0.0397613767416615,179.488012797015,0.220364508773515,0.306481619322825,0.323972700872216,0.145530325841869,0.0464757907160366,0.237379597838189,0.34134971371509,0.357561072673325,0.136200606846193,0.0495656397397949,238.064884078565,226.864036681657,909,v7.4.6,gap_tied_weak_links_phase3_seed,/Users/asewaket/Documents/LTSpice Superconducting Circuit/matlab_v7_4_6_files/outputs/v7_4_6_as006_gap_weaklink_v800_phase3_seed_909/AS006_v7_4_6_gap_weaklink_scores.csv
AS006,uniform_tau_control,"same mean weak transparency, spatially uniform",uniform,boundary_constriction,conductance,3.7,0,0.01,0.08,0.920627450980405,0.920627450980392,1,4.18672228394262e-07,4.18672228394262e-07,0.0484173265543418,158.000320262202,0.220532393242973,0.307940292609544,0.325003475797535,0.143670303129424,0.0463777120478517,0.261943634579753,0.383775161230593,0.398518092732114,0.14337074307703,0.0493229205406847,220.463344784392,209.942245845812,909,v7.4.6,gap_tied_weak_links_phase3_seed,/Users/asewaket/Documents/LTSpice Superconducting Circuit/matlab_v7_4_6_files/outputs/v7_4_6_as006_gap_weaklink_v800_phase3_seed_909/AS006_v7_4_6_gap_weaklink_scores.csv
AS006,contact_relaxed_a4_1_g0_05_p0_05,"contact-relaxed SNS links, alpha=4.1, tau=0.05, p=0.05",contact_relaxation,contact_relaxed,conductance,4.1,0.999999999999997,0.05,0.05,0.9519825708061,0.05,0.0505446623093682,1.7671799179501e-08,4.93855954396343e-07,0.0397613767416615,158.000320262202,0.220558306363516,0.305656435218327,0.326316757898786,0.143394061260695,0.0468381937005076,0.218715914900497,0.299884307608945,0.320762726463516,0.146374720131203,0.0493920954183842,256.031000826282,245.529321702557,909,v7.4.6,gap_tied_weak_links_phase3_seed,/Users/asewaket/Documents/LTSpice Superconducting Circuit/matlab_v7_4_6_files/outputs/v7_4_6_as006_gap_weaklink_v800_phase3_seed_909/AS006_v7_4_6_gap_weaklink_scores.csv
AS006,crack_tunnel_a3_7_g0_7_p0_05,"tunnel/crack-like links, alpha=3.7, tau=0.7, p=0.05",tear_lane,crack_tunnel,conductance,3.7,0,0.7,0.05,0.984836601307189,0.7,0.0505446623093682,6.94006226652592e-07,3.98597443869358e-07,0.135470025333779,179.488012797015,0.220856790186784,0.305799317297918,0.325474920404655,0.145945621243453,0.0464714963735371,0.229304167630367,0.324707670668953,0.34379590613502,0.138954140895208,0.0464776556275861,242.519434229368,236.142631177211,909,v7.4.6,gap_tied_weak_links_phase3_seed,/Users/asewaket/Documents/LTSpice Superconducting Circuit/matlab_v7_4_6_files/outputs/v7_4_6_as006_gap_weaklink_v800_phase3_seed_909/AS006_v7_4_6_gap_weaklink_scores.csv
AS006,contact_relaxed_a3_7_g0_7_p0_3,"contact-relaxed SNS links, alpha=3.7, tau=0.7, p=0.3",contact_relaxation,contact_relaxed,conductance,3.7,0,0.7,0.3,0.909934640522874,0.7,0.300217864923747,3.05452080792013e-07,4.07468296980751e-07,0.0480870287858008,162.941460756022,0.220868051562806,0.30587247245312,0.327701373891177,0.142825911345261,0.0464579918697725,0.21793418790971,0.296972622540595,0.319050804315505,0.147342804760197,0.0501809035055736,258.532303498608,246.122099384822,909,v7.4.6,gap_tied_weak_links_phase3_seed,/Users/asewaket/Documents/LTSpice Superconducting Circuit/matlab_v7_4_6_files/outputs/v7_4_6_as006_gap_weaklink_v800_phase3_seed_909/AS006_v7_4_6_gap_weaklink_scores.csv
AS006,combined_a3_3_g0_7_p0_05,"combined weak-link classes, alpha=3.3, tau=0.7, p=0.05",combined,boundary_constriction,conductance,3.3,1,0.7,0.05,0.984967320261438,0.7,0.0501089324618736,6.73196562047968e-07,3.55873373802723e-07,0.120815262930126,179.488012797015,0.220894722037115,0.304002019967108,0.327276893002036,0.144970551051763,0.0465238386502001,0.227045114946819,0.317634417631604,0.340528509458414,0.139878682494369,0.0468179124323064,245.45092088904,237.984077478297,909,v7.4.6,gap_tied_weak_links_phase3_seed,/Users/asewaket/Documents/LTSpice Superconducting Circuit/matlab_v7_4_6_files/outputs/v7_4_6_as006_gap_weaklink_v800_phase3_seed_909/AS006_v7_4_6_gap_weaklink_scores.csv
AS006,shuffled_tau_control,"same weak-link histogram, shuffled positions",shuffled,boundary_constriction,conductance,3.7,0,0.01,0.08,0.920627450980392,0.01,0.0801742919389978,4.84719349330537e-09,4.29298296576748e-07,0.0513083836854946,158.000320262202,0.220925380727246,0.306246046041946,0.325513035905117,0.145775343923326,0.0465138648561704,0.231085180335307,0.313760225867618,0.332603281111333,0.145596513102368,0.0776142924861259,236.717244185976,252.712089311601,909,v7.4.6,gap_tied_weak_links_phase3_seed,/Users/asewaket/Documents/LTSpice Superconducting Circuit/matlab_v7_4_6_files/outputs/v7_4_6_as006_gap_weaklink_v800_phase3_seed_909/AS006_v7_4_6_gap_weaklink_scores.csv
AS006,contact_relaxed_a3_7_g0_2_p0_05,"contact-relaxed SNS links, alpha=3.7, tau=0.2, p=0.05",contact_relaxation,contact_relaxed,conductance,3.7,0,0.2,0.05,0.959564270152505,0.2,0.0505446623093682,6.14154742036777e-08,4.29079084131173e-07,0.0358822180351579,164.111412729462,0.220985397527794,0.305155947133129,0.328963148087712,0.142054914583837,0.0465168881225516,0.227666242780213,0.318257212724594,0.341685067375009,0.138029108160322,0.0495887480698032,247.797193076054,236.344939826828,909,v7.4.6,gap_tied_weak_links_phase3_seed,/Users/asewaket/Documents/LTSpice Superconducting Circuit/matlab_v7_4_6_files/outputs/v7_4_6_as006_gap_weaklink_v800_phase3_seed_909/AS006_v7_4_6_gap_weaklink_scores.csv
AS006,boundary_sns_a3_7_g0_7_p0_1,"SNS-like boundary constriction, alpha=3.7, tau=0.7, p=0.1",boundary_lane,boundary_constriction,conductance,3.7,0,0.7,0.1,0.962091503267973,0.7,0.12636165577342,7.25762934748103e-07,4.07864204118602e-07,0.139590204069791,175.41000750651,0.221033882467203,0.306432778728448,0.325506817599657,0.145873781446342,0.0467574760002414,0.239376306878432,0.343606783246542,0.361376837358711,0.136678113199667,0.0500176442682919,236.633205401765,226.141799404189,909,v7.4.6,gap_tied_weak_links_phase3_seed,/Users/asewaket/Documents/LTSpice Superconducting Circuit/matlab_v7_4_6_files/outputs/v7_4_6_as006_gap_weaklink_v800_phase3_seed_909/AS006_v7_4_6_gap_weaklink_scores.csv
AS006,contact_relaxed_a3_7_g0_1_p0_05,"contact-relaxed SNS links, alpha=3.7, tau=0.1, p=0.05",contact_relaxation,contact_relaxed,conductance,3.7,0,0.1,0.05,0.954509803921569,0.1,0.0505446623093682,3.14456537631067e-08,4.3938999060181e-07,0.0358822180351579,160.260306733397,0.221242987236959,0.305752673387629,0.329543889686369,0.141761942808443,0.0465580273354674,0.22160562888536,0.305057727997298,0.328910928580401,0.142324751163916,0.0494703524589062,254.111865013085,242.691397045829,909,v7.4.6,gap_tied_weak_links_phase3_seed,/Users/asewaket/Documents/LTSpice Superconducting Circuit/matlab_v7_4_6_files/outputs/v7_4_6_as006_gap_weaklink_v800_phase3_seed_909/AS006_v7_4_6_gap_weaklink_scores.csv
AS006,boundary_sns_a3_7_g0_4_p0_05,"SNS-like boundary constriction, alpha=3.7, tau=0.4, p=0.05",boundary_lane,boundary_constriction,conductance,3.7,0,0.4,0.05,0.962091503267973,0.4,0.0631808278867102,4.52606594043591e-07,4.08798239568755e-07,0.145989882284566,170.733875086479,0.221400689003029,0.307333577025613,0.325967335237585,0.146090723546249,0.0466136268909468,0.24611348039266,0.356324188311853,0.373155224609613,0.137208661119629,0.0497107441850882,231.533270052067,221.111262814086,909,v7.4.6,gap_tied_weak_links_phase3_seed,/Users/asewaket/Documents/LTSpice Superconducting Circuit/matlab_v7_4_6_files/outputs/v7_4_6_as006_gap_weaklink_v800_phase3_seed_909/AS006_v7_4_6_gap_weaklink_scores.csv
AS006,contact_relaxed_a3_3_g0_4_p0_1,"contact-relaxed SNS links, alpha=3.3, tau=0.4, p=0.1",contact_relaxation,contact_relaxed,conductance,3.3,1,0.4,0.1,0.939869281045751,0.4,0.100217864923747,1.20711299249761e-07,3.79207028728496e-07,0.0342491318610226,161.713936941632,0.221546895503972,0.30339894279869,0.332208661159322,0.141046509569646,0.0466622407302995,0.224498155370961,0.307920899977297,0.336631973927401,0.139916016153565,0.0505689023126009,251.976488762697,240.005621004614,909,v7.4.6,gap_tied_weak_links_phase3_seed,/Users/asewaket/Documents/LTSpice Superconducting Circuit/matlab_v7_4_6_files/outputs/v7_4_6_as006_gap_weaklink_v800_phase3_seed_909/AS006_v7_4_6_gap_weaklink_scores.csv
AS006,boundary_sns_a3_3_g0_7_p0_1,"SNS-like boundary constriction, alpha=3.3, tau=0.7, p=0.1",boundary_lane,boundary_constriction,conductance,3.3,1,0.7,0.1,0.962091503267973,0.7,0.12636165577342,6.47302076937498e-07,3.63770776646321e-07,0.124499371197381,175.41000750651,0.221870377341112,0.306635370047354,0.328689867153061,0.144366460015925,0.0470511741204424,0.238628543867399,0.340156762659678,0.361204187175636,0.136693839132284,0.0500113302045993,237.862251777171,227.925185202855,909,v7.4.6,gap_tied_weak_links_phase3_seed,/Users/asewaket/Documents/LTSpice Superconducting Circuit/matlab_v7_4_6_files/outputs/v7_4_6_as006_gap_weaklink_v800_phase3_seed_909/AS006_v7_4_6_gap_weaklink_scores.csv
AS006,contact_relaxed_a3_7_g0_4_p0_05,"contact-relaxed SNS links, alpha=3.7, tau=0.4, p=0.05",contact_relaxation,contact_relaxed,conductance,3.7,0,0.4,0.05,0.969673202614379,0.4,0.0505446623093682,1.18066555098222e-07,4.12435872106594e-07,0.0358822180351579,170.733875086479,0.221924705170845,0.307896571520288,0.330045548628789,0.1421131514877,0.0465058048739328,0.234546255038752,0.332955548673618,0.354314838895874,0.136085268533312,0.0496181727857223,242.368026731733,231.085429287985,909,v7.4.6,gap_tied_weak_links_phase3_seed,/Users/asewaket/Documents/LTSpice Superconducting Circuit/matlab_v7_4_6_files/outputs/v7_4_6_as006_gap_weaklink_v800_phase3_seed_909/AS006_v7_4_6_gap_weaklink_scores.csv
AS006,contact_relaxed_a3_7_g0_05_p0_05,"contact-relaxed SNS links, alpha=3.7, tau=0.05, p=0.05",contact_relaxation,contact_relaxed,conductance,3.7,0,0.05,0.05,0.9519825708061,0.05,0.0505446623093682,1.59477212107692e-08,4.45674885674748e-07,0.0358822180351579,158.000320262202,0.221971826174643,0.307334915061653,0.330902513968016,0.141412373343502,0.0466793496881567,0.218020830533299,0.296690577962835,0.32052389212314,0.14650056699573,0.0493710547434999,258.678970527387,247.617483958563,909,v7.4.6,gap_tied_weak_links_phase3_seed,/Users/asewaket/Documents/LTSpice Superconducting Circuit/matlab_v7_4_6_files/outputs/v7_4_6_as006_gap_weaklink_v800_phase3_seed_909/AS006_v7_4_6_gap_weaklink_scores.csv
AS006,crack_tunnel_a3_3_g0_7_p0_05,"tunnel/crack-like links, alpha=3.3, tau=0.7, p=0.05",tear_lane,crack_tunnel,conductance,3.3,1,0.7,0.05,0.984836601307189,0.7,0.0505446623093682,6.18978526473933e-07,3.55505828315913e-07,0.120824617189587,179.488012797015,0.222022531031763,0.306866157916967,0.329596757583997,0.143983623868461,0.0464726416342764,0.228555056800186,0.32122717199099,0.343605824345367,0.139001723188027,0.0464857654205156,244.631796860211,238.07655257918,909,v7.4.6,gap_tied_weak_links_phase3_seed,/Users/asewaket/Documents/LTSpice Superconducting Circuit/matlab_v7_4_6_files/outputs/v7_4_6_as006_gap_weaklink_v800_phase3_seed_909/AS006_v7_4_6_gap_weaklink_scores.csv
AS006,boundary_sns_a3_3_g0_4_p0_05,"SNS-like boundary constriction, alpha=3.3, tau=0.4, p=0.05",boundary_lane,boundary_constriction,conductance,3.3,1,0.4,0.05,0.962091503267973,0.4,0.0631808278867102,4.03676151444284e-07,3.64603835291052e-07,0.130207192307856,170.733875086479,0.222121691678921,0.307133938344203,0.328703642032899,0.144827427784249,0.0472088617625172,0.245372830338813,0.352917586452267,0.372992023747955,0.137215560122295,0.0496910735300092,232.155059513833,223.011877518534,909,v7.4.6,gap_tied_weak_links_phase3_seed,/Users/asewaket/Documents/LTSpice Superconducting Circuit/matlab_v7_4_6_files/outputs/v7_4_6_as006_gap_weaklink_v800_phase3_seed_909/AS006_v7_4_6_gap_weaklink_scores.csv
AS006,contact_relaxed_a3_3_g0_7_p0_3,"contact-relaxed SNS links, alpha=3.3, tau=0.7, p=0.3",contact_relaxation,contact_relaxed,conductance,3.3,1,0.7,0.3,0.909934640522874,0.7,0.300217864923747,2.72430234219903e-07,3.63417670280129e-07,0.0428884310792277,162.941460756022,0.222526230561476,0.307215673239607,0.33313294817524,0.140569169417018,0.0467213584898316,0.216959794340802,0.292600610621848,0.318761467107834,0.147346457024121,0.0501827223633005,260.958341446725,249.304914311715,909,v7.4.6,gap_tied_weak_links_phase3_seed,/Users/asewaket/Documents/LTSpice Superconducting Circuit/matlab_v7_4_6_files/outputs/v7_4_6_as006_gap_weaklink_v800_phase3_seed_909/AS006_v7_4_6_gap_weaklink_scores.csv
AS006,contact_relaxed_a3_7_g0_7_p0_1,"contact-relaxed SNS links, alpha=3.7, tau=0.7, p=0.1",contact_relaxation,contact_relaxed,conductance,3.7,0,0.7,0.1,0.969934640522875,0.7,0.100217864923747,2.18356859915593e-07,4.02434005540784e-07,0.0384005417835708,175.41000750651,0.222591827499133,0.310032568782646,0.330470695340304,0.142479564952452,0.0465033956769198,0.234183874795085,0.332853457844648,0.352639913328331,0.136855822291747,0.0498762899415125,243.449674380981,231.929188124289,909,v7.4.6,gap_tied_weak_links_phase3_seed,/Users/asewaket/Documents/LTSpice Superconducting Circuit/matlab_v7_4_6_files/outputs/v7_4_6_as006_gap_weaklink_v800_phase3_seed_909/AS006_v7_4_6_gap_weaklink_scores.csv
AS006,contact_relaxed_a3_3_g0_7_p0_2,"contact-relaxed SNS links, alpha=3.3, tau=0.7, p=0.2",contact_relaxation,contact_relaxed,conductance,3.3,1,0.7,0.2,0.939999999999999,0.7,0.2,2.36729042993307e-07,3.63147783688099e-07,0.0389263209408423,169.892312373228,0.22270223124156,0.307660340686609,0.332946426051453,0.141317309303912,0.0465479333012587,0.223705436590663,0.308065252504249,0.333366191300437,0.141528476497793,0.0501605000510629,253.850878984609,241.955697628482,909,v7.4.6,gap_tied_weak_links_phase3_seed,/Users/asewaket/Documents/LTSpice Superconducting Circuit/matlab_v7_4_6_files/outputs/v7_4_6_as006_gap_weaklink_v800_phase3_seed_909/AS006_v7_4_6_gap_weaklink_scores.csv
AS006,boundary_sns_a3_7_g0_7_p0_05,"SNS-like boundary constriction, alpha=3.7, tau=0.7, p=0.05",boundary_lane,boundary_constriction,conductance,3.7,0,0.7,0.05,0.981045751633987,0.7,0.0631808278867102,7.53430459513509e-07,4.00043829650533e-07,0.145989882284566,179.488012797015,0.222904364731632,0.311144557073607,0.329776703883399,0.143759815798536,0.0465682650404369,0.239332164436329,0.343869499309038,0.361467007404661,0.136515317799527,0.049579912665041,238.66343005092,227.906743235378,909,v7.4.6,gap_tied_weak_links_phase3_seed,/Users/asewaket/Documents/LTSpice Superconducting Circuit/matlab_v7_4_6_files/outputs/v7_4_6_as006_gap_weaklink_v800_phase3_seed_909/AS006_v7_4_6_gap_weaklink_scores.csv
AS006,contact_relaxed_a3_3_g0_2_p0_05,"contact-relaxed SNS links, alpha=3.3, tau=0.2, p=0.05",contact_relaxation,contact_relaxed,conductance,3.3,1,0.2,0.05,0.959564270152505,0.2,0.0505446623093682,5.47759634789558e-08,3.82692156116992e-07,0.0320030593286544,164.111412729462,0.223270830519178,0.30841863287907,0.335407964479797,0.139520395546991,0.0465710874434348,0.226737307374454,0.314358752565433,0.341233230913952,0.138092713496618,0.049553738336651,250.961818762426,239.676005532057,909,v7.4.6,gap_tied_weak_links_phase3_seed,/Users/asewaket/Documents/LTSpice Superconducting Circuit/matlab_v7_4_6_files/outputs/v7_4_6_as006_gap_weaklink_v800_phase3_seed_909/AS006_v7_4_6_gap_weaklink_scores.csv
AS006,contact_relaxed_a3_3_g0_1_p0_05,"contact-relaxed SNS links, alpha=3.3, tau=0.1, p=0.05",contact_relaxation,contact_relaxed,conductance,3.3,1,0.1,0.05,0.954509803921569,0.1,0.0505446623093682,2.80461236265547e-08,3.91888369996209e-07,0.0320030593286544,160.260306733397,0.223343013159973,0.308330261655507,0.335612260253637,0.139477774747364,0.0467161302662892,0.220680728932308,0.301040602656123,0.328483611482353,0.142465149174142,0.049435285443622,256.991464598377,246.077315340401,909,v7.4.6,gap_tied_weak_links_phase3_seed,/Users/asewaket/Documents/LTSpice Superconducting Circuit/matlab_v7_4_6_files/outputs/v7_4_6_as006_gap_weaklink_v800_phase3_seed_909/AS006_v7_4_6_gap_weaklink_scores.csv
AS006,contact_relaxed_a3_7_g0_7_p0_05,"contact-relaxed SNS links, alpha=3.7, tau=0.7, p=0.05",contact_relaxation,contact_relaxed,conductance,3.7,0,0.7,0.05,0.984836601307189,0.7,0.0505446623093682,1.96539202105091e-07,3.96188915853104e-07,0.0358822180351579,179.488012797015,0.223625252977989,0.312792486909196,0.332396431145639,0.141717898372687,0.0464926505100225,0.23677810153763,0.338572651610446,0.357452809778446,0.136189390918799,0.0495387003169259,241.977652745078,230.732665697899,909,v7.4.6,gap_tied_weak_links_phase3_seed,/Users/asewaket/Documents/LTSpice Superconducting Circuit/matlab_v7_4_6_files/outputs/v7_4_6_as006_gap_weaklink_v800_phase3_seed_909/AS006_v7_4_6_gap_weaklink_scores.csv
AS006,contact_relaxed_a3_3_g0_05_p0_05,"contact-relaxed SNS links, alpha=3.3, tau=0.05, p=0.05",contact_relaxation,contact_relaxed,conductance,3.3,1,0.05,0.05,0.9519825708061,0.05,0.0505446623093682,1.42236432420374e-08,3.97493816953154e-07,0.0320030593286544,158.000320262202,0.22379321759384,0.309082586890095,0.33646264536831,0.139391196850707,0.046834875621178,0.217124922207313,0.292626118029097,0.32021469030063,0.146626429460853,0.0493397481552988,261.368997366982,250.710623853895,909,v7.4.6,gap_tied_weak_links_phase3_seed,/Users/asewaket/Documents/LTSpice Superconducting Circuit/matlab_v7_4_6_files/outputs/v7_4_6_as006_gap_weaklink_v800_phase3_seed_909/AS006_v7_4_6_gap_weaklink_scores.csv
AS006,contact_relaxed_a3_3_g0_4_p0_05,"contact-relaxed SNS links, alpha=3.3, tau=0.4, p=0.05",contact_relaxation,contact_relaxed,conductance,3.3,1,0.4,0.05,0.969673202614379,0.4,0.0505446623093682,1.05302603195711e-07,3.67848210257232e-07,0.0320030593286544,170.733875086479,0.224653126409066,0.31215774616578,0.337288781378647,0.139357493472544,0.0466556516262407,0.233694939920712,0.329296650678448,0.35399885210643,0.13606987890486,0.0495927091077865,245.63637958578,234.781298413951,909,v7.4.6,gap_tied_weak_links_phase3_seed,/Users/asewaket/Documents/LTSpice Superconducting Circuit/matlab_v7_4_6_files/outputs/v7_4_6_as006_gap_weaklink_v800_phase3_seed_909/AS006_v7_4_6_gap_weaklink_scores.csv
AS006,boundary_sns_a3_3_g0_7_p0_05,"SNS-like boundary constriction, alpha=3.3, tau=0.7, p=0.05",boundary_lane,boundary_constriction,conductance,3.3,1,0.7,0.05,0.981045751633987,0.7,0.0631808278867102,6.71978517944481e-07,3.56795848066692e-07,0.130207192307856,179.488012797015,0.224841150784306,0.313686588177902,0.335221558922632,0.141564295580981,0.0469260681527974,0.238595754222779,0.340464857339749,0.361310947354462,0.136527092342393,0.0495608904758456,240.770302143341,230.884005942425,909,v7.4.6,gap_tied_weak_links_phase3_seed,/Users/asewaket/Documents/LTSpice Superconducting Circuit/matlab_v7_4_6_files/outputs/v7_4_6_as006_gap_weaklink_v800_phase3_seed_909/AS006_v7_4_6_gap_weaklink_scores.csv
AS006,contact_relaxed_a3_3_g0_7_p0_1,"contact-relaxed SNS links, alpha=3.3, tau=0.7, p=0.1",contact_relaxation,contact_relaxed,conductance,3.3,1,0.7,0.1,0.969934640522875,0.7,0.100217864923747,1.94750712897691e-07,3.58927626563402e-07,0.0342491318610226,175.41000750651,0.225640618213075,0.314784406048002,0.338391081851011,0.139591217586249,0.0467452697952951,0.233350750574114,0.32911155055708,0.352406507983096,0.136850985575238,0.0498670813740231,246.919903709042,235.999206525563,909,v7.4.6,gap_tied_weak_links_phase3_seed,/Users/asewaket/Documents/LTSpice Superconducting Circuit/matlab_v7_4_6_files/outputs/v7_4_6_as006_gap_weaklink_v800_phase3_seed_909/AS006_v7_4_6_gap_weaklink_scores.csv
AS006,contact_relaxed_a3_3_g0_7_p0_05,"contact-relaxed SNS links, alpha=3.3, tau=0.7, p=0.05",contact_relaxation,contact_relaxed,conductance,3.3,1,0.7,0.05,0.984836601307189,0.7,0.0505446623093682,1.75291720796433e-07,3.53357681706822e-07,0.0320030593286544,179.488012797015,0.2267292326623,0.31775211046772,0.340214529797759,0.139010236273148,0.0467558303562677,0.236020006555544,0.335167114267803,0.357256485131142,0.136175095878644,0.0495151996821106,245.280238244244,234.799768573477,909,v7.4.6,gap_tied_weak_links_phase3_seed,/Users/asewaket/Documents/LTSpice Superconducting Circuit/matlab_v7_4_6_files/outputs/v7_4_6_as006_gap_weaklink_v800_phase3_seed_909/AS006_v7_4_6_gap_weaklink_scores.csv
AS006,combined_a3_3_g0_1_p0_2,"combined weak-link classes, alpha=3.3, tau=0.1, p=0.2",combined,boundary_constriction,shape,3.3,1,0.1,0.2,0.820000000000001,0.1,0.2,1.23624092044167e-07,4.31034911337964e-07,0.111465639078004,119.092709396329,0.197323985751255,0.234721478157013,0.276284926708386,0.177254168097398,0.0468321187378408,0.20610087256948,0.259541929172894,0.29997173022152,0.156490108059266,0.0503992707127649,241.776854884805,231.315555913664,909,v7.4.6,gap_tied_weak_links_phase3_seed,/Users/asewaket/Documents/LTSpice Superconducting Circuit/matlab_v7_4_6_files/outputs/v7_4_6_as006_gap_weaklink_v800_phase3_seed_909/AS006_v7_4_6_gap_weaklink_scores.csv
AS006,anisotropic_gap_control,"anisotropic weak-link transparency",anisotropic,anisotropic,shape,3.7,0,0.01,0.08,0.920627450980392,0.01,0.0801742919389978,1.54331141955321e-08,5.25231094718356e-07,0.130301921454778,124.840910146215,0.197623405109667,0.235983742501003,0.270026162263029,0.185901799677929,0.0472102494896189,0.205430204242063,0.261835835260414,0.294132240008963,0.162305758137236,0.0477015682626706,239.548829658928,232.57028053716,909,v7.4.6,gap_tied_weak_links_phase3_seed,/Users/asewaket/Documents/LTSpice Superconducting Circuit/matlab_v7_4_6_files/outputs/v7_4_6_as006_gap_weaklink_v800_phase3_seed_909/AS006_v7_4_6_gap_weaklink_scores.csv
AS006,crack_tunnel_a3_3_g0_1_p0_3,"tunnel/crack-like links, alpha=3.3, tau=0.1, p=0.3",tear_lane,crack_tunnel,shape,3.3,1,0.1,0.3,0.72980392156863,0.1,0.300217864923747,1.16564687447924e-07,4.56508873519862e-07,0.0787057768940557,93.8418032056053,0.19772578703377,0.236206027624292,0.275434070091705,0.175315086030598,0.051269427345826,0.210250704214279,0.226213501100435,0.260764312599285,0.200942418730175,0.117524449509493,240.654136243293,275.489653066067,909,v7.4.6,gap_tied_weak_links_phase3_seed,/Users/asewaket/Documents/LTSpice Superconducting Circuit/matlab_v7_4_6_files/outputs/v7_4_6_as006_gap_weaklink_v800_phase3_seed_909/AS006_v7_4_6_gap_weaklink_scores.csv
AS006,combined_a4_1_g0_05_p0_2,"combined weak-link classes, alpha=4.1, tau=0.05, p=0.2",combined,boundary_constriction,shape,4.1,0.999999999999997,0.05,0.2,0.810000000000001,0.05,0.2,8.27016552010781e-08,5.76704751115405e-07,0.138487612187823,110.589529448222,0.19776684844881,0.23654320517462,0.270538463379708,0.181988187039332,0.0513634923557767,0.20155330422389,0.252971285406465,0.285834716912064,0.16643476557584,0.0465410241470747,239.813797337231,240.786452779299,909,v7.4.6,gap_tied_weak_links_phase3_seed,/Users/asewaket/Documents/LTSpice Superconducting Circuit/matlab_v7_4_6_files/outputs/v7_4_6_as006_gap_weaklink_v800_phase3_seed_909/AS006_v7_4_6_gap_weaklink_scores.csv
AS006,crack_tunnel_a3_3_g0_05_p0_3,"tunnel/crack-like links, alpha=3.3, tau=0.05, p=0.3",tear_lane,crack_tunnel,shape,3.3,1,0.05,0.3,0.714793028322442,0.05,0.300217864923747,6.29026501122384e-08,4.92698407602746e-07,0.0787057768940557,86.9489635229434,0.197824925229533,0.235304660426217,0.279517198972931,0.168921652263816,0.053512802189047,0.230307419370705,0.220512882118187,0.246185648455815,0.244590920263137,0.19446067960874,246.722831798582,309.594052721124,909,v7.4.6,gap_tied_weak_links_phase3_seed,/Users/asewaket/Documents/LTSpice Superconducting Circuit/matlab_v7_4_6_files/outputs/v7_4_6_as006_gap_weaklink_v800_phase3_seed_909/AS006_v7_4_6_gap_weaklink_scores.csv
AS006,crack_tunnel_a3_3_g0_05_p0_2,"tunnel/crack-like links, alpha=3.3, tau=0.05, p=0.2",tear_lane,crack_tunnel,shape,3.3,1,0.05,0.2,0.809586056644881,0.05,0.200435729847495,5.38474884935681e-08,4.5481340761441e-07,0.0855726015736077,109.90011472529,0.197978204310602,0.239308584748467,0.271628137860553,0.183421712581769,0.0459560548213628,0.228690200699314,0.291887043923044,0.321446090157557,0.150639803444839,0.100733547491752,242.417783688412,208.58865433109,909,v7.4.6,gap_tied_weak_links_phase3_seed,/Users/asewaket/Documents/LTSpice Superconducting Circuit/matlab_v7_4_6_files/outputs/v7_4_6_as006_gap_weaklink_v800_phase3_seed_909/AS006_v7_4_6_gap_weaklink_scores.csv
AS006,combined_a3_3_g0_1_p0_3,"combined weak-link classes, alpha=3.3, tau=0.1, p=0.3",combined,boundary_constriction,shape,3.3,1,0.1,0.3,0.729803921568629,0.1,0.300217864923747,1.28803091435031e-07,4.87856984600035e-07,0.0928321213063112,96.030453184833,0.198228351449512,0.23772392210292,0.282800264842854,0.169758958118167,0.0463186740219377,0.200987741695981,0.246232518126498,0.290989433524218,0.162482748747211,0.0463712457520091,246.956016270989,241.010689068085,909,v7.4.6,gap_tied_weak_links_phase3_seed,/Users/asewaket/Documents/LTSpice Superconducting Circuit/matlab_v7_4_6_files/outputs/v7_4_6_as006_gap_weaklink_v800_phase3_seed_909/AS006_v7_4_6_gap_weaklink_scores.csv
AS006,combined_a3_7_g0_1_p0_2,"combined weak-link classes, alpha=3.7, tau=0.1, p=0.2",combined,boundary_constriction,shape,3.7,0,0.1,0.2,0.820000000000001,0.1,0.2,1.38608830473763e-07,4.83281567257717e-07,0.124976625632914,119.092709396329,0.198431043608191,0.238766968176004,0.275515026452352,0.178493373382406,0.0481202368453288,0.207480045722921,0.265399357272198,0.300708513089491,0.156227728391703,0.0504763129461682,240.087126051639,231.480304781787,909,v7.4.6,gap_tied_weak_links_phase3_seed,/Users/asewaket/Documents/LTSpice Superconducting Circuit/matlab_v7_4_6_files/outputs/v7_4_6_as006_gap_weaklink_v800_phase3_seed_909/AS006_v7_4_6_gap_weaklink_scores.csv
AS006,combined_a3_3_g0_05_p0_1,"combined weak-link classes, alpha=3.3, tau=0.05, p=0.1",combined,boundary_constriction,shape,3.3,1,0.05,0.1,0.904793028322441,0.05,0.100217864923747,5.59445610260795e-08,4.20018652131097e-07,0.113712484450162,135.591196402558,0.198465061966254,0.237752319938585,0.275822666833732,0.180273418153755,0.046541550241461,0.20932396774437,0.267309227406226,0.303826950971804,0.155848621107253,0.0528026707309032,241.033072148943,227.878838070431,909,v7.4.6,gap_tied_weak_links_phase3_seed,/Users/asewaket/Documents/LTSpice Superconducting Circuit/matlab_v7_4_6_files/outputs/v7_4_6_as006_gap_weaklink_v800_phase3_seed_909/AS006_v7_4_6_gap_weaklink_scores.csv
AS006,combined_a3_7_g0_1_p0_3,"combined weak-link classes, alpha=3.7, tau=0.1, p=0.3",combined,boundary_constriction,shape,3.7,0,0.1,0.3,0.729803921568629,0.1,0.300217864923747,1.4441558736655e-07,5.46991164551555e-07,0.10408449964647,96.030453184833,0.19857429068648,0.237720053914828,0.276594431775558,0.176507690683456,0.0504765305560253,0.202717543711028,0.253815299931286,0.291801465075179,0.162160984469908,0.046418624154904,240.143265252633,240.733919005016,909,v7.4.6,gap_tied_weak_links_phase3_seed,/Users/asewaket/Documents/LTSpice Superconducting Circuit/matlab_v7_4_6_files/outputs/v7_4_6_as006_gap_weaklink_v800_phase3_seed_909/AS006_v7_4_6_gap_weaklink_scores.csv
AS006,combined_a3_3_g0_05_p0_2,"combined weak-link classes, alpha=3.3, tau=0.05, p=0.2",combined,boundary_constriction,shape,3.3,1,0.05,0.2,0.810000000000001,0.05,0.2,6.65647468691604e-08,4.64176994800204e-07,0.111465639078004,110.589529448222,0.199011539567305,0.239345764587399,0.282003423280566,0.169444057842005,0.0504008702056296,0.198936096215708,0.241815991778963,0.284137144137898,0.16725155262608,0.0465600462756544,246.596911961962,247.192903313834,909,v7.4.6,gap_tied_weak_links_phase3_seed,/Users/asewaket/Documents/LTSpice Superconducting Circuit/matlab_v7_4_6_files/outputs/v7_4_6_as006_gap_weaklink_v800_phase3_seed_909/AS006_v7_4_6_gap_weaklink_scores.csv
AS006,combined_a4_1_g0_1_p0_2,"combined weak-link classes, alpha=4.1, tau=0.1, p=0.2",combined,boundary_constriction,shape,4.1,0.999999999999997,0.1,0.2,0.820000000000001,0.1,0.2,1.53593568903359e-07,5.3552822317747e-07,0.138487612187823,119.092709396329,0.199090523243818,0.242117566574573,0.275399539694479,0.17884099388382,0.0478346128244008,0.208511813622002,0.269777188429996,0.301267623108687,0.15601210600482,0.0505484067337887,239.98103247248,230.967611382533,909,v7.4.6,gap_tied_weak_links_phase3_seed,/Users/asewaket/Documents/LTSpice Superconducting Circuit/matlab_v7_4_6_files/outputs/v7_4_6_as006_gap_weaklink_v800_phase3_seed_909/AS006_v7_4_6_gap_weaklink_scores.csv
AS006,combined_a4_1_g0_1_p0_3,"combined weak-link classes, alpha=4.1, tau=0.1, p=0.3",combined,boundary_constriction,shape,4.1,0.999999999999997,0.1,0.3,0.729803921568629,0.1,0.300217864923747,1.60028083298069e-07,6.06125344503074e-07,0.115336877986629,96.030453184833,0.19925624341807,0.241992936185782,0.276032598528938,0.177332307778719,0.0495658487555251,0.204030087536944,0.259581799698285,0.29242211541733,0.161913034343579,0.046438643076634,240.005068594265,239.743960062304,909,v7.4.6,gap_tied_weak_links_phase3_seed,/Users/asewaket/Documents/LTSpice Superconducting Circuit/matlab_v7_4_6_files/outputs/v7_4_6_as006_gap_weaklink_v800_phase3_seed_909/AS006_v7_4_6_gap_weaklink_scores.csv
AS006,crack_tunnel_a3_3_g0_1_p0_2,"tunnel/crack-like links, alpha=3.3, tau=0.1, p=0.2",tear_lane,crack_tunnel,shape,3.3,1,0.1,0.2,0.819607843137257,0.1,0.200435729847495,1.0142824373353e-07,4.28347973613495e-07,0.0855726015736077,116.690281627257,0.199358144199008,0.242906387124386,0.275732500977021,0.180015551903182,0.0463330172818879,0.211173849385538,0.274522554941823,0.306094533910755,0.153847076623463,0.0533724118627152,239.93437629773,226.837938920505,909,v7.4.6,gap_tied_weak_links_phase3_seed,/Users/asewaket/Documents/LTSpice Superconducting Circuit/matlab_v7_4_6_files/outputs/v7_4_6_as006_gap_weaklink_v800_phase3_seed_909/AS006_v7_4_6_gap_weaklink_scores.csv
AS006,crack_tunnel_a3_7_g0_1_p0_3,"tunnel/crack-like links, alpha=3.7, tau=0.1, p=0.3",tear_lane,crack_tunnel,shape,3.7,0,0.1,0.3,0.72980392156863,0.1,0.300217864923747,1.30693740471915e-07,5.11843282431361e-07,0.0882458710630321,93.8418032056053,0.199446095874666,0.244603058790601,0.277688266077519,0.173261514884449,0.0500960613415113,0.211376916912197,0.231907726033154,0.261210503382906,0.200566369835078,0.117150515313901,242.023429060245,275.843534592245,909,v7.4.6,gap_tied_weak_links_phase3_seed,/Users/asewaket/Documents/LTSpice Superconducting Circuit/matlab_v7_4_6_files/outputs/v7_4_6_as006_gap_weaklink_v800_phase3_seed_909/AS006_v7_4_6_gap_weaklink_scores.csv
AS006,crack_tunnel_a3_7_g0_05_p0_2,"tunnel/crack-like links, alpha=3.7, tau=0.05, p=0.2",tear_lane,crack_tunnel,shape,3.7,0,0.05,0.2,0.809586056644881,0.05,0.200435729847495,6.03744567958187e-08,5.09942305507066e-07,0.0959450381279844,109.90011472529,0.199479984122722,0.245684819435949,0.273184690605908,0.181910160251187,0.0462541923033386,0.229526003191143,0.29711034326464,0.321686487276226,0.150462166547695,0.0994906117730609,243.923769784071,208.495062607983,909,v7.4.6,gap_tied_weak_links_phase3_seed,/Users/asewaket/Documents/LTSpice Superconducting Circuit/matlab_v7_4_6_files/outputs/v7_4_6_as006_gap_weaklink_v800_phase3_seed_909/AS006_v7_4_6_gap_weaklink_scores.csv
AS006,combined_a3_7_g0_05_p0_1,"combined weak-link classes, alpha=3.7, tau=0.05, p=0.1",combined,boundary_constriction,shape,3.7,0,0.05,0.1,0.904793028322441,0.05,0.100217864923747,6.27257199383316e-08,4.70930003904563e-07,0.127495815898667,135.591196402558,0.19985780044845,0.243810496588684,0.276948191762928,0.179476764758523,0.0464732141202892,0.210644595226484,0.273023190591069,0.304525681813404,0.155631301984654,0.0527407148870756,241.463760668108,227.904831235649,909,v7.4.6,gap_tied_weak_links_phase3_seed,/Users/asewaket/Documents/LTSpice Superconducting Circuit/matlab_v7_4_6_files/outputs/v7_4_6_as006_gap_weaklink_v800_phase3_seed_909/AS006_v7_4_6_gap_weaklink_scores.csv
AS006,combined_a3_7_g0_05_p0_3,"combined weak-link classes, alpha=3.7, tau=0.05, p=0.3",combined,boundary_constriction,shape,3.7,0,0.05,0.3,0.714793028322442,0.05,0.300217864923747,7.96284086284009e-08,6.0320408290116e-07,0.10408449964647,87.0813227379837,0.199863059736909,0.240385179177554,0.28103974300345,0.170848860962955,0.0535494930472615,0.200043012575624,0.230615292526487,0.269869121800569,0.183861866200065,0.0675014744505568,245.274120131912,262.979054660029,909,v7.4.6,gap_tied_weak_links_phase3_seed,/Users/asewaket/Documents/LTSpice Superconducting Circuit/matlab_v7_4_6_files/outputs/v7_4_6_as006_gap_weaklink_v800_phase3_seed_909/AS006_v7_4_6_gap_weaklink_scores.csv
AS006,combined_a3_3_g0_05_p0_3,"combined weak-link classes, alpha=3.3, tau=0.05, p=0.3",combined,boundary_constriction,shape,3.3,1,0.05,0.3,0.714793028322442,0.05,0.300217864923747,7.10199320199252e-08,5.37992830695629e-07,0.0928321213063112,87.0813227379837,0.19988055644847,0.241026716314059,0.288922726624271,0.162994024853744,0.0490187632686406,0.198413245441216,0.222656211552553,0.268872550187789,0.184543693621294,0.0682034357982798,251.466619062641,265.98200391642,909,v7.4.6,gap_tied_weak_links_phase3_seed,/Users/asewaket/Documents/LTSpice Superconducting Circuit/matlab_v7_4_6_files/outputs/v7_4_6_as006_gap_weaklink_v800_phase3_seed_909/AS006_v7_4_6_gap_weaklink_scores.csv
AS006,combined_a3_7_g0_05_p0_2,"combined weak-link classes, alpha=3.7, tau=0.05, p=0.2",combined,boundary_constriction,shape,3.7,0,0.05,0.2,0.810000000000001,0.05,0.2,7.46332010351192e-08,5.20440872957805e-07,0.124976625632914,110.589529448222,0.200043800847974,0.245422944983373,0.282518124638547,0.169284572336178,0.0487836257188164,0.200448718150567,0.248306919867844,0.285088954438277,0.16679647666345,0.0465354047886924,247.234889525645,246.157963415641,909,v7.4.6,gap_tied_weak_links_phase3_seed,/Users/asewaket/Documents/LTSpice Superconducting Circuit/matlab_v7_4_6_files/outputs/v7_4_6_as006_gap_weaklink_v800_phase3_seed_909/AS006_v7_4_6_gap_weaklink_scores.csv
AS006,crack_tunnel_a3_7_g0_1_p0_2,"tunnel/crack-like links, alpha=3.7, tau=0.1, p=0.2",tear_lane,crack_tunnel,shape,3.7,0,0.1,0.2,0.819607843137257,0.1,0.200435729847495,1.13722576307291e-07,4.80268940112101e-07,0.0959450381279844,116.690281627257,0.200436200025443,0.24782148993308,0.276027632136858,0.179898172530969,0.0464384382909243,0.212323519240952,0.279887063725509,0.306479234371359,0.153738007127975,0.0532193634194028,239.823124419286,226.89712343876,909,v7.4.6,gap_tied_weak_links_phase3_seed,/Users/asewaket/Documents/LTSpice Superconducting Circuit/matlab_v7_4_6_files/outputs/v7_4_6_as006_gap_weaklink_v800_phase3_seed_909/AS006_v7_4_6_gap_weaklink_scores.csv
AS006,combined_a4_1_g0_05_p0_1,"combined weak-link classes, alpha=4.1, tau=0.05, p=0.1",combined,boundary_constriction,shape,4.1,0.999999999999997,0.05,0.1,0.904793028322441,0.05,0.100217864923747,6.95068788505836e-08,5.2184135567803e-07,0.141279147347171,135.591196402558,0.200439649421293,0.246392722256616,0.276169738449646,0.180570508262495,0.0467953472348464,0.211592716757353,0.277187586068729,0.305018947908581,0.15544344496002,0.0526885326779928,240.165874156545,227.911594462174,909,v7.4.6,gap_tied_weak_links_phase3_seed,/Users/asewaket/Documents/LTSpice Superconducting Circuit/matlab_v7_4_6_files/outputs/v7_4_6_as006_gap_weaklink_v800_phase3_seed_909/AS006_v7_4_6_gap_weaklink_scores.csv
AS006,combined_a3_3_g0_2_p0_3,"combined weak-link classes, alpha=3.3, tau=0.2, p=0.3",combined,boundary_constriction,shape,3.3,1,0.2,0.3,0.759825708061,0.2,0.300217864923747,2.23133109653291e-07,4.27928459834935e-07,0.0928321213063112,110.866731175242,0.200623015797414,0.244976182197707,0.285068843929948,0.16965521380038,0.0471994026614791,0.208854141304812,0.268525542050541,0.307546392748247,0.151921319864544,0.0476373273334057,240.688618659781,233.71016901514,909,v7.4.6,gap_tied_weak_links_phase3_seed,/Users/asewaket/Documents/LTSpice Superconducting Circuit/matlab_v7_4_6_files/outputs/v7_4_6_as006_gap_weaklink_v800_phase3_seed_909/AS006_v7_4_6_gap_weaklink_scores.csv
AS006,crack_tunnel_a4_1_g0_05_p0_2,"tunnel/crack-like links, alpha=4.1, tau=0.05, p=0.2",tear_lane,crack_tunnel,shape,4.1,0.999999999999997,0.05,0.2,0.809586056644881,0.05,0.200435729847495,6.69014250980694e-08,5.65071203399721e-07,0.106317474682361,109.90011472529,0.200771322633342,0.250484513869671,0.274653621012296,0.180434391296009,0.0471852734055137,0.230050913998325,0.300668391002226,0.321799672651855,0.150303668513682,0.0985571662065486,245.311435073186,208.512356239427,909,v7.4.6,gap_tied_weak_links_phase3_seed,/Users/asewaket/Documents/LTSpice Superconducting Circuit/matlab_v7_4_6_files/outputs/v7_4_6_as006_gap_weaklink_v800_phase3_seed_909/AS006_v7_4_6_gap_weaklink_scores.csv
AS006,combined_a3_3_g0_1_p0_1,"combined weak-link classes, alpha=3.3, tau=0.1, p=0.1",combined,boundary_constriction,shape,3.3,1,0.1,0.1,0.909803921568628,0.1,0.100217864923747,1.06797016349837e-07,4.0090348405782e-07,0.113712484450162,142.056215070537,0.200800220730236,0.244127747085242,0.281025688092504,0.177181327093142,0.0466017435376265,0.210163510422377,0.271563472247821,0.306831321494086,0.155016596935688,0.0485285210798051,240.119147286185,230.677895115359,909,v7.4.6,gap_tied_weak_links_phase3_seed,/Users/asewaket/Documents/LTSpice Superconducting Circuit/matlab_v7_4_6_files/outputs/v7_4_6_as006_gap_weaklink_v800_phase3_seed_909/AS006_v7_4_6_gap_weaklink_scores.csv
AS006,crack_tunnel_a3_7_g0_05_p0_3,"tunnel/crack-like links, alpha=3.7, tau=0.05, p=0.3",tear_lane,crack_tunnel,shape,3.7,0,0.05,0.3,0.714793028322442,0.05,0.300217864923747,7.05272137622068e-08,5.52419426706109e-07,0.0882458710630321,86.9489635229434,0.200986210135556,0.247116107618124,0.284666411519039,0.164720726637935,0.0537478146039205,0.23096416629297,0.224794053034264,0.246689290768901,0.243858246778497,0.193497711111886,248.792286924061,312.14053793413,909,v7.4.6,gap_tied_weak_links_phase3_seed,/Users/asewaket/Documents/LTSpice Superconducting Circuit/matlab_v7_4_6_files/outputs/v7_4_6_as006_gap_weaklink_v800_phase3_seed_909/AS006_v7_4_6_gap_weaklink_scores.csv
AS006,crack_tunnel_a4_1_g0_1_p0_2,"tunnel/crack-like links, alpha=4.1, tau=0.1, p=0.2",tear_lane,crack_tunnel,shape,4.1,0.999999999999997,0.1,0.2,0.819607843137257,0.1,0.200435729847495,1.26016908881053e-07,5.32189906610706e-07,0.106317474682361,116.690281627257,0.201172812117635,0.251186043488135,0.276122672376495,0.179896700392073,0.0465924649510806,0.213133162134177,0.28371077954601,0.306726753316181,0.153648798363858,0.0531222148667365,239.584629594458,227.004853954508,909,v7.4.6,gap_tied_weak_links_phase3_seed,/Users/asewaket/Documents/LTSpice Superconducting Circuit/matlab_v7_4_6_files/outputs/v7_4_6_as006_gap_weaklink_v800_phase3_seed_909/AS006_v7_4_6_gap_weaklink_scores.csv
AS006,crack_tunnel_a4_1_g0_1_p0_3,"tunnel/crack-like links, alpha=4.1, tau=0.1, p=0.3",tear_lane,crack_tunnel,shape,4.1,0.999999999999997,0.1,0.3,0.72980392156863,0.1,0.300217864923747,1.44822793495906e-07,5.67177691342859e-07,0.0977859652320086,93.8418032056053,0.201219888962218,0.251984301318256,0.28066022624684,0.170465958248073,0.0498772997507731,0.212105244221498,0.235805422028778,0.261462909441064,0.200282557371696,0.116807510842228,243.459290554067,277.157612022957,909,v7.4.6,gap_tied_weak_links_phase3_seed,/Users/asewaket/Documents/LTSpice Superconducting Circuit/matlab_v7_4_6_files/outputs/v7_4_6_as006_gap_weaklink_v800_phase3_seed_909/AS006_v7_4_6_gap_weaklink_scores.csv
AS006,combined_a3_3_g0_2_p0_2,"combined weak-link classes, alpha=3.3, tau=0.2, p=0.2",combined,boundary_constriction,shape,3.3,1,0.2,0.2,0.839999999999999,0.2,0.2,2.23993479768867e-07,3.92067225030395e-07,0.111465639078004,131.456755646575,0.201320387941296,0.247103404296788,0.284486575618379,0.171725274257562,0.046990435255576,0.212665323621316,0.276725575085483,0.312498965192825,0.150178932310377,0.0520041885456805,240.293848806285,228.954969942518,909,v7.4.6,gap_tied_weak_links_phase3_seed,/Users/asewaket/Documents/LTSpice Superconducting Circuit/matlab_v7_4_6_files/outputs/v7_4_6_as006_gap_weaklink_v800_phase3_seed_909/AS006_v7_4_6_gap_weaklink_scores.csv
AS006,combined_a4_1_g0_05_p0_3,"combined weak-link classes, alpha=4.1, tau=0.05, p=0.3",combined,boundary_constriction,shape,4.1,0.999999999999997,0.05,0.3,0.714793028322442,0.05,0.300217864923747,8.82368852368767e-08,6.68415335106691e-07,0.115336877986629,87.0813227379837,0.201616022727032,0.240342114163852,0.275874871650415,0.177091479908808,0.0635926241970704,0.201241098867817,0.236522677298094,0.270645417620886,0.183313309784514,0.0669116989737976,239.656244088924,262.373488395579,909,v7.4.6,gap_tied_weak_links_phase3_seed,/Users/asewaket/Documents/LTSpice Superconducting Circuit/matlab_v7_4_6_files/outputs/v7_4_6_as006_gap_weaklink_v800_phase3_seed_909/AS006_v7_4_6_gap_weaklink_scores.csv
AS006,combined_a3_7_g0_2_p0_3,"combined weak-link classes, alpha=3.7, tau=0.2, p=0.3",combined,boundary_constriction,shape,3.7,0,0.2,0.3,0.759825708061,0.2,0.300217864923747,2.50179547187023e-07,4.79798576178563e-07,0.10408449964647,110.866731175242,0.201707870487701,0.250243204688704,0.284824043841942,0.170193376978938,0.0471123498027297,0.210327480276352,0.274912800735588,0.308175833627058,0.151778374703956,0.0476939234188786,240.404145781957,233.194850816153,909,v7.4.6,gap_tied_weak_links_phase3_seed,/Users/asewaket/Documents/LTSpice Superconducting Circuit/matlab_v7_4_6_files/outputs/v7_4_6_as006_gap_weaklink_v800_phase3_seed_909/AS006_v7_4_6_gap_weaklink_scores.csv
AS006,combined_a3_7_g0_1_p0_1,"combined weak-link classes, alpha=3.7, tau=0.1, p=0.1",combined,boundary_constriction,shape,3.7,0,0.1,0.1,0.909803921568628,0.1,0.100217864923747,1.19742109240726e-07,4.49497845761798e-07,0.127495815898667,142.056215070537,0.201937229271581,0.249162214696323,0.281389168730142,0.177122214242924,0.0466901185801757,0.211386855241409,0.276897713827794,0.307375513340188,0.154872728197284,0.0485385037873164,239.935956800507,230.700731161854,909,v7.4.6,gap_tied_weak_links_phase3_seed,/Users/asewaket/Documents/LTSpice Superconducting Circuit/matlab_v7_4_6_files/outputs/v7_4_6_as006_gap_weaklink_v800_phase3_seed_909/AS006_v7_4_6_gap_weaklink_scores.csv
AS006,combined_a3_7_g0_2_p0_2,"combined weak-link classes, alpha=3.7, tau=0.2, p=0.2",combined,boundary_constriction,shape,3.7,0,0.2,0.2,0.839999999999999,0.2,0.2,2.51144204589336e-07,4.3959052503408e-07,0.124976625632914,131.456755646575,0.202229570095765,0.251452727532326,0.28440066413142,0.172032788503663,0.046952975086934,0.213851192116178,0.281865760185157,0.31303761405182,0.150036200183823,0.0520291255752684,240.066719013809,228.623493623941,909,v7.4.6,gap_tied_weak_links_phase3_seed,/Users/asewaket/Documents/LTSpice Superconducting Circuit/matlab_v7_4_6_files/outputs/v7_4_6_as006_gap_weaklink_v800_phase3_seed_909/AS006_v7_4_6_gap_weaklink_scores.csv
AS006,combined_a4_1_g0_2_p0_3,"combined weak-link classes, alpha=4.1, tau=0.2, p=0.3",combined,boundary_constriction,shape,4.1,0.999999999999997,0.2,0.3,0.759825708061,0.2,0.300217864923747,2.77225984720755e-07,5.31668692522192e-07,0.115336877986629,110.866731175242,0.202412869566584,0.253832399458096,0.28432473365956,0.170885646719038,0.0470566060717973,0.211435914004518,0.279757732511416,0.308622178129633,0.151679191459714,0.0477340364596746,240.043734419713,232.677403801075,909,v7.4.6,gap_tied_weak_links_phase3_seed,/Users/asewaket/Documents/LTSpice Superconducting Circuit/matlab_v7_4_6_files/outputs/v7_4_6_as006_gap_weaklink_v800_phase3_seed_909/AS006_v7_4_6_gap_weaklink_scores.csv
AS006,crack_tunnel_a3_3_g0_2_p0_3,"tunnel/crack-like links, alpha=3.3, tau=0.2, p=0.3",tear_lane,crack_tunnel,shape,3.3,1,0.2,0.3,0.759825708061,0.2,0.300217864923747,2.06919826307191e-07,4.16910332959421e-07,0.0787057768940557,105.728297335526,0.202534553303972,0.253782881902605,0.287190711510943,0.165773058429614,0.0490898164360874,0.206504173123232,0.2538474912378,0.286538396991444,0.167955755840599,0.0672864848425806,241.226359175851,255.857842759723,909,v7.4.6,gap_tied_weak_links_phase3_seed,/Users/asewaket/Documents/LTSpice Superconducting Circuit/matlab_v7_4_6_files/outputs/v7_4_6_as006_gap_weaklink_v800_phase3_seed_909/AS006_v7_4_6_gap_weaklink_scores.csv
AS006,combined_a4_1_g0_1_p0_1,"combined weak-link classes, alpha=4.1, tau=0.1, p=0.1",combined,boundary_constriction,shape,4.1,0.999999999999997,0.1,0.1,0.909803921568628,0.1,0.100217864923747,1.32687202131615e-07,4.98092207465776e-07,0.141279147347171,142.056215070537,0.202687039373334,0.252556501783303,0.281492506871643,0.177176048221845,0.0467967477806857,0.212249838196482,0.280750220334877,0.307732329345101,0.154744547948799,0.0485367093576066,239.663041433328,230.731755083897,909,v7.4.6,gap_tied_weak_links_phase3_seed,/Users/asewaket/Documents/LTSpice Superconducting Circuit/matlab_v7_4_6_files/outputs/v7_4_6_as006_gap_weaklink_v800_phase3_seed_909/AS006_v7_4_6_gap_weaklink_scores.csv
AS006,combined_a4_1_g0_2_p0_2,"combined weak-link classes, alpha=4.1, tau=0.2, p=0.2",combined,boundary_constriction,shape,4.1,0.999999999999997,0.2,0.2,0.839999999999999,0.2,0.2,2.78294929409804e-07,4.87113825037764e-07,0.138487612187823,131.456755646575,0.20281564101725,0.254395867371979,0.284109512935335,0.172444088149178,0.0469355798909629,0.214738320052979,0.285761898251277,0.313414699123506,0.149920990679896,0.0520527401976115,239.788430161789,228.290977247464,909,v7.4.6,gap_tied_weak_links_phase3_seed,/Users/asewaket/Documents/LTSpice Superconducting Circuit/matlab_v7_4_6_files/outputs/v7_4_6_as006_gap_weaklink_v800_phase3_seed_909/AS006_v7_4_6_gap_weaklink_scores.csv
AS006,crack_tunnel_a3_3_g0_2_p0_2,"tunnel/crack-like links, alpha=3.3, tau=0.2, p=0.2",tear_lane,crack_tunnel,shape,3.3,1,0.2,0.2,0.839651416122003,0.2,0.200435729847495,1.87182574338942e-07,3.97070687181848e-07,0.0855726015736077,126.461454737685,0.203292203752377,0.255463230636587,0.286877455906049,0.169795344509141,0.0467180596532872,0.210204642336901,0.276030730748665,0.306669626079834,0.153641212064934,0.0462691202149611,240.495125573399,236.231766040161,909,v7.4.6,gap_tied_weak_links_phase3_seed,/Users/asewaket/Documents/LTSpice Superconducting Circuit/matlab_v7_4_6_files/outputs/v7_4_6_as006_gap_weaklink_v800_phase3_seed_909/AS006_v7_4_6_gap_weaklink_scores.csv
AS006,crack_tunnel_a4_1_g0_05_p0_3,"tunnel/crack-like links, alpha=4.1, tau=0.05, p=0.3",tear_lane,crack_tunnel,shape,4.1,0.999999999999997,0.05,0.3,0.714793028322442,0.05,0.300217864923747,7.8151777412175e-08,6.12140445809472e-07,0.0977859652320086,86.9489635229434,0.203341698586523,0.25570190882786,0.288416878347414,0.161812312260901,0.0540116566706522,0.231259268180374,0.227369035936457,0.247001419430412,0.243284309262788,0.192569434383708,250.278762981548,314.041812249807,909,v7.4.6,gap_tied_weak_links_phase3_seed,/Users/asewaket/Documents/LTSpice Superconducting Circuit/matlab_v7_4_6_files/outputs/v7_4_6_as006_gap_weaklink_v800_phase3_seed_909/AS006_v7_4_6_gap_weaklink_scores.csv
AS006,crack_tunnel_a3_7_g0_2_p0_3,"tunnel/crack-like links, alpha=3.7, tau=0.2, p=0.3",tear_lane,crack_tunnel,shape,3.7,0,0.2,0.3,0.759825708061,0.2,0.300217864923747,2.32001017374729e-07,4.67444918772684e-07,0.0882458710630321,105.728297335526,0.203353449568878,0.258092621075859,0.286668980482486,0.166408807629888,0.0489929013868197,0.207595065424706,0.258959696538397,0.286906911015414,0.167769846569001,0.0672162280969047,240.872190800234,255.305565927822,909,v7.4.6,gap_tied_weak_links_phase3_seed,/Users/asewaket/Documents/LTSpice Superconducting Circuit/matlab_v7_4_6_files/outputs/v7_4_6_as006_gap_weaklink_v800_phase3_seed_909/AS006_v7_4_6_gap_weaklink_scores.csv
AS006,boundary_sns_a4_1_g0_1_p0_3,"SNS-like boundary constriction, alpha=4.1, tau=0.1, p=0.3",boundary_lane,boundary_constriction,shape,4.1,0.999999999999997,0.1,0.3,0.715686274509806,0.1,0.315904139433551,1.18295756903161e-07,3.89690345569128e-07,0.120904738503211,136.582745502389,0.203435627922739,0.255021752347414,0.280472977878799,0.178075918236347,0.0487337781829487,0.214721709896373,0.285258509285296,0.308748051730312,0.154519341018993,0.05489177339478,239.852096796541,228.800443918852,909,v7.4.6,gap_tied_weak_links_phase3_seed,/Users/asewaket/Documents/LTSpice Superconducting Circuit/matlab_v7_4_6_files/outputs/v7_4_6_as006_gap_weaklink_v800_phase3_seed_909/AS006_v7_4_6_gap_weaklink_scores.csv
AS006,crack_tunnel_a4_1_g0_2_p0_3,"tunnel/crack-like links, alpha=4.1, tau=0.2, p=0.3",tear_lane,crack_tunnel,shape,4.1,0.999999999999997,0.2,0.3,0.759825708061,0.2,0.300217864923747,2.57082208442267e-07,5.17979504585948e-07,0.0977859652320086,105.728297335526,0.20370534296754,0.260467287989497,0.285668669578006,0.167400940380926,0.0488880796105321,0.20833355351346,0.26251888819505,0.287130043419243,0.167637635767603,0.0671242586790717,240.353542083797,254.592053474941,909,v7.4.6,gap_tied_weak_links_phase3_seed,/Users/asewaket/Documents/LTSpice Superconducting Circuit/matlab_v7_4_6_files/outputs/v7_4_6_as006_gap_weaklink_v800_phase3_seed_909/AS006_v7_4_6_gap_weaklink_scores.csv
AS006,boundary_sns_a3_3_g0_2_p0_3,"SNS-like boundary constriction, alpha=3.3, tau=0.2, p=0.3",boundary_lane,boundary_constriction,shape,3.3,1,0.2,0.3,0.747276688453157,0.2,0.315904139433551,1.84121464634549e-07,3.13132785240257e-07,0.0973135700147798,141.260475459779,0.20386497762364,0.255801438004754,0.286844195288806,0.171572324542803,0.0470807026795322,0.219937343729051,0.291697739152517,0.320979133923997,0.147914409929917,0.0613824827133487,240.242126441175,223.649514174914,909,v7.4.6,gap_tied_weak_links_phase3_seed,/Users/asewaket/Documents/LTSpice Superconducting Circuit/matlab_v7_4_6_files/outputs/v7_4_6_as006_gap_weaklink_v800_phase3_seed_909/AS006_v7_4_6_gap_weaklink_scores.csv
AS006,boundary_sns_a3_7_g0_1_p0_3,"SNS-like boundary constriction, alpha=3.7, tau=0.1, p=0.3",boundary_lane,boundary_constriction,shape,3.7,0,0.1,0.3,0.715686274509806,0.1,0.315904139433551,1.06754707449194e-07,3.51671775269701e-07,0.109109154258996,136.582745502389,0.20389905527537,0.257266308953549,0.285520177228838,0.172735901829357,0.0466487799861366,0.213894543644622,0.281648150460499,0.308478180992021,0.154579022199865,0.0547639732767433,245.067637163728,228.984504157876,909,v7.4.6,gap_tied_weak_links_phase3_seed,/Users/asewaket/Documents/LTSpice Superconducting Circuit/matlab_v7_4_6_files/outputs/v7_4_6_as006_gap_weaklink_v800_phase3_seed_909/AS006_v7_4_6_gap_weaklink_scores.csv
AS006,boundary_sns_a3_3_g0_1_p0_3,"SNS-like boundary constriction, alpha=3.3, tau=0.1, p=0.3",boundary_lane,boundary_constriction,shape,3.3,1,0.1,0.3,0.715686274509806,0.1,0.315904139433551,9.52136579952273e-08,3.13653204970274e-07,0.0973135700147798,136.582745502389,0.203902458640839,0.255356481326975,0.287830876582639,0.170373006534008,0.0474855196900928,0.212779527650793,0.276833381459815,0.308091276143603,0.154646434105112,0.0545964809114543,247.592634692701,229.160783095317,909,v7.4.6,gap_tied_weak_links_phase3_seed,/Users/asewaket/Documents/LTSpice Superconducting Circuit/matlab_v7_4_6_files/outputs/v7_4_6_as006_gap_weaklink_v800_phase3_seed_909/AS006_v7_4_6_gap_weaklink_scores.csv
AS006,combined_a3_3_g0_2_p0_1,"combined weak-link classes, alpha=3.3, tau=0.2, p=0.1",combined,boundary_constriction,shape,3.3,1,0.2,0.1,0.919825708061002,0.2,0.100217864923747,2.01990732763351e-07,3.79593553559073e-07,0.113712484450162,150.216593760847,0.204158409661303,0.254734181217099,0.288836509756101,0.171315601615116,0.0464494729973455,0.212875068518894,0.28001393619316,0.312606848926116,0.152381771016564,0.046822207009905,240.402339231987,232.429130983033,909,v7.4.6,gap_tied_weak_links_phase3_seed,/Users/asewaket/Documents/LTSpice Superconducting Circuit/matlab_v7_4_6_files/outputs/v7_4_6_as006_gap_weaklink_v800_phase3_seed_909/AS006_v7_4_6_gap_weaklink_scores.csv
AS006,crack_tunnel_a3_3_g0_05_p0_1,"tunnel/crack-like links, alpha=3.3, tau=0.05, p=0.1",tear_lane,crack_tunnel,shape,3.3,1,0.05,0.1,0.904793028322441,0.05,0.100217864923747,4.77145610576852e-08,3.87237624990701e-07,0.103647063592855,145.815894995718,0.204275094610154,0.254442661033792,0.286095322633712,0.175489860621216,0.0469036716314648,0.209999926543737,0.263843443631687,0.295002897299892,0.168138376789738,0.0597281478250164,239.965608400773,247.182863734726,909,v7.4.6,gap_tied_weak_links_phase3_seed,/Users/asewaket/Documents/LTSpice Superconducting Circuit/matlab_v7_4_6_files/outputs/v7_4_6_as006_gap_weaklink_v800_phase3_seed_909/AS006_v7_4_6_gap_weaklink_scores.csv
AS006,crack_tunnel_a3_7_g0_2_p0_2,"tunnel/crack-like links, alpha=3.7, tau=0.2, p=0.2",tear_lane,crack_tunnel,shape,3.7,0,0.2,0.2,0.839651416122003,0.2,0.200435729847495,2.0987137122851e-07,4.45200467446314e-07,0.0959450381279844,126.461454737685,0.204320053150045,0.25993460900612,0.286967484291007,0.16982772652172,0.047187901082692,0.21128586472797,0.280953642666007,0.306998056368581,0.153519633215877,0.0463295408089794,239.988572909769,236.530820601362,909,v7.4.6,gap_tied_weak_links_phase3_seed,/Users/asewaket/Documents/LTSpice Superconducting Circuit/matlab_v7_4_6_files/outputs/v7_4_6_as006_gap_weaklink_v800_phase3_seed_909/AS006_v7_4_6_gap_weaklink_scores.csv
AS006,boundary_sns_a3_7_g0_2_p0_3,"SNS-like boundary constriction, alpha=3.7, tau=0.2, p=0.3",boundary_lane,boundary_constriction,shape,3.7,0,0.2,0.3,0.747276688453157,0.2,0.315904139433551,2.06439217923585e-07,3.51088274360288e-07,0.109109154258996,141.260475459779,0.204546268050436,0.259413667238354,0.286384343111767,0.172095423503364,0.0470257931890315,0.220943628207927,0.296299832325049,0.321269330985476,0.147840147107873,0.0613967956051644,239.973053363058,223.255377263851,909,v7.4.6,gap_tied_weak_links_phase3_seed,/Users/asewaket/Documents/LTSpice Superconducting Circuit/matlab_v7_4_6_files/outputs/v7_4_6_as006_gap_weaklink_v800_phase3_seed_909/AS006_v7_4_6_gap_weaklink_scores.csv
AS006,contact_relaxed_a3_3_g0_05_p0_2,"contact-relaxed SNS links, alpha=3.3, tau=0.05, p=0.2",contact_relaxation,contact_relaxed,shape,3.3,1,0.05,0.2,0.810000000000002,0.05,0.2,4.06195749151511e-08,7.91717153210764e-07,0.0389263209408423,70.7231930207564,0.204671807918803,0.251020539611144,0.295151930009751,0.167086241743809,0.0469648202860485,0.223468849526776,0.294355308715837,0.336969213388517,0.143388441872684,0.0540572631472822,234.821069699328,222.207108490714,909,v7.4.6,gap_tied_weak_links_phase3_seed,/Users/asewaket/Documents/LTSpice Superconducting Circuit/matlab_v7_4_6_files/outputs/v7_4_6_as006_gap_weaklink_v800_phase3_seed_909/AS006_v7_4_6_gap_weaklink_scores.csv
AS006,contact_relaxed_a3_3_g0_05_p0_3,"contact-relaxed SNS links, alpha=3.3, tau=0.05, p=0.3",contact_relaxation,contact_relaxed,shape,3.3,1,0.05,0.3,0.714793028322441,0.05,0.300217864923747,1.68995097217195e-07,2.587263200437e-06,0.0428884310792277,18.7622435075082,0.20484137052528,0.246869513243673,0.312395398209679,0.146894645993328,0.0470270850241301,0.21648514307599,0.271357239260493,0.336208236087481,0.137072141606652,0.0513638859580508,242.485539139831,231.275611923993,909,v7.4.6,gap_tied_weak_links_phase3_seed,/Users/asewaket/Documents/LTSpice Superconducting Circuit/matlab_v7_4_6_files/outputs/v7_4_6_as006_gap_weaklink_v800_phase3_seed_909/AS006_v7_4_6_gap_weaklink_scores.csv
AS006,crack_tunnel_a4_1_g0_2_p0_2,"tunnel/crack-like links, alpha=4.1, tau=0.2, p=0.2",tear_lane,crack_tunnel,shape,4.1,0.999999999999997,0.2,0.2,0.839651416122003,0.2,0.200435729847495,2.32560168118079e-07,4.93330247710781e-07,0.106317474682361,126.461454737685,0.20485153915482,0.262571913049994,0.286465402622912,0.170352657103704,0.0474305067543776,0.212056626121308,0.284534606048816,0.307207785796746,0.153428865918061,0.0463488170158414,239.476296491555,236.372756508352,909,v7.4.6,gap_tied_weak_links_phase3_seed,/Users/asewaket/Documents/LTSpice Superconducting Circuit/matlab_v7_4_6_files/outputs/v7_4_6_as006_gap_weaklink_v800_phase3_seed_909/AS006_v7_4_6_gap_weaklink_scores.csv
AS006,boundary_sns_a4_1_g0_2_p0_3,"SNS-like boundary constriction, alpha=4.1, tau=0.2, p=0.3",boundary_lane,boundary_constriction,shape,4.1,0.999999999999997,0.2,0.3,0.747276688453157,0.2,0.315904139433551,2.28756971212621e-07,3.89043763480319e-07,0.120904738503211,141.260475459779,0.204924988317149,0.261708109039826,0.285723161967263,0.172766565509775,0.0469430922159894,0.221692292570521,0.299762732040915,0.321460232645329,0.147780620225923,0.0614175483999605,239.636075571055,222.821040399644,909,v7.4.6,gap_tied_weak_links_phase3_seed,/Users/asewaket/Documents/LTSpice Superconducting Circuit/matlab_v7_4_6_files/outputs/v7_4_6_as006_gap_weaklink_v800_phase3_seed_909/AS006_v7_4_6_gap_weaklink_scores.csv
AS006,combined_a3_7_g0_2_p0_1,"combined weak-link classes, alpha=3.7, tau=0.2, p=0.1",combined,boundary_constriction,shape,3.7,0,0.2,0.1,0.919825708061002,0.2,0.100217864923747,2.26474457946788e-07,4.25604893384415e-07,0.127495815898667,150.216593760847,0.205106600080983,0.259234797521289,0.288908844259707,0.171369545836672,0.0464957931332996,0.213959400024263,0.284921820541764,0.31297498048938,0.152255820137613,0.0468491885511192,240.111369605497,232.458076368113,909,v7.4.6,gap_tied_weak_links_phase3_seed,/Users/asewaket/Documents/LTSpice Superconducting Circuit/matlab_v7_4_6_files/outputs/v7_4_6_as006_gap_weaklink_v800_phase3_seed_909/AS006_v7_4_6_gap_weaklink_scores.csv
AS006,boundary_sns_a4_1_g0_05_p0_3,"SNS-like boundary constriction, alpha=4.1, tau=0.05, p=0.3",boundary_lane,boundary_constriction,shape,4.1,0.999999999999997,0.05,0.3,0.699891067538129,0.05,0.315904139433551,5.88507941904824e-08,3.87733033296883e-07,0.120904738503211,137.272227854913,0.205214946549269,0.261546429859532,0.287467776919631,0.171265385755126,0.0473779610835519,0.206248110486719,0.256896922964081,0.28322388524697,0.176268996206433,0.0583655850292777,247.874854595799,252.732177104928,909,v7.4.6,gap_tied_weak_links_phase3_seed,/Users/asewaket/Documents/LTSpice Superconducting Circuit/matlab_v7_4_6_files/outputs/v7_4_6_as006_gap_weaklink_v800_phase3_seed_909/AS006_v7_4_6_gap_weaklink_scores.csv
AS006,crack_tunnel_a3_7_g0_05_p0_1,"tunnel/crack-like links, alpha=3.7, tau=0.05, p=0.1",tear_lane,crack_tunnel,shape,3.7,0,0.05,0.1,0.904793028322441,0.05,0.100217864923747,5.34981442161925e-08,4.34175518928968e-07,0.116210344028352,145.815894995718,0.205219544173388,0.258613553524659,0.286071815969386,0.175785476064134,0.0471266443156855,0.211066864830875,0.268610595814372,0.295427309343864,0.167991061325135,0.0597371103318208,239.505153858137,247.192361680312,909,v7.4.6,gap_tied_weak_links_phase3_seed,/Users/asewaket/Documents/LTSpice Superconducting Circuit/matlab_v7_4_6_files/outputs/v7_4_6_as006_gap_weaklink_v800_phase3_seed_909/AS006_v7_4_6_gap_weaklink_scores.csv
AS006,crack_tunnel_a3_3_g0_1_p0_1,"tunnel/crack-like links, alpha=3.3, tau=0.1, p=0.1",tear_lane,crack_tunnel,shape,3.3,1,0.1,0.1,0.909803921568628,0.1,0.100217864923747,9.36431883176116e-08,3.79990563015231e-07,0.103647063592855,148.596850448025,0.205388119728413,0.258025487414431,0.288868335021632,0.173328207208864,0.046735265928699,0.211446499740044,0.269374184589445,0.29961570239639,0.164518433954553,0.0578827924739004,239.729957038347,245.554821865923,909,v7.4.6,gap_tied_weak_links_phase3_seed,/Users/asewaket/Documents/LTSpice Superconducting Circuit/matlab_v7_4_6_files/outputs/v7_4_6_as006_gap_weaklink_v800_phase3_seed_909/AS006_v7_4_6_gap_weaklink_scores.csv
AS006,combined_a4_1_g0_2_p0_1,"combined weak-link classes, alpha=4.1, tau=0.2, p=0.1",combined,boundary_constriction,shape,4.1,0.999999999999997,0.2,0.1,0.919825708061002,0.2,0.100217864923747,2.50958183130224e-07,4.71616233209757e-07,0.141279147347171,150.216593760847,0.205704601053884,0.262228727892585,0.288706528767729,0.171593034629413,0.0465665587465414,0.21472731950592,0.28850703606124,0.313189424915738,0.152156972646187,0.0468518520580861,239.671201715465,232.505928047118,909,v7.4.6,gap_tied_weak_links_phase3_seed,/Users/asewaket/Documents/LTSpice Superconducting Circuit/matlab_v7_4_6_files/outputs/v7_4_6_as006_gap_weaklink_v800_phase3_seed_909/AS006_v7_4_6_gap_weaklink_scores.csv
AS006,crack_tunnel_a4_1_g0_05_p0_1,"tunnel/crack-like links, alpha=4.1, tau=0.05, p=0.1",tear_lane,crack_tunnel,shape,4.1,0.999999999999997,0.05,0.1,0.904793028322441,0.05,0.100217864923747,5.92817273746998e-08,4.81113412867234e-07,0.12877362446385,145.815894995718,0.205860729197656,0.261327388123275,0.285761070171739,0.176281755950446,0.0475421901264025,0.211822123268614,0.272117361277143,0.295696417052294,0.167891604928736,0.0596600190634947,238.806878036813,247.304394078993,909,v7.4.6,gap_tied_weak_links_phase3_seed,/Users/asewaket/Documents/LTSpice Superconducting Circuit/matlab_v7_4_6_files/outputs/v7_4_6_as006_gap_weaklink_v800_phase3_seed_909/AS006_v7_4_6_gap_weaklink_scores.csv
AS006,contact_relaxed_a3_7_g0_05_p0_2,"contact-relaxed SNS links, alpha=3.7, tau=0.05, p=0.2",contact_relaxation,contact_relaxed,shape,3.7,0,0.05,0.2,0.810000000000002,0.05,0.2,4.55431597533513e-08,8.87682868751463e-07,0.0436446628730656,70.7231930207564,0.206074054796933,0.257804868082941,0.294647909626277,0.167972237120634,0.0469662676549471,0.225476503109001,0.302961384424393,0.337885061595269,0.143257458312485,0.0540504504382858,234.132473967456,221.563468165067,909,v7.4.6,gap_tied_weak_links_phase3_seed,/Users/asewaket/Documents/LTSpice Superconducting Circuit/matlab_v7_4_6_files/outputs/v7_4_6_as006_gap_weaklink_v800_phase3_seed_909/AS006_v7_4_6_gap_weaklink_scores.csv
AS006,contact_relaxed_a3_3_g0_1_p0_2,"contact-relaxed SNS links, alpha=3.3, tau=0.1, p=0.2",contact_relaxation,contact_relaxed,shape,3.3,1,0.1,0.2,0.820000000000002,0.1,0.2,7.00615606905589e-08,6.82785818109861e-07,0.0389263209408423,82.0063386778771,0.206183472559495,0.256975603410707,0.299535166429458,0.16215455220331,0.0470620278810778,0.224558162376276,0.298625421913414,0.339478660114902,0.141299678871201,0.0534531361778857,235.495510946576,223.340209287222,909,v7.4.6,gap_tied_weak_links_phase3_seed,/Users/asewaket/Documents/LTSpice Superconducting Circuit/matlab_v7_4_6_files/outputs/v7_4_6_as006_gap_weaklink_v800_phase3_seed_909/AS006_v7_4_6_gap_weaklink_scores.csv
AS006,crack_tunnel_a3_7_g0_1_p0_1,"tunnel/crack-like links, alpha=3.7, tau=0.1, p=0.1",tear_lane,crack_tunnel,shape,3.7,0,0.1,0.1,0.909803921568628,0.1,0.100217864923747,1.04993877810655e-07,4.26050025198896e-07,0.116210344028352,148.596850448025,0.20630319367587,0.262097426848137,0.28882928797019,0.173533289349816,0.0470506758961099,0.212448349190062,0.273989743205887,0.299958161002289,0.164367487184394,0.0578658620099245,239.112504254986,245.80157879307,909,v7.4.6,gap_tied_weak_links_phase3_seed,/Users/asewaket/Documents/LTSpice Superconducting Circuit/matlab_v7_4_6_files/outputs/v7_4_6_as006_gap_weaklink_v800_phase3_seed_909/AS006_v7_4_6_gap_weaklink_scores.csv
AS006,combined_a3_3_g0_05_p0_05,"combined weak-link classes, alpha=3.3, tau=0.05, p=0.05",combined,boundary_constriction,shape,3.3,1,0.05,0.05,0.95239651416122,0.05,0.0501089324618736,5.46249856344114e-08,3.80149614145198e-07,0.120815262930126,158.000320262202,0.206338477371095,0.25932577630928,0.291659524499487,0.171648585900009,0.0474017102970831,0.214157401328394,0.282522380650456,0.313403095823159,0.154243524813475,0.0470048022841456,239.948057299406,234.603861300678,909,v7.4.6,gap_tied_weak_links_phase3_seed,/Users/asewaket/Documents/LTSpice Superconducting Circuit/matlab_v7_4_6_files/outputs/v7_4_6_as006_gap_weaklink_v800_phase3_seed_909/AS006_v7_4_6_gap_weaklink_scores.csv
AS006,boundary_sns_a3_3_g0_05_p0_3,"SNS-like boundary constriction, alpha=3.3, tau=0.05, p=0.3",boundary_lane,boundary_constriction,shape,3.3,1,0.05,0.3,0.699891067538129,0.05,0.315904139433551,4.73677123972175e-08,3.12077807287735e-07,0.0973135700147798,137.272227854913,0.206732677595689,0.260412522913961,0.293855428890657,0.165187189217195,0.0525198779843421,0.204507476015007,0.247959136537449,0.282055008856713,0.176840393691891,0.059931485923476,255.427856435864,252.93416962574,909,v7.4.6,gap_tied_weak_links_phase3_seed,/Users/asewaket/Documents/LTSpice Superconducting Circuit/matlab_v7_4_6_files/outputs/v7_4_6_as006_gap_weaklink_v800_phase3_seed_909/AS006_v7_4_6_gap_weaklink_scores.csv
AS006,contact_relaxed_a3_3_g0_1_p0_3,"contact-relaxed SNS links, alpha=3.3, tau=0.1, p=0.3",contact_relaxation,contact_relaxed,shape,3.3,1,0.1,0.3,0.72980392156863,0.1,0.300217864923747,1.80102335711915e-07,1.37865581065146e-06,0.0428884310792277,35.2102836760074,0.206734642059315,0.255310597782507,0.312468798894543,0.147497910049101,0.0471698268872395,0.219448047675315,0.282367318919606,0.338508285109557,0.136931928861239,0.0513185094386972,241.299592214222,230.423779185978,909,v7.4.6,gap_tied_weak_links_phase3_seed,/Users/asewaket/Documents/LTSpice Superconducting Circuit/matlab_v7_4_6_files/outputs/v7_4_6_as006_gap_weaklink_v800_phase3_seed_909/AS006_v7_4_6_gap_weaklink_scores.csv
AS006,crack_tunnel_a4_1_g0_1_p0_1,"tunnel/crack-like links, alpha=4.1, tau=0.1, p=0.1",tear_lane,crack_tunnel,shape,4.1,0.999999999999997,0.1,0.1,0.909803921568628,0.1,0.100217864923747,1.16344567303699e-07,4.7210948738256e-07,0.12877362446385,148.596850448025,0.20693690523072,0.264974485869824,0.288703133879218,0.173730353340352,0.0473166143197033,0.213150900294466,0.277384895338963,0.300157367621092,0.164254034335041,0.057776669877656,238.671856840814,245.92304813857,909,v7.4.6,gap_tied_weak_links_phase3_seed,/Users/asewaket/Documents/LTSpice Superconducting Circuit/matlab_v7_4_6_files/outputs/v7_4_6_as006_gap_weaklink_v800_phase3_seed_909/AS006_v7_4_6_gap_weaklink_scores.csv
AS006,contact_relaxed_a4_1_g0_05_p0_2,"contact-relaxed SNS links, alpha=4.1, tau=0.05, p=0.2",contact_relaxation,contact_relaxed,shape,4.1,0.999999999999997,0.05,0.2,0.810000000000002,0.05,0.2,5.04667445915514e-08,9.83648584292161e-07,0.0483630048052889,70.7231930207564,0.207069128381969,0.262528083987648,0.294409667293849,0.16852368756195,0.0469460307055246,0.226899052869182,0.308963686000478,0.338595073455741,0.143155321598205,0.0540460478001282,233.694982783461,221.113269550136,909,v7.4.6,gap_tied_weak_links_phase3_seed,/Users/asewaket/Documents/LTSpice Superconducting Circuit/matlab_v7_4_6_files/outputs/v7_4_6_as006_gap_weaklink_v800_phase3_seed_909/AS006_v7_4_6_gap_weaklink_scores.csv
AS006,combined_a3_7_g0_05_p0_05,"combined weak-link classes, alpha=3.7, tau=0.05, p=0.05",combined,boundary_constriction,shape,3.7,0,0.05,0.05,0.95239651416122,0.05,0.0501089324618736,6.124619601434e-08,4.26228355253706e-07,0.135459537224687,158.000320262202,0.20726487684447,0.26344281646557,0.291332858085226,0.172234335832801,0.0477561463166328,0.215275191414006,0.287541954882982,0.313786223851394,0.154181998077967,0.0469806128496501,239.260089722415,234.593972577008,909,v7.4.6,gap_tied_weak_links_phase3_seed,/Users/asewaket/Documents/LTSpice Superconducting Circuit/matlab_v7_4_6_files/outputs/v7_4_6_as006_gap_weaklink_v800_phase3_seed_909/AS006_v7_4_6_gap_weaklink_scores.csv
AS006,combined_a3_3_g0_1_p0_05,"combined weak-link classes, alpha=3.3, tau=0.1, p=0.05",combined,boundary_constriction,shape,3.3,1,0.1,0.05,0.954901960784314,0.1,0.0501089324618736,1.07709331156005e-07,3.74788754662834e-07,0.120815262930126,160.260306733397,0.207341600033189,0.263149789686964,0.294100630827055,0.169696392776237,0.0467616155613408,0.214914628022267,0.285098501406932,0.314754193720839,0.153573260404592,0.0466882241871958,240.086893894596,235.549249350642,909,v7.4.6,gap_tied_weak_links_phase3_seed,/Users/asewaket/Documents/LTSpice Superconducting Circuit/matlab_v7_4_6_files/outputs/v7_4_6_as006_gap_weaklink_v800_phase3_seed_909/AS006_v7_4_6_gap_weaklink_scores.csv
AS006,contact_relaxed_a3_7_g0_05_p0_3,"contact-relaxed SNS links, alpha=3.7, tau=0.05, p=0.3",contact_relaxation,contact_relaxed,shape,3.7,0,0.05,0.3,0.714793028322441,0.05,0.300217864923747,1.89479351425339e-07,2.90087086109603e-06,0.0480870287858008,18.7622435075082,0.207345080532161,0.257615017134961,0.313416606520459,0.146843118278266,0.0470774262672074,0.219091189933552,0.282323600210833,0.337273442837466,0.137223963544708,0.0513738700604774,242.451047434725,231.321661837251,909,v7.4.6,gap_tied_weak_links_phase3_seed,/Users/asewaket/Documents/LTSpice Superconducting Circuit/matlab_v7_4_6_files/outputs/v7_4_6_as006_gap_weaklink_v800_phase3_seed_909/AS006_v7_4_6_gap_weaklink_scores.csv
AS006,contact_relaxed_a3_7_g0_1_p0_2,"contact-relaxed SNS links, alpha=3.7, tau=0.1, p=0.2",contact_relaxation,contact_relaxed,shape,3.7,0,0.1,0.2,0.820000000000002,0.1,0.2,7.85538710772934e-08,7.6554773545651e-07,0.0436446628730656,82.0063386778771,0.207361257145815,0.262876782422575,0.298820543658036,0.163101244146587,0.0471169967217063,0.226398520412596,0.306437930028537,0.340328463323879,0.14122155803454,0.0534529136744811,234.709644797887,222.683282148324,909,v7.4.6,gap_tied_weak_links_phase3_seed,/Users/asewaket/Documents/LTSpice Superconducting Circuit/matlab_v7_4_6_files/outputs/v7_4_6_as006_gap_weaklink_v800_phase3_seed_909/AS006_v7_4_6_gap_weaklink_scores.csv
AS006,crack_tunnel_a3_3_g0_2_p0_1,"tunnel/crack-like links, alpha=3.3, tau=0.2, p=0.1",tear_lane,crack_tunnel,shape,3.3,1,0.2,0.1,0.919825708061001,0.2,0.100217864923747,1.81141137566071e-07,3.67766748315381e-07,0.103647063592855,153.638019909562,0.207622117289182,0.265741463491493,0.294936333366521,0.167739390385254,0.0465563015814403,0.21370897062962,0.278917156861163,0.30746193184055,0.158125374712041,0.0539125971759216,240.526067116558,243.062861155289,909,v7.4.6,gap_tied_weak_links_phase3_seed,/Users/asewaket/Documents/LTSpice Superconducting Circuit/matlab_v7_4_6_files/outputs/v7_4_6_as006_gap_weaklink_v800_phase3_seed_909/AS006_v7_4_6_gap_weaklink_scores.csv
AS006,boundary_sns_a3_3_g0_1_p0_2,"SNS-like boundary constriction, alpha=3.3, tau=0.1, p=0.2",boundary_lane,boundary_constriction,shape,3.3,1,0.1,0.2,0.800784313725492,0.1,0.221350762527233,9.24331884970763e-08,3.09844600590019e-07,0.113320206039177,159.305444063504,0.207666353882835,0.261959674571424,0.291819452380258,0.173067338897421,0.0493538795555225,0.212547523208617,0.278695888155234,0.307566978958587,0.159439314353018,0.0465003717690503,240.024891074681,240.067620853105,909,v7.4.6,gap_tied_weak_links_phase3_seed,/Users/asewaket/Documents/LTSpice Superconducting Circuit/matlab_v7_4_6_files/outputs/v7_4_6_as006_gap_weaklink_v800_phase3_seed_909/AS006_v7_4_6_gap_weaklink_scores.csv
AS006,boundary_sns_a3_7_g0_05_p0_3,"SNS-like boundary constriction, alpha=3.7, tau=0.05, p=0.3",boundary_lane,boundary_constriction,shape,3.7,0,0.05,0.3,0.699891067538129,0.05,0.315904139433551,5.310925329385e-08,3.49905420292309e-07,0.109109154258996,137.272227854913,0.207863470144212,0.265669916867757,0.294435709697005,0.165029706750287,0.0520978084456842,0.205563404323938,0.253257224997179,0.282735624209589,0.176519808140724,0.0591226940798248,255.408134837737,252.834081424547,909,v7.4.6,gap_tied_weak_links_phase3_seed,/Users/asewaket/Documents/LTSpice Superconducting Circuit/matlab_v7_4_6_files/outputs/v7_4_6_as006_gap_weaklink_v800_phase3_seed_909/AS006_v7_4_6_gap_weaklink_scores.csv
AS006,combined_a4_1_g0_05_p0_05,"combined weak-link classes, alpha=4.1, tau=0.05, p=0.05",combined,boundary_constriction,shape,4.1,0.999999999999997,0.05,0.05,0.95239651416122,0.05,0.0501089324618736,6.78674063942687e-08,4.72307096362215e-07,0.150103811519248,158.000320262202,0.207953471511372,0.266516017769141,0.291092167766479,0.172610750064387,0.0480766086158956,0.216085814235317,0.291282352455828,0.314004330814271,0.154134186592196,0.0469714065555379,238.786127528444,234.612212658433,909,v7.4.6,gap_tied_weak_links_phase3_seed,/Users/asewaket/Documents/LTSpice Superconducting Circuit/matlab_v7_4_6_files/outputs/v7_4_6_as006_gap_weaklink_v800_phase3_seed_909/AS006_v7_4_6_gap_weaklink_scores.csv
AS006,combined_a3_7_g0_1_p0_05,"combined weak-link classes, alpha=3.7, tau=0.1, p=0.05",combined,boundary_constriction,shape,3.7,0,0.1,0.05,0.954901960784314,0.1,0.0501089324618736,1.20765007659763e-07,4.20217694621966e-07,0.135459537224687,160.260306733397,0.208143471892224,0.266995872956014,0.293660455353198,0.17026056916086,0.0469899781859363,0.215957137834417,0.289882441552304,0.31504849900684,0.153504402561366,0.0466878711561055,239.335584440358,235.587971022228,909,v7.4.6,gap_tied_weak_links_phase3_seed,/Users/asewaket/Documents/LTSpice Superconducting Circuit/matlab_v7_4_6_files/outputs/v7_4_6_as006_gap_weaklink_v800_phase3_seed_909/AS006_v7_4_6_gap_weaklink_scores.csv
AS006,contact_relaxed_a4_1_g0_1_p0_2,"contact-relaxed SNS links, alpha=4.1, tau=0.1, p=0.2",contact_relaxation,contact_relaxed,shape,4.1,0.999999999999997,0.1,0.2,0.820000000000002,0.1,0.2,8.70461814640278e-08,8.4830965280316e-07,0.0483630048052889,82.0063386778771,0.208286040933529,0.26733159448666,0.298622475262075,0.163537053909869,0.0470879610850188,0.22772519482551,0.312021739003375,0.340959756470417,0.141175456885543,0.0534553401940146,234.350076600004,222.290722585618,909,v7.4.6,gap_tied_weak_links_phase3_seed,/Users/asewaket/Documents/LTSpice Superconducting Circuit/matlab_v7_4_6_files/outputs/v7_4_6_as006_gap_weaklink_v800_phase3_seed_909/AS006_v7_4_6_gap_weaklink_scores.csv
AS006,crack_tunnel_a3_7_g0_2_p0_1,"tunnel/crack-like links, alpha=3.7, tau=0.2, p=0.1",tear_lane,crack_tunnel,shape,3.7,0,0.2,0.1,0.919825708061001,0.2,0.100217864923747,2.03097639089232e-07,4.12344535989972e-07,0.116210344028352,153.638019909562,0.208321419726301,0.269339864303308,0.294597971780503,0.168043400108113,0.0466665335771744,0.214619193290778,0.283281144118308,0.307722452816224,0.157938083306854,0.0538779257736231,239.771837355713,243.243984949166,909,v7.4.6,gap_tied_weak_links_phase3_seed,/Users/asewaket/Documents/LTSpice Superconducting Circuit/matlab_v7_4_6_files/outputs/v7_4_6_as006_gap_weaklink_v800_phase3_seed_909/AS006_v7_4_6_gap_weaklink_scores.csv
AS006,boundary_sns_a3_3_g0_2_p0_2,"SNS-like boundary constriction, alpha=3.3, tau=0.2, p=0.2",boundary_lane,boundary_constriction,shape,3.3,1,0.2,0.2,0.822919389978212,0.2,0.221350762527233,1.83433331469695e-07,3.09831802003219e-07,0.113320206039177,160.549994068717,0.208437100252964,0.266864616432332,0.29537677505528,0.168889883219268,0.047299174461665,0.219397336181192,0.295152428840618,0.322023330151576,0.149852851111897,0.0509773604102139,240.119509607646,230.075492087299,909,v7.4.6,gap_tied_weak_links_phase3_seed,/Users/asewaket/Documents/LTSpice Superconducting Circuit/matlab_v7_4_6_files/outputs/v7_4_6_as006_gap_weaklink_v800_phase3_seed_909/AS006_v7_4_6_gap_weaklink_scores.csv
AS006,boundary_sns_a3_7_g0_1_p0_2,"SNS-like boundary constriction, alpha=3.7, tau=0.1, p=0.2",boundary_lane,boundary_constriction,shape,3.7,0,0.1,0.2,0.800784313725492,0.1,0.221350762527233,1.03637211345207e-07,3.47401521873657e-07,0.12705598858938,159.305444063504,0.20846827336103,0.265831122201241,0.291834518938862,0.173168574791086,0.0493391179720428,0.213471318475511,0.283066170373826,0.307854627826978,0.159320995421064,0.0463935790301881,239.935078409397,239.898313584501,909,v7.4.6,gap_tied_weak_links_phase3_seed,/Users/asewaket/Documents/LTSpice Superconducting Circuit/matlab_v7_4_6_files/outputs/v7_4_6_as006_gap_weaklink_v800_phase3_seed_909/AS006_v7_4_6_gap_weaklink_scores.csv
AS006,combined_a3_3_g0_4_p0_3,"combined weak-link classes, alpha=3.3, tau=0.4, p=0.3",combined,boundary_constriction,shape,3.3,1,0.4,0.3,0.81986928104575,0.4,0.300217864923747,3.679645581919e-07,4.15539429631421e-07,0.0928321213063112,134.458810956058,0.208697491861775,0.270554253651124,0.302866671747199,0.156718823823481,0.0470180003208031,0.217660547870236,0.292667622645247,0.324053964090728,0.144193517008825,0.0482987832861268,242.103754534363,233.889552668818,909,v7.4.6,gap_tied_weak_links_phase3_seed,/Users/asewaket/Documents/LTSpice Superconducting Circuit/matlab_v7_4_6_files/outputs/v7_4_6_as006_gap_weaklink_v800_phase3_seed_909/AS006_v7_4_6_gap_weaklink_scores.csv
AS006,combined_a4_1_g0_1_p0_05,"combined weak-link classes, alpha=4.1, tau=0.1, p=0.05",combined,boundary_constriction,shape,4.1,0.999999999999997,0.1,0.05,0.954901960784314,0.1,0.0501089324618736,1.33820684163521e-07,4.65646634581097e-07,0.150103811519248,160.260306733397,0.208703612384828,0.269689227600414,0.293200743740289,0.170750452226367,0.0472894674952617,0.21670796219112,0.293421352943268,0.315213564194945,0.153440124517978,0.0466945650237072,238.698955923279,235.613245058957,909,v7.4.6,gap_tied_weak_links_phase3_seed,/Users/asewaket/Documents/LTSpice Superconducting Circuit/matlab_v7_4_6_files/outputs/v7_4_6_as006_gap_weaklink_v800_phase3_seed_909/AS006_v7_4_6_gap_weaklink_scores.csv
AS006,contact_relaxed_a3_3_g0_2_p0_2,"contact-relaxed SNS links, alpha=3.3, tau=0.2, p=0.2",contact_relaxation,contact_relaxed,shape,3.3,1,0.2,0.2,0.839999999999998,0.2,0.2,1.13196513880988e-07,5.51579022616816e-07,0.0389263209408423,101.513586899528,0.208706800594933,0.266614159959634,0.305149879585697,0.156729102282925,0.0469961758864071,0.226554577732541,0.306171922201617,0.342911530889125,0.139217666176328,0.0524837046847069,236.337356680154,224.613210636505,909,v7.4.6,gap_tied_weak_links_phase3_seed,/Users/asewaket/Documents/LTSpice Superconducting Circuit/matlab_v7_4_6_files/outputs/v7_4_6_as006_gap_weaklink_v800_phase3_seed_909/AS006_v7_4_6_gap_weaklink_scores.csv
AS006,combined_a3_3_g0_4_p0_2,"combined weak-link classes, alpha=3.3, tau=0.4, p=0.2",combined,boundary_constriction,shape,3.3,1,0.4,0.2,0.879999999999999,0.4,0.2,3.94417289593866e-07,3.92468936781455e-07,0.111465639078004,149.311183425666,0.208719311601777,0.270609888597581,0.301165561170706,0.159251527196658,0.0468825283667461,0.219677982636916,0.296779292375506,0.326085205216107,0.144288807600233,0.0506005021805942,241.559019036559,230.901338145626,909,v7.4.6,gap_tied_weak_links_phase3_seed,/Users/asewaket/Documents/LTSpice Superconducting Circuit/matlab_v7_4_6_files/outputs/v7_4_6_as006_gap_weaklink_v800_phase3_seed_909/AS006_v7_4_6_gap_weaklink_scores.csv
AS006,combined_a4_1_g0_4_p0_3,"combined weak-link classes, alpha=4.1, tau=0.4, p=0.3",combined,boundary_constriction,shape,4.1,0.999999999999997,0.4,0.3,0.81986928104575,0.4,0.300217864923747,4.57168087450542e-07,5.16276261057219e-07,0.115336877986629,134.458810956058,0.208731199945912,0.273843257034122,0.298658249889298,0.160207896576323,0.0469009346687625,0.219643682918383,0.301422096001274,0.324730643025911,0.144126026463169,0.0483601602163366,239.965256472538,231.483884717023,909,v7.4.6,gap_tied_weak_links_phase3_seed,/Users/asewaket/Documents/LTSpice Superconducting Circuit/matlab_v7_4_6_files/outputs/v7_4_6_as006_gap_weaklink_v800_phase3_seed_909/AS006_v7_4_6_gap_weaklink_scores.csv
AS006,crack_tunnel_a4_1_g0_2_p0_1,"tunnel/crack-like links, alpha=4.1, tau=0.2, p=0.1",tear_lane,crack_tunnel,shape,4.1,0.999999999999997,0.2,0.1,0.919825708061001,0.2,0.100217864923747,2.25054140612392e-07,4.56922323664564e-07,0.12877362446385,153.638019909562,0.208822080169721,0.271871979244126,0.294234113423397,0.168337007243708,0.0469074640589023,0.215264195178743,0.28651012248477,0.307865842588378,0.157798473687104,0.0537975367704042,239.096572885564,243.432189462752,909,v7.4.6,gap_tied_weak_links_phase3_seed,/Users/asewaket/Documents/LTSpice Superconducting Circuit/matlab_v7_4_6_files/outputs/v7_4_6_as006_gap_weaklink_v800_phase3_seed_909/AS006_v7_4_6_gap_weaklink_scores.csv
AS006,combined_a4_1_g0_4_p0_2,"combined weak-link classes, alpha=4.1, tau=0.4, p=0.2",combined,boundary_constriction,shape,4.1,0.999999999999997,0.4,0.2,0.879999999999999,0.4,0.2,4.90033602222681e-07,4.87612921455747e-07,0.138487612187823,149.311183425666,0.208832191715593,0.273557351833225,0.297823332778202,0.162081176017137,0.0468113043614631,0.221339131894856,0.304175318497189,0.326667218116866,0.144177743916085,0.0506305293774698,239.796259826872,229.017412159772,909,v7.4.6,gap_tied_weak_links_phase3_seed,/Users/asewaket/Documents/LTSpice Superconducting Circuit/matlab_v7_4_6_files/outputs/v7_4_6_as006_gap_weaklink_v800_phase3_seed_909/AS006_v7_4_6_gap_weaklink_scores.csv
AS006,combined_a3_7_g0_4_p0_3,"combined weak-link classes, alpha=3.7, tau=0.4, p=0.3",combined,boundary_constriction,shape,3.7,0,0.4,0.3,0.81986928104575,0.4,0.300217864923747,4.12566322821221e-07,4.6590784534432e-07,0.10408449964647,134.458810956058,0.208901041469203,0.272971939124241,0.301012312516387,0.158272611290646,0.0469209572047868,0.218782710195376,0.297583580655831,0.324462974877156,0.144152258807358,0.0483294407768303,241.158512824859,232.734562463848,909,v7.4.6,gap_tied_weak_links_phase3_seed,/Users/asewaket/Documents/LTSpice Superconducting Circuit/matlab_v7_4_6_files/outputs/v7_4_6_as006_gap_weaklink_v800_phase3_seed_909/AS006_v7_4_6_gap_weaklink_scores.csv
AS006,combined_a3_7_g0_4_p0_2,"combined weak-link classes, alpha=3.7, tau=0.4, p=0.2",combined,boundary_constriction,shape,3.7,0,0.4,0.2,0.879999999999999,0.4,0.2,4.42225445908274e-07,4.40040929118601e-07,0.124976625632914,149.311183425666,0.208928577955033,0.272722587737538,0.299688773158844,0.160516342705506,0.0468195206277671,0.220620462797571,0.300935335901949,0.326441947810188,0.144221652335067,0.0506165039992415,240.776232324489,229.987588038866,909,v7.4.6,gap_tied_weak_links_phase3_seed,/Users/asewaket/Documents/LTSpice Superconducting Circuit/matlab_v7_4_6_files/outputs/v7_4_6_as006_gap_weaklink_v800_phase3_seed_909/AS006_v7_4_6_gap_weaklink_scores.csv
AS006,boundary_sns_a4_1_g0_1_p0_2,"SNS-like boundary constriction, alpha=4.1, tau=0.1, p=0.2",boundary_lane,boundary_constriction,shape,4.1,0.999999999999997,0.1,0.2,0.800784313725492,0.1,0.221350762527233,1.14841234193337e-07,3.84958443157296e-07,0.140791771139583,159.305444063504,0.209008102701014,0.26857796739119,0.291721205449,0.173306564585105,0.049317230846749,0.214142908260875,0.286336670737123,0.308042586087595,0.159206797503688,0.0462948480343512,239.819721814694,239.723294485498,909,v7.4.6,gap_tied_weak_links_phase3_seed,/Users/asewaket/Documents/LTSpice Superconducting Circuit/matlab_v7_4_6_files/outputs/v7_4_6_as006_gap_weaklink_v800_phase3_seed_909/AS006_v7_4_6_gap_weaklink_scores.csv
AS006,boundary_sns_a3_7_g0_2_p0_2,"SNS-like boundary constriction, alpha=3.7, tau=0.2, p=0.2",boundary_lane,boundary_constriction,shape,3.7,0,0.2,0.2,0.822919389978212,0.2,0.221350762527233,2.05667674678143e-07,3.47387171943003e-07,0.12705598858938,160.549994068717,0.209035897556187,0.270227966468882,0.295001000018895,0.169204371223252,0.0471943072499231,0.220279163838122,0.299343316522945,0.322240360327116,0.149726977715681,0.0509731499506077,239.916721808149,229.740305044105,909,v7.4.6,gap_tied_weak_links_phase3_seed,/Users/asewaket/Documents/LTSpice Superconducting Circuit/matlab_v7_4_6_files/outputs/v7_4_6_as006_gap_weaklink_v800_phase3_seed_909/AS006_v7_4_6_gap_weaklink_scores.csv
AS006,contact_relaxed_a3_7_g0_1_p0_3,"contact-relaxed SNS links, alpha=3.7, tau=0.1, p=0.3",contact_relaxation,contact_relaxed,shape,3.7,0,0.1,0.3,0.72980392156863,0.1,0.300217864923747,2.01932921858814e-07,1.54576560588195e-06,0.0480870287858008,35.2102836760074,0.20926166635136,0.265934642771102,0.313895515307373,0.147117352912369,0.0471598460573357,0.22183075893359,0.292510481293072,0.339409562575218,0.137076107740439,0.0513314441926978,241.595316373942,230.669097411481,909,v7.4.6,gap_tied_weak_links_phase3_seed,/Users/asewaket/Documents/LTSpice Superconducting Circuit/matlab_v7_4_6_files/outputs/v7_4_6_as006_gap_weaklink_v800_phase3_seed_909/AS006_v7_4_6_gap_weaklink_scores.csv
AS006,combined_a3_3_g0_2_p0_05,"combined weak-link classes, alpha=3.3, tau=0.2, p=0.05",combined,boundary_constriction,shape,3.3,1,0.2,0.05,0.959912854030501,0.2,0.0501089324618736,2.10363559267703e-07,3.66006100127179e-07,0.120815262930126,164.111412729462,0.209291937423728,0.270076553867709,0.29900399997647,0.165208250996709,0.0466158195462244,0.216802435458574,0.290711562516103,0.318560244751183,0.151084774682415,0.0469642181091761,240.852981565902,236.010741555621,909,v7.4.6,gap_tied_weak_links_phase3_seed,/Users/asewaket/Documents/LTSpice Superconducting Circuit/matlab_v7_4_6_files/outputs/v7_4_6_as006_gap_weaklink_v800_phase3_seed_909/AS006_v7_4_6_gap_weaklink_scores.csv
AS006,boundary_sns_a4_1_g0_2_p0_2,"SNS-like boundary constriction, alpha=4.1, tau=0.2, p=0.2",boundary_lane,boundary_constriction,shape,4.1,0.999999999999997,0.2,0.2,0.822919389978212,0.2,0.221350762527233,2.27902017886591e-07,3.84942541882787e-07,0.140791771139583,160.549994068717,0.209382789776555,0.272470407122996,0.294464598477379,0.169626528557583,0.0470973337273875,0.220925749748023,0.302492051195223,0.322369462538527,0.149621014602442,0.0509638698494162,239.665312571891,229.374823575819,909,v7.4.6,gap_tied_weak_links_phase3_seed,/Users/asewaket/Documents/LTSpice Superconducting Circuit/matlab_v7_4_6_files/outputs/v7_4_6_as006_gap_weaklink_v800_phase3_seed_909/AS006_v7_4_6_gap_weaklink_scores.csv
AS006,boundary_sns_a3_3_g0_05_p0_2,"SNS-like boundary constriction, alpha=3.3, tau=0.05, p=0.2",boundary_lane,boundary_constriction,shape,3.3,1,0.05,0.2,0.78971677559913,0.05,0.221350762527233,4.51966952418658e-08,3.03007008908876e-07,0.113320206039177,162.900296812989,0.209459340832536,0.268200487996878,0.298961859890126,0.167036478185767,0.0471173636258718,0.214582581739888,0.250648503316919,0.282451537963656,0.188117023941789,0.0928279340188883,247.524905699686,267.988963249041,909,v7.4.6,gap_tied_weak_links_phase3_seed,/Users/asewaket/Documents/LTSpice Superconducting Circuit/matlab_v7_4_6_files/outputs/v7_4_6_as006_gap_weaklink_v800_phase3_seed_909/AS006_v7_4_6_gap_weaklink_scores.csv
AS006,boundary_sns_a4_1_g0_4_p0_3,"SNS-like boundary constriction, alpha=4.1, tau=0.4, p=0.3",boundary_lane,boundary_constriction,shape,4.1,0.999999999999997,0.4,0.3,0.810457516339867,0.4,0.315904139433551,4.22920663647879e-07,4.38015290464634e-07,0.120904738503211,152.815037409184,0.209466511187243,0.276580616007858,0.298049250308057,0.162087272650176,0.0465566610765389,0.225314820861249,0.311806210016989,0.331414356540373,0.142911633226224,0.0561532288108226,240.051470885292,224.89506229698,909,v7.4.6,gap_tied_weak_links_phase3_seed,/Users/asewaket/Documents/LTSpice Superconducting Circuit/matlab_v7_4_6_files/outputs/v7_4_6_as006_gap_weaklink_v800_phase3_seed_909/AS006_v7_4_6_gap_weaklink_scores.csv
AS006,contact_relaxed_a3_7_g0_2_p0_2,"contact-relaxed SNS links, alpha=3.7, tau=0.2, p=0.2",contact_relaxation,contact_relaxed,shape,3.7,0,0.2,0.2,0.839999999999998,0.2,0.2,1.2691730344232e-07,6.18437085964309e-07,0.0436446628730656,101.513586899528,0.209517786125862,0.271274164019023,0.303891904674451,0.157910702146642,0.0471155557466925,0.22816035428011,0.313092337871333,0.343542414107789,0.139221118169188,0.0524838111291025,235.348986781535,223.888402176247,909,v7.4.6,gap_tied_weak_links_phase3_seed,/Users/asewaket/Documents/LTSpice Superconducting Circuit/matlab_v7_4_6_files/outputs/v7_4_6_as006_gap_weaklink_v800_phase3_seed_909/AS006_v7_4_6_gap_weaklink_scores.csv
AS006,contact_relaxed_a3_3_g0_2_p0_3,"contact-relaxed SNS links, alpha=3.3, tau=0.2, p=0.3",contact_relaxation,contact_relaxed,shape,3.3,1,0.2,0.3,0.759825708061001,0.2,0.300217864923747,2.0070863026502e-07,7.6943755576765e-07,0.0428884310792277,63.1906492785553,0.209618112668541,0.267841289638183,0.313002601747671,0.148100349368782,0.047369283935122,0.223723091411926,0.298120267676591,0.341943253727538,0.136752980440195,0.0511532698096021,239.713087183294,229.372663281637,909,v7.4.6,gap_tied_weak_links_phase3_seed,/Users/asewaket/Documents/LTSpice Superconducting Circuit/matlab_v7_4_6_files/outputs/v7_4_6_as006_gap_weaklink_v800_phase3_seed_909/AS006_v7_4_6_gap_weaklink_scores.csv
AS006,contact_relaxed_a4_1_g0_05_p0_3,"contact-relaxed SNS links, alpha=4.1, tau=0.05, p=0.3",contact_relaxation,contact_relaxed,shape,4.1,0.999999999999997,0.05,0.3,0.714793028322441,0.05,0.300217864923747,2.09963605633484e-07,3.21447852175506e-06,0.0532856264923738,18.7622435075082,0.209623134096142,0.267212744526553,0.314731124028073,0.146476236613738,0.0470281631378572,0.221197536077223,0.291383123807417,0.338023236784622,0.137345673384057,0.0513818004755391,242.792140761229,231.548925567918,909,v7.4.6,gap_tied_weak_links_phase3_seed,/Users/asewaket/Documents/LTSpice Superconducting Circuit/matlab_v7_4_6_files/outputs/v7_4_6_as006_gap_weaklink_v800_phase3_seed_909/AS006_v7_4_6_gap_weaklink_scores.csv
AS006,boundary_sns_a3_7_g0_05_p0_2,"SNS-like boundary constriction, alpha=3.7, tau=0.05, p=0.2",boundary_lane,boundary_constriction,shape,3.7,0,0.05,0.2,0.78971677559913,0.05,0.221350762527233,5.06750825439101e-08,3.39735131200861e-07,0.12705598858938,162.900296812989,0.209632977106109,0.266278964621963,0.293285746967736,0.172859173148153,0.0525618972798539,0.21530378911527,0.255142806253444,0.282957498453598,0.187783844122634,0.0914707118758172,241.182795243286,267.880844233953,909,v7.4.6,gap_tied_weak_links_phase3_seed,/Users/asewaket/Documents/LTSpice Superconducting Circuit/matlab_v7_4_6_files/outputs/v7_4_6_as006_gap_weaklink_v800_phase3_seed_909/AS006_v7_4_6_gap_weaklink_scores.csv
AS006,combined_a3_7_g0_2_p0_05,"combined weak-link classes, alpha=3.7, tau=0.2, p=0.05",combined,boundary_constriction,shape,3.7,0,0.2,0.05,0.959912854030501,0.2,0.0501089324618736,2.35862172512274e-07,4.1037047590017e-07,0.135459537224687,164.111412729462,0.209742162460173,0.273034348164258,0.297981140641282,0.1661002432227,0.0465841639859911,0.217741615713709,0.295147054551962,0.31878804792164,0.150971599270117,0.0469674410660649,239.857143366082,235.805034370735,909,v7.4.6,gap_tied_weak_links_phase3_seed,/Users/asewaket/Documents/LTSpice Superconducting Circuit/matlab_v7_4_6_files/outputs/v7_4_6_as006_gap_weaklink_v800_phase3_seed_909/AS006_v7_4_6_gap_weaklink_scores.csv
AS006,boundary_sns_a3_3_g0_4_p0_3,"SNS-like boundary constriction, alpha=3.3, tau=0.4, p=0.3",boundary_lane,boundary_constriction,shape,3.3,1,0.4,0.3,0.810457516339867,0.4,0.315904139433551,3.40399558545854e-07,3.52548892325194e-07,0.0973135700147798,152.815037409184,0.209763506279767,0.274621229651314,0.302411910360314,0.15858295649645,0.046746762996408,0.223725085891533,0.304438928091006,0.331019140033888,0.143011188136188,0.0561390211371193,242.041185567654,227.274282758078,909,v7.4.6,gap_tied_weak_links_phase3_seed,/Users/asewaket/Documents/LTSpice Superconducting Circuit/matlab_v7_4_6_files/outputs/v7_4_6_as006_gap_weaklink_v800_phase3_seed_909/AS006_v7_4_6_gap_weaklink_scores.csv
AS006,boundary_sns_a3_7_g0_4_p0_3,"SNS-like boundary constriction, alpha=3.7, tau=0.4, p=0.3",boundary_lane,boundary_constriction,shape,3.7,0,0.4,0.3,0.810457516339867,0.4,0.315904139433551,3.81660111096867e-07,3.95282091394914e-07,0.109109154258996,152.815037409184,0.209818548984589,0.276413554219356,0.30053483810049,0.160080976081262,0.0466420039261527,0.224637646224788,0.308633392023709,0.331268242126719,0.142951915708494,0.056145520742855,241.197156117701,226.175441731151,909,v7.4.6,gap_tied_weak_links_phase3_seed,/Users/asewaket/Documents/LTSpice Superconducting Circuit/matlab_v7_4_6_files/outputs/v7_4_6_as006_gap_weaklink_v800_phase3_seed_909/AS006_v7_4_6_gap_weaklink_scores.csv
AS006,crack_tunnel_a3_3_g0_05_p0_05,"tunnel/crack-like links, alpha=3.3, tau=0.05, p=0.05",tear_lane,crack_tunnel,shape,3.3,1,0.05,0.05,0.951982570806101,0.05,0.0505446623093682,4.87476453835539e-08,3.68909463444864e-07,0.120824617189587,162.790611008249,0.210017416340003,0.271626729934164,0.299876449641502,0.165452253995444,0.0468612473989155,0.215645560561253,0.278394000449113,0.30624071892596,0.161540384017257,0.0619870642151482,241.601658269429,248.227366454804,909,v7.4.6,gap_tied_weak_links_phase3_seed,/Users/asewaket/Documents/LTSpice Superconducting Circuit/matlab_v7_4_6_files/outputs/v7_4_6_as006_gap_weaklink_v800_phase3_seed_909/AS006_v7_4_6_gap_weaklink_scores.csv
AS006,combined_a4_1_g0_2_p0_05,"combined weak-link classes, alpha=4.1, tau=0.2, p=0.05",combined,boundary_constriction,shape,4.1,0.999999999999997,0.2,0.05,0.959912854030501,0.2,0.0501089324618736,2.61360785756844e-07,4.54734851673162e-07,0.150103811519248,164.111412729462,0.210064111802198,0.275085694734003,0.297102062801254,0.166848601874876,0.0467455020311963,0.218427936309432,0.298455806015343,0.318927337492361,0.150876861535596,0.0469649580006904,238.822746829455,235.853544614609,909,v7.4.6,gap_tied_weak_links_phase3_seed,/Users/asewaket/Documents/LTSpice Superconducting Circuit/matlab_v7_4_6_files/outputs/v7_4_6_as006_gap_weaklink_v800_phase3_seed_909/AS006_v7_4_6_gap_weaklink_scores.csv
AS006,crack_tunnel_a4_1_g0_4_p0_3,"tunnel/crack-like links, alpha=4.1, tau=0.4, p=0.3",tear_lane,crack_tunnel,shape,4.1,0.999999999999997,0.4,0.3,0.819869281045749,0.4,0.300217864923747,4.27031402281375e-07,5.06630323135503e-07,0.0977859652320086,127.301477262077,0.210089355184183,0.27990178316885,0.301808622293227,0.155878477243705,0.0475318071842861,0.215585439443255,0.294212115834986,0.315479415537516,0.14696637385184,0.0479181368758352,240.921213181304,241.985981437066,909,v7.4.6,gap_tied_weak_links_phase3_seed,/Users/asewaket/Documents/LTSpice Superconducting Circuit/matlab_v7_4_6_files/outputs/v7_4_6_as006_gap_weaklink_v800_phase3_seed_909/AS006_v7_4_6_gap_weaklink_scores.csv
AS006,contact_relaxed_a4_1_g0_2_p0_2,"contact-relaxed SNS links, alpha=4.1, tau=0.2, p=0.2",contact_relaxation,contact_relaxed,shape,4.1,0.999999999999997,0.2,0.2,0.839999999999998,0.2,0.2,1.40638093003652e-07,6.85295149311802e-07,0.0483630048052889,101.513586899528,0.21023753276982,0.27510185022564,0.303326469172783,0.158509884907061,0.047127136437264,0.229328161338467,0.318139218389036,0.34398667320187,0.139233534758048,0.0524829917524664,234.872582144862,223.466664232225,909,v7.4.6,gap_tied_weak_links_phase3_seed,/Users/asewaket/Documents/LTSpice Superconducting Circuit/matlab_v7_4_6_files/outputs/v7_4_6_as006_gap_weaklink_v800_phase3_seed_909/AS006_v7_4_6_gap_weaklink_scores.csv
AS006,combined_a3_3_g0_4_p0_1,"combined weak-link classes, alpha=3.3, tau=0.4, p=0.1",combined,boundary_constriction,shape,3.3,1,0.4,0.1,0.939869281045751,0.4,0.100217864923747,3.75259676695888e-07,3.75345000019805e-07,0.113712484450162,161.713936941632,0.210322045741657,0.274654023979183,0.303570367781737,0.159394243772939,0.0464652563948907,0.218464193828081,0.295936415045344,0.323814018805899,0.146470464843761,0.0466219401300365,241.78933251799,234.762812177686,909,v7.4.6,gap_tied_weak_links_phase3_seed,/Users/asewaket/Documents/LTSpice Superconducting Circuit/matlab_v7_4_6_files/outputs/v7_4_6_as006_gap_weaklink_v800_phase3_seed_909/AS006_v7_4_6_gap_weaklink_scores.csv
AS006,crack_tunnel_a3_3_g0_4_p0_2,"tunnel/crack-like links, alpha=3.3, tau=0.4, p=0.2",tear_lane,crack_tunnel,shape,3.3,1,0.4,0.2,0.879738562091502,0.4,0.200435729847495,3.3103272561818e-07,3.88242087591612e-07,0.0855726015736077,143.015350571415,0.21041069995066,0.277003193056194,0.30501338122808,0.155567137918143,0.0468179671502852,0.216198472837741,0.292198574687639,0.319692677780817,0.146335551051247,0.0464121645705784,242.652963528917,239.263532121095,909,v7.4.6,gap_tied_weak_links_phase3_seed,/Users/asewaket/Documents/LTSpice Superconducting Circuit/matlab_v7_4_6_files/outputs/v7_4_6_as006_gap_weaklink_v800_phase3_seed_909/AS006_v7_4_6_gap_weaklink_scores.csv
AS006,boundary_sns_a4_1_g0_05_p0_2,"SNS-like boundary constriction, alpha=4.1, tau=0.05, p=0.2",boundary_lane,boundary_constriction,shape,4.1,0.999999999999997,0.05,0.2,0.78971677559913,0.05,0.221350762527233,5.61534698459545e-08,3.76463253492846e-07,0.140791771139583,162.900296812989,0.210445947779869,0.269303322872799,0.293391119210924,0.17297974855743,0.053267271710642,0.215772427899405,0.258498184843569,0.283332809978007,0.187446715255081,0.0902231431230905,240.962883374866,267.783400920078,909,v7.4.6,gap_tied_weak_links_phase3_seed,/Users/asewaket/Documents/LTSpice Superconducting Circuit/matlab_v7_4_6_files/outputs/v7_4_6_as006_gap_weaklink_v800_phase3_seed_909/AS006_v7_4_6_gap_weaklink_scores.csv
AS006,crack_tunnel_a4_1_g0_4_p0_2,"tunnel/crack-like links, alpha=4.1, tau=0.4, p=0.2",tear_lane,crack_tunnel,shape,4.1,0.999999999999997,0.4,0.2,0.879738562091502,0.4,0.200435729847495,4.11283083343799e-07,4.82361381553215e-07,0.106317474682361,143.015350571415,0.210539723420342,0.280062813155713,0.301433285071733,0.158340931195384,0.0472013910762334,0.21783573560217,0.299736479669628,0.320160702362547,0.146189303848162,0.0464243393965609,240.374759970029,237.718421923527,909,v7.4.6,gap_tied_weak_links_phase3_seed,/Users/asewaket/Documents/LTSpice Superconducting Circuit/matlab_v7_4_6_files/outputs/v7_4_6_as006_gap_weaklink_v800_phase3_seed_909/AS006_v7_4_6_gap_weaklink_scores.csv
AS006,combined_a4_1_g0_4_p0_1,"combined weak-link classes, alpha=4.1, tau=0.4, p=0.1",combined,boundary_constriction,shape,4.1,0.999999999999997,0.4,0.1,0.939869281045751,0.4,0.100217864923747,4.66231719531255e-07,4.66337727297334e-07,0.141279147347171,161.713936941632,0.210576595482731,0.278247792873585,0.300488782311169,0.161827206106185,0.0464958078627957,0.220045639799481,0.303398277149863,0.324172215561234,0.146312838544341,0.0466374964349563,240.067893837922,233.235244103027,909,v7.4.6,gap_tied_weak_links_phase3_seed,/Users/asewaket/Documents/LTSpice Superconducting Circuit/matlab_v7_4_6_files/outputs/v7_4_6_as006_gap_weaklink_v800_phase3_seed_909/AS006_v7_4_6_gap_weaklink_scores.csv
AS006,crack_tunnel_a3_3_g0_4_p0_3,"tunnel/crack-like links, alpha=3.3, tau=0.4, p=0.3",tear_lane,crack_tunnel,shape,3.3,1,0.4,0.3,0.819869281045749,0.4,0.300217864923747,3.43708201836229e-07,4.07775625938332e-07,0.0787057768940557,127.301477262077,0.210620197024206,0.27825513630104,0.306689275399638,0.152258255847711,0.0478167970609859,0.213947488204296,0.28682173465764,0.314928468175884,0.147085972441091,0.0479334215046818,243.251513948176,244.804297837196,909,v7.4.6,gap_tied_weak_links_phase3_seed,/Users/asewaket/Documents/LTSpice Superconducting Circuit/matlab_v7_4_6_files/outputs/v7_4_6_as006_gap_weaklink_v800_phase3_seed_909/AS006_v7_4_6_gap_weaklink_scores.csv
AS006,combined_a3_7_g0_4_p0_1,"combined weak-link classes, alpha=3.7, tau=0.4, p=0.1",combined,boundary_constriction,shape,3.7,0,0.4,0.1,0.939869281045751,0.4,0.100217864923747,4.20745698113572e-07,4.2084136365857e-07,0.127495815898667,161.713936941632,0.210632310777652,0.277196554236659,0.302254855655903,0.160437840923784,0.0464717010990401,0.219381209036564,0.300206728548581,0.324050418445143,0.146377832779332,0.0466387933810718,241.0782736203,234.015924737219,909,v7.4.6,gap_tied_weak_links_phase3_seed,/Users/asewaket/Documents/LTSpice Superconducting Circuit/matlab_v7_4_6_files/outputs/v7_4_6_as006_gap_weaklink_v800_phase3_seed_909/AS006_v7_4_6_gap_weaklink_scores.csv
AS006,crack_tunnel_a3_7_g0_4_p0_3,"tunnel/crack-like links, alpha=3.7, tau=0.4, p=0.3",tear_lane,crack_tunnel,shape,3.7,0,0.4,0.3,0.819869281045749,0.4,0.300217864923747,3.85369802058802e-07,4.57202974536917e-07,0.0882458710630321,127.301477262077,0.210673276909676,0.280180326213096,0.304809892407202,0.153663048906135,0.0476899354900134,0.214899548694085,0.291072509601897,0.31526791601526,0.147013352178828,0.0479396906182877,242.315627654007,243.637280326812,909,v7.4.6,gap_tied_weak_links_phase3_seed,/Users/asewaket/Documents/LTSpice Superconducting Circuit/matlab_v7_4_6_files/outputs/v7_4_6_as006_gap_weaklink_v800_phase3_seed_909/AS006_v7_4_6_gap_weaklink_scores.csv
AS006,crack_tunnel_a3_7_g0_05_p0_05,"tunnel/crack-like links, alpha=3.7, tau=0.05, p=0.05",tear_lane,crack_tunnel,shape,3.7,0,0.05,0.05,0.951982570806101,0.05,0.0505446623093682,5.46564508845908e-08,4.13625762044242e-07,0.135470025333779,162.790611008249,0.2107061540331,0.275023075432081,0.299463940199568,0.166007692793777,0.0469361833919521,0.216565036508003,0.282655568692804,0.30656653764229,0.161466103735893,0.0618455433033389,240.545733873232,248.55848982169,909,v7.4.6,gap_tied_weak_links_phase3_seed,/Users/asewaket/Documents/LTSpice Superconducting Circuit/matlab_v7_4_6_files/outputs/v7_4_6_as006_gap_weaklink_v800_phase3_seed_909/AS006_v7_4_6_gap_weaklink_scores.csv
AS006,crack_tunnel_a3_7_g0_4_p0_2,"tunnel/crack-like links, alpha=3.7, tau=0.4, p=0.2",tear_lane,crack_tunnel,shape,3.7,0,0.4,0.2,0.879738562091502,0.4,0.200435729847495,3.7115790448099e-07,4.35301734572414e-07,0.0959450381279844,143.015350571415,0.210759639679545,0.279552395870323,0.303683971118684,0.156611907708905,0.0470339684335727,0.217149821250259,0.296539499462959,0.319981546971259,0.146247947983289,0.0464319646095232,241.682536348867,238.709405289751,909,v7.4.6,gap_tied_weak_links_phase3_seed,/Users/asewaket/Documents/LTSpice Superconducting Circuit/matlab_v7_4_6_files/outputs/v7_4_6_as006_gap_weaklink_v800_phase3_seed_909/AS006_v7_4_6_gap_weaklink_scores.csv
AS006,crack_tunnel_a3_3_g0_1_p0_05,"tunnel/crack-like links, alpha=3.3, tau=0.1, p=0.05",tear_lane,crack_tunnel,shape,3.3,1,0.1,0.05,0.954509803921569,0.1,0.0505446623093682,9.64986016028974e-08,3.65138121650843e-07,0.120824617189587,164.471999498155,0.211045876218915,0.274828201398231,0.302423726639705,0.163438947033247,0.0468609742853017,0.216626590012455,0.282797098481533,0.309946588830364,0.158653365218284,0.0596126146047504,241.854623124623,246.775187617193,909,v7.4.6,gap_tied_weak_links_phase3_seed,/Users/asewaket/Documents/LTSpice Superconducting Circuit/matlab_v7_4_6_files/outputs/v7_4_6_as006_gap_weaklink_v800_phase3_seed_909/AS006_v7_4_6_gap_weaklink_scores.csv
AS006,crack_tunnel_a4_1_g0_05_p0_05,"tunnel/crack-like links, alpha=4.1, tau=0.05, p=0.05",tear_lane,crack_tunnel,shape,4.1,0.999999999999997,0.05,0.05,0.951982570806101,0.05,0.0505446623093682,6.05652563856276e-08,4.58342060643619e-07,0.150115433477971,162.790611008249,0.21117542572281,0.277128716822764,0.298841913651862,0.166635099546507,0.0474811884673921,0.21719610479887,0.285727890574979,0.306746394203093,0.161373089177047,0.0617300820926512,239.398258058913,248.917605660672,909,v7.4.6,gap_tied_weak_links_phase3_seed,/Users/asewaket/Documents/LTSpice Superconducting Circuit/matlab_v7_4_6_files/outputs/v7_4_6_as006_gap_weaklink_v800_phase3_seed_909/AS006_v7_4_6_gap_weaklink_scores.csv
AS006,contact_relaxed_a4_1_g0_1_p0_3,"contact-relaxed SNS links, alpha=4.1, tau=0.1, p=0.3",contact_relaxation,contact_relaxed,shape,4.1,0.999999999999997,0.1,0.3,0.72980392156863,0.1,0.300217864923747,2.23763508005713e-07,1.71287540111243e-06,0.0532856264923738,35.2102836760074,0.211326422053659,0.274669695943003,0.315054637568454,0.146778124657208,0.0471441427589903,0.223710737627809,0.300657205145424,0.340040922080923,0.137188079601972,0.0513397698495422,241.879692883375,230.912665653142,909,v7.4.6,gap_tied_weak_links_phase3_seed,/Users/asewaket/Documents/LTSpice Superconducting Circuit/matlab_v7_4_6_files/outputs/v7_4_6_as006_gap_weaklink_v800_phase3_seed_909/AS006_v7_4_6_gap_weaklink_scores.csv
AS006,crack_tunnel_a3_7_g0_1_p0_05,"tunnel/crack-like links, alpha=3.7, tau=0.1, p=0.05",tear_lane,crack_tunnel,shape,3.7,0,0.1,0.05,0.954509803921569,0.1,0.0505446623093682,1.08195401797188e-07,4.09397287911552e-07,0.135470025333779,164.471999498155,0.211659454097946,0.278156473254411,0.301996442113899,0.163900288350424,0.0467716630979624,0.217495485574733,0.286928782998353,0.310199407198608,0.158572434666275,0.059484138944903,240.843358885753,247.125339515246,909,v7.4.6,gap_tied_weak_links_phase3_seed,/Users/asewaket/Documents/LTSpice Superconducting Circuit/matlab_v7_4_6_files/outputs/v7_4_6_as006_gap_weaklink_v800_phase3_seed_909/AS006_v7_4_6_gap_weaklink_scores.csv
AS006,contact_relaxed_a3_7_g0_2_p0_3,"contact-relaxed SNS links, alpha=3.7, tau=0.2, p=0.3",contact_relaxation,contact_relaxed,shape,3.7,0,0.2,0.3,0.759825708061001,0.2,0.300217864923747,2.25036949085022e-07,8.62702714042517e-07,0.0480870287858008,63.1906492785553,0.211830126113977,0.277111647903477,0.314357091305627,0.147648647820193,0.0473532631063197,0.225697376629321,0.306619489027931,0.342627795413511,0.136883088105222,0.051164892013503,240.073255200185,229.678511083582,909,v7.4.6,gap_tied_weak_links_phase3_seed,/Users/asewaket/Documents/LTSpice Superconducting Circuit/matlab_v7_4_6_files/outputs/v7_4_6_as006_gap_weaklink_v800_phase3_seed_909/AS006_v7_4_6_gap_weaklink_scores.csv
AS006,crack_tunnel_a4_1_g0_1_p0_05,"tunnel/crack-like links, alpha=4.1, tau=0.1, p=0.05",tear_lane,crack_tunnel,shape,4.1,0.999999999999997,0.1,0.05,0.954509803921569,0.1,0.0505446623093682,1.19892201991479e-07,4.5365645417226e-07,0.150115433477971,164.471999498155,0.211949614732062,0.279937167832741,0.301080840007646,0.164668412506584,0.0470839201809568,0.21808887222202,0.28992236455452,0.310321887907267,0.15846709816382,0.0593748200130871,239.641288542972,247.306950088644,909,v7.4.6,gap_tied_weak_links_phase3_seed,/Users/asewaket/Documents/LTSpice Superconducting Circuit/matlab_v7_4_6_files/outputs/v7_4_6_as006_gap_weaklink_v800_phase3_seed_909/AS006_v7_4_6_gap_weaklink_scores.csv
AS006,boundary_sns_a4_1_g0_4_p0_2,"SNS-like boundary constriction, alpha=4.1, tau=0.4, p=0.2",boundary_lane,boundary_constriction,shape,4.1,0.999999999999997,0.4,0.2,0.867189542483658,0.4,0.221350762527233,4.38451435246529e-07,4.28977385228182e-07,0.140791771139583,166.904084140436,0.212319237822529,0.282940225192445,0.303088904283103,0.161285471342573,0.0466435422465536,0.225600687588412,0.314237403942612,0.332546323642689,0.144097260122477,0.0516883924716458,240.015423044551,228.084889506003,909,v7.4.6,gap_tied_weak_links_phase3_seed,/Users/asewaket/Documents/LTSpice Superconducting Circuit/matlab_v7_4_6_files/outputs/v7_4_6_as006_gap_weaklink_v800_phase3_seed_909/AS006_v7_4_6_gap_weaklink_scores.csv
AS006,boundary_sns_a3_3_g0_4_p0_2,"SNS-like boundary constriction, alpha=3.3, tau=0.4, p=0.2",boundary_lane,boundary_constriction,shape,3.3,1,0.4,0.2,0.867189542483658,0.4,0.221350762527233,3.52899935686231e-07,3.45274480793414e-07,0.113320206039177,166.904084140436,0.212476829363755,0.280571442278589,0.306731233840292,0.15855576356346,0.0468383408653515,0.224146290487141,0.307323941998418,0.332219426310803,0.144262926254707,0.0516948565749973,241.687569962558,230.110829550488,909,v7.4.6,gap_tied_weak_links_phase3_seed,/Users/asewaket/Documents/LTSpice Superconducting Circuit/matlab_v7_4_6_files/outputs/v7_4_6_as006_gap_weaklink_v800_phase3_seed_909/AS006_v7_4_6_gap_weaklink_scores.csv
AS006,boundary_sns_a3_3_g0_05_p0_1,"SNS-like boundary constriction, alpha=3.3, tau=0.05, p=0.1",boundary_lane,boundary_constriction,shape,3.3,1,0.05,0.1,0.879956427015252,0.05,0.12636165577342,4.77698324383883e-08,3.24831274302706e-07,0.124499371197381,169.777296642828,0.212535834808872,0.278673413417213,0.30638657105141,0.159692181258454,0.0482140347141109,0.215053688990582,0.284514921530482,0.311983241815629,0.155765745376666,0.0500756685242448,243.442339235026,246.957892009485,909,v7.4.6,gap_tied_weak_links_phase3_seed,/Users/asewaket/Documents/LTSpice Superconducting Circuit/matlab_v7_4_6_files/outputs/v7_4_6_as006_gap_weaklink_v800_phase3_seed_909/AS006_v7_4_6_gap_weaklink_scores.csv
AS006,crack_tunnel_a3_3_g0_4_p0_1,"tunnel/crack-like links, alpha=3.3, tau=0.4, p=0.1",tear_lane,crack_tunnel,shape,3.3,1,0.4,0.1,0.939869281045751,0.4,0.100217864923747,3.41797898034405e-07,3.67359997247944e-07,0.103647063592855,162.845739308879,0.212554360290196,0.281492775551528,0.307957199131922,0.156691277796859,0.0464898301725127,0.218192624297555,0.294999248781209,0.320929249852196,0.148581704350416,0.0486105550272031,242.47111312046,240.923882457247,909,v7.4.6,gap_tied_weak_links_phase3_seed,/Users/asewaket/Documents/LTSpice Superconducting Circuit/matlab_v7_4_6_files/outputs/v7_4_6_as006_gap_weaklink_v800_phase3_seed_909/AS006_v7_4_6_gap_weaklink_scores.csv
AS006,boundary_sns_a3_7_g0_4_p0_2,"SNS-like boundary constriction, alpha=3.7, tau=0.4, p=0.2",boundary_lane,boundary_constriction,shape,3.7,0,0.4,0.2,0.867189542483658,0.4,0.221350762527233,3.9567568546638e-07,3.87125933010798e-07,0.12705598858938,166.904084140436,0.212583875767635,0.282493775546401,0.305182461947319,0.15970155567373,0.0467293502918026,0.224982659241761,0.311259351733211,0.332430058494133,0.144166964174764,0.0516926368924082,240.981852540806,229.185576173274,909,v7.4.6,gap_tied_weak_links_phase3_seed,/Users/asewaket/Documents/LTSpice Superconducting Circuit/matlab_v7_4_6_files/outputs/v7_4_6_as006_gap_weaklink_v800_phase3_seed_909/AS006_v7_4_6_gap_weaklink_scores.csv
AS006,crack_tunnel_a3_3_g0_2_p0_05,"tunnel/crack-like links, alpha=3.3, tau=0.2, p=0.05",tear_lane,crack_tunnel,shape,3.3,1,0.2,0.05,0.959564270152505,0.2,0.0505446623093682,1.89472904492125e-07,3.58522689888556e-07,0.120824617189587,167.531267829001,0.212678475431291,0.280134332950937,0.306584364824122,0.159749997164031,0.0470479093082673,0.218121391815262,0.290081072018905,0.316057464476451,0.153738818483535,0.0552518011191996,242.569221240061,244.125058767614,909,v7.4.6,gap_tied_weak_links_phase3_seed,/Users/asewaket/Documents/LTSpice Superconducting Circuit/matlab_v7_4_6_files/outputs/v7_4_6_as006_gap_weaklink_v800_phase3_seed_909/AS006_v7_4_6_gap_weaklink_scores.csv
AS006,boundary_sns_a3_3_g0_1_p0_1,"SNS-like boundary constriction, alpha=3.3, tau=0.1, p=0.1",boundary_lane,boundary_constriction,shape,3.3,1,0.1,0.1,0.886274509803923,0.1,0.12636165577342,9.64666306769132e-08,3.27982923227597e-07,0.124499371197381,168.145875015233,0.212880843901344,0.280545429343976,0.307138301040722,0.159047965600436,0.0475568063409347,0.221304267377187,0.301177097744536,0.32684198305682,0.147072401152279,0.0495302673516164,242.846263730406,234.181325027339,909,v7.4.6,gap_tied_weak_links_phase3_seed,/Users/asewaket/Documents/LTSpice Superconducting Circuit/matlab_v7_4_6_files/outputs/v7_4_6_as006_gap_weaklink_v800_phase3_seed_909/AS006_v7_4_6_gap_weaklink_scores.csv
AS006,crack_tunnel_a4_1_g0_4_p0_1,"tunnel/crack-like links, alpha=4.1, tau=0.4, p=0.1",tear_lane,crack_tunnel,shape,4.1,0.999999999999997,0.4,0.1,0.939869281045751,0.4,0.100217864923747,4.24657994527593e-07,4.56416966277748e-07,0.12877362446385,162.845739308879,0.212964230948187,0.285248289553179,0.305474629566818,0.15847926426408,0.0468931831157275,0.219642657395271,0.301989418642674,0.32129855029589,0.148334793394632,0.0485329135725805,240.120074030257,240.544468343656,909,v7.4.6,gap_tied_weak_links_phase3_seed,/Users/asewaket/Documents/LTSpice Superconducting Circuit/matlab_v7_4_6_files/outputs/v7_4_6_as006_gap_weaklink_v800_phase3_seed_909/AS006_v7_4_6_gap_weaklink_scores.csv
AS006,crack_tunnel_a3_7_g0_4_p0_1,"tunnel/crack-like links, alpha=3.7, tau=0.4, p=0.1",tear_lane,crack_tunnel,shape,3.7,0,0.4,0.1,0.939869281045751,0.4,0.100217864923747,3.83227946280999e-07,4.11888481762846e-07,0.116210344028352,162.845739308879,0.212977384020926,0.284221079890205,0.307077564173048,0.157316572162641,0.0466343877082897,0.219035715544984,0.299005086662858,0.321169258783295,0.148434676287707,0.048583942831663,241.369529962639,240.957108903859,909,v7.4.6,gap_tied_weak_links_phase3_seed,/Users/asewaket/Documents/LTSpice Superconducting Circuit/matlab_v7_4_6_files/outputs/v7_4_6_as006_gap_weaklink_v800_phase3_seed_909/AS006_v7_4_6_gap_weaklink_scores.csv
AS006,crack_tunnel_a3_7_g0_2_p0_05,"tunnel/crack-like links, alpha=3.7, tau=0.2, p=0.05",tear_lane,crack_tunnel,shape,3.7,0,0.2,0.05,0.959564270152505,0.2,0.0505446623093682,2.12439317157837e-07,4.01979985632624e-07,0.135470025333779,167.531267829001,0.213111339569851,0.283147898700205,0.306002484791929,0.160172649494068,0.0466886388955867,0.218921695402368,0.294010247991042,0.316262419981501,0.153605933868142,0.0551315767179961,241.561598690176,244.374804471211,909,v7.4.6,gap_tied_weak_links_phase3_seed,/Users/asewaket/Documents/LTSpice Superconducting Circuit/matlab_v7_4_6_files/outputs/v7_4_6_as006_gap_weaklink_v800_phase3_seed_909/AS006_v7_4_6_gap_weaklink_scores.csv
AS006,crack_tunnel_a4_1_g0_2_p0_05,"tunnel/crack-like links, alpha=4.1, tau=0.2, p=0.05",tear_lane,crack_tunnel,shape,4.1,0.999999999999997,0.2,0.05,0.959564270152505,0.2,0.0505446623093682,2.35405729823549e-07,4.45437281376691e-07,0.150115433477971,167.531267829001,0.213185907737467,0.284536348799528,0.30479054086171,0.161039358333039,0.0467105454635181,0.219479284101212,0.296894050347956,0.316359708432073,0.153475726841997,0.0550282218494776,240.140600173985,244.522398581037,909,v7.4.6,gap_tied_weak_links_phase3_seed,/Users/asewaket/Documents/LTSpice Superconducting Circuit/matlab_v7_4_6_files/outputs/v7_4_6_as006_gap_weaklink_v800_phase3_seed_909/AS006_v7_4_6_gap_weaklink_scores.csv
AS006,combined_a4_1_g0_4_p0_05,"combined weak-link classes, alpha=4.1, tau=0.4, p=0.05",combined,boundary_constriction,shape,4.1,0.999999999999997,0.4,0.05,0.969934640522876,0.4,0.0501089324618736,5.02446134499228e-07,4.5253431393955e-07,0.150103811519248,170.733875086479,0.213334802981047,0.286026889908068,0.305971592451936,0.158855596761077,0.0466273422549345,0.222230110912883,0.309067917610812,0.327750476068702,0.145518687254969,0.046620944764663,239.466453287267,235.599857174471,909,v7.4.6,gap_tied_weak_links_phase3_seed,/Users/asewaket/Documents/LTSpice Superconducting Circuit/matlab_v7_4_6_files/outputs/v7_4_6_as006_gap_weaklink_v800_phase3_seed_909/AS006_v7_4_6_gap_weaklink_scores.csv
AS006,contact_relaxed_a4_1_g0_2_p0_3,"contact-relaxed SNS links, alpha=4.1, tau=0.2, p=0.3",contact_relaxation,contact_relaxed,shape,4.1,0.999999999999997,0.2,0.3,0.759825708061001,0.2,0.300217864923747,2.49365267905025e-07,9.55967872317383e-07,0.0532856264923738,63.1906492785553,0.213540626597869,0.284268313876599,0.315461008853386,0.147256857381416,0.047306981892551,0.227174352282103,0.313041133699579,0.343101312009386,0.136982054596344,0.0511757634490803,240.432163814398,229.935467949735,909,v7.4.6,gap_tied_weak_links_phase3_seed,/Users/asewaket/Documents/LTSpice Superconducting Circuit/matlab_v7_4_6_files/outputs/v7_4_6_as006_gap_weaklink_v800_phase3_seed_909/AS006_v7_4_6_gap_weaklink_scores.csv
AS006,contact_relaxed_a3_3_g0_4_p0_2,"contact-relaxed SNS links, alpha=3.3, tau=0.4, p=0.2",contact_relaxation,contact_relaxed,shape,3.3,1,0.4,0.2,0.879999999999998,0.4,0.2,1.7418448010359e-07,4.41498398248707e-07,0.0389263209408423,131.940390346458,0.213573174191304,0.283464016389219,0.314521279423776,0.150031202581883,0.0464506123483413,0.229553917816737,0.317247383874821,0.346963913733669,0.137725062981128,0.0511790274485352,239.158614690566,226.791950563801,909,v7.4.6,gap_tied_weak_links_phase3_seed,/Users/asewaket/Documents/LTSpice Superconducting Circuit/matlab_v7_4_6_files/outputs/v7_4_6_as006_gap_weaklink_v800_phase3_seed_909/AS006_v7_4_6_gap_weaklink_scores.csv
AS006,contact_relaxed_a3_7_g0_4_p0_2,"contact-relaxed SNS links, alpha=3.7, tau=0.4, p=0.2",contact_relaxation,contact_relaxed,shape,3.7,0,0.4,0.2,0.879999999999998,0.4,0.2,1.95297750419177e-07,4.95013355612187e-07,0.0436446628730656,131.940390346458,0.213578980033995,0.285754067655911,0.311795556905604,0.151890103144343,0.0466359789988261,0.230852860624539,0.323029759267948,0.347345603591054,0.137766558250565,0.0511715397571974,237.356212883833,225.756448362538,909,v7.4.6,gap_tied_weak_links_phase3_seed,/Users/asewaket/Documents/LTSpice Superconducting Circuit/matlab_v7_4_6_files/outputs/v7_4_6_as006_gap_weaklink_v800_phase3_seed_909/AS006_v7_4_6_gap_weaklink_scores.csv
AS006,contact_relaxed_a4_1_g0_4_p0_2,"contact-relaxed SNS links, alpha=4.1, tau=0.4, p=0.2",contact_relaxation,contact_relaxed,shape,4.1,0.999999999999997,0.4,0.2,0.879999999999998,0.4,0.2,2.16411020734764e-07,5.48528312975666e-07,0.0483630048052889,131.940390346458,0.213585057257174,0.287394179232175,0.309764814016226,0.153317069647806,0.0467963454655409,0.231788820542288,0.327223035800644,0.347604818586715,0.137797403973419,0.0511658794172739,236.085091147739,224.94910326625,909,v7.4.6,gap_tied_weak_links_phase3_seed,/Users/asewaket/Documents/LTSpice Superconducting Circuit/matlab_v7_4_6_files/outputs/v7_4_6_as006_gap_weaklink_v800_phase3_seed_909/AS006_v7_4_6_gap_weaklink_scores.csv
AS006,boundary_sns_a3_3_g0_2_p0_1,"SNS-like boundary constriction, alpha=3.3, tau=0.2, p=0.1",boundary_lane,boundary_constriction,shape,3.3,1,0.2,0.1,0.898910675381263,0.2,0.12636165577342,1.91271917617215e-07,3.25324347274429e-07,0.124499371197381,169.606351282599,0.213804135696183,0.283856084767814,0.309572452054526,0.15693463193052,0.0472445127045306,0.224659363054739,0.308258964925997,0.332949078915404,0.144333708128709,0.0519598270848511,242.438007937868,231.327513189271,909,v7.4.6,gap_tied_weak_links_phase3_seed,/Users/asewaket/Documents/LTSpice Superconducting Circuit/matlab_v7_4_6_files/outputs/v7_4_6_as006_gap_weaklink_v800_phase3_seed_909/AS006_v7_4_6_gap_weaklink_scores.csv
AS006,boundary_sns_a3_7_g0_05_p0_1,"SNS-like boundary constriction, alpha=3.7, tau=0.05, p=0.1",boundary_lane,boundary_constriction,shape,3.7,0,0.05,0.1,0.879956427015252,0.05,0.12636165577342,5.35601151581929e-08,3.64204762096973e-07,0.139590204069791,169.777296642828,0.213815437079486,0.283639690912102,0.307631477365818,0.158940423910571,0.0484068792069328,0.215914346322628,0.288721306686239,0.31243828997245,0.155582856495306,0.0496048468559833,243.825105658497,247.366022450051,909,v7.4.6,gap_tied_weak_links_phase3_seed,/Users/asewaket/Documents/LTSpice Superconducting Circuit/matlab_v7_4_6_files/outputs/v7_4_6_as006_gap_weaklink_v800_phase3_seed_909/AS006_v7_4_6_gap_weaklink_scores.csv
AS006,combined_a3_7_g0_4_p0_05,"combined weak-link classes, alpha=3.7, tau=0.4, p=0.05",combined,boundary_constriction,shape,3.7,0,0.4,0.05,0.969934640522876,0.4,0.0501089324618736,4.53426999426133e-07,4.08384624774716e-07,0.135459537224687,170.733875086479,0.213899099386228,0.286450788744136,0.308945881217944,0.156677773239976,0.0465421995056321,0.221604203390495,0.306061446459322,0.327623084803032,0.145585106381376,0.0466377891111262,241.221068021096,236.804960366824,909,v7.4.6,gap_tied_weak_links_phase3_seed,/Users/asewaket/Documents/LTSpice Superconducting Circuit/matlab_v7_4_6_files/outputs/v7_4_6_as006_gap_weaklink_v800_phase3_seed_909/AS006_v7_4_6_gap_weaklink_scores.csv
AS006,boundary_sns_a3_7_g0_1_p0_1,"SNS-like boundary constriction, alpha=3.7, tau=0.1, p=0.1",boundary_lane,boundary_constriction,shape,3.7,0,0.1,0.1,0.886274509803923,0.1,0.12636165577342,1.08159555607448e-07,3.67738429073367e-07,0.139590204069791,168.145875015233,0.213963567785836,0.285154837939612,0.308051603350632,0.158439026191482,0.0475239123866108,0.222179425806334,0.305159905526867,0.327094941163145,0.147009842985436,0.0495587727375036,243.207546912175,234.479222167809,909,v7.4.6,gap_tied_weak_links_phase3_seed,/Users/asewaket/Documents/LTSpice Superconducting Circuit/matlab_v7_4_6_files/outputs/v7_4_6_as006_gap_weaklink_v800_phase3_seed_909/AS006_v7_4_6_gap_weaklink_scores.csv
AS006,combined_a3_3_g0_4_p0_05,"combined weak-link classes, alpha=3.3, tau=0.4, p=0.05",combined,boundary_constriction,shape,3.3,1,0.4,0.05,0.969934640522876,0.4,0.0501089324618736,4.04407864353037e-07,3.64234935609882e-07,0.120815262930126,170.733875086479,0.214138964204449,0.285457153574013,0.311512990516889,0.154873467952341,0.0464980991032499,0.220748872950845,0.30203868649881,0.327413558540948,0.145675701254406,0.0466373242407467,242.788938337468,237.884178504171,909,v7.4.6,gap_tied_weak_links_phase3_seed,/Users/asewaket/Documents/LTSpice Superconducting Circuit/matlab_v7_4_6_files/outputs/v7_4_6_as006_gap_weaklink_v800_phase3_seed_909/AS006_v7_4_6_gap_weaklink_scores.csv
AS006,contact_relaxed_a3_3_g0_4_p0_3,"contact-relaxed SNS links, alpha=3.3, tau=0.4, p=0.3",contact_relaxation,contact_relaxed,shape,3.3,1,0.4,0.3,0.819869281045749,0.4,0.300217864923747,2.38118775678692e-07,4.97919602005223e-07,0.0428884310792277,106.525901841272,0.214431096508142,0.285846901062386,0.317729970344268,0.146568253130048,0.0470708169632975,0.228676332822439,0.315694765251694,0.346379631014374,0.136641736129113,0.0507203744239554,239.960306343542,229.450441090844,909,v7.4.6,gap_tied_weak_links_phase3_seed,/Users/asewaket/Documents/LTSpice Superconducting Circuit/matlab_v7_4_6_files/outputs/v7_4_6_as006_gap_weaklink_v800_phase3_seed_909/AS006_v7_4_6_gap_weaklink_scores.csv
AS006,contact_relaxed_a4_1_g0_1_p0_1,"contact-relaxed SNS links, alpha=4.1, tau=0.1, p=0.1",contact_relaxation,contact_relaxed,shape,4.1,0.999999999999997,0.1,0.1,0.909803921568628,0.1,0.100217864923747,4.91420660863469e-08,6.14719387290001e-07,0.042551951706119,123.382023481316,0.21450630701281,0.289380069866189,0.313098210850764,0.15029614419063,0.0473594159707382,0.235149123134403,0.332789767970322,0.354309909235675,0.136439962245467,0.052363553732426,234.59062221681,223.529047067482,909,v7.4.6,gap_tied_weak_links_phase3_seed,/Users/asewaket/Documents/LTSpice Superconducting Circuit/matlab_v7_4_6_files/outputs/v7_4_6_as006_gap_weaklink_v800_phase3_seed_909/AS006_v7_4_6_gap_weaklink_scores.csv
AS006,contact_relaxed_a4_1_g0_2_p0_1,"contact-relaxed SNS links, alpha=4.1, tau=0.2, p=0.1",contact_relaxation,contact_relaxed,shape,4.1,0.999999999999997,0.2,0.1,0.919825708061001,0.2,0.100217864923747,8.80338438818945e-08,5.50608825408104e-07,0.042551951706119,137.748104238648,0.214568136828567,0.289516483523124,0.313518887217534,0.150065602188478,0.0470841452534264,0.233877513814093,0.330655938041582,0.352555884799392,0.136349383372399,0.0513221034144504,235.438731718407,224.601793389227,909,v7.4.6,gap_tied_weak_links_phase3_seed,/Users/asewaket/Documents/LTSpice Superconducting Circuit/matlab_v7_4_6_files/outputs/v7_4_6_as006_gap_weaklink_v800_phase3_seed_909/AS006_v7_4_6_gap_weaklink_scores.csv
AS006,boundary_sns_a4_1_g0_1_p0_1,"SNS-like boundary constriction, alpha=4.1, tau=0.1, p=0.1",boundary_lane,boundary_constriction,shape,4.1,0.999999999999997,0.1,0.1,0.886274509803923,0.1,0.12636165577342,1.19852480537983e-07,4.07493934919136e-07,0.1546810369422,168.145875015233,0.214756687659474,0.288581534750414,0.308696229716634,0.157978047552962,0.0475109421016436,0.222820049631014,0.308155639927791,0.327243271664066,0.146951862327176,0.0495790549061933,243.466834753177,234.710055169692,909,v7.4.6,gap_tied_weak_links_phase3_seed,/Users/asewaket/Documents/LTSpice Superconducting Circuit/matlab_v7_4_6_files/outputs/v7_4_6_as006_gap_weaklink_v800_phase3_seed_909/AS006_v7_4_6_gap_weaklink_scores.csv
AS006,boundary_sns_a4_1_g0_05_p0_1,"SNS-like boundary constriction, alpha=4.1, tau=0.05, p=0.1",boundary_lane,boundary_constriction,shape,4.1,0.999999999999997,0.05,0.1,0.879956427015252,0.05,0.12636165577342,5.93503978779975e-08,4.0357824989124e-07,0.1546810369422,169.777296642828,0.214780789919391,0.287374578647962,0.308525788458253,0.158398372403672,0.0486112756424612,0.216551658769898,0.291933736004949,0.312769598904972,0.155429144447207,0.0491913292018293,244.067809402345,247.685290905354,909,v7.4.6,gap_tied_weak_links_phase3_seed,/Users/asewaket/Documents/LTSpice Superconducting Circuit/matlab_v7_4_6_files/outputs/v7_4_6_as006_gap_weaklink_v800_phase3_seed_909/AS006_v7_4_6_gap_weaklink_scores.csv
AS006,boundary_sns_a3_7_g0_2_p0_1,"SNS-like boundary constriction, alpha=3.7, tau=0.2, p=0.1",boundary_lane,boundary_constriction,shape,3.7,0,0.2,0.1,0.898910675381263,0.2,0.12636165577342,2.14456392479908e-07,3.64757601489512e-07,0.139590204069791,169.606351282599,0.214875854363531,0.288412959284562,0.310533455741142,0.156261835432334,0.0472054706956765,0.22548181167071,0.312104476178421,0.333161795266517,0.144252581146549,0.0519557140255362,242.848233938375,231.659204194226,909,v7.4.6,gap_tied_weak_links_phase3_seed,/Users/asewaket/Documents/LTSpice Superconducting Circuit/matlab_v7_4_6_files/outputs/v7_4_6_as006_gap_weaklink_v800_phase3_seed_909/AS006_v7_4_6_gap_weaklink_scores.csv
AS006,combined_a4_1_g0_7_p0_2,"combined weak-link classes, alpha=4.1, tau=0.7, p=0.2",combined,boundary_constriction,shape,4.1,0.999999999999997,0.7,0.2,0.939999999999999,0.7,0.2,7.53672241417121e-07,4.59667421407145e-07,0.138487612187823,169.892312373228,0.215224584101915,0.292771584733796,0.312194759252363,0.152354466739935,0.0465674236592255,0.228784035936913,0.323104702737893,0.341150578544906,0.139280028914307,0.0497019283502045,239.856748475886,229.105503096565,909,v7.4.6,gap_tied_weak_links_phase3_seed,/Users/asewaket/Documents/LTSpice Superconducting Circuit/matlab_v7_4_6_files/outputs/v7_4_6_as006_gap_weaklink_v800_phase3_seed_909/AS006_v7_4_6_gap_weaklink_scores.csv
AS006,contact_relaxed_a3_7_g0_4_p0_3,"contact-relaxed SNS links, alpha=3.7, tau=0.4, p=0.3",contact_relaxation,contact_relaxed,shape,3.7,0,0.4,0.3,0.819869281045749,0.4,0.300217864923747,2.6698165757914e-07,5.58273493157371e-07,0.0480870287858008,106.525901841272,0.215239469000047,0.290539672348128,0.316923152573733,0.147219830313413,0.0470173677563063,0.230061624470626,0.321701812692977,0.346832061152544,0.136742660864986,0.0507218765619675,239.434612826632,228.858538504734,909,v7.4.6,gap_tied_weak_links_phase3_seed,/Users/asewaket/Documents/LTSpice Superconducting Circuit/matlab_v7_4_6_files/outputs/v7_4_6_as006_gap_weaklink_v800_phase3_seed_909/AS006_v7_4_6_gap_weaklink_scores.csv
AS006,boundary_sns_a4_1_g0_7_p0_3,"SNS-like boundary constriction, alpha=4.1, tau=0.7, p=0.3",boundary_lane,boundary_constriction,shape,4.1,0.999999999999997,0.7,0.3,0.905228758169932,0.7,0.315904139433551,6.64431640748652e-07,4.49569271785922e-07,0.120904738503211,170.22084421865,0.215345944308646,0.293709653111536,0.312363121005334,0.151967478045111,0.0464252591159683,0.230198310247958,0.32573907725653,0.343022901324669,0.138779698176561,0.0514877739443886,240.178419406882,227.364997544694,909,v7.4.6,gap_tied_weak_links_phase3_seed,/Users/asewaket/Documents/LTSpice Superconducting Circuit/matlab_v7_4_6_files/outputs/v7_4_6_as006_gap_weaklink_v800_phase3_seed_909/AS006_v7_4_6_gap_weaklink_scores.csv
AS006,combined_a4_1_g0_7_p0_3,"combined weak-link classes, alpha=4.1, tau=0.7, p=0.3",combined,boundary_constriction,shape,4.1,0.999999999999997,0.7,0.3,0.909934640522874,0.7,0.300217864923747,6.60194066204973e-07,4.71336332260187e-07,0.115336877986629,162.941460756022,0.215360529783737,0.293467577741778,0.313023408119252,0.151115137050405,0.046650185655211,0.228295495999014,0.322493352149843,0.340809579225754,0.138954228700951,0.0488745783239664,239.919281184754,230.185426307327,909,v7.4.6,gap_tied_weak_links_phase3_seed,/Users/asewaket/Documents/LTSpice Superconducting Circuit/matlab_v7_4_6_files/outputs/v7_4_6_as006_gap_weaklink_v800_phase3_seed_909/AS006_v7_4_6_gap_weaklink_scores.csv
AS006,contact_relaxed_a4_1_g0_05_p0_1,"contact-relaxed SNS links, alpha=4.1, tau=0.05, p=0.1",contact_relaxation,contact_relaxed,shape,4.1,0.999999999999997,0.05,0.1,0.904793028322441,0.05,0.100217864923747,2.66082312975809e-08,6.65686119561175e-07,0.042551951706119,113.935561593252,0.215441180973631,0.292090424393167,0.314228551197898,0.150200573367383,0.0474647991694376,0.23736204139055,0.336992856625903,0.357020978732223,0.136965886230542,0.0538232797572779,234.302559271567,222.439609752839,909,v7.4.6,gap_tied_weak_links_phase3_seed,/Users/asewaket/Documents/LTSpice Superconducting Circuit/matlab_v7_4_6_files/outputs/v7_4_6_as006_gap_weaklink_v800_phase3_seed_909/AS006_v7_4_6_gap_weaklink_scores.csv
AS006,contact_relaxed_a3_7_g0_1_p0_1,"contact-relaxed SNS links, alpha=3.7, tau=0.1, p=0.1",contact_relaxation,contact_relaxed,shape,3.7,0,0.1,0.1,0.909803921568628,0.1,0.100217864923747,4.43477181754838e-08,5.54746764139757e-07,0.0384005417835708,123.382023481316,0.215617795679288,0.290848677960675,0.31736701564791,0.147718095697884,0.0472004034295657,0.234157151132017,0.328878417803715,0.353649512660509,0.136526841077275,0.052362139353885,237.000458290641,225.545393825212,909,v7.4.6,gap_tied_weak_links_phase3_seed,/Users/asewaket/Documents/LTSpice Superconducting Circuit/matlab_v7_4_6_files/outputs/v7_4_6_as006_gap_weaklink_v800_phase3_seed_909/AS006_v7_4_6_gap_weaklink_scores.csv
AS006,boundary_sns_a4_1_g0_2_p0_1,"SNS-like boundary constriction, alpha=4.1, tau=0.2, p=0.1",boundary_lane,boundary_constriction,shape,4.1,0.999999999999997,0.2,0.1,0.898910675381263,0.2,0.12636165577342,2.376408673426e-07,4.04190855704594e-07,0.1546810369422,169.606351282599,0.215692042998436,0.291871031091467,0.311277045425632,0.1557190530348,0.0472055381123547,0.226084790156326,0.315004948975244,0.333275625932825,0.144188272816497,0.0519513154033216,243.156861762061,231.964688474909,909,v7.4.6,gap_tied_weak_links_phase3_seed,/Users/asewaket/Documents/LTSpice Superconducting Circuit/matlab_v7_4_6_files/outputs/v7_4_6_as006_gap_weaklink_v800_phase3_seed_909/AS006_v7_4_6_gap_weaklink_scores.csv
AS006,contact_relaxed_a4_1_g0_4_p0_3,"contact-relaxed SNS links, alpha=4.1, tau=0.4, p=0.3",contact_relaxation,contact_relaxed,shape,4.1,0.999999999999997,0.4,0.3,0.819869281045749,0.4,0.300217864923747,2.95844539479587e-07,6.18627384309519e-07,0.0532856264923738,106.525901841272,0.215724901629325,0.293653935602208,0.316209754937152,0.147753910114772,0.0469111137609351,0.231024125976279,0.32588277783748,0.347139864973443,0.136814830698893,0.0507245499667729,239.077217920972,228.313449298449,909,v7.4.6,gap_tied_weak_links_phase3_seed,/Users/asewaket/Documents/LTSpice Superconducting Circuit/matlab_v7_4_6_files/outputs/v7_4_6_as006_gap_weaklink_v800_phase3_seed_909/AS006_v7_4_6_gap_weaklink_scores.csv
AS006,crack_tunnel_a4_1_g0_4_p0_05,"tunnel/crack-like links, alpha=4.1, tau=0.4, p=0.05",tear_lane,crack_tunnel,shape,4.1,0.999999999999997,0.4,0.05,0.969673202614379,0.4,0.0505446623093682,4.55746543906012e-07,4.43329554578789e-07,0.150115433477971,173.069092454527,0.215929547205498,0.293311909831953,0.312263814894617,0.154609670378152,0.0466120621572695,0.222570654195839,0.308794345579648,0.326971415023854,0.146206628199387,0.0491006638585681,240.83855181727,240.937745803075,909,v7.4.6,gap_tied_weak_links_phase3_seed,/Users/asewaket/Documents/LTSpice Superconducting Circuit/matlab_v7_4_6_files/outputs/v7_4_6_as006_gap_weaklink_v800_phase3_seed_909/AS006_v7_4_6_gap_weaklink_scores.csv
AS006,contact_relaxed_a3_7_g0_2_p0_1,"contact-relaxed SNS links, alpha=3.7, tau=0.2, p=0.1",contact_relaxation,contact_relaxed,shape,3.7,0,0.2,0.1,0.919825708061001,0.2,0.100217864923747,7.94451761861e-08,4.96890891221948e-07,0.0384005417835708,137.748104238648,0.216039920924123,0.291864606477792,0.318748537904129,0.146918941334506,0.0468763801424662,0.232904028528044,0.326715134534635,0.35201776604101,0.13637358508679,0.0513069361753278,238.341392462906,226.913942168795,909,v7.4.6,gap_tied_weak_links_phase3_seed,/Users/asewaket/Documents/LTSpice Superconducting Circuit/matlab_v7_4_6_files/outputs/v7_4_6_as006_gap_weaklink_v800_phase3_seed_909/AS006_v7_4_6_gap_weaklink_scores.csv
AS006,combined_a4_1_g0_7_p0_1,"combined weak-link classes, alpha=4.1, tau=0.7, p=0.1",combined,boundary_constriction,shape,4.1,0.999999999999997,0.7,0.1,0.969934640522875,0.7,0.100217864923747,7.52199341060509e-07,4.49257913870289e-07,0.141279147347171,175.41000750651,0.216091512245492,0.294985970655823,0.313612185082685,0.152178933398361,0.046426599928989,0.227668300773689,0.321970339762826,0.339378755473734,0.140004456592887,0.0474527712854767,240.331021631586,231.421393232337,909,v7.4.6,gap_tied_weak_links_phase3_seed,/Users/asewaket/Documents/LTSpice Superconducting Circuit/matlab_v7_4_6_files/outputs/v7_4_6_as006_gap_weaklink_v800_phase3_seed_909/AS006_v7_4_6_gap_weaklink_scores.csv
AS006,contact_relaxed_a3_7_g0_05_p0_1,"contact-relaxed SNS links, alpha=3.7, tau=0.05, p=0.1",contact_relaxation,contact_relaxed,shape,3.7,0,0.05,0.1,0.904793028322441,0.05,0.100217864923747,2.40123062929389e-08,6.00741132286914e-07,0.0384005417835708,113.935561593252,0.216287148560804,0.292895746917248,0.317883269066213,0.148039196914635,0.0471952788776028,0.2364245241038,0.333182801625206,0.356431267725896,0.137062608525223,0.0538568397169452,236.470610715123,224.062069123427,909,v7.4.6,gap_tied_weak_links_phase3_seed,/Users/asewaket/Documents/LTSpice Superconducting Circuit/matlab_v7_4_6_files/outputs/v7_4_6_as006_gap_weaklink_v800_phase3_seed_909/AS006_v7_4_6_gap_weaklink_scores.csv
AS006,boundary_sns_a3_3_g0_4_p0_1,"SNS-like boundary constriction, alpha=3.3, tau=0.4, p=0.1",boundary_lane,boundary_constriction,shape,3.3,1,0.4,0.1,0.924183006535947,0.4,0.12636165577342,3.72835160232193e-07,3.49690050838367e-07,0.124499371197381,174.022922246273,0.216355868312952,0.291588256253619,0.31600916484069,0.151955330752381,0.0472308833994537,0.227039241808603,0.314787993109561,0.338400033270462,0.141682251301956,0.0511053435827015,242.711471928569,232.129024861018,909,v7.4.6,gap_tied_weak_links_phase3_seed,/Users/asewaket/Documents/LTSpice Superconducting Circuit/matlab_v7_4_6_files/outputs/v7_4_6_as006_gap_weaklink_v800_phase3_seed_909/AS006_v7_4_6_gap_weaklink_scores.csv
AS006,crack_tunnel_a4_1_g0_7_p0_3,"tunnel/crack-like links, alpha=4.1, tau=0.7, p=0.3",tear_lane,crack_tunnel,shape,4.1,0.999999999999997,0.7,0.3,0.909934640522874,0.7,0.300217864923747,6.02540554503997e-07,4.64667641638037e-07,0.0977859652320086,157.886508878749,0.21642445185942,0.297229607307883,0.316057491358876,0.148058885192735,0.0467184356202653,0.226516101641101,0.320418441608096,0.338450680677327,0.138340617798762,0.0469476031636323,240.940297029858,234.090356723946,909,v7.4.6,gap_tied_weak_links_phase3_seed,/Users/asewaket/Documents/LTSpice Superconducting Circuit/matlab_v7_4_6_files/outputs/v7_4_6_as006_gap_weaklink_v800_phase3_seed_909/AS006_v7_4_6_gap_weaklink_scores.csv
AS006,crack_tunnel_a3_7_g0_4_p0_05,"tunnel/crack-like links, alpha=3.7, tau=0.4, p=0.05",tear_lane,crack_tunnel,shape,3.7,0,0.4,0.05,0.969673202614379,0.4,0.0505446623093682,4.11283466451767e-07,4.00077890717444e-07,0.135470025333779,173.069092454527,0.216446910055974,0.29351263762149,0.314886112944662,0.152910772113424,0.0465327498634406,0.222016731001021,0.306030596705714,0.326873457136045,0.146289661483618,0.0491624314567915,242.792432714706,241.600315135314,909,v7.4.6,gap_tied_weak_links_phase3_seed,/Users/asewaket/Documents/LTSpice Superconducting Circuit/matlab_v7_4_6_files/outputs/v7_4_6_as006_gap_weaklink_v800_phase3_seed_909/AS006_v7_4_6_gap_weaklink_scores.csv
AS006,crack_tunnel_a3_3_g0_4_p0_05,"tunnel/crack-like links, alpha=3.3, tau=0.4, p=0.05",tear_lane,crack_tunnel,shape,3.3,1,0.4,0.05,0.969673202614379,0.4,0.0505446623093682,3.66820388997522e-07,3.56826226856098e-07,0.120824617189587,173.069092454527,0.216463652630179,0.291830682866735,0.316540862963682,0.151877896841585,0.0466936990457383,0.221249530572525,0.302338764314524,0.326673217327638,0.146397500283241,0.0492338828706848,244.167017740796,242.008434534245,909,v7.4.6,gap_tied_weak_links_phase3_seed,/Users/asewaket/Documents/LTSpice Superconducting Circuit/matlab_v7_4_6_files/outputs/v7_4_6_as006_gap_weaklink_v800_phase3_seed_909/AS006_v7_4_6_gap_weaklink_scores.csv
AS006,contact_relaxed_a3_3_g0_1_p0_1,"contact-relaxed SNS links, alpha=3.3, tau=0.1, p=0.1",contact_relaxation,contact_relaxed,shape,3.3,1,0.1,0.1,0.909803921568628,0.1,0.100217864923747,3.95533702646207e-08,4.94774140989513e-07,0.0342491318610226,123.382023481316,0.216551546234983,0.291267125712195,0.321829567800139,0.145159983690687,0.04683888219912,0.232825429761385,0.323542975310606,0.352852658217776,0.136585338841216,0.0523603480636894,239.815018157781,227.51588117044,909,v7.4.6,gap_tied_weak_links_phase3_seed,/Users/asewaket/Documents/LTSpice Superconducting Circuit/matlab_v7_4_6_files/outputs/v7_4_6_as006_gap_weaklink_v800_phase3_seed_909/AS006_v7_4_6_gap_weaklink_scores.csv
AS006,contact_relaxed_a4_1_g0_4_p0_1,"contact-relaxed SNS links, alpha=4.1, tau=0.4, p=0.1",contact_relaxation,contact_relaxed,shape,4.1,0.999999999999997,0.4,0.1,0.939869281045751,0.4,0.100217864923747,1.54209817498791e-07,4.84440537529843e-07,0.042551951706119,157.27267304064,0.216576768122934,0.295590768202444,0.317038819523915,0.148546219973082,0.0467923632790205,0.23383616073544,0.332067764449138,0.351867623980819,0.136644220313788,0.0505394218693928,237.36962471446,226.453150772918,909,v7.4.6,gap_tied_weak_links_phase3_seed,/Users/asewaket/Documents/LTSpice Superconducting Circuit/matlab_v7_4_6_files/outputs/v7_4_6_as006_gap_weaklink_v800_phase3_seed_909/AS006_v7_4_6_gap_weaklink_scores.csv
AS006,crack_tunnel_a4_1_g0_7_p0_2,"tunnel/crack-like links, alpha=4.1, tau=0.7, p=0.2",tear_lane,crack_tunnel,shape,4.1,0.999999999999997,0.7,0.2,0.93986928104575,0.7,0.200435729847495,6.2073323320314e-07,4.58251883772384e-07,0.106317474682361,165.827499808116,0.2165993905156,0.29715084349296,0.315752667771355,0.149281362500387,0.046677237359683,0.226685528265643,0.320553077893877,0.338279192301059,0.139169487350928,0.0469241177188239,240.870695703191,233.965777785838,909,v7.4.6,gap_tied_weak_links_phase3_seed,/Users/asewaket/Documents/LTSpice Superconducting Circuit/matlab_v7_4_6_files/outputs/v7_4_6_as006_gap_weaklink_v800_phase3_seed_909/AS006_v7_4_6_gap_weaklink_scores.csv
AS006,boundary_sns_a4_1_g0_7_p0_2,"SNS-like boundary constriction, alpha=4.1, tau=0.7, p=0.2",boundary_lane,boundary_constriction,shape,4.1,0.999999999999997,0.7,0.2,0.933594771241829,0.7,0.221350762527233,7.22777547098501e-07,4.41772841654294e-07,0.140791771139583,177.182920504226,0.216612811190053,0.296171402623619,0.314289192061568,0.152334394608644,0.0464685739580958,0.230430200316441,0.326588931757403,0.343307150250334,0.139562253805777,0.050321739629496,240.235757598215,228.603160694329,909,v7.4.6,gap_tied_weak_links_phase3_seed,/Users/asewaket/Documents/LTSpice Superconducting Circuit/matlab_v7_4_6_files/outputs/v7_4_6_as006_gap_weaklink_v800_phase3_seed_909/AS006_v7_4_6_gap_weaklink_scores.csv
AS006,contact_relaxed_a3_3_g0_05_p0_1,"contact-relaxed SNS links, alpha=3.3, tau=0.05, p=0.1",contact_relaxation,contact_relaxed,shape,3.3,1,0.05,0.1,0.904793028322441,0.05,0.100217864923747,2.14163812882968e-08,5.35796145012653e-07,0.0342491318610226,113.935561593252,0.216781619856383,0.292145438230837,0.321388328198327,0.146022630877659,0.0468047981069316,0.235144654882644,0.327849175776795,0.355761778364537,0.13711102525296,0.0539022049322858,238.796043742813,225.51508795392,909,v7.4.6,gap_tied_weak_links_phase3_seed,/Users/asewaket/Documents/LTSpice Superconducting Circuit/matlab_v7_4_6_files/outputs/v7_4_6_as006_gap_weaklink_v800_phase3_seed_909/AS006_v7_4_6_gap_weaklink_scores.csv
AS006,combined_a3_7_g0_7_p0_2,"combined weak-link classes, alpha=3.7, tau=0.7, p=0.2",combined,boundary_constriction,shape,3.7,0,0.7,0.2,0.939999999999999,0.7,0.2,6.80143242254475e-07,4.14821819318643e-07,0.124976625632914,169.892312373228,0.216823204500682,0.295669620047706,0.317375523319835,0.149147716611004,0.046604590882237,0.228161937906094,0.320227401267757,0.341011339611195,0.13929661737595,0.049691672223185,242.318584701703,231.566525896018,909,v7.4.6,gap_tied_weak_links_phase3_seed,/Users/asewaket/Documents/LTSpice Superconducting Circuit/matlab_v7_4_6_files/outputs/v7_4_6_as006_gap_weaklink_v800_phase3_seed_909/AS006_v7_4_6_gap_weaklink_scores.csv
AS006,combined_a3_7_g0_7_p0_3,"combined weak-link classes, alpha=3.7, tau=0.7, p=0.3",combined,boundary_constriction,shape,3.7,0,0.7,0.3,0.909934640522874,0.7,0.300217864923747,5.95784889014244e-07,4.25352299844559e-07,0.10408449964647,162.941460756022,0.217133319786975,0.296588163180152,0.318687965704698,0.147747902431926,0.0466896177315923,0.227608803279091,0.31933966005675,0.340656026383244,0.138959759642962,0.048856610614328,242.592516926939,232.883504849734,909,v7.4.6,gap_tied_weak_links_phase3_seed,/Users/asewaket/Documents/LTSpice Superconducting Circuit/matlab_v7_4_6_files/outputs/v7_4_6_as006_gap_weaklink_v800_phase3_seed_909/AS006_v7_4_6_gap_weaklink_scores.csv
AS006,boundary_sns_a3_7_g0_7_p0_3,"SNS-like boundary constriction, alpha=3.7, tau=0.7, p=0.3",boundary_lane,boundary_constriction,shape,3.7,0,0.7,0.3,0.905228758169932,0.7,0.315904139433551,5.99609041651223e-07,4.0570885502632e-07,0.109109154258996,170.22084421865,0.217224731207931,0.297267538915555,0.318179505262236,0.148434474786429,0.0464988894321516,0.229594461601527,0.322892155253838,0.342912369105779,0.138802156802152,0.0514808108159924,242.837798094184,230.15706011621,909,v7.4.6,gap_tied_weak_links_phase3_seed,/Users/asewaket/Documents/LTSpice Superconducting Circuit/matlab_v7_4_6_files/outputs/v7_4_6_as006_gap_weaklink_v800_phase3_seed_909/AS006_v7_4_6_gap_weaklink_scores.csv
AS006,combined_a4_1_g0_7_p0_05,"combined weak-link classes, alpha=4.1, tau=0.7, p=0.05",combined,boundary_constriction,shape,4.1,0.999999999999997,0.7,0.05,0.984967320261438,0.7,0.0501089324618736,8.36395728605051e-07,4.42145706845807e-07,0.150103811519248,179.488012797015,0.217317251468583,0.298092575259942,0.316094502886222,0.15108626337372,0.046470472814935,0.228389482974281,0.323933356619897,0.340822841255081,0.13980433134184,0.0468186718778181,240.07581304835,232.601802577318,909,v7.4.6,gap_tied_weak_links_phase3_seed,/Users/asewaket/Documents/LTSpice Superconducting Circuit/matlab_v7_4_6_files/outputs/v7_4_6_as006_gap_weaklink_v800_phase3_seed_909/AS006_v7_4_6_gap_weaklink_scores.csv
AS006,contact_relaxed_a3_3_g0_2_p0_1,"contact-relaxed SNS links, alpha=3.3, tau=0.2, p=0.1",contact_relaxation,contact_relaxed,shape,3.3,1,0.2,0.1,0.919825708061001,0.2,0.100217864923747,7.08565084903054e-08,4.43172957035791e-07,0.0342491318610226,137.748104238648,0.217558770095149,0.293583797180809,0.32440054873094,0.143825912785791,0.0467267020335528,0.231607756076804,0.321525630292877,0.351294436205421,0.136375347653807,0.0512787021643978,241.508943397535,229.560966793305,909,v7.4.6,gap_tied_weak_links_phase3_seed,/Users/asewaket/Documents/LTSpice Superconducting Circuit/matlab_v7_4_6_files/outputs/v7_4_6_as006_gap_weaklink_v800_phase3_seed_909/AS006_v7_4_6_gap_weaklink_scores.csv
AS006,combined_a3_7_g0_7_p0_1,"combined weak-link classes, alpha=3.7, tau=0.7, p=0.1",combined,boundary_constriction,shape,3.7,0,0.7,0.1,0.969934640522875,0.7,0.100217864923747,6.7881403949363e-07,4.054278734927e-07,0.127495815898667,175.41000750651,0.217653951332507,0.297743056106392,0.318685825345459,0.149096743691903,0.0464555765867111,0.22707855342206,0.319148464050527,0.339286912952215,0.140034662890712,0.0474488767800058,242.714163707725,233.855917932942,909,v7.4.6,gap_tied_weak_links_phase3_seed,/Users/asewaket/Documents/LTSpice Superconducting Circuit/matlab_v7_4_6_files/outputs/v7_4_6_as006_gap_weaklink_v800_phase3_seed_909/AS006_v7_4_6_gap_weaklink_scores.csv
AS006,boundary_sns_a3_7_g0_4_p0_1,"SNS-like boundary constriction, alpha=3.7, tau=0.4, p=0.1",boundary_lane,boundary_constriction,shape,3.7,0,0.4,0.1,0.924183006535947,0.4,0.12636165577342,4.18027300866398e-07,3.9207672366726e-07,0.139590204069791,174.022922246273,0.217655208640248,0.296545723159308,0.317523765137309,0.151053263471391,0.0472471517124023,0.227834016823341,0.318475355903967,0.338601049230425,0.141625892069179,0.0511105269730217,243.347451638103,232.752031525224,909,v7.4.6,gap_tied_weak_links_phase3_seed,/Users/asewaket/Documents/LTSpice Superconducting Circuit/matlab_v7_4_6_files/outputs/v7_4_6_as006_gap_weaklink_v800_phase3_seed_909/AS006_v7_4_6_gap_weaklink_scores.csv
AS006,crack_tunnel_a4_1_g0_7_p0_1,"tunnel/crack-like links, alpha=4.1, tau=0.7, p=0.1",tear_lane,crack_tunnel,shape,4.1,0.999999999999997,0.7,0.1,0.969934640522875,0.7,0.100217864923747,6.89312324086993e-07,4.4592180294008e-07,0.12877362446385,175.564906715933,0.217732623008868,0.299293330003188,0.317384804144272,0.149866227405068,0.0466135935323422,0.227008411024571,0.321141968932588,0.33835388978296,0.140223519479715,0.046501379720441,240.949176589832,235.199950925947,909,v7.4.6,gap_tied_weak_links_phase3_seed,/Users/asewaket/Documents/LTSpice Superconducting Circuit/matlab_v7_4_6_files/outputs/v7_4_6_as006_gap_weaklink_v800_phase3_seed_909/AS006_v7_4_6_gap_weaklink_scores.csv
AS006,boundary_sns_a4_1_g0_4_p0_1,"SNS-like boundary constriction, alpha=4.1, tau=0.4, p=0.1",boundary_lane,boundary_constriction,shape,4.1,0.999999999999997,0.4,0.1,0.924183006535947,0.4,0.12636165577342,4.63219441500603e-07,4.34463396496153e-07,0.1546810369422,174.022922246273,0.2177541951758,0.298228164136318,0.316666552147016,0.151543280671062,0.0469472446465803,0.228420745267478,0.321279029085466,0.338700872582336,0.141587768948336,0.0511134590474155,243.172923697098,232.054415774025,909,v7.4.6,gap_tied_weak_links_phase3_seed,/Users/asewaket/Documents/LTSpice Superconducting Circuit/matlab_v7_4_6_files/outputs/v7_4_6_as006_gap_weaklink_v800_phase3_seed_909/AS006_v7_4_6_gap_weaklink_scores.csv
AS006,contact_relaxed_a4_1_g0_7_p0_2,"contact-relaxed SNS links, alpha=4.1, tau=0.7, p=0.2",contact_relaxation,contact_relaxed,shape,4.1,0.999999999999997,0.7,0.2,0.939999999999999,0.7,0.2,3.04013185755589e-07,4.66363202516819e-07,0.0483630048052889,164.362510593396,0.217817151411866,0.30028130956197,0.318315490414602,0.14829402445519,0.046384808702817,0.233975754188371,0.334219429375517,0.350907019038577,0.137201569737127,0.0500700960774216,238.778023656272,227.074480107773,909,v7.4.6,gap_tied_weak_links_phase3_seed,/Users/asewaket/Documents/LTSpice Superconducting Circuit/matlab_v7_4_6_files/outputs/v7_4_6_as006_gap_weaklink_v800_phase3_seed_909/AS006_v7_4_6_gap_weaklink_scores.csv
AS006,contact_relaxed_a4_1_g0_7_p0_3,"contact-relaxed SNS links, alpha=4.1, tau=0.7, p=0.3",contact_relaxation,contact_relaxed,shape,4.1,0.999999999999997,0.7,0.3,0.909934640522874,0.7,0.300217864923747,3.59737410116399e-07,4.79884077005863e-07,0.0532856264923738,153.310260766854,0.217826031190094,0.300929794785128,0.318632886342715,0.147365666001639,0.0463857275635407,0.233862651452608,0.334362565357613,0.350796758529463,0.136814549857649,0.0500381771568065,239.029737558883,227.260891932648,909,v7.4.6,gap_tied_weak_links_phase3_seed,/Users/asewaket/Documents/LTSpice Superconducting Circuit/matlab_v7_4_6_files/outputs/v7_4_6_as006_gap_weaklink_v800_phase3_seed_909/AS006_v7_4_6_gap_weaklink_scores.csv
AS006,combined_a3_3_g0_7_p0_2,"combined weak-link classes, alpha=3.3, tau=0.7, p=0.2",combined,boundary_constriction,shape,3.3,1,0.7,0.2,0.939999999999999,0.7,0.2,6.06614243091829e-07,3.69976217230141e-07,0.111465639078004,169.892312373228,0.218082436851664,0.297103327673273,0.321856618849139,0.146630060490375,0.0467721979860856,0.227359159153935,0.316626885703309,0.340765456728703,0.139322440692464,0.0496763099255548,244.310843199534,233.953188663854,909,v7.4.6,gap_tied_weak_links_phase3_seed,/Users/asewaket/Documents/LTSpice Superconducting Circuit/matlab_v7_4_6_files/outputs/v7_4_6_as006_gap_weaklink_v800_phase3_seed_909/AS006_v7_4_6_gap_weaklink_scores.csv
AS006,crack_tunnel_a3_7_g0_7_p0_2,"tunnel/crack-like links, alpha=3.7, tau=0.7, p=0.2",tear_lane,crack_tunnel,shape,3.7,0,0.7,0.2,0.93986928104575,0.7,0.200435729847495,5.60173893378444e-07,4.13544382916542e-07,0.0959450381279844,165.827499808116,0.218303661462297,0.300131845597462,0.32105004773314,0.146292610324755,0.0466831152750852,0.226074097159428,0.317730116057829,0.338126072249651,0.139195347633304,0.0469255587607906,243.454318315536,236.45586701161,909,v7.4.6,gap_tied_weak_links_phase3_seed,/Users/asewaket/Documents/LTSpice Superconducting Circuit/matlab_v7_4_6_files/outputs/v7_4_6_as006_gap_weaklink_v800_phase3_seed_909/AS006_v7_4_6_gap_weaklink_scores.csv
AS006,boundary_sns_a3_7_g0_7_p0_2,"SNS-like boundary constriction, alpha=3.7, tau=0.7, p=0.2",boundary_lane,boundary_constriction,shape,3.7,0,0.7,0.2,0.933594771241829,0.7,0.221350762527233,6.52262664454745e-07,3.98673052224607e-07,0.12705598858938,177.182920504226,0.218355657335725,0.29939105411834,0.319716876826152,0.149065249310087,0.0465511364769123,0.229849076553835,0.323817015165137,0.343206723762173,0.139598674908233,0.0503182573849453,242.726455693256,231.239738568987,909,v7.4.6,gap_tied_weak_links_phase3_seed,/Users/asewaket/Documents/LTSpice Superconducting Circuit/matlab_v7_4_6_files/outputs/v7_4_6_as006_gap_weaklink_v800_phase3_seed_909/AS006_v7_4_6_gap_weaklink_scores.csv
AS006,crack_tunnel_a3_7_g0_7_p0_3,"tunnel/crack-like links, alpha=3.7, tau=0.7, p=0.3",tear_lane,crack_tunnel,shape,3.7,0,0.7,0.3,0.909934640522874,0.7,0.300217864923747,5.43756110162144e-07,4.19334213185545e-07,0.0882458710630321,157.886508878749,0.218408660430255,0.30081506852503,0.321900326278128,0.144864508964052,0.0468220264344587,0.225899438212093,0.317638168580935,0.338270943708399,0.138350217344983,0.0469470993086029,243.647533853631,236.966723783125,909,v7.4.6,gap_tied_weak_links_phase3_seed,/Users/asewaket/Documents/LTSpice Superconducting Circuit/matlab_v7_4_6_files/outputs/v7_4_6_as006_gap_weaklink_v800_phase3_seed_909/AS006_v7_4_6_gap_weaklink_scores.csv
AS006,combined_a3_3_g0_7_p0_3,"combined weak-link classes, alpha=3.3, tau=0.7, p=0.3",combined,boundary_constriction,shape,3.3,1,0.7,0.3,0.909934640522874,0.7,0.300217864923747,5.31375711823515e-07,3.79368267428931e-07,0.0928321213063112,162.941460756022,0.21852637051774,0.298122576838707,0.323508841265896,0.14518026471582,0.0468934726399015,0.226746881475438,0.315494027542264,0.340393903196385,0.138968620568165,0.0488402735310446,244.729673021867,235.451176407868,909,v7.4.6,gap_tied_weak_links_phase3_seed,/Users/asewaket/Documents/LTSpice Superconducting Circuit/matlab_v7_4_6_files/outputs/v7_4_6_as006_gap_weaklink_v800_phase3_seed_909/AS006_v7_4_6_gap_weaklink_scores.csv
AS006,boundary_sns_a3_3_g0_7_p0_3,"SNS-like boundary constriction, alpha=3.3, tau=0.7, p=0.3",boundary_lane,boundary_constriction,shape,3.3,1,0.7,0.3,0.905228758169932,0.7,0.315904139433551,5.34786442553793e-07,3.61848438266718e-07,0.0973135700147798,170.22084421865,0.21856974647579,0.298790239612607,0.322866799937369,0.145887921083219,0.0466816915219226,0.228790241785926,0.319206386644483,0.342702908907934,0.138836745307858,0.0514688000614413,244.84133584009,232.663584346372,909,v7.4.6,gap_tied_weak_links_phase3_seed,/Users/asewaket/Documents/LTSpice Superconducting Circuit/matlab_v7_4_6_files/outputs/v7_4_6_as006_gap_weaklink_v800_phase3_seed_909/AS006_v7_4_6_gap_weaklink_scores.csv
AS006,boundary_sns_a3_3_g0_05_p0_05,"SNS-like boundary constriction, alpha=3.3, tau=0.05, p=0.05",boundary_lane,boundary_constriction,shape,3.3,1,0.05,0.05,0.939978213507626,0.05,0.0631808278867102,4.84311898313505e-08,3.34506149990892e-07,0.130207192307856,177.884318597375,0.218631104301261,0.29721904160147,0.321624581377741,0.149098185271422,0.0467207309045111,0.223842108152595,0.309443363706286,0.333453680985999,0.143441251155378,0.04692167138697,245.800478105173,238.859997270696,909,v7.4.6,gap_tied_weak_links_phase3_seed,/Users/asewaket/Documents/LTSpice Superconducting Circuit/matlab_v7_4_6_files/outputs/v7_4_6_as006_gap_weaklink_v800_phase3_seed_909/AS006_v7_4_6_gap_weaklink_scores.csv
AS006,contact_relaxed_a3_7_g0_4_p0_1,"contact-relaxed SNS links, alpha=3.7, tau=0.4, p=0.1",contact_relaxation,contact_relaxed,shape,3.7,0,0.4,0.1,0.939869281045751,0.4,0.100217864923747,1.39164957255006e-07,4.37178046063517e-07,0.0384005417835708,157.27267304064,0.218743103338604,0.299475882451754,0.323741038238377,0.144871167673276,0.0466038577325098,0.232995064085242,0.328411539527706,0.351572763969634,0.136635009292227,0.0505176823363609,240.919730197859,229.285127061587,909,v7.4.6,gap_tied_weak_links_phase3_seed,/Users/asewaket/Documents/LTSpice Superconducting Circuit/matlab_v7_4_6_files/outputs/v7_4_6_as006_gap_weaklink_v800_phase3_seed_909/AS006_v7_4_6_gap_weaklink_scores.csv
AS006,combined_a3_3_g0_7_p0_1,"combined weak-link classes, alpha=3.3, tau=0.7, p=0.1",combined,boundary_constriction,shape,3.3,1,0.7,0.1,0.969934640522875,0.7,0.100217864923747,6.05428737926751e-07,3.61597833115111e-07,0.113712484450162,175.41000750651,0.218754899077486,0.298722203011902,0.322856749905868,0.146797705684181,0.0465558479350329,0.226294751559594,0.315504396256994,0.339105314041664,0.140080301679511,0.0474346848686764,244.53043327824,236.103906041242,909,v7.4.6,gap_tied_weak_links_phase3_seed,/Users/asewaket/Documents/LTSpice Superconducting Circuit/matlab_v7_4_6_files/outputs/v7_4_6_as006_gap_weaklink_v800_phase3_seed_909/AS006_v7_4_6_gap_weaklink_scores.csv
AS006,contact_relaxed_a4_1_g0_2_p0_05,"contact-relaxed SNS links, alpha=4.1, tau=0.2, p=0.05",contact_relaxation,contact_relaxed,shape,4.1,0.999999999999997,0.2,0.05,0.959564270152505,0.2,0.0505446623093682,6.9562594777602e-08,4.85998925254151e-07,0.0397613767416615,160.554673896063,0.218793605541514,0.301536278295087,0.322350144856372,0.145272136425582,0.0467288253818563,0.234367344218438,0.333932072983457,0.353428964407257,0.135849868283425,0.0495916250417534,238.80328132199,228.428917559693,909,v7.4.6,gap_tied_weak_links_phase3_seed,/Users/asewaket/Documents/LTSpice Superconducting Circuit/matlab_v7_4_6_files/outputs/v7_4_6_as006_gap_weaklink_v800_phase3_seed_909/AS006_v7_4_6_gap_weaklink_scores.csv
AS006,boundary_sns_a3_3_g0_1_p0_05,"SNS-like boundary constriction, alpha=3.3, tau=0.1, p=0.05",boundary_lane,boundary_constriction,shape,3.3,1,0.1,0.05,0.943137254901961,0.1,0.0631808278867102,9.70983049486916e-08,3.35320898290253e-07,0.130207192307856,177.452102929341,0.218811504335206,0.297912528391669,0.321933610980831,0.148858623422507,0.0466878947897714,0.226651165802778,0.314781444238164,0.338265681590331,0.141835692800812,0.0492148259916316,245.289574114555,235.215024428123,909,v7.4.6,gap_tied_weak_links_phase3_seed,/Users/asewaket/Documents/LTSpice Superconducting Circuit/matlab_v7_4_6_files/outputs/v7_4_6_as006_gap_weaklink_v800_phase3_seed_909/AS006_v7_4_6_gap_weaklink_scores.csv
AS006,boundary_sns_a4_1_g0_05_p0_05,"SNS-like boundary constriction, alpha=4.1, tau=0.05, p=0.05",boundary_lane,boundary_constriction,shape,4.1,0.999999999999997,0.05,0.05,0.939978213507626,0.05,0.0631808278867102,6.01720843359203e-08,4.15598549988683e-07,0.161772572261276,177.884318597375,0.219048909985364,0.301252353823296,0.319652091635027,0.150307322865053,0.0467168821609108,0.225339545645174,0.316113405036646,0.333863957485239,0.143366884367841,0.0471137921302525,246.508022191961,235.963540633578,909,v7.4.6,gap_tied_weak_links_phase3_seed,/Users/asewaket/Documents/LTSpice Superconducting Circuit/matlab_v7_4_6_files/outputs/v7_4_6_as006_gap_weaklink_v800_phase3_seed_909/AS006_v7_4_6_gap_weaklink_scores.csv
AS006,contact_relaxed_a4_1_g0_1_p0_05,"contact-relaxed SNS links, alpha=4.1, tau=0.1, p=0.05",contact_relaxation,contact_relaxed,shape,4.1,0.999999999999997,0.1,0.05,0.954509803921569,0.1,0.0505446623093682,3.65750300557877e-08,5.11062744426966e-07,0.0397613767416615,152.680663595443,0.219081448446106,0.302559789736,0.322692957745121,0.144985442956363,0.0469029727451131,0.234988494706882,0.335622500498395,0.354463792256138,0.1356597020861,0.0494337089801492,238.180818259053,228.434219409813,909,v7.4.6,gap_tied_weak_links_phase3_seed,/Users/asewaket/Documents/LTSpice Superconducting Circuit/matlab_v7_4_6_files/outputs/v7_4_6_as006_gap_weaklink_v800_phase3_seed_909/AS006_v7_4_6_gap_weaklink_scores.csv
AS006,crack_tunnel_a4_1_g0_7_p0_05,"tunnel/crack-like links, alpha=4.1, tau=0.7, p=0.05",tear_lane,crack_tunnel,shape,4.1,0.999999999999997,0.7,0.05,0.984836601307189,0.7,0.0505446623093682,7.64405924307577e-07,4.39030999732105e-07,0.150115433477971,180.574701099367,0.219098465617904,0.302652502415407,0.320219956764807,0.148743852389643,0.0465250858486479,0.228321277176107,0.324032457305797,0.340774452667232,0.139804370317141,0.046463173510658,241.192740983439,235.33932120939,909,v7.4.6,gap_tied_weak_links_phase3_seed,/Users/asewaket/Documents/LTSpice Superconducting Circuit/matlab_v7_4_6_files/outputs/v7_4_6_as006_gap_weaklink_v800_phase3_seed_909/AS006_v7_4_6_gap_weaklink_scores.csv
AS006,boundary_sns_a3_7_g0_05_p0_05,"SNS-like boundary constriction, alpha=3.7, tau=0.05, p=0.05",boundary_lane,boundary_constriction,shape,3.7,0,0.05,0.05,0.939978213507626,0.05,0.0631808278867102,5.43016370836354e-08,3.75052349989788e-07,0.145989882284566,177.884318597375,0.219129689072405,0.300292001287768,0.321245733002997,0.149354103000396,0.046483782568516,0.224702468222232,0.313242243179536,0.333707421050047,0.143398986346482,0.0470333781609399,246.192510819848,237.89753725782,909,v7.4.6,gap_tied_weak_links_phase3_seed,/Users/asewaket/Documents/LTSpice Superconducting Circuit/matlab_v7_4_6_files/outputs/v7_4_6_as006_gap_weaklink_v800_phase3_seed_909/AS006_v7_4_6_gap_weaklink_scores.csv
AS006,boundary_sns_a4_1_g0_1_p0_05,"SNS-like boundary constriction, alpha=4.1, tau=0.1, p=0.05",boundary_lane,boundary_constriction,shape,4.1,0.999999999999997,0.1,0.05,0.943137254901961,0.1,0.0631808278867102,1.20637287966556e-07,4.16610813027284e-07,0.161772572261276,177.452102929341,0.219183018904585,0.301984199681526,0.32007703565318,0.149918817057948,0.0463975611259014,0.228060914177885,0.321289455417291,0.338569119303179,0.141771907284162,0.0493042725863667,245.462707094879,233.080995693573,909,v7.4.6,gap_tied_weak_links_phase3_seed,/Users/asewaket/Documents/LTSpice Superconducting Circuit/matlab_v7_4_6_files/outputs/v7_4_6_as006_gap_weaklink_v800_phase3_seed_909/AS006_v7_4_6_gap_weaklink_scores.csv
AS006,crack_tunnel_a3_7_g0_7_p0_1,"tunnel/crack-like links, alpha=3.7, tau=0.7, p=0.1",tear_lane,crack_tunnel,shape,3.7,0,0.7,0.1,0.969934640522875,0.7,0.100217864923747,6.22062341249238e-07,4.02417236799585e-07,0.116210344028352,175.564906715933,0.21920514190466,0.301740584715947,0.322109911968085,0.147214739987335,0.046574353879034,0.226435060878486,0.318409523748049,0.338234996198937,0.140272039992416,0.0465144873057206,243.36587469492,237.329621167514,909,v7.4.6,gap_tied_weak_links_phase3_seed,/Users/asewaket/Documents/LTSpice Superconducting Circuit/matlab_v7_4_6_files/outputs/v7_4_6_as006_gap_weaklink_v800_phase3_seed_909/AS006_v7_4_6_gap_weaklink_scores.csv
AS006,crack_tunnel_a3_3_g0_7_p0_2,"tunnel/crack-like links, alpha=3.3, tau=0.7, p=0.2",tear_lane,crack_tunnel,shape,3.3,1,0.7,0.2,0.93986928104575,0.7,0.200435729847495,4.99614553553747e-07,3.688368820607e-07,0.0855726015736077,165.827499808116,0.219237191884656,0.300607019560132,0.324762833820415,0.144386812316316,0.0467604652820252,0.225248906364332,0.314025219109938,0.3378631275487,0.139235637182856,0.0469142930229292,245.21944954275,238.401095321752,909,v7.4.6,gap_tied_weak_links_phase3_seed,/Users/asewaket/Documents/LTSpice Superconducting Circuit/matlab_v7_4_6_files/outputs/v7_4_6_as006_gap_weaklink_v800_phase3_seed_909/AS006_v7_4_6_gap_weaklink_scores.csv
AS006,combined_a3_7_g0_7_p0_05,"combined weak-link classes, alpha=3.7, tau=0.7, p=0.05",combined,boundary_constriction,shape,3.7,0,0.7,0.05,0.984967320261438,0.7,0.0501089324618736,7.5479614532651e-07,3.99009540324265e-07,0.135459537224687,179.488012797015,0.219346882337486,0.301984723049366,0.322168295159902,0.147575349636445,0.0464859850626807,0.227817489410518,0.321207235631509,0.340721877581133,0.139834953235803,0.0468232341093477,243.013867635883,235.439496396689,909,v7.4.6,gap_tied_weak_links_phase3_seed,/Users/asewaket/Documents/LTSpice Superconducting Circuit/matlab_v7_4_6_files/outputs/v7_4_6_as006_gap_weaklink_v800_phase3_seed_909/AS006_v7_4_6_gap_weaklink_scores.csv
AS006,boundary_sns_a3_3_g0_7_p0_2,"SNS-like boundary constriction, alpha=3.3, tau=0.7, p=0.2",boundary_lane,boundary_constriction,shape,3.3,1,0.7,0.2,0.933594771241829,0.7,0.221350762527233,5.81747781810988e-07,3.5557326279492e-07,0.113320206039177,177.182920504226,0.219539157181002,0.300552103536446,0.323976515763934,0.146759000964351,0.0467360285762405,0.229072010428346,0.3202158522508,0.34301135257159,0.139651680805398,0.050309731883898,244.565104771614,233.537135128088,909,v7.4.6,gap_tied_weak_links_phase3_seed,/Users/asewaket/Documents/LTSpice Superconducting Circuit/matlab_v7_4_6_files/outputs/v7_4_6_as006_gap_weaklink_v800_phase3_seed_909/AS006_v7_4_6_gap_weaklink_scores.csv
AS006,contact_relaxed_a4_1_g0_4_p0_05,"contact-relaxed SNS links, alpha=4.1, tau=0.4, p=0.05",contact_relaxation,contact_relaxed,shape,4.1,0.999999999999997,0.4,0.05,0.969673202614379,0.4,0.0505446623093682,1.30375191359014e-07,4.55433003059041e-07,0.0397613767416615,171.330137328458,0.21954387343806,0.303581843536837,0.323372888926392,0.145283378609464,0.0466307447704464,0.234283084697103,0.334112174856334,0.352710002587129,0.136323170396592,0.0496567811059673,239.76611454108,229.018819652745,909,v7.4.6,gap_tied_weak_links_phase3_seed,/Users/asewaket/Documents/LTSpice Superconducting Circuit/matlab_v7_4_6_files/outputs/v7_4_6_as006_gap_weaklink_v800_phase3_seed_909/AS006_v7_4_6_gap_weaklink_scores.csv
AS006,boundary_sns_a4_1_g0_7_p0_1,"SNS-like boundary constriction, alpha=4.1, tau=0.7, p=0.1",boundary_lane,boundary_constriction,shape,4.1,0.999999999999997,0.7,0.1,0.962091503267973,0.7,0.12636165577342,7.8040492455998e-07,4.38571905792308e-07,0.1546810369422,180.763725407265,0.219548307596433,0.303856324297789,0.321260620808724,0.148078006710174,0.0465816188813914,0.231704310477126,0.329540897413876,0.345939004544945,0.138798104304705,0.0500897666372208,242.043913137947,230.858361107965,909,v7.4.6,gap_tied_weak_links_phase3_seed,/Users/asewaket/Documents/LTSpice Superconducting Circuit/matlab_v7_4_6_files/outputs/v7_4_6_as006_gap_weaklink_v800_phase3_seed_909/AS006_v7_4_6_gap_weaklink_scores.csv
AS006,contact_relaxed_a4_1_g0_7_p0_1,"contact-relaxed SNS links, alpha=4.1, tau=0.7, p=0.1",contact_relaxation,contact_relaxed,shape,4.1,0.999999999999997,0.7,0.1,0.969934640522875,0.7,0.100217864923747,2.4173063084922e-07,4.45512112933647e-07,0.042551951706119,175.57862945791,0.219560016306644,0.304313303270393,0.322362456720017,0.146285202311991,0.0464959761128104,0.234582085356003,0.335377512104734,0.352273614192218,0.13692899168828,0.0498928502285518,239.811726622243,228.458260978123,909,v7.4.6,gap_tied_weak_links_phase3_seed,/Users/asewaket/Documents/LTSpice Superconducting Circuit/matlab_v7_4_6_files/outputs/v7_4_6_as006_gap_weaklink_v800_phase3_seed_909/AS006_v7_4_6_gap_weaklink_scores.csv
AS006,crack_tunnel_a3_3_g0_7_p0_3,"tunnel/crack-like links, alpha=3.3, tau=0.7, p=0.3",tear_lane,crack_tunnel,shape,3.3,1,0.7,0.3,0.909934640522874,0.7,0.300217864923747,4.8497166582029e-07,3.74000784733054e-07,0.0787057768940557,157.886508878749,0.219600369183358,0.301835614782783,0.326067984612645,0.142818646587007,0.0470239498281174,0.225067548135457,0.3140000413469,0.337970406732556,0.138366876242575,0.0469308922451942,245.512050526962,239.261070242537,909,v7.4.6,gap_tied_weak_links_phase3_seed,/Users/asewaket/Documents/LTSpice Superconducting Circuit/matlab_v7_4_6_files/outputs/v7_4_6_as006_gap_weaklink_v800_phase3_seed_909/AS006_v7_4_6_gap_weaklink_scores.csv
AS006,boundary_sns_a3_7_g0_1_p0_05,"SNS-like boundary constriction, alpha=3.7, tau=0.1, p=0.05",boundary_lane,boundary_constriction,shape,3.7,0,0.1,0.05,0.943137254901961,0.1,0.0631808278867102,1.08867796457624e-07,3.75965855658768e-07,0.145989882284566,177.452102929341,0.219602307065228,0.301682750813532,0.322271578673403,0.148694056260254,0.0464859515088326,0.22746349434854,0.318489428355216,0.338463430266845,0.141800868311197,0.0492659550315089,245.806322576273,234.866589631881,909,v7.4.6,gap_tied_weak_links_phase3_seed,/Users/asewaket/Documents/LTSpice Superconducting Circuit/matlab_v7_4_6_files/outputs/v7_4_6_as006_gap_weaklink_v800_phase3_seed_909/AS006_v7_4_6_gap_weaklink_scores.csv
AS006,boundary_sns_a3_3_g0_2_p0_05,"SNS-like boundary constriction, alpha=3.3, tau=0.2, p=0.05",boundary_lane,boundary_constriction,shape,3.3,1,0.2,0.05,0.949455337690632,0.2,0.0631808278867102,1.93196295127719e-07,3.33593646474095e-07,0.130207192307856,178.370898806617,0.21965526574507,0.300210891587394,0.323779917953703,0.147660550467226,0.0468748926349422,0.228004898392392,0.31770711392588,0.340754646896732,0.140917007430195,0.0498504866790525,245.109876135069,234.832021704546,909,v7.4.6,gap_tied_weak_links_phase3_seed,/Users/asewaket/Documents/LTSpice Superconducting Circuit/matlab_v7_4_6_files/outputs/v7_4_6_as006_gap_weaklink_v800_phase3_seed_909/AS006_v7_4_6_gap_weaklink_scores.csv
AS006,contact_relaxed_a3_7_g0_7_p0_2,"contact-relaxed SNS links, alpha=3.7, tau=0.7, p=0.2",contact_relaxation,contact_relaxed,shape,3.7,0,0.7,0.2,0.939999999999999,0.7,0.2,2.74353362755043e-07,4.20864353490788e-07,0.0436446628730656,164.362510593396,0.219700452861571,0.303444108861068,0.324117683137411,0.145197661556051,0.0463551330112521,0.233266079933683,0.330963096312187,0.350758488463179,0.137172172724505,0.0500747326400335,241.70225335986,229.592757794335,909,v7.4.6,gap_tied_weak_links_phase3_seed,/Users/asewaket/Documents/LTSpice Superconducting Circuit/matlab_v7_4_6_files/outputs/v7_4_6_as006_gap_weaklink_v800_phase3_seed_909/AS006_v7_4_6_gap_weaklink_scores.csv
AS006,boundary_sns_a4_1_g0_2_p0_05,"SNS-like boundary constriction, alpha=4.1, tau=0.2, p=0.05",boundary_lane,boundary_constriction,shape,4.1,0.999999999999997,0.2,0.05,0.949455337690632,0.2,0.0631808278867102,2.40031760613226e-07,4.14464833498118e-07,0.161772572261276,178.370898806617,0.219751907691857,0.30367335155372,0.321458795508308,0.148878550203332,0.046435107011862,0.2293659753578,0.324071866500323,0.341036034577715,0.140832711131125,0.0499040608637716,244.702677959898,232.853273577662,909,v7.4.6,gap_tied_weak_links_phase3_seed,/Users/asewaket/Documents/LTSpice Superconducting Circuit/matlab_v7_4_6_files/outputs/v7_4_6_as006_gap_weaklink_v800_phase3_seed_909/AS006_v7_4_6_gap_weaklink_scores.csv
AS006,contact_relaxed_a4_1_g0_05_p0_05,"contact-relaxed SNS links, alpha=4.1, tau=0.05, p=0.05",contact_relaxation,contact_relaxed,shape,4.1,0.999999999999997,0.05,0.05,0.9519825708061,0.05,0.0505446623093682,1.89031960568482e-08,5.28268561393846e-07,0.0397613767416615,147.707822612301,0.219765952769196,0.304454383641416,0.323706313827485,0.144656443136152,0.0470687770862752,0.235795866488762,0.337664435090489,0.355695143119095,0.135635462893903,0.0493040682775265,237.823890814623,228.577500107339,909,v7.4.6,gap_tied_weak_links_phase3_seed,/Users/asewaket/Documents/LTSpice Superconducting Circuit/matlab_v7_4_6_files/outputs/v7_4_6_as006_gap_weaklink_v800_phase3_seed_909/AS006_v7_4_6_gap_weaklink_scores.csv
AS006,contact_relaxed_a3_7_g0_7_p0_3,"contact-relaxed SNS links, alpha=3.7, tau=0.7, p=0.3",contact_relaxation,contact_relaxed,shape,3.7,0,0.7,0.3,0.909934640522874,0.7,0.300217864923747,3.24641077422117e-07,4.33066118273583e-07,0.0480870287858008,153.310260766854,0.219872709805463,0.304460228390401,0.324710083652671,0.144204521393242,0.0464050225031887,0.233149411115832,0.331191867106379,0.350606452903911,0.136764686510541,0.0500380377527591,241.924991097006,230.079129981193,909,v7.4.6,gap_tied_weak_links_phase3_seed,/Users/asewaket/Documents/LTSpice Superconducting Circuit/matlab_v7_4_6_files/outputs/v7_4_6_as006_gap_weaklink_v800_phase3_seed_909/AS006_v7_4_6_gap_weaklink_scores.csv
AS006,crack_tunnel_a3_3_g0_7_p0_1,"tunnel/crack-like links, alpha=3.3, tau=0.7, p=0.1",tear_lane,crack_tunnel,shape,3.3,1,0.7,0.1,0.969934640522875,0.7,0.100217864923747,5.54812358411482e-07,3.58912670659089e-07,0.103647063592855,175.564906715933,0.219915270062243,0.301782565931161,0.325314221396274,0.145564399811652,0.0465383971720095,0.225654941393897,0.314817722953144,0.338005163858308,0.140346865403406,0.0465143655100452,245.098123995513,238.829641799255,909,v7.4.6,gap_tied_weak_links_phase3_seed,/Users/asewaket/Documents/LTSpice Superconducting Circuit/matlab_v7_4_6_files/outputs/v7_4_6_as006_gap_weaklink_v800_phase3_seed_909/AS006_v7_4_6_gap_weaklink_scores.csv
AS006,boundary_sns_a4_1_g0_4_p0_05,"SNS-like boundary constriction, alpha=4.1, tau=0.4, p=0.05",boundary_lane,boundary_constriction,shape,4.1,0.999999999999997,0.4,0.05,0.962091503267973,0.4,0.0631808278867102,4.74007436980242e-07,4.28127668332994e-07,0.161772572261276,180.64982758699,0.220410693601737,0.305684701661238,0.323081011927909,0.147563593711513,0.0465225033342179,0.230840857443939,0.327606918821814,0.344166344148843,0.13957877302282,0.0498327998588824,243.761791158559,232.428729871623,909,v7.4.6,gap_tied_weak_links_phase3_seed,/Users/asewaket/Documents/LTSpice Superconducting Circuit/matlab_v7_4_6_files/outputs/v7_4_6_as006_gap_weaklink_v800_phase3_seed_909/AS006_v7_4_6_gap_weaklink_scores.csv
AS006,contact_relaxed_a3_7_g0_1_p0_05,"contact-relaxed SNS links, alpha=3.7, tau=0.1, p=0.05",contact_relaxation,contact_relaxed,shape,3.7,0,0.1,0.05,0.954509803921569,0.1,0.0505446623093682,3.30067344405889e-08,4.61202964482871e-07,0.0358822180351579,152.680663595443,0.22053319525977,0.304748525695159,0.327409336601094,0.142688173864224,0.0465908942214994,0.234231906876557,0.332370567110385,0.354139039055229,0.135711519188116,0.049406249940603,240.969998601828,230.258588216806,909,v7.4.6,gap_tied_weak_links_phase3_seed,/Users/asewaket/Documents/LTSpice Superconducting Circuit/matlab_v7_4_6_files/outputs/v7_4_6_as006_gap_weaklink_v800_phase3_seed_909/AS006_v7_4_6_gap_weaklink_scores.csv
AS006,boundary_sns_a3_7_g0_2_p0_05,"SNS-like boundary constriction, alpha=3.7, tau=0.2, p=0.05",boundary_lane,boundary_constriction,shape,3.7,0,0.2,0.05,0.949455337690632,0.2,0.0631808278867102,2.16614027870472e-07,3.74029239986106e-07,0.145989882284566,178.370898806617,0.220584499220532,0.304265476804606,0.324469318181143,0.147300122116229,0.0467105598357678,0.228787337328324,0.321325284729332,0.340940426003347,0.140867814339297,0.0498808884823078,245.616824211368,234.828652242256,909,v7.4.6,gap_tied_weak_links_phase3_seed,/Users/asewaket/Documents/LTSpice Superconducting Circuit/matlab_v7_4_6_files/outputs/v7_4_6_as006_gap_weaklink_v800_phase3_seed_909/AS006_v7_4_6_gap_weaklink_scores.csv
AS006,contact_relaxed_a3_7_g0_2_p0_05,"contact-relaxed SNS links, alpha=3.7, tau=0.2, p=0.05",contact_relaxation,contact_relaxed,shape,3.7,0,0.2,0.05,0.959564270152505,0.2,0.0505446623093682,6.2776000165153e-08,4.38584395961063e-07,0.0358822180351579,160.554673896063,0.220598239150635,0.304531969830184,0.327855158685187,0.142547396009059,0.0465284532125883,0.233593552921467,0.330653314150813,0.353103938173656,0.135860739052123,0.0495566348374687,241.853970019383,230.722659250243,909,v7.4.6,gap_tied_weak_links_phase3_seed,/Users/asewaket/Documents/LTSpice Superconducting Circuit/matlab_v7_4_6_files/outputs/v7_4_6_as006_gap_weaklink_v800_phase3_seed_909/AS006_v7_4_6_gap_weaklink_scores.csv
AS006,boundary_sns_a4_1_g0_7_p0_05,"SNS-like boundary constriction, alpha=4.1, tau=0.7, p=0.05",boundary_lane,boundary_constriction,shape,4.1,0.999999999999997,0.7,0.05,0.981045751633987,0.7,0.0631808278867102,8.14122561472209e-07,4.32269100862393e-07,0.161772572261276,184.064894134027,0.220609538277503,0.306761934921782,0.323719312373844,0.146663356295357,0.0464477644423092,0.23294702315012,0.332536092423571,0.348547142281222,0.138081965323992,0.0496390676799006,242.125565792132,230.666409381314,909,v7.4.6,gap_tied_weak_links_phase3_seed,/Users/asewaket/Documents/LTSpice Superconducting Circuit/matlab_v7_4_6_files/outputs/v7_4_6_as006_gap_weaklink_v800_phase3_seed_909/AS006_v7_4_6_gap_weaklink_scores.csv
AS006,contact_relaxed_a4_1_g0_7_p0_05,"contact-relaxed SNS links, alpha=4.1, tau=0.7, p=0.05",contact_relaxation,contact_relaxed,shape,4.1,0.999999999999997,0.7,0.05,0.984836601307189,0.7,0.0505446623093682,2.15710673093931e-07,4.3483527355184e-07,0.0397613767416615,181.215414420245,0.22063441544907,0.307043591300679,0.324678474150016,0.145176210165397,0.0464708934753982,0.234710227134891,0.335996510833418,0.352602328195111,0.136736617464314,0.0495797786692015,240.703047542792,229.353351727755,909,v7.4.6,gap_tied_weak_links_phase3_seed,/Users/asewaket/Documents/LTSpice Superconducting Circuit/matlab_v7_4_6_files/outputs/v7_4_6_as006_gap_weaklink_v800_phase3_seed_909/AS006_v7_4_6_gap_weaklink_scores.csv
AS006,combined_a3_3_g0_7_p0_05,"combined weak-link classes, alpha=3.3, tau=0.7, p=0.05",combined,boundary_constriction,shape,3.3,1,0.7,0.05,0.984967320261438,0.7,0.0501089324618736,6.73196562047968e-07,3.55873373802723e-07,0.120815262930126,179.488012797015,0.220894722037115,0.304002019967108,0.327276893002036,0.144970551051763,0.0465238386502001,0.227045114946819,0.317634417631604,0.340528509458414,0.139878682494369,0.0468179124323064,245.45092088904,237.984077478297,909,v7.4.6,gap_tied_weak_links_phase3_seed,/Users/asewaket/Documents/LTSpice Superconducting Circuit/matlab_v7_4_6_files/outputs/v7_4_6_as006_gap_weaklink_v800_phase3_seed_909/AS006_v7_4_6_gap_weaklink_scores.csv
AS006,crack_tunnel_a3_7_g0_7_p0_05,"tunnel/crack-like links, alpha=3.7, tau=0.7, p=0.05",tear_lane,crack_tunnel,shape,3.7,0,0.7,0.05,0.984836601307189,0.7,0.0505446623093682,6.89829736570252e-07,3.96198707075315e-07,0.135470025333779,180.574701099367,0.220947545633463,0.305952203649774,0.325742292353252,0.145812483862773,0.0464709080708852,0.227766885563932,0.32136125302967,0.34068385467242,0.139839948546076,0.0464764934306622,244.125484943723,237.690770192352,909,v7.4.6,gap_tied_weak_links_phase3_seed,/Users/asewaket/Documents/LTSpice Superconducting Circuit/matlab_v7_4_6_files/outputs/v7_4_6_as006_gap_weaklink_v800_phase3_seed_909/AS006_v7_4_6_gap_weaklink_scores.csv
AS006,contact_relaxed_a3_3_g0_4_p0_1,"contact-relaxed SNS links, alpha=3.3, tau=0.4, p=0.1",contact_relaxation,contact_relaxed,shape,3.3,1,0.4,0.1,0.939869281045751,0.4,0.100217864923747,1.24120097011222e-07,3.8991555459719e-07,0.0342491318610226,157.27267304064,0.22108352106241,0.302863467845546,0.330804901127314,0.141613806142761,0.0466283028152505,0.231916255705226,0.323841494284653,0.35112674592748,0.136620414507107,0.0504924607345044,244.408210535022,232.688903504196,909,v7.4.6,gap_tied_weak_links_phase3_seed,/Users/asewaket/Documents/LTSpice Superconducting Circuit/matlab_v7_4_6_files/outputs/v7_4_6_as006_gap_weaklink_v800_phase3_seed_909/AS006_v7_4_6_gap_weaklink_scores.csv
AS006,contact_relaxed_a3_7_g0_05_p0_05,"contact-relaxed SNS links, alpha=3.7, tau=0.05, p=0.05",contact_relaxation,contact_relaxed,shape,3.7,0,0.05,0.05,0.9519825708061,0.05,0.0505446623093682,1.70589818073996e-08,4.767301651603e-07,0.0358822180351579,147.707822612301,0.221101886167593,0.306292915293236,0.328162577621815,0.142558705213589,0.046733623189563,0.235077722497801,0.334443989947323,0.355454785130876,0.13568893351536,0.0492875816684504,240.405436077294,230.282905761561,909,v7.4.6,gap_tied_weak_links_phase3_seed,/Users/asewaket/Documents/LTSpice Superconducting Circuit/matlab_v7_4_6_files/outputs/v7_4_6_as006_gap_weaklink_v800_phase3_seed_909/AS006_v7_4_6_gap_weaklink_scores.csv
AS006,shuffled_tau_control,"same weak-link histogram, shuffled positions",shuffled,boundary_constriction,shape,3.7,0,0.01,0.08,0.920627450980392,0.01,0.0801742919389978,4.74037153910835e-09,4.19837464646454e-07,0.0513083836854946,161.560780203985,0.221382533890358,0.307120146242609,0.326755419268674,0.145166014022692,0.0465130219606351,0.226415585913411,0.30187700015615,0.32133711302701,0.151099660650353,0.0789864058006963,242.644641538156,259.045077737788,909,v7.4.6,gap_tied_weak_links_phase3_seed,/Users/asewaket/Documents/LTSpice Superconducting Circuit/matlab_v7_4_6_files/outputs/v7_4_6_as006_gap_weaklink_v800_phase3_seed_909/AS006_v7_4_6_gap_weaklink_scores.csv
AS006,boundary_sns_a3_7_g0_7_p0_1,"SNS-like boundary constriction, alpha=3.7, tau=0.7, p=0.1",boundary_lane,boundary_constriction,shape,3.7,0,0.7,0.1,0.962091503267973,0.7,0.12636165577342,7.04267858749251e-07,3.9578440278818e-07,0.139590204069791,180.763725407265,0.221468711388514,0.307113572972092,0.326747931936115,0.145274105649342,0.0468284710205963,0.231140044926842,0.326846116201541,0.345855051973574,0.138817961792651,0.0500853152380999,244.371164960688,233.698706087878,909,v7.4.6,gap_tied_weak_links_phase3_seed,/Users/asewaket/Documents/LTSpice Superconducting Circuit/matlab_v7_4_6_files/outputs/v7_4_6_as006_gap_weaklink_v800_phase3_seed_909/AS006_v7_4_6_gap_weaklink_scores.csv
AS006,boundary_sns_a3_3_g0_4_p0_05,"SNS-like boundary constriction, alpha=3.3, tau=0.4, p=0.05",boundary_lane,boundary_constriction,shape,3.3,1,0.4,0.05,0.962091503267973,0.4,0.0631808278867102,3.81518180984097e-07,3.445905623168e-07,0.130207192307856,180.64982758699,0.221739314504313,0.305514791395869,0.328445616353719,0.144940999114587,0.0472257036134531,0.229508652721613,0.321385988851626,0.343900952833031,0.139634095803941,0.0497879875437105,245.51364961232,235.895937487968,909,v7.4.6,gap_tied_weak_links_phase3_seed,/Users/asewaket/Documents/LTSpice Superconducting Circuit/matlab_v7_4_6_files/outputs/v7_4_6_as006_gap_weaklink_v800_phase3_seed_909/AS006_v7_4_6_gap_weaklink_scores.csv
AS006,contact_relaxed_a3_3_g0_7_p0_3,"contact-relaxed SNS links, alpha=3.3, tau=0.7, p=0.3",contact_relaxation,contact_relaxed,shape,3.3,1,0.7,0.3,0.909934640522874,0.7,0.300217864923747,2.89544744727834e-07,3.86248159541304e-07,0.0428884310792277,153.310260766854,0.221819569229398,0.306809261595563,0.33075374559473,0.141501238050574,0.0465929821974289,0.232168701632313,0.326877758121846,0.350322046425673,0.136690026194492,0.0500396360516779,244.534558368234,233.2634206484,909,v7.4.6,gap_tied_weak_links_phase3_seed,/Users/asewaket/Documents/LTSpice Superconducting Circuit/matlab_v7_4_6_files/outputs/v7_4_6_as006_gap_weaklink_v800_phase3_seed_909/AS006_v7_4_6_gap_weaklink_scores.csv
AS006,boundary_sns_a3_3_g0_7_p0_1,"SNS-like boundary constriction, alpha=3.3, tau=0.7, p=0.1",boundary_lane,boundary_constriction,shape,3.3,1,0.7,0.1,0.962091503267973,0.7,0.12636165577342,6.28130792938521e-07,3.52996899784053e-07,0.124499371197381,180.763725407265,0.221860361036393,0.306206705803198,0.328980044597152,0.144234268588112,0.0470871855986137,0.230382967289041,0.323347746161957,0.345674535696761,0.138848438208325,0.0500761050535112,245.236404474454,235.066216352526,909,v7.4.6,gap_tied_weak_links_phase3_seed,/Users/asewaket/Documents/LTSpice Superconducting Circuit/matlab_v7_4_6_files/outputs/v7_4_6_as006_gap_weaklink_v800_phase3_seed_909/AS006_v7_4_6_gap_weaklink_scores.csv
AS006,contact_relaxed_a3_7_g0_4_p0_05,"contact-relaxed SNS links, alpha=3.7, tau=0.4, p=0.05",contact_relaxation,contact_relaxed,shape,3.7,0,0.4,0.05,0.969673202614379,0.4,0.0505446623093682,1.1765566049472e-07,4.1100051495572e-07,0.0358822180351579,171.330137328458,0.222005339517758,0.308038305945855,0.330260100903258,0.142021780083037,0.0465059899584368,0.233575915590081,0.330992668358052,0.352503866443492,0.136305216919005,0.0496236221674851,243.317915952387,231.992038871418,909,v7.4.6,gap_tied_weak_links_phase3_seed,/Users/asewaket/Documents/LTSpice Superconducting Circuit/matlab_v7_4_6_files/outputs/v7_4_6_as006_gap_weaklink_v800_phase3_seed_909/AS006_v7_4_6_gap_weaklink_scores.csv
AS006,crack_tunnel_a3_3_g0_7_p0_05,"tunnel/crack-like links, alpha=3.3, tau=0.7, p=0.05",tear_lane,crack_tunnel,shape,3.3,1,0.7,0.05,0.984836601307189,0.7,0.0505446623093682,6.15253548832927e-07,3.53366414418524e-07,0.120824617189587,180.574701099367,0.222049719825568,0.306849622972495,0.329725991205642,0.143925204183851,0.0464719863156565,0.227017727081967,0.317877003141861,0.340493110723611,0.139891970646734,0.0464837251932356,246.180837758728,239.579346745583,909,v7.4.6,gap_tied_weak_links_phase3_seed,/Users/asewaket/Documents/LTSpice Superconducting Circuit/matlab_v7_4_6_files/outputs/v7_4_6_as006_gap_weaklink_v800_phase3_seed_909/AS006_v7_4_6_gap_weaklink_scores.csv
AS006,contact_relaxed_a3_3_g0_7_p0_2,"contact-relaxed SNS links, alpha=3.3, tau=0.7, p=0.2",contact_relaxation,contact_relaxed,shape,3.3,1,0.7,0.2,0.939999999999999,0.7,0.2,2.44693539754498e-07,3.75365504464757e-07,0.0389263209408423,164.362510593396,0.222113103377066,0.306942658912879,0.331229428723049,0.141988967961047,0.0464851477558068,0.23233210844879,0.326734634835728,0.350530784134766,0.13713197871399,0.0500820617798934,244.864067684434,233.171429399595,909,v7.4.6,gap_tied_weak_links_phase3_seed,/Users/asewaket/Documents/LTSpice Superconducting Circuit/matlab_v7_4_6_files/outputs/v7_4_6_as006_gap_weaklink_v800_phase3_seed_909/AS006_v7_4_6_gap_weaklink_scores.csv
AS006,boundary_sns_a3_7_g0_4_p0_05,"SNS-like boundary constriction, alpha=3.7, tau=0.4, p=0.05",boundary_lane,boundary_constriction,shape,3.7,0,0.4,0.05,0.962091503267973,0.4,0.0631808278867102,4.2776280898217e-07,3.86359115324897e-07,0.145989882284566,180.64982758699,0.222140846639056,0.308426338923578,0.32811232594228,0.145071499439667,0.0467419495731293,0.230272267557822,0.3249096878037,0.344079429731101,0.13959975642062,0.0498129524302068,245.833379782627,235.135820174299,909,v7.4.6,gap_tied_weak_links_phase3_seed,/Users/asewaket/Documents/LTSpice Superconducting Circuit/matlab_v7_4_6_files/outputs/v7_4_6_as006_gap_weaklink_v800_phase3_seed_909/AS006_v7_4_6_gap_weaklink_scores.csv
AS006,contact_relaxed_a3_3_g0_1_p0_05,"contact-relaxed SNS links, alpha=3.3, tau=0.1, p=0.05",contact_relaxation,contact_relaxed,shape,3.3,1,0.1,0.05,0.954509803921569,0.1,0.0505446623093682,2.94384388253901e-08,4.11343184538777e-07,0.0320030593286544,152.680663595443,0.222506366502109,0.307329344809697,0.333261835692793,0.140296468859838,0.0466236891636617,0.233279771266551,0.328308611568553,0.353711216845716,0.135777985031905,0.0493731339943156,243.815083672827,233.166797234441,909,v7.4.6,gap_tied_weak_links_phase3_seed,/Users/asewaket/Documents/LTSpice Superconducting Circuit/matlab_v7_4_6_files/outputs/v7_4_6_as006_gap_weaklink_v800_phase3_seed_909/AS006_v7_4_6_gap_weaklink_scores.csv
AS006,contact_relaxed_a3_7_g0_7_p0_1,"contact-relaxed SNS links, alpha=3.7, tau=0.7, p=0.1",contact_relaxation,contact_relaxed,shape,3.7,0,0.7,0.1,0.969934640522875,0.7,0.100217864923747,2.18147154668808e-07,4.02047516549877e-07,0.0384005417835708,175.57862945791,0.2226179638311,0.310079685390614,0.33053795929073,0.142451647652775,0.0465041454401407,0.233918844108734,0.332314771272883,0.352141525216493,0.136922865640594,0.0498781980911812,243.714497329896,232.184262973923,909,v7.4.6,gap_tied_weak_links_phase3_seed,/Users/asewaket/Documents/LTSpice Superconducting Circuit/matlab_v7_4_6_files/outputs/v7_4_6_as006_gap_weaklink_v800_phase3_seed_909/AS006_v7_4_6_gap_weaklink_scores.csv
AS006,contact_relaxed_a3_3_g0_05_p0_05,"contact-relaxed SNS links, alpha=3.3, tau=0.05, p=0.05",contact_relaxation,contact_relaxed,shape,3.3,1,0.05,0.05,0.9519825708061,0.05,0.0505446623093682,1.5214767557951e-08,4.25191768926754e-07,0.0320030593286544,147.707822612301,0.222763205260418,0.308062897630215,0.333414164440209,0.140442030781571,0.0467258024245463,0.234142572050388,0.330298345376176,0.355127025203075,0.13574558959364,0.0492602337783345,242.998487695455,232.791865689001,909,v7.4.6,gap_tied_weak_links_phase3_seed,/Users/asewaket/Documents/LTSpice Superconducting Circuit/matlab_v7_4_6_files/outputs/v7_4_6_as006_gap_weaklink_v800_phase3_seed_909/AS006_v7_4_6_gap_weaklink_scores.csv
AS006,contact_relaxed_a3_3_g0_2_p0_05,"contact-relaxed SNS links, alpha=3.3, tau=0.2, p=0.05",contact_relaxation,contact_relaxed,shape,3.3,1,0.2,0.05,0.959564270152505,0.2,0.0505446623093682,5.59894055527041e-08,3.91169866667975e-07,0.0320030593286544,160.554673896063,0.222869409266655,0.307879678707843,0.334307834901136,0.139908476506118,0.0465430609157967,0.232653680333725,0.326730633657313,0.352659384682387,0.135889497404467,0.0495219730615524,245.028566142873,233.896160164409,909,v7.4.6,gap_tied_weak_links_phase3_seed,/Users/asewaket/Documents/LTSpice Superconducting Circuit/matlab_v7_4_6_files/outputs/v7_4_6_as006_gap_weaklink_v800_phase3_seed_909/AS006_v7_4_6_gap_weaklink_scores.csv
AS006,uniform_tau_control,"same mean weak transparency, spatially uniform",uniform,boundary_constriction,shape,3.7,0,0.01,0.08,0.920627450980405,0.920627450980392,1,3.83323178047033e-07,3.83323178047033e-07,0.0484173265543418,172.570692198181,0.22330358631856,0.313434601960045,0.331756120744961,0.140872311102982,0.0464197294503478,0.234522951965518,0.335067292898369,0.352945692835728,0.136356423183111,0.0494469754878096,243.898139049077,232.46954880228,909,v7.4.6,gap_tied_weak_links_phase3_seed,/Users/asewaket/Documents/LTSpice Superconducting Circuit/matlab_v7_4_6_files/outputs/v7_4_6_as006_gap_weaklink_v800_phase3_seed_909/AS006_v7_4_6_gap_weaklink_scores.csv
AS006,boundary_sns_a3_7_g0_7_p0_05,"SNS-like boundary constriction, alpha=3.7, tau=0.7, p=0.05",boundary_lane,boundary_constriction,shape,3.7,0,0.7,0.05,0.981045751633987,0.7,0.0631808278867102,7.34695970109067e-07,3.90096505656306e-07,0.145989882284566,184.064894134027,0.223492693873214,0.312200433958171,0.331282835719755,0.143113945885824,0.0466256405410497,0.232390455986745,0.32988939327877,0.348470800972923,0.138094622929691,0.0496207062902273,245.377169096849,234.50512449764,909,v7.4.6,gap_tied_weak_links_phase3_seed,/Users/asewaket/Documents/LTSpice Superconducting Circuit/matlab_v7_4_6_files/outputs/v7_4_6_as006_gap_weaklink_v800_phase3_seed_909/AS006_v7_4_6_gap_weaklink_scores.csv
AS006,contact_relaxed_a3_7_g0_7_p0_05,"contact-relaxed SNS links, alpha=3.7, tau=0.7, p=0.05",contact_relaxation,contact_relaxed,shape,3.7,0,0.7,0.05,0.984836601307189,0.7,0.0505446623093682,1.9466572937745e-07,3.92412320034588e-07,0.0358822180351579,181.215414420245,0.22390620721982,0.313312254646955,0.333090812851849,0.141445772839378,0.0465026429121856,0.234113399960091,0.333243022846241,0.352492030511012,0.136727830972819,0.0495531348439198,244.615654092937,233.293627952208,909,v7.4.6,gap_tied_weak_links_phase3_seed,/Users/asewaket/Documents/LTSpice Superconducting Circuit/matlab_v7_4_6_files/outputs/v7_4_6_as006_gap_weaklink_v800_phase3_seed_909/AS006_v7_4_6_gap_weaklink_scores.csv
AS006,contact_relaxed_a3_3_g0_4_p0_05,"contact-relaxed SNS links, alpha=3.3, tau=0.4, p=0.05",contact_relaxation,contact_relaxed,shape,3.3,1,0.4,0.05,0.969673202614379,0.4,0.0505446623093682,1.04936129630426e-07,3.66568026852399e-07,0.0320030593286544,171.330137328458,0.224720276851327,0.312250683095652,0.337464684248524,0.139299798297271,0.0466627558544763,0.232725963892379,0.327339353560295,0.352186241846145,0.136293134013608,0.0495981251538374,246.569866025923,235.696002555256,909,v7.4.6,gap_tied_weak_links_phase3_seed,/Users/asewaket/Documents/LTSpice Superconducting Circuit/matlab_v7_4_6_files/outputs/v7_4_6_as006_gap_weaklink_v800_phase3_seed_909/AS006_v7_4_6_gap_weaklink_scores.csv
AS006,boundary_sns_a3_3_g0_7_p0_05,"SNS-like boundary constriction, alpha=3.3, tau=0.7, p=0.05",boundary_lane,boundary_constriction,shape,3.3,1,0.7,0.05,0.981045751633987,0.7,0.0631808278867102,6.55269378745925e-07,3.47923910450219e-07,0.130207192307856,184.064894134027,0.224968216407972,0.31359039071699,0.335714848037741,0.141389271465862,0.0470131179244949,0.231648893310163,0.326463895099372,0.348307172773132,0.138115124645329,0.0495991132918009,247.057185876415,237.105781889641,909,v7.4.6,gap_tied_weak_links_phase3_seed,/Users/asewaket/Documents/LTSpice Superconducting Circuit/matlab_v7_4_6_files/outputs/v7_4_6_as006_gap_weaklink_v800_phase3_seed_909/AS006_v7_4_6_gap_weaklink_scores.csv
AS006,bulk_AB_reference,"bulk AB reference: no weak-link mask",none,bulk_sns,shape,3.7,0,NaN,0,1,NaN,0,NaN,3.83323207422105e-07,NaN,187.448982528012,0.225238964772725,0.316723374591646,0.335222999396199,0.141061040265909,0.0465048999962446,0.234499197481605,0.334649771320351,0.352702609937542,0.13692130996579,0.0494650112397381,245.437371298801,234.223293605927,909,v7.4.6,gap_tied_weak_links_phase3_seed,/Users/asewaket/Documents/LTSpice Superconducting Circuit/matlab_v7_4_6_files/outputs/v7_4_6_as006_gap_weaklink_v800_phase3_seed_909/AS006_v7_4_6_gap_weaklink_scores.csv
AS006,contact_relaxed_a3_3_g0_7_p0_1,"contact-relaxed SNS links, alpha=3.3, tau=0.7, p=0.1",contact_relaxation,contact_relaxed,shape,3.3,1,0.7,0.1,0.969934640522875,0.7,0.100217864923747,1.94563678488397e-07,3.58582920166106e-07,0.0342491318610226,175.57862945791,0.225659188501994,0.314808791769885,0.338439764722236,0.139576040791217,0.04674751148715,0.233085933580349,0.328573651414469,0.35190780743697,0.136918717943858,0.0498689560427561,247.17805074219,236.252006767256,909,v7.4.6,gap_tied_weak_links_phase3_seed,/Users/asewaket/Documents/LTSpice Superconducting Circuit/matlab_v7_4_6_files/outputs/v7_4_6_as006_gap_weaklink_v800_phase3_seed_909/AS006_v7_4_6_gap_weaklink_scores.csv
AS006,contact_relaxed_a3_3_g0_7_p0_05,"contact-relaxed SNS links, alpha=3.3, tau=0.7, p=0.05",contact_relaxation,contact_relaxed,shape,3.3,1,0.7,0.05,0.984836601307189,0.7,0.0505446623093682,1.73620785660969e-07,3.49989366517335e-07,0.0320030593286544,181.215414420245,0.226904038035811,0.317977419091973,0.34066526019988,0.138879144904743,0.046779634606365,0.233354637525042,0.329835853948706,0.352291741023744,0.13671825757917,0.0495289649109915,247.828423391083,237.304889179614,909,v7.4.6,gap_tied_weak_links_phase3_seed,/Users/asewaket/Documents/LTSpice Superconducting Circuit/matlab_v7_4_6_files/outputs/v7_4_6_as006_gap_weaklink_v800_phase3_seed_909/AS006_v7_4_6_gap_weaklink_scores.csv
AS006,central_lane_gap_control,"central-lane topology with same gap-derived links",central_lane,boundary_constriction,shape,3.7,0,0.01,0.08,0.920627450980392,0.01,0.472222222222222,1.58456541083442e-05,0.000592269756328882,0.127941104068836,0.109875679879438,0.33172257918546,0.49167314247516,0.498032581723949,0.197805440461526,0.0481259348583226,0.344028657336974,0.506551605464745,0.514869355324924,0.212942471998305,0.0463922194036293,238.469589456581,238.469589456581,909,v7.4.6,gap_tied_weak_links_phase3_seed,/Users/asewaket/Documents/LTSpice Superconducting Circuit/matlab_v7_4_6_files/outputs/v7_4_6_as006_gap_weaklink_v800_phase3_seed_909/AS006_v7_4_6_gap_weaklink_scores.csv
