device,caseName,description,topology,linkClass,calibrationMode,alphaGap,alphaPriorPenalty,gammaW,pW,meanW,minW,activeWeakLinkFraction,medianWeakIc_A,medianAllIc_A,medianWeakDelta_meV,normalScaleApplied,shapeScore,shapeFullMap,shapeLowBias,shapeZeroBias,shapeAsymmetry,conductanceScore,conductanceFullMap,conductanceLowBias,conductanceZeroBias,conductanceAsymmetry,modelRN_top_4_10,modelRN_bottom_3_9,seed,sourceVersion,sourceRole,sourceFile
AS006,central_lane_gap_control,"central-lane topology with same gap-derived links",central_lane,boundary_constriction,conductance,3.7,0,0.01,0.08,0.920627450980392,0.01,0.472222222222222,1.1023394028053e-08,4.25809884337943e-07,0.127726075253477,160.119962378973,0.171516775765574,0.0694611651661713,0.138931151912998,0.397493810364505,0.0481259348583226,1103.82826961528,1374.73145051758,1381.1500211568,1352.28886662734,37.0362772502192,342875.04220823,342875.04220823,707,v7.4.6,gap_tied_weak_links_phase3_seed,/Users/asewaket/Documents/LTSpice Superconducting Circuit/matlab_v7_4_6_files/outputs/v7_4_6_as006_gap_weaklink_v800_phase3_seed_707/AS006_v7_4_6_gap_weaklink_scores.csv
AS006,contact_relaxed_a3_3_g0_05_p0_3,"contact-relaxed SNS links, alpha=3.3, tau=0.05, p=0.3",contact_relaxation,contact_relaxed,conductance,3.3,1,0.05,0.3,0.714793028322441,0.05,0.300217864923747,3.9858601632873e-08,5.6690577938574e-07,0.0466299458570883,88.4597562266526,0.173865255796114,0.137362002313458,0.290657156641497,0.138947608994644,0.0496297413011891,2.18663713831044,3.25156407464292,2.4741045942225,2.60358221499526,0.0974608082758115,1176.06912501123,1129.03715388844,707,v7.4.6,gap_tied_weak_links_phase3_seed,/Users/asewaket/Documents/LTSpice Superconducting Circuit/matlab_v7_4_6_files/outputs/v7_4_6_as006_gap_weaklink_v800_phase3_seed_707/AS006_v7_4_6_gap_weaklink_scores.csv
AS006,contact_relaxed_a3_7_g0_05_p0_3,"contact-relaxed SNS links, alpha=3.7, tau=0.05, p=0.3",contact_relaxation,contact_relaxed,conductance,3.7,0,0.05,0.3,0.714793028322441,0.05,0.300217864923747,4.46899472853424e-08,6.35621631432497e-07,0.0522820605064324,88.4597562266526,0.179104179712656,0.146824278939918,0.302103525317645,0.136351621379491,0.0495759235931204,2.16695643059117,3.24034626565965,2.43857993707799,2.58392784490072,0.0970111912838332,1182.63289405746,1135.19852315504,707,v7.4.6,gap_tied_weak_links_phase3_seed,/Users/asewaket/Documents/LTSpice Superconducting Circuit/matlab_v7_4_6_files/outputs/v7_4_6_as006_gap_weaklink_v800_phase3_seed_707/AS006_v7_4_6_gap_weaklink_scores.csv
AS006,contact_relaxed_a4_1_g0_05_p0_3,"contact-relaxed SNS links, alpha=4.1, tau=0.05, p=0.3",contact_relaxation,contact_relaxed,conductance,4.1,0.999999999999997,0.05,0.3,0.714793028322441,0.05,0.300217864923747,4.95212929378118e-08,7.04337483479253e-07,0.0579341751557764,88.4597562266526,0.183789081432677,0.155767666445759,0.311525916426069,0.134672642339128,0.0496665840480928,2.14976391825991,3.22647466772637,2.4091374111148,2.56784360486477,0.0965499480413129,1187.87206343531,1140.74180507703,707,v7.4.6,gap_tied_weak_links_phase3_seed,/Users/asewaket/Documents/LTSpice Superconducting Circuit/matlab_v7_4_6_files/outputs/v7_4_6_as006_gap_weaklink_v800_phase3_seed_707/AS006_v7_4_6_gap_weaklink_scores.csv
AS006,anisotropic_gap_control,"anisotropic weak-link transparency",anisotropic,anisotropic,conductance,3.7,0,0.01,0.08,0.920627450980392,0.01,0.0801742919389978,1.20745472388276e-08,4.28374003858124e-07,0.127264236325597,160.119962378973,0.195414645145233,0.228573226454084,0.267999773095569,0.185742175012716,0.0473226775889389,0.201694172784146,0.189926688788519,0.217177985746696,0.313183442040397,0.0470033975249964,300.650643842761,293.033191502752,707,v7.4.6,gap_tied_weak_links_phase3_seed,/Users/asewaket/Documents/LTSpice Superconducting Circuit/matlab_v7_4_6_files/outputs/v7_4_6_as006_gap_weaklink_v800_phase3_seed_707/AS006_v7_4_6_gap_weaklink_scores.csv
AS006,contact_relaxed_a3_3_g0_1_p0_3,"contact-relaxed SNS links, alpha=3.3, tau=0.1, p=0.3",contact_relaxation,contact_relaxed,conductance,3.3,1,0.1,0.3,0.72980392156863,0.1,0.300217864923747,7.22447293257951e-08,5.13765572638325e-07,0.0466299458570883,97.609395644044,0.195639062826793,0.185282455119466,0.328089147258423,0.134358010000859,0.0508093388111822,0.951417473094924,1.42829453338801,0.992316711629796,1.21728103464155,0.0706372934325318,690.552769111619,666.113005020449,707,v7.4.6,gap_tied_weak_links_phase3_seed,/Users/asewaket/Documents/LTSpice Superconducting Circuit/matlab_v7_4_6_files/outputs/v7_4_6_as006_gap_weaklink_v800_phase3_seed_707/AS006_v7_4_6_gap_weaklink_scores.csv
AS006,crack_tunnel_a3_3_g0_05_p0_3,"tunnel/crack-like links, alpha=3.3, tau=0.05, p=0.3",tear_lane,crack_tunnel,conductance,3.3,1,0.05,0.3,0.714793028322442,0.05,0.300217864923747,6.22122583189259e-08,5.21865641906277e-07,0.0778528192376341,88.4597562266526,0.197259784992099,0.227641260374501,0.267840741781933,0.180853073038251,0.0638700251697971,0.228138964035393,0.224080331483871,0.248824888940389,0.235817777414366,0.186398711279455,236.620572931304,300.855603167264,707,v7.4.6,gap_tied_weak_links_phase3_seed,/Users/asewaket/Documents/LTSpice Superconducting Circuit/matlab_v7_4_6_files/outputs/v7_4_6_as006_gap_weaklink_v800_phase3_seed_707/AS006_v7_4_6_gap_weaklink_scores.csv
AS006,crack_tunnel_a3_3_g0_1_p0_3,"tunnel/crack-like links, alpha=3.3, tau=0.1, p=0.3",tear_lane,crack_tunnel,conductance,3.3,1,0.1,0.3,0.72980392156863,0.1,0.300217864923747,1.12761300669676e-07,4.72947375214199e-07,0.0778528192376341,97.609395644044,0.198045741243677,0.236121688421654,0.273123152455552,0.176743939912481,0.0552115761089122,0.208563376122882,0.223596467992834,0.255162739155561,0.207362088390902,0.113483008610717,242.719109092313,278.112749004443,707,v7.4.6,gap_tied_weak_links_phase3_seed,/Users/asewaket/Documents/LTSpice Superconducting Circuit/matlab_v7_4_6_files/outputs/v7_4_6_as006_gap_weaklink_v800_phase3_seed_707/AS006_v7_4_6_gap_weaklink_scores.csv
AS006,combined_a3_3_g0_05_p0_2,"combined weak-link classes, alpha=3.3, tau=0.05, p=0.2",combined,boundary_constriction,conductance,3.3,1,0.05,0.2,0.810000000000001,0.05,0.2,6.60965046520728e-08,4.78387198997368e-07,0.111108739472985,112.689073690185,0.198106680443085,0.233036991893623,0.270405261996419,0.180930765095377,0.0581237454588473,0.199980987699027,0.247783166843706,0.284486921310194,0.166033048905037,0.0467283482272951,239.744165624324,241.833444679171,707,v7.4.6,gap_tied_weak_links_phase3_seed,/Users/asewaket/Documents/LTSpice Superconducting Circuit/matlab_v7_4_6_files/outputs/v7_4_6_as006_gap_weaklink_v800_phase3_seed_707/AS006_v7_4_6_gap_weaklink_scores.csv
AS006,combined_a3_3_g0_05_p0_1,"combined weak-link classes, alpha=3.3, tau=0.05, p=0.1",combined,boundary_constriction,conductance,3.3,1,0.05,0.1,0.904793028322441,0.05,0.100217864923747,5.69021885390458e-08,4.348603242035e-07,0.113656824804742,137.756231499773,0.198286181601043,0.237680497785875,0.273230347796495,0.181305431294016,0.0489655124579522,0.210978551224752,0.269862002363291,0.303807078201242,0.154518952911427,0.0602196757690145,240.080313888799,226.255796062806,707,v7.4.6,gap_tied_weak_links_phase3_seed,/Users/asewaket/Documents/LTSpice Superconducting Circuit/matlab_v7_4_6_files/outputs/v7_4_6_as006_gap_weaklink_v800_phase3_seed_707/AS006_v7_4_6_gap_weaklink_scores.csv
AS006,combined_a3_3_g0_1_p0_2,"combined weak-link classes, alpha=3.3, tau=0.1, p=0.2",combined,boundary_constriction,conductance,3.3,1,0.1,0.2,0.820000000000001,0.1,0.2,1.22773778725314e-07,4.44300378846765e-07,0.111108739472985,121.334603540476,0.198374516583865,0.237947440328648,0.274135963278309,0.17880189896926,0.0506848331420603,0.207488440259038,0.264373257896353,0.299523572033567,0.155972848122327,0.0539366321871867,239.904334086076,231.254233499858,707,v7.4.6,gap_tied_weak_links_phase3_seed,/Users/asewaket/Documents/LTSpice Superconducting Circuit/matlab_v7_4_6_files/outputs/v7_4_6_as006_gap_weaklink_v800_phase3_seed_707/AS006_v7_4_6_gap_weaklink_scores.csv
AS006,combined_a3_7_g0_05_p0_2,"combined weak-link classes, alpha=3.7, tau=0.05, p=0.2",combined,boundary_constriction,conductance,3.7,0,0.05,0.2,0.810000000000001,0.05,0.2,7.41082021856574e-08,5.36373526148564e-07,0.124576465469711,112.689073690185,0.198603222722747,0.237609234420089,0.269979975068085,0.181974105618432,0.0554742908014594,0.20153828547839,0.253986380564381,0.285664628507017,0.165609683993619,0.0467798419482665,239.719924370344,240.326447767004,707,v7.4.6,gap_tied_weak_links_phase3_seed,/Users/asewaket/Documents/LTSpice Superconducting Circuit/matlab_v7_4_6_files/outputs/v7_4_6_as006_gap_weaklink_v800_phase3_seed_707/AS006_v7_4_6_gap_weaklink_scores.csv
AS006,crack_tunnel_a3_3_g0_05_p0_2,"tunnel/crack-like links, alpha=3.3, tau=0.05, p=0.2",tear_lane,crack_tunnel,conductance,3.3,1,0.05,0.2,0.809586056644881,0.05,0.200435729847495,5.35361755924349e-08,4.68871080069831e-07,0.0876507997027879,112.689073690185,0.198690084763966,0.238142414663547,0.267900013335174,0.186470429487368,0.0533949489605192,0.228945737650877,0.288786993762522,0.316556331315299,0.152751546510448,0.111028681552028,241.057008818142,210.212571548206,707,v7.4.6,gap_tied_weak_links_phase3_seed,/Users/asewaket/Documents/LTSpice Superconducting Circuit/matlab_v7_4_6_files/outputs/v7_4_6_as006_gap_weaklink_v800_phase3_seed_707/AS006_v7_4_6_gap_weaklink_scores.csv
AS006,combined_a3_3_g0_1_p0_3,"combined weak-link classes, alpha=3.3, tau=0.1, p=0.3",combined,boundary_constriction,conductance,3.3,1,0.1,0.3,0.729803921568629,0.1,0.300217864923747,1.25948430126766e-07,4.98119823707703e-07,0.0956063151931286,97.609395644044,0.199153678050329,0.238269445504339,0.275907062671545,0.17632626903251,0.0542537487814685,0.203189604218098,0.255591824697046,0.292795383628972,0.160423113739656,0.047435382868174,240.096976565445,239.082810145901,707,v7.4.6,gap_tied_weak_links_phase3_seed,/Users/asewaket/Documents/LTSpice Superconducting Circuit/matlab_v7_4_6_files/outputs/v7_4_6_as006_gap_weaklink_v800_phase3_seed_707/AS006_v7_4_6_gap_weaklink_scores.csv
AS006,crack_tunnel_a3_7_g0_05_p0_2,"tunnel/crack-like links, alpha=3.7, tau=0.05, p=0.2",tear_lane,crack_tunnel,conductance,3.7,0,0.05,0.2,0.809586056644881,0.05,0.200435729847495,6.00254089975785e-08,5.25703938260114e-07,0.0982751390607016,112.689073690185,0.199304662588713,0.242383304148228,0.26752077718512,0.187176011076315,0.0520086348759831,0.229812085389028,0.294507416922773,0.316922514819995,0.152555421926725,0.10924433167897,240.820949993626,209.822216131415,707,v7.4.6,gap_tied_weak_links_phase3_seed,/Users/asewaket/Documents/LTSpice Superconducting Circuit/matlab_v7_4_6_files/outputs/v7_4_6_as006_gap_weaklink_v800_phase3_seed_707/AS006_v7_4_6_gap_weaklink_scores.csv
AS006,crack_tunnel_a3_7_g0_05_p0_3,"tunnel/crack-like links, alpha=3.7, tau=0.05, p=0.3",tear_lane,crack_tunnel,conductance,3.7,0,0.05,0.3,0.714793028322442,0.05,0.300217864923747,6.97531381151594e-08,5.85122083349462e-07,0.0872895245997716,88.4597562266526,0.199312277146959,0.234886577578956,0.269397553267522,0.180046736193042,0.0651706696963763,0.228717868275647,0.227801789297313,0.249439384993186,0.235090517871142,0.185405481003917,236.56352435686,301.396481323323,707,v7.4.6,gap_tied_weak_links_phase3_seed,/Users/asewaket/Documents/LTSpice Superconducting Circuit/matlab_v7_4_6_files/outputs/v7_4_6_as006_gap_weaklink_v800_phase3_seed_707/AS006_v7_4_6_gap_weaklink_scores.csv
AS006,crack_tunnel_a3_7_g0_1_p0_3,"tunnel/crack-like links, alpha=3.7, tau=0.1, p=0.3",tear_lane,crack_tunnel,conductance,3.7,0,0.1,0.3,0.72980392156863,0.1,0.300217864923747,1.26429337114486e-07,5.30274329785617e-07,0.0872895245997716,97.609395644044,0.199396908544312,0.242356868303825,0.273353659354919,0.177010146299584,0.0549960876721463,0.209639731343862,0.228949422798639,0.255700832182062,0.206930862661965,0.113109199274606,242.514666487659,277.727085982166,707,v7.4.6,gap_tied_weak_links_phase3_seed,/Users/asewaket/Documents/LTSpice Superconducting Circuit/matlab_v7_4_6_files/outputs/v7_4_6_as006_gap_weaklink_v800_phase3_seed_707/AS006_v7_4_6_gap_weaklink_scores.csv
AS006,combined_a4_1_g0_05_p0_2,"combined weak-link classes, alpha=4.1, tau=0.05, p=0.2",combined,boundary_constriction,conductance,4.1,0.999999999999997,0.05,0.2,0.810000000000001,0.05,0.2,8.21198997192419e-08,5.9435985329976e-07,0.138044191466436,112.689073690185,0.199468508202819,0.241241561716295,0.270630949729413,0.181878560247577,0.0551486169618561,0.202616058798997,0.257987077588745,0.28665243087191,0.165273514200508,0.0468595696297612,239.687821667602,240.063788673717,707,v7.4.6,gap_tied_weak_links_phase3_seed,/Users/asewaket/Documents/LTSpice Superconducting Circuit/matlab_v7_4_6_files/outputs/v7_4_6_as006_gap_weaklink_v800_phase3_seed_707/AS006_v7_4_6_gap_weaklink_scores.csv
AS006,crack_tunnel_a3_3_g0_1_p0_2,"tunnel/crack-like links, alpha=3.3, tau=0.1, p=0.2",tear_lane,crack_tunnel,conductance,3.3,1,0.1,0.2,0.819607843137257,0.1,0.200435729847495,9.94430584579944e-08,4.35462317850324e-07,0.0876507997027879,121.334603540476,0.199510758802776,0.243066338822884,0.273971235014143,0.180231186898985,0.0497488102925142,0.20789176607811,0.263492437225776,0.293961092376557,0.161507274334568,0.0596503885875878,244.687726301283,231.576598252317,707,v7.4.6,gap_tied_weak_links_phase3_seed,/Users/asewaket/Documents/LTSpice Superconducting Circuit/matlab_v7_4_6_files/outputs/v7_4_6_as006_gap_weaklink_v800_phase3_seed_707/AS006_v7_4_6_gap_weaklink_scores.csv
AS006,combined_a3_7_g0_1_p0_2,"combined weak-link classes, alpha=3.7, tau=0.1, p=0.2",combined,boundary_constriction,conductance,3.7,0,0.1,0.2,0.820000000000001,0.1,0.2,1.37655448873837e-07,4.9815497022213e-07,0.124576465469711,121.334603540476,0.199520223882127,0.24298508073342,0.274705704657476,0.178794858213777,0.0503874827594082,0.208832931363161,0.269845555003523,0.300443855882544,0.155784047244816,0.0538122949618116,239.833949306833,231.042861159171,707,v7.4.6,gap_tied_weak_links_phase3_seed,/Users/asewaket/Documents/LTSpice Superconducting Circuit/matlab_v7_4_6_files/outputs/v7_4_6_as006_gap_weaklink_v800_phase3_seed_707/AS006_v7_4_6_gap_weaklink_scores.csv
AS006,combined_a3_7_g0_05_p0_1,"combined weak-link classes, alpha=3.7, tau=0.05, p=0.1",combined,boundary_constriction,conductance,3.7,0,0.05,0.1,0.904793028322441,0.05,0.100217864923747,6.37994235134756e-08,4.87570666531197e-07,0.127433409629559,137.756231499773,0.199597476595413,0.243106940815134,0.273949553556258,0.181151170923171,0.0490297597845175,0.212325968278963,0.275650421406063,0.3046790147886,0.15432473651815,0.0598852234610147,239.892070112784,226.317284427623,707,v7.4.6,gap_tied_weak_links_phase3_seed,/Users/asewaket/Documents/LTSpice Superconducting Circuit/matlab_v7_4_6_files/outputs/v7_4_6_as006_gap_weaklink_v800_phase3_seed_707/AS006_v7_4_6_gap_weaklink_scores.csv
AS006,contact_relaxed_a3_7_g0_1_p0_3,"contact-relaxed SNS links, alpha=3.7, tau=0.1, p=0.3",contact_relaxation,contact_relaxed,conductance,3.7,0,0.1,0.3,0.72980392156863,0.1,0.300217864923747,8.10016662137702e-08,5.76040187503577e-07,0.0522820605064324,97.609395644044,0.199763009407709,0.196657461824667,0.333331627327308,0.134130472250913,0.0511641470774464,0.940273967390046,1.40083409477167,0.980993123914059,1.21090989374803,0.0701604081439065,691.225199540928,667.749841979435,707,v7.4.6,gap_tied_weak_links_phase3_seed,/Users/asewaket/Documents/LTSpice Superconducting Circuit/matlab_v7_4_6_files/outputs/v7_4_6_as006_gap_weaklink_v800_phase3_seed_707/AS006_v7_4_6_gap_weaklink_scores.csv
AS006,crack_tunnel_a4_1_g0_05_p0_2,"tunnel/crack-like links, alpha=4.1, tau=0.05, p=0.2",tear_lane,crack_tunnel,conductance,4.1,0.999999999999997,0.05,0.2,0.809586056644881,0.05,0.200435729847495,6.65146424027221e-08,5.82536796450397e-07,0.108899478418615,112.689073690185,0.199835455784611,0.245438620707774,0.267650349265369,0.187240055851529,0.0513004771864736,0.230282739397576,0.298003617016439,0.317219981315834,0.152390154134657,0.107787420000408,240.706143425266,209.825236958121,707,v7.4.6,gap_tied_weak_links_phase3_seed,/Users/asewaket/Documents/LTSpice Superconducting Circuit/matlab_v7_4_6_files/outputs/v7_4_6_as006_gap_weaklink_v800_phase3_seed_707/AS006_v7_4_6_gap_weaklink_scores.csv
AS006,contact_relaxed_a4_1_g0_1_p0_3,"contact-relaxed SNS links, alpha=4.1, tau=0.1, p=0.3",contact_relaxation,contact_relaxed,conductance,4.1,0.999999999999997,0.1,0.3,0.72980392156863,0.1,0.300217864923747,8.97586031017454e-08,6.38314802368828e-07,0.0579341751557764,97.609395644044,0.200139434754363,0.20177026498029,0.330837989552268,0.135578906739236,0.050486793651009,0.929707060984835,1.37028169560141,0.972000082603278,1.20597427544323,0.0697856204629916,684.386836300165,659.58564133417,707,v7.4.6,gap_tied_weak_links_phase3_seed,/Users/asewaket/Documents/LTSpice Superconducting Circuit/matlab_v7_4_6_files/outputs/v7_4_6_as006_gap_weaklink_v800_phase3_seed_707/AS006_v7_4_6_gap_weaklink_scores.csv
AS006,contact_relaxed_a3_3_g0_05_p0_2,"contact-relaxed SNS links, alpha=3.3, tau=0.05, p=0.2",contact_relaxation,contact_relaxed,conductance,3.3,1,0.05,0.2,0.810000000000002,0.05,0.2,3.02519064713669e-08,5.11283733632255e-07,0.0442561370154866,112.689073690185,0.200180226522434,0.22137794620978,0.304777931221396,0.157787639896372,0.0489272568944795,0.299103880765228,0.357593925977236,0.272191039605985,0.464544746771505,0.0809102250740494,386.560277892614,359.604853034458,707,v7.4.6,gap_tied_weak_links_phase3_seed,/Users/asewaket/Documents/LTSpice Superconducting Circuit/matlab_v7_4_6_files/outputs/v7_4_6_as006_gap_weaklink_v800_phase3_seed_707/AS006_v7_4_6_gap_weaklink_scores.csv
AS006,combined_a4_1_g0_1_p0_2,"combined weak-link classes, alpha=4.1, tau=0.1, p=0.2",combined,boundary_constriction,conductance,4.1,0.999999999999997,0.1,0.2,0.820000000000001,0.1,0.2,1.5253711902236e-07,5.52009561597496e-07,0.138044191466436,121.334603540476,0.200209684757972,0.245930707345716,0.275093357773096,0.178884948718026,0.0500981544436929,0.209722646878732,0.273243130681175,0.301204193666206,0.155637170766478,0.0537163013385255,239.762848487664,230.804158527664,707,v7.4.6,gap_tied_weak_links_phase3_seed,/Users/asewaket/Documents/LTSpice Superconducting Circuit/matlab_v7_4_6_files/outputs/v7_4_6_as006_gap_weaklink_v800_phase3_seed_707/AS006_v7_4_6_gap_weaklink_scores.csv
AS006,combined_a3_3_g0_05_p0_3,"combined weak-link classes, alpha=3.3, tau=0.05, p=0.3",combined,boundary_constriction,conductance,3.3,1,0.05,0.3,0.714793028322442,0.05,0.300217864923747,6.94878138454879e-08,5.49641746986606e-07,0.0956063151931286,88.4597562266526,0.200217135017819,0.241233505911113,0.279965728737387,0.171045837133899,0.0561048474701833,0.198257572092004,0.234037546523303,0.271253131727422,0.180410598508679,0.0570440852778811,245.710945111718,259.639601871667,707,v7.4.6,gap_tied_weak_links_phase3_seed,/Users/asewaket/Documents/LTSpice Superconducting Circuit/matlab_v7_4_6_files/outputs/v7_4_6_as006_gap_weaklink_v800_phase3_seed_707/AS006_v7_4_6_gap_weaklink_scores.csv
AS006,combined_a3_7_g0_1_p0_3,"combined weak-link classes, alpha=3.7, tau=0.1, p=0.3",combined,boundary_constriction,conductance,3.7,0,0.1,0.3,0.729803921568629,0.1,0.300217864923747,1.41214906505768e-07,5.58497984157121e-07,0.107194959458962,97.609395644044,0.200253832191354,0.243804111899836,0.276387622358736,0.176364082581357,0.0533316067024477,0.204645411268554,0.261635137940067,0.293755611278419,0.16014949314967,0.0473327322283804,240.127388636513,238.637019393794,707,v7.4.6,gap_tied_weak_links_phase3_seed,/Users/asewaket/Documents/LTSpice Superconducting Circuit/matlab_v7_4_6_files/outputs/v7_4_6_as006_gap_weaklink_v800_phase3_seed_707/AS006_v7_4_6_gap_weaklink_scores.csv
AS006,crack_tunnel_a4_1_g0_1_p0_3,"tunnel/crack-like links, alpha=4.1, tau=0.1, p=0.3",tear_lane,crack_tunnel,conductance,4.1,0.999999999999997,0.1,0.3,0.72980392156863,0.1,0.300217864923747,1.40097373559295e-07,5.87601284357035e-07,0.096726229961909,97.609395644044,0.200324854959522,0.246621113334435,0.273523958326571,0.177186998223824,0.0548524866118944,0.210399121585559,0.232705998164861,0.256091716760045,0.206596678493419,0.112883257316081,242.360574849697,277.455328121576,707,v7.4.6,gap_tied_weak_links_phase3_seed,/Users/asewaket/Documents/LTSpice Superconducting Circuit/matlab_v7_4_6_files/outputs/v7_4_6_as006_gap_weaklink_v800_phase3_seed_707/AS006_v7_4_6_gap_weaklink_scores.csv
AS006,combined_a4_1_g0_05_p0_1,"combined weak-link classes, alpha=4.1, tau=0.05, p=0.1",combined,boundary_constriction,conductance,4.1,0.999999999999997,0.05,0.1,0.904793028322441,0.05,0.100217864923747,7.06966584879054e-08,5.40281008858894e-07,0.141209994454376,137.756231499773,0.200461770191547,0.246438709698923,0.274418355011482,0.181162879244107,0.0491844209335848,0.213219347527764,0.279317464019704,0.305393059234951,0.154173409894732,0.0596246575895353,239.638259573039,226.34318552069,707,v7.4.6,gap_tied_weak_links_phase3_seed,/Users/asewaket/Documents/LTSpice Superconducting Circuit/matlab_v7_4_6_files/outputs/v7_4_6_as006_gap_weaklink_v800_phase3_seed_707/AS006_v7_4_6_gap_weaklink_scores.csv
AS006,crack_tunnel_a3_7_g0_1_p0_2,"tunnel/crack-like links, alpha=3.7, tau=0.1, p=0.2",tear_lane,crack_tunnel,conductance,3.7,0,0.1,0.2,0.819607843137257,0.1,0.200435729847495,1.11496762513509e-07,4.88245629104909e-07,0.0982751390607016,121.334603540476,0.200620030681255,0.248095112759185,0.274340831446646,0.180191216224677,0.0496695653346134,0.209038851956021,0.269102212892728,0.29449736499148,0.161357506940313,0.0590247744768959,244.451514571523,231.676841070629,707,v7.4.6,gap_tied_weak_links_phase3_seed,/Users/asewaket/Documents/LTSpice Superconducting Circuit/matlab_v7_4_6_files/outputs/v7_4_6_as006_gap_weaklink_v800_phase3_seed_707/AS006_v7_4_6_gap_weaklink_scores.csv
AS006,contact_relaxed_a3_7_g0_05_p0_2,"contact-relaxed SNS links, alpha=3.7, tau=0.05, p=0.2",contact_relaxation,contact_relaxed,conductance,3.7,0,0.05,0.2,0.810000000000002,0.05,0.2,3.3918804225472e-08,5.73257519527074e-07,0.049620517259788,112.689073690185,0.200688860848693,0.228371011251103,0.29930320923331,0.162271354527181,0.0484534836750921,0.294579439159097,0.337176857414379,0.271647041022736,0.463482668232494,0.0809846813006988,381.871287999842,354.375358418047,707,v7.4.6,gap_tied_weak_links_phase3_seed,/Users/asewaket/Documents/LTSpice Superconducting Circuit/matlab_v7_4_6_files/outputs/v7_4_6_as006_gap_weaklink_v800_phase3_seed_707/AS006_v7_4_6_gap_weaklink_scores.csv
AS006,combined_a3_3_g0_1_p0_1,"combined weak-link classes, alpha=3.3, tau=0.1, p=0.1",combined,boundary_constriction,conductance,3.3,1,0.1,0.1,0.909803921568628,0.1,0.100217864923747,1.08693503730644e-07,4.15331057422233e-07,0.113656824804742,144.233662329142,0.200721394719331,0.245006881432072,0.279442923589268,0.17702100533849,0.0482987192102501,0.211479659702763,0.274269344930162,0.30704227672632,0.153365154800624,0.0540985258118122,240.126763335566,228.900476201621,707,v7.4.6,gap_tied_weak_links_phase3_seed,/Users/asewaket/Documents/LTSpice Superconducting Circuit/matlab_v7_4_6_files/outputs/v7_4_6_as006_gap_weaklink_v800_phase3_seed_707/AS006_v7_4_6_gap_weaklink_scores.csv
AS006,combined_a4_1_g0_1_p0_3,"combined weak-link classes, alpha=4.1, tau=0.1, p=0.3",combined,boundary_constriction,conductance,4.1,0.999999999999997,0.1,0.3,0.729803921568629,0.1,0.300217864923747,1.5648138288477e-07,6.1887614460654e-07,0.118783603724796,97.609395644044,0.200860604939261,0.248315153001955,0.277763494221885,0.175318624432583,0.0507534762653234,0.205659676085998,0.265592529638086,0.294570645233667,0.159943191729567,0.0472782319710289,241.282594025174,238.137222778474,707,v7.4.6,gap_tied_weak_links_phase3_seed,/Users/asewaket/Documents/LTSpice Superconducting Circuit/matlab_v7_4_6_files/outputs/v7_4_6_as006_gap_weaklink_v800_phase3_seed_707/AS006_v7_4_6_gap_weaklink_scores.csv
AS006,crack_tunnel_a4_1_g0_05_p0_3,"tunnel/crack-like links, alpha=4.1, tau=0.05, p=0.3",tear_lane,crack_tunnel,conductance,4.1,0.999999999999997,0.05,0.3,0.714793028322442,0.05,0.300217864923747,7.72940179113928e-08,6.48378524792647e-07,0.096726229961909,88.4597562266526,0.201111507886248,0.24058092956919,0.27101018353066,0.179034748910515,0.066915352545252,0.229173729149047,0.230732314947919,0.249899803598626,0.234515594930822,0.184667180836196,236.562917265245,302.274954649845,707,v7.4.6,gap_tied_weak_links_phase3_seed,/Users/asewaket/Documents/LTSpice Superconducting Circuit/matlab_v7_4_6_files/outputs/v7_4_6_as006_gap_weaklink_v800_phase3_seed_707/AS006_v7_4_6_gap_weaklink_scores.csv
AS006,crack_tunnel_a4_1_g0_1_p0_2,"tunnel/crack-like links, alpha=4.1, tau=0.1, p=0.2",tear_lane,crack_tunnel,conductance,4.1,0.999999999999997,0.1,0.2,0.819607843137257,0.1,0.200435729847495,1.23550466569023e-07,5.41028940359493e-07,0.108899478418615,121.334603540476,0.201345817852825,0.25126076657619,0.274601045166933,0.180192476237944,0.0496758983483722,0.209781419234055,0.272678008741721,0.294922932611211,0.161239235045266,0.0585649115523535,244.232272929821,231.754023278165,707,v7.4.6,gap_tied_weak_links_phase3_seed,/Users/asewaket/Documents/LTSpice Superconducting Circuit/matlab_v7_4_6_files/outputs/v7_4_6_as006_gap_weaklink_v800_phase3_seed_707/AS006_v7_4_6_gap_weaklink_scores.csv
AS006,contact_relaxed_a3_3_g0_1_p0_2,"contact-relaxed SNS links, alpha=3.3, tau=0.1, p=0.2",contact_relaxation,contact_relaxed,conductance,3.3,1,0.1,0.2,0.820000000000002,0.1,0.2,5.61926971885348e-08,4.74852916271803e-07,0.0442561370154866,121.334603540476,0.201526490695329,0.230708052090765,0.303634016024689,0.157169255834757,0.0491033035492282,0.244551354476549,0.264029595618415,0.233964352682002,0.380274068954866,0.0739469733772453,353.482194003348,330.614341656121,707,v7.4.6,gap_tied_weak_links_phase3_seed,/Users/asewaket/Documents/LTSpice Superconducting Circuit/matlab_v7_4_6_files/outputs/v7_4_6_as006_gap_weaklink_v800_phase3_seed_707/AS006_v7_4_6_gap_weaklink_scores.csv
AS006,combined_a3_3_g0_2_p0_3,"combined weak-link classes, alpha=3.3, tau=0.2, p=0.3",combined,boundary_constriction,conductance,3.3,1,0.2,0.3,0.759825708061,0.2,0.300217864923747,2.17995845106615e-07,4.36079958699535e-07,0.0956063151931286,112.788848255133,0.201732496305229,0.249635206344078,0.285102550872148,0.168890020764793,0.0489852851998164,0.21059884652965,0.27385011602038,0.308430639661495,0.150792636816647,0.0508997011994435,240.793879141787,232.767822980909,707,v7.4.6,gap_tied_weak_links_phase3_seed,/Users/asewaket/Documents/LTSpice Superconducting Circuit/matlab_v7_4_6_files/outputs/v7_4_6_as006_gap_weaklink_v800_phase3_seed_707/AS006_v7_4_6_gap_weaklink_scores.csv
AS006,combined_a3_7_g0_05_p0_3,"combined weak-link classes, alpha=3.7, tau=0.05, p=0.3",combined,boundary_constriction,conductance,3.7,0,0.05,0.3,0.714793028322442,0.05,0.300217864923747,7.79105791600925e-08,6.16264989045588e-07,0.107194959458962,88.4597562266526,0.20177605314087,0.24964696405983,0.282098629679181,0.169482931360352,0.0537070355055125,0.199800791732816,0.241105005314011,0.272384681945963,0.179789342589468,0.0564890817077962,247.004341489455,259.318222692423,707,v7.4.6,gap_tied_weak_links_phase3_seed,/Users/asewaket/Documents/LTSpice Superconducting Circuit/matlab_v7_4_6_files/outputs/v7_4_6_as006_gap_weaklink_v800_phase3_seed_707/AS006_v7_4_6_gap_weaklink_scores.csv
AS006,combined_a3_7_g0_1_p0_1,"combined weak-link classes, alpha=3.7, tau=0.1, p=0.1",combined,boundary_constriction,conductance,3.7,0,0.1,0.1,0.909803921568628,0.1,0.100217864923747,1.21868473879813e-07,4.65674215897655e-07,0.127433409629559,144.233662329142,0.201919840061799,0.250016712391455,0.27993294979633,0.177029330218842,0.048413163000412,0.212728709962545,0.279626040671976,0.307739495184687,0.153264920639002,0.0538922417687968,239.894302256669,228.957768506066,707,v7.4.6,gap_tied_weak_links_phase3_seed,/Users/asewaket/Documents/LTSpice Superconducting Circuit/matlab_v7_4_6_files/outputs/v7_4_6_as006_gap_weaklink_v800_phase3_seed_707/AS006_v7_4_6_gap_weaklink_scores.csv
AS006,combined_a3_3_g0_2_p0_2,"combined weak-link classes, alpha=3.3, tau=0.2, p=0.2",combined,boundary_constriction,conductance,3.3,1,0.2,0.2,0.839999999999999,0.2,0.2,2.22390843513511e-07,4.03189538143837e-07,0.111108739472985,133.968715001498,0.202009740260858,0.250474233119878,0.284054407904001,0.171043935997365,0.0486743343557035,0.213357275709229,0.279323455047556,0.311511866795057,0.149746580641152,0.055133930805799,240.359595317497,229.250015228043,707,v7.4.6,gap_tied_weak_links_phase3_seed,/Users/asewaket/Documents/LTSpice Superconducting Circuit/matlab_v7_4_6_files/outputs/v7_4_6_as006_gap_weaklink_v800_phase3_seed_707/AS006_v7_4_6_gap_weaklink_scores.csv
AS006,combined_a3_7_g0_2_p0_3,"combined weak-link classes, alpha=3.7, tau=0.2, p=0.3",combined,boundary_constriction,conductance,3.7,0,0.2,0.3,0.759825708061,0.2,0.300217864923747,2.44419583907417e-07,4.889381355116e-07,0.107194959458962,112.788848255133,0.202596460571003,0.253792263149322,0.284998336632411,0.169436130451682,0.0486477875343728,0.211821090824904,0.278907251825752,0.309187132404571,0.150684050090531,0.0507656579776028,240.5047529266,232.282548038645,707,v7.4.6,gap_tied_weak_links_phase3_seed,/Users/asewaket/Documents/LTSpice Superconducting Circuit/matlab_v7_4_6_files/outputs/v7_4_6_as006_gap_weaklink_v800_phase3_seed_707/AS006_v7_4_6_gap_weaklink_scores.csv
AS006,combined_a4_1_g0_1_p0_1,"combined weak-link classes, alpha=4.1, tau=0.1, p=0.1",combined,boundary_constriction,conductance,4.1,0.999999999999997,0.1,0.1,0.909803921568628,0.1,0.100217864923747,1.35043444028982e-07,5.16017374373077e-07,0.141209994454376,144.233662329142,0.202690517210204,0.252982226565084,0.280192212427762,0.17718251812711,0.0486558400784638,0.213543489618863,0.282965451137723,0.308298888872684,0.15318922401609,0.0537424114092843,239.569846705103,229.005108579295,707,v7.4.6,gap_tied_weak_links_phase3_seed,/Users/asewaket/Documents/LTSpice Superconducting Circuit/matlab_v7_4_6_files/outputs/v7_4_6_as006_gap_weaklink_v800_phase3_seed_707/AS006_v7_4_6_gap_weaklink_scores.csv
AS006,crack_tunnel_a3_3_g0_2_p0_3,"tunnel/crack-like links, alpha=3.3, tau=0.2, p=0.3",tear_lane,crack_tunnel,conductance,3.3,1,0.2,0.3,0.759825708061,0.2,0.300217864923747,1.95171110986188e-07,4.13608010763707e-07,0.0778528192376341,112.788848255133,0.202767023445895,0.253551294837113,0.286297188383368,0.16522495643799,0.0527325471739795,0.200262178298453,0.235318005579672,0.266627685688753,0.187499536497011,0.0650200153360096,250.869302635993,266.776678427352,707,v7.4.6,gap_tied_weak_links_phase3_seed,/Users/asewaket/Documents/LTSpice Superconducting Circuit/matlab_v7_4_6_files/outputs/v7_4_6_as006_gap_weaklink_v800_phase3_seed_707/AS006_v7_4_6_gap_weaklink_scores.csv
AS006,combined_a3_7_g0_2_p0_2,"combined weak-link classes, alpha=3.7, tau=0.2, p=0.2",combined,boundary_constriction,conductance,3.7,0,0.2,0.2,0.839999999999999,0.2,0.2,2.49347309393937e-07,4.52060997312786e-07,0.124576465469711,133.968715001498,0.202910867352725,0.254556356802259,0.284153314014269,0.171370291548427,0.0485168160008628,0.214492016571455,0.284058577860698,0.312204461537131,0.149657977378194,0.0549712255838523,240.129522250513,228.96451409818,707,v7.4.6,gap_tied_weak_links_phase3_seed,/Users/asewaket/Documents/LTSpice Superconducting Circuit/matlab_v7_4_6_files/outputs/v7_4_6_as006_gap_weaklink_v800_phase3_seed_707/AS006_v7_4_6_gap_weaklink_scores.csv
AS006,contact_relaxed_a4_1_g0_05_p0_2,"contact-relaxed SNS links, alpha=4.1, tau=0.05, p=0.2",contact_relaxation,contact_relaxed,conductance,4.1,0.999999999999997,0.05,0.2,0.810000000000002,0.05,0.2,3.7585701979577e-08,6.35231305421893e-07,0.0549848975040894,112.689073690185,0.202974744572011,0.238825233387142,0.298938866226256,0.162998794679822,0.0491569802271894,0.291062493505381,0.321351692964624,0.271256463517839,0.462576415980714,0.0810414434301687,380.227566338369,353.93343474959,707,v7.4.6,gap_tied_weak_links_phase3_seed,/Users/asewaket/Documents/LTSpice Superconducting Circuit/matlab_v7_4_6_files/outputs/v7_4_6_as006_gap_weaklink_v800_phase3_seed_707/AS006_v7_4_6_gap_weaklink_scores.csv
AS006,combined_a4_1_g0_05_p0_3,"combined weak-link classes, alpha=4.1, tau=0.05, p=0.3",combined,boundary_constriction,conductance,4.1,0.999999999999997,0.05,0.3,0.714793028322442,0.05,0.300217864923747,8.6333344474697e-08,6.82888231104571e-07,0.118783603724796,88.4597562266526,0.202975950515788,0.256162202361968,0.28467398225604,0.167482334661036,0.0511851629426091,0.200859672506851,0.245737294853888,0.273346434761218,0.179287015756611,0.0560960371524693,248.746806758174,259.171461873002,707,v7.4.6,gap_tied_weak_links_phase3_seed,/Users/asewaket/Documents/LTSpice Superconducting Circuit/matlab_v7_4_6_files/outputs/v7_4_6_as006_gap_weaklink_v800_phase3_seed_707/AS006_v7_4_6_gap_weaklink_scores.csv
AS006,crack_tunnel_a3_3_g0_2_p0_2,"tunnel/crack-like links, alpha=3.3, tau=0.2, p=0.2",tear_lane,crack_tunnel,conductance,3.3,1,0.2,0.2,0.839651416122003,0.2,0.200435729847495,1.80129876930121e-07,3.94477010663058e-07,0.0876507997027879,133.968715001498,0.202988570866981,0.254902016304184,0.285640529183545,0.169050695604365,0.0488565424540624,0.202546997915139,0.254481802489294,0.285189165911632,0.169408198416437,0.0474118987204999,250.531959327605,245.943806504768,707,v7.4.6,gap_tied_weak_links_phase3_seed,/Users/asewaket/Documents/LTSpice Superconducting Circuit/matlab_v7_4_6_files/outputs/v7_4_6_as006_gap_weaklink_v800_phase3_seed_707/AS006_v7_4_6_gap_weaklink_scores.csv
AS006,combined_a4_1_g0_2_p0_3,"combined weak-link classes, alpha=4.1, tau=0.2, p=0.3",combined,boundary_constriction,conductance,4.1,0.999999999999997,0.2,0.3,0.759825708061,0.2,0.300217864923747,2.70843322708219e-07,5.41796312323665e-07,0.118783603724796,112.788848255133,0.20308555883144,0.256210776804594,0.284606298940749,0.170195315751043,0.0484118495174907,0.212704983712979,0.282425390887005,0.309806983992023,0.150604583651651,0.0506815761272862,240.121176448286,231.738032655186,707,v7.4.6,gap_tied_weak_links_phase3_seed,/Users/asewaket/Documents/LTSpice Superconducting Circuit/matlab_v7_4_6_files/outputs/v7_4_6_as006_gap_weaklink_v800_phase3_seed_707/AS006_v7_4_6_gap_weaklink_scores.csv
AS006,combined_a4_1_g0_2_p0_2,"combined weak-link classes, alpha=4.1, tau=0.2, p=0.2",combined,boundary_constriction,conductance,4.1,0.999999999999997,0.2,0.2,0.839999999999999,0.2,0.2,2.76303775274362e-07,5.00932456481736e-07,0.138044191466436,133.968715001498,0.20341721463949,0.256774604849268,0.284052727396984,0.171830409112093,0.0484311840133452,0.215243482417909,0.28703000918961,0.312772649911776,0.149590727253178,0.0548468564878563,239.844549697635,228.651153392541,707,v7.4.6,gap_tied_weak_links_phase3_seed,/Users/asewaket/Documents/LTSpice Superconducting Circuit/matlab_v7_4_6_files/outputs/v7_4_6_as006_gap_weaklink_v800_phase3_seed_707/AS006_v7_4_6_gap_weaklink_scores.csv
AS006,contact_relaxed_a3_7_g0_1_p0_2,"contact-relaxed SNS links, alpha=3.7, tau=0.1, p=0.2",contact_relaxation,contact_relaxed,conductance,3.7,0,0.1,0.2,0.820000000000002,0.1,0.2,6.30039332113875e-08,5.3241084551687e-07,0.049620517259788,121.334603540476,0.203508895969514,0.241194829281512,0.302218415776482,0.158743814890956,0.0490376543435197,0.242013720210697,0.252903665580595,0.233960278861636,0.3791761660245,0.0737642399344015,351.570205334789,328.777156038774,707,v7.4.6,gap_tied_weak_links_phase3_seed,/Users/asewaket/Documents/LTSpice Superconducting Circuit/matlab_v7_4_6_files/outputs/v7_4_6_as006_gap_weaklink_v800_phase3_seed_707/AS006_v7_4_6_gap_weaklink_scores.csv
AS006,boundary_sns_a3_3_g0_1_p0_3,"SNS-like boundary constriction, alpha=3.3, tau=0.1, p=0.3",boundary_lane,boundary_constriction,conductance,3.3,1,0.1,0.3,0.715686274509806,0.1,0.315904139433551,1.38281380787185e-07,4.67938491270743e-07,0.0979376481929796,97.609395644044,0.203882672647236,0.256186762101279,0.278860785347185,0.178270902466672,0.0523815986939854,0.320742692796814,0.469550336393547,0.48122906336507,0.193879521911465,0.0496628643123181,167.16834238446,163.549207196903,707,v7.4.6,gap_tied_weak_links_phase3_seed,/Users/asewaket/Documents/LTSpice Superconducting Circuit/matlab_v7_4_6_files/outputs/v7_4_6_as006_gap_weaklink_v800_phase3_seed_707/AS006_v7_4_6_gap_weaklink_scores.csv
AS006,combined_a3_3_g0_2_p0_1,"combined weak-link classes, alpha=3.3, tau=0.2, p=0.1",combined,boundary_constriction,conductance,3.3,1,0.2,0.1,0.919825708061002,0.2,0.100217864923747,2.05558550459002e-07,3.93294081226334e-07,0.113656824804742,152.533300896027,0.203883554141864,0.255658345648822,0.287353768157367,0.17079049012007,0.0474022181350155,0.213383808164023,0.282104208906023,0.312279027581038,0.15083263085715,0.049785745075841,240.505762741111,231.163822149844,707,v7.4.6,gap_tied_weak_links_phase3_seed,/Users/asewaket/Documents/LTSpice Superconducting Circuit/matlab_v7_4_6_files/outputs/v7_4_6_as006_gap_weaklink_v800_phase3_seed_707/AS006_v7_4_6_gap_weaklink_scores.csv
AS006,crack_tunnel_a3_7_g0_2_p0_3,"tunnel/crack-like links, alpha=3.7, tau=0.2, p=0.3",tear_lane,crack_tunnel,conductance,3.7,0,0.2,0.3,0.759825708061,0.2,0.300217864923747,2.18828215348151e-07,4.63742315098701e-07,0.0872895245997716,112.788848255133,0.204001880685039,0.259213758759983,0.286492026541477,0.165378026126019,0.0527120655601045,0.201441430280277,0.240776154333655,0.267091000901089,0.187204189522251,0.0650165085880113,250.638080161449,266.606153196342,707,v7.4.6,gap_tied_weak_links_phase3_seed,/Users/asewaket/Documents/LTSpice Superconducting Circuit/matlab_v7_4_6_files/outputs/v7_4_6_as006_gap_weaklink_v800_phase3_seed_707/AS006_v7_4_6_gap_weaklink_scores.csv
AS006,boundary_sns_a3_7_g0_1_p0_3,"SNS-like boundary constriction, alpha=3.7, tau=0.1, p=0.3",boundary_lane,boundary_constriction,conductance,3.7,0,0.1,0.3,0.715686274509806,0.1,0.315904139433551,1.55042760276541e-07,5.2465830839447e-07,0.109808878276977,97.609395644044,0.204102898461537,0.257317953583816,0.278793749801913,0.178582436157399,0.052079431373773,0.321286724377138,0.471346759328579,0.481643698030875,0.194035034345821,0.0496665980708026,167.084409952309,163.337649595056,707,v7.4.6,gap_tied_weak_links_phase3_seed,/Users/asewaket/Documents/LTSpice Superconducting Circuit/matlab_v7_4_6_files/outputs/v7_4_6_as006_gap_weaklink_v800_phase3_seed_707/AS006_v7_4_6_gap_weaklink_scores.csv
AS006,boundary_sns_a4_1_g0_1_p0_3,"SNS-like boundary constriction, alpha=4.1, tau=0.1, p=0.3",boundary_lane,boundary_constriction,conductance,4.1,0.999999999999997,0.1,0.3,0.715686274509806,0.1,0.315904139433551,1.71804139765896e-07,5.81378125518196e-07,0.121680108360975,97.609395644044,0.204199202514167,0.257968952374341,0.278589726022555,0.178935651642351,0.0518254751040823,0.32171720400774,0.472867287616323,0.481926542844433,0.194135753595043,0.0496775904508153,166.993337665247,163.124875706811,707,v7.4.6,gap_tied_weak_links_phase3_seed,/Users/asewaket/Documents/LTSpice Superconducting Circuit/matlab_v7_4_6_files/outputs/v7_4_6_as006_gap_weaklink_v800_phase3_seed_707/AS006_v7_4_6_gap_weaklink_scores.csv
AS006,contact_relaxed_a3_3_g0_2_p0_3,"contact-relaxed SNS links, alpha=3.3, tau=0.2, p=0.3",contact_relaxation,contact_relaxed,conductance,3.3,1,0.2,0.3,0.759825708061001,0.2,0.300217864923747,1.25043645308037e-07,4.44999222098679e-07,0.0466299458570883,112.788848255133,0.204200938175104,0.23019296293603,0.325195536679661,0.139633750575131,0.0471773505311722,0.362898312824083,0.472788324937817,0.342140714433819,0.5468996517892,0.0593324241869134,432.516098900151,410.14345533613,707,v7.4.6,gap_tied_weak_links_phase3_seed,/Users/asewaket/Documents/LTSpice Superconducting Circuit/matlab_v7_4_6_files/outputs/v7_4_6_as006_gap_weaklink_v800_phase3_seed_707/AS006_v7_4_6_gap_weaklink_scores.csv
AS006,crack_tunnel_a3_7_g0_2_p0_2,"tunnel/crack-like links, alpha=3.7, tau=0.2, p=0.2",tear_lane,crack_tunnel,conductance,3.7,0,0.2,0.2,0.839651416122003,0.2,0.200435729847495,2.01963801406499e-07,4.42292405894944e-07,0.0982751390607016,133.968715001498,0.204223810924951,0.260030910579488,0.285978336612336,0.169028367782752,0.0493405952452392,0.203697923842939,0.259756242038409,0.285667380933834,0.169210235508431,0.0473026661565375,250.106246407196,246.207591861619,707,v7.4.6,gap_tied_weak_links_phase3_seed,/Users/asewaket/Documents/LTSpice Superconducting Circuit/matlab_v7_4_6_files/outputs/v7_4_6_as006_gap_weaklink_v800_phase3_seed_707/AS006_v7_4_6_gap_weaklink_scores.csv
AS006,crack_tunnel_a4_1_g0_2_p0_3,"tunnel/crack-like links, alpha=4.1, tau=0.2, p=0.3",tear_lane,crack_tunnel,conductance,4.1,0.999999999999997,0.2,0.3,0.759825708061,0.2,0.300217864923747,2.42485319710113e-07,5.13876619433696e-07,0.096726229961909,112.788848255133,0.204594508050529,0.262202181514456,0.28612903361763,0.165951615104335,0.0526050310269174,0.202195703426534,0.244168649942487,0.267436255167242,0.186984113924363,0.0650662782420543,250.2452287288,266.170082914511,707,v7.4.6,gap_tied_weak_links_phase3_seed,/Users/asewaket/Documents/LTSpice Superconducting Circuit/matlab_v7_4_6_files/outputs/v7_4_6_as006_gap_weaklink_v800_phase3_seed_707/AS006_v7_4_6_gap_weaklink_scores.csv
AS006,crack_tunnel_a3_3_g0_05_p0_1,"tunnel/crack-like links, alpha=3.3, tau=0.05, p=0.1",tear_lane,crack_tunnel,conductance,3.3,1,0.05,0.1,0.904793028322441,0.05,0.100217864923747,5.24055139041973e-08,4.32502318061292e-07,0.108682639413364,137.756231499773,0.204638105627113,0.255898189734722,0.283835461823671,0.176073753191216,0.0504880887204003,0.222960066193915,0.301193701157014,0.326164843260156,0.1453189691103,0.0611694427194151,221.898857226238,233.638137267246,707,v7.4.6,gap_tied_weak_links_phase3_seed,/Users/asewaket/Documents/LTSpice Superconducting Circuit/matlab_v7_4_6_files/outputs/v7_4_6_as006_gap_weaklink_v800_phase3_seed_707/AS006_v7_4_6_gap_weaklink_scores.csv
AS006,boundary_sns_a3_3_g0_2_p0_3,"SNS-like boundary constriction, alpha=3.3, tau=0.2, p=0.3",boundary_lane,boundary_constriction,conductance,3.3,1,0.2,0.3,0.747276688453157,0.2,0.315904139433551,2.39342137388069e-07,4.12344459647028e-07,0.0979376481929796,112.788848255133,0.20467637089559,0.261566806088929,0.284555389458685,0.17204620606051,0.0487853592606822,0.292252613475761,0.426883619416848,0.44142540481422,0.164714394972033,0.0559919958220305,187.358967921741,176.903294797509,707,v7.4.6,gap_tied_weak_links_phase3_seed,/Users/asewaket/Documents/LTSpice Superconducting Circuit/matlab_v7_4_6_files/outputs/v7_4_6_as006_gap_weaklink_v800_phase3_seed_707/AS006_v7_4_6_gap_weaklink_scores.csv
AS006,boundary_sns_a4_1_g0_2_p0_3,"SNS-like boundary constriction, alpha=4.1, tau=0.2, p=0.3",boundary_lane,boundary_constriction,conductance,4.1,0.999999999999997,0.2,0.3,0.747276688453157,0.2,0.315904139433551,2.9736447372457e-07,5.12306752894792e-07,0.121680108360975,112.788848255133,0.204751980902459,0.262470915687261,0.282944025186219,0.174037439888825,0.0485901448881181,0.293292328039085,0.430655728378645,0.442173788071681,0.16491635270781,0.0558563418065727,186.555445438313,176.037969106687,707,v7.4.6,gap_tied_weak_links_phase3_seed,/Users/asewaket/Documents/LTSpice Superconducting Circuit/matlab_v7_4_6_files/outputs/v7_4_6_as006_gap_weaklink_v800_phase3_seed_707/AS006_v7_4_6_gap_weaklink_scores.csv
AS006,contact_relaxed_a4_1_g0_2_p0_3,"contact-relaxed SNS links, alpha=4.1, tau=0.2, p=0.3",contact_relaxation,contact_relaxed,conductance,4.1,0.999999999999997,0.2,0.3,0.759825708061001,0.2,0.300217864923747,1.55357256291803e-07,5.52877821395328e-07,0.0579341751557764,112.788848255133,0.204762484042425,0.24216561927699,0.314708114038151,0.146184910525467,0.0481764632115379,0.351055516182164,0.427826532558483,0.336193695220626,0.543830366096782,0.0593241240952634,420.23583526613,400.853136788702,707,v7.4.6,gap_tied_weak_links_phase3_seed,/Users/asewaket/Documents/LTSpice Superconducting Circuit/matlab_v7_4_6_files/outputs/v7_4_6_as006_gap_weaklink_v800_phase3_seed_707/AS006_v7_4_6_gap_weaklink_scores.csv
AS006,boundary_sns_a3_7_g0_2_p0_3,"SNS-like boundary constriction, alpha=3.7, tau=0.2, p=0.3",boundary_lane,boundary_constriction,conductance,3.7,0,0.2,0.3,0.747276688453157,0.2,0.315904139433551,2.6835330555632e-07,4.6232560627091e-07,0.109808878276977,112.788848255133,0.20480201807244,0.262423612154368,0.283832804140976,0.172982368499656,0.0486511103365516,0.292845805641793,0.429014023149936,0.441858953000767,0.164841809872711,0.0559095749667968,186.980869437885,176.473838552298,707,v7.4.6,gap_tied_weak_links_phase3_seed,/Users/asewaket/Documents/LTSpice Superconducting Circuit/matlab_v7_4_6_files/outputs/v7_4_6_as006_gap_weaklink_v800_phase3_seed_707/AS006_v7_4_6_gap_weaklink_scores.csv
AS006,combined_a3_7_g0_2_p0_1,"combined weak-link classes, alpha=3.7, tau=0.2, p=0.1",combined,boundary_constriction,conductance,3.7,0,0.2,0.1,0.919825708061002,0.2,0.100217864923747,2.30474738393426e-07,4.4096609107195e-07,0.127433409629559,152.533300896027,0.204920512676228,0.260137512652075,0.287585212443377,0.170877573178638,0.0475939624798579,0.214492162366189,0.286954167492756,0.312799033153609,0.150742325147071,0.0496804298855325,240.15398148887,231.26883669514,707,v7.4.6,gap_tied_weak_links_phase3_seed,/Users/asewaket/Documents/LTSpice Superconducting Circuit/matlab_v7_4_6_files/outputs/v7_4_6_as006_gap_weaklink_v800_phase3_seed_707/AS006_v7_4_6_gap_weaklink_scores.csv
AS006,crack_tunnel_a4_1_g0_2_p0_2,"tunnel/crack-like links, alpha=4.1, tau=0.2, p=0.2",tear_lane,crack_tunnel,conductance,4.1,0.999999999999997,0.2,0.2,0.839651416122003,0.2,0.200435729847495,2.23797725882878e-07,4.90107801126829e-07,0.108899478418615,133.968715001498,0.204995950193173,0.263012004205458,0.286063932827586,0.169198008623389,0.0498583535328965,0.204437835844193,0.263034968808437,0.286043828389662,0.169061705513386,0.0472503788388859,249.645266661797,246.356024981181,707,v7.4.6,gap_tied_weak_links_phase3_seed,/Users/asewaket/Documents/LTSpice Superconducting Circuit/matlab_v7_4_6_files/outputs/v7_4_6_as006_gap_weaklink_v800_phase3_seed_707/AS006_v7_4_6_gap_weaklink_scores.csv
AS006,contact_relaxed_a3_7_g0_2_p0_3,"contact-relaxed SNS links, alpha=3.7, tau=0.2, p=0.3",contact_relaxation,contact_relaxed,conductance,3.7,0,0.2,0.3,0.759825708061001,0.2,0.300217864923747,1.4020045079992e-07,4.98938521747004e-07,0.0522820605064324,112.788848255133,0.205019170287111,0.238192871600754,0.321150106732724,0.142163136408342,0.0471863725421079,0.356265896685552,0.447655329232469,0.338835998858744,0.545128022624861,0.059301127911413,427.84889560925,405.569885222211,707,v7.4.6,gap_tied_weak_links_phase3_seed,/Users/asewaket/Documents/LTSpice Superconducting Circuit/matlab_v7_4_6_files/outputs/v7_4_6_as006_gap_weaklink_v800_phase3_seed_707/AS006_v7_4_6_gap_weaklink_scores.csv
AS006,contact_relaxed_a4_1_g0_1_p0_2,"contact-relaxed SNS links, alpha=4.1, tau=0.1, p=0.2",contact_relaxation,contact_relaxed,conductance,4.1,0.999999999999997,0.1,0.2,0.820000000000002,0.1,0.2,6.98151692342402e-08,5.89968774761937e-07,0.0549848975040894,121.334603540476,0.205299006438152,0.249718253892007,0.301687446676022,0.159586392661201,0.0493407557892161,0.240153359468083,0.244903398800903,0.233937937199189,0.378300621351168,0.0735962317519685,350.225946507253,327.981229793598,707,v7.4.6,gap_tied_weak_links_phase3_seed,/Users/asewaket/Documents/LTSpice Superconducting Circuit/matlab_v7_4_6_files/outputs/v7_4_6_as006_gap_weaklink_v800_phase3_seed_707/AS006_v7_4_6_gap_weaklink_scores.csv
AS006,crack_tunnel_a3_3_g0_1_p0_1,"tunnel/crack-like links, alpha=3.3, tau=0.1, p=0.1",tear_lane,crack_tunnel,conductance,3.3,1,0.1,0.1,0.909803921568628,0.1,0.100217864923747,1.00104039357705e-07,4.1307894765286e-07,0.108682639413364,144.233662329142,0.205348579938795,0.258882680512034,0.286909314844232,0.173274295539206,0.0491760487805286,0.21885076502149,0.292014102103416,0.317973592611835,0.149557547597017,0.0588390014370513,228.225074967638,237.576488463276,707,v7.4.6,gap_tied_weak_links_phase3_seed,/Users/asewaket/Documents/LTSpice Superconducting Circuit/matlab_v7_4_6_files/outputs/v7_4_6_as006_gap_weaklink_v800_phase3_seed_707/AS006_v7_4_6_gap_weaklink_scores.csv
AS006,combined_a4_1_g0_2_p0_1,"combined weak-link classes, alpha=4.1, tau=0.2, p=0.1",combined,boundary_constriction,conductance,4.1,0.999999999999997,0.2,0.1,0.919825708061002,0.2,0.100217864923747,2.55390926327851e-07,4.88638100917566e-07,0.141209994454376,152.533300896027,0.205576096427855,0.262728263552294,0.28758921620825,0.171139924171582,0.047946185008068,0.215222201472277,0.290015395728941,0.313218155037241,0.1506767719986,0.0496178753190212,239.666426563239,231.372810031147,707,v7.4.6,gap_tied_weak_links_phase3_seed,/Users/asewaket/Documents/LTSpice Superconducting Circuit/matlab_v7_4_6_files/outputs/v7_4_6_as006_gap_weaklink_v800_phase3_seed_707/AS006_v7_4_6_gap_weaklink_scores.csv
AS006,crack_tunnel_a3_7_g0_05_p0_1,"tunnel/crack-like links, alpha=3.7, tau=0.05, p=0.1",tear_lane,crack_tunnel,conductance,3.7,0,0.05,0.1,0.904793028322441,0.05,0.100217864923747,5.87576974077364e-08,4.84926841462661e-07,0.12185629267559,137.756231499773,0.205583972038678,0.259704837814823,0.284146731324376,0.176199365828915,0.0507090352747674,0.223996176019842,0.305329428431246,0.326716850040375,0.145294746250254,0.0612785312844911,221.623513840827,233.719113278855,707,v7.4.6,gap_tied_weak_links_phase3_seed,/Users/asewaket/Documents/LTSpice Superconducting Circuit/matlab_v7_4_6_files/outputs/v7_4_6_as006_gap_weaklink_v800_phase3_seed_707/AS006_v7_4_6_gap_weaklink_scores.csv
AS006,combined_a3_3_g0_05_p0_05,"combined weak-link classes, alpha=3.3, tau=0.05, p=0.05",combined,boundary_constriction,conductance,3.3,1,0.05,0.05,0.95239651416122,0.05,0.0501089324618736,5.36802064992771e-08,3.90364632381282e-07,0.117087057971711,160.119962378973,0.205933359175454,0.258901411476952,0.289343495080341,0.171664413985047,0.0498337505284132,0.21288896148907,0.280752899945169,0.309881109782002,0.154417287374288,0.0483783561638176,240.016519748057,235.545988830498,707,v7.4.6,gap_tied_weak_links_phase3_seed,/Users/asewaket/Documents/LTSpice Superconducting Circuit/matlab_v7_4_6_files/outputs/v7_4_6_as006_gap_weaklink_v800_phase3_seed_707/AS006_v7_4_6_gap_weaklink_scores.csv
AS006,boundary_sns_a3_3_g0_05_p0_3,"SNS-like boundary constriction, alpha=3.3, tau=0.05, p=0.3",boundary_lane,boundary_constriction,conductance,3.3,1,0.05,0.3,0.699891067538129,0.05,0.315904139433551,7.62921049255292e-08,5.1633867512017e-07,0.0979376481929796,88.4597562266526,0.206121107627756,0.257356359600704,0.279613974963423,0.178926402999299,0.0602667186029604,0.338855401073051,0.493367807059116,0.503604568948681,0.212310254150308,0.0542133849580602,150.901876911001,163.968443178565,707,v7.4.6,gap_tied_weak_links_phase3_seed,/Users/asewaket/Documents/LTSpice Superconducting Circuit/matlab_v7_4_6_files/outputs/v7_4_6_as006_gap_weaklink_v800_phase3_seed_707/AS006_v7_4_6_gap_weaklink_scores.csv
AS006,crack_tunnel_a4_1_g0_05_p0_1,"tunnel/crack-like links, alpha=4.1, tau=0.05, p=0.1",tear_lane,crack_tunnel,conductance,4.1,0.999999999999997,0.05,0.1,0.904793028322441,0.05,0.100217864923747,6.51098809112755e-08,5.3735136486403e-07,0.135029945937816,137.756231499773,0.206182802426781,0.261883574910667,0.284421469992453,0.176282499308479,0.0509397406008458,0.224660153521016,0.307740495229261,0.327165254745825,0.145280149669833,0.0614208894833332,221.406175489868,233.800166554083,707,v7.4.6,gap_tied_weak_links_phase3_seed,/Users/asewaket/Documents/LTSpice Superconducting Circuit/matlab_v7_4_6_files/outputs/v7_4_6_as006_gap_weaklink_v800_phase3_seed_707/AS006_v7_4_6_gap_weaklink_scores.csv
AS006,crack_tunnel_a3_7_g0_1_p0_1,"tunnel/crack-like links, alpha=3.7, tau=0.1, p=0.1",tear_lane,crack_tunnel,conductance,3.7,0,0.1,0.1,0.909803921568628,0.1,0.100217864923747,1.12237862310154e-07,4.63149123125934e-07,0.12185629267559,144.233662329142,0.206263261863256,0.26263850998222,0.287018385939097,0.173509782134528,0.0495083962724802,0.2198700794674,0.296275679220045,0.318465867664298,0.149497410952598,0.0588876860136876,227.795105296616,237.680689144012,707,v7.4.6,gap_tied_weak_links_phase3_seed,/Users/asewaket/Documents/LTSpice Superconducting Circuit/matlab_v7_4_6_files/outputs/v7_4_6_as006_gap_weaklink_v800_phase3_seed_707/AS006_v7_4_6_gap_weaklink_scores.csv
AS006,contact_relaxed_a3_3_g0_2_p0_2,"contact-relaxed SNS links, alpha=3.3, tau=0.2, p=0.2",contact_relaxation,contact_relaxed,conductance,3.3,1,0.2,0.2,0.839999999999998,0.2,0.2,1.01786728866731e-07,4.30071232192037e-07,0.0442561370154866,133.968715001498,0.206347008329607,0.252599558378791,0.308136105781744,0.15334426394811,0.0482169682160574,0.2008273505352,0.199686834726403,0.229821465729386,0.270159887995647,0.064562492928614,312.694865353796,293.714934336244,707,v7.4.6,gap_tied_weak_links_phase3_seed,/Users/asewaket/Documents/LTSpice Superconducting Circuit/matlab_v7_4_6_files/outputs/v7_4_6_as006_gap_weaklink_v800_phase3_seed_707/AS006_v7_4_6_gap_weaklink_scores.csv
AS006,boundary_sns_a3_7_g0_05_p0_3,"SNS-like boundary constriction, alpha=3.7, tau=0.05, p=0.3",boundary_lane,boundary_constriction,conductance,3.7,0,0.05,0.3,0.699891067538129,0.05,0.315904139433551,8.55396327952904e-08,5.78925181195342e-07,0.109808878276977,88.4597562266526,0.206509638985762,0.258736965100298,0.279924485488486,0.178951135720838,0.060254460572612,0.339397348065125,0.49517027773942,0.504071355108225,0.212529306982137,0.0540299574191415,150.90680494982,163.841878218763,707,v7.4.6,gap_tied_weak_links_phase3_seed,/Users/asewaket/Documents/LTSpice Superconducting Circuit/matlab_v7_4_6_files/outputs/v7_4_6_as006_gap_weaklink_v800_phase3_seed_707/AS006_v7_4_6_gap_weaklink_scores.csv
AS006,combined_a3_3_g0_1_p0_05,"combined weak-link classes, alpha=3.3, tau=0.1, p=0.05",combined,boundary_constriction,conductance,3.3,1,0.1,0.05,0.954901960784314,0.1,0.0501089324618736,1.05786126481423e-07,3.84640494774516e-07,0.117087057971711,162.502833425311,0.206763359156879,0.262813012986978,0.291978030269656,0.169411358773044,0.048278031359212,0.213429250542486,0.283166386021795,0.311147392182125,0.153713302758002,0.0473303019244115,240.259837875427,236.672874753555,707,v7.4.6,gap_tied_weak_links_phase3_seed,/Users/asewaket/Documents/LTSpice Superconducting Circuit/matlab_v7_4_6_files/outputs/v7_4_6_as006_gap_weaklink_v800_phase3_seed_707/AS006_v7_4_6_gap_weaklink_scores.csv
AS006,boundary_sns_a4_1_g0_05_p0_3,"SNS-like boundary constriction, alpha=4.1, tau=0.05, p=0.3",boundary_lane,boundary_constriction,conductance,4.1,0.999999999999997,0.05,0.3,0.699891067538129,0.05,0.315904139433551,9.47871606650515e-08,6.41511687270514e-07,0.121680108360975,88.4597562266526,0.206766753982994,0.259754020290115,0.280055638514453,0.17901097613031,0.0602186620616755,0.339818585052114,0.496707709060361,0.504383593938794,0.21269124292252,0.0538498731541706,150.910856310966,163.711605796698,707,v7.4.6,gap_tied_weak_links_phase3_seed,/Users/asewaket/Documents/LTSpice Superconducting Circuit/matlab_v7_4_6_files/outputs/v7_4_6_as006_gap_weaklink_v800_phase3_seed_707/AS006_v7_4_6_gap_weaklink_scores.csv
AS006,crack_tunnel_a4_1_g0_1_p0_1,"tunnel/crack-like links, alpha=4.1, tau=0.1, p=0.1",tear_lane,crack_tunnel,conductance,4.1,0.999999999999997,0.1,0.1,0.909803921568628,0.1,0.100217864923747,1.24371685262603e-07,5.13219298599008e-07,0.135029945937816,144.233662329142,0.206856865767106,0.264880139158668,0.287217142379046,0.173579021766865,0.0498004133049493,0.220509930590765,0.298776975971782,0.318858506239934,0.149446695872409,0.0589619212216495,227.519584132134,237.806901775205,707,v7.4.6,gap_tied_weak_links_phase3_seed,/Users/asewaket/Documents/LTSpice Superconducting Circuit/matlab_v7_4_6_files/outputs/v7_4_6_as006_gap_weaklink_v800_phase3_seed_707/AS006_v7_4_6_gap_weaklink_scores.csv
AS006,combined_a3_7_g0_05_p0_05,"combined weak-link classes, alpha=3.7, tau=0.05, p=0.05",combined,boundary_constriction,conductance,3.7,0,0.05,0.05,0.95239651416122,0.05,0.0501089324618736,6.01868981961592e-08,4.37681557518407e-07,0.131279428634948,160.119962378973,0.207111087028192,0.263621725090153,0.289524196251202,0.171930730404443,0.0503529536056529,0.214072498047539,0.285956606440585,0.310393247296378,0.15437393052345,0.0482502878741359,239.487491650776,235.754522403922,707,v7.4.6,gap_tied_weak_links_phase3_seed,/Users/asewaket/Documents/LTSpice Superconducting Circuit/matlab_v7_4_6_files/outputs/v7_4_6_as006_gap_weaklink_v800_phase3_seed_707/AS006_v7_4_6_gap_weaklink_scores.csv
AS006,crack_tunnel_a3_3_g0_2_p0_1,"tunnel/crack-like links, alpha=3.3, tau=0.2, p=0.1",tear_lane,crack_tunnel,conductance,3.3,1,0.2,0.1,0.919825708061001,0.2,0.100217864923747,1.89314361200957e-07,3.9060250516477e-07,0.108682639413364,152.533300896027,0.207112594969184,0.265848841416595,0.292987469083295,0.167306556392688,0.0478528670426981,0.216879252386351,0.28991555532473,0.31568601868795,0.150378707554649,0.0540567894597987,234.316859671247,239.45986876153,707,v7.4.6,gap_tied_weak_links_phase3_seed,/Users/asewaket/Documents/LTSpice Superconducting Circuit/matlab_v7_4_6_files/outputs/v7_4_6_as006_gap_weaklink_v800_phase3_seed_707/AS006_v7_4_6_gap_weaklink_scores.csv
AS006,contact_relaxed_a3_7_g0_2_p0_2,"contact-relaxed SNS links, alpha=3.7, tau=0.2, p=0.2",contact_relaxation,contact_relaxed,conductance,3.7,0,0.2,0.2,0.839999999999998,0.2,0.2,1.1412451418391e-07,4.82201078518345e-07,0.049620517259788,133.968715001498,0.207691552805687,0.25971134995132,0.306692508470943,0.154791751084375,0.0485448353974935,0.201139867167075,0.201408219653225,0.230245815733773,0.269556240917408,0.0644156375012868,310.972398116651,292.575246845569,707,v7.4.6,gap_tied_weak_links_phase3_seed,/Users/asewaket/Documents/LTSpice Superconducting Circuit/matlab_v7_4_6_files/outputs/v7_4_6_as006_gap_weaklink_v800_phase3_seed_707/AS006_v7_4_6_gap_weaklink_scores.csv
AS006,combined_a3_7_g0_1_p0_05,"combined weak-link classes, alpha=3.7, tau=0.1, p=0.05",combined,boundary_constriction,conductance,3.7,0,0.1,0.05,0.954901960784314,0.1,0.0501089324618736,1.1860868726705e-07,4.31263585050215e-07,0.131279428634948,162.502833425311,0.207764223329366,0.267001578093236,0.291878720555479,0.169848943565324,0.0487205981248526,0.2145418659082,0.288053878715832,0.311591784155762,0.153667075420366,0.0472859842771278,239.586757039553,236.822746157693,707,v7.4.6,gap_tied_weak_links_phase3_seed,/Users/asewaket/Documents/LTSpice Superconducting Circuit/matlab_v7_4_6_files/outputs/v7_4_6_as006_gap_weaklink_v800_phase3_seed_707/AS006_v7_4_6_gap_weaklink_scores.csv
AS006,combined_a4_1_g0_05_p0_05,"combined weak-link classes, alpha=4.1, tau=0.05, p=0.05",combined,boundary_constriction,conductance,4.1,0.999999999999997,0.05,0.05,0.95239651416122,0.05,0.0501089324618736,6.66935898930413e-08,4.84998482655532e-07,0.145471799298186,160.119962378973,0.207852020148056,0.266168492051562,0.289349300522654,0.172476905241345,0.0511342012223928,0.214833902393547,0.289173617027363,0.310796583759001,0.15434734200512,0.0481676958557221,238.773638725563,235.895141064384,707,v7.4.6,gap_tied_weak_links_phase3_seed,/Users/asewaket/Documents/LTSpice Superconducting Circuit/matlab_v7_4_6_files/outputs/v7_4_6_as006_gap_weaklink_v800_phase3_seed_707/AS006_v7_4_6_gap_weaklink_scores.csv
AS006,crack_tunnel_a3_7_g0_2_p0_1,"tunnel/crack-like links, alpha=3.7, tau=0.2, p=0.1",tear_lane,crack_tunnel,conductance,3.7,0,0.2,0.1,0.919825708061001,0.2,0.100217864923747,2.12261556498042e-07,4.3794826336656e-07,0.12185629267559,152.533300896027,0.207969046179792,0.269459089847341,0.292976846751909,0.167519176493513,0.048277688618886,0.217829797015912,0.294076800395328,0.316123887934104,0.150254361521419,0.0540374288977745,233.689980964145,239.699858025685,707,v7.4.6,gap_tied_weak_links_phase3_seed,/Users/asewaket/Documents/LTSpice Superconducting Circuit/matlab_v7_4_6_files/outputs/v7_4_6_as006_gap_weaklink_v800_phase3_seed_707/AS006_v7_4_6_gap_weaklink_scores.csv
AS006,combined_a4_1_g0_1_p0_05,"combined weak-link classes, alpha=4.1, tau=0.1, p=0.05",combined,boundary_constriction,conductance,4.1,0.999999999999997,0.1,0.05,0.954901960784314,0.1,0.0501089324618736,1.31431248052677e-07,4.77886675325914e-07,0.145471799298186,162.502833425311,0.208350964880778,0.269108167577693,0.291506865763363,0.170487942865333,0.0493997131586477,0.215239321498942,0.290988048455566,0.311942490821765,0.153628851104241,0.0472731362207561,238.773935280569,236.92924934813,707,v7.4.6,gap_tied_weak_links_phase3_seed,/Users/asewaket/Documents/LTSpice Superconducting Circuit/matlab_v7_4_6_files/outputs/v7_4_6_as006_gap_weaklink_v800_phase3_seed_707/AS006_v7_4_6_gap_weaklink_scores.csv
AS006,crack_tunnel_a4_1_g0_2_p0_1,"tunnel/crack-like links, alpha=4.1, tau=0.2, p=0.1",tear_lane,crack_tunnel,conductance,4.1,0.999999999999997,0.2,0.1,0.919825708061001,0.2,0.100217864923747,2.35208751795128e-07,4.8529402156835e-07,0.135029945937816,152.533300896027,0.208510317397428,0.271494222793161,0.292979404423776,0.167693418397774,0.0487266334551525,0.218423058173753,0.296526779151705,0.316476000369894,0.150160875957443,0.0540544161229408,233.197367460701,239.891146334323,707,v7.4.6,gap_tied_weak_links_phase3_seed,/Users/asewaket/Documents/LTSpice Superconducting Circuit/matlab_v7_4_6_files/outputs/v7_4_6_as006_gap_weaklink_v800_phase3_seed_707/AS006_v7_4_6_gap_weaklink_scores.csv
AS006,boundary_sns_a4_1_g0_4_p0_3,"SNS-like boundary constriction, alpha=4.1, tau=0.4, p=0.3",boundary_lane,boundary_constriction,conductance,4.1,0.999999999999997,0.4,0.3,0.810457516339867,0.4,0.315904139433551,4.89896432610021e-07,5.13270775283292e-07,0.121680108360975,136.924436557744,0.20855755182632,0.275028068408985,0.294665731834322,0.163304230600098,0.0479643717624274,0.260747634198674,0.380862988391594,0.395286742805705,0.140595103578542,0.055379503218613,209.721612689862,198.168542927329,707,v7.4.6,gap_tied_weak_links_phase3_seed,/Users/asewaket/Documents/LTSpice Superconducting Circuit/matlab_v7_4_6_files/outputs/v7_4_6_as006_gap_weaklink_v800_phase3_seed_707/AS006_v7_4_6_gap_weaklink_scores.csv
AS006,combined_a3_3_g0_2_p0_05,"combined weak-link classes, alpha=3.3, tau=0.2, p=0.05",combined,boundary_constriction,conductance,3.3,1,0.2,0.05,0.959912854030501,0.2,0.0501089324618736,2.06439971748756e-07,3.75309955642546e-07,0.117087057971711,166.542798322419,0.208754961815299,0.270357175619489,0.297568018602513,0.16419560562669,0.0474290938692471,0.215221904799751,0.288823890065432,0.315045955362411,0.151013823772594,0.0471879323333589,241.028276655159,237.723441758457,707,v7.4.6,gap_tied_weak_links_phase3_seed,/Users/asewaket/Documents/LTSpice Superconducting Circuit/matlab_v7_4_6_files/outputs/v7_4_6_as006_gap_weaklink_v800_phase3_seed_707/AS006_v7_4_6_gap_weaklink_scores.csv
AS006,boundary_sns_a3_3_g0_2_p0_2,"SNS-like boundary constriction, alpha=3.3, tau=0.2, p=0.2",boundary_lane,boundary_constriction,conductance,3.3,1,0.2,0.2,0.822919389978212,0.2,0.221350762527233,2.27935254995656e-07,3.88742530025392e-07,0.113549109404616,133.968715001498,0.208777054282313,0.270649136085655,0.293022295028274,0.168932005849595,0.0492821117144406,0.276380424960672,0.405146909392625,0.419693684663165,0.151640063666473,0.0527411876671075,197.19015850728,188.899411287144,707,v7.4.6,gap_tied_weak_links_phase3_seed,/Users/asewaket/Documents/LTSpice Superconducting Circuit/matlab_v7_4_6_files/outputs/v7_4_6_as006_gap_weaklink_v800_phase3_seed_707/AS006_v7_4_6_gap_weaklink_scores.csv
AS006,boundary_sns_a3_7_g0_2_p0_2,"SNS-like boundary constriction, alpha=3.7, tau=0.2, p=0.2",boundary_lane,boundary_constriction,conductance,3.7,0,0.2,0.2,0.822919389978212,0.2,0.221350762527233,2.55563770752705e-07,4.35862836695136e-07,0.127312637817297,133.968715001498,0.20899281787784,0.272021001296879,0.292567830460692,0.16951296227611,0.049058181940971,0.276967554453728,0.407385843463489,0.420081441743007,0.151728316052701,0.0526490106890145,196.931273871151,188.546257692149,707,v7.4.6,gap_tied_weak_links_phase3_seed,/Users/asewaket/Documents/LTSpice Superconducting Circuit/matlab_v7_4_6_files/outputs/v7_4_6_as006_gap_weaklink_v800_phase3_seed_707/AS006_v7_4_6_gap_weaklink_scores.csv
AS006,boundary_sns_a3_3_g0_1_p0_2,"SNS-like boundary constriction, alpha=3.3, tau=0.1, p=0.2",boundary_lane,boundary_constriction,conductance,3.3,1,0.1,0.2,0.800784313725492,0.1,0.221350762527233,1.25834643721897e-07,4.28168987983266e-07,0.113549109404616,121.334603540476,0.209007360372862,0.26784913026847,0.289910254576909,0.173187241340669,0.0533606744104118,0.296753004533395,0.43772927068394,0.449746289858933,0.169608507445954,0.0469691104224584,179.97584246862,180.305041395763,707,v7.4.6,gap_tied_weak_links_phase3_seed,/Users/asewaket/Documents/LTSpice Superconducting Circuit/matlab_v7_4_6_files/outputs/v7_4_6_as006_gap_weaklink_v800_phase3_seed_707/AS006_v7_4_6_gap_weaklink_scores.csv
AS006,boundary_sns_a4_1_g0_2_p0_2,"SNS-like boundary constriction, alpha=4.1, tau=0.2, p=0.2",boundary_lane,boundary_constriction,conductance,4.1,0.999999999999997,0.2,0.2,0.822919389978212,0.2,0.221350762527233,2.83192286509755e-07,4.82983143364881e-07,0.141076166229977,133.968715001498,0.209012967756433,0.272470228917321,0.291951798138111,0.170210164901631,0.0489162569961106,0.277383054043474,0.408944005563307,0.420372968216621,0.151781185404523,0.0525920885193218,196.625185536834,188.172079816414,707,v7.4.6,gap_tied_weak_links_phase3_seed,/Users/asewaket/Documents/LTSpice Superconducting Circuit/matlab_v7_4_6_files/outputs/v7_4_6_as006_gap_weaklink_v800_phase3_seed_707/AS006_v7_4_6_gap_weaklink_scores.csv
AS006,contact_relaxed_a4_1_g0_2_p0_2,"contact-relaxed SNS links, alpha=4.1, tau=0.2, p=0.2",contact_relaxation,contact_relaxed,conductance,4.1,0.999999999999997,0.2,0.2,0.839999999999998,0.2,0.2,1.2646229950109e-07,5.34330924844652e-07,0.0549848975040894,133.968715001498,0.209099784183713,0.266000844142924,0.306556459469384,0.155210488261275,0.0490111623776226,0.201421156550565,0.203041982887825,0.23048241982007,0.269114524083182,0.0643264100758987,310.171319467737,292.435311467283,707,v7.4.6,gap_tied_weak_links_phase3_seed,/Users/asewaket/Documents/LTSpice Superconducting Circuit/matlab_v7_4_6_files/outputs/v7_4_6_as006_gap_weaklink_v800_phase3_seed_707/AS006_v7_4_6_gap_weaklink_scores.csv
AS006,combined_a3_3_g0_4_p0_2,"combined weak-link classes, alpha=3.3, tau=0.4, p=0.2",combined,boundary_constriction,conductance,3.3,1,0.4,0.2,0.879999999999999,0.4,0.2,3.91517356213726e-07,3.99868308926842e-07,0.111108739472985,152.19460931045,0.209110359724483,0.272917854443842,0.300931608232214,0.158014020388265,0.0484861042868696,0.219763968020966,0.29784139386759,0.32477551889804,0.143569285552197,0.0531596812254251,241.831703401501,231.51847259595,707,v7.4.6,gap_tied_weak_links_phase3_seed,/Users/asewaket/Documents/LTSpice Superconducting Circuit/matlab_v7_4_6_files/outputs/v7_4_6_as006_gap_weaklink_v800_phase3_seed_707/AS006_v7_4_6_gap_weaklink_scores.csv
AS006,combined_a4_1_g0_4_p0_3,"combined weak-link classes, alpha=4.1, tau=0.4, p=0.3",combined,boundary_constriction,conductance,4.1,0.999999999999997,0.4,0.3,0.81986928104575,0.4,0.300217864923747,4.46203865341019e-07,5.28146186315992e-07,0.118783603724796,136.924436557744,0.209214992055872,0.275469368880792,0.299229959741698,0.158836081658288,0.0484080597777368,0.220053492310066,0.302091432434821,0.324774074122601,0.143213838886776,0.0508041007924854,240.246380721441,231.633497896827,707,v7.4.6,gap_tied_weak_links_phase3_seed,/Users/asewaket/Documents/LTSpice Superconducting Circuit/matlab_v7_4_6_files/outputs/v7_4_6_as006_gap_weaklink_v800_phase3_seed_707/AS006_v7_4_6_gap_weaklink_scores.csv
AS006,crack_tunnel_a3_3_g0_05_p0_05,"tunnel/crack-like links, alpha=3.3, tau=0.05, p=0.05",tear_lane,crack_tunnel,conductance,3.3,1,0.05,0.05,0.951982570806101,0.05,0.0505446623093682,4.85630379305336e-08,3.89998682902207e-07,0.115363186445638,160.119962378973,0.209215186166971,0.270550042147318,0.29719005451714,0.165408148789993,0.0486831072950496,0.219003510941656,0.292530228157827,0.317809291431685,0.150805985360221,0.0578135848447291,234.153437417286,241.676159371736,707,v7.4.6,gap_tied_weak_links_phase3_seed,/Users/asewaket/Documents/LTSpice Superconducting Circuit/matlab_v7_4_6_files/outputs/v7_4_6_as006_gap_weaklink_v800_phase3_seed_707/AS006_v7_4_6_gap_weaklink_scores.csv
AS006,combined_a4_1_g0_4_p0_2,"combined weak-link classes, alpha=4.1, tau=0.4, p=0.2",combined,boundary_constriction,conductance,4.1,0.999999999999997,0.4,0.2,0.879999999999999,0.4,0.2,4.86430654689781e-07,4.96806080787895e-07,0.138044191466436,152.19460931045,0.2092626874734,0.275434114390212,0.298022710403603,0.160821421929121,0.0483128023590817,0.221365132823631,0.304488905780653,0.325720612142082,0.143482231630561,0.0529728975506543,240.055357955052,229.713057452254,707,v7.4.6,gap_tied_weak_links_phase3_seed,/Users/asewaket/Documents/LTSpice Superconducting Circuit/matlab_v7_4_6_files/outputs/v7_4_6_as006_gap_weaklink_v800_phase3_seed_707/AS006_v7_4_6_gap_weaklink_scores.csv
AS006,boundary_sns_a3_7_g0_4_p0_3,"SNS-like boundary constriction, alpha=3.7, tau=0.4, p=0.3",boundary_lane,boundary_constriction,conductance,3.7,0,0.4,0.3,0.810457516339867,0.4,0.315904139433551,4.42101658696849e-07,4.63195577694679e-07,0.109808878276977,136.924436557744,0.209272514570171,0.276827124014537,0.297515953576931,0.160726343317794,0.0479746009294462,0.260262982807936,0.37901908994866,0.394951472586503,0.14055269249629,0.0554398814442785,211.053004134556,199.428988227647,707,v7.4.6,gap_tied_weak_links_phase3_seed,/Users/asewaket/Documents/LTSpice Superconducting Circuit/matlab_v7_4_6_files/outputs/v7_4_6_as006_gap_weaklink_v800_phase3_seed_707/AS006_v7_4_6_gap_weaklink_scores.csv
AS006,boundary_sns_a3_7_g0_1_p0_2,"SNS-like boundary constriction, alpha=3.7, tau=0.1, p=0.2",boundary_lane,boundary_constriction,conductance,3.7,0,0.1,0.2,0.800784313725492,0.1,0.221350762527233,1.410873278094e-07,4.80068259253965e-07,0.127312637817297,121.334603540476,0.209291811751569,0.269377110757698,0.28993100063093,0.173371096562313,0.0529888261931284,0.297283502704661,0.439605481444983,0.450118712008597,0.169729891724413,0.0469419214077609,179.933258745902,180.115110718691,707,v7.4.6,gap_tied_weak_links_phase3_seed,/Users/asewaket/Documents/LTSpice Superconducting Circuit/matlab_v7_4_6_files/outputs/v7_4_6_as006_gap_weaklink_v800_phase3_seed_707/AS006_v7_4_6_gap_weaklink_scores.csv
AS006,combined_a3_7_g0_2_p0_05,"combined weak-link classes, alpha=3.7, tau=0.2, p=0.05",combined,boundary_constriction,conductance,3.7,0,0.2,0.05,0.959912854030501,0.2,0.0501089324618736,2.31462998627393e-07,4.20802071478006e-07,0.131279428634948,166.542798322419,0.209354111201679,0.273403081189912,0.296768766851338,0.165093924335386,0.0476547274094098,0.216214428984784,0.293225034743914,0.31544237717797,0.150915828184749,0.0471781648876228,240.120539039465,237.478702459241,707,v7.4.6,gap_tied_weak_links_phase3_seed,/Users/asewaket/Documents/LTSpice Superconducting Circuit/matlab_v7_4_6_files/outputs/v7_4_6_as006_gap_weaklink_v800_phase3_seed_707/AS006_v7_4_6_gap_weaklink_scores.csv
AS006,combined_a3_3_g0_4_p0_3,"combined weak-link classes, alpha=3.3, tau=0.4, p=0.3",combined,boundary_constriction,conductance,3.3,1,0.4,0.3,0.81986928104575,0.4,0.300217864923747,3.59139696493991e-07,4.25093271912871e-07,0.0956063151931286,136.924436557744,0.209381142146413,0.273636572863694,0.303064349846858,0.155435293545267,0.0486124087047855,0.218368365479135,0.29514676208741,0.323784265981032,0.143303742648519,0.0509429215308129,242.465138472285,233.904336095885,707,v7.4.6,gap_tied_weak_links_phase3_seed,/Users/asewaket/Documents/LTSpice Superconducting Circuit/matlab_v7_4_6_files/outputs/v7_4_6_as006_gap_weaklink_v800_phase3_seed_707/AS006_v7_4_6_gap_weaklink_scores.csv
AS006,boundary_sns_a4_1_g0_1_p0_2,"SNS-like boundary constriction, alpha=4.1, tau=0.1, p=0.2",boundary_lane,boundary_constriction,conductance,4.1,0.999999999999997,0.1,0.2,0.800784313725492,0.1,0.221350762527233,1.56340011896902e-07,5.31967530524663e-07,0.141076166229977,121.334603540476,0.209432450063564,0.270302071942996,0.289831807866223,0.173585795625991,0.0526722700764441,0.297684230946319,0.44105023702523,0.450381266732898,0.169803934537931,0.0469487827513783,179.885769081512,179.918456156963,707,v7.4.6,gap_tied_weak_links_phase3_seed,/Users/asewaket/Documents/LTSpice Superconducting Circuit/matlab_v7_4_6_files/outputs/v7_4_6_as006_gap_weaklink_v800_phase3_seed_707/AS006_v7_4_6_gap_weaklink_scores.csv
AS006,combined_a3_7_g0_4_p0_2,"combined weak-link classes, alpha=3.7, tau=0.4, p=0.2",combined,boundary_constriction,conductance,3.7,0,0.4,0.2,0.879999999999999,0.4,0.2,4.38974005451754e-07,4.48337194857369e-07,0.124576465469711,152.19460931045,0.209439082833752,0.275259866102113,0.299767214848013,0.159182936155617,0.0483642518881055,0.220737126209784,0.301973814231162,0.32529473169783,0.143518528795559,0.0530478753521051,241.072442600127,230.721091563142,707,v7.4.6,gap_tied_weak_links_phase3_seed,/Users/asewaket/Documents/LTSpice Superconducting Circuit/matlab_v7_4_6_files/outputs/v7_4_6_as006_gap_weaklink_v800_phase3_seed_707/AS006_v7_4_6_gap_weaklink_scores.csv
AS006,combined_a3_7_g0_4_p0_3,"combined weak-link classes, alpha=3.7, tau=0.4, p=0.3",combined,boundary_constriction,conductance,3.7,0,0.4,0.3,0.81986928104575,0.4,0.300217864923747,4.02671780917505e-07,4.76619729114432e-07,0.107194959458962,136.924436557744,0.209572611369099,0.275608130501205,0.301563834449917,0.15681041926505,0.0485051919756232,0.219351141390814,0.299262507432804,0.324326482225936,0.143254415818596,0.050853835852634,241.524514614421,232.948922693914,707,v7.4.6,gap_tied_weak_links_phase3_seed,/Users/asewaket/Documents/LTSpice Superconducting Circuit/matlab_v7_4_6_files/outputs/v7_4_6_as006_gap_weaklink_v800_phase3_seed_707/AS006_v7_4_6_gap_weaklink_scores.csv
AS006,combined_a4_1_g0_2_p0_05,"combined weak-link classes, alpha=4.1, tau=0.2, p=0.05",combined,boundary_constriction,conductance,4.1,0.999999999999997,0.2,0.05,0.959912854030501,0.2,0.0501089324618736,2.56486025506031e-07,4.66294187313466e-07,0.145471799298186,166.542798322419,0.209655677399462,0.274717617702979,0.29594377494231,0.166011372332879,0.0481449477291905,0.216830501925763,0.29581464908782,0.315766536192022,0.150842227355828,0.0471936380101707,239.10678425246,237.380669289699,707,v7.4.6,gap_tied_weak_links_phase3_seed,/Users/asewaket/Documents/LTSpice Superconducting Circuit/matlab_v7_4_6_files/outputs/v7_4_6_as006_gap_weaklink_v800_phase3_seed_707/AS006_v7_4_6_gap_weaklink_scores.csv
AS006,boundary_sns_a3_3_g0_4_p0_3,"SNS-like boundary constriction, alpha=3.3, tau=0.4, p=0.3",boundary_lane,boundary_constriction,conductance,3.3,1,0.4,0.3,0.810457516339867,0.4,0.315904139433551,3.94306884783676e-07,4.13120380106065e-07,0.0979376481929796,136.924436557744,0.209665933206357,0.277172211985442,0.299880293903641,0.158624846490551,0.0480858816017831,0.259571065281063,0.376316626539524,0.394516646496716,0.140483542959875,0.0555301397966925,212.164535721736,200.571195689987,707,v7.4.6,gap_tied_weak_links_phase3_seed,/Users/asewaket/Documents/LTSpice Superconducting Circuit/matlab_v7_4_6_files/outputs/v7_4_6_as006_gap_weaklink_v800_phase3_seed_707/AS006_v7_4_6_gap_weaklink_scores.csv
AS006,crack_tunnel_a3_3_g0_4_p0_2,"tunnel/crack-like links, alpha=3.3, tau=0.4, p=0.2",tear_lane,crack_tunnel,conductance,3.3,1,0.4,0.2,0.879738562091502,0.4,0.200435729847495,3.17117252116093e-07,3.83488770250938e-07,0.0876507997027879,152.19460931045,0.209874379908618,0.276387825273196,0.303960127610362,0.154334555820415,0.0481356561762383,0.206590214533309,0.267864808091623,0.29557528865955,0.160870094435447,0.0467418913763999,254.197739240747,250.254253363068,707,v7.4.6,gap_tied_weak_links_phase3_seed,/Users/asewaket/Documents/LTSpice Superconducting Circuit/matlab_v7_4_6_files/outputs/v7_4_6_as006_gap_weaklink_v800_phase3_seed_707/AS006_v7_4_6_gap_weaklink_scores.csv
AS006,combined_a3_3_g0_4_p0_1,"combined weak-link classes, alpha=3.3, tau=0.4, p=0.1",combined,boundary_constriction,conductance,3.3,1,0.4,0.1,0.939869281045751,0.4,0.100217864923747,3.81504090041724e-07,3.83278419561376e-07,0.113656824804742,164.373200955644,0.210007258838511,0.275673198524841,0.302382995597373,0.158269778916183,0.0473556297270831,0.218294494715836,0.296981689110877,0.322701356302311,0.145135224287986,0.0483443805792783,242.171373952845,234.260761015304,707,v7.4.6,gap_tied_weak_links_phase3_seed,/Users/asewaket/Documents/LTSpice Superconducting Circuit/matlab_v7_4_6_files/outputs/v7_4_6_as006_gap_weaklink_v800_phase3_seed_707/AS006_v7_4_6_gap_weaklink_scores.csv
AS006,crack_tunnel_a3_3_g0_1_p0_05,"tunnel/crack-like links, alpha=3.3, tau=0.1, p=0.05",tear_lane,crack_tunnel,conductance,3.3,1,0.1,0.05,0.954509803921569,0.1,0.0505446623093682,9.57018612234796e-08,3.84279911419833e-07,0.115363186445638,162.502833425311,0.210130763308941,0.273837607763728,0.299881309526292,0.163178741484572,0.04805049025425,0.219495767216142,0.294858061168284,0.319672865783852,0.149610845968088,0.0561797023305766,235.386111489441,241.24684938277,707,v7.4.6,gap_tied_weak_links_phase3_seed,/Users/asewaket/Documents/LTSpice Superconducting Circuit/matlab_v7_4_6_files/outputs/v7_4_6_as006_gap_weaklink_v800_phase3_seed_707/AS006_v7_4_6_gap_weaklink_scores.csv
AS006,crack_tunnel_a3_7_g0_05_p0_05,"tunnel/crack-like links, alpha=3.7, tau=0.05, p=0.05",tear_lane,crack_tunnel,conductance,3.7,0,0.05,0.05,0.951982570806101,0.05,0.0505446623093682,5.44494667705983e-08,4.37271250526717e-07,0.129346602984503,160.119962378973,0.210136286239572,0.274017189509239,0.296971391077995,0.165970949617826,0.0495006202798464,0.220042215630831,0.296867484988765,0.318317513161255,0.150726723473506,0.0578795407913109,233.174373767576,241.968499898407,707,v7.4.6,gap_tied_weak_links_phase3_seed,/Users/asewaket/Documents/LTSpice Superconducting Circuit/matlab_v7_4_6_files/outputs/v7_4_6_as006_gap_weaklink_v800_phase3_seed_707/AS006_v7_4_6_gap_weaklink_scores.csv
AS006,crack_tunnel_a3_3_g0_4_p0_3,"tunnel/crack-like links, alpha=3.3, tau=0.4, p=0.3",tear_lane,crack_tunnel,conductance,3.3,1,0.4,0.3,0.819869281045749,0.4,0.300217864923747,3.21536832638686e-07,4.02139315431096e-07,0.0778528192376341,136.924436557744,0.210385317149861,0.277734191093068,0.305944193892214,0.151022350435595,0.0500121173003681,0.203513344673414,0.259713405702778,0.28785685660697,0.165494685617048,0.0472354615807874,256.240507909968,258.095690033467,707,v7.4.6,gap_tied_weak_links_phase3_seed,/Users/asewaket/Documents/LTSpice Superconducting Circuit/matlab_v7_4_6_files/outputs/v7_4_6_as006_gap_weaklink_v800_phase3_seed_707/AS006_v7_4_6_gap_weaklink_scores.csv
AS006,combined_a3_7_g0_4_p0_1,"combined weak-link classes, alpha=3.7, tau=0.4, p=0.1",combined,boundary_constriction,conductance,3.7,0,0.4,0.1,0.939869281045751,0.4,0.100217864923747,4.27747010046781e-07,4.29736409811239e-07,0.127433409629559,164.373200955644,0.210522796847201,0.278513803521301,0.301571131425711,0.159113162972081,0.0474592470046082,0.219258461211112,0.301178366031012,0.323143131520125,0.145061032066525,0.0482871697811733,241.438364403134,233.818291675529,707,v7.4.6,gap_tied_weak_links_phase3_seed,/Users/asewaket/Documents/LTSpice Superconducting Circuit/matlab_v7_4_6_files/outputs/v7_4_6_as006_gap_weaklink_v800_phase3_seed_707/AS006_v7_4_6_gap_weaklink_scores.csv
AS006,combined_a4_1_g0_4_p0_1,"combined weak-link classes, alpha=4.1, tau=0.4, p=0.1",combined,boundary_constriction,conductance,4.1,0.999999999999997,0.4,0.1,0.939869281045751,0.4,0.100217864923747,4.73989930051839e-07,4.76194400061103e-07,0.141209994454376,164.373200955644,0.210560535484976,0.279178394851156,0.300196158097045,0.160420583167685,0.047755276944292,0.219877614194753,0.303721440564949,0.323504894374338,0.145015425714564,0.0482637831105183,240.345311416686,233.259791105529,707,v7.4.6,gap_tied_weak_links_phase3_seed,/Users/asewaket/Documents/LTSpice Superconducting Circuit/matlab_v7_4_6_files/outputs/v7_4_6_as006_gap_weaklink_v800_phase3_seed_707/AS006_v7_4_6_gap_weaklink_scores.csv
AS006,crack_tunnel_a4_1_g0_05_p0_05,"tunnel/crack-like links, alpha=4.1, tau=0.05, p=0.05",tear_lane,crack_tunnel,conductance,4.1,0.999999999999997,0.05,0.05,0.951982570806101,0.05,0.0505446623093682,6.03358956106629e-08,4.84543818151227e-07,0.143330019523368,160.119962378973,0.210667138505744,0.275647270549967,0.296577748878452,0.16664278955412,0.0503738744988101,0.220695663094131,0.29940806083753,0.318727686400244,0.150670688092775,0.0579584433167283,232.285171701951,242.091413546893,707,v7.4.6,gap_tied_weak_links_phase3_seed,/Users/asewaket/Documents/LTSpice Superconducting Circuit/matlab_v7_4_6_files/outputs/v7_4_6_as006_gap_weaklink_v800_phase3_seed_707/AS006_v7_4_6_gap_weaklink_scores.csv
AS006,crack_tunnel_a3_7_g0_1_p0_05,"tunnel/crack-like links, alpha=3.7, tau=0.1, p=0.05",tear_lane,crack_tunnel,conductance,3.7,0,0.1,0.05,0.954509803921569,0.1,0.0505446623093682,1.07302086826326e-07,4.30859294622237e-07,0.129346602984503,162.502833425311,0.210863238918034,0.276906859928752,0.299368930753192,0.163886479302147,0.0486556067156495,0.220466636305724,0.299021820102333,0.320105963309922,0.149530986012431,0.0562121931183859,234.307480491786,241.430046129413,707,v7.4.6,gap_tied_weak_links_phase3_seed,/Users/asewaket/Documents/LTSpice Superconducting Circuit/matlab_v7_4_6_files/outputs/v7_4_6_as006_gap_weaklink_v800_phase3_seed_707/AS006_v7_4_6_gap_weaklink_scores.csv
AS006,crack_tunnel_a3_7_g0_4_p0_2,"tunnel/crack-like links, alpha=3.7, tau=0.4, p=0.2",tear_lane,crack_tunnel,conductance,3.7,0,0.4,0.2,0.879738562091502,0.4,0.200435729847495,3.55555706918044e-07,4.29972257554082e-07,0.0982751390607016,152.19460931045,0.210897292084273,0.280589876784826,0.303910603934859,0.154624445578377,0.0487724697775675,0.207628938653379,0.272525317684025,0.296023426705405,0.160697931975827,0.0467059638786256,253.481114691622,250.428372545096,707,v7.4.6,gap_tied_weak_links_phase3_seed,/Users/asewaket/Documents/LTSpice Superconducting Circuit/matlab_v7_4_6_files/outputs/v7_4_6_as006_gap_weaklink_v800_phase3_seed_707/AS006_v7_4_6_gap_weaklink_scores.csv
AS006,crack_tunnel_a4_1_g0_4_p0_2,"tunnel/crack-like links, alpha=4.1, tau=0.4, p=0.2",tear_lane,crack_tunnel,conductance,4.1,0.999999999999997,0.4,0.2,0.879738562091502,0.4,0.200435729847495,3.93994161719995e-07,4.76455744857226e-07,0.108899478418615,152.19460931045,0.211078311389911,0.281733147584429,0.302651744147953,0.155783379632905,0.0492886325650769,0.20828398980643,0.275307853040739,0.29638774340175,0.160579897649952,0.0467086729759114,252.343481293822,249.910552801411,707,v7.4.6,gap_tied_weak_links_phase3_seed,/Users/asewaket/Documents/LTSpice Superconducting Circuit/matlab_v7_4_6_files/outputs/v7_4_6_as006_gap_weaklink_v800_phase3_seed_707/AS006_v7_4_6_gap_weaklink_scores.csv
AS006,crack_tunnel_a4_1_g0_4_p0_3,"tunnel/crack-like links, alpha=4.1, tau=0.4, p=0.3",tear_lane,crack_tunnel,conductance,4.1,0.999999999999997,0.4,0.3,0.819869281045749,0.4,0.300217864923747,3.9948515570261e-07,4.99627634323483e-07,0.096726229961909,136.924436557744,0.211208456016059,0.282684575560225,0.303922866138224,0.152916310710493,0.050347300390061,0.205236342676227,0.267258046819786,0.288668206897963,0.165175186398349,0.0472853214919789,254.534898035995,256.823783393435,707,v7.4.6,gap_tied_weak_links_phase3_seed,/Users/asewaket/Documents/LTSpice Superconducting Circuit/matlab_v7_4_6_files/outputs/v7_4_6_as006_gap_weaklink_v800_phase3_seed_707/AS006_v7_4_6_gap_weaklink_scores.csv
AS006,crack_tunnel_a3_7_g0_4_p0_3,"tunnel/crack-like links, alpha=3.7, tau=0.4, p=0.3",tear_lane,crack_tunnel,conductance,3.7,0,0.4,0.3,0.819869281045749,0.4,0.300217864923747,3.60510994170648e-07,4.50883474877289e-07,0.0872895245997716,136.924436557744,0.211311471515585,0.281889490486013,0.305694633933768,0.151467835106377,0.0503674638248477,0.204571152326003,0.264429051862287,0.288313134637959,0.165305149603287,0.0472472871471889,255.640012953553,257.912870081784,707,v7.4.6,gap_tied_weak_links_phase3_seed,/Users/asewaket/Documents/LTSpice Superconducting Circuit/matlab_v7_4_6_files/outputs/v7_4_6_as006_gap_weaklink_v800_phase3_seed_707/AS006_v7_4_6_gap_weaklink_scores.csv
AS006,crack_tunnel_a4_1_g0_1_p0_05,"tunnel/crack-like links, alpha=4.1, tau=0.1, p=0.05",tear_lane,crack_tunnel,conductance,4.1,0.999999999999997,0.1,0.05,0.954509803921569,0.1,0.0505446623093682,1.18902312429172e-07,4.77438677824641e-07,0.143330019523368,162.502833425311,0.211350451493218,0.278421661573091,0.298923686334276,0.164499192635868,0.0495901540131793,0.221060235877163,0.301434489791745,0.320450449817389,0.149456003427154,0.0562583981296958,233.304012554587,241.690453835872,707,v7.4.6,gap_tied_weak_links_phase3_seed,/Users/asewaket/Documents/LTSpice Superconducting Circuit/matlab_v7_4_6_files/outputs/v7_4_6_as006_gap_weaklink_v800_phase3_seed_707/AS006_v7_4_6_gap_weaklink_scores.csv
AS006,boundary_sns_a4_1_g0_4_p0_2,"SNS-like boundary constriction, alpha=4.1, tau=0.4, p=0.2",boundary_lane,boundary_constriction,conductance,4.1,0.999999999999997,0.4,0.2,0.867189542483658,0.4,0.221350762527233,4.98557825325588e-07,4.9278340611774e-07,0.141076166229977,152.19460931045,0.211486362186377,0.28147696425322,0.300302184859808,0.161815952261524,0.0481560828470942,0.255147880416635,0.372587714020343,0.386522308384579,0.138440138571965,0.0536874751748617,214.665316310219,204.253973802271,707,v7.4.6,gap_tied_weak_links_phase3_seed,/Users/asewaket/Documents/LTSpice Superconducting Circuit/matlab_v7_4_6_files/outputs/v7_4_6_as006_gap_weaklink_v800_phase3_seed_707/AS006_v7_4_6_gap_weaklink_scores.csv
AS006,boundary_sns_a3_3_g0_05_p0_2,"SNS-like boundary constriction, alpha=3.3, tau=0.05, p=0.2",boundary_lane,boundary_constriction,conductance,3.3,1,0.05,0.2,0.78971677559913,0.05,0.221350762527233,6.77443522591634e-08,4.61018204374515e-07,0.113549109404616,112.689073690185,0.211588165815594,0.270311429999114,0.291968537301464,0.17302713276554,0.0604005428443681,0.314293518454962,0.457737175089357,0.4684885485294,0.183478563009581,0.0645272534970276,164.181889085477,183.338799529163,707,v7.4.6,gap_tied_weak_links_phase3_seed,/Users/asewaket/Documents/LTSpice Superconducting Circuit/matlab_v7_4_6_files/outputs/v7_4_6_as006_gap_weaklink_v800_phase3_seed_707/AS006_v7_4_6_gap_weaklink_scores.csv
AS006,crack_tunnel_a3_3_g0_2_p0_05,"tunnel/crack-like links, alpha=3.3, tau=0.2, p=0.05",tear_lane,crack_tunnel,conductance,3.3,1,0.2,0.05,0.959564270152505,0.2,0.0505446623093682,1.86760685776202e-07,3.74958119253267e-07,0.115363186445638,166.542798322419,0.211622786083044,0.279339234818691,0.304269959817211,0.159161710472164,0.0473501278262043,0.220378851690877,0.29945434166,0.323355792488495,0.146928580894073,0.0529065538219281,237.422058324795,239.962771876896,707,v7.4.6,gap_tied_weak_links_phase3_seed,/Users/asewaket/Documents/LTSpice Superconducting Circuit/matlab_v7_4_6_files/outputs/v7_4_6_as006_gap_weaklink_v800_phase3_seed_707/AS006_v7_4_6_gap_weaklink_scores.csv
AS006,crack_tunnel_a3_3_g0_4_p0_1,"tunnel/crack-like links, alpha=3.3, tau=0.4, p=0.1",tear_lane,crack_tunnel,conductance,3.3,1,0.4,0.1,0.939869281045751,0.4,0.100217864923747,3.51355868877886e-07,3.77946440084629e-07,0.108682639413364,164.373200955644,0.212004835737423,0.281674259122923,0.30653345979118,0.155563120629126,0.0474624641432166,0.218462688890723,0.298083089229819,0.322210321451564,0.145671500708626,0.0482729167977774,240.311768082052,240.448017492312,707,v7.4.6,gap_tied_weak_links_phase3_seed,/Users/asewaket/Documents/LTSpice Superconducting Circuit/matlab_v7_4_6_files/outputs/v7_4_6_as006_gap_weaklink_v800_phase3_seed_707/AS006_v7_4_6_gap_weaklink_scores.csv
AS006,boundary_sns_a3_7_g0_4_p0_2,"SNS-like boundary constriction, alpha=3.7, tau=0.4, p=0.2",boundary_lane,boundary_constriction,conductance,3.7,0,0.4,0.2,0.867189542483658,0.4,0.221350762527233,4.49918037488945e-07,4.44706976252595e-07,0.127312637817297,152.19460931045,0.212038806094113,0.282685711813071,0.302605281816807,0.159803102180847,0.048195197752024,0.254690383008363,0.370820979817552,0.386207983461757,0.138412791202605,0.0537509751629323,215.775857661369,205.336950978243,707,v7.4.6,gap_tied_weak_links_phase3_seed,/Users/asewaket/Documents/LTSpice Superconducting Circuit/matlab_v7_4_6_files/outputs/v7_4_6_as006_gap_weaklink_v800_phase3_seed_707/AS006_v7_4_6_gap_weaklink_scores.csv
AS006,boundary_sns_a3_7_g0_05_p0_2,"SNS-like boundary constriction, alpha=3.7, tau=0.05, p=0.2",boundary_lane,boundary_constriction,conductance,3.7,0,0.05,0.2,0.78971677559913,0.05,0.221350762527233,7.59557888966378e-08,5.16899198844153e-07,0.127312637817297,112.689073690185,0.21205915222086,0.271968991177513,0.292297343808968,0.173064340589822,0.0604759925238158,0.314787110305145,0.459559122652645,0.468947086512856,0.183662150324851,0.0641413395695167,164.185524844582,183.21989143275,707,v7.4.6,gap_tied_weak_links_phase3_seed,/Users/asewaket/Documents/LTSpice Superconducting Circuit/matlab_v7_4_6_files/outputs/v7_4_6_as006_gap_weaklink_v800_phase3_seed_707/AS006_v7_4_6_gap_weaklink_scores.csv
AS006,crack_tunnel_a3_7_g0_2_p0_05,"tunnel/crack-like links, alpha=3.7, tau=0.2, p=0.05",tear_lane,crack_tunnel,conductance,3.7,0,0.2,0.05,0.959564270152505,0.2,0.0505446623093682,2.09398344658166e-07,4.20407588253663e-07,0.129346602984503,166.542798322419,0.212193164412851,0.282114867873667,0.3036947333591,0.159754191185196,0.0476924318306689,0.221253558253225,0.303329798130848,0.323747304581957,0.146801903332678,0.0528778309510011,236.252687852565,240.227459032157,707,v7.4.6,gap_tied_weak_links_phase3_seed,/Users/asewaket/Documents/LTSpice Superconducting Circuit/matlab_v7_4_6_files/outputs/v7_4_6_as006_gap_weaklink_v800_phase3_seed_707/AS006_v7_4_6_gap_weaklink_scores.csv
AS006,boundary_sns_a3_3_g0_4_p0_2,"SNS-like boundary constriction, alpha=3.3, tau=0.4, p=0.2",boundary_lane,boundary_constriction,conductance,3.3,1,0.4,0.2,0.867189542483658,0.4,0.221350762527233,4.01278249652302e-07,3.96630546387449e-07,0.113549109404616,152.19460931045,0.212233701613954,0.282351674604777,0.304387309201906,0.158255373572493,0.0483198253960429,0.2540144729165,0.368102253783343,0.385805497166235,0.13837003762244,0.0538479437301961,216.65960603055,206.259849714558,707,v7.4.6,gap_tied_weak_links_phase3_seed,/Users/asewaket/Documents/LTSpice Superconducting Circuit/matlab_v7_4_6_files/outputs/v7_4_6_as006_gap_weaklink_v800_phase3_seed_707/AS006_v7_4_6_gap_weaklink_scores.csv
AS006,boundary_sns_a4_1_g0_05_p0_2,"SNS-like boundary constriction, alpha=4.1, tau=0.05, p=0.2",boundary_lane,boundary_constriction,conductance,4.1,0.999999999999997,0.05,0.2,0.78971677559913,0.05,0.221350762527233,8.41672255341121e-08,5.72780193313791e-07,0.141076166229977,112.689073690185,0.212390160321702,0.273231202538848,0.292492580360852,0.173103044905707,0.0604787773060362,0.315175442155839,0.461071367485641,0.469261714741621,0.183792664829609,0.0638570114587067,164.208362342677,183.097333613898,707,v7.4.6,gap_tied_weak_links_phase3_seed,/Users/asewaket/Documents/LTSpice Superconducting Circuit/matlab_v7_4_6_files/outputs/v7_4_6_as006_gap_weaklink_v800_phase3_seed_707/AS006_v7_4_6_gap_weaklink_scores.csv
AS006,crack_tunnel_a4_1_g0_2_p0_05,"tunnel/crack-like links, alpha=4.1, tau=0.2, p=0.05",tear_lane,crack_tunnel,conductance,4.1,0.999999999999997,0.2,0.05,0.959564270152505,0.2,0.0505446623093682,2.3203600354013e-07,4.65857057254059e-07,0.143330019523368,166.542798322419,0.212510745763423,0.283234663263946,0.303014010252032,0.160439753772813,0.0484948553960974,0.221786380395736,0.305567973707284,0.324065698497203,0.146694776648545,0.0528804850906078,235.048279527844,240.493483965053,707,v7.4.6,gap_tied_weak_links_phase3_seed,/Users/asewaket/Documents/LTSpice Superconducting Circuit/matlab_v7_4_6_files/outputs/v7_4_6_as006_gap_weaklink_v800_phase3_seed_707/AS006_v7_4_6_gap_weaklink_scores.csv
AS006,contact_relaxed_a3_3_g0_4_p0_3,"contact-relaxed SNS links, alpha=3.3, tau=0.4, p=0.3",contact_relaxation,contact_relaxed,conductance,3.3,1,0.4,0.3,0.819869281045749,0.4,0.300217864923747,2.06004553905453e-07,4.02123211416891e-07,0.0466299458570883,136.924436557744,0.212608442206589,0.274427749984604,0.319757449280519,0.144382429155241,0.048560888363382,0.195476331358579,0.206987088399344,0.240976315204778,0.235122635075175,0.0547827229412183,303.226192495292,290.093799969037,707,v7.4.6,gap_tied_weak_links_phase3_seed,/Users/asewaket/Documents/LTSpice Superconducting Circuit/matlab_v7_4_6_files/outputs/v7_4_6_as006_gap_weaklink_v800_phase3_seed_707/AS006_v7_4_6_gap_weaklink_scores.csv
AS006,crack_tunnel_a4_1_g0_4_p0_1,"tunnel/crack-like links, alpha=4.1, tau=0.4, p=0.1",tear_lane,crack_tunnel,conductance,4.1,0.999999999999997,0.4,0.1,0.939869281045751,0.4,0.100217864923747,4.36533049211918e-07,4.69569819499085e-07,0.135029945937816,164.373200955644,0.212784841408629,0.285251314505323,0.305079451685072,0.156982325728516,0.0485559449283003,0.219872231599148,0.304078903998666,0.322975913549858,0.145475507416179,0.0482300210145988,238.325292405139,240.343294773573,707,v7.4.6,gap_tied_weak_links_phase3_seed,/Users/asewaket/Documents/LTSpice Superconducting Circuit/matlab_v7_4_6_files/outputs/v7_4_6_as006_gap_weaklink_v800_phase3_seed_707/AS006_v7_4_6_gap_weaklink_scores.csv
AS006,crack_tunnel_a3_7_g0_4_p0_1,"tunnel/crack-like links, alpha=3.7, tau=0.4, p=0.1",tear_lane,crack_tunnel,conductance,3.7,0,0.4,0.1,0.939869281045751,0.4,0.100217864923747,3.93944459044902e-07,4.23758129791857e-07,0.12185629267559,164.373200955644,0.212788791063365,0.284781943348794,0.30636343381899,0.155869567641735,0.0481890432326316,0.219328855624484,0.301862038244069,0.322633877424495,0.14555362617541,0.0482309216662239,239.368557179655,240.844819657182,707,v7.4.6,gap_tied_weak_links_phase3_seed,/Users/asewaket/Documents/LTSpice Superconducting Circuit/matlab_v7_4_6_files/outputs/v7_4_6_as006_gap_weaklink_v800_phase3_seed_707/AS006_v7_4_6_gap_weaklink_scores.csv
AS006,boundary_sns_a3_3_g0_1_p0_1,"SNS-like boundary constriction, alpha=3.3, tau=0.1, p=0.1",boundary_lane,boundary_constriction,conductance,3.3,1,0.1,0.1,0.886274509803923,0.1,0.12636165577342,1.16759319760406e-07,4.04781915122869e-07,0.126564889255147,144.233662329142,0.212788881624662,0.282639068759846,0.304041898478812,0.159597095745247,0.0497356473439827,0.268984809448735,0.39344971638391,0.409465355553151,0.14663417538441,0.0516172394112405,205.212875571045,197.858652676377,707,v7.4.6,gap_tied_weak_links_phase3_seed,/Users/asewaket/Documents/LTSpice Superconducting Circuit/matlab_v7_4_6_files/outputs/v7_4_6_as006_gap_weaklink_v800_phase3_seed_707/AS006_v7_4_6_gap_weaklink_scores.csv
AS006,boundary_sns_a3_3_g0_2_p0_1,"SNS-like boundary constriction, alpha=3.3, tau=0.2, p=0.1",boundary_lane,boundary_constriction,conductance,3.3,1,0.2,0.1,0.898910675381263,0.2,0.12636165577342,2.20812428514636e-07,3.82895706099586e-07,0.126564889255147,152.533300896027,0.212847682393332,0.283803709338256,0.305407931496565,0.157962202477299,0.048518069412792,0.257916080555847,0.374512005191886,0.391900950012553,0.140238804747292,0.053943229131266,214.423095394718,204.242895937733,707,v7.4.6,gap_tied_weak_links_phase3_seed,/Users/asewaket/Documents/LTSpice Superconducting Circuit/matlab_v7_4_6_files/outputs/v7_4_6_as006_gap_weaklink_v800_phase3_seed_707/AS006_v7_4_6_gap_weaklink_scores.csv
AS006,combined_a4_1_g0_4_p0_05,"combined weak-link classes, alpha=4.1, tau=0.4, p=0.05",combined,boundary_constriction,conductance,4.1,0.999999999999997,0.4,0.05,0.969934640522876,0.4,0.0501089324618736,4.92454469993012e-07,4.67660182029719e-07,0.145471799298186,173.481623261439,0.213432797603422,0.286912194260005,0.306419872353548,0.156717850069301,0.0481197045517696,0.220655892802521,0.306488636485607,0.325032743636266,0.144928726620989,0.0468226178872954,240.191879765105,237.792537950295,707,v7.4.6,gap_tied_weak_links_phase3_seed,/Users/asewaket/Documents/LTSpice Superconducting Circuit/matlab_v7_4_6_files/outputs/v7_4_6_as006_gap_weaklink_v800_phase3_seed_707/AS006_v7_4_6_gap_weaklink_scores.csv
AS006,combined_a3_3_g0_4_p0_05,"combined weak-link classes, alpha=3.3, tau=0.4, p=0.05",combined,boundary_constriction,conductance,3.3,1,0.4,0.05,0.969934640522876,0.4,0.0501089324618736,3.96365792921205e-07,3.76409414804408e-07,0.117087057971711,173.481623261439,0.213565376424568,0.285604779284542,0.310098809559471,0.153711195684654,0.0474101915034049,0.21923498400626,0.300462609460898,0.324323070810755,0.145057587512402,0.0468249522610767,242.971982470158,239.218034220526,707,v7.4.6,gap_tied_weak_links_phase3_seed,/Users/asewaket/Documents/LTSpice Superconducting Circuit/matlab_v7_4_6_files/outputs/v7_4_6_as006_gap_weaklink_v800_phase3_seed_707/AS006_v7_4_6_gap_weaklink_scores.csv
AS006,boundary_sns_a3_3_g0_05_p0_1,"SNS-like boundary constriction, alpha=3.3, tau=0.05, p=0.1",boundary_lane,boundary_constriction,conductance,3.3,1,0.05,0.1,0.879956427015252,0.05,0.12636165577342,6.11247277773075e-08,4.23815151061761e-07,0.126564889255147,137.756231499773,0.213602949501844,0.28315169275735,0.304645896550712,0.159678705313588,0.0521343541461406,0.276867930017919,0.407280091873682,0.422607353906561,0.152535929580497,0.0468267769038074,194.775695160786,198.03426884434,707,v7.4.6,gap_tied_weak_links_phase3_seed,/Users/asewaket/Documents/LTSpice Superconducting Circuit/matlab_v7_4_6_files/outputs/v7_4_6_as006_gap_weaklink_v800_phase3_seed_707/AS006_v7_4_6_gap_weaklink_scores.csv
AS006,boundary_sns_a3_7_g0_1_p0_1,"SNS-like boundary constriction, alpha=3.7, tau=0.1, p=0.1",boundary_lane,boundary_constriction,conductance,3.7,0,0.1,0.1,0.886274509803923,0.1,0.12636165577342,1.3091196457985e-07,4.53846389683217e-07,0.14190608795274,144.233662329142,0.213660079913839,0.285812619802468,0.30521006384002,0.158914866920136,0.0497265843965205,0.269586045492201,0.395689329825673,0.40987795657573,0.146715407604335,0.0515602141223853,205.52962783694,198.21113021574,707,v7.4.6,gap_tied_weak_links_phase3_seed,/Users/asewaket/Documents/LTSpice Superconducting Circuit/matlab_v7_4_6_files/outputs/v7_4_6_as006_gap_weaklink_v800_phase3_seed_707/AS006_v7_4_6_gap_weaklink_scores.csv
AS006,combined_a3_7_g0_4_p0_05,"combined weak-link classes, alpha=3.7, tau=0.4, p=0.05",combined,boundary_constriction,conductance,3.7,0,0.4,0.05,0.969934640522876,0.4,0.0501089324618736,4.44410131457108e-07,4.22034798417064e-07,0.131279428634948,173.481623261439,0.213757945296019,0.287363231572982,0.308579877460246,0.154958897412188,0.0477130875864485,0.220110614107331,0.304274394610548,0.32471195497883,0.144977782954756,0.0468105260197099,241.720428665838,238.642573526775,707,v7.4.6,gap_tied_weak_links_phase3_seed,/Users/asewaket/Documents/LTSpice Superconducting Circuit/matlab_v7_4_6_files/outputs/v7_4_6_as006_gap_weaklink_v800_phase3_seed_707/AS006_v7_4_6_gap_weaklink_scores.csv
AS006,boundary_sns_a3_7_g0_2_p0_1,"SNS-like boundary constriction, alpha=3.7, tau=0.2, p=0.1",boundary_lane,boundary_constriction,conductance,3.7,0,0.2,0.1,0.898910675381263,0.2,0.12636165577342,2.47577571364895e-07,4.29307306838929e-07,0.14190608795274,152.533300896027,0.213771275551361,0.287258059984544,0.306655783504625,0.157203826442854,0.0484459135856002,0.258547536180587,0.376990247758909,0.39231373983844,0.140285291461324,0.053841774100103,214.825128325405,204.614253248125,707,v7.4.6,gap_tied_weak_links_phase3_seed,/Users/asewaket/Documents/LTSpice Superconducting Circuit/matlab_v7_4_6_files/outputs/v7_4_6_as006_gap_weaklink_v800_phase3_seed_707/AS006_v7_4_6_gap_weaklink_scores.csv
AS006,contact_relaxed_a3_7_g0_4_p0_2,"contact-relaxed SNS links, alpha=3.7, tau=0.4, p=0.2",contact_relaxation,contact_relaxed,conductance,3.7,0,0.4,0.2,0.879999999999998,0.4,0.2,2.00915322620941e-07,4.40841507686495e-07,0.049620517259788,152.19460931045,0.21398647564772,0.284187327337085,0.315251382913637,0.148718190807266,0.0481573922935672,0.204734764884318,0.251909615788165,0.283228278347493,0.175307483002502,0.0569803677721834,271.995162794966,257.759704675346,707,v7.4.6,gap_tied_weak_links_phase3_seed,/Users/asewaket/Documents/LTSpice Superconducting Circuit/matlab_v7_4_6_files/outputs/v7_4_6_as006_gap_weaklink_v800_phase3_seed_707/AS006_v7_4_6_gap_weaklink_scores.csv
AS006,boundary_sns_a4_1_g0_1_p0_1,"SNS-like boundary constriction, alpha=4.1, tau=0.1, p=0.1",boundary_lane,boundary_constriction,conductance,4.1,0.999999999999997,0.1,0.1,0.886274509803923,0.1,0.12636165577342,1.45064609399293e-07,5.02910864243564e-07,0.157247286650334,144.233662329142,0.214235166543834,0.287883552982882,0.30605719551331,0.158418793347212,0.0496686959039799,0.270010292434094,0.397237962119392,0.410185116298425,0.146764105021927,0.0515344152514262,205.784490141098,198.43509283568,707,v7.4.6,gap_tied_weak_links_phase3_seed,/Users/asewaket/Documents/LTSpice Superconducting Circuit/matlab_v7_4_6_files/outputs/v7_4_6_as006_gap_weaklink_v800_phase3_seed_707/AS006_v7_4_6_gap_weaklink_scores.csv
AS006,contact_relaxed_a4_1_g0_4_p0_2,"contact-relaxed SNS links, alpha=4.1, tau=0.4, p=0.2",contact_relaxation,contact_relaxed,conductance,4.1,0.999999999999997,0.4,0.2,0.879999999999998,0.4,0.2,2.22635898039422e-07,4.88500049058008e-07,0.0549848975040894,152.19460931045,0.214360456756921,0.286955988955246,0.313667732786828,0.149853972296129,0.0486102970822508,0.205631568987132,0.256114102196701,0.283468682766872,0.17519552470424,0.0569791420166299,270.678120946306,257.093142244891,707,v7.4.6,gap_tied_weak_links_phase3_seed,/Users/asewaket/Documents/LTSpice Superconducting Circuit/matlab_v7_4_6_files/outputs/v7_4_6_as006_gap_weaklink_v800_phase3_seed_707/AS006_v7_4_6_gap_weaklink_scores.csv
AS006,contact_relaxed_a3_3_g0_4_p0_2,"contact-relaxed SNS links, alpha=3.3, tau=0.4, p=0.2",contact_relaxation,contact_relaxed,conductance,3.3,1,0.4,0.2,0.879999999999998,0.4,0.2,1.79194747202461e-07,3.93182966314982e-07,0.0442561370154866,152.19460931045,0.214416715138754,0.282504982410509,0.319339290566065,0.146180475328324,0.0480092406322419,0.203548907477227,0.246388011239324,0.282878620138253,0.175462485622193,0.0569908338771235,274.518223877402,259.969848119438,707,v7.4.6,gap_tied_weak_links_phase3_seed,/Users/asewaket/Documents/LTSpice Superconducting Circuit/matlab_v7_4_6_files/outputs/v7_4_6_as006_gap_weaklink_v800_phase3_seed_707/AS006_v7_4_6_gap_weaklink_scores.csv
AS006,boundary_sns_a4_1_g0_2_p0_1,"SNS-like boundary constriction, alpha=4.1, tau=0.2, p=0.1",boundary_lane,boundary_constriction,conductance,4.1,0.999999999999997,0.2,0.1,0.898910675381263,0.2,0.12636165577342,2.74342714215154e-07,4.75718907578273e-07,0.157247286650334,152.533300896027,0.214428741003892,0.28952442326882,0.307640782069319,0.156622964309998,0.0484692077418347,0.258974478282594,0.378603608051669,0.39263065978287,0.140313053110634,0.0537738123529877,215.112451035159,204.934127917681,707,v7.4.6,gap_tied_weak_links_phase3_seed,/Users/asewaket/Documents/LTSpice Superconducting Circuit/matlab_v7_4_6_files/outputs/v7_4_6_as006_gap_weaklink_v800_phase3_seed_707/AS006_v7_4_6_gap_weaklink_scores.csv
AS006,contact_relaxed_a3_7_g0_4_p0_3,"contact-relaxed SNS links, alpha=3.7, tau=0.4, p=0.3",contact_relaxation,contact_relaxed,conductance,3.7,0,0.4,0.3,0.819869281045749,0.4,0.300217864923747,2.3097480286369e-07,4.50865418861363e-07,0.0522820605064324,136.924436557744,0.214479952413862,0.283018042685071,0.320212100354652,0.144411067271698,0.0484967096739733,0.196320449377259,0.211548671382611,0.241034394700673,0.234739947067322,0.0548184509433501,303.238316481994,289.959643623688,707,v7.4.6,gap_tied_weak_links_phase3_seed,/Users/asewaket/Documents/LTSpice Superconducting Circuit/matlab_v7_4_6_files/outputs/v7_4_6_as006_gap_weaklink_v800_phase3_seed_707/AS006_v7_4_6_gap_weaklink_scores.csv
AS006,boundary_sns_a3_7_g0_05_p0_1,"SNS-like boundary constriction, alpha=3.7, tau=0.05, p=0.1",boundary_lane,boundary_constriction,conductance,3.7,0,0.05,0.1,0.879956427015252,0.05,0.12636165577342,6.85337856897084e-08,4.75186684523792e-07,0.14190608795274,137.756231499773,0.214606370510603,0.28632213053526,0.305977096533095,0.15899076078387,0.0525113521050025,0.277519457875207,0.409466567445283,0.423135880899244,0.152694931516778,0.0467742659611025,195.050408416671,198.41780756482,707,v7.4.6,gap_tied_weak_links_phase3_seed,/Users/asewaket/Documents/LTSpice Superconducting Circuit/matlab_v7_4_6_files/outputs/v7_4_6_as006_gap_weaklink_v800_phase3_seed_707/AS006_v7_4_6_gap_weaklink_scores.csv
AS006,boundary_sns_a4_1_g0_7_p0_3,"SNS-like boundary constriction, alpha=4.1, tau=0.7, p=0.3",boundary_lane,boundary_constriction,conductance,4.1,0.999999999999997,0.7,0.3,0.905228758169932,0.7,0.315904139433551,7.07035768740618e-07,4.80737895172556e-07,0.121680108360975,166.028216607699,0.214760618990582,0.292848290553529,0.310959853151203,0.151199407776896,0.0477758016636557,0.241209110938376,0.347957606041567,0.363915193202153,0.13456880108321,0.0530253591925312,229.333332359098,218.344599499669,707,v7.4.6,gap_tied_weak_links_phase3_seed,/Users/asewaket/Documents/LTSpice Superconducting Circuit/matlab_v7_4_6_files/outputs/v7_4_6_as006_gap_weaklink_v800_phase3_seed_707/AS006_v7_4_6_gap_weaklink_scores.csv
AS006,contact_relaxed_a4_1_g0_1_p0_1,"contact-relaxed SNS links, alpha=4.1, tau=0.1, p=0.1",contact_relaxation,contact_relaxed,conductance,4.1,0.999999999999997,0.1,0.1,0.909803921568628,0.1,0.100217864923747,5.16787174288305e-08,5.41434808483996e-07,0.0504783313298853,144.233662329142,0.214791989452542,0.287159579714866,0.316131750936968,0.147663079783885,0.0489909536782971,0.205184935745747,0.25021167935315,0.2794564101888,0.178600982331471,0.063413053630847,275.870460695701,259.183214728994,707,v7.4.6,gap_tied_weak_links_phase3_seed,/Users/asewaket/Documents/LTSpice Superconducting Circuit/matlab_v7_4_6_files/outputs/v7_4_6_as006_gap_weaklink_v800_phase3_seed_707/AS006_v7_4_6_gap_weaklink_scores.csv
AS006,boundary_sns_a3_3_g0_4_p0_1,"SNS-like boundary constriction, alpha=3.3, tau=0.4, p=0.1",boundary_lane,boundary_constriction,conductance,3.3,1,0.4,0.1,0.924183006535947,0.4,0.12636165577342,4.09814354218173e-07,3.85944162741062e-07,0.126564889255147,164.373200955644,0.214897731081504,0.289990871384661,0.311455553934384,0.152859497575084,0.0483761926688316,0.246082302157916,0.354214312864784,0.373152925718164,0.136066871532863,0.0530959885019307,224.924105814512,214.819461992473,707,v7.4.6,gap_tied_weak_links_phase3_seed,/Users/asewaket/Documents/LTSpice Superconducting Circuit/matlab_v7_4_6_files/outputs/v7_4_6_as006_gap_weaklink_v800_phase3_seed_707/AS006_v7_4_6_gap_weaklink_scores.csv
AS006,contact_relaxed_a4_1_g0_2_p0_1,"contact-relaxed SNS links, alpha=4.1, tau=0.2, p=0.1",contact_relaxation,contact_relaxed,conductance,4.1,0.999999999999997,0.2,0.1,0.919825708061001,0.2,0.100217864923747,9.77335524170408e-08,5.11974269758678e-07,0.0504783313298853,152.533300896027,0.215220730241511,0.288897886166596,0.316824327601139,0.147379009383232,0.048539430009924,0.213088319888128,0.277971144625987,0.306311364924314,0.154893275392155,0.0578089719569105,260.32417642223,246.437687064577,707,v7.4.6,gap_tied_weak_links_phase3_seed,/Users/asewaket/Documents/LTSpice Superconducting Circuit/matlab_v7_4_6_files/outputs/v7_4_6_as006_gap_weaklink_v800_phase3_seed_707/AS006_v7_4_6_gap_weaklink_scores.csv
AS006,contact_relaxed_a3_7_g0_1_p0_1,"contact-relaxed SNS links, alpha=3.7, tau=0.1, p=0.1",contact_relaxation,contact_relaxed,conductance,3.7,0,0.1,0.1,0.909803921568628,0.1,0.100217864923747,4.66368913382129e-08,4.88611900339216e-07,0.0455536160781892,144.233662329142,0.215269242783083,0.287110815138774,0.319204144416669,0.145716882205595,0.0484820432904743,0.204420199185915,0.247055923356959,0.278798320883963,0.178883105815398,0.0635441287564354,278.268531648965,260.785056488448,707,v7.4.6,gap_tied_weak_links_phase3_seed,/Users/asewaket/Documents/LTSpice Superconducting Circuit/matlab_v7_4_6_files/outputs/v7_4_6_as006_gap_weaklink_v800_phase3_seed_707/AS006_v7_4_6_gap_weaklink_scores.csv
AS006,contact_relaxed_a4_1_g0_05_p0_1,"contact-relaxed SNS links, alpha=4.1, tau=0.05, p=0.1",contact_relaxation,contact_relaxed,conductance,4.1,0.999999999999997,0.05,0.1,0.904793028322441,0.05,0.100217864923747,2.70543502754188e-08,5.66893595229141e-07,0.0504783313298853,137.756231499773,0.215341347930506,0.288580575253712,0.316763329592611,0.147836175403595,0.0489951183572543,0.203338640177612,0.237948196478129,0.265162185224848,0.196443848207783,0.0691563700067185,286.56743150648,266.846785325973,707,v7.4.6,gap_tied_weak_links_phase3_seed,/Users/asewaket/Documents/LTSpice Superconducting Circuit/matlab_v7_4_6_files/outputs/v7_4_6_as006_gap_weaklink_v800_phase3_seed_707/AS006_v7_4_6_gap_weaklink_scores.csv
AS006,boundary_sns_a4_1_g0_05_p0_1,"SNS-like boundary constriction, alpha=4.1, tau=0.05, p=0.1",boundary_lane,boundary_constriction,conductance,4.1,0.999999999999997,0.05,0.1,0.879956427015252,0.05,0.12636165577342,7.59428436021093e-08,5.26558217985824e-07,0.157247286650334,137.756231499773,0.215391734249393,0.288622895141811,0.307045902017039,0.158437904471865,0.0529580669855055,0.278009772852607,0.411113327481887,0.423519460814776,0.152806456082876,0.0467684102516936,195.254196778378,198.770200493811,707,v7.4.6,gap_tied_weak_links_phase3_seed,/Users/asewaket/Documents/LTSpice Superconducting Circuit/matlab_v7_4_6_files/outputs/v7_4_6_as006_gap_weaklink_v800_phase3_seed_707/AS006_v7_4_6_gap_weaklink_scores.csv
AS006,crack_tunnel_a3_3_g0_4_p0_05,"tunnel/crack-like links, alpha=3.3, tau=0.4, p=0.05",tear_lane,crack_tunnel,conductance,3.3,1,0.4,0.05,0.969673202614379,0.4,0.0505446623093682,3.58581464031024e-07,3.73893462679341e-07,0.115363186445638,173.481623261439,0.215460364002834,0.291256932757723,0.314467206912145,0.150956354666665,0.0470318318268609,0.222665899766468,0.308319788105286,0.33087442294511,0.142178059215825,0.0482568965533295,240.885221914433,239.269767979455,707,v7.4.6,gap_tied_weak_links_phase3_seed,/Users/asewaket/Documents/LTSpice Superconducting Circuit/matlab_v7_4_6_files/outputs/v7_4_6_as006_gap_weaklink_v800_phase3_seed_707/AS006_v7_4_6_gap_weaklink_scores.csv
AS006,combined_a4_1_g0_7_p0_2,"combined weak-link classes, alpha=4.1, tau=0.7, p=0.2",combined,boundary_constriction,conductance,4.1,0.999999999999997,0.7,0.2,0.939999999999999,0.7,0.2,7.48193473346126e-07,4.70558743828063e-07,0.138044191466436,173.158709141207,0.215699357640567,0.294476810194421,0.313216177022241,0.150252012156325,0.0480766530240854,0.228364679184405,0.322278890787716,0.340000235832872,0.138163477974892,0.0518397449581674,240.430538370021,230.434122976494,707,v7.4.6,gap_tied_weak_links_phase3_seed,/Users/asewaket/Documents/LTSpice Superconducting Circuit/matlab_v7_4_6_files/outputs/v7_4_6_as006_gap_weaklink_v800_phase3_seed_707/AS006_v7_4_6_gap_weaklink_scores.csv
AS006,crack_tunnel_a4_1_g0_4_p0_05,"tunnel/crack-like links, alpha=4.1, tau=0.4, p=0.05",tear_lane,crack_tunnel,conductance,4.1,0.999999999999997,0.4,0.05,0.969673202614379,0.4,0.0505446623093682,4.45510303796121e-07,4.64534302116756e-07,0.143330019523368,173.481623261439,0.215704424153055,0.293312999284945,0.311957693175836,0.152894241982206,0.0481653559448586,0.223966164405505,0.313868740752622,0.331576373078187,0.142002421505154,0.0482004015066317,237.910883552511,239.201811880767,707,v7.4.6,gap_tied_weak_links_phase3_seed,/Users/asewaket/Documents/LTSpice Superconducting Circuit/matlab_v7_4_6_files/outputs/v7_4_6_as006_gap_weaklink_v800_phase3_seed_707/AS006_v7_4_6_gap_weaklink_scores.csv
AS006,contact_relaxed_a3_7_g0_05_p0_1,"contact-relaxed SNS links, alpha=3.7, tau=0.05, p=0.1",contact_relaxation,contact_relaxed,conductance,3.7,0,0.05,0.1,0.904793028322441,0.05,0.100217864923747,2.44149014680608e-08,5.11586903011664e-07,0.0455536160781892,137.756231499773,0.215768968146811,0.287861750590775,0.319915612279765,0.145969495182377,0.0486688996757224,0.202608572000631,0.234765078690606,0.264675620504512,0.1967183518739,0.0691975055872772,288.888020494209,268.61357817623,707,v7.4.6,gap_tied_weak_links_phase3_seed,/Users/asewaket/Documents/LTSpice Superconducting Circuit/matlab_v7_4_6_files/outputs/v7_4_6_as006_gap_weaklink_v800_phase3_seed_707/AS006_v7_4_6_gap_weaklink_scores.csv
AS006,crack_tunnel_a3_7_g0_4_p0_05,"tunnel/crack-like links, alpha=3.7, tau=0.4, p=0.05",tear_lane,crack_tunnel,conductance,3.7,0,0.4,0.05,0.969673202614379,0.4,0.0505446623093682,4.02045883913572e-07,4.19213882398049e-07,0.129346602984503,173.481623261439,0.215787617995101,0.293296400104515,0.313511541987318,0.151701468548702,0.0473696557073034,0.223465658368913,0.311821239602862,0.331260586002526,0.14207539113863,0.0482067878139955,239.541697311334,239.344870906747,707,v7.4.6,gap_tied_weak_links_phase3_seed,/Users/asewaket/Documents/LTSpice Superconducting Circuit/matlab_v7_4_6_files/outputs/v7_4_6_as006_gap_weaklink_v800_phase3_seed_707/AS006_v7_4_6_gap_weaklink_scores.csv
AS006,boundary_sns_a3_7_g0_4_p0_1,"SNS-like boundary constriction, alpha=3.7, tau=0.4, p=0.1",boundary_lane,boundary_constriction,conductance,3.7,0,0.4,0.1,0.924183006535947,0.4,0.12636165577342,4.59488821396133e-07,4.32725273376342e-07,0.14190608795274,164.373200955644,0.215812229772737,0.293460200618636,0.312566230555309,0.152302338385308,0.0482321217916217,0.246763805199525,0.356973509396026,0.373555832267175,0.13609198697188,0.0530078264191917,225.325474062732,215.094477334741,707,v7.4.6,gap_tied_weak_links_phase3_seed,/Users/asewaket/Documents/LTSpice Superconducting Circuit/matlab_v7_4_6_files/outputs/v7_4_6_as006_gap_weaklink_v800_phase3_seed_707/AS006_v7_4_6_gap_weaklink_scores.csv
AS006,combined_a4_1_g0_7_p0_3,"combined weak-link classes, alpha=4.1, tau=0.7, p=0.3",combined,boundary_constriction,conductance,4.1,0.999999999999997,0.7,0.3,0.909934640522874,0.7,0.300217864923747,6.43977118317904e-07,4.77407456426706e-07,0.118783603724796,166.028216607699,0.21588709959886,0.294984489270241,0.314276088416455,0.148976898617381,0.0482467307235363,0.227960270245254,0.321584666177096,0.339990728016575,0.137825701512028,0.0509507841301323,240.48888157741,231.432744645236,707,v7.4.6,gap_tied_weak_links_phase3_seed,/Users/asewaket/Documents/LTSpice Superconducting Circuit/matlab_v7_4_6_files/outputs/v7_4_6_as006_gap_weaklink_v800_phase3_seed_707/AS006_v7_4_6_gap_weaklink_scores.csv
AS006,boundary_sns_a4_1_g0_7_p0_2,"SNS-like boundary constriction, alpha=4.1, tau=0.7, p=0.2",boundary_lane,boundary_constriction,conductance,4.1,0.999999999999997,0.7,0.2,0.933594771241829,0.7,0.221350762527233,7.66846635584949e-07,4.73118581032637e-07,0.141076166229977,173.158709141207,0.216073822948059,0.295338027055157,0.31303992108119,0.151445808302581,0.0479039654148285,0.240664551775725,0.347205882890182,0.362723974959395,0.135117317739211,0.0524532726354891,230.356560301799,219.929975808464,707,v7.4.6,gap_tied_weak_links_phase3_seed,/Users/asewaket/Documents/LTSpice Superconducting Circuit/matlab_v7_4_6_files/outputs/v7_4_6_as006_gap_weaklink_v800_phase3_seed_707/AS006_v7_4_6_gap_weaklink_scores.csv
AS006,contact_relaxed_a4_1_g0_4_p0_3,"contact-relaxed SNS links, alpha=4.1, tau=0.4, p=0.3",contact_relaxation,contact_relaxed,conductance,4.1,0.999999999999997,0.4,0.3,0.819869281045749,0.4,0.300217864923747,2.55945051821926e-07,4.99607626305835e-07,0.0579341751557764,136.924436557744,0.216084235148652,0.289877309432911,0.320776923978698,0.144331552324043,0.0487698089425731,0.196984662795524,0.215171611356553,0.24104630760986,0.234466834151414,0.0548371216145436,303.147974217331,290.248838434999,707,v7.4.6,gap_tied_weak_links_phase3_seed,/Users/asewaket/Documents/LTSpice Superconducting Circuit/matlab_v7_4_6_files/outputs/v7_4_6_as006_gap_weaklink_v800_phase3_seed_707/AS006_v7_4_6_gap_weaklink_scores.csv
AS006,contact_relaxed_a3_7_g0_2_p0_1,"contact-relaxed SNS links, alpha=3.7, tau=0.2, p=0.1",contact_relaxation,contact_relaxed,conductance,3.7,0,0.2,0.1,0.919825708061001,0.2,0.100217864923747,8.81985716934271e-08,4.62025560513929e-07,0.0455536160781892,152.533300896027,0.216139571367797,0.29014283561083,0.320689263201269,0.144973677077204,0.0481317142794306,0.212312396531475,0.274830278565757,0.305769632645783,0.154975525651475,0.057915439897153,262.87784396687,248.31984050923,707,v7.4.6,gap_tied_weak_links_phase3_seed,/Users/asewaket/Documents/LTSpice Superconducting Circuit/matlab_v7_4_6_files/outputs/v7_4_6_as006_gap_weaklink_v800_phase3_seed_707/AS006_v7_4_6_gap_weaklink_scores.csv
AS006,combined_a4_1_g0_7_p0_1,"combined weak-link classes, alpha=4.1, tau=0.7, p=0.1",combined,boundary_constriction,conductance,4.1,0.999999999999997,0.7,0.1,0.969934640522875,0.7,0.100217864923747,7.63597249091495e-07,4.61593074367263e-07,0.141209994454376,178.555742183596,0.216392031645183,0.296344088654357,0.314616015841153,0.149883101438539,0.0476841650513648,0.227106843763994,0.320935198368129,0.338281382297416,0.138716352538918,0.0492111607577175,240.971331341575,232.662099232706,707,v7.4.6,gap_tied_weak_links_phase3_seed,/Users/asewaket/Documents/LTSpice Superconducting Circuit/matlab_v7_4_6_files/outputs/v7_4_6_as006_gap_weaklink_v800_phase3_seed_707/AS006_v7_4_6_gap_weaklink_scores.csv
AS006,boundary_sns_a4_1_g0_4_p0_1,"SNS-like boundary constriction, alpha=4.1, tau=0.4, p=0.1",boundary_lane,boundary_constriction,conductance,4.1,0.999999999999997,0.4,0.1,0.924183006535947,0.4,0.12636165577342,5.09163288574093e-07,4.79506384011622e-07,0.157247286650334,164.373200955644,0.216503672871482,0.295778714073565,0.313550612722491,0.151820085914118,0.0482509706268363,0.247214944224426,0.358714581337235,0.373869461000858,0.136110114576972,0.0529509398121803,225.623101256175,215.415608672792,707,v7.4.6,gap_tied_weak_links_phase3_seed,/Users/asewaket/Documents/LTSpice Superconducting Circuit/matlab_v7_4_6_files/outputs/v7_4_6_as006_gap_weaklink_v800_phase3_seed_707/AS006_v7_4_6_gap_weaklink_scores.csv
AS006,boundary_sns_a3_7_g0_7_p0_3,"SNS-like boundary constriction, alpha=3.7, tau=0.7, p=0.3",boundary_lane,boundary_constriction,conductance,3.7,0,0.7,0.3,0.905228758169932,0.7,0.315904139433551,6.38056669351289e-07,4.33836637106941e-07,0.109808878276977,166.028216607699,0.216928122639443,0.297856549791819,0.317058394833526,0.14726149513963,0.0478550035221896,0.240719863376801,0.346035803847525,0.363595756130716,0.134555591843737,0.0530764500030554,232.190400122769,221.160718543605,707,v7.4.6,gap_tied_weak_links_phase3_seed,/Users/asewaket/Documents/LTSpice Superconducting Circuit/matlab_v7_4_6_files/outputs/v7_4_6_as006_gap_weaklink_v800_phase3_seed_707/AS006_v7_4_6_gap_weaklink_scores.csv
AS006,contact_relaxed_a3_3_g0_1_p0_1,"contact-relaxed SNS links, alpha=3.3, tau=0.1, p=0.1",contact_relaxation,contact_relaxed,conductance,3.3,1,0.1,0.1,0.909803921568628,0.1,0.100217864923747,4.15950652475953e-08,4.35788992194436e-07,0.0406289008264931,144.233662329142,0.21692852104851,0.288594811949752,0.325482811092374,0.142437420220887,0.0484060986050375,0.203293834684907,0.242257112961994,0.277970485491777,0.179250046015785,0.0637011533321997,282.286766400608,264.410794082176,707,v7.4.6,gap_tied_weak_links_phase3_seed,/Users/asewaket/Documents/LTSpice Superconducting Circuit/matlab_v7_4_6_files/outputs/v7_4_6_as006_gap_weaklink_v800_phase3_seed_707/AS006_v7_4_6_gap_weaklink_scores.csv
AS006,boundary_sns_a4_1_g0_05_p0_05,"SNS-like boundary constriction, alpha=4.1, tau=0.05, p=0.05",boundary_lane,boundary_constriction,conductance,4.1,0.999999999999997,0.05,0.05,0.939978213507626,0.05,0.0631808278867102,6.75189975375238e-08,4.80915349246362e-07,0.165083628750454,160.119962378973,0.216979206624143,0.297512433471205,0.314710635256904,0.151839740901738,0.0468403118227564,0.261420990337046,0.384002678609772,0.397550709850558,0.141359111128815,0.0506896419259621,216.559639264414,205.244703716781,707,v7.4.6,gap_tied_weak_links_phase3_seed,/Users/asewaket/Documents/LTSpice Superconducting Circuit/matlab_v7_4_6_files/outputs/v7_4_6_as006_gap_weaklink_v800_phase3_seed_707/AS006_v7_4_6_gap_weaklink_scores.csv
AS006,contact_relaxed_a3_3_g0_05_p0_1,"contact-relaxed SNS links, alpha=3.3, tau=0.05, p=0.1",contact_relaxation,contact_relaxed,conductance,3.3,1,0.05,0.1,0.904793028322441,0.05,0.100217864923747,2.17754526607029e-08,4.56280210794187e-07,0.0406289008264931,137.756231499773,0.217192490369147,0.288105631760354,0.326081780651955,0.142894247001182,0.0485958951929808,0.201548260692774,0.229918514812442,0.264117541816301,0.197088009171369,0.0692570790086895,292.887215590701,272.237863348649,707,v7.4.6,gap_tied_weak_links_phase3_seed,/Users/asewaket/Documents/LTSpice Superconducting Circuit/matlab_v7_4_6_files/outputs/v7_4_6_as006_gap_weaklink_v800_phase3_seed_707/AS006_v7_4_6_gap_weaklink_scores.csv
AS006,contact_relaxed_a4_1_g0_4_p0_1,"contact-relaxed SNS links, alpha=4.1, tau=0.4, p=0.1",contact_relaxation,contact_relaxed,conductance,4.1,0.999999999999997,0.4,0.1,0.939869281045751,0.4,0.100217864923747,1.81387492265104e-07,4.79073881063504e-07,0.0504783313298853,164.373200955644,0.217200293735526,0.296625678365398,0.318913271279156,0.146533969983818,0.048110103093935,0.226497816593607,0.315040045491273,0.33676095502089,0.139247459389153,0.0540580419537658,245.51306346621,233.743890010174,707,v7.4.6,gap_tied_weak_links_phase3_seed,/Users/asewaket/Documents/LTSpice Superconducting Circuit/matlab_v7_4_6_files/outputs/v7_4_6_as006_gap_weaklink_v800_phase3_seed_707/AS006_v7_4_6_gap_weaklink_scores.csv
AS006,boundary_sns_a4_1_g0_1_p0_05,"SNS-like boundary constriction, alpha=4.1, tau=0.1, p=0.05",boundary_lane,boundary_constriction,conductance,4.1,0.999999999999997,0.1,0.05,0.943137254901961,0.1,0.0631808278867102,1.33057856502462e-07,4.73863415213559e-07,0.165083628750454,162.502833425311,0.217247256198202,0.298456242165017,0.315574976446368,0.151026607446679,0.0467405707365022,0.259035472004881,0.37924921842911,0.393059300267099,0.140097351257469,0.0529526770560377,219.45040267399,206.933220522808,707,v7.4.6,gap_tied_weak_links_phase3_seed,/Users/asewaket/Documents/LTSpice Superconducting Circuit/matlab_v7_4_6_files/outputs/v7_4_6_as006_gap_weaklink_v800_phase3_seed_707/AS006_v7_4_6_gap_weaklink_scores.csv
AS006,combined_a3_7_g0_7_p0_2,"combined weak-link classes, alpha=3.7, tau=0.7, p=0.2",combined,boundary_constriction,conductance,3.7,0,0.7,0.2,0.939999999999999,0.7,0.2,6.75198988141626e-07,4.24650573698496e-07,0.124576465469711,173.158709141207,0.217523084197388,0.29841851194568,0.318483723246618,0.146930846985672,0.0481868346275865,0.22785667663691,0.320273960673541,0.339656149323108,0.13817610174708,0.0518910340117186,243.031495638696,233.051589258886,707,v7.4.6,gap_tied_weak_links_phase3_seed,/Users/asewaket/Documents/LTSpice Superconducting Circuit/matlab_v7_4_6_files/outputs/v7_4_6_as006_gap_weaklink_v800_phase3_seed_707/AS006_v7_4_6_gap_weaklink_scores.csv
AS006,crack_tunnel_a4_1_g0_7_p0_2,"tunnel/crack-like links, alpha=4.1, tau=0.7, p=0.2",tear_lane,crack_tunnel,conductance,4.1,0.999999999999997,0.7,0.2,0.93986928104575,0.7,0.200435729847495,6.06014151232667e-07,4.56471215575787e-07,0.108899478418615,173.158709141207,0.217678926231927,0.300111912858415,0.318449608485156,0.146068027728977,0.0484108687909766,0.220022369463461,0.305927847139305,0.32409828290578,0.143082865517989,0.0481584231953969,248.427784914319,242.175602245594,707,v7.4.6,gap_tied_weak_links_phase3_seed,/Users/asewaket/Documents/LTSpice Superconducting Circuit/matlab_v7_4_6_files/outputs/v7_4_6_as006_gap_weaklink_v800_phase3_seed_707/AS006_v7_4_6_gap_weaklink_scores.csv
AS006,boundary_sns_a3_7_g0_05_p0_05,"SNS-like boundary constriction, alpha=3.7, tau=0.05, p=0.05",boundary_lane,boundary_constriction,conductance,3.7,0,0.05,0.05,0.939978213507626,0.05,0.0631808278867102,6.09317782655702e-08,4.3399677858818e-07,0.148977908872361,160.119962378973,0.217822053754775,0.298953444769793,0.317221204688861,0.150130298548502,0.04735684261295,0.260958137541763,0.382269258160883,0.397248554397822,0.141311416042597,0.0506971892984974,216.926780449231,207.187604859541,707,v7.4.6,gap_tied_weak_links_phase3_seed,/Users/asewaket/Documents/LTSpice Superconducting Circuit/matlab_v7_4_6_files/outputs/v7_4_6_as006_gap_weaklink_v800_phase3_seed_707/AS006_v7_4_6_gap_weaklink_scores.csv
AS006,crack_tunnel_a4_1_g0_7_p0_3,"tunnel/crack-like links, alpha=4.1, tau=0.7, p=0.3",tear_lane,crack_tunnel,conductance,4.1,0.999999999999997,0.7,0.3,0.909934640522874,0.7,0.300217864923747,5.76551032751657e-07,4.6425600828894e-07,0.096726229961909,166.028216607699,0.217845384275866,0.30095195058057,0.319282356263072,0.144613049447058,0.0487645355295585,0.218621380708443,0.303161994804628,0.321429416624772,0.143431308632478,0.0481542938536371,249.910030423467,244.061019530554,707,v7.4.6,gap_tied_weak_links_phase3_seed,/Users/asewaket/Documents/LTSpice Superconducting Circuit/matlab_v7_4_6_files/outputs/v7_4_6_as006_gap_weaklink_v800_phase3_seed_707/AS006_v7_4_6_gap_weaklink_scores.csv
AS006,combined_a3_7_g0_7_p0_3,"combined weak-link classes, alpha=3.7, tau=0.7, p=0.3",combined,boundary_constriction,conductance,3.7,0,0.7,0.3,0.909934640522874,0.7,0.300217864923747,5.8115008238445e-07,4.30831119214345e-07,0.107194959458962,166.028216607699,0.217969886443686,0.299421322349683,0.32008838082683,0.145521834157854,0.0483711507244786,0.227437648982918,0.319526863356863,0.339639840313451,0.137840774403301,0.0509906930050625,243.333867207813,234.305961204757,707,v7.4.6,gap_tied_weak_links_phase3_seed,/Users/asewaket/Documents/LTSpice Superconducting Circuit/matlab_v7_4_6_files/outputs/v7_4_6_as006_gap_weaklink_v800_phase3_seed_707/AS006_v7_4_6_gap_weaklink_scores.csv
AS006,combined_a4_1_g0_7_p0_05,"combined weak-link classes, alpha=4.1, tau=0.7, p=0.05",combined,boundary_constriction,conductance,4.1,0.999999999999997,0.7,0.05,0.984967320261438,0.7,0.0501089324618736,8.18450296750197e-07,4.53709559710741e-07,0.145471799298186,182.66918841368,0.21798405291889,0.30018824099882,0.318032770634157,0.148178826798473,0.0479511414877661,0.227143799873059,0.321767006205528,0.338826166043737,0.138628204245094,0.0477209472768586,241.146921681588,235.110875874512,707,v7.4.6,gap_tied_weak_links_phase3_seed,/Users/asewaket/Documents/LTSpice Superconducting Circuit/matlab_v7_4_6_files/outputs/v7_4_6_as006_gap_weaklink_v800_phase3_seed_707/AS006_v7_4_6_gap_weaklink_scores.csv
AS006,combined_a3_7_g0_7_p0_1,"combined weak-link classes, alpha=3.7, tau=0.7, p=0.1",combined,boundary_constriction,conductance,3.7,0,0.7,0.1,0.969934640522875,0.7,0.100217864923747,6.89099956497203e-07,4.16559603697286e-07,0.127433409629559,178.555742183596,0.218023128605083,0.299872246750011,0.319504158903503,0.146806065761127,0.047603535992868,0.226603633565647,0.318942614783712,0.337954728608763,0.138731361297554,0.0492405763572445,243.535003210897,234.991208002135,707,v7.4.6,gap_tied_weak_links_phase3_seed,/Users/asewaket/Documents/LTSpice Superconducting Circuit/matlab_v7_4_6_files/outputs/v7_4_6_as006_gap_weaklink_v800_phase3_seed_707/AS006_v7_4_6_gap_weaklink_scores.csv
AS006,boundary_sns_a3_7_g0_7_p0_2,"SNS-like boundary constriction, alpha=3.7, tau=0.7, p=0.2",boundary_lane,boundary_constriction,conductance,3.7,0,0.7,0.2,0.933594771241829,0.7,0.221350762527233,6.92032329674222e-07,4.2696067068799e-07,0.127312637817297,173.158709141207,0.218052715310035,0.299862507172528,0.318638492730612,0.147838973610243,0.047984990086271,0.240190163261569,0.345333216191207,0.362414795478042,0.135110208910173,0.0525039468923475,233.008349407358,222.555769281163,707,v7.4.6,gap_tied_weak_links_phase3_seed,/Users/asewaket/Documents/LTSpice Superconducting Circuit/matlab_v7_4_6_files/outputs/v7_4_6_as006_gap_weaklink_v800_phase3_seed_707/AS006_v7_4_6_gap_weaklink_scores.csv
AS006,contact_relaxed_a3_3_g0_2_p0_1,"contact-relaxed SNS links, alpha=3.3, tau=0.2, p=0.1",contact_relaxation,contact_relaxed,conductance,3.3,1,0.2,0.1,0.919825708061001,0.2,0.100217864923747,7.86635909698134e-08,4.12076851269179e-07,0.0406289008264931,152.533300896027,0.218065114524036,0.292878389667529,0.327005128599227,0.141648289390131,0.0481278461663412,0.21125780987999,0.270585026932071,0.3050075526368,0.155099575738576,0.0580663356802593,266.56994639538,251.769055798015,707,v7.4.6,gap_tied_weak_links_phase3_seed,/Users/asewaket/Documents/LTSpice Superconducting Circuit/matlab_v7_4_6_files/outputs/v7_4_6_as006_gap_weaklink_v800_phase3_seed_707/AS006_v7_4_6_gap_weaklink_scores.csv
AS006,boundary_sns_a3_7_g0_1_p0_05,"SNS-like boundary constriction, alpha=3.7, tau=0.1, p=0.05",boundary_lane,boundary_constriction,conductance,3.7,0,0.1,0.05,0.943137254901961,0.1,0.0631808278867102,1.20076602209539e-07,4.27632838119554e-07,0.148977908872361,162.502833425311,0.21806951961954,0.299809700519217,0.318004246219973,0.149421723284552,0.047253312587839,0.25860250383344,0.377549764515905,0.392773288274938,0.140068121607914,0.0530243481602607,220.066468085273,208.566596165737,707,v7.4.6,gap_tied_weak_links_phase3_seed,/Users/asewaket/Documents/LTSpice Superconducting Circuit/matlab_v7_4_6_files/outputs/v7_4_6_as006_gap_weaklink_v800_phase3_seed_707/AS006_v7_4_6_gap_weaklink_scores.csv
AS006,boundary_sns_a4_1_g0_2_p0_05,"SNS-like boundary constriction, alpha=4.1, tau=0.2, p=0.05",boundary_lane,boundary_constriction,conductance,4.1,0.999999999999997,0.2,0.05,0.949455337690632,0.2,0.0631808278867102,2.59660326462016e-07,4.62368522712833e-07,0.165083628750454,166.542798322419,0.218081791555337,0.300625435485456,0.31766373485114,0.149418817605015,0.0470984642954634,0.254099595113743,0.371021549334516,0.385310422490615,0.13793069779834,0.0527698146276955,223.195311210163,211.557700014692,707,v7.4.6,gap_tied_weak_links_phase3_seed,/Users/asewaket/Documents/LTSpice Superconducting Circuit/matlab_v7_4_6_files/outputs/v7_4_6_as006_gap_weaklink_v800_phase3_seed_707/AS006_v7_4_6_gap_weaklink_scores.csv
AS006,crack_tunnel_a4_1_g0_7_p0_1,"tunnel/crack-like links, alpha=4.1, tau=0.7, p=0.1",tear_lane,crack_tunnel,conductance,4.1,0.999999999999997,0.7,0.1,0.969934640522875,0.7,0.100217864923747,7.03254255800935e-07,4.58225897753365e-07,0.135029945937816,178.555742183596,0.2180962892629,0.300526331952771,0.318514395139781,0.147477333452788,0.0482082560511263,0.226162609297428,0.320016160136018,0.337333240807096,0.138726427856758,0.0470556801177547,241.238901846342,236.847891055101,707,v7.4.6,gap_tied_weak_links_phase3_seed,/Users/asewaket/Documents/LTSpice Superconducting Circuit/matlab_v7_4_6_files/outputs/v7_4_6_as006_gap_weaklink_v800_phase3_seed_707/AS006_v7_4_6_gap_weaklink_scores.csv
AS006,boundary_sns_a3_3_g0_7_p0_3,"SNS-like boundary constriction, alpha=3.3, tau=0.7, p=0.3",boundary_lane,boundary_constriction,conductance,3.3,1,0.7,0.3,0.905228758169932,0.7,0.315904139433551,5.69077569961961e-07,3.86935379041326e-07,0.0979376481929796,166.028216607699,0.21837381180912,0.300170739935015,0.321634793816401,0.144605924823246,0.0480800239028243,0.239992099565084,0.3430447144228,0.363191420811048,0.134541589868105,0.053153809648157,234.318110136182,223.440945107056,707,v7.4.6,gap_tied_weak_links_phase3_seed,/Users/asewaket/Documents/LTSpice Superconducting Circuit/matlab_v7_4_6_files/outputs/v7_4_6_as006_gap_weaklink_v800_phase3_seed_707/AS006_v7_4_6_gap_weaklink_scores.csv
AS006,combined_a3_3_g0_7_p0_2,"combined weak-link classes, alpha=3.3, tau=0.7, p=0.2",combined,boundary_constriction,conductance,3.3,1,0.7,0.2,0.939999999999999,0.7,0.2,6.02204502937126e-07,3.78742403568929e-07,0.111108739472985,173.158709141207,0.218481875452897,0.299325336784658,0.322101184976745,0.1448203640475,0.0483815117111479,0.227061621029119,0.316936841593282,0.339228415841231,0.138199765224146,0.0519718292999767,244.859971779286,234.99374352684,707,v7.4.6,gap_tied_weak_links_phase3_seed,/Users/asewaket/Documents/LTSpice Superconducting Circuit/matlab_v7_4_6_files/outputs/v7_4_6_as006_gap_weaklink_v800_phase3_seed_707/AS006_v7_4_6_gap_weaklink_scores.csv
AS006,boundary_sns_a3_3_g0_05_p0_05,"SNS-like boundary constriction, alpha=3.3, tau=0.05, p=0.05",boundary_lane,boundary_constriction,conductance,3.3,1,0.05,0.05,0.939978213507626,0.05,0.0631808278867102,5.43445589936167e-08,3.87078207929999e-07,0.132872188994267,160.119962378973,0.218694217957117,0.299115386386095,0.319300690616587,0.148874294213729,0.0494866270532994,0.260303649409282,0.37975392780169,0.396851575981216,0.141232704008414,0.0507331812670755,216.661013337486,209.456137597841,707,v7.4.6,gap_tied_weak_links_phase3_seed,/Users/asewaket/Documents/LTSpice Superconducting Circuit/matlab_v7_4_6_files/outputs/v7_4_6_as006_gap_weaklink_v800_phase3_seed_707/AS006_v7_4_6_gap_weaklink_scores.csv
AS006,boundary_sns_a3_3_g0_1_p0_05,"SNS-like boundary constriction, alpha=3.3, tau=0.1, p=0.05",boundary_lane,boundary_constriction,conductance,3.3,1,0.1,0.05,0.943137254901961,0.1,0.0631808278867102,1.07095347916616e-07,3.81402261025548e-07,0.132872188994267,162.502833425311,0.218700906378127,0.29966281505889,0.31982969485934,0.148311012158818,0.0487509856293786,0.257976109493003,0.375029395924844,0.392401316130509,0.140011538233818,0.053134425519509,220.083089888784,210.333410537936,707,v7.4.6,gap_tied_weak_links_phase3_seed,/Users/asewaket/Documents/LTSpice Superconducting Circuit/matlab_v7_4_6_files/outputs/v7_4_6_as006_gap_weaklink_v800_phase3_seed_707/AS006_v7_4_6_gap_weaklink_scores.csv
AS006,combined_a3_3_g0_7_p0_1,"combined weak-link classes, alpha=3.3, tau=0.7, p=0.1",combined,boundary_constriction,conductance,3.3,1,0.7,0.1,0.969934640522875,0.7,0.100217864923747,6.1460266390291e-07,3.7152613302731e-07,0.113656824804742,178.555742183596,0.218772410978166,0.300309227613372,0.322683263522875,0.144933930673776,0.0476897027702064,0.225815248779462,0.315614091534414,0.337547420012825,0.13876402401093,0.0492991373267912,245.213338267857,236.681992269809,707,v7.4.6,gap_tied_weak_links_phase3_seed,/Users/asewaket/Documents/LTSpice Superconducting Circuit/matlab_v7_4_6_files/outputs/v7_4_6_as006_gap_weaklink_v800_phase3_seed_707/AS006_v7_4_6_gap_weaklink_scores.csv
AS006,boundary_sns_a4_1_g0_7_p0_1,"SNS-like boundary constriction, alpha=4.1, tau=0.7, p=0.1",boundary_lane,boundary_constriction,conductance,4.1,0.999999999999997,0.7,0.1,0.962091503267973,0.7,0.12636165577342,8.20261490473089e-07,4.63652206783429e-07,0.157247286650334,178.555742183596,0.218973027870997,0.302868766187138,0.320115947676823,0.147040357797977,0.0479930174859382,0.238737839984574,0.343641524721759,0.359462864518675,0.135165645965402,0.0520306048366776,234.860556373372,224.693668595986,707,v7.4.6,gap_tied_weak_links_phase3_seed,/Users/asewaket/Documents/LTSpice Superconducting Circuit/matlab_v7_4_6_files/outputs/v7_4_6_as006_gap_weaklink_v800_phase3_seed_707/AS006_v7_4_6_gap_weaklink_scores.csv
AS006,boundary_sns_a3_7_g0_2_p0_05,"SNS-like boundary constriction, alpha=3.7, tau=0.2, p=0.05",boundary_lane,boundary_constriction,conductance,3.7,0,0.2,0.05,0.949455337690632,0.2,0.0631808278867102,2.34327611685234e-07,4.17259398545727e-07,0.148977908872361,166.542798322419,0.219002282707348,0.302166594527504,0.320290282485031,0.14778340028482,0.047607574304405,0.25366471964069,0.369317646120298,0.385017169106252,0.137910076715854,0.0528383102523925,224.073646745135,213.151838837116,707,v7.4.6,gap_tied_weak_links_phase3_seed,/Users/asewaket/Documents/LTSpice Superconducting Circuit/matlab_v7_4_6_files/outputs/v7_4_6_as006_gap_weaklink_v800_phase3_seed_707/AS006_v7_4_6_gap_weaklink_scores.csv
AS006,contact_relaxed_a3_7_g0_4_p0_1,"contact-relaxed SNS links, alpha=3.7, tau=0.4, p=0.1",contact_relaxation,contact_relaxed,conductance,3.7,0,0.4,0.1,0.939869281045751,0.4,0.100217864923747,1.63691151556314e-07,4.32334965837796e-07,0.0455536160781892,164.373200955644,0.219031856461703,0.300075250797305,0.324650927539189,0.14335127081524,0.0477558197985789,0.225790175072981,0.312098596142874,0.336402374753342,0.139236372090006,0.0541026582911731,248.71512306428,236.296259237678,707,v7.4.6,gap_tied_weak_links_phase3_seed,/Users/asewaket/Documents/LTSpice Superconducting Circuit/matlab_v7_4_6_files/outputs/v7_4_6_as006_gap_weaklink_v800_phase3_seed_707/AS006_v7_4_6_gap_weaklink_scores.csv
AS006,crack_tunnel_a3_7_g0_7_p0_2,"tunnel/crack-like links, alpha=3.7, tau=0.7, p=0.2",tear_lane,crack_tunnel,conductance,3.7,0,0.7,0.2,0.93986928104575,0.7,0.200435729847495,5.4689081940509e-07,4.11937438446442e-07,0.0982751390607016,173.158709141207,0.219047479712811,0.302773950521757,0.322716813814378,0.143624424095494,0.0481784937477661,0.219477990301085,0.303798709343594,0.323718220233417,0.143125954587335,0.0481769135191822,250.863608509239,244.228759987126,707,v7.4.6,gap_tied_weak_links_phase3_seed,/Users/asewaket/Documents/LTSpice Superconducting Circuit/matlab_v7_4_6_files/outputs/v7_4_6_as006_gap_weaklink_v800_phase3_seed_707/AS006_v7_4_6_gap_weaklink_scores.csv
AS006,contact_relaxed_a4_1_g0_7_p0_2,"contact-relaxed SNS links, alpha=4.1, tau=0.7, p=0.2",contact_relaxation,contact_relaxed,conductance,4.1,0.999999999999997,0.7,0.2,0.939999999999999,0.7,0.2,3.42442903710254e-07,4.51863053200009e-07,0.0549848975040894,173.158709141207,0.219093767709652,0.303056764784203,0.321877839895986,0.145019839782651,0.0478510542177645,0.225014162024444,0.314056101173698,0.332616634889118,0.140701089144975,0.0530592364613442,248.734555533072,237.191789649604,707,v7.4.6,gap_tied_weak_links_phase3_seed,/Users/asewaket/Documents/LTSpice Superconducting Circuit/matlab_v7_4_6_files/outputs/v7_4_6_as006_gap_weaklink_v800_phase3_seed_707/AS006_v7_4_6_gap_weaklink_scores.csv
AS006,combined_a3_3_g0_7_p0_3,"combined weak-link classes, alpha=3.3, tau=0.7, p=0.3",combined,boundary_constriction,conductance,3.3,1,0.7,0.3,0.909934640522874,0.7,0.300217864923747,5.18323046450996e-07,3.84254782001983e-07,0.0956063151931286,166.028216607699,0.21909431457585,0.300708920603685,0.323995546157539,0.143400680872616,0.0485195954091034,0.226656781185742,0.316288063995063,0.339206677352517,0.137860292733035,0.0510587906504482,245.32830756268,236.355796536247,707,v7.4.6,gap_tied_weak_links_phase3_seed,/Users/asewaket/Documents/LTSpice Superconducting Circuit/matlab_v7_4_6_files/outputs/v7_4_6_as006_gap_weaklink_v800_phase3_seed_707/AS006_v7_4_6_gap_weaklink_scores.csv
AS006,shuffled_tau_control,"same weak-link histogram, shuffled positions",shuffled,boundary_constriction,conductance,3.7,0,0.01,0.08,0.920627450980392,0.01,0.0801742919389978,4.71869454292404e-09,4.38974489268855e-07,0.0537096661309758,160.119962378973,0.2192082986032,0.303713699567604,0.321991855116188,0.145734152505402,0.0466743563633156,0.229478892886859,0.317116827482072,0.334812681435265,0.141706886052488,0.0672218368748962,235.706145717508,248.143929510799,707,v7.4.6,gap_tied_weak_links_phase3_seed,/Users/asewaket/Documents/LTSpice Superconducting Circuit/matlab_v7_4_6_files/outputs/v7_4_6_as006_gap_weaklink_v800_phase3_seed_707/AS006_v7_4_6_gap_weaklink_scores.csv
AS006,crack_tunnel_a3_3_g0_7_p0_2,"tunnel/crack-like links, alpha=3.3, tau=0.7, p=0.2",tear_lane,crack_tunnel,conductance,3.3,1,0.7,0.2,0.93986928104575,0.7,0.200435729847495,4.87767487577513e-07,3.67403661317097e-07,0.0876507997027879,173.158709141207,0.219259408520651,0.30176826537993,0.324811425987944,0.142427698222466,0.0480741589663425,0.218615348526127,0.300169588142667,0.323245193183531,0.143201237806452,0.0482265191587254,252.233862934977,245.35629222823,707,v7.4.6,gap_tied_weak_links_phase3_seed,/Users/asewaket/Documents/LTSpice Superconducting Circuit/matlab_v7_4_6_files/outputs/v7_4_6_as006_gap_weaklink_v800_phase3_seed_707/AS006_v7_4_6_gap_weaklink_scores.csv
AS006,boundary_sns_a4_1_g0_4_p0_05,"SNS-like boundary constriction, alpha=4.1, tau=0.4, p=0.05",boundary_lane,boundary_constriction,conductance,4.1,0.999999999999997,0.4,0.05,0.962091503267973,0.4,0.0631808278867102,4.98549143930098e-07,4.68002696371582e-07,0.165083628750454,173.481623261439,0.21927563863831,0.303712135118996,0.320651345525176,0.147222289759024,0.0474983412047166,0.246955416717475,0.358839526538876,0.373786354040574,0.135737225484369,0.0521399056220358,229.03864433767,218.298112653869,707,v7.4.6,gap_tied_weak_links_phase3_seed,/Users/asewaket/Documents/LTSpice Superconducting Circuit/matlab_v7_4_6_files/outputs/v7_4_6_as006_gap_weaklink_v800_phase3_seed_707/AS006_v7_4_6_gap_weaklink_scores.csv
AS006,boundary_sns_a3_3_g0_7_p0_2,"SNS-like boundary constriction, alpha=3.3, tau=0.7, p=0.2",boundary_lane,boundary_constriction,conductance,3.3,1,0.7,0.2,0.933594771241829,0.7,0.221350762527233,6.17218023763495e-07,3.80802760343342e-07,0.113549109404616,173.158709141207,0.219293555210354,0.301694936312022,0.32272539052351,0.145447194257015,0.0481944135023359,0.239477163984429,0.342377190737795,0.362024494396874,0.135105886064821,0.0525834064087938,234.943548684285,224.621594395663,707,v7.4.6,gap_tied_weak_links_phase3_seed,/Users/asewaket/Documents/LTSpice Superconducting Circuit/matlab_v7_4_6_files/outputs/v7_4_6_as006_gap_weaklink_v800_phase3_seed_707/AS006_v7_4_6_gap_weaklink_scores.csv
AS006,crack_tunnel_a3_7_g0_7_p0_1,"tunnel/crack-like links, alpha=3.7, tau=0.7, p=0.1",tear_lane,crack_tunnel,conductance,3.7,0,0.7,0.1,0.969934640522875,0.7,0.100217864923747,6.34644084503283e-07,4.13520932118891e-07,0.12185629267559,178.555742183596,0.219447328868217,0.303276375480475,0.322654014991095,0.145056053086619,0.0479956762679234,0.225667699853272,0.318059905922486,0.336993642124137,0.13876354649407,0.0470852865090461,243.545436698743,238.764483293239,707,v7.4.6,gap_tied_weak_links_phase3_seed,/Users/asewaket/Documents/LTSpice Superconducting Circuit/matlab_v7_4_6_files/outputs/v7_4_6_as006_gap_weaklink_v800_phase3_seed_707/AS006_v7_4_6_gap_weaklink_scores.csv
AS006,boundary_sns_a3_3_g0_2_p0_05,"SNS-like boundary constriction, alpha=3.3, tau=0.2, p=0.05",boundary_lane,boundary_constriction,conductance,3.3,1,0.2,0.05,0.949455337690632,0.2,0.0631808278867102,2.08994896908452e-07,3.72150274378621e-07,0.132872188994267,166.542798322419,0.21944945178532,0.301708255633009,0.32187276208647,0.146852795485802,0.0486956752850129,0.253027313781649,0.366737617512855,0.384640224820923,0.137870581060506,0.0529403316331404,224.297991067727,214.551775559896,707,v7.4.6,gap_tied_weak_links_phase3_seed,/Users/asewaket/Documents/LTSpice Superconducting Circuit/matlab_v7_4_6_files/outputs/v7_4_6_as006_gap_weaklink_v800_phase3_seed_707/AS006_v7_4_6_gap_weaklink_scores.csv
AS006,crack_tunnel_a3_7_g0_7_p0_3,"tunnel/crack-like links, alpha=3.7, tau=0.7, p=0.3",tear_lane,crack_tunnel,conductance,3.7,0,0.7,0.3,0.909934640522874,0.7,0.300217864923747,5.20302151507593e-07,4.1896273918758e-07,0.0872895245997716,166.028216607699,0.219466848176142,0.303972253022617,0.324006383476221,0.142052276961338,0.0487854705730317,0.218064595038399,0.300976982364905,0.321057024974266,0.143459471924234,0.0481718592168331,252.404094377092,246.5035982909,707,v7.4.6,gap_tied_weak_links_phase3_seed,/Users/asewaket/Documents/LTSpice Superconducting Circuit/matlab_v7_4_6_files/outputs/v7_4_6_as006_gap_weaklink_v800_phase3_seed_707/AS006_v7_4_6_gap_weaklink_scores.csv
AS006,contact_relaxed_a4_1_g0_2_p0_05,"contact-relaxed SNS links, alpha=4.1, tau=0.2, p=0.05",contact_relaxation,contact_relaxed,conductance,4.1,0.999999999999997,0.2,0.05,0.959564270152505,0.2,0.0505446623093682,8.28252219163965e-08,4.89974919913763e-07,0.0482897387874971,166.542798322419,0.219475183570567,0.302588442873635,0.323677368932668,0.143873394776025,0.0485103358769999,0.230375523153247,0.323922421197935,0.344439327699044,0.13693351036947,0.0540194831331342,243.886369553858,232.717434268598,707,v7.4.6,gap_tied_weak_links_phase3_seed,/Users/asewaket/Documents/LTSpice Superconducting Circuit/matlab_v7_4_6_files/outputs/v7_4_6_as006_gap_weaklink_v800_phase3_seed_707/AS006_v7_4_6_gap_weaklink_scores.csv
AS006,contact_relaxed_a4_1_g0_1_p0_05,"contact-relaxed SNS links, alpha=4.1, tau=0.1, p=0.05",contact_relaxation,contact_relaxed,conductance,4.1,0.999999999999997,0.1,0.05,0.954509803921569,0.1,0.0505446623093682,4.24421652806809e-08,5.02156131989825e-07,0.0482897387874971,162.502833425311,0.219554417643688,0.303010790687445,0.323933035939038,0.143683196278641,0.0482744892893761,0.224707652061127,0.31125918972401,0.33205355370464,0.140834896239522,0.0551417312991007,250.409742068711,238.051077454724,707,v7.4.6,gap_tied_weak_links_phase3_seed,/Users/asewaket/Documents/LTSpice Superconducting Circuit/matlab_v7_4_6_files/outputs/v7_4_6_as006_gap_weaklink_v800_phase3_seed_707/AS006_v7_4_6_gap_weaklink_scores.csv
AS006,crack_tunnel_a4_1_g0_7_p0_05,"tunnel/crack-like links, alpha=4.1, tau=0.7, p=0.05",tear_lane,crack_tunnel,conductance,4.1,0.999999999999997,0.7,0.05,0.984836601307189,0.7,0.0505446623093682,7.40429953559727e-07,4.53709559710741e-07,0.143330019523368,182.66918841368,0.219595671074483,0.304309498857728,0.321757019844826,0.146064031167576,0.0480140328267737,0.228588411510135,0.325327482762088,0.342071144278862,0.137543622496837,0.047060544179533,240.652945809551,236.051607425423,707,v7.4.6,gap_tied_weak_links_phase3_seed,/Users/asewaket/Documents/LTSpice Superconducting Circuit/matlab_v7_4_6_files/outputs/v7_4_6_as006_gap_weaklink_v800_phase3_seed_707/AS006_v7_4_6_gap_weaklink_scores.csv
AS006,crack_tunnel_a3_3_g0_7_p0_1,"tunnel/crack-like links, alpha=3.3, tau=0.7, p=0.1",tear_lane,crack_tunnel,conductance,3.3,1,0.7,0.1,0.969934640522875,0.7,0.100217864923747,5.6603391320563e-07,3.68815966484416e-07,0.108682639413364,178.555742183596,0.219759344483559,0.302784614266669,0.324879228097949,0.143788359972024,0.0477380090146872,0.224896696097287,0.314799272939153,0.336571845897506,0.138830167877533,0.0471457673797307,245.06293585266,239.750248426141,707,v7.4.6,gap_tied_weak_links_phase3_seed,/Users/asewaket/Documents/LTSpice Superconducting Circuit/matlab_v7_4_6_files/outputs/v7_4_6_as006_gap_weaklink_v800_phase3_seed_707/AS006_v7_4_6_gap_weaklink_scores.csv
AS006,contact_relaxed_a4_1_g0_4_p0_05,"contact-relaxed SNS links, alpha=4.1, tau=0.4, p=0.05",contact_relaxation,contact_relaxed,conductance,4.1,0.999999999999997,0.4,0.05,0.969673202614379,0.4,0.0505446623093682,1.5902484620915e-07,4.70527208766244e-07,0.0482897387874971,173.481623261439,0.219766469338539,0.304369005361511,0.323628056001063,0.144142381886456,0.0479362659712561,0.236420176394505,0.337602478356661,0.355880417813365,0.13508797996457,0.0528476974867639,238.519042688806,227.57640164382,707,v7.4.6,gap_tied_weak_links_phase3_seed,/Users/asewaket/Documents/LTSpice Superconducting Circuit/matlab_v7_4_6_files/outputs/v7_4_6_as006_gap_weaklink_v800_phase3_seed_707/AS006_v7_4_6_gap_weaklink_scores.csv
AS006,crack_tunnel_a3_3_g0_7_p0_3,"tunnel/crack-like links, alpha=3.3, tau=0.7, p=0.3",tear_lane,crack_tunnel,conductance,3.3,1,0.7,0.3,0.909934640522874,0.7,0.300217864923747,4.64053270263529e-07,3.7366947008622e-07,0.0778528192376341,166.028216607699,0.219786566313112,0.303080796696358,0.326331020456872,0.140791207627184,0.0487837395356958,0.217173521651185,0.297251343244756,0.320573835150095,0.143516953264701,0.048215861917628,253.821904300964,247.832753527227,707,v7.4.6,gap_tied_weak_links_phase3_seed,/Users/asewaket/Documents/LTSpice Superconducting Circuit/matlab_v7_4_6_files/outputs/v7_4_6_as006_gap_weaklink_v800_phase3_seed_707/AS006_v7_4_6_gap_weaklink_scores.csv
AS006,boundary_sns_a3_7_g0_7_p0_1,"SNS-like boundary constriction, alpha=3.7, tau=0.7, p=0.1",boundary_lane,boundary_constriction,conductance,3.7,0,0.7,0.1,0.962091503267973,0.7,0.12636165577342,7.40235979207422e-07,4.18417845146021e-07,0.14190608795274,178.555742183596,0.21984843323539,0.30443510983582,0.322922843140087,0.145350740354049,0.0480036554034166,0.238272238192028,0.341810891072618,0.35916299502605,0.135149414959709,0.0520782898922999,236.291785266318,226.064614177369,707,v7.4.6,gap_tied_weak_links_phase3_seed,/Users/asewaket/Documents/LTSpice Superconducting Circuit/matlab_v7_4_6_files/outputs/v7_4_6_as006_gap_weaklink_v800_phase3_seed_707/AS006_v7_4_6_gap_weaklink_scores.csv
AS006,combined_a3_7_g0_7_p0_05,"combined weak-link classes, alpha=3.7, tau=0.7, p=0.05",combined,boundary_constriction,conductance,3.7,0,0.7,0.05,0.984967320261438,0.7,0.0501089324618736,7.38601487311154e-07,4.09445212421889e-07,0.131279428634948,182.66918841368,0.219880878829626,0.304285048053672,0.323434726009094,0.14502375201315,0.0478288855621069,0.22665617196871,0.319847212753636,0.338514123355727,0.138639597253137,0.0477344346509724,243.977036551231,237.665858032614,707,v7.4.6,gap_tied_weak_links_phase3_seed,/Users/asewaket/Documents/LTSpice Superconducting Circuit/matlab_v7_4_6_files/outputs/v7_4_6_as006_gap_weaklink_v800_phase3_seed_707/AS006_v7_4_6_gap_weaklink_scores.csv
AS006,contact_relaxed_a4_1_g0_7_p0_1,"contact-relaxed SNS links, alpha=4.1, tau=0.7, p=0.1",contact_relaxation,contact_relaxed,conductance,4.1,0.999999999999997,0.7,0.1,0.969934640522875,0.7,0.100217864923747,2.92215047897938e-07,4.54370419685719e-07,0.0504783313298853,178.555742183596,0.219934124717155,0.305381597428404,0.323453492266715,0.144354324017477,0.047802509668776,0.234501414302685,0.334750405405913,0.351986994247566,0.135633607409255,0.0522374169127036,240.105701426186,229.343002304999,707,v7.4.6,gap_tied_weak_links_phase3_seed,/Users/asewaket/Documents/LTSpice Superconducting Circuit/matlab_v7_4_6_files/outputs/v7_4_6_as006_gap_weaklink_v800_phase3_seed_707/AS006_v7_4_6_gap_weaklink_scores.csv
AS006,contact_relaxed_a4_1_g0_7_p0_3,"contact-relaxed SNS links, alpha=4.1, tau=0.7, p=0.3",contact_relaxation,contact_relaxed,conductance,4.1,0.999999999999997,0.7,0.3,0.909934640522874,0.7,0.300217864923747,3.69388904316286e-07,4.55052440207308e-07,0.0579341751557764,166.028216607699,0.220132815383158,0.305794481221297,0.324662902740478,0.142972987592269,0.0479932814083178,0.218841218268652,0.300266492612568,0.319304586011442,0.146094599982048,0.0525383232331064,256.309315833723,245.100958852098,707,v7.4.6,gap_tied_weak_links_phase3_seed,/Users/asewaket/Documents/LTSpice Superconducting Circuit/matlab_v7_4_6_files/outputs/v7_4_6_as006_gap_weaklink_v800_phase3_seed_707/AS006_v7_4_6_gap_weaklink_scores.csv
AS006,boundary_sns_a3_3_g0_7_p0_1,"SNS-like boundary constriction, alpha=3.3, tau=0.7, p=0.1",boundary_lane,boundary_constriction,conductance,3.3,1,0.7,0.1,0.962091503267973,0.7,0.12636165577342,6.60210467941755e-07,3.73183483508613e-07,0.126564889255147,178.555742183596,0.2201725514201,0.303955997025778,0.324807378126594,0.144222928578591,0.0482151876299445,0.237565736565541,0.338884735094294,0.358785475378361,0.135131908473728,0.0521544802291163,237.216506984384,227.168403994144,707,v7.4.6,gap_tied_weak_links_phase3_seed,/Users/asewaket/Documents/LTSpice Superconducting Circuit/matlab_v7_4_6_files/outputs/v7_4_6_as006_gap_weaklink_v800_phase3_seed_707/AS006_v7_4_6_gap_weaklink_scores.csv
AS006,contact_relaxed_a4_1_g0_05_p0_05,"contact-relaxed SNS links, alpha=4.1, tau=0.05, p=0.05",contact_relaxation,contact_relaxed,conductance,4.1,0.999999999999997,0.05,0.05,0.9519825708061,0.05,0.0505446623093682,2.15368902551083e-08,5.09629112184685e-07,0.0482897387874971,160.119962378973,0.220344974106136,0.304977658625059,0.3253372347376,0.143246167884364,0.0483493412593634,0.221287828393195,0.303241691360558,0.323694045076553,0.144714235307368,0.0558400775872392,255.350159789684,242.487957881514,707,v7.4.6,gap_tied_weak_links_phase3_seed,/Users/asewaket/Documents/LTSpice Superconducting Circuit/matlab_v7_4_6_files/outputs/v7_4_6_as006_gap_weaklink_v800_phase3_seed_707/AS006_v7_4_6_gap_weaklink_scores.csv
AS006,boundary_sns_a4_1_g0_7_p0_05,"SNS-like boundary constriction, alpha=4.1, tau=0.7, p=0.05",boundary_lane,boundary_constriction,conductance,4.1,0.999999999999997,0.7,0.05,0.981045751633987,0.7,0.0631808278867102,8.28579533047868e-07,4.534997797225e-07,0.165083628750454,182.66918841368,0.220410493272308,0.306788322442741,0.323608878140482,0.145058867031883,0.047625023383103,0.239560531894985,0.345510994897807,0.361081008784076,0.134940038832097,0.0517248506648667,235.863417883518,225.394627146894,707,v7.4.6,gap_tied_weak_links_phase3_seed,/Users/asewaket/Documents/LTSpice Superconducting Circuit/matlab_v7_4_6_files/outputs/v7_4_6_as006_gap_weaklink_v800_phase3_seed_707/AS006_v7_4_6_gap_weaklink_scores.csv
AS006,bulk_AB_reference,"bulk AB reference: no weak-link mask",none,bulk_sns,conductance,3.7,0,NaN,0,1,NaN,0,NaN,4.68297453739136e-07,NaN,160.119962378973,0.220428786000881,0.307314692516485,0.323620488892847,0.1445535970749,0.0478013855818132,0.290616865750269,0.42830535818779,0.440445221398626,0.162531964386944,0.0508348776322793,201.225307834247,192.694807465872,707,v7.4.6,gap_tied_weak_links_phase3_seed,/Users/asewaket/Documents/LTSpice Superconducting Circuit/matlab_v7_4_6_files/outputs/v7_4_6_as006_gap_weaklink_v800_phase3_seed_707/AS006_v7_4_6_gap_weaklink_scores.csv
AS006,boundary_sns_a3_7_g0_4_p0_05,"SNS-like boundary constriction, alpha=3.7, tau=0.4, p=0.05",boundary_lane,boundary_constriction,conductance,3.7,0,0.4,0.05,0.962091503267973,0.4,0.0631808278867102,4.49910203058869e-07,4.22343896725574e-07,0.148977908872361,173.481623261439,0.220559148348011,0.306082906537876,0.324134837381761,0.145237592204765,0.0479298795281387,0.246511214798723,0.357087937066667,0.373495213642025,0.135721232329857,0.0521999726410838,230.443888918499,220.198408095461,707,v7.4.6,gap_tied_weak_links_phase3_seed,/Users/asewaket/Documents/LTSpice Superconducting Circuit/matlab_v7_4_6_files/outputs/v7_4_6_as006_gap_weaklink_v800_phase3_seed_707/AS006_v7_4_6_gap_weaklink_scores.csv
AS006,combined_a3_3_g0_7_p0_05,"combined weak-link classes, alpha=3.3, tau=0.7, p=0.05",combined,boundary_constriction,conductance,3.3,1,0.7,0.05,0.984967320261438,0.7,0.0501089324618736,6.5875267787211e-07,3.65180865133036e-07,0.117087057971711,182.66918841368,0.220828597416782,0.305224542169783,0.327038586571147,0.143091592595067,0.0477364276707875,0.225892715766242,0.31662230535119,0.338131030178454,0.138669069057406,0.0477756343459673,245.997956624292,239.421579667696,707,v7.4.6,gap_tied_weak_links_phase3_seed,/Users/asewaket/Documents/LTSpice Superconducting Circuit/matlab_v7_4_6_files/outputs/v7_4_6_as006_gap_weaklink_v800_phase3_seed_707/AS006_v7_4_6_gap_weaklink_scores.csv
AS006,uniform_tau_control,"same mean weak transparency, spatially uniform",uniform,boundary_constriction,conductance,3.7,0,0.01,0.08,0.920627450980405,0.920627450980392,1,4.31127491136468e-07,4.31127491136468e-07,0.0504258101796959,160.119962378973,0.221010634191225,0.3098489469571,0.326289113532412,0.141081536126503,0.0478463551591773,0.262658409306744,0.385165488005027,0.399640819891236,0.142028908392025,0.0512189882289961,219.869218138558,210.481869535647,707,v7.4.6,gap_tied_weak_links_phase3_seed,/Users/asewaket/Documents/LTSpice Superconducting Circuit/matlab_v7_4_6_files/outputs/v7_4_6_as006_gap_weaklink_v800_phase3_seed_707/AS006_v7_4_6_gap_weaklink_scores.csv
AS006,contact_relaxed_a3_7_g0_7_p0_2,"contact-relaxed SNS links, alpha=3.7, tau=0.7, p=0.2",contact_relaxation,contact_relaxed,conductance,3.7,0,0.7,0.2,0.939999999999999,0.7,0.2,3.09033839933644e-07,4.07778852887813e-07,0.049620517259788,173.158709141207,0.221069565642666,0.306668054894643,0.327453875559779,0.142217592350009,0.0478635006515598,0.224441527834747,0.311626047679962,0.332355724489232,0.140696293776131,0.0530887064174544,251.577472566369,239.913481086772,707,v7.4.6,gap_tied_weak_links_phase3_seed,/Users/asewaket/Documents/LTSpice Superconducting Circuit/matlab_v7_4_6_files/outputs/v7_4_6_as006_gap_weaklink_v800_phase3_seed_707/AS006_v7_4_6_gap_weaklink_scores.csv
AS006,crack_tunnel_a3_7_g0_7_p0_05,"tunnel/crack-like links, alpha=3.7, tau=0.7, p=0.05",tear_lane,crack_tunnel,conductance,3.7,0,0.7,0.05,0.984836601307189,0.7,0.0505446623093682,6.68192884919754e-07,4.09445212421889e-07,0.129346602984503,182.66918841368,0.221076779028625,0.3074048511682,0.326180993573054,0.143644093090936,0.0476071888584135,0.228112232898403,0.323431503623673,0.341758170628642,0.137573657576911,0.0470857902970799,243.254146783907,237.911377962737,707,v7.4.6,gap_tied_weak_links_phase3_seed,/Users/asewaket/Documents/LTSpice Superconducting Circuit/matlab_v7_4_6_files/outputs/v7_4_6_as006_gap_weaklink_v800_phase3_seed_707/AS006_v7_4_6_gap_weaklink_scores.csv
AS006,boundary_sns_a3_3_g0_4_p0_05,"SNS-like boundary constriction, alpha=3.3, tau=0.4, p=0.05",boundary_lane,boundary_constriction,conductance,3.3,1,0.4,0.05,0.962091503267973,0.4,0.0631808278867102,4.0127126218764e-07,3.76685097079566e-07,0.132872188994267,173.481623261439,0.221160254776145,0.306097370229529,0.326294602136454,0.144071337745707,0.048599177730266,0.24584995185727,0.35437194274529,0.373123874376773,0.135696563899772,0.0522903315069935,231.204803495143,221.638637642846,707,v7.4.6,gap_tied_weak_links_phase3_seed,/Users/asewaket/Documents/LTSpice Superconducting Circuit/matlab_v7_4_6_files/outputs/v7_4_6_as006_gap_weaklink_v800_phase3_seed_707/AS006_v7_4_6_gap_weaklink_scores.csv
AS006,contact_relaxed_a4_1_g0_7_p0_05,"contact-relaxed SNS links, alpha=4.1, tau=0.7, p=0.05",contact_relaxation,contact_relaxed,conductance,4.1,0.999999999999997,0.7,0.05,0.984836601307189,0.7,0.0505446623093682,2.6429637763747e-07,4.48625759157664e-07,0.0482897387874971,182.66918841368,0.22120875972949,0.308745990582858,0.326033125617411,0.143148721404775,0.0478039364781527,0.237471613585435,0.341119755525991,0.357500667962165,0.134899842712296,0.0519873400770244,238.650968966898,228.124577025651,707,v7.4.6,gap_tied_weak_links_phase3_seed,/Users/asewaket/Documents/LTSpice Superconducting Circuit/matlab_v7_4_6_files/outputs/v7_4_6_as006_gap_weaklink_v800_phase3_seed_707/AS006_v7_4_6_gap_weaklink_scores.csv
AS006,contact_relaxed_a3_3_g0_4_p0_1,"contact-relaxed SNS links, alpha=3.3, tau=0.4, p=0.1",contact_relaxation,contact_relaxed,conductance,3.3,1,0.4,0.1,0.939869281045751,0.4,0.100217864923747,1.45994810847523e-07,3.85596050612088e-07,0.0406289008264931,164.373200955644,0.221318025131861,0.303528481568887,0.331388925979698,0.140214183478008,0.0478632942784365,0.224829788035077,0.308089751837094,0.335921645156131,0.139214119796866,0.0541786595689807,252.159891999904,239.711558602486,707,v7.4.6,gap_tied_weak_links_phase3_seed,/Users/asewaket/Documents/LTSpice Superconducting Circuit/matlab_v7_4_6_files/outputs/v7_4_6_as006_gap_weaklink_v800_phase3_seed_707/AS006_v7_4_6_gap_weaklink_scores.csv
AS006,contact_relaxed_a3_7_g0_2_p0_05,"contact-relaxed SNS links, alpha=3.7, tau=0.2, p=0.05",contact_relaxation,contact_relaxed,conductance,3.7,0,0.2,0.05,0.959564270152505,0.2,0.0505446623093682,7.47447124611383e-08,4.42172488702664e-07,0.0435785447594486,166.542798322419,0.221399766009614,0.30656516782103,0.329068967123856,0.14116619508128,0.0481052259086899,0.229788585553714,0.321739414296668,0.34394780833035,0.13693654991234,0.0541241615033664,246.986151128047,235.119988880386,707,v7.4.6,gap_tied_weak_links_phase3_seed,/Users/asewaket/Documents/LTSpice Superconducting Circuit/matlab_v7_4_6_files/outputs/v7_4_6_as006_gap_weaklink_v800_phase3_seed_707/AS006_v7_4_6_gap_weaklink_scores.csv
AS006,contact_relaxed_a3_7_g0_1_p0_05,"contact-relaxed SNS links, alpha=3.7, tau=0.1, p=0.05",contact_relaxation,contact_relaxed,conductance,3.7,0,0.1,0.05,0.954509803921569,0.1,0.0505446623093682,3.83014662289071e-08,4.53165289844477e-07,0.0435785447594486,162.502833425311,0.221422467237268,0.306672644076192,0.32911917073895,0.141176304856683,0.0480107622461334,0.224134646660027,0.309078895985304,0.331552764405815,0.140906080949967,0.0552443984171951,253.414278826652,240.489172492133,707,v7.4.6,gap_tied_weak_links_phase3_seed,/Users/asewaket/Documents/LTSpice Superconducting Circuit/matlab_v7_4_6_files/outputs/v7_4_6_as006_gap_weaklink_v800_phase3_seed_707/AS006_v7_4_6_gap_weaklink_scores.csv
AS006,crack_tunnel_a3_3_g0_7_p0_05,"tunnel/crack-like links, alpha=3.3, tau=0.7, p=0.05",tear_lane,crack_tunnel,conductance,3.3,1,0.7,0.05,0.984836601307189,0.7,0.0505446623093682,5.9595581627978e-07,3.65180865133036e-07,0.115363186445638,182.66918841368,0.221760498769731,0.307726521924828,0.329121473667152,0.14216251361217,0.0474102509910967,0.227373746676415,0.320281036843822,0.341374522238594,0.137629156061629,0.0471458375436765,245.093269672336,239.215162046971,707,v7.4.6,gap_tied_weak_links_phase3_seed,/Users/asewaket/Documents/LTSpice Superconducting Circuit/matlab_v7_4_6_files/outputs/v7_4_6_as006_gap_weaklink_v800_phase3_seed_707/AS006_v7_4_6_gap_weaklink_scores.csv
AS006,contact_relaxed_a3_7_g0_7_p0_3,"contact-relaxed SNS links, alpha=3.7, tau=0.7, p=0.3",contact_relaxation,contact_relaxed,conductance,3.7,0,0.7,0.3,0.909934640522874,0.7,0.300217864923747,3.3335096243177e-07,4.10657080187083e-07,0.0522820605064324,166.028216607699,0.221962686722212,0.308778200728435,0.329914649588094,0.140536796119881,0.0480136009536099,0.218242899060773,0.29769366185706,0.319050337146936,0.146095700802656,0.0525631174363496,259.060354630823,247.757421631074,707,v7.4.6,gap_tied_weak_links_phase3_seed,/Users/asewaket/Documents/LTSpice Superconducting Circuit/matlab_v7_4_6_files/outputs/v7_4_6_as006_gap_weaklink_v800_phase3_seed_707/AS006_v7_4_6_gap_weaklink_scores.csv
AS006,contact_relaxed_a3_7_g0_05_p0_05,"contact-relaxed SNS links, alpha=3.7, tau=0.05, p=0.05",contact_relaxation,contact_relaxed,conductance,3.7,0,0.05,0.05,0.9519825708061,0.05,0.0505446623093682,1.94357302302197e-08,4.59909198800813e-07,0.0435785447594486,160.119962378973,0.222021290483599,0.307913584728165,0.330074432099857,0.14106441152989,0.0482320971027156,0.220726155195517,0.300995313578795,0.323286035396674,0.14478417387829,0.0559046831067484,258.025794403059,244.826206528379,707,v7.4.6,gap_tied_weak_links_phase3_seed,/Users/asewaket/Documents/LTSpice Superconducting Circuit/matlab_v7_4_6_files/outputs/v7_4_6_as006_gap_weaklink_v800_phase3_seed_707/AS006_v7_4_6_gap_weaklink_scores.csv
AS006,contact_relaxed_a3_7_g0_4_p0_05,"contact-relaxed SNS links, alpha=3.7, tau=0.4, p=0.05",contact_relaxation,contact_relaxed,conductance,3.7,0,0.4,0.05,0.969673202614379,0.4,0.0505446623093682,1.43510227066794e-07,4.24622115228074e-07,0.0435785447594486,173.481623261439,0.222113666251843,0.309206782274997,0.329812635433166,0.141102665899134,0.0478111046022581,0.235880590061479,0.335514627172002,0.355504571744,0.135067861568352,0.0529204956229548,241.693456629469,230.399003644029,707,v7.4.6,gap_tied_weak_links_phase3_seed,/Users/asewaket/Documents/LTSpice Superconducting Circuit/matlab_v7_4_6_files/outputs/v7_4_6_as006_gap_weaklink_v800_phase3_seed_707/AS006_v7_4_6_gap_weaklink_scores.csv
AS006,boundary_sns_a3_7_g0_7_p0_05,"SNS-like boundary constriction, alpha=3.7, tau=0.7, p=0.05",boundary_lane,boundary_constriction,conductance,3.7,0,0.7,0.05,0.981045751633987,0.7,0.0631808278867102,7.47742505433442e-07,4.09255898773964e-07,0.148977908872361,182.66918841368,0.22254816844,0.311103050480519,0.329057216561173,0.142303717746956,0.0479080155537337,0.239109099710448,0.34371045137542,0.360796762950943,0.134927043771228,0.0517819072986357,238.330538246767,228.120063951455,707,v7.4.6,gap_tied_weak_links_phase3_seed,/Users/asewaket/Documents/LTSpice Superconducting Circuit/matlab_v7_4_6_files/outputs/v7_4_6_as006_gap_weaklink_v800_phase3_seed_707/AS006_v7_4_6_gap_weaklink_scores.csv
AS006,contact_relaxed_a3_7_g0_7_p0_1,"contact-relaxed SNS links, alpha=3.7, tau=0.7, p=0.1",contact_relaxation,contact_relaxed,conductance,3.7,0,0.7,0.1,0.969934640522875,0.7,0.100217864923747,2.63706262737164e-07,4.10041598252966e-07,0.0455536160781892,178.555742183596,0.222683449969445,0.311079399377656,0.330498670682552,0.140982425701216,0.0477371446485815,0.2340027990997,0.332746800745167,0.351696905297379,0.135616060591218,0.0522775347438961,243.616548218117,232.586772529272,707,v7.4.6,gap_tied_weak_links_phase3_seed,/Users/asewaket/Documents/LTSpice Superconducting Circuit/matlab_v7_4_6_files/outputs/v7_4_6_as006_gap_weaklink_v800_phase3_seed_707/AS006_v7_4_6_gap_weaklink_scores.csv
AS006,contact_relaxed_a3_3_g0_7_p0_3,"contact-relaxed SNS links, alpha=3.3, tau=0.7, p=0.3",contact_relaxation,contact_relaxed,conductance,3.3,1,0.7,0.3,0.909934640522874,0.7,0.300217864923747,2.97313020547255e-07,3.66261720166858e-07,0.0466299458570883,166.028216607699,0.222944708192022,0.308918489586213,0.333755114329765,0.138925222686255,0.0480770729389898,0.217329982769592,0.293679804461776,0.318717560580332,0.146103481325599,0.052585026713605,261.132429759646,249.822976431033,707,v7.4.6,gap_tied_weak_links_phase3_seed,/Users/asewaket/Documents/LTSpice Superconducting Circuit/matlab_v7_4_6_files/outputs/v7_4_6_as006_gap_weaklink_v800_phase3_seed_707/AS006_v7_4_6_gap_weaklink_scores.csv
AS006,contact_relaxed_a3_3_g0_7_p0_2,"contact-relaxed SNS links, alpha=3.3, tau=0.7, p=0.2",contact_relaxation,contact_relaxed,conductance,3.3,1,0.7,0.2,0.939999999999999,0.7,0.2,2.75624776157034e-07,3.63694652575617e-07,0.0442561370154866,173.158709141207,0.222986726230821,0.309129985363492,0.333147719794643,0.139783362919788,0.048065932500255,0.223604629865243,0.307959849014806,0.332050460631714,0.140684828761731,0.053118958253745,254.385819317482,242.866453048105,707,v7.4.6,gap_tied_weak_links_phase3_seed,/Users/asewaket/Documents/LTSpice Superconducting Circuit/matlab_v7_4_6_files/outputs/v7_4_6_as006_gap_weaklink_v800_phase3_seed_707/AS006_v7_4_6_gap_weaklink_scores.csv
AS006,contact_relaxed_a3_3_g0_2_p0_05,"contact-relaxed SNS links, alpha=3.3, tau=0.2, p=0.05",contact_relaxation,contact_relaxed,conductance,3.3,1,0.2,0.05,0.959564270152505,0.2,0.0505446623093682,6.66642030058801e-08,3.94370057491565e-07,0.0388673507314001,166.542798322419,0.223621465014427,0.310344440797761,0.335055853835607,0.138682777999733,0.0480616675623922,0.229007506602318,0.318728467469796,0.343352747663287,0.13694591217436,0.054259366913091,250.243720840593,238.061839083307,707,v7.4.6,gap_tied_weak_links_phase3_seed,/Users/asewaket/Documents/LTSpice Superconducting Circuit/matlab_v7_4_6_files/outputs/v7_4_6_as006_gap_weaklink_v800_phase3_seed_707/AS006_v7_4_6_gap_weaklink_scores.csv
AS006,contact_relaxed_a3_3_g0_1_p0_05,"contact-relaxed SNS links, alpha=3.3, tau=0.1, p=0.05",contact_relaxation,contact_relaxed,conductance,3.3,1,0.1,0.05,0.954509803921569,0.1,0.0505446623093682,3.41607671771334e-08,4.04174447699128e-07,0.0388673507314001,162.502833425311,0.223670288621879,0.310090194252086,0.335053724080701,0.138855792360949,0.0483474912648976,0.223347352960867,0.305914284907463,0.330979716940197,0.140998041391845,0.0553604235117218,256.444821013153,243.717493183922,707,v7.4.6,gap_tied_weak_links_phase3_seed,/Users/asewaket/Documents/LTSpice Superconducting Circuit/matlab_v7_4_6_files/outputs/v7_4_6_as006_gap_weaklink_v800_phase3_seed_707/AS006_v7_4_6_gap_weaklink_scores.csv
AS006,boundary_sns_a3_3_g0_7_p0_05,"SNS-like boundary constriction, alpha=3.3, tau=0.7, p=0.05",boundary_lane,boundary_constriction,conductance,3.3,1,0.7,0.05,0.981045751633987,0.7,0.0631808278867102,6.66905477819016e-07,3.65012017825427e-07,0.132872188994267,182.66918841368,0.223956842558069,0.312826192913395,0.333043508813952,0.140539386303313,0.0484576465733936,0.238426958131396,0.34085212451758,0.360441305255056,0.134913515811347,0.0518684871788669,240.026572267539,230.367531774645,707,v7.4.6,gap_tied_weak_links_phase3_seed,/Users/asewaket/Documents/LTSpice Superconducting Circuit/matlab_v7_4_6_files/outputs/v7_4_6_as006_gap_weaklink_v800_phase3_seed_707/AS006_v7_4_6_gap_weaklink_scores.csv
AS006,contact_relaxed_a3_7_g0_7_p0_05,"contact-relaxed SNS links, alpha=3.7, tau=0.7, p=0.05",contact_relaxation,contact_relaxed,conductance,3.7,0,0.7,0.05,0.984836601307189,0.7,0.0505446623093682,2.38511365185034e-07,4.04857392410575e-07,0.0435785447594486,182.66918841368,0.223984628953936,0.314492161931535,0.332870176345687,0.140062622677393,0.0478298958864523,0.237015632819442,0.339341103876275,0.357190277045753,0.134887098960571,0.0520452016901512,241.989226466777,231.326898539485,707,v7.4.6,gap_tied_weak_links_phase3_seed,/Users/asewaket/Documents/LTSpice Superconducting Circuit/matlab_v7_4_6_files/outputs/v7_4_6_as006_gap_weaklink_v800_phase3_seed_707/AS006_v7_4_6_gap_weaklink_scores.csv
AS006,contact_relaxed_a3_3_g0_05_p0_05,"contact-relaxed SNS links, alpha=3.3, tau=0.05, p=0.05",contact_relaxation,contact_relaxed,conductance,3.3,1,0.05,0.05,0.9519825708061,0.05,0.0505446623093682,1.7334570205331e-08,4.10189285416942e-07,0.0388673507314001,160.119962378973,0.224053699170699,0.310658501956635,0.33573782785508,0.138922057137682,0.0484162237283662,0.219938094815409,0.29766955363504,0.322831098614716,0.144870837558993,0.0559779509175118,261.015642819473,247.839674383828,707,v7.4.6,gap_tied_weak_links_phase3_seed,/Users/asewaket/Documents/LTSpice Superconducting Circuit/matlab_v7_4_6_files/outputs/v7_4_6_as006_gap_weaklink_v800_phase3_seed_707/AS006_v7_4_6_gap_weaklink_scores.csv
AS006,contact_relaxed_a3_3_g0_4_p0_05,"contact-relaxed SNS links, alpha=3.3, tau=0.4, p=0.05",contact_relaxation,contact_relaxed,conductance,3.3,1,0.4,0.05,0.969673202614379,0.4,0.0505446623093682,1.27995607924438e-07,3.78717021689904e-07,0.0388673507314001,173.481623261439,0.224693251240955,0.313591531920842,0.336414446653216,0.13845880694034,0.0480759339653795,0.235138539271179,0.332560567231132,0.355041197109693,0.135027431731517,0.0530257445184013,244.878914818236,233.722242686433,707,v7.4.6,gap_tied_weak_links_phase3_seed,/Users/asewaket/Documents/LTSpice Superconducting Circuit/matlab_v7_4_6_files/outputs/v7_4_6_as006_gap_weaklink_v800_phase3_seed_707/AS006_v7_4_6_gap_weaklink_scores.csv
AS006,contact_relaxed_a3_3_g0_7_p0_1,"contact-relaxed SNS links, alpha=3.3, tau=0.7, p=0.1",contact_relaxation,contact_relaxed,conductance,3.3,1,0.7,0.1,0.969934640522875,0.7,0.100217864923747,2.3519747757639e-07,3.65712776820213e-07,0.0406289008264931,178.555742183596,0.225260708167896,0.315296180587003,0.337089794306006,0.138437755409984,0.0480530259544873,0.233284312058544,0.329768951449361,0.351334554832569,0.135583112531217,0.0523382472223417,246.706580757142,235.951860026877,707,v7.4.6,gap_tied_weak_links_phase3_seed,/Users/asewaket/Documents/LTSpice Superconducting Circuit/matlab_v7_4_6_files/outputs/v7_4_6_as006_gap_weaklink_v800_phase3_seed_707/AS006_v7_4_6_gap_weaklink_scores.csv
AS006,contact_relaxed_a3_3_g0_7_p0_05,"contact-relaxed SNS links, alpha=3.3, tau=0.7, p=0.05",contact_relaxation,contact_relaxed,conductance,3.3,1,0.7,0.05,0.984836601307189,0.7,0.0505446623093682,2.12726352732598e-07,3.61089025663485e-07,0.0388673507314001,182.66918841368,0.226350829425161,0.318282779462787,0.338835034646647,0.137888682236162,0.0481492042361805,0.236334936072522,0.336545633503174,0.356810535997563,0.134862477314266,0.0521325122208674,244.789906940665,234.378884487624,707,v7.4.6,gap_tied_weak_links_phase3_seed,/Users/asewaket/Documents/LTSpice Superconducting Circuit/matlab_v7_4_6_files/outputs/v7_4_6_as006_gap_weaklink_v800_phase3_seed_707/AS006_v7_4_6_gap_weaklink_scores.csv
AS006,crack_tunnel_a3_3_g0_05_p0_3,"tunnel/crack-like links, alpha=3.3, tau=0.05, p=0.3",tear_lane,crack_tunnel,shape,3.3,1,0.05,0.3,0.714793028322442,0.05,0.300217864923747,6.1378706383199e-08,5.14873416776459e-07,0.0778528192376341,89.6610816598788,0.197048615761082,0.226871607444762,0.267706443294303,0.18091010975334,0.0637475584039443,0.229432472272582,0.222360421592344,0.245495052515955,0.244892331299738,0.189070183742975,239.849860186319,304.914009599607,707,v7.4.6,gap_tied_weak_links_phase3_seed,/Users/asewaket/Documents/LTSpice Superconducting Circuit/matlab_v7_4_6_files/outputs/v7_4_6_as006_gap_weaklink_v800_phase3_seed_707/AS006_v7_4_6_gap_weaklink_scores.csv
AS006,anisotropic_gap_control,"anisotropic weak-link transparency",anisotropic,anisotropic,shape,3.7,0,0.01,0.08,0.920627450980392,0.01,0.0801742919389978,1.51318650346408e-08,5.36839807118036e-07,0.127264236325597,127.768523258581,0.197794548716919,0.239282836291678,0.268023651663855,0.186327326639665,0.047739358581591,0.204679603450238,0.263492445998644,0.290768951012217,0.163123781017892,0.0471551807088014,239.317253966158,233.83461851065,707,v7.4.6,gap_tied_weak_links_phase3_seed,/Users/asewaket/Documents/LTSpice Superconducting Circuit/matlab_v7_4_6_files/outputs/v7_4_6_as006_gap_weaklink_v800_phase3_seed_707/AS006_v7_4_6_gap_weaklink_scores.csv
AS006,combined_a3_3_g0_05_p0_2,"combined weak-link classes, alpha=3.3, tau=0.05, p=0.2",combined,boundary_constriction,shape,3.3,1,0.05,0.2,0.810000000000001,0.05,0.2,6.60965046520728e-08,4.78387198997368e-07,0.111108739472985,112.689073690185,0.198106680443085,0.233036991893623,0.270405261996419,0.180930765095377,0.0581237454588473,0.199980987699027,0.247783166843706,0.284486921310194,0.166033048905037,0.0467283482272951,239.744165624324,241.833444679171,707,v7.4.6,gap_tied_weak_links_phase3_seed,/Users/asewaket/Documents/LTSpice Superconducting Circuit/matlab_v7_4_6_files/outputs/v7_4_6_as006_gap_weaklink_v800_phase3_seed_707/AS006_v7_4_6_gap_weaklink_scores.csv
AS006,crack_tunnel_a3_3_g0_1_p0_3,"tunnel/crack-like links, alpha=3.3, tau=0.1, p=0.3",tear_lane,crack_tunnel,shape,3.3,1,0.1,0.3,0.72980392156863,0.1,0.300217864923747,1.13950418504277e-07,4.77934814658003e-07,0.0778528192376341,96.5908028673923,0.198183038506937,0.236715956833901,0.273177198304293,0.176725403521419,0.0552323842664993,0.209019941555892,0.227548553448209,0.259348014185898,0.201084390492882,0.112336641389826,240.18035169278,275.212935920441,707,v7.4.6,gap_tied_weak_links_phase3_seed,/Users/asewaket/Documents/LTSpice Superconducting Circuit/matlab_v7_4_6_files/outputs/v7_4_6_as006_gap_weaklink_v800_phase3_seed_707/AS006_v7_4_6_gap_weaklink_scores.csv
AS006,combined_a3_3_g0_05_p0_1,"combined weak-link classes, alpha=3.3, tau=0.05, p=0.1",combined,boundary_constriction,shape,3.3,1,0.05,0.1,0.904793028322441,0.05,0.100217864923747,5.69021885390458e-08,4.348603242035e-07,0.113656824804742,137.756231499773,0.198286181601043,0.237680497785875,0.273230347796495,0.181305431294016,0.0489655124579522,0.210978551224752,0.269862002363291,0.303807078201242,0.154518952911427,0.0602196757690145,240.080313888799,226.255796062806,707,v7.4.6,gap_tied_weak_links_phase3_seed,/Users/asewaket/Documents/LTSpice Superconducting Circuit/matlab_v7_4_6_files/outputs/v7_4_6_as006_gap_weaklink_v800_phase3_seed_707/AS006_v7_4_6_gap_weaklink_scores.csv
AS006,combined_a3_3_g0_1_p0_2,"combined weak-link classes, alpha=3.3, tau=0.1, p=0.2",combined,boundary_constriction,shape,3.3,1,0.1,0.2,0.820000000000001,0.1,0.2,1.22773778725314e-07,4.44300378846765e-07,0.111108739472985,121.334603540476,0.198374516583865,0.237947440328648,0.274135963278309,0.17880189896926,0.0506848331420603,0.207488440259038,0.264373257896353,0.299523572033567,0.155972848122327,0.0539366321871867,239.904334086076,231.254233499858,707,v7.4.6,gap_tied_weak_links_phase3_seed,/Users/asewaket/Documents/LTSpice Superconducting Circuit/matlab_v7_4_6_files/outputs/v7_4_6_as006_gap_weaklink_v800_phase3_seed_707/AS006_v7_4_6_gap_weaklink_scores.csv
AS006,combined_a3_7_g0_05_p0_2,"combined weak-link classes, alpha=3.7, tau=0.05, p=0.2",combined,boundary_constriction,shape,3.7,0,0.05,0.2,0.810000000000001,0.05,0.2,7.41082021856574e-08,5.36373526148564e-07,0.124576465469711,112.689073690185,0.198603222722747,0.237609234420089,0.269979975068085,0.181974105618432,0.0554742908014594,0.20153828547839,0.253986380564381,0.285664628507017,0.165609683993619,0.0467798419482665,239.719924370344,240.326447767004,707,v7.4.6,gap_tied_weak_links_phase3_seed,/Users/asewaket/Documents/LTSpice Superconducting Circuit/matlab_v7_4_6_files/outputs/v7_4_6_as006_gap_weaklink_v800_phase3_seed_707/AS006_v7_4_6_gap_weaklink_scores.csv
AS006,crack_tunnel_a3_3_g0_05_p0_2,"tunnel/crack-like links, alpha=3.3, tau=0.05, p=0.2",tear_lane,crack_tunnel,shape,3.3,1,0.05,0.2,0.809586056644881,0.05,0.200435729847495,5.39319987024845e-08,4.72337708140885e-07,0.0876507997027879,111.862014788423,0.198740039448805,0.23840073947944,0.267871644914037,0.186513770743283,0.0533818657359178,0.230511665529851,0.293073069037321,0.320302795678147,0.150895610522894,0.110335853021558,239.249282151016,208.669511312895,707,v7.4.6,gap_tied_weak_links_phase3_seed,/Users/asewaket/Documents/LTSpice Superconducting Circuit/matlab_v7_4_6_files/outputs/v7_4_6_as006_gap_weaklink_v800_phase3_seed_707/AS006_v7_4_6_gap_weaklink_scores.csv
AS006,combined_a3_3_g0_1_p0_3,"combined weak-link classes, alpha=3.3, tau=0.1, p=0.3",combined,boundary_constriction,shape,3.3,1,0.1,0.3,0.729803921568629,0.1,0.300217864923747,1.25948430126766e-07,4.98119823707703e-07,0.0956063151931286,97.609395644044,0.199153678050329,0.238269445504339,0.275907062671545,0.17632626903251,0.0542537487814685,0.203189604218098,0.255591824697046,0.292795383628972,0.160423113739656,0.047435382868174,240.096976565445,239.082810145901,707,v7.4.6,gap_tied_weak_links_phase3_seed,/Users/asewaket/Documents/LTSpice Superconducting Circuit/matlab_v7_4_6_files/outputs/v7_4_6_as006_gap_weaklink_v800_phase3_seed_707/AS006_v7_4_6_gap_weaklink_scores.csv
AS006,crack_tunnel_a3_7_g0_05_p0_3,"tunnel/crack-like links, alpha=3.7, tau=0.05, p=0.3",tear_lane,crack_tunnel,shape,3.7,0,0.05,0.3,0.714793028322442,0.05,0.300217864923747,6.88185495811625e-08,5.77282315779666e-07,0.0872895245997716,89.6610816598788,0.199186979176099,0.234250508865479,0.269328381170505,0.180064892281807,0.0652786046143727,0.229870021049282,0.225595181033386,0.246031237398407,0.244122674603128,0.188046915511902,239.759206528577,305.55225776518,707,v7.4.6,gap_tied_weak_links_phase3_seed,/Users/asewaket/Documents/LTSpice Superconducting Circuit/matlab_v7_4_6_files/outputs/v7_4_6_as006_gap_weaklink_v800_phase3_seed_707/AS006_v7_4_6_gap_weaklink_scores.csv
AS006,crack_tunnel_a3_7_g0_05_p0_2,"tunnel/crack-like links, alpha=3.7, tau=0.05, p=0.2",tear_lane,crack_tunnel,shape,3.7,0,0.05,0.2,0.809586056644881,0.05,0.200435729847495,6.0469210666422e-08,5.29590763673113e-07,0.0982751390607016,111.862014788423,0.199339980698752,0.242605195329586,0.267519645447089,0.187180902658505,0.0519592003086395,0.231371303938921,0.298728159319369,0.320672741159125,0.150699546015032,0.10857663082798,239.047311097429,208.281454285456,707,v7.4.6,gap_tied_weak_links_phase3_seed,/Users/asewaket/Documents/LTSpice Superconducting Circuit/matlab_v7_4_6_files/outputs/v7_4_6_as006_gap_weaklink_v800_phase3_seed_707/AS006_v7_4_6_gap_weaklink_scores.csv
AS006,crack_tunnel_a3_7_g0_1_p0_3,"tunnel/crack-like links, alpha=3.7, tau=0.1, p=0.3",tear_lane,crack_tunnel,shape,3.7,0,0.1,0.3,0.72980392156863,0.1,0.300217864923747,1.27762590444189e-07,5.35866307343822e-07,0.0872895245997716,96.5908028673923,0.199454478448713,0.242748866888421,0.273304079939095,0.177084031880431,0.0548863456111911,0.210151755904141,0.233074091416498,0.259919594629523,0.2006798231459,0.111975618570167,239.972864240751,274.735884572597,707,v7.4.6,gap_tied_weak_links_phase3_seed,/Users/asewaket/Documents/LTSpice Superconducting Circuit/matlab_v7_4_6_files/outputs/v7_4_6_as006_gap_weaklink_v800_phase3_seed_707/AS006_v7_4_6_gap_weaklink_scores.csv
AS006,combined_a4_1_g0_05_p0_2,"combined weak-link classes, alpha=4.1, tau=0.05, p=0.2",combined,boundary_constriction,shape,4.1,0.999999999999997,0.05,0.2,0.810000000000001,0.05,0.2,8.21198997192419e-08,5.9435985329976e-07,0.138044191466436,112.689073690185,0.199468508202819,0.241241561716295,0.270630949729413,0.181878560247577,0.0551486169618561,0.202616058798997,0.257987077588745,0.28665243087191,0.165273514200508,0.0468595696297612,239.687821667602,240.063788673717,707,v7.4.6,gap_tied_weak_links_phase3_seed,/Users/asewaket/Documents/LTSpice Superconducting Circuit/matlab_v7_4_6_files/outputs/v7_4_6_as006_gap_weaklink_v800_phase3_seed_707/AS006_v7_4_6_gap_weaklink_scores.csv
AS006,combined_a3_7_g0_1_p0_2,"combined weak-link classes, alpha=3.7, tau=0.1, p=0.2",combined,boundary_constriction,shape,3.7,0,0.1,0.2,0.820000000000001,0.1,0.2,1.37655448873837e-07,4.9815497022213e-07,0.124576465469711,121.334603540476,0.199520223882127,0.24298508073342,0.274705704657476,0.178794858213777,0.0503874827594082,0.208832931363161,0.269845555003523,0.300443855882544,0.155784047244816,0.0538122949618116,239.833949306833,231.042861159171,707,v7.4.6,gap_tied_weak_links_phase3_seed,/Users/asewaket/Documents/LTSpice Superconducting Circuit/matlab_v7_4_6_files/outputs/v7_4_6_as006_gap_weaklink_v800_phase3_seed_707/AS006_v7_4_6_gap_weaklink_scores.csv
AS006,combined_a3_7_g0_05_p0_1,"combined weak-link classes, alpha=3.7, tau=0.05, p=0.1",combined,boundary_constriction,shape,3.7,0,0.05,0.1,0.904793028322441,0.05,0.100217864923747,6.37994235134756e-08,4.87570666531197e-07,0.127433409629559,137.756231499773,0.199597476595413,0.243106940815134,0.273949553556258,0.181151170923171,0.0490297597845175,0.212325968278963,0.275650421406063,0.3046790147886,0.15432473651815,0.0598852234610147,239.892070112784,226.317284427623,707,v7.4.6,gap_tied_weak_links_phase3_seed,/Users/asewaket/Documents/LTSpice Superconducting Circuit/matlab_v7_4_6_files/outputs/v7_4_6_as006_gap_weaklink_v800_phase3_seed_707/AS006_v7_4_6_gap_weaklink_scores.csv
AS006,crack_tunnel_a3_3_g0_1_p0_2,"tunnel/crack-like links, alpha=3.3, tau=0.1, p=0.2",tear_lane,crack_tunnel,shape,3.3,1,0.1,0.2,0.819607843137257,0.1,0.200435729847495,1.01594795909533e-07,4.44884801355779e-07,0.0876507997027879,118.764784798597,0.199701953284494,0.243974121117887,0.274017674834962,0.180221744003038,0.0497275343396027,0.211974049863069,0.275707729691313,0.304763145587523,0.153290644451054,0.059213709282048,239.475524738445,226.683668177276,707,v7.4.6,gap_tied_weak_links_phase3_seed,/Users/asewaket/Documents/LTSpice Superconducting Circuit/matlab_v7_4_6_files/outputs/v7_4_6_as006_gap_weaklink_v800_phase3_seed_707/AS006_v7_4_6_gap_weaklink_scores.csv
AS006,crack_tunnel_a4_1_g0_05_p0_2,"tunnel/crack-like links, alpha=4.1, tau=0.05, p=0.2",tear_lane,crack_tunnel,shape,4.1,0.999999999999997,0.05,0.2,0.809586056644881,0.05,0.200435729847495,6.70064226303595e-08,5.86843819205342e-07,0.108899478418615,111.862014788423,0.199856392573795,0.245579459590068,0.267651564948218,0.187242725762174,0.0512588574168081,0.231830235818359,0.302132572501921,0.32097628895725,0.150535703568893,0.107140471453569,238.933550464284,208.285337908201,707,v7.4.6,gap_tied_weak_links_phase3_seed,/Users/asewaket/Documents/LTSpice Superconducting Circuit/matlab_v7_4_6_files/outputs/v7_4_6_as006_gap_weaklink_v800_phase3_seed_707/AS006_v7_4_6_gap_weaklink_scores.csv
AS006,combined_a4_1_g0_1_p0_2,"combined weak-link classes, alpha=4.1, tau=0.1, p=0.2",combined,boundary_constriction,shape,4.1,0.999999999999997,0.1,0.2,0.820000000000001,0.1,0.2,1.5253711902236e-07,5.52009561597496e-07,0.138044191466436,121.334603540476,0.200209684757972,0.245930707345716,0.275093357773096,0.178884948718026,0.0500981544436929,0.209722646878732,0.273243130681175,0.301204193666206,0.155637170766478,0.0537163013385255,239.762848487664,230.804158527664,707,v7.4.6,gap_tied_weak_links_phase3_seed,/Users/asewaket/Documents/LTSpice Superconducting Circuit/matlab_v7_4_6_files/outputs/v7_4_6_as006_gap_weaklink_v800_phase3_seed_707/AS006_v7_4_6_gap_weaklink_scores.csv
AS006,combined_a3_3_g0_05_p0_3,"combined weak-link classes, alpha=3.3, tau=0.05, p=0.3",combined,boundary_constriction,shape,3.3,1,0.05,0.3,0.714793028322442,0.05,0.300217864923747,6.94878138454879e-08,5.49641746986606e-07,0.0956063151931286,88.4597562266526,0.200217135017819,0.241233505911113,0.279965728737387,0.171045837133899,0.0561048474701833,0.198257572092004,0.234037546523303,0.271253131727422,0.180410598508679,0.0570440852778811,245.710945111718,259.639601871667,707,v7.4.6,gap_tied_weak_links_phase3_seed,/Users/asewaket/Documents/LTSpice Superconducting Circuit/matlab_v7_4_6_files/outputs/v7_4_6_as006_gap_weaklink_v800_phase3_seed_707/AS006_v7_4_6_gap_weaklink_scores.csv
AS006,combined_a3_7_g0_1_p0_3,"combined weak-link classes, alpha=3.7, tau=0.1, p=0.3",combined,boundary_constriction,shape,3.7,0,0.1,0.3,0.729803921568629,0.1,0.300217864923747,1.41214906505768e-07,5.58497984157121e-07,0.107194959458962,97.609395644044,0.200253832191354,0.243804111899836,0.276387622358736,0.176364082581357,0.0533316067024477,0.204645411268554,0.261635137940067,0.293755611278419,0.16014949314967,0.0473327322283804,240.127388636513,238.637019393794,707,v7.4.6,gap_tied_weak_links_phase3_seed,/Users/asewaket/Documents/LTSpice Superconducting Circuit/matlab_v7_4_6_files/outputs/v7_4_6_as006_gap_weaklink_v800_phase3_seed_707/AS006_v7_4_6_gap_weaklink_scores.csv
AS006,crack_tunnel_a4_1_g0_1_p0_3,"tunnel/crack-like links, alpha=4.1, tau=0.1, p=0.3",tear_lane,crack_tunnel,shape,4.1,0.999999999999997,0.1,0.3,0.72980392156863,0.1,0.300217864923747,1.41574762384101e-07,5.9379780002964e-07,0.096726229961909,96.5908028673923,0.200394802109111,0.246940572516841,0.273527793654228,0.177205603455757,0.0548527948141198,0.210932064059868,0.236850772252996,0.260337902424984,0.200367049620147,0.111759406777438,239.815958454227,274.539246430555,707,v7.4.6,gap_tied_weak_links_phase3_seed,/Users/asewaket/Documents/LTSpice Superconducting Circuit/matlab_v7_4_6_files/outputs/v7_4_6_as006_gap_weaklink_v800_phase3_seed_707/AS006_v7_4_6_gap_weaklink_scores.csv
AS006,combined_a4_1_g0_05_p0_1,"combined weak-link classes, alpha=4.1, tau=0.05, p=0.1",combined,boundary_constriction,shape,4.1,0.999999999999997,0.05,0.1,0.904793028322441,0.05,0.100217864923747,7.06966584879054e-08,5.40281008858894e-07,0.141209994454376,137.756231499773,0.200461770191547,0.246438709698923,0.274418355011482,0.181162879244107,0.0491844209335848,0.213219347527764,0.279317464019704,0.305393059234951,0.154173409894732,0.0596246575895353,239.638259573039,226.34318552069,707,v7.4.6,gap_tied_weak_links_phase3_seed,/Users/asewaket/Documents/LTSpice Superconducting Circuit/matlab_v7_4_6_files/outputs/v7_4_6_as006_gap_weaklink_v800_phase3_seed_707/AS006_v7_4_6_gap_weaklink_scores.csv
AS006,combined_a3_3_g0_1_p0_1,"combined weak-link classes, alpha=3.3, tau=0.1, p=0.1",combined,boundary_constriction,shape,3.3,1,0.1,0.1,0.909803921568628,0.1,0.100217864923747,1.08693503730644e-07,4.15331057422233e-07,0.113656824804742,144.233662329142,0.200721394719331,0.245006881432072,0.279442923589268,0.17702100533849,0.0482987192102501,0.211479659702763,0.274269344930162,0.30704227672632,0.153365154800624,0.0540985258118122,240.126763335566,228.900476201621,707,v7.4.6,gap_tied_weak_links_phase3_seed,/Users/asewaket/Documents/LTSpice Superconducting Circuit/matlab_v7_4_6_files/outputs/v7_4_6_as006_gap_weaklink_v800_phase3_seed_707/AS006_v7_4_6_gap_weaklink_scores.csv
AS006,crack_tunnel_a3_7_g0_1_p0_2,"tunnel/crack-like links, alpha=3.7, tau=0.1, p=0.2",tear_lane,crack_tunnel,shape,3.7,0,0.1,0.2,0.819607843137257,0.1,0.200435729847495,1.1390931662584e-07,4.98810231823146e-07,0.0982751390607016,118.764784798597,0.200761756319484,0.248752842825159,0.274374375443144,0.180185785131961,0.0496685503318056,0.21311219708599,0.281181488589734,0.305308402549583,0.153171040599412,0.0586259916291821,239.24009538563,226.784824846959,707,v7.4.6,gap_tied_weak_links_phase3_seed,/Users/asewaket/Documents/LTSpice Superconducting Circuit/matlab_v7_4_6_files/outputs/v7_4_6_as006_gap_weaklink_v800_phase3_seed_707/AS006_v7_4_6_gap_weaklink_scores.csv
AS006,combined_a4_1_g0_1_p0_3,"combined weak-link classes, alpha=4.1, tau=0.1, p=0.3",combined,boundary_constriction,shape,4.1,0.999999999999997,0.1,0.3,0.729803921568629,0.1,0.300217864923747,1.5648138288477e-07,6.1887614460654e-07,0.118783603724796,97.609395644044,0.200860604939261,0.248315153001955,0.277763494221885,0.175318624432583,0.0507534762653234,0.205659676085998,0.265592529638086,0.294570645233667,0.159943191729567,0.0472782319710289,241.282594025174,238.137222778474,707,v7.4.6,gap_tied_weak_links_phase3_seed,/Users/asewaket/Documents/LTSpice Superconducting Circuit/matlab_v7_4_6_files/outputs/v7_4_6_as006_gap_weaklink_v800_phase3_seed_707/AS006_v7_4_6_gap_weaklink_scores.csv
AS006,crack_tunnel_a4_1_g0_05_p0_3,"tunnel/crack-like links, alpha=4.1, tau=0.05, p=0.3",tear_lane,crack_tunnel,shape,4.1,0.999999999999997,0.05,0.3,0.714793028322442,0.05,0.300217864923747,7.6258392779126e-08,6.39691214782873e-07,0.096726229961909,89.6610816598788,0.200999427474935,0.240095119933309,0.270954738657765,0.179038511606947,0.0669330852815932,0.230257229482842,0.228355157326235,0.246432264317268,0.243512782209304,0.187283549771128,239.780750922873,306.417368852485,707,v7.4.6,gap_tied_weak_links_phase3_seed,/Users/asewaket/Documents/LTSpice Superconducting Circuit/matlab_v7_4_6_files/outputs/v7_4_6_as006_gap_weaklink_v800_phase3_seed_707/AS006_v7_4_6_gap_weaklink_scores.csv
AS006,crack_tunnel_a4_1_g0_1_p0_2,"tunnel/crack-like links, alpha=4.1, tau=0.1, p=0.2",tear_lane,crack_tunnel,shape,4.1,0.999999999999997,0.1,0.2,0.819607843137257,0.1,0.200435729847495,1.26223837342147e-07,5.52735662290513e-07,0.108899478418615,118.764784798597,0.201449246376625,0.251708259191963,0.274634681347185,0.180186136341389,0.0496946099068501,0.21383932681636,0.28459187402239,0.30574807012882,0.153079910304646,0.0581957494531656,239.023122701751,226.865752546896,707,v7.4.6,gap_tied_weak_links_phase3_seed,/Users/asewaket/Documents/LTSpice Superconducting Circuit/matlab_v7_4_6_files/outputs/v7_4_6_as006_gap_weaklink_v800_phase3_seed_707/AS006_v7_4_6_gap_weaklink_scores.csv
AS006,combined_a3_3_g0_2_p0_3,"combined weak-link classes, alpha=3.3, tau=0.2, p=0.3",combined,boundary_constriction,shape,3.3,1,0.2,0.3,0.759825708061,0.2,0.300217864923747,2.17995845106615e-07,4.36079958699535e-07,0.0956063151931286,112.788848255133,0.201732496305229,0.249635206344078,0.285102550872148,0.168890020764793,0.0489852851998164,0.21059884652965,0.27385011602038,0.308430639661495,0.150792636816647,0.0508997011994435,240.793879141787,232.767822980909,707,v7.4.6,gap_tied_weak_links_phase3_seed,/Users/asewaket/Documents/LTSpice Superconducting Circuit/matlab_v7_4_6_files/outputs/v7_4_6_as006_gap_weaklink_v800_phase3_seed_707/AS006_v7_4_6_gap_weaklink_scores.csv
AS006,combined_a3_7_g0_05_p0_3,"combined weak-link classes, alpha=3.7, tau=0.05, p=0.3",combined,boundary_constriction,shape,3.7,0,0.05,0.3,0.714793028322442,0.05,0.300217864923747,7.79105791600925e-08,6.16264989045588e-07,0.107194959458962,88.4597562266526,0.20177605314087,0.24964696405983,0.282098629679181,0.169482931360352,0.0537070355055125,0.199800791732816,0.241105005314011,0.272384681945963,0.179789342589468,0.0564890817077962,247.004341489455,259.318222692423,707,v7.4.6,gap_tied_weak_links_phase3_seed,/Users/asewaket/Documents/LTSpice Superconducting Circuit/matlab_v7_4_6_files/outputs/v7_4_6_as006_gap_weaklink_v800_phase3_seed_707/AS006_v7_4_6_gap_weaklink_scores.csv
AS006,combined_a3_7_g0_1_p0_1,"combined weak-link classes, alpha=3.7, tau=0.1, p=0.1",combined,boundary_constriction,shape,3.7,0,0.1,0.1,0.909803921568628,0.1,0.100217864923747,1.21868473879813e-07,4.65674215897655e-07,0.127433409629559,144.233662329142,0.201919840061799,0.250016712391455,0.27993294979633,0.177029330218842,0.048413163000412,0.212728709962545,0.279626040671976,0.307739495184687,0.153264920639002,0.0538922417687968,239.894302256669,228.957768506066,707,v7.4.6,gap_tied_weak_links_phase3_seed,/Users/asewaket/Documents/LTSpice Superconducting Circuit/matlab_v7_4_6_files/outputs/v7_4_6_as006_gap_weaklink_v800_phase3_seed_707/AS006_v7_4_6_gap_weaklink_scores.csv
AS006,combined_a3_3_g0_2_p0_2,"combined weak-link classes, alpha=3.3, tau=0.2, p=0.2",combined,boundary_constriction,shape,3.3,1,0.2,0.2,0.839999999999999,0.2,0.2,2.22390843513511e-07,4.03189538143837e-07,0.111108739472985,133.968715001498,0.202009740260858,0.250474233119878,0.284054407904001,0.171043935997365,0.0486743343557035,0.213357275709229,0.279323455047556,0.311511866795057,0.149746580641152,0.055133930805799,240.359595317497,229.250015228043,707,v7.4.6,gap_tied_weak_links_phase3_seed,/Users/asewaket/Documents/LTSpice Superconducting Circuit/matlab_v7_4_6_files/outputs/v7_4_6_as006_gap_weaklink_v800_phase3_seed_707/AS006_v7_4_6_gap_weaklink_scores.csv
AS006,boundary_sns_a3_3_g0_1_p0_3,"SNS-like boundary constriction, alpha=3.3, tau=0.1, p=0.3",boundary_lane,boundary_constriction,shape,3.3,1,0.1,0.3,0.715686274509806,0.1,0.315904139433551,9.64700163904738e-08,3.26450558026288e-07,0.0979376481929796,139.914581882396,0.202195017702791,0.248082792140884,0.27872462992096,0.177833125139728,0.0528327875867325,0.208686149423095,0.270186482375359,0.299927900060109,0.158175630275146,0.0506509017909929,239.854237699187,234.976015851405,707,v7.4.6,gap_tied_weak_links_phase3_seed,/Users/asewaket/Documents/LTSpice Superconducting Circuit/matlab_v7_4_6_files/outputs/v7_4_6_as006_gap_weaklink_v800_phase3_seed_707/AS006_v7_4_6_gap_weaklink_scores.csv
AS006,combined_a3_7_g0_2_p0_3,"combined weak-link classes, alpha=3.7, tau=0.2, p=0.3",combined,boundary_constriction,shape,3.7,0,0.2,0.3,0.759825708061,0.2,0.300217864923747,2.44419583907417e-07,4.889381355116e-07,0.107194959458962,112.788848255133,0.202596460571003,0.253792263149322,0.284998336632411,0.169436130451682,0.0486477875343728,0.211821090824904,0.278907251825752,0.309187132404571,0.150684050090531,0.0507656579776028,240.5047529266,232.282548038645,707,v7.4.6,gap_tied_weak_links_phase3_seed,/Users/asewaket/Documents/LTSpice Superconducting Circuit/matlab_v7_4_6_files/outputs/v7_4_6_as006_gap_weaklink_v800_phase3_seed_707/AS006_v7_4_6_gap_weaklink_scores.csv
AS006,combined_a4_1_g0_1_p0_1,"combined weak-link classes, alpha=4.1, tau=0.1, p=0.1",combined,boundary_constriction,shape,4.1,0.999999999999997,0.1,0.1,0.909803921568628,0.1,0.100217864923747,1.35043444028982e-07,5.16017374373077e-07,0.141209994454376,144.233662329142,0.202690517210204,0.252982226565084,0.280192212427762,0.17718251812711,0.0486558400784638,0.213543489618863,0.282965451137723,0.308298888872684,0.15318922401609,0.0537424114092843,239.569846705103,229.005108579295,707,v7.4.6,gap_tied_weak_links_phase3_seed,/Users/asewaket/Documents/LTSpice Superconducting Circuit/matlab_v7_4_6_files/outputs/v7_4_6_as006_gap_weaklink_v800_phase3_seed_707/AS006_v7_4_6_gap_weaklink_scores.csv
AS006,combined_a3_7_g0_2_p0_2,"combined weak-link classes, alpha=3.7, tau=0.2, p=0.2",combined,boundary_constriction,shape,3.7,0,0.2,0.2,0.839999999999999,0.2,0.2,2.49347309393937e-07,4.52060997312786e-07,0.124576465469711,133.968715001498,0.202910867352725,0.254556356802259,0.284153314014269,0.171370291548427,0.0485168160008628,0.214492016571455,0.284058577860698,0.312204461537131,0.149657977378194,0.0549712255838523,240.129522250513,228.96451409818,707,v7.4.6,gap_tied_weak_links_phase3_seed,/Users/asewaket/Documents/LTSpice Superconducting Circuit/matlab_v7_4_6_files/outputs/v7_4_6_as006_gap_weaklink_v800_phase3_seed_707/AS006_v7_4_6_gap_weaklink_scores.csv
AS006,combined_a4_1_g0_05_p0_3,"combined weak-link classes, alpha=4.1, tau=0.05, p=0.3",combined,boundary_constriction,shape,4.1,0.999999999999997,0.05,0.3,0.714793028322442,0.05,0.300217864923747,8.6333344474697e-08,6.82888231104571e-07,0.118783603724796,88.4597562266526,0.202975950515788,0.256162202361968,0.28467398225604,0.167482334661036,0.0511851629426091,0.200859672506851,0.245737294853888,0.273346434761218,0.179287015756611,0.0560960371524693,248.746806758174,259.171461873002,707,v7.4.6,gap_tied_weak_links_phase3_seed,/Users/asewaket/Documents/LTSpice Superconducting Circuit/matlab_v7_4_6_files/outputs/v7_4_6_as006_gap_weaklink_v800_phase3_seed_707/AS006_v7_4_6_gap_weaklink_scores.csv
AS006,boundary_sns_a3_3_g0_05_p0_3,"SNS-like boundary constriction, alpha=3.3, tau=0.05, p=0.3",boundary_lane,boundary_constriction,shape,3.3,1,0.05,0.3,0.699891067538129,0.05,0.315904139433551,4.79181718532882e-08,3.24306235790175e-07,0.0979376481929796,140.839701155406,0.203064054927568,0.246642220364054,0.278021060076721,0.17904029980091,0.0583408243883883,0.205009721968696,0.24210363111348,0.273211207327562,0.185876957989828,0.0724791684194827,240.49714272903,261.491242351078,707,v7.4.6,gap_tied_weak_links_phase3_seed,/Users/asewaket/Documents/LTSpice Superconducting Circuit/matlab_v7_4_6_files/outputs/v7_4_6_as006_gap_weaklink_v800_phase3_seed_707/AS006_v7_4_6_gap_weaklink_scores.csv
AS006,combined_a4_1_g0_2_p0_3,"combined weak-link classes, alpha=4.1, tau=0.2, p=0.3",combined,boundary_constriction,shape,4.1,0.999999999999997,0.2,0.3,0.759825708061,0.2,0.300217864923747,2.70843322708219e-07,5.41796312323665e-07,0.118783603724796,112.788848255133,0.20308555883144,0.256210776804594,0.284606298940749,0.170195315751043,0.0484118495174907,0.212704983712979,0.282425390887005,0.309806983992023,0.150604583651651,0.0506815761272862,240.121176448286,231.738032655186,707,v7.4.6,gap_tied_weak_links_phase3_seed,/Users/asewaket/Documents/LTSpice Superconducting Circuit/matlab_v7_4_6_files/outputs/v7_4_6_as006_gap_weaklink_v800_phase3_seed_707/AS006_v7_4_6_gap_weaklink_scores.csv
AS006,boundary_sns_a3_7_g0_1_p0_3,"SNS-like boundary constriction, alpha=3.7, tau=0.1, p=0.3",boundary_lane,boundary_constriction,shape,3.7,0,0.1,0.3,0.715686274509806,0.1,0.315904139433551,1.08163351710531e-07,3.66020322635535e-07,0.109808878276977,139.914581882396,0.203155294924864,0.252500650372328,0.278959812375081,0.177968220397712,0.0526358770984612,0.209833658289116,0.275129891736636,0.300487397810598,0.158080268123196,0.0505851183864048,239.756215923592,234.798799361875,707,v7.4.6,gap_tied_weak_links_phase3_seed,/Users/asewaket/Documents/LTSpice Superconducting Circuit/matlab_v7_4_6_files/outputs/v7_4_6_as006_gap_weaklink_v800_phase3_seed_707/AS006_v7_4_6_gap_weaklink_scores.csv
AS006,crack_tunnel_a3_3_g0_2_p0_3,"tunnel/crack-like links, alpha=3.3, tau=0.2, p=0.3",tear_lane,crack_tunnel,shape,3.3,1,0.2,0.3,0.759825708061,0.2,0.300217864923747,2.0282229845209e-07,4.2982246182545e-07,0.0778528192376341,108.53404674342,0.203177407933121,0.255445730902886,0.286362239555578,0.165241774274776,0.0527551716969889,0.20523046627706,0.254683018265532,0.284706161315819,0.167809171824603,0.0634720660363311,241.357170296425,256.691927991391,707,v7.4.6,gap_tied_weak_links_phase3_seed,/Users/asewaket/Documents/LTSpice Superconducting Circuit/matlab_v7_4_6_files/outputs/v7_4_6_as006_gap_weaklink_v800_phase3_seed_707/AS006_v7_4_6_gap_weaklink_scores.csv
AS006,crack_tunnel_a3_3_g0_2_p0_2,"tunnel/crack-like links, alpha=3.3, tau=0.2, p=0.2",tear_lane,crack_tunnel,shape,3.3,1,0.2,0.2,0.839651416122003,0.2,0.200435729847495,1.87481820670052e-07,4.10577464616157e-07,0.0876507997027879,128.715243213771,0.20335024151955,0.256563593547222,0.285646867761987,0.169104970329155,0.0489243825556063,0.20980677404357,0.276769566036042,0.305098934540548,0.152777096201329,0.0473697984841865,240.598749180016,236.30501306374,707,v7.4.6,gap_tied_weak_links_phase3_seed,/Users/asewaket/Documents/LTSpice Superconducting Circuit/matlab_v7_4_6_files/outputs/v7_4_6_as006_gap_weaklink_v800_phase3_seed_707/AS006_v7_4_6_gap_weaklink_scores.csv
AS006,combined_a4_1_g0_2_p0_2,"combined weak-link classes, alpha=4.1, tau=0.2, p=0.2",combined,boundary_constriction,shape,4.1,0.999999999999997,0.2,0.2,0.839999999999999,0.2,0.2,2.76303775274362e-07,5.00932456481736e-07,0.138044191466436,133.968715001498,0.20341721463949,0.256774604849268,0.284052727396984,0.171830409112093,0.0484311840133452,0.215243482417909,0.28703000918961,0.312772649911776,0.149590727253178,0.0548468564878563,239.844549697635,228.651153392541,707,v7.4.6,gap_tied_weak_links_phase3_seed,/Users/asewaket/Documents/LTSpice Superconducting Circuit/matlab_v7_4_6_files/outputs/v7_4_6_as006_gap_weaklink_v800_phase3_seed_707/AS006_v7_4_6_gap_weaklink_scores.csv
AS006,boundary_sns_a3_3_g0_2_p0_3,"SNS-like boundary constriction, alpha=3.3, tau=0.2, p=0.3",boundary_lane,boundary_constriction,shape,3.3,1,0.2,0.3,0.747276688453157,0.2,0.315904139433551,1.86929755242682e-07,3.22047132020545e-07,0.0979376481929796,144.413199385382,0.203710416992719,0.256303957545085,0.285333337938985,0.171061187833697,0.0490883012331646,0.216791004347728,0.287325791279883,0.315017697263214,0.148814369556867,0.0593302983020502,240.410462305417,227.195006372744,707,v7.4.6,gap_tied_weak_links_phase3_seed,/Users/asewaket/Documents/LTSpice Superconducting Circuit/matlab_v7_4_6_files/outputs/v7_4_6_as006_gap_weaklink_v800_phase3_seed_707/AS006_v7_4_6_gap_weaklink_scores.csv
AS006,boundary_sns_a4_1_g0_1_p0_3,"SNS-like boundary constriction, alpha=4.1, tau=0.1, p=0.3",boundary_lane,boundary_constriction,shape,4.1,0.999999999999997,0.1,0.3,0.715686274509806,0.1,0.315904139433551,1.19856687030589e-07,4.05590087244782e-07,0.121680108360975,139.914581882396,0.203712262240642,0.255095637702612,0.279097415553131,0.178103907107012,0.0524153123988527,0.210564206316776,0.278146787674608,0.300922905378824,0.158002279625869,0.0505563099639952,239.690754853794,234.609734980502,707,v7.4.6,gap_tied_weak_links_phase3_seed,/Users/asewaket/Documents/LTSpice Superconducting Circuit/matlab_v7_4_6_files/outputs/v7_4_6_as006_gap_weaklink_v800_phase3_seed_707/AS006_v7_4_6_gap_weaklink_scores.csv
AS006,combined_a3_3_g0_2_p0_1,"combined weak-link classes, alpha=3.3, tau=0.2, p=0.1",combined,boundary_constriction,shape,3.3,1,0.2,0.1,0.919825708061002,0.2,0.100217864923747,2.05558550459002e-07,3.93294081226334e-07,0.113656824804742,152.533300896027,0.203883554141864,0.255658345648822,0.287353768157367,0.17079049012007,0.0474022181350155,0.213383808164023,0.282104208906023,0.312279027581038,0.15083263085715,0.049785745075841,240.505762741111,231.163822149844,707,v7.4.6,gap_tied_weak_links_phase3_seed,/Users/asewaket/Documents/LTSpice Superconducting Circuit/matlab_v7_4_6_files/outputs/v7_4_6_as006_gap_weaklink_v800_phase3_seed_707/AS006_v7_4_6_gap_weaklink_scores.csv
AS006,crack_tunnel_a3_3_g0_05_p0_1,"tunnel/crack-like links, alpha=3.3, tau=0.05, p=0.1",tear_lane,crack_tunnel,shape,3.3,1,0.05,0.1,0.904793028322441,0.05,0.100217864923747,4.86375571057861e-08,4.01405398514872e-07,0.108682639413364,148.428221622018,0.203997845379173,0.253128853763451,0.28383069419343,0.175867424744985,0.0503223773626783,0.208705762042698,0.258874160146625,0.289004173026401,0.172010030640419,0.0638848089701402,239.336655427053,251.756139168181,707,v7.4.6,gap_tied_weak_links_phase3_seed,/Users/asewaket/Documents/LTSpice Superconducting Circuit/matlab_v7_4_6_files/outputs/v7_4_6_as006_gap_weaklink_v800_phase3_seed_707/AS006_v7_4_6_gap_weaklink_scores.csv
AS006,crack_tunnel_a3_7_g0_2_p0_3,"tunnel/crack-like links, alpha=3.7, tau=0.2, p=0.3",tear_lane,crack_tunnel,shape,3.7,0,0.2,0.3,0.759825708061,0.2,0.300217864923747,2.27406819476586e-07,4.81922154167929e-07,0.0872895245997716,108.53404674342,0.204238386609156,0.260402681630486,0.286387078727756,0.165528636631815,0.052701067851953,0.206434043847812,0.260021842713519,0.285239551694015,0.167597489671072,0.0634822989721784,241.07999545708,256.442189758736,707,v7.4.6,gap_tied_weak_links_phase3_seed,/Users/asewaket/Documents/LTSpice Superconducting Circuit/matlab_v7_4_6_files/outputs/v7_4_6_as006_gap_weaklink_v800_phase3_seed_707/AS006_v7_4_6_gap_weaklink_scores.csv
AS006,boundary_sns_a3_7_g0_05_p0_3,"SNS-like boundary constriction, alpha=3.7, tau=0.05, p=0.3",boundary_lane,boundary_constriction,shape,3.7,0,0.05,0.3,0.699891067538129,0.05,0.315904139433551,5.37264351082323e-08,3.63616082552621e-07,0.109808878276977,140.839701155406,0.204332708801643,0.251472083972342,0.278640991366637,0.179009831219038,0.0588074361204589,0.206031050060046,0.247042560978866,0.274024722209728,0.185493842307802,0.0717021225695846,240.379577518544,261.385108307213,707,v7.4.6,gap_tied_weak_links_phase3_seed,/Users/asewaket/Documents/LTSpice Superconducting Circuit/matlab_v7_4_6_files/outputs/v7_4_6_as006_gap_weaklink_v800_phase3_seed_707/AS006_v7_4_6_gap_weaklink_scores.csv
AS006,boundary_sns_a3_7_g0_2_p0_3,"SNS-like boundary constriction, alpha=3.7, tau=0.2, p=0.3",boundary_lane,boundary_constriction,shape,3.7,0,0.2,0.3,0.747276688453157,0.2,0.315904139433551,2.0958790739331e-07,3.61083148023035e-07,0.109808878276977,144.413199385382,0.204453209972904,0.260032237062055,0.285150243817418,0.171476046806309,0.0488758276140971,0.217803775497582,0.291854277467117,0.315484497113776,0.148731006174432,0.059152972353643,240.180004636296,226.859591639174,707,v7.4.6,gap_tied_weak_links_phase3_seed,/Users/asewaket/Documents/LTSpice Superconducting Circuit/matlab_v7_4_6_files/outputs/v7_4_6_as006_gap_weaklink_v800_phase3_seed_707/AS006_v7_4_6_gap_weaklink_scores.csv
AS006,crack_tunnel_a3_7_g0_2_p0_2,"tunnel/crack-like links, alpha=3.7, tau=0.2, p=0.2",tear_lane,crack_tunnel,shape,3.7,0,0.2,0.2,0.839651416122003,0.2,0.200435729847495,2.10206889842179e-07,4.60344430024176e-07,0.0982751390607016,128.715243213771,0.204522445327682,0.261225507951642,0.286023686131883,0.169040498081043,0.0495446453546679,0.210934417027085,0.281754532943843,0.305613988967175,0.152651096149087,0.0472792013126693,240.163466242056,236.640866824773,707,v7.4.6,gap_tied_weak_links_phase3_seed,/Users/asewaket/Documents/LTSpice Superconducting Circuit/matlab_v7_4_6_files/outputs/v7_4_6_as006_gap_weaklink_v800_phase3_seed_707/AS006_v7_4_6_gap_weaklink_scores.csv
AS006,crack_tunnel_a4_1_g0_2_p0_3,"tunnel/crack-like links, alpha=4.1, tau=0.2, p=0.3",tear_lane,crack_tunnel,shape,4.1,0.999999999999997,0.2,0.3,0.759825708061,0.2,0.300217864923747,2.51991340501081e-07,5.34021846510408e-07,0.096726229961909,108.53404674342,0.204678105193399,0.26275600925124,0.285854092697423,0.166252922507772,0.0525737013605476,0.207185645239531,0.263206125947274,0.285645356400106,0.167443426654148,0.0635384432325092,240.634598348376,255.932424395748,707,v7.4.6,gap_tied_weak_links_phase3_seed,/Users/asewaket/Documents/LTSpice Superconducting Circuit/matlab_v7_4_6_files/outputs/v7_4_6_as006_gap_weaklink_v800_phase3_seed_707/AS006_v7_4_6_gap_weaklink_scores.csv
AS006,boundary_sns_a4_1_g0_2_p0_3,"SNS-like boundary constriction, alpha=4.1, tau=0.2, p=0.3",boundary_lane,boundary_constriction,shape,4.1,0.999999999999997,0.2,0.3,0.747276688453157,0.2,0.315904139433551,2.32246059543938e-07,4.00119164025526e-07,0.121680108360975,144.413199385382,0.204801186073193,0.261877583318109,0.284757182388176,0.17205837461647,0.048730309597962,0.218444773998915,0.294606523662036,0.315859978664034,0.148670399476537,0.0590243843248084,239.875132766645,226.471934138638,707,v7.4.6,gap_tied_weak_links_phase3_seed,/Users/asewaket/Documents/LTSpice Superconducting Circuit/matlab_v7_4_6_files/outputs/v7_4_6_as006_gap_weaklink_v800_phase3_seed_707/AS006_v7_4_6_gap_weaklink_scores.csv
AS006,combined_a3_7_g0_2_p0_1,"combined weak-link classes, alpha=3.7, tau=0.2, p=0.1",combined,boundary_constriction,shape,3.7,0,0.2,0.1,0.919825708061002,0.2,0.100217864923747,2.30474738393426e-07,4.4096609107195e-07,0.127433409629559,152.533300896027,0.204920512676228,0.260137512652075,0.287585212443377,0.170877573178638,0.0475939624798579,0.214492162366189,0.286954167492756,0.312799033153609,0.150742325147071,0.0496804298855325,240.15398148887,231.26883669514,707,v7.4.6,gap_tied_weak_links_phase3_seed,/Users/asewaket/Documents/LTSpice Superconducting Circuit/matlab_v7_4_6_files/outputs/v7_4_6_as006_gap_weaklink_v800_phase3_seed_707/AS006_v7_4_6_gap_weaklink_scores.csv
AS006,crack_tunnel_a3_3_g0_1_p0_1,"tunnel/crack-like links, alpha=3.3, tau=0.1, p=0.1",tear_lane,crack_tunnel,shape,3.3,1,0.1,0.1,0.909803921568628,0.1,0.100217864923747,9.54533875926461e-08,3.93888050369027e-07,0.108682639413364,151.260972236199,0.204961744028386,0.257173109441473,0.286960607852536,0.173121615963604,0.0490525270040138,0.209931157020036,0.265270466439766,0.294376477582543,0.167110898053735,0.0603378603237967,239.539123276714,249.147303660626,707,v7.4.6,gap_tied_weak_links_phase3_seed,/Users/asewaket/Documents/LTSpice Superconducting Circuit/matlab_v7_4_6_files/outputs/v7_4_6_as006_gap_weaklink_v800_phase3_seed_707/AS006_v7_4_6_gap_weaklink_scores.csv
AS006,crack_tunnel_a3_7_g0_05_p0_1,"tunnel/crack-like links, alpha=3.7, tau=0.05, p=0.1",tear_lane,crack_tunnel,shape,3.7,0,0.05,0.1,0.904793028322441,0.05,0.100217864923747,5.45330185731541e-08,4.50060598334856e-07,0.12185629267559,148.428221622018,0.205111652631118,0.257783648635608,0.284028349589086,0.176142096802405,0.0505473817360752,0.209907818477658,0.263931756391132,0.289568272691818,0.171898913930981,0.0639892163727506,238.949230573299,251.775791529964,707,v7.4.6,gap_tied_weak_links_phase3_seed,/Users/asewaket/Documents/LTSpice Superconducting Circuit/matlab_v7_4_6_files/outputs/v7_4_6_as006_gap_weaklink_v800_phase3_seed_707/AS006_v7_4_6_gap_weaklink_scores.csv
AS006,crack_tunnel_a4_1_g0_2_p0_2,"tunnel/crack-like links, alpha=4.1, tau=0.2, p=0.2",tear_lane,crack_tunnel,shape,4.1,0.999999999999997,0.2,0.2,0.839651416122003,0.2,0.200435729847495,2.32931959014306e-07,5.10111395432195e-07,0.108899478418615,128.715243213771,0.205115122815798,0.263578585124697,0.285888393124085,0.169413205124582,0.0499258345814174,0.211654211801421,0.284780372319364,0.306028282823557,0.152561527375899,0.047239282526644,239.688831258972,236.60847912691,707,v7.4.6,gap_tied_weak_links_phase3_seed,/Users/asewaket/Documents/LTSpice Superconducting Circuit/matlab_v7_4_6_files/outputs/v7_4_6_as006_gap_weaklink_v800_phase3_seed_707/AS006_v7_4_6_gap_weaklink_scores.csv
AS006,boundary_sns_a4_1_g0_05_p0_3,"SNS-like boundary constriction, alpha=4.1, tau=0.05, p=0.3",boundary_lane,boundary_constriction,shape,4.1,0.999999999999997,0.05,0.3,0.699891067538129,0.05,0.315904139433551,5.95346983631763e-08,4.02925929315066e-07,0.121680108360975,140.839701155406,0.205180219774118,0.254518058717962,0.279123311865154,0.178989837996737,0.0591799468926853,0.206658513781926,0.250062472004492,0.274660823108221,0.185191696130414,0.071084036302734,240.305958322963,261.276653771556,707,v7.4.6,gap_tied_weak_links_phase3_seed,/Users/asewaket/Documents/LTSpice Superconducting Circuit/matlab_v7_4_6_files/outputs/v7_4_6_as006_gap_weaklink_v800_phase3_seed_707/AS006_v7_4_6_gap_weaklink_scores.csv
AS006,combined_a4_1_g0_2_p0_1,"combined weak-link classes, alpha=4.1, tau=0.2, p=0.1",combined,boundary_constriction,shape,4.1,0.999999999999997,0.2,0.1,0.919825708061002,0.2,0.100217864923747,2.55390926327851e-07,4.88638100917566e-07,0.141209994454376,152.533300896027,0.205576096427855,0.262728263552294,0.28758921620825,0.171139924171582,0.047946185008068,0.215222201472277,0.290015395728941,0.313218155037241,0.1506767719986,0.0496178753190212,239.666426563239,231.372810031147,707,v7.4.6,gap_tied_weak_links_phase3_seed,/Users/asewaket/Documents/LTSpice Superconducting Circuit/matlab_v7_4_6_files/outputs/v7_4_6_as006_gap_weaklink_v800_phase3_seed_707/AS006_v7_4_6_gap_weaklink_scores.csv
AS006,crack_tunnel_a4_1_g0_05_p0_1,"tunnel/crack-like links, alpha=4.1, tau=0.05, p=0.1",tear_lane,crack_tunnel,shape,4.1,0.999999999999997,0.05,0.1,0.904793028322441,0.05,0.100217864923747,6.04284800405222e-08,4.98715798154841e-07,0.135029945937816,148.428221622018,0.205859753441636,0.260682827698889,0.284345598498966,0.176198206359946,0.0507633841861666,0.210675756016357,0.266947219738919,0.290019404894038,0.17181336546987,0.0641308949409631,238.719855682998,251.878364240322,707,v7.4.6,gap_tied_weak_links_phase3_seed,/Users/asewaket/Documents/LTSpice Superconducting Circuit/matlab_v7_4_6_files/outputs/v7_4_6_as006_gap_weaklink_v800_phase3_seed_707/AS006_v7_4_6_gap_weaklink_scores.csv
AS006,combined_a3_3_g0_05_p0_05,"combined weak-link classes, alpha=3.3, tau=0.05, p=0.05",combined,boundary_constriction,shape,3.3,1,0.05,0.05,0.95239651416122,0.05,0.0501089324618736,5.36802064992771e-08,3.90364632381282e-07,0.117087057971711,160.119962378973,0.205933359175454,0.258901411476952,0.289343495080341,0.171664413985047,0.0498337505284132,0.21288896148907,0.280752899945169,0.309881109782002,0.154417287374288,0.0483783561638176,240.016519748057,235.545988830498,707,v7.4.6,gap_tied_weak_links_phase3_seed,/Users/asewaket/Documents/LTSpice Superconducting Circuit/matlab_v7_4_6_files/outputs/v7_4_6_as006_gap_weaklink_v800_phase3_seed_707/AS006_v7_4_6_gap_weaklink_scores.csv
AS006,crack_tunnel_a3_7_g0_1_p0_1,"tunnel/crack-like links, alpha=3.7, tau=0.1, p=0.1",tear_lane,crack_tunnel,shape,3.7,0,0.1,0.1,0.909803921568628,0.1,0.100217864923747,1.07023495179634e-07,4.41632056474363e-07,0.12185629267559,151.260972236199,0.205990496131275,0.261491402203335,0.287020162441849,0.173430670217675,0.0493874564077081,0.21103918108955,0.27006360619259,0.294860614368616,0.166994211345943,0.0603834599276556,239.034658539646,249.233429504366,707,v7.4.6,gap_tied_weak_links_phase3_seed,/Users/asewaket/Documents/LTSpice Superconducting Circuit/matlab_v7_4_6_files/outputs/v7_4_6_as006_gap_weaklink_v800_phase3_seed_707/AS006_v7_4_6_gap_weaklink_scores.csv
AS006,contact_relaxed_a3_3_g0_05_p0_3,"contact-relaxed SNS links, alpha=3.3, tau=0.05, p=0.3",contact_relaxation,contact_relaxed,shape,3.3,1,0.05,0.3,0.714793028322441,0.05,0.300217864923747,1.8251714182256e-07,2.59592705958958e-06,0.0466299458570883,19.3180878725736,0.206218488019962,0.249643338205489,0.313956714415144,0.146591324716441,0.048785695772266,0.217415273055085,0.27261524811868,0.336747897597669,0.137336702476765,0.0534814182648669,242.527456824279,232.068789841728,707,v7.4.6,gap_tied_weak_links_phase3_seed,/Users/asewaket/Documents/LTSpice Superconducting Circuit/matlab_v7_4_6_files/outputs/v7_4_6_as006_gap_weaklink_v800_phase3_seed_707/AS006_v7_4_6_gap_weaklink_scores.csv
AS006,contact_relaxed_a3_3_g0_05_p0_2,"contact-relaxed SNS links, alpha=3.3, tau=0.05, p=0.2",contact_relaxation,contact_relaxed,shape,3.3,1,0.05,0.2,0.810000000000002,0.05,0.2,4.83757167682425e-08,8.17592012252641e-07,0.0442561370154866,70.4704662868871,0.206318524942691,0.256070867561358,0.296898936994492,0.165134853297109,0.0495300507903521,0.228124668474915,0.300553079574683,0.340453851741526,0.142902480626158,0.0656479214695257,235.867346984424,219.856033068115,707,v7.4.6,gap_tied_weak_links_phase3_seed,/Users/asewaket/Documents/LTSpice Superconducting Circuit/matlab_v7_4_6_files/outputs/v7_4_6_as006_gap_weaklink_v800_phase3_seed_707/AS006_v7_4_6_gap_weaklink_scores.csv
AS006,crack_tunnel_a4_1_g0_1_p0_1,"tunnel/crack-like links, alpha=4.1, tau=0.1, p=0.1",tear_lane,crack_tunnel,shape,4.1,0.999999999999997,0.1,0.1,0.909803921568628,0.1,0.100217864923747,1.18593602766621e-07,4.893760625797e-07,0.135029945937816,151.260972236199,0.206664674277251,0.26413407864636,0.287203262633054,0.173528199164362,0.0496733341765982,0.211731191633479,0.272906560204213,0.29524044307432,0.166896427934082,0.0604580876655208,238.723768739594,249.357665211727,707,v7.4.6,gap_tied_weak_links_phase3_seed,/Users/asewaket/Documents/LTSpice Superconducting Circuit/matlab_v7_4_6_files/outputs/v7_4_6_as006_gap_weaklink_v800_phase3_seed_707/AS006_v7_4_6_gap_weaklink_scores.csv
AS006,combined_a3_3_g0_1_p0_05,"combined weak-link classes, alpha=3.3, tau=0.1, p=0.05",combined,boundary_constriction,shape,3.3,1,0.1,0.05,0.954901960784314,0.1,0.0501089324618736,1.05786126481423e-07,3.84640494774516e-07,0.117087057971711,162.502833425311,0.206763359156879,0.262813012986978,0.291978030269656,0.169411358773044,0.048278031359212,0.213429250542486,0.283166386021795,0.311147392182125,0.153713302758002,0.0473303019244115,240.259837875427,236.672874753555,707,v7.4.6,gap_tied_weak_links_phase3_seed,/Users/asewaket/Documents/LTSpice Superconducting Circuit/matlab_v7_4_6_files/outputs/v7_4_6_as006_gap_weaklink_v800_phase3_seed_707/AS006_v7_4_6_gap_weaklink_scores.csv
AS006,crack_tunnel_a3_3_g0_2_p0_1,"tunnel/crack-like links, alpha=3.3, tau=0.2, p=0.1",tear_lane,crack_tunnel,shape,3.3,1,0.2,0.1,0.919825708061001,0.2,0.100217864923747,1.84618903471188e-07,3.80914610699139e-07,0.108682639413364,156.412717647364,0.206922713315428,0.264982936022668,0.293015414940971,0.167255715507767,0.0477840100230609,0.211987095886617,0.275819470619477,0.303149586558329,0.159201123816793,0.0546028275655424,240.40023559088,245.508539683757,707,v7.4.6,gap_tied_weak_links_phase3_seed,/Users/asewaket/Documents/LTSpice Superconducting Circuit/matlab_v7_4_6_files/outputs/v7_4_6_as006_gap_weaklink_v800_phase3_seed_707/AS006_v7_4_6_gap_weaklink_scores.csv
AS006,combined_a3_7_g0_05_p0_05,"combined weak-link classes, alpha=3.7, tau=0.05, p=0.05",combined,boundary_constriction,shape,3.7,0,0.05,0.05,0.95239651416122,0.05,0.0501089324618736,6.01868981961592e-08,4.37681557518407e-07,0.131279428634948,160.119962378973,0.207111087028192,0.263621725090153,0.289524196251202,0.171930730404443,0.0503529536056529,0.214072498047539,0.285956606440585,0.310393247296378,0.15437393052345,0.0482502878741359,239.487491650776,235.754522403922,707,v7.4.6,gap_tied_weak_links_phase3_seed,/Users/asewaket/Documents/LTSpice Superconducting Circuit/matlab_v7_4_6_files/outputs/v7_4_6_as006_gap_weaklink_v800_phase3_seed_707/AS006_v7_4_6_gap_weaklink_scores.csv
AS006,contact_relaxed_a3_7_g0_05_p0_2,"contact-relaxed SNS links, alpha=3.7, tau=0.05, p=0.2",contact_relaxation,contact_relaxed,shape,3.7,0,0.05,0.2,0.810000000000002,0.05,0.2,5.4239440012878e-08,9.1669407434387e-07,0.049620517259788,70.4704662868871,0.207275299350621,0.261296782684716,0.295911830766952,0.166272800890515,0.0493930091130795,0.229848057613413,0.308009727578115,0.341275221744799,0.142724042079272,0.0655938698364645,235.05065735523,218.989836341743,707,v7.4.6,gap_tied_weak_links_phase3_seed,/Users/asewaket/Documents/LTSpice Superconducting Circuit/matlab_v7_4_6_files/outputs/v7_4_6_as006_gap_weaklink_v800_phase3_seed_707/AS006_v7_4_6_gap_weaklink_scores.csv
AS006,contact_relaxed_a3_3_g0_1_p0_2,"contact-relaxed SNS links, alpha=3.3, tau=0.1, p=0.2",contact_relaxation,contact_relaxed,shape,3.3,1,0.1,0.2,0.820000000000002,0.1,0.2,8.30228199646309e-08,7.0157921135271e-07,0.0442561370154866,82.1234286928039,0.207531903883783,0.260484576143647,0.301536510778014,0.16005369658802,0.0494189286787175,0.228163763959978,0.302604989405465,0.342595775028204,0.140559471328858,0.0629718849339961,236.427236785269,221.536423676358,707,v7.4.6,gap_tied_weak_links_phase3_seed,/Users/asewaket/Documents/LTSpice Superconducting Circuit/matlab_v7_4_6_files/outputs/v7_4_6_as006_gap_weaklink_v800_phase3_seed_707/AS006_v7_4_6_gap_weaklink_scores.csv
AS006,boundary_sns_a3_3_g0_1_p0_2,"SNS-like boundary constriction, alpha=3.3, tau=0.1, p=0.2",boundary_lane,boundary_constriction,shape,3.3,1,0.1,0.2,0.800784313725492,0.1,0.221350762527233,9.44200396386529e-08,3.21276650226545e-07,0.113549109404616,161.703984303381,0.207606123372576,0.260989147493278,0.289763965440422,0.172964931715734,0.0537483652041956,0.211353066273039,0.277094841197907,0.304834560821597,0.159246619578485,0.0471517342563882,239.954486103084,240.673428264042,707,v7.4.6,gap_tied_weak_links_phase3_seed,/Users/asewaket/Documents/LTSpice Superconducting Circuit/matlab_v7_4_6_files/outputs/v7_4_6_as006_gap_weaklink_v800_phase3_seed_707/AS006_v7_4_6_gap_weaklink_scores.csv
AS006,combined_a3_7_g0_1_p0_05,"combined weak-link classes, alpha=3.7, tau=0.1, p=0.05",combined,boundary_constriction,shape,3.7,0,0.1,0.05,0.954901960784314,0.1,0.0501089324618736,1.1860868726705e-07,4.31263585050215e-07,0.131279428634948,162.502833425311,0.207764223329366,0.267001578093236,0.291878720555479,0.169848943565324,0.0487205981248526,0.2145418659082,0.288053878715832,0.311591784155762,0.153667075420366,0.0472859842771278,239.586757039553,236.822746157693,707,v7.4.6,gap_tied_weak_links_phase3_seed,/Users/asewaket/Documents/LTSpice Superconducting Circuit/matlab_v7_4_6_files/outputs/v7_4_6_as006_gap_weaklink_v800_phase3_seed_707/AS006_v7_4_6_gap_weaklink_scores.csv
AS006,crack_tunnel_a3_7_g0_2_p0_1,"tunnel/crack-like links, alpha=3.7, tau=0.2, p=0.1",tear_lane,crack_tunnel,shape,3.7,0,0.2,0.1,0.919825708061001,0.2,0.100217864923747,2.06996952376786e-07,4.27086078662671e-07,0.12185629267559,156.412717647364,0.207825966118407,0.268881061608191,0.292980367685161,0.167493826091916,0.0481658429199169,0.212973111014667,0.280241963722339,0.303569532900492,0.159039096773665,0.0545780378080548,239.749856202219,245.728175539157,707,v7.4.6,gap_tied_weak_links_phase3_seed,/Users/asewaket/Documents/LTSpice Superconducting Circuit/matlab_v7_4_6_files/outputs/v7_4_6_as006_gap_weaklink_v800_phase3_seed_707/AS006_v7_4_6_gap_weaklink_scores.csv
AS006,combined_a4_1_g0_05_p0_05,"combined weak-link classes, alpha=4.1, tau=0.05, p=0.05",combined,boundary_constriction,shape,4.1,0.999999999999997,0.05,0.05,0.95239651416122,0.05,0.0501089324618736,6.66935898930413e-08,4.84998482655532e-07,0.145471799298186,160.119962378973,0.207852020148056,0.266168492051562,0.289349300522654,0.172476905241345,0.0511342012223928,0.214833902393547,0.289173617027363,0.310796583759001,0.15434734200512,0.0481676958557221,238.773638725563,235.895141064384,707,v7.4.6,gap_tied_weak_links_phase3_seed,/Users/asewaket/Documents/LTSpice Superconducting Circuit/matlab_v7_4_6_files/outputs/v7_4_6_as006_gap_weaklink_v800_phase3_seed_707/AS006_v7_4_6_gap_weaklink_scores.csv
AS006,boundary_sns_a3_3_g0_2_p0_2,"SNS-like boundary constriction, alpha=3.3, tau=0.2, p=0.2",boundary_lane,boundary_constriction,shape,3.3,1,0.2,0.2,0.822919389978212,0.2,0.221350762527233,1.8730735451759e-07,3.19451832446537e-07,0.113549109404616,163.027198232299,0.207976214184051,0.266183878917305,0.293450233864797,0.168451817390521,0.0495945110014068,0.218806187072453,0.293906386562792,0.319590716365276,0.149244184979886,0.0542855639353805,240.239799125724,230.312885367229,707,v7.4.6,gap_tied_weak_links_phase3_seed,/Users/asewaket/Documents/LTSpice Superconducting Circuit/matlab_v7_4_6_files/outputs/v7_4_6_as006_gap_weaklink_v800_phase3_seed_707/AS006_v7_4_6_gap_weaklink_scores.csv
AS006,contact_relaxed_a4_1_g0_05_p0_2,"contact-relaxed SNS links, alpha=4.1, tau=0.05, p=0.2",contact_relaxation,contact_relaxed,shape,4.1,0.999999999999997,0.05,0.2,0.810000000000002,0.05,0.2,6.01031632575135e-08,1.0157961364351e-06,0.0549848975040894,70.4704662868871,0.208152647041764,0.265323907491416,0.295913272142575,0.166497670440031,0.0494690134178585,0.231025614366305,0.313061994286767,0.341893321400586,0.142579355271605,0.0655285710042283,234.701755553603,218.750717593422,707,v7.4.6,gap_tied_weak_links_phase3_seed,/Users/asewaket/Documents/LTSpice Superconducting Circuit/matlab_v7_4_6_files/outputs/v7_4_6_as006_gap_weaklink_v800_phase3_seed_707/AS006_v7_4_6_gap_weaklink_scores.csv
AS006,contact_relaxed_a3_3_g0_1_p0_3,"contact-relaxed SNS links, alpha=3.3, tau=0.1, p=0.3",contact_relaxation,contact_relaxed,shape,3.3,1,0.1,0.3,0.72980392156863,0.1,0.300217864923747,1.9480279349321e-07,1.38533246209907e-06,0.0466299458570883,36.1995033105324,0.208209643950908,0.258681516815018,0.314130285900983,0.146874497349094,0.0490455809264354,0.220354628907392,0.283933695947507,0.33889476584863,0.136975986085033,0.0535536257480584,241.507197190879,231.280951668492,707,v7.4.6,gap_tied_weak_links_phase3_seed,/Users/asewaket/Documents/LTSpice Superconducting Circuit/matlab_v7_4_6_files/outputs/v7_4_6_as006_gap_weaklink_v800_phase3_seed_707/AS006_v7_4_6_gap_weaklink_scores.csv
AS006,combined_a4_1_g0_1_p0_05,"combined weak-link classes, alpha=4.1, tau=0.1, p=0.05",combined,boundary_constriction,shape,4.1,0.999999999999997,0.1,0.05,0.954901960784314,0.1,0.0501089324618736,1.31431248052677e-07,4.77886675325914e-07,0.145471799298186,162.502833425311,0.208350964880778,0.269108167577693,0.291506865763363,0.170487942865333,0.0493997131586477,0.215239321498942,0.290988048455566,0.311942490821765,0.153628851104241,0.0472731362207561,238.773935280569,236.92924934813,707,v7.4.6,gap_tied_weak_links_phase3_seed,/Users/asewaket/Documents/LTSpice Superconducting Circuit/matlab_v7_4_6_files/outputs/v7_4_6_as006_gap_weaklink_v800_phase3_seed_707/AS006_v7_4_6_gap_weaklink_scores.csv
AS006,crack_tunnel_a4_1_g0_2_p0_1,"tunnel/crack-like links, alpha=4.1, tau=0.2, p=0.1",tear_lane,crack_tunnel,shape,4.1,0.999999999999997,0.2,0.1,0.919825708061001,0.2,0.100217864923747,2.29375001282384e-07,4.73257546626203e-07,0.135029945937816,156.412717647364,0.208420681825266,0.271160911589459,0.293013352692085,0.167641371918598,0.0486174154274746,0.21358645633588,0.282861261698391,0.303905754871165,0.158914961500468,0.054592247080885,239.239055164945,245.95618814542,707,v7.4.6,gap_tied_weak_links_phase3_seed,/Users/asewaket/Documents/LTSpice Superconducting Circuit/matlab_v7_4_6_files/outputs/v7_4_6_as006_gap_weaklink_v800_phase3_seed_707/AS006_v7_4_6_gap_weaklink_scores.csv
AS006,boundary_sns_a3_7_g0_1_p0_2,"SNS-like boundary constriction, alpha=3.7, tau=0.1, p=0.2",boundary_lane,boundary_constriction,shape,3.7,0,0.1,0.2,0.800784313725492,0.1,0.221350762527233,1.05864892928187e-07,3.6021927449643e-07,0.127312637817297,161.703984303381,0.208469889398483,0.26509210296055,0.289970826991117,0.173063359757583,0.0534791971004294,0.212367313983664,0.28160345813279,0.305286229872096,0.159163529388522,0.0470277977737085,239.90166716309,240.504844961312,707,v7.4.6,gap_tied_weak_links_phase3_seed,/Users/asewaket/Documents/LTSpice Superconducting Circuit/matlab_v7_4_6_files/outputs/v7_4_6_as006_gap_weaklink_v800_phase3_seed_707/AS006_v7_4_6_gap_weaklink_scores.csv
AS006,contact_relaxed_a3_7_g0_1_p0_2,"contact-relaxed SNS links, alpha=3.7, tau=0.1, p=0.2",contact_relaxation,contact_relaxed,shape,3.7,0,0.1,0.2,0.820000000000002,0.1,0.2,9.30861920815559e-08,7.86619115759099e-07,0.049620517259788,82.1234286928039,0.208534547749911,0.265552142617347,0.300784256358537,0.160993266775066,0.0495065640359356,0.229797249354464,0.309586174673633,0.343393889405062,0.140483579796694,0.062856290893961,235.633810938417,220.899149999174,707,v7.4.6,gap_tied_weak_links_phase3_seed,/Users/asewaket/Documents/LTSpice Superconducting Circuit/matlab_v7_4_6_files/outputs/v7_4_6_as006_gap_weaklink_v800_phase3_seed_707/AS006_v7_4_6_gap_weaklink_scores.csv
AS006,boundary_sns_a3_7_g0_2_p0_2,"SNS-like boundary constriction, alpha=3.7, tau=0.2, p=0.2",boundary_lane,boundary_constriction,shape,3.7,0,0.2,0.2,0.822919389978212,0.2,0.221350762527233,2.10011276277298e-07,3.58173266682481e-07,0.127312637817297,163.027198232299,0.208647680265879,0.269703603413761,0.2933130478252,0.168734017897625,0.0493194418495014,0.219722892548008,0.298106687526679,0.319975304168468,0.149146764538302,0.054117537245666,240.067759600965,230.022633725774,707,v7.4.6,gap_tied_weak_links_phase3_seed,/Users/asewaket/Documents/LTSpice Superconducting Circuit/matlab_v7_4_6_files/outputs/v7_4_6_as006_gap_weaklink_v800_phase3_seed_707/AS006_v7_4_6_gap_weaklink_scores.csv
AS006,combined_a3_3_g0_2_p0_05,"combined weak-link classes, alpha=3.3, tau=0.2, p=0.05",combined,boundary_constriction,shape,3.3,1,0.2,0.05,0.959912854030501,0.2,0.0501089324618736,2.06439971748756e-07,3.75309955642546e-07,0.117087057971711,166.542798322419,0.208754961815299,0.270357175619489,0.297568018602513,0.16419560562669,0.0474290938692471,0.215221904799751,0.288823890065432,0.315045955362411,0.151013823772594,0.0471879323333589,241.028276655159,237.723441758457,707,v7.4.6,gap_tied_weak_links_phase3_seed,/Users/asewaket/Documents/LTSpice Superconducting Circuit/matlab_v7_4_6_files/outputs/v7_4_6_as006_gap_weaklink_v800_phase3_seed_707/AS006_v7_4_6_gap_weaklink_scores.csv
AS006,boundary_sns_a3_3_g0_05_p0_2,"SNS-like boundary constriction, alpha=3.3, tau=0.05, p=0.2",boundary_lane,boundary_constriction,shape,3.3,1,0.05,0.2,0.78971677559913,0.05,0.221350762527233,4.61838307568629e-08,3.14293162701034e-07,0.113549109404616,165.296992014727,0.208877227404236,0.260613245488737,0.29077583804343,0.173025274547539,0.0586335817720159,0.212567894621645,0.249277621435006,0.279467195692414,0.188648383020383,0.0886837804360196,240.978413969723,269.255871928237,707,v7.4.6,gap_tied_weak_links_phase3_seed,/Users/asewaket/Documents/LTSpice Superconducting Circuit/matlab_v7_4_6_files/outputs/v7_4_6_as006_gap_weaklink_v800_phase3_seed_707/AS006_v7_4_6_gap_weaklink_scores.csv
AS006,contact_relaxed_a3_7_g0_05_p0_3,"contact-relaxed SNS links, alpha=3.7, tau=0.05, p=0.3",contact_relaxation,contact_relaxed,shape,3.7,0,0.05,0.3,0.714793028322441,0.05,0.300217864923747,2.04640431740446e-07,2.91058488499438e-06,0.0522820605064324,19.3180878725736,0.208925600376888,0.261573561200452,0.31484190080579,0.146545236234391,0.048899568980866,0.220215875399083,0.28477720207625,0.337679968582922,0.137473743175204,0.053520050930049,242.498492616007,232.11050440659,707,v7.4.6,gap_tied_weak_links_phase3_seed,/Users/asewaket/Documents/LTSpice Superconducting Circuit/matlab_v7_4_6_files/outputs/v7_4_6_as006_gap_weaklink_v800_phase3_seed_707/AS006_v7_4_6_gap_weaklink_scores.csv
AS006,boundary_sns_a4_1_g0_2_p0_2,"SNS-like boundary constriction, alpha=4.1, tau=0.2, p=0.2",boundary_lane,boundary_constriction,shape,4.1,0.999999999999997,0.2,0.2,0.822919389978212,0.2,0.221350762527233,2.32715198037006e-07,3.96894700918424e-07,0.141076166229977,163.027198232299,0.208973454125597,0.271529053960503,0.293024860835337,0.16913968165682,0.049120108134619,0.220300856424102,0.30065037418877,0.320291532479243,0.149075316794017,0.0539995801005441,239.843851788751,229.694858022128,707,v7.4.6,gap_tied_weak_links_phase3_seed,/Users/asewaket/Documents/LTSpice Superconducting Circuit/matlab_v7_4_6_files/outputs/v7_4_6_as006_gap_weaklink_v800_phase3_seed_707/AS006_v7_4_6_gap_weaklink_scores.csv
AS006,boundary_sns_a4_1_g0_1_p0_2,"SNS-like boundary constriction, alpha=4.1, tau=0.1, p=0.2",boundary_lane,boundary_constriction,shape,4.1,0.999999999999997,0.1,0.2,0.800784313725492,0.1,0.221350762527233,1.1730974621772e-07,3.99161898766314e-07,0.141076166229977,161.703984303381,0.208976813440436,0.267552531419562,0.290096726177315,0.173164428866838,0.0532067288887682,0.213015432162482,0.284374643544674,0.305641724046901,0.159095744226574,0.0469598199024425,239.866477852078,240.331440348594,707,v7.4.6,gap_tied_weak_links_phase3_seed,/Users/asewaket/Documents/LTSpice Superconducting Circuit/matlab_v7_4_6_files/outputs/v7_4_6_as006_gap_weaklink_v800_phase3_seed_707/AS006_v7_4_6_gap_weaklink_scores.csv
AS006,crack_tunnel_a3_3_g0_05_p0_05,"tunnel/crack-like links, alpha=3.3, tau=0.05, p=0.05",tear_lane,crack_tunnel,shape,3.3,1,0.05,0.05,0.951982570806101,0.05,0.0505446623093682,4.71673990585115e-08,3.7879062539406e-07,0.115363186445638,164.857761115884,0.209029671839923,0.269680771959739,0.297357871281648,0.165194167052972,0.0485986036807762,0.213405237307148,0.276197911271822,0.303354173488731,0.161047614394885,0.0586489536650338,241.298776823662,248.872598652039,707,v7.4.6,gap_tied_weak_links_phase3_seed,/Users/asewaket/Documents/LTSpice Superconducting Circuit/matlab_v7_4_6_files/outputs/v7_4_6_as006_gap_weaklink_v800_phase3_seed_707/AS006_v7_4_6_gap_weaklink_scores.csv
AS006,combined_a3_3_g0_4_p0_2,"combined weak-link classes, alpha=3.3, tau=0.4, p=0.2",combined,boundary_constriction,shape,3.3,1,0.4,0.2,0.879999999999999,0.4,0.2,3.91517356213726e-07,3.99868308926842e-07,0.111108739472985,152.19460931045,0.209110359724483,0.272917854443842,0.300931608232214,0.158014020388265,0.0484861042868696,0.219763968020966,0.29784139386759,0.32477551889804,0.143569285552197,0.0531596812254251,241.831703401501,231.51847259595,707,v7.4.6,gap_tied_weak_links_phase3_seed,/Users/asewaket/Documents/LTSpice Superconducting Circuit/matlab_v7_4_6_files/outputs/v7_4_6_as006_gap_weaklink_v800_phase3_seed_707/AS006_v7_4_6_gap_weaklink_scores.csv
AS006,combined_a4_1_g0_4_p0_3,"combined weak-link classes, alpha=4.1, tau=0.4, p=0.3",combined,boundary_constriction,shape,4.1,0.999999999999997,0.4,0.3,0.81986928104575,0.4,0.300217864923747,4.46203865341019e-07,5.28146186315992e-07,0.118783603724796,136.924436557744,0.209214992055872,0.275469368880792,0.299229959741698,0.158836081658288,0.0484080597777368,0.220053492310066,0.302091432434821,0.324774074122601,0.143213838886776,0.0508041007924854,240.246380721441,231.633497896827,707,v7.4.6,gap_tied_weak_links_phase3_seed,/Users/asewaket/Documents/LTSpice Superconducting Circuit/matlab_v7_4_6_files/outputs/v7_4_6_as006_gap_weaklink_v800_phase3_seed_707/AS006_v7_4_6_gap_weaklink_scores.csv
AS006,combined_a4_1_g0_4_p0_2,"combined weak-link classes, alpha=4.1, tau=0.4, p=0.2",combined,boundary_constriction,shape,4.1,0.999999999999997,0.4,0.2,0.879999999999999,0.4,0.2,4.86430654689781e-07,4.96806080787895e-07,0.138044191466436,152.19460931045,0.2092626874734,0.275434114390212,0.298022710403603,0.160821421929121,0.0483128023590817,0.221365132823631,0.304488905780653,0.325720612142082,0.143482231630561,0.0529728975506543,240.055357955052,229.713057452254,707,v7.4.6,gap_tied_weak_links_phase3_seed,/Users/asewaket/Documents/LTSpice Superconducting Circuit/matlab_v7_4_6_files/outputs/v7_4_6_as006_gap_weaklink_v800_phase3_seed_707/AS006_v7_4_6_gap_weaklink_scores.csv
AS006,combined_a3_7_g0_2_p0_05,"combined weak-link classes, alpha=3.7, tau=0.2, p=0.05",combined,boundary_constriction,shape,3.7,0,0.2,0.05,0.959912854030501,0.2,0.0501089324618736,2.31462998627393e-07,4.20802071478006e-07,0.131279428634948,166.542798322419,0.209354111201679,0.273403081189912,0.296768766851338,0.165093924335386,0.0476547274094098,0.216214428984784,0.293225034743914,0.31544237717797,0.150915828184749,0.0471781648876228,240.120539039465,237.478702459241,707,v7.4.6,gap_tied_weak_links_phase3_seed,/Users/asewaket/Documents/LTSpice Superconducting Circuit/matlab_v7_4_6_files/outputs/v7_4_6_as006_gap_weaklink_v800_phase3_seed_707/AS006_v7_4_6_gap_weaklink_scores.csv
AS006,combined_a3_3_g0_4_p0_3,"combined weak-link classes, alpha=3.3, tau=0.4, p=0.3",combined,boundary_constriction,shape,3.3,1,0.4,0.3,0.81986928104575,0.4,0.300217864923747,3.59139696493991e-07,4.25093271912871e-07,0.0956063151931286,136.924436557744,0.209381142146413,0.273636572863694,0.303064349846858,0.155435293545267,0.0486124087047855,0.218368365479135,0.29514676208741,0.323784265981032,0.143303742648519,0.0509429215308129,242.465138472285,233.904336095885,707,v7.4.6,gap_tied_weak_links_phase3_seed,/Users/asewaket/Documents/LTSpice Superconducting Circuit/matlab_v7_4_6_files/outputs/v7_4_6_as006_gap_weaklink_v800_phase3_seed_707/AS006_v7_4_6_gap_weaklink_scores.csv
AS006,contact_relaxed_a4_1_g0_1_p0_2,"contact-relaxed SNS links, alpha=4.1, tau=0.1, p=0.2",contact_relaxation,contact_relaxed,shape,4.1,0.999999999999997,0.1,0.2,0.820000000000002,0.1,0.2,1.03149564198481e-07,8.71659020165488e-07,0.0549848975040894,82.1234286928039,0.209382708956102,0.269501427602279,0.300676972508716,0.161314419078013,0.0495843914404607,0.230967031619756,0.314600572646752,0.343950192392728,0.140437739226628,0.0627745747314719,235.277944031118,220.647564390967,707,v7.4.6,gap_tied_weak_links_phase3_seed,/Users/asewaket/Documents/LTSpice Superconducting Circuit/matlab_v7_4_6_files/outputs/v7_4_6_as006_gap_weaklink_v800_phase3_seed_707/AS006_v7_4_6_gap_weaklink_scores.csv
AS006,boundary_sns_a4_1_g0_4_p0_3,"SNS-like boundary constriction, alpha=4.1, tau=0.4, p=0.3",boundary_lane,boundary_constriction,shape,4.1,0.999999999999997,0.4,0.3,0.810457516339867,0.4,0.315904139433551,4.3014533946229e-07,4.50668788694887e-07,0.121680108360975,155.944483998429,0.2094128265953,0.277134747428523,0.297964172327702,0.160424874958056,0.0479609902769281,0.223461054137187,0.308488415709642,0.32795249140308,0.142474585904121,0.0568067626407512,240.547236578943,227.288508896263,707,v7.4.6,gap_tied_weak_links_phase3_seed,/Users/asewaket/Documents/LTSpice Superconducting Circuit/matlab_v7_4_6_files/outputs/v7_4_6_as006_gap_weaklink_v800_phase3_seed_707/AS006_v7_4_6_gap_weaklink_scores.csv
AS006,combined_a3_7_g0_4_p0_2,"combined weak-link classes, alpha=3.7, tau=0.4, p=0.2",combined,boundary_constriction,shape,3.7,0,0.4,0.2,0.879999999999999,0.4,0.2,4.38974005451754e-07,4.48337194857369e-07,0.124576465469711,152.19460931045,0.209439082833752,0.275259866102113,0.299767214848013,0.159182936155617,0.0483642518881055,0.220737126209784,0.301973814231162,0.32529473169783,0.143518528795559,0.0530478753521051,241.072442600127,230.721091563142,707,v7.4.6,gap_tied_weak_links_phase3_seed,/Users/asewaket/Documents/LTSpice Superconducting Circuit/matlab_v7_4_6_files/outputs/v7_4_6_as006_gap_weaklink_v800_phase3_seed_707/AS006_v7_4_6_gap_weaklink_scores.csv
AS006,contact_relaxed_a3_3_g0_2_p0_2,"contact-relaxed SNS links, alpha=3.3, tau=0.2, p=0.2",contact_relaxation,contact_relaxed,shape,3.3,1,0.2,0.2,0.839999999999998,0.2,0.2,1.3326995647421e-07,5.63094767197853e-07,0.0442561370154866,102.320415127625,0.209439989734954,0.267928230000167,0.306362153623404,0.155332216695168,0.0489726789646836,0.228847209208044,0.307893036727905,0.345096262055096,0.138464184681948,0.0593443198634598,236.8212228164,223.257567533638,707,v7.4.6,gap_tied_weak_links_phase3_seed,/Users/asewaket/Documents/LTSpice Superconducting Circuit/matlab_v7_4_6_files/outputs/v7_4_6_as006_gap_weaklink_v800_phase3_seed_707/AS006_v7_4_6_gap_weaklink_scores.csv
AS006,boundary_sns_a3_3_g0_4_p0_3,"SNS-like boundary constriction, alpha=3.3, tau=0.4, p=0.3",boundary_lane,boundary_constriction,shape,3.3,1,0.4,0.3,0.810457516339867,0.4,0.315904139433551,3.46214541518428e-07,3.62733415291006e-07,0.0979376481929796,155.944483998429,0.209522198317393,0.275316935668178,0.301322622973503,0.157404670215192,0.0482236279461659,0.221994217527524,0.302161877223793,0.327174199623663,0.142572967979688,0.0570381510978097,242.387421009991,229.270108896177,707,v7.4.6,gap_tied_weak_links_phase3_seed,/Users/asewaket/Documents/LTSpice Superconducting Circuit/matlab_v7_4_6_files/outputs/v7_4_6_as006_gap_weaklink_v800_phase3_seed_707/AS006_v7_4_6_gap_weaklink_scores.csv
AS006,combined_a3_7_g0_4_p0_3,"combined weak-link classes, alpha=3.7, tau=0.4, p=0.3",combined,boundary_constriction,shape,3.7,0,0.4,0.3,0.81986928104575,0.4,0.300217864923747,4.02671780917505e-07,4.76619729114432e-07,0.107194959458962,136.924436557744,0.209572611369099,0.275608130501205,0.301563834449917,0.15681041926505,0.0485051919756232,0.219351141390814,0.299262507432804,0.324326482225936,0.143254415818596,0.050853835852634,241.524514614421,232.948922693914,707,v7.4.6,gap_tied_weak_links_phase3_seed,/Users/asewaket/Documents/LTSpice Superconducting Circuit/matlab_v7_4_6_files/outputs/v7_4_6_as006_gap_weaklink_v800_phase3_seed_707/AS006_v7_4_6_gap_weaklink_scores.csv
AS006,combined_a4_1_g0_2_p0_05,"combined weak-link classes, alpha=4.1, tau=0.2, p=0.05",combined,boundary_constriction,shape,4.1,0.999999999999997,0.2,0.05,0.959912854030501,0.2,0.0501089324618736,2.56486025506031e-07,4.66294187313466e-07,0.145471799298186,166.542798322419,0.209655677399462,0.274717617702979,0.29594377494231,0.166011372332879,0.0481449477291905,0.216830501925763,0.29581464908782,0.315766536192022,0.150842227355828,0.0471936380101707,239.10678425246,237.380669289699,707,v7.4.6,gap_tied_weak_links_phase3_seed,/Users/asewaket/Documents/LTSpice Superconducting Circuit/matlab_v7_4_6_files/outputs/v7_4_6_as006_gap_weaklink_v800_phase3_seed_707/AS006_v7_4_6_gap_weaklink_scores.csv
AS006,boundary_sns_a3_7_g0_4_p0_3,"SNS-like boundary constriction, alpha=3.7, tau=0.4, p=0.3",boundary_lane,boundary_constriction,shape,3.7,0,0.4,0.3,0.810457516339867,0.4,0.315904139433551,3.88179940490359e-07,4.06701101992946e-07,0.109808878276977,155.944483998429,0.20973947751149,0.2773587123661,0.300015562510852,0.158603133891729,0.0480575234326952,0.222887969902088,0.306094095178292,0.32760294083558,0.142510540210234,0.0569024326070882,241.641452742291,228.422750002324,707,v7.4.6,gap_tied_weak_links_phase3_seed,/Users/asewaket/Documents/LTSpice Superconducting Circuit/matlab_v7_4_6_files/outputs/v7_4_6_as006_gap_weaklink_v800_phase3_seed_707/AS006_v7_4_6_gap_weaklink_scores.csv
AS006,crack_tunnel_a3_3_g0_1_p0_05,"tunnel/crack-like links, alpha=3.3, tau=0.1, p=0.05",tear_lane,crack_tunnel,shape,3.3,1,0.1,0.05,0.954509803921569,0.1,0.0505446623093682,9.33036425033277e-08,3.74650137603906e-07,0.115363186445638,166.679705053709,0.209925851328542,0.272965039381209,0.299898993492908,0.163119308799465,0.0479418426495811,0.214499264299193,0.280661323077548,0.307056249481835,0.158126978073721,0.0568278392330542,241.631939286583,247.329547646665,707,v7.4.6,gap_tied_weak_links_phase3_seed,/Users/asewaket/Documents/LTSpice Superconducting Circuit/matlab_v7_4_6_files/outputs/v7_4_6_as006_gap_weaklink_v800_phase3_seed_707/AS006_v7_4_6_gap_weaklink_scores.csv
AS006,crack_tunnel_a3_7_g0_05_p0_05,"tunnel/crack-like links, alpha=3.7, tau=0.05, p=0.05",tear_lane,crack_tunnel,shape,3.7,0,0.05,0.05,0.951982570806101,0.05,0.0505446623093682,5.28846595504522e-08,4.2470464059334e-07,0.129346602984503,164.857761115884,0.209964234402379,0.273410364811745,0.297058637617185,0.165832163534442,0.0492679869520267,0.214488776678284,0.280797888627255,0.303865286310406,0.160937373224539,0.0587100271902801,240.311046769969,249.055994619892,707,v7.4.6,gap_tied_weak_links_phase3_seed,/Users/asewaket/Documents/LTSpice Superconducting Circuit/matlab_v7_4_6_files/outputs/v7_4_6_as006_gap_weaklink_v800_phase3_seed_707/AS006_v7_4_6_gap_weaklink_scores.csv
AS006,combined_a3_3_g0_4_p0_1,"combined weak-link classes, alpha=3.3, tau=0.4, p=0.1",combined,boundary_constriction,shape,3.3,1,0.4,0.1,0.939869281045751,0.4,0.100217864923747,3.81504090041724e-07,3.83278419561376e-07,0.113656824804742,164.373200955644,0.210007258838511,0.275673198524841,0.302382995597373,0.158269778916183,0.0473556297270831,0.218294494715836,0.296981689110877,0.322701356302311,0.145135224287986,0.0483443805792783,242.171373952845,234.260761015304,707,v7.4.6,gap_tied_weak_links_phase3_seed,/Users/asewaket/Documents/LTSpice Superconducting Circuit/matlab_v7_4_6_files/outputs/v7_4_6_as006_gap_weaklink_v800_phase3_seed_707/AS006_v7_4_6_gap_weaklink_scores.csv
AS006,boundary_sns_a3_7_g0_05_p0_2,"SNS-like boundary constriction, alpha=3.7, tau=0.05, p=0.2",boundary_lane,boundary_constriction,shape,3.7,0,0.05,0.2,0.78971677559913,0.05,0.221350762527233,5.17818708486038e-08,3.52389303634493e-07,0.127312637817297,165.296992014727,0.210077281701655,0.265121974957616,0.291222864241043,0.173132499340398,0.0592087969533366,0.213400224316413,0.253680525313011,0.280139771355058,0.188336739967918,0.0876550714378047,240.81345266233,269.14818088131,707,v7.4.6,gap_tied_weak_links_phase3_seed,/Users/asewaket/Documents/LTSpice Superconducting Circuit/matlab_v7_4_6_files/outputs/v7_4_6_as006_gap_weaklink_v800_phase3_seed_707/AS006_v7_4_6_gap_weaklink_scores.csv
AS006,crack_tunnel_a3_3_g0_4_p0_2,"tunnel/crack-like links, alpha=3.3, tau=0.4, p=0.2",tear_lane,crack_tunnel,shape,3.3,1,0.4,0.2,0.879738562091502,0.4,0.200435729847495,3.31477710679969e-07,4.00854821949961e-07,0.0876507997027879,145.601151258129,0.210286170003324,0.278098332183123,0.304012943163552,0.154356835516647,0.0483638229014701,0.215457103122598,0.292548791311439,0.317955290052532,0.145266927507865,0.0467313073247907,243.000181308787,239.53786702849,707,v7.4.6,gap_tied_weak_links_phase3_seed,/Users/asewaket/Documents/LTSpice Superconducting Circuit/matlab_v7_4_6_files/outputs/v7_4_6_as006_gap_weaklink_v800_phase3_seed_707/AS006_v7_4_6_gap_weaklink_scores.csv
AS006,combined_a3_7_g0_4_p0_1,"combined weak-link classes, alpha=3.7, tau=0.4, p=0.1",combined,boundary_constriction,shape,3.7,0,0.4,0.1,0.939869281045751,0.4,0.100217864923747,4.27747010046781e-07,4.29736409811239e-07,0.127433409629559,164.373200955644,0.210522796847201,0.278513803521301,0.301571131425711,0.159113162972081,0.0474592470046082,0.219258461211112,0.301178366031012,0.323143131520125,0.145061032066525,0.0482871697811733,241.438364403134,233.818291675529,707,v7.4.6,gap_tied_weak_links_phase3_seed,/Users/asewaket/Documents/LTSpice Superconducting Circuit/matlab_v7_4_6_files/outputs/v7_4_6_as006_gap_weaklink_v800_phase3_seed_707/AS006_v7_4_6_gap_weaklink_scores.csv
AS006,crack_tunnel_a4_1_g0_05_p0_05,"tunnel/crack-like links, alpha=4.1, tau=0.05, p=0.05",tear_lane,crack_tunnel,shape,4.1,0.999999999999997,0.05,0.05,0.951982570806101,0.05,0.0505446623093682,5.8601920042393e-08,4.7061865579262e-07,0.143330019523368,164.857761115884,0.210547966512385,0.275335179937031,0.296686670373536,0.166480969585,0.0501017674899567,0.215180331767383,0.283571844800475,0.304273874557397,0.160847076200124,0.0587916883108379,239.392793937827,249.19856147527,707,v7.4.6,gap_tied_weak_links_phase3_seed,/Users/asewaket/Documents/LTSpice Superconducting Circuit/matlab_v7_4_6_files/outputs/v7_4_6_as006_gap_weaklink_v800_phase3_seed_707/AS006_v7_4_6_gap_weaklink_scores.csv
AS006,combined_a4_1_g0_4_p0_1,"combined weak-link classes, alpha=4.1, tau=0.4, p=0.1",combined,boundary_constriction,shape,4.1,0.999999999999997,0.4,0.1,0.939869281045751,0.4,0.100217864923747,4.73989930051839e-07,4.76194400061103e-07,0.141209994454376,164.373200955644,0.210560535484976,0.279178394851156,0.300196158097045,0.160420583167685,0.047755276944292,0.219877614194753,0.303721440564949,0.323504894374338,0.145015425714564,0.0482637831105183,240.345311416686,233.259791105529,707,v7.4.6,gap_tied_weak_links_phase3_seed,/Users/asewaket/Documents/LTSpice Superconducting Circuit/matlab_v7_4_6_files/outputs/v7_4_6_as006_gap_weaklink_v800_phase3_seed_707/AS006_v7_4_6_gap_weaklink_scores.csv
AS006,contact_relaxed_a3_7_g0_1_p0_3,"contact-relaxed SNS links, alpha=3.7, tau=0.1, p=0.3",contact_relaxation,contact_relaxed,shape,3.7,0,0.1,0.3,0.72980392156863,0.1,0.300217864923747,2.18415253310568e-07,1.5532515484141e-06,0.0522820605064324,36.1995033105324,0.210698364496349,0.269828112074874,0.315025539893009,0.146715708360939,0.0489743801429324,0.222890101794657,0.29506379063288,0.339668180018497,0.137099686469882,0.0535927952206818,241.658206475044,231.304794060726,707,v7.4.6,gap_tied_weak_links_phase3_seed,/Users/asewaket/Documents/LTSpice Superconducting Circuit/matlab_v7_4_6_files/outputs/v7_4_6_as006_gap_weaklink_v800_phase3_seed_707/AS006_v7_4_6_gap_weaklink_scores.csv
AS006,contact_relaxed_a3_7_g0_2_p0_2,"contact-relaxed SNS links, alpha=3.7, tau=0.2, p=0.2",contact_relaxation,contact_relaxed,shape,3.7,0,0.2,0.2,0.839999999999998,0.2,0.2,1.49423890592296e-07,6.3134867837335e-07,0.049620517259788,102.320415127625,0.210737274702824,0.273603005083946,0.306397184352604,0.155581606868556,0.0494112872274225,0.230332124930092,0.314354779853429,0.345651203403761,0.138483603122118,0.0593117349378024,236.376541802669,223.237736918949,707,v7.4.6,gap_tied_weak_links_phase3_seed,/Users/asewaket/Documents/LTSpice Superconducting Circuit/matlab_v7_4_6_files/outputs/v7_4_6_as006_gap_weaklink_v800_phase3_seed_707/AS006_v7_4_6_gap_weaklink_scores.csv
AS006,crack_tunnel_a3_7_g0_1_p0_05,"tunnel/crack-like links, alpha=3.7, tau=0.1, p=0.05",tear_lane,crack_tunnel,shape,3.7,0,0.1,0.05,0.954509803921569,0.1,0.0505446623093682,1.04613174927973e-07,4.20062275495288e-07,0.129346602984503,166.679705053709,0.210772934876981,0.276508837016444,0.299548564053111,0.163699716216142,0.0485212050053399,0.215509099030493,0.285060880128282,0.307486097949963,0.158022193097382,0.0568562022400182,240.557787218959,247.63818122256,707,v7.4.6,gap_tied_weak_links_phase3_seed,/Users/asewaket/Documents/LTSpice Superconducting Circuit/matlab_v7_4_6_files/outputs/v7_4_6_as006_gap_weaklink_v800_phase3_seed_707/AS006_v7_4_6_gap_weaklink_scores.csv
AS006,crack_tunnel_a3_3_g0_4_p0_3,"tunnel/crack-like links, alpha=3.3, tau=0.4, p=0.3",tear_lane,crack_tunnel,shape,3.3,1,0.4,0.3,0.819869281045749,0.4,0.300217864923747,3.37980187336857e-07,4.22704671342105e-07,0.0778528192376341,130.262812114883,0.210868900989178,0.279707023346164,0.306015144639147,0.151058947557584,0.0502872940342361,0.21292084224203,0.286985784852232,0.312946406716232,0.146331798512925,0.0470474664633552,243.60460220489,245.640310358978,707,v7.4.6,gap_tied_weak_links_phase3_seed,/Users/asewaket/Documents/LTSpice Superconducting Circuit/matlab_v7_4_6_files/outputs/v7_4_6_as006_gap_weaklink_v800_phase3_seed_707/AS006_v7_4_6_gap_weaklink_scores.csv
AS006,boundary_sns_a4_1_g0_05_p0_2,"SNS-like boundary constriction, alpha=4.1, tau=0.05, p=0.2",boundary_lane,boundary_constriction,shape,4.1,0.999999999999997,0.05,0.2,0.78971677559913,0.05,0.221350762527233,5.73799109403447e-08,3.90485444567951e-07,0.141076166229977,165.296992014727,0.210889388966214,0.26817914492774,0.291679430671652,0.173098887478705,0.0594551868795596,0.213946735548976,0.256663631017388,0.280674538271022,0.188064116956009,0.0868094585581906,240.807876409215,269.037844836961,707,v7.4.6,gap_tied_weak_links_phase3_seed,/Users/asewaket/Documents/LTSpice Superconducting Circuit/matlab_v7_4_6_files/outputs/v7_4_6_as006_gap_weaklink_v800_phase3_seed_707/AS006_v7_4_6_gap_weaklink_scores.csv
AS006,crack_tunnel_a4_1_g0_4_p0_3,"tunnel/crack-like links, alpha=4.1, tau=0.4, p=0.3",tear_lane,crack_tunnel,shape,4.1,0.999999999999997,0.4,0.3,0.819869281045749,0.4,0.300217864923747,4.19914778206398e-07,5.25178531061403e-07,0.096726229961909,130.262812114883,0.2109000310573,0.282194621511828,0.302646238278738,0.153889620850541,0.0503125907237024,0.214602769865338,0.29390848373675,0.313859621313687,0.146196716685654,0.0471051324339207,241.506704793346,243.651967087025,707,v7.4.6,gap_tied_weak_links_phase3_seed,/Users/asewaket/Documents/LTSpice Superconducting Circuit/matlab_v7_4_6_files/outputs/v7_4_6_as006_gap_weaklink_v800_phase3_seed_707/AS006_v7_4_6_gap_weaklink_scores.csv
AS006,contact_relaxed_a3_3_g0_2_p0_3,"contact-relaxed SNS links, alpha=3.3, tau=0.2, p=0.3",contact_relaxation,contact_relaxed,shape,3.3,1,0.2,0.3,0.759825708061001,0.2,0.300217864923747,2.17576494636795e-07,7.74300610173497e-07,0.0466299458570883,64.8210127636266,0.210944316442187,0.271106313245129,0.31449196237673,0.147165135487426,0.0492979154472479,0.224414853768344,0.299388881649806,0.342058944769993,0.136453320103059,0.0535155837156002,240.082140163446,230.153418520872,707,v7.4.6,gap_tied_weak_links_phase3_seed,/Users/asewaket/Documents/LTSpice Superconducting Circuit/matlab_v7_4_6_files/outputs/v7_4_6_as006_gap_weaklink_v800_phase3_seed_707/AS006_v7_4_6_gap_weaklink_scores.csv
AS006,crack_tunnel_a4_1_g0_4_p0_2,"tunnel/crack-like links, alpha=4.1, tau=0.4, p=0.2",tear_lane,crack_tunnel,shape,4.1,0.999999999999997,0.4,0.2,0.879738562091502,0.4,0.200435729847495,4.11835943572083e-07,4.98031748483285e-07,0.108899478418615,145.601151258129,0.210946074804582,0.281530422770499,0.301798081992441,0.156483441799227,0.0494490055166079,0.217088238014915,0.299338389370509,0.318849058248551,0.145121210528151,0.0467154356089127,240.876054799325,238.716051450853,707,v7.4.6,gap_tied_weak_links_phase3_seed,/Users/asewaket/Documents/LTSpice Superconducting Circuit/matlab_v7_4_6_files/outputs/v7_4_6_as006_gap_weaklink_v800_phase3_seed_707/AS006_v7_4_6_gap_weaklink_scores.csv
AS006,crack_tunnel_a3_7_g0_4_p0_2,"tunnel/crack-like links, alpha=3.7, tau=0.4, p=0.2",tear_lane,crack_tunnel,shape,3.7,0,0.4,0.2,0.879738562091502,0.4,0.200435729847495,3.71656827126026e-07,4.49443285216623e-07,0.0982751390607016,145.601151258129,0.211014294428048,0.281245159306217,0.303493377282689,0.154988715647135,0.0489770080303969,0.216454949312458,0.296810509313186,0.318448701887904,0.145177069962145,0.0467076714925886,242.134478310629,239.449276348934,707,v7.4.6,gap_tied_weak_links_phase3_seed,/Users/asewaket/Documents/LTSpice Superconducting Circuit/matlab_v7_4_6_files/outputs/v7_4_6_as006_gap_weaklink_v800_phase3_seed_707/AS006_v7_4_6_gap_weaklink_scores.csv
AS006,contact_relaxed_a4_1_g0_05_p0_3,"contact-relaxed SNS links, alpha=4.1, tau=0.05, p=0.3",contact_relaxation,contact_relaxed,shape,4.1,0.999999999999997,0.05,0.3,0.714793028322441,0.05,0.300217864923747,2.26763721658332e-07,3.22524271039917e-06,0.0579341751557764,19.3180878725736,0.211175730180954,0.271595762832275,0.315787452231336,0.146316816043992,0.0487588266126653,0.222445612441464,0.294621946503459,0.338336152451664,0.137578523449714,0.0535446946013064,242.756898747768,232.173187008786,707,v7.4.6,gap_tied_weak_links_phase3_seed,/Users/asewaket/Documents/LTSpice Superconducting Circuit/matlab_v7_4_6_files/outputs/v7_4_6_as006_gap_weaklink_v800_phase3_seed_707/AS006_v7_4_6_gap_weaklink_scores.csv
AS006,crack_tunnel_a4_1_g0_1_p0_05,"tunnel/crack-like links, alpha=4.1, tau=0.1, p=0.05",tear_lane,crack_tunnel,shape,4.1,0.999999999999997,0.1,0.05,0.954509803921569,0.1,0.0505446623093682,1.15922707352619e-07,4.6547441338667e-07,0.143330019523368,166.679705053709,0.21128577014243,0.278240755621509,0.299091581286782,0.164318624286168,0.0493795474810603,0.21613187971853,0.287665835441268,0.307823559942479,0.157918316938873,0.0569044370784523,239.532340177431,247.882477697853,707,v7.4.6,gap_tied_weak_links_phase3_seed,/Users/asewaket/Documents/LTSpice Superconducting Circuit/matlab_v7_4_6_files/outputs/v7_4_6_as006_gap_weaklink_v800_phase3_seed_707/AS006_v7_4_6_gap_weaklink_scores.csv
AS006,crack_tunnel_a3_7_g0_4_p0_3,"tunnel/crack-like links, alpha=3.7, tau=0.4, p=0.3",tear_lane,crack_tunnel,shape,3.7,0,0.4,0.3,0.819869281045749,0.4,0.300217864923747,3.78947482771628e-07,4.73941601201754e-07,0.0872895245997716,130.262812114883,0.211328000365126,0.282475466800043,0.305017745584483,0.151995517538822,0.0503890833292141,0.213948061328651,0.291312530894347,0.313458613094432,0.146247122176117,0.0470663001135072,242.808641403554,244.99802611794,707,v7.4.6,gap_tied_weak_links_phase3_seed,/Users/asewaket/Documents/LTSpice Superconducting Circuit/matlab_v7_4_6_files/outputs/v7_4_6_as006_gap_weaklink_v800_phase3_seed_707/AS006_v7_4_6_gap_weaklink_scores.csv
AS006,boundary_sns_a3_3_g0_1_p0_1,"SNS-like boundary constriction, alpha=3.3, tau=0.1, p=0.1",boundary_lane,boundary_constriction,shape,3.3,1,0.1,0.1,0.886274509803923,0.1,0.12636165577342,9.88375297185634e-08,3.42650545134987e-07,0.126564889255147,170.386940548351,0.211445832791459,0.277176110424154,0.302772584113273,0.160404384193799,0.0496955510926668,0.220552499456201,0.299643928744427,0.324223027356164,0.146554973405819,0.0525345539060178,242.005636391733,233.246283367102,707,v7.4.6,gap_tied_weak_links_phase3_seed,/Users/asewaket/Documents/LTSpice Superconducting Circuit/matlab_v7_4_6_files/outputs/v7_4_6_as006_gap_weaklink_v800_phase3_seed_707/AS006_v7_4_6_gap_weaklink_scores.csv
AS006,crack_tunnel_a3_3_g0_2_p0_05,"tunnel/crack-like links, alpha=3.3, tau=0.2, p=0.05",tear_lane,crack_tunnel,shape,3.3,1,0.2,0.05,0.959564270152505,0.2,0.0505446623093682,1.82998213090003e-07,3.6740422922392e-07,0.115363186445638,169.96694503506,0.21152544330111,0.278789127049558,0.304388393026961,0.15905522320939,0.0473393726470698,0.216158724558393,0.288073344639722,0.313148203496801,0.153133936601596,0.0532935012808459,242.461256351017,244.895033798966,707,v7.4.6,gap_tied_weak_links_phase3_seed,/Users/asewaket/Documents/LTSpice Superconducting Circuit/matlab_v7_4_6_files/outputs/v7_4_6_as006_gap_weaklink_v800_phase3_seed_707/AS006_v7_4_6_gap_weaklink_scores.csv
AS006,boundary_sns_a3_3_g0_05_p0_1,"SNS-like boundary constriction, alpha=3.3, tau=0.05, p=0.1",boundary_lane,boundary_constriction,shape,3.3,1,0.05,0.1,0.879956427015252,0.05,0.12636165577342,4.89593000264295e-08,3.39464794218398e-07,0.126564889255147,171.985958653532,0.211580508677446,0.275759062448363,0.302682124619381,0.160735476549962,0.0515304171675006,0.213287349719145,0.282820553223311,0.309315623725113,0.155454730739227,0.047995440429431,242.627015960423,246.676890920587,707,v7.4.6,gap_tied_weak_links_phase3_seed,/Users/asewaket/Documents/LTSpice Superconducting Circuit/matlab_v7_4_6_files/outputs/v7_4_6_as006_gap_weaklink_v800_phase3_seed_707/AS006_v7_4_6_gap_weaklink_scores.csv
AS006,contact_relaxed_a4_1_g0_2_p0_2,"contact-relaxed SNS links, alpha=4.1, tau=0.2, p=0.2",contact_relaxation,contact_relaxed,shape,4.1,0.999999999999997,0.2,0.2,0.839999999999998,0.2,0.2,1.65577824710382e-07,6.99602589548848e-07,0.0549848975040894,102.320415127625,0.211597131831939,0.277648699602306,0.306149912580758,0.155922920992544,0.0496709613003815,0.23144734290298,0.319275863477901,0.346014588932183,0.13850254889824,0.0593071342828791,235.988131515211,223.085111210766,707,v7.4.6,gap_tied_weak_links_phase3_seed,/Users/asewaket/Documents/LTSpice Superconducting Circuit/matlab_v7_4_6_files/outputs/v7_4_6_as006_gap_weaklink_v800_phase3_seed_707/AS006_v7_4_6_gap_weaklink_scores.csv
AS006,crack_tunnel_a3_3_g0_4_p0_1,"tunnel/crack-like links, alpha=3.3, tau=0.4, p=0.1",tear_lane,crack_tunnel,shape,3.3,1,0.4,0.1,0.939869281045751,0.4,0.100217864923747,3.48242140823895e-07,3.74597065454413e-07,0.108682639413364,165.842906620584,0.211945070311088,0.281405412271181,0.306549050104503,0.155544283827409,0.0474287468171176,0.216530702578701,0.293085486143636,0.31769022048995,0.148215859975676,0.0483403159228609,242.517527923165,242.574266375023,707,v7.4.6,gap_tied_weak_links_phase3_seed,/Users/asewaket/Documents/LTSpice Superconducting Circuit/matlab_v7_4_6_files/outputs/v7_4_6_as006_gap_weaklink_v800_phase3_seed_707/AS006_v7_4_6_gap_weaklink_scores.csv
AS006,boundary_sns_a3_3_g0_2_p0_1,"SNS-like boundary constriction, alpha=3.3, tau=0.2, p=0.1",boundary_lane,boundary_constriction,shape,3.3,1,0.2,0.1,0.898910675381263,0.2,0.12636165577342,1.95854058094696e-07,3.39617105663357e-07,0.126564889255147,171.971155093047,0.211956118857711,0.279905422895447,0.304595847715773,0.158514009698631,0.0486899257672194,0.223872937095958,0.306761180359399,0.330326146171711,0.143589246674832,0.0550461909763553,241.384076079121,230.044928352615,707,v7.4.6,gap_tied_weak_links_phase3_seed,/Users/asewaket/Documents/LTSpice Superconducting Circuit/matlab_v7_4_6_files/outputs/v7_4_6_as006_gap_weaklink_v800_phase3_seed_707/AS006_v7_4_6_gap_weaklink_scores.csv
AS006,boundary_sns_a3_3_g0_4_p0_2,"SNS-like boundary constriction, alpha=3.3, tau=0.4, p=0.2",boundary_lane,boundary_constriction,shape,3.3,1,0.4,0.2,0.867189542483658,0.4,0.221350762527233,3.60051072462681e-07,3.55880872491841e-07,0.113549109404616,169.621454014537,0.212023460807619,0.280516943551049,0.305308277236561,0.157503207028742,0.0484318665371379,0.223599838253402,0.306455823213645,0.330061517331546,0.143294331939721,0.0548177977985078,241.963365335861,230.431857996483,707,v7.4.6,gap_tied_weak_links_phase3_seed,/Users/asewaket/Documents/LTSpice Superconducting Circuit/matlab_v7_4_6_files/outputs/v7_4_6_as006_gap_weaklink_v800_phase3_seed_707/AS006_v7_4_6_gap_weaklink_scores.csv
AS006,boundary_sns_a4_1_g0_4_p0_2,"SNS-like boundary constriction, alpha=4.1, tau=0.4, p=0.2",boundary_lane,boundary_constriction,shape,4.1,0.999999999999997,0.4,0.2,0.867189542483658,0.4,0.221350762527233,4.47336180938482e-07,4.42155023398954e-07,0.141076166229977,169.621454014537,0.212067335170638,0.282772327759835,0.302587867520264,0.159891126516889,0.0481716717867818,0.224976548491223,0.31249107970635,0.330766688344964,0.143170367836187,0.0545869983508452,240.423799060264,228.7773283985,707,v7.4.6,gap_tied_weak_links_phase3_seed,/Users/asewaket/Documents/LTSpice Superconducting Circuit/matlab_v7_4_6_files/outputs/v7_4_6_as006_gap_weaklink_v800_phase3_seed_707/AS006_v7_4_6_gap_weaklink_scores.csv
AS006,crack_tunnel_a3_7_g0_2_p0_05,"tunnel/crack-like links, alpha=3.7, tau=0.2, p=0.05",tear_lane,crack_tunnel,shape,3.7,0,0.2,0.05,0.959564270152505,0.2,0.0505446623093682,2.0517981467667e-07,4.11938075190455e-07,0.129346602984503,169.96694503506,0.212143776727951,0.281848081656896,0.30385205598948,0.159618004336544,0.0476071985805905,0.217060791250974,0.292142727571044,0.313529094491442,0.152981335100139,0.0532586444486272,241.317372202135,245.147700384438,707,v7.4.6,gap_tied_weak_links_phase3_seed,/Users/asewaket/Documents/LTSpice Superconducting Circuit/matlab_v7_4_6_files/outputs/v7_4_6_as006_gap_weaklink_v800_phase3_seed_707/AS006_v7_4_6_gap_weaklink_scores.csv
AS006,boundary_sns_a3_7_g0_4_p0_2,"SNS-like boundary constriction, alpha=3.7, tau=0.4, p=0.2",boundary_lane,boundary_constriction,shape,3.7,0,0.4,0.2,0.867189542483658,0.4,0.221350762527233,4.03693626700582e-07,3.99017947945398e-07,0.127312637817297,169.621454014537,0.212292912490716,0.282694907844437,0.304258077965944,0.158441168253856,0.0482665578514227,0.224442542171208,0.310226579145112,0.330447961866258,0.143217189539062,0.0546807115211496,241.338221771092,229.727078192517,707,v7.4.6,gap_tied_weak_links_phase3_seed,/Users/asewaket/Documents/LTSpice Superconducting Circuit/matlab_v7_4_6_files/outputs/v7_4_6_as006_gap_weaklink_v800_phase3_seed_707/AS006_v7_4_6_gap_weaklink_scores.csv
AS006,crack_tunnel_a4_1_g0_2_p0_05,"tunnel/crack-like links, alpha=4.1, tau=0.2, p=0.05",tear_lane,crack_tunnel,shape,4.1,0.999999999999997,0.2,0.05,0.959564270152505,0.2,0.0505446623093682,2.27361416263337e-07,4.56471921156991e-07,0.143330019523368,169.96694503506,0.212470969830963,0.283132964893165,0.30316634233035,0.160297999077385,0.048308286336806,0.217609886807422,0.294516859725278,0.313836719209379,0.152846935387921,0.0532596464605175,240.11100302285,245.387586008908,707,v7.4.6,gap_tied_weak_links_phase3_seed,/Users/asewaket/Documents/LTSpice Superconducting Circuit/matlab_v7_4_6_files/outputs/v7_4_6_as006_gap_weaklink_v800_phase3_seed_707/AS006_v7_4_6_gap_weaklink_scores.csv
AS006,boundary_sns_a3_7_g0_1_p0_1,"SNS-like boundary constriction, alpha=3.7, tau=0.1, p=0.1",boundary_lane,boundary_constriction,shape,3.7,0,0.1,0.1,0.886274509803923,0.1,0.12636165577342,1.10817836351117e-07,3.84183944545289e-07,0.14190608795274,170.386940548351,0.212679393419614,0.282129984796701,0.304194480125533,0.1595257937506,0.0495193998934374,0.221458715540043,0.303568233085553,0.324643845075613,0.146534298486273,0.0524307426244993,242.551161807888,233.706044260718,707,v7.4.6,gap_tied_weak_links_phase3_seed,/Users/asewaket/Documents/LTSpice Superconducting Circuit/matlab_v7_4_6_files/outputs/v7_4_6_as006_gap_weaklink_v800_phase3_seed_707/AS006_v7_4_6_gap_weaklink_scores.csv
AS006,crack_tunnel_a3_7_g0_4_p0_1,"tunnel/crack-like links, alpha=3.7, tau=0.4, p=0.1",tear_lane,crack_tunnel,shape,3.7,0,0.4,0.1,0.939869281045751,0.4,0.100217864923747,3.9045330940861e-07,4.20002770357978e-07,0.12185629267559,165.842906620584,0.21276829270342,0.284675256950248,0.306433354850619,0.155809710511653,0.0481456974387037,0.217408101532988,0.296954514840213,0.31810650607053,0.148083365754101,0.0482954000086727,241.583030219654,243.007893839419,707,v7.4.6,gap_tied_weak_links_phase3_seed,/Users/asewaket/Documents/LTSpice Superconducting Circuit/matlab_v7_4_6_files/outputs/v7_4_6_as006_gap_weaklink_v800_phase3_seed_707/AS006_v7_4_6_gap_weaklink_scores.csv
AS006,crack_tunnel_a4_1_g0_4_p0_1,"tunnel/crack-like links, alpha=4.1, tau=0.4, p=0.1",tear_lane,crack_tunnel,shape,4.1,0.999999999999997,0.4,0.1,0.939869281045751,0.4,0.100217864923747,4.32664477993324e-07,4.65408475261543e-07,0.135029945937816,165.842906620584,0.212805404219535,0.285283395215164,0.305217314034164,0.156870774571389,0.0485248581084897,0.217956679065792,0.29922110192547,0.318443264929957,0.147994697965804,0.048293207318811,240.550282162807,242.546155362858,707,v7.4.6,gap_tied_weak_links_phase3_seed,/Users/asewaket/Documents/LTSpice Superconducting Circuit/matlab_v7_4_6_files/outputs/v7_4_6_as006_gap_weaklink_v800_phase3_seed_707/AS006_v7_4_6_gap_weaklink_scores.csv
AS006,contact_relaxed_a4_1_g0_1_p0_3,"contact-relaxed SNS links, alpha=4.1, tau=0.1, p=0.3",contact_relaxation,contact_relaxed,shape,4.1,0.999999999999997,0.1,0.3,0.72980392156863,0.1,0.300217864923747,2.42027713127927e-07,1.72117063472914e-06,0.0579341751557764,36.1995033105324,0.212855899751768,0.279081485926869,0.316149320956187,0.146340946734867,0.0490105177400592,0.224854183206507,0.30379305758998,0.340212111380172,0.137193537573486,0.053614741560396,241.946958045221,231.59704317151,707,v7.4.6,gap_tied_weak_links_phase3_seed,/Users/asewaket/Documents/LTSpice Superconducting Circuit/matlab_v7_4_6_files/outputs/v7_4_6_as006_gap_weaklink_v800_phase3_seed_707/AS006_v7_4_6_gap_weaklink_scores.csv
AS006,boundary_sns_a3_7_g0_05_p0_1,"SNS-like boundary constriction, alpha=3.7, tau=0.05, p=0.1",boundary_lane,boundary_constriction,shape,3.7,0,0.05,0.1,0.879956427015252,0.05,0.12636165577342,5.48937606356936e-08,3.80612042002446e-07,0.14190608795274,171.985958653532,0.213036016633232,0.281110895840229,0.304338692889699,0.159801950410623,0.0517240367556776,0.214287706036562,0.287111314590265,0.309939774035384,0.15532941444919,0.0477708429691329,243.152043714589,247.196335244592,707,v7.4.6,gap_tied_weak_links_phase3_seed,/Users/asewaket/Documents/LTSpice Superconducting Circuit/matlab_v7_4_6_files/outputs/v7_4_6_as006_gap_weaklink_v800_phase3_seed_707/AS006_v7_4_6_gap_weaklink_scores.csv
AS006,boundary_sns_a3_7_g0_2_p0_1,"SNS-like boundary constriction, alpha=3.7, tau=0.2, p=0.1",boundary_lane,boundary_constriction,shape,3.7,0,0.2,0.1,0.898910675381263,0.2,0.12636165577342,2.19593943924356e-07,3.80782815440734e-07,0.14190608795274,171.971155093047,0.213102673019925,0.284570620952743,0.305910240734715,0.157685747438448,0.0484926385630697,0.224713693516892,0.310479033444477,0.33071939274124,0.143543693541866,0.0549008799154811,241.917093106071,230.439415837908,707,v7.4.6,gap_tied_weak_links_phase3_seed,/Users/asewaket/Documents/LTSpice Superconducting Circuit/matlab_v7_4_6_files/outputs/v7_4_6_as006_gap_weaklink_v800_phase3_seed_707/AS006_v7_4_6_gap_weaklink_scores.csv
AS006,contact_relaxed_a3_7_g0_2_p0_3,"contact-relaxed SNS links, alpha=3.7, tau=0.2, p=0.3",contact_relaxation,contact_relaxed,shape,3.7,0,0.2,0.3,0.759825708061001,0.2,0.300217864923747,2.43949403077618e-07,8.68155229588466e-07,0.0522820605064324,64.8210127636266,0.213176224133437,0.280783537167351,0.315602188809523,0.14678456447118,0.0493130474941937,0.226495308314162,0.308623957312782,0.342631336869763,0.136559933254872,0.0535478281673548,240.37068524219,230.415608918145,707,v7.4.6,gap_tied_weak_links_phase3_seed,/Users/asewaket/Documents/LTSpice Superconducting Circuit/matlab_v7_4_6_files/outputs/v7_4_6_as006_gap_weaklink_v800_phase3_seed_707/AS006_v7_4_6_gap_weaklink_scores.csv
AS006,combined_a4_1_g0_4_p0_05,"combined weak-link classes, alpha=4.1, tau=0.4, p=0.05",combined,boundary_constriction,shape,4.1,0.999999999999997,0.4,0.05,0.969934640522876,0.4,0.0501089324618736,4.92454469993012e-07,4.67660182029719e-07,0.145471799298186,173.481623261439,0.213432797603422,0.286912194260005,0.306419872353548,0.156717850069301,0.0481197045517696,0.220655892802521,0.306488636485607,0.325032743636266,0.144928726620989,0.0468226178872954,240.191879765105,237.792537950295,707,v7.4.6,gap_tied_weak_links_phase3_seed,/Users/asewaket/Documents/LTSpice Superconducting Circuit/matlab_v7_4_6_files/outputs/v7_4_6_as006_gap_weaklink_v800_phase3_seed_707/AS006_v7_4_6_gap_weaklink_scores.csv
AS006,boundary_sns_a4_1_g0_1_p0_1,"SNS-like boundary constriction, alpha=4.1, tau=0.1, p=0.1",boundary_lane,boundary_constriction,shape,4.1,0.999999999999997,0.1,0.1,0.886274509803923,0.1,0.12636165577342,1.2279814298367e-07,4.2571734395559e-07,0.157247286650334,170.386940548351,0.213527215509969,0.285251374821243,0.305261180744062,0.158904910267939,0.0495464985915673,0.222034341108354,0.305937655453656,0.324981593569614,0.146519598368331,0.0523667633808737,242.883768965794,234.099898930528,707,v7.4.6,gap_tied_weak_links_phase3_seed,/Users/asewaket/Documents/LTSpice Superconducting Circuit/matlab_v7_4_6_files/outputs/v7_4_6_as006_gap_weaklink_v800_phase3_seed_707/AS006_v7_4_6_gap_weaklink_scores.csv
AS006,combined_a3_3_g0_4_p0_05,"combined weak-link classes, alpha=3.3, tau=0.4, p=0.05",combined,boundary_constriction,shape,3.3,1,0.4,0.05,0.969934640522876,0.4,0.0501089324618736,3.96365792921205e-07,3.76409414804408e-07,0.117087057971711,173.481623261439,0.213565376424568,0.285604779284542,0.310098809559471,0.153711195684654,0.0474101915034049,0.21923498400626,0.300462609460898,0.324323070810755,0.145057587512402,0.0468249522610767,242.971982470158,239.218034220526,707,v7.4.6,gap_tied_weak_links_phase3_seed,/Users/asewaket/Documents/LTSpice Superconducting Circuit/matlab_v7_4_6_files/outputs/v7_4_6_as006_gap_weaklink_v800_phase3_seed_707/AS006_v7_4_6_gap_weaklink_scores.csv
AS006,combined_a3_7_g0_4_p0_05,"combined weak-link classes, alpha=3.7, tau=0.4, p=0.05",combined,boundary_constriction,shape,3.7,0,0.4,0.05,0.969934640522876,0.4,0.0501089324618736,4.44410131457108e-07,4.22034798417064e-07,0.131279428634948,173.481623261439,0.213757945296019,0.287363231572982,0.308579877460246,0.154958897412188,0.0477130875864485,0.220110614107331,0.304274394610548,0.32471195497883,0.144977782954756,0.0468105260197099,241.720428665838,238.642573526775,707,v7.4.6,gap_tied_weak_links_phase3_seed,/Users/asewaket/Documents/LTSpice Superconducting Circuit/matlab_v7_4_6_files/outputs/v7_4_6_as006_gap_weaklink_v800_phase3_seed_707/AS006_v7_4_6_gap_weaklink_scores.csv
AS006,contact_relaxed_a3_3_g0_4_p0_2,"contact-relaxed SNS links, alpha=3.3, tau=0.4, p=0.2",contact_relaxation,contact_relaxed,shape,3.3,1,0.4,0.2,0.879999999999998,0.4,0.2,2.03771493119011e-07,4.47108419000941e-07,0.0442561370154866,133.838517466402,0.21392742117791,0.284195224035183,0.315021134388917,0.14881175206149,0.0481402065969009,0.230549965218113,0.317800438247661,0.347608760759559,0.136837652577546,0.0555869907917447,239.133171962096,226.601731762448,707,v7.4.6,gap_tied_weak_links_phase3_seed,/Users/asewaket/Documents/LTSpice Superconducting Circuit/matlab_v7_4_6_files/outputs/v7_4_6_as006_gap_weaklink_v800_phase3_seed_707/AS006_v7_4_6_gap_weaklink_scores.csv
AS006,boundary_sns_a4_1_g0_2_p0_1,"SNS-like boundary constriction, alpha=4.1, tau=0.2, p=0.1",boundary_lane,boundary_constriction,shape,4.1,0.999999999999997,0.2,0.1,0.898910675381263,0.2,0.12636165577342,2.43333829754016e-07,4.2194852521811e-07,0.157247286650334,171.971155093047,0.213958264874152,0.287680455571773,0.307096192200598,0.156960241802251,0.0484922301951243,0.225244197113325,0.312704773499221,0.3310421889133,0.143514739689583,0.0547989568571527,242.33144221567,230.877251247571,707,v7.4.6,gap_tied_weak_links_phase3_seed,/Users/asewaket/Documents/LTSpice Superconducting Circuit/matlab_v7_4_6_files/outputs/v7_4_6_as006_gap_weaklink_v800_phase3_seed_707/AS006_v7_4_6_gap_weaklink_scores.csv
AS006,boundary_sns_a4_1_g0_05_p0_1,"SNS-like boundary constriction, alpha=4.1, tau=0.05, p=0.1",boundary_lane,boundary_constriction,shape,4.1,0.999999999999997,0.05,0.1,0.879956427015252,0.05,0.12636165577342,6.08282212449578e-08,4.21759289786494e-07,0.157247286650334,171.985958653532,0.214084999193301,0.28464601885715,0.305653642811434,0.159098424772494,0.0520120712237308,0.214950582102576,0.289798923377859,0.310439086522858,0.15523992807384,0.0476356756277209,243.527288543736,247.642663324391,707,v7.4.6,gap_tied_weak_links_phase3_seed,/Users/asewaket/Documents/LTSpice Superconducting Circuit/matlab_v7_4_6_files/outputs/v7_4_6_as006_gap_weaklink_v800_phase3_seed_707/AS006_v7_4_6_gap_weaklink_scores.csv
AS006,contact_relaxed_a3_7_g0_4_p0_2,"contact-relaxed SNS links, alpha=3.7, tau=0.4, p=0.2",contact_relaxation,contact_relaxed,shape,3.7,0,0.4,0.2,0.879999999999998,0.4,0.2,2.28471068042527e-07,5.01303378879843e-07,0.049620517259788,133.838517466402,0.214343412209842,0.287228309302629,0.313308079517407,0.150055226208269,0.0486305798307817,0.231765412155398,0.323174741263203,0.347985343371882,0.136871913048143,0.0555880773028126,237.87309121728,225.957004302059,707,v7.4.6,gap_tied_weak_links_phase3_seed,/Users/asewaket/Documents/LTSpice Superconducting Circuit/matlab_v7_4_6_files/outputs/v7_4_6_as006_gap_weaklink_v800_phase3_seed_707/AS006_v7_4_6_gap_weaklink_scores.csv
AS006,boundary_sns_a3_3_g0_4_p0_1,"SNS-like boundary constriction, alpha=3.3, tau=0.4, p=0.1",boundary_lane,boundary_constriction,shape,3.3,1,0.4,0.1,0.924183006535947,0.4,0.12636165577342,3.81256343217882e-07,3.59049551726072e-07,0.126564889255147,176.685577561432,0.214499827429881,0.288102914892245,0.311395922354201,0.152842903558949,0.0483997286886201,0.226166430165403,0.313498270809303,0.335928397232754,0.140656633528421,0.0536383929498679,241.803927772243,230.940541387657,707,v7.4.6,gap_tied_weak_links_phase3_seed,/Users/asewaket/Documents/LTSpice Superconducting Circuit/matlab_v7_4_6_files/outputs/v7_4_6_as006_gap_weaklink_v800_phase3_seed_707/AS006_v7_4_6_gap_weaklink_scores.csv
AS006,contact_relaxed_a3_7_g0_1_p0_1,"contact-relaxed SNS links, alpha=3.7, tau=0.1, p=0.1",contact_relaxation,contact_relaxed,shape,3.7,0,0.1,0.1,0.909803921568628,0.1,0.100217864923747,5.43380479119056e-08,5.69296453711208e-07,0.0455536160781892,123.791889768695,0.214781599959634,0.287597186257545,0.315531999774012,0.148016988125621,0.0491085787790789,0.236826676024519,0.329771615872177,0.356275847114855,0.136284280963596,0.0605236805949289,236.360304352177,222.194099831134,707,v7.4.6,gap_tied_weak_links_phase3_seed,/Users/asewaket/Documents/LTSpice Superconducting Circuit/matlab_v7_4_6_files/outputs/v7_4_6_as006_gap_weaklink_v800_phase3_seed_707/AS006_v7_4_6_gap_weaklink_scores.csv
AS006,contact_relaxed_a4_1_g0_2_p0_3,"contact-relaxed SNS links, alpha=4.1, tau=0.2, p=0.3",contact_relaxation,contact_relaxed,shape,4.1,0.999999999999997,0.2,0.3,0.759825708061001,0.2,0.300217864923747,2.70322311518442e-07,9.62009849003435e-07,0.0579341751557764,64.8210127636266,0.214898240728711,0.288118260942293,0.316579500224531,0.146417782458713,0.0493365892349419,0.228014255657565,0.315401808991414,0.343033670767507,0.136639852293249,0.0535607300867105,240.654664555947,230.700502393773,707,v7.4.6,gap_tied_weak_links_phase3_seed,/Users/asewaket/Documents/LTSpice Superconducting Circuit/matlab_v7_4_6_files/outputs/v7_4_6_as006_gap_weaklink_v800_phase3_seed_707/AS006_v7_4_6_gap_weaklink_scores.csv
AS006,contact_relaxed_a4_1_g0_2_p0_1,"contact-relaxed SNS links, alpha=4.1, tau=0.2, p=0.1",contact_relaxation,contact_relaxed,shape,4.1,0.999999999999997,0.2,0.1,0.919825708061001,0.2,0.100217864923747,1.07200622306659e-07,5.61567230145604e-07,0.0504783313298853,139.062824801718,0.214914030936373,0.288793138313305,0.314688369632033,0.148828464489597,0.049036788900506,0.235122766014314,0.329778049935019,0.353952848341214,0.135832938725823,0.0566271221321471,235.907860850938,223.85565226183,707,v7.4.6,gap_tied_weak_links_phase3_seed,/Users/asewaket/Documents/LTSpice Superconducting Circuit/matlab_v7_4_6_files/outputs/v7_4_6_as006_gap_weaklink_v800_phase3_seed_707/AS006_v7_4_6_gap_weaklink_scores.csv
AS006,contact_relaxed_a4_1_g0_4_p0_2,"contact-relaxed SNS links, alpha=4.1, tau=0.4, p=0.2",contact_relaxation,contact_relaxed,shape,4.1,0.999999999999997,0.4,0.2,0.879999999999998,0.4,0.2,2.53170642966044e-07,5.55498338758745e-07,0.0549848975040894,133.838517466402,0.214983281438751,0.290183209369125,0.312829421493593,0.150506399535179,0.049148710791867,0.232639642851149,0.327040480797492,0.348255212442542,0.136898267289102,0.0555882775724281,237.2538197038,225.898747460091,707,v7.4.6,gap_tied_weak_links_phase3_seed,/Users/asewaket/Documents/LTSpice Superconducting Circuit/matlab_v7_4_6_files/outputs/v7_4_6_as006_gap_weaklink_v800_phase3_seed_707/AS006_v7_4_6_gap_weaklink_scores.csv
AS006,contact_relaxed_a4_1_g0_1_p0_1,"contact-relaxed SNS links, alpha=4.1, tau=0.1, p=0.1",contact_relaxation,contact_relaxed,shape,4.1,0.999999999999997,0.1,0.1,0.909803921568628,0.1,0.100217864923747,6.02124314699494e-08,6.30842016274581e-07,0.0504783313298853,123.791889768695,0.214996209648105,0.288629767920361,0.314382996200843,0.148984698553218,0.0499501637771684,0.237651173372179,0.332943615100768,0.35690567212442,0.136250860135582,0.0604137503729132,235.116326581092,221.810743661667,707,v7.4.6,gap_tied_weak_links_phase3_seed,/Users/asewaket/Documents/LTSpice Superconducting Circuit/matlab_v7_4_6_files/outputs/v7_4_6_as006_gap_weaklink_v800_phase3_seed_707/AS006_v7_4_6_gap_weaklink_scores.csv
AS006,contact_relaxed_a3_3_g0_1_p0_1,"contact-relaxed SNS links, alpha=3.3, tau=0.1, p=0.1",contact_relaxation,contact_relaxed,shape,3.3,1,0.1,0.1,0.909803921568628,0.1,0.100217864923747,4.84636643538617e-08,5.07750891147834e-07,0.0406289008264931,123.791889768695,0.215165896071368,0.287422487030635,0.318462164444297,0.146072668402917,0.0485073700450384,0.235726891653201,0.325475198424057,0.355480120797632,0.136335975798991,0.0606490786973511,238.44471069673,223.500269935014,707,v7.4.6,gap_tied_weak_links_phase3_seed,/Users/asewaket/Documents/LTSpice Superconducting Circuit/matlab_v7_4_6_files/outputs/v7_4_6_as006_gap_weaklink_v800_phase3_seed_707/AS006_v7_4_6_gap_weaklink_scores.csv
AS006,contact_relaxed_a3_7_g0_2_p0_1,"contact-relaxed SNS links, alpha=3.7, tau=0.2, p=0.1",contact_relaxation,contact_relaxed,shape,3.7,0,0.2,0.1,0.919825708061001,0.2,0.100217864923747,9.67420250084488e-08,5.0678018330213e-07,0.0455536160781892,139.062824801718,0.215322590347256,0.28907565881836,0.317362048461286,0.146973302546277,0.0484370799278212,0.234297813013154,0.326503869953549,0.353441461315402,0.135805518100634,0.056705740184473,237.723122193981,224.930202884049,707,v7.4.6,gap_tied_weak_links_phase3_seed,/Users/asewaket/Documents/LTSpice Superconducting Circuit/matlab_v7_4_6_files/outputs/v7_4_6_as006_gap_weaklink_v800_phase3_seed_707/AS006_v7_4_6_gap_weaklink_scores.csv
AS006,crack_tunnel_a3_3_g0_4_p0_05,"tunnel/crack-like links, alpha=3.3, tau=0.4, p=0.05",tear_lane,crack_tunnel,shape,3.3,1,0.4,0.05,0.969673202614379,0.4,0.0505446623093682,3.53733970568422e-07,3.68838973538511e-07,0.115363186445638,175.858977727254,0.215399223772972,0.29091495506832,0.31452802105149,0.150909566990456,0.0470201682183618,0.219571055368583,0.300722507341197,0.323946206633881,0.145494715663523,0.0483585133130213,244.293601379676,242.525999203491,707,v7.4.6,gap_tied_weak_links_phase3_seed,/Users/asewaket/Documents/LTSpice Superconducting Circuit/matlab_v7_4_6_files/outputs/v7_4_6_as006_gap_weaklink_v800_phase3_seed_707/AS006_v7_4_6_gap_weaklink_scores.csv
AS006,contact_relaxed_a3_7_g0_05_p0_1,"contact-relaxed SNS links, alpha=3.7, tau=0.05, p=0.1",contact_relaxation,contact_relaxed,shape,3.7,0,0.05,0.1,0.904793028322441,0.05,0.100217864923747,2.95760688530092e-08,6.19733382400271e-07,0.0455536160781892,113.717101329244,0.215443651401359,0.289846622964279,0.315789236638183,0.14841114557583,0.0492265379559061,0.240165837999918,0.335230611824992,0.359813774751741,0.137272464056937,0.0643338922878818,235.870094028719,219.858414674053,707,v7.4.6,gap_tied_weak_links_phase3_seed,/Users/asewaket/Documents/LTSpice Superconducting Circuit/matlab_v7_4_6_files/outputs/v7_4_6_as006_gap_weaklink_v800_phase3_seed_707/AS006_v7_4_6_gap_weaklink_scores.csv
AS006,boundary_sns_a3_7_g0_4_p0_1,"SNS-like boundary constriction, alpha=3.7, tau=0.4, p=0.1",boundary_lane,boundary_constriction,shape,3.7,0,0.4,0.1,0.924183006535947,0.4,0.12636165577342,4.27469233304898e-07,4.0257070951105e-07,0.14190608795274,176.685577561432,0.215511623444644,0.292147544838414,0.312389589829461,0.152361292884915,0.0482771740771031,0.226967095511142,0.316956276882345,0.33631917355391,0.140635645458329,0.0535260901311095,242.15195870951,231.198904580726,707,v7.4.6,gap_tied_weak_links_phase3_seed,/Users/asewaket/Documents/LTSpice Superconducting Circuit/matlab_v7_4_6_files/outputs/v7_4_6_as006_gap_weaklink_v800_phase3_seed_707/AS006_v7_4_6_gap_weaklink_scores.csv
AS006,contact_relaxed_a3_3_g0_05_p0_1,"contact-relaxed SNS links, alpha=3.3, tau=0.05, p=0.1",contact_relaxation,contact_relaxed,shape,3.3,1,0.05,0.1,0.904793028322441,0.05,0.100217864923747,2.63786560040352e-08,5.52735178897539e-07,0.0406289008264931,113.717101329244,0.215573710504611,0.288738114220089,0.318088923056794,0.14692376764607,0.0488201133959903,0.239076427151948,0.330818137772711,0.359147784563328,0.137340970669881,0.0643791616638531,237.457161812048,220.941210789149,707,v7.4.6,gap_tied_weak_links_phase3_seed,/Users/asewaket/Documents/LTSpice Superconducting Circuit/matlab_v7_4_6_files/outputs/v7_4_6_as006_gap_weaklink_v800_phase3_seed_707/AS006_v7_4_6_gap_weaklink_scores.csv
AS006,contact_relaxed_a4_1_g0_05_p0_1,"contact-relaxed SNS links, alpha=4.1, tau=0.05, p=0.1",contact_relaxation,contact_relaxed,shape,4.1,0.999999999999997,0.05,0.1,0.904793028322441,0.05,0.100217864923747,3.27734817019831e-08,6.86731585903003e-07,0.0504783313298853,113.717101329244,0.215649964449359,0.290993016433312,0.314656676518879,0.149279779789347,0.0500078971687594,0.240961937435694,0.338393265725834,0.360345304086267,0.137220413206526,0.0642866227935127,234.733168278222,219.480699412459,707,v7.4.6,gap_tied_weak_links_phase3_seed,/Users/asewaket/Documents/LTSpice Superconducting Circuit/matlab_v7_4_6_files/outputs/v7_4_6_as006_gap_weaklink_v800_phase3_seed_707/AS006_v7_4_6_gap_weaklink_scores.csv
AS006,boundary_sns_a4_1_g0_7_p0_3,"SNS-like boundary constriction, alpha=4.1, tau=0.7, p=0.3",boundary_lane,boundary_constriction,shape,4.1,0.999999999999997,0.7,0.3,0.905228758169932,0.7,0.315904139433551,6.76433575448825e-07,4.59930413230073e-07,0.121680108360975,173.53941617101,0.215681965296092,0.295080309273595,0.313526026012023,0.149508156026924,0.0477737766521725,0.22911266386468,0.323510458823319,0.340964651981667,0.137629431225259,0.0533279305005921,240.959476852164,229.409582937593,707,v7.4.6,gap_tied_weak_links_phase3_seed,/Users/asewaket/Documents/LTSpice Superconducting Circuit/matlab_v7_4_6_files/outputs/v7_4_6_as006_gap_weaklink_v800_phase3_seed_707/AS006_v7_4_6_gap_weaklink_scores.csv
AS006,combined_a4_1_g0_7_p0_2,"combined weak-link classes, alpha=4.1, tau=0.7, p=0.2",combined,boundary_constriction,shape,4.1,0.999999999999997,0.7,0.2,0.939999999999999,0.7,0.2,7.48193473346126e-07,4.70558743828063e-07,0.138044191466436,173.158709141207,0.215699357640567,0.294476810194421,0.313216177022241,0.150252012156325,0.0480766530240854,0.228364679184405,0.322278890787716,0.340000235832872,0.138163477974892,0.0518397449581674,240.430538370021,230.434122976494,707,v7.4.6,gap_tied_weak_links_phase3_seed,/Users/asewaket/Documents/LTSpice Superconducting Circuit/matlab_v7_4_6_files/outputs/v7_4_6_as006_gap_weaklink_v800_phase3_seed_707/AS006_v7_4_6_gap_weaklink_scores.csv
AS006,crack_tunnel_a4_1_g0_4_p0_05,"tunnel/crack-like links, alpha=4.1, tau=0.4, p=0.05",tear_lane,crack_tunnel,shape,4.1,0.999999999999997,0.4,0.05,0.969673202614379,0.4,0.0505446623093682,4.39487660403191e-07,4.58254482275119e-07,0.143330019523368,175.858977727254,0.215742427680672,0.293420280962794,0.312209100438289,0.152707722814429,0.0480412781555241,0.220894401438913,0.306463152044748,0.324634870079222,0.145282906152141,0.0482941998210043,241.396662329801,242.518001722603,707,v7.4.6,gap_tied_weak_links_phase3_seed,/Users/asewaket/Documents/LTSpice Superconducting Circuit/matlab_v7_4_6_files/outputs/v7_4_6_as006_gap_weaklink_v800_phase3_seed_707/AS006_v7_4_6_gap_weaklink_scores.csv
AS006,crack_tunnel_a3_7_g0_4_p0_05,"tunnel/crack-like links, alpha=3.7, tau=0.4, p=0.05",tear_lane,crack_tunnel,shape,3.7,0,0.4,0.05,0.969673202614379,0.4,0.0505446623093682,3.96610815485807e-07,4.13546727906815e-07,0.129346602984503,175.858977727254,0.215786637628995,0.293214796846594,0.313675569449482,0.151583679486134,0.0473065454041197,0.220387324849249,0.304348995566699,0.324325000809989,0.145372715748872,0.0483029825759764,242.998435984837,242.632362553949,707,v7.4.6,gap_tied_weak_links_phase3_seed,/Users/asewaket/Documents/LTSpice Superconducting Circuit/matlab_v7_4_6_files/outputs/v7_4_6_as006_gap_weaklink_v800_phase3_seed_707/AS006_v7_4_6_gap_weaklink_scores.csv
AS006,contact_relaxed_a3_3_g0_4_p0_3,"contact-relaxed SNS links, alpha=3.3, tau=0.4, p=0.3",contact_relaxation,contact_relaxed,shape,3.3,1,0.4,0.3,0.819869281045749,0.4,0.300217864923747,2.58853637944341e-07,5.05285219203925e-07,0.0466299458570883,108.969136751707,0.215884740972453,0.289414138128925,0.3204294651452,0.144402375156723,0.0487550337833357,0.228833637453815,0.315707384583888,0.346024399507018,0.135856526589252,0.0530974453113419,241.198764452798,230.922179235918,707,v7.4.6,gap_tied_weak_links_phase3_seed,/Users/asewaket/Documents/LTSpice Superconducting Circuit/matlab_v7_4_6_files/outputs/v7_4_6_as006_gap_weaklink_v800_phase3_seed_707/AS006_v7_4_6_gap_weaklink_scores.csv
AS006,combined_a4_1_g0_7_p0_3,"combined weak-link classes, alpha=4.1, tau=0.7, p=0.3",combined,boundary_constriction,shape,4.1,0.999999999999997,0.7,0.3,0.909934640522874,0.7,0.300217864923747,6.43977118317904e-07,4.77407456426706e-07,0.118783603724796,166.028216607699,0.21588709959886,0.294984489270241,0.314276088416455,0.148976898617381,0.0482467307235363,0.227960270245254,0.321584666177096,0.339990728016575,0.137825701512028,0.0509507841301323,240.48888157741,231.432744645236,707,v7.4.6,gap_tied_weak_links_phase3_seed,/Users/asewaket/Documents/LTSpice Superconducting Circuit/matlab_v7_4_6_files/outputs/v7_4_6_as006_gap_weaklink_v800_phase3_seed_707/AS006_v7_4_6_gap_weaklink_scores.csv
AS006,boundary_sns_a4_1_g0_4_p0_1,"SNS-like boundary constriction, alpha=4.1, tau=0.4, p=0.1",boundary_lane,boundary_constriction,shape,4.1,0.999999999999997,0.4,0.1,0.924183006535947,0.4,0.12636165577342,4.73682123391914e-07,4.46091867296029e-07,0.157247286650334,176.685577561432,0.216298022319297,0.294959647526483,0.313476695457571,0.151808871008724,0.0481851582583505,0.227475731201938,0.319023554203137,0.336637011719621,0.140631010936854,0.0534515676261476,242.579706509196,231.522492445286,707,v7.4.6,gap_tied_weak_links_phase3_seed,/Users/asewaket/Documents/LTSpice Superconducting Circuit/matlab_v7_4_6_files/outputs/v7_4_6_as006_gap_weaklink_v800_phase3_seed_707/AS006_v7_4_6_gap_weaklink_scores.csv
AS006,combined_a4_1_g0_7_p0_1,"combined weak-link classes, alpha=4.1, tau=0.7, p=0.1",combined,boundary_constriction,shape,4.1,0.999999999999997,0.7,0.1,0.969934640522875,0.7,0.100217864923747,7.63597249091495e-07,4.61593074367263e-07,0.141209994454376,178.555742183596,0.216392031645183,0.296344088654357,0.314616015841153,0.149883101438539,0.0476841650513648,0.227106843763994,0.320935198368129,0.338281382297416,0.138716352538918,0.0492111607577175,240.971331341575,232.662099232706,707,v7.4.6,gap_tied_weak_links_phase3_seed,/Users/asewaket/Documents/LTSpice Superconducting Circuit/matlab_v7_4_6_files/outputs/v7_4_6_as006_gap_weaklink_v800_phase3_seed_707/AS006_v7_4_6_gap_weaklink_scores.csv
AS006,contact_relaxed_a3_3_g0_2_p0_1,"contact-relaxed SNS links, alpha=3.3, tau=0.2, p=0.1",contact_relaxation,contact_relaxed,shape,3.3,1,0.2,0.1,0.919825708061001,0.2,0.100217864923747,8.62834277102381e-08,4.51993136458657e-07,0.0406289008264931,139.062824801718,0.216658467721681,0.291081848482223,0.322362832083786,0.143979453669698,0.0481012168924357,0.233242669753357,0.322369820757661,0.352747401675476,0.135773015044083,0.056819306271937,240.60816604448,227.24268314983,707,v7.4.6,gap_tied_weak_links_phase3_seed,/Users/asewaket/Documents/LTSpice Superconducting Circuit/matlab_v7_4_6_files/outputs/v7_4_6_as006_gap_weaklink_v800_phase3_seed_707/AS006_v7_4_6_gap_weaklink_scores.csv
AS006,contact_relaxed_a4_1_g0_4_p0_1,"contact-relaxed SNS links, alpha=4.1, tau=0.4, p=0.1",contact_relaxation,contact_relaxed,shape,4.1,0.999999999999997,0.4,0.1,0.939869281045751,0.4,0.100217864923747,1.86749326395922e-07,4.93235357439807e-07,0.0504783313298853,159.653816655391,0.216803591767581,0.295824585073774,0.317582460449108,0.147327214006277,0.0482650504703443,0.234140317623444,0.331372080350336,0.351868453669103,0.135782842261981,0.0538311610184778,237.716816201994,226.513120670895,707,v7.4.6,gap_tied_weak_links_phase3_seed,/Users/asewaket/Documents/LTSpice Superconducting Circuit/matlab_v7_4_6_files/outputs/v7_4_6_as006_gap_weaklink_v800_phase3_seed_707/AS006_v7_4_6_gap_weaklink_scores.csv
AS006,boundary_sns_a4_1_g0_7_p0_2,"SNS-like boundary constriction, alpha=4.1, tau=0.7, p=0.2",boundary_lane,boundary_constriction,shape,4.1,0.999999999999997,0.7,0.2,0.933594771241829,0.7,0.221350762527233,7.36373060268172e-07,4.54317410050298e-07,0.141076166229977,180.324594545609,0.216860395329363,0.297232629144504,0.315231915244359,0.150006699121566,0.0479051219227259,0.229721215472697,0.32486498261557,0.341791083894225,0.138327533765292,0.0526972807264089,240.962565767456,230.057452104835,707,v7.4.6,gap_tied_weak_links_phase3_seed,/Users/asewaket/Documents/LTSpice Superconducting Circuit/matlab_v7_4_6_files/outputs/v7_4_6_as006_gap_weaklink_v800_phase3_seed_707/AS006_v7_4_6_gap_weaklink_scores.csv
AS006,crack_tunnel_a4_1_g0_7_p0_3,"tunnel/crack-like links, alpha=4.1, tau=0.7, p=0.3",tear_lane,crack_tunnel,shape,4.1,0.999999999999997,0.7,0.3,0.909934640522874,0.7,0.300217864923747,5.94023444065566e-07,4.78325312601975e-07,0.096726229961909,161.144716942382,0.217227675801151,0.299588881706909,0.317625199049078,0.145548490212477,0.0487697861973653,0.225687571668677,0.319406969063863,0.336879210718462,0.137079908037961,0.04814238547476,241.746719357269,236.09417098358,707,v7.4.6,gap_tied_weak_links_phase3_seed,/Users/asewaket/Documents/LTSpice Superconducting Circuit/matlab_v7_4_6_files/outputs/v7_4_6_as006_gap_weaklink_v800_phase3_seed_707/AS006_v7_4_6_gap_weaklink_scores.csv
AS006,crack_tunnel_a4_1_g0_7_p0_2,"tunnel/crack-like links, alpha=4.1, tau=0.7, p=0.2",tear_lane,crack_tunnel,shape,4.1,0.999999999999997,0.7,0.2,0.93986928104575,0.7,0.200435729847495,6.21243159876395e-07,4.67942241579844e-07,0.108899478418615,168.913937289275,0.217240171952296,0.299106856537571,0.317208064744038,0.146799387599135,0.0484806554229215,0.225915831252915,0.319451796722571,0.336919527345324,0.137895459046099,0.0481488628800621,241.683221361483,235.684650187206,707,v7.4.6,gap_tied_weak_links_phase3_seed,/Users/asewaket/Documents/LTSpice Superconducting Circuit/matlab_v7_4_6_files/outputs/v7_4_6_as006_gap_weaklink_v800_phase3_seed_707/AS006_v7_4_6_gap_weaklink_scores.csv
AS006,contact_relaxed_a4_1_g0_4_p0_3,"contact-relaxed SNS links, alpha=4.1, tau=0.4, p=0.3",contact_relaxation,contact_relaxed,shape,4.1,0.999999999999997,0.4,0.3,0.819869281045749,0.4,0.300217864923747,3.21606035021756e-07,6.27778605677603e-07,0.0579341751557764,108.969136751707,0.217372454280283,0.297429962329811,0.318899180543678,0.145577828494641,0.0493864575018683,0.231196759086131,0.326122230157021,0.346715803515403,0.136007248324867,0.0530998487155943,239.84145746383,230.273968182828,707,v7.4.6,gap_tied_weak_links_phase3_seed,/Users/asewaket/Documents/LTSpice Superconducting Circuit/matlab_v7_4_6_files/outputs/v7_4_6_as006_gap_weaklink_v800_phase3_seed_707/AS006_v7_4_6_gap_weaklink_scores.csv
AS006,contact_relaxed_a3_7_g0_4_p0_3,"contact-relaxed SNS links, alpha=3.7, tau=0.4, p=0.3",contact_relaxation,contact_relaxed,shape,3.7,0,0.4,0.3,0.819869281045749,0.4,0.300217864923747,2.90229836483048e-07,5.66531912440764e-07,0.0522820605064324,108.969136751707,0.217385315303717,0.295585349125898,0.320896802674306,0.144394456062272,0.0492787526348125,0.23023484024578,0.321874529428122,0.346437425670462,0.135941808625831,0.0531069160951788,240.953914649463,231.2343762061,707,v7.4.6,gap_tied_weak_links_phase3_seed,/Users/asewaket/Documents/LTSpice Superconducting Circuit/matlab_v7_4_6_files/outputs/v7_4_6_as006_gap_weaklink_v800_phase3_seed_707/AS006_v7_4_6_gap_weaklink_scores.csv
AS006,combined_a3_7_g0_7_p0_2,"combined weak-link classes, alpha=3.7, tau=0.7, p=0.2",combined,boundary_constriction,shape,3.7,0,0.7,0.2,0.939999999999999,0.7,0.2,6.75198988141626e-07,4.24650573698496e-07,0.124576465469711,173.158709141207,0.217523084197388,0.29841851194568,0.318483723246618,0.146930846985672,0.0481868346275865,0.22785667663691,0.320273960673541,0.339656149323108,0.13817610174708,0.0518910340117186,243.031495638696,233.051589258886,707,v7.4.6,gap_tied_weak_links_phase3_seed,/Users/asewaket/Documents/LTSpice Superconducting Circuit/matlab_v7_4_6_files/outputs/v7_4_6_as006_gap_weaklink_v800_phase3_seed_707/AS006_v7_4_6_gap_weaklink_scores.csv
AS006,boundary_sns_a3_7_g0_7_p0_3,"SNS-like boundary constriction, alpha=3.7, tau=0.7, p=0.3",boundary_lane,boundary_constriction,shape,3.7,0,0.7,0.3,0.905228758169932,0.7,0.315904139433551,6.10440055892842e-07,4.15059153402749e-07,0.109808878276977,173.53941617101,0.217604707818258,0.299193540343716,0.319012112569488,0.146120944203496,0.0479076214966018,0.228607708220366,0.321473893002891,0.340643426181152,0.137640460609353,0.0533880765202322,243.627078896821,232.122648272848,707,v7.4.6,gap_tied_weak_links_phase3_seed,/Users/asewaket/Documents/LTSpice Superconducting Circuit/matlab_v7_4_6_files/outputs/v7_4_6_as006_gap_weaklink_v800_phase3_seed_707/AS006_v7_4_6_gap_weaklink_scores.csv
AS006,combined_a3_7_g0_7_p0_3,"combined weak-link classes, alpha=3.7, tau=0.7, p=0.3",combined,boundary_constriction,shape,3.7,0,0.7,0.3,0.909934640522874,0.7,0.300217864923747,5.8115008238445e-07,4.30831119214345e-07,0.107194959458962,166.028216607699,0.217969886443686,0.299421322349683,0.32008838082683,0.145521834157854,0.0483711507244786,0.227437648982918,0.319526863356863,0.339639840313451,0.137840774403301,0.0509906930050625,243.333867207813,234.305961204757,707,v7.4.6,gap_tied_weak_links_phase3_seed,/Users/asewaket/Documents/LTSpice Superconducting Circuit/matlab_v7_4_6_files/outputs/v7_4_6_as006_gap_weaklink_v800_phase3_seed_707/AS006_v7_4_6_gap_weaklink_scores.csv
AS006,combined_a4_1_g0_7_p0_05,"combined weak-link classes, alpha=4.1, tau=0.7, p=0.05",combined,boundary_constriction,shape,4.1,0.999999999999997,0.7,0.05,0.984967320261438,0.7,0.0501089324618736,8.18450296750197e-07,4.53709559710741e-07,0.145471799298186,182.66918841368,0.21798405291889,0.30018824099882,0.318032770634157,0.148178826798473,0.0479511414877661,0.227143799873059,0.321767006205528,0.338826166043737,0.138628204245094,0.0477209472768586,241.146921681588,235.110875874512,707,v7.4.6,gap_tied_weak_links_phase3_seed,/Users/asewaket/Documents/LTSpice Superconducting Circuit/matlab_v7_4_6_files/outputs/v7_4_6_as006_gap_weaklink_v800_phase3_seed_707/AS006_v7_4_6_gap_weaklink_scores.csv
AS006,boundary_sns_a4_1_g0_05_p0_05,"SNS-like boundary constriction, alpha=4.1, tau=0.05, p=0.05",boundary_lane,boundary_constriction,shape,4.1,0.999999999999997,0.05,0.05,0.939978213507626,0.05,0.0631808278867102,5.97494397883464e-08,4.25575375095252e-07,0.165083628750454,180.941267129385,0.217997698527064,0.299372125817239,0.317678229702105,0.149895624120011,0.0473099346893847,0.226289052557069,0.317231866293174,0.33489195669061,0.141638082805139,0.0511048687771759,245.346924996713,234.274640317902,707,v7.4.6,gap_tied_weak_links_phase3_seed,/Users/asewaket/Documents/LTSpice Superconducting Circuit/matlab_v7_4_6_files/outputs/v7_4_6_as006_gap_weaklink_v800_phase3_seed_707/AS006_v7_4_6_gap_weaklink_scores.csv
AS006,combined_a3_7_g0_7_p0_1,"combined weak-link classes, alpha=3.7, tau=0.7, p=0.1",combined,boundary_constriction,shape,3.7,0,0.7,0.1,0.969934640522875,0.7,0.100217864923747,6.89099956497203e-07,4.16559603697286e-07,0.127433409629559,178.555742183596,0.218023128605083,0.299872246750011,0.319504158903503,0.146806065761127,0.047603535992868,0.226603633565647,0.318942614783712,0.337954728608763,0.138731361297554,0.0492405763572445,243.535003210897,234.991208002135,707,v7.4.6,gap_tied_weak_links_phase3_seed,/Users/asewaket/Documents/LTSpice Superconducting Circuit/matlab_v7_4_6_files/outputs/v7_4_6_as006_gap_weaklink_v800_phase3_seed_707/AS006_v7_4_6_gap_weaklink_scores.csv
AS006,crack_tunnel_a4_1_g0_7_p0_1,"tunnel/crack-like links, alpha=4.1, tau=0.7, p=0.1",tear_lane,crack_tunnel,shape,4.1,0.999999999999997,0.7,0.1,0.969934640522875,0.7,0.100217864923747,7.02011565247013e-07,4.57416186343866e-07,0.135029945937816,178.871818933816,0.218124388942714,0.300590841016561,0.318594647675144,0.147429405299501,0.0482037136411302,0.225728606765864,0.31905122011807,0.336421285343546,0.139039327268289,0.0470554052746834,241.708752751172,237.302883964044,707,v7.4.6,gap_tied_weak_links_phase3_seed,/Users/asewaket/Documents/LTSpice Superconducting Circuit/matlab_v7_4_6_files/outputs/v7_4_6_as006_gap_weaklink_v800_phase3_seed_707/AS006_v7_4_6_gap_weaklink_scores.csv
AS006,boundary_sns_a4_1_g0_1_p0_05,"SNS-like boundary constriction, alpha=4.1, tau=0.1, p=0.05",boundary_lane,boundary_constriction,shape,4.1,0.999999999999997,0.1,0.05,0.943137254901961,0.1,0.0631808278867102,1.19719239461332e-07,4.26360150156687e-07,0.165083628750454,180.608219601431,0.218166451870449,0.300176971178887,0.318225259697005,0.149341953606601,0.0470836416953469,0.228746522336392,0.321580607805373,0.338887239049361,0.140306357531645,0.0537163886256505,244.796271644208,231.699886056783,707,v7.4.6,gap_tied_weak_links_phase3_seed,/Users/asewaket/Documents/LTSpice Superconducting Circuit/matlab_v7_4_6_files/outputs/v7_4_6_as006_gap_weaklink_v800_phase3_seed_707/AS006_v7_4_6_gap_weaklink_scores.csv
AS006,boundary_sns_a3_3_g0_1_p0_05,"SNS-like boundary constriction, alpha=3.3, tau=0.1, p=0.05",boundary_lane,boundary_constriction,shape,3.3,1,0.1,0.05,0.943137254901961,0.1,0.0631808278867102,9.63593878591208e-08,3.4316792573587e-07,0.132872188994267,180.608219601431,0.218320187330652,0.297265581763071,0.319919378410517,0.148214214246709,0.0492086748633982,0.22747611207756,0.31611286370964,0.338211848388472,0.140342721223616,0.0539685604688133,244.514712313672,234.105741316224,707,v7.4.6,gap_tied_weak_links_phase3_seed,/Users/asewaket/Documents/LTSpice Superconducting Circuit/matlab_v7_4_6_files/outputs/v7_4_6_as006_gap_weaklink_v800_phase3_seed_707/AS006_v7_4_6_gap_weaklink_scores.csv
AS006,combined_a3_3_g0_7_p0_2,"combined weak-link classes, alpha=3.3, tau=0.7, p=0.2",combined,boundary_constriction,shape,3.3,1,0.7,0.2,0.939999999999999,0.7,0.2,6.02204502937126e-07,3.78742403568929e-07,0.111108739472985,173.158709141207,0.218481875452897,0.299325336784658,0.322101184976745,0.1448203640475,0.0483815117111479,0.227061621029119,0.316936841593282,0.339228415841231,0.138199765224146,0.0519718292999767,244.859971779286,234.99374352684,707,v7.4.6,gap_tied_weak_links_phase3_seed,/Users/asewaket/Documents/LTSpice Superconducting Circuit/matlab_v7_4_6_files/outputs/v7_4_6_as006_gap_weaklink_v800_phase3_seed_707/AS006_v7_4_6_gap_weaklink_scores.csv
AS006,contact_relaxed_a3_7_g0_4_p0_1,"contact-relaxed SNS links, alpha=3.7, tau=0.4, p=0.1",contact_relaxation,contact_relaxed,shape,3.7,0,0.4,0.1,0.939869281045751,0.4,0.100217864923747,1.68529879918271e-07,4.45114834762753e-07,0.0455536160781892,159.653816655391,0.218494032241352,0.299126323042811,0.323039190187835,0.144179490324794,0.0478008924292474,0.233440274763357,0.328483536671948,0.351512350068059,0.135761055601174,0.0538699050242644,240.748642912643,228.791886559326,707,v7.4.6,gap_tied_weak_links_phase3_seed,/Users/asewaket/Documents/LTSpice Superconducting Circuit/matlab_v7_4_6_files/outputs/v7_4_6_as006_gap_weaklink_v800_phase3_seed_707/AS006_v7_4_6_gap_weaklink_scores.csv
AS006,contact_relaxed_a4_1_g0_7_p0_2,"contact-relaxed SNS links, alpha=4.1, tau=0.7, p=0.2",contact_relaxation,contact_relaxed,shape,4.1,0.999999999999997,0.7,0.2,0.939999999999999,0.7,0.2,3.54396181716826e-07,4.67635740083799e-07,0.0549848975040894,167.318312724979,0.218509340946859,0.301863725727681,0.320220131746815,0.145921989859651,0.0478952611251229,0.23379521012106,0.33297382916932,0.35037734320477,0.136002124335504,0.0528392154082517,239.51237943041,228.459648199372,707,v7.4.6,gap_tied_weak_links_phase3_seed,/Users/asewaket/Documents/LTSpice Superconducting Circuit/matlab_v7_4_6_files/outputs/v7_4_6_as006_gap_weaklink_v800_phase3_seed_707/AS006_v7_4_6_gap_weaklink_scores.csv
AS006,boundary_sns_a3_3_g0_05_p0_05,"SNS-like boundary constriction, alpha=3.3, tau=0.05, p=0.05",boundary_lane,boundary_constriction,shape,3.3,1,0.05,0.05,0.939978213507626,0.05,0.0631808278867102,4.80910125125715e-08,3.4253627751569e-07,0.132872188994267,180.941267129385,0.218583211245195,0.296941818321113,0.319981326800988,0.148437921008176,0.0504595147429099,0.224920029347411,0.311558269777832,0.334142024434811,0.141678900544426,0.0511947085177721,244.809273258159,237.603719922139,707,v7.4.6,gap_tied_weak_links_phase3_seed,/Users/asewaket/Documents/LTSpice Superconducting Circuit/matlab_v7_4_6_files/outputs/v7_4_6_as006_gap_weaklink_v800_phase3_seed_707/AS006_v7_4_6_gap_weaklink_scores.csv
AS006,boundary_sns_a3_3_g0_7_p0_3,"SNS-like boundary constriction, alpha=3.3, tau=0.7, p=0.3",boundary_lane,boundary_constriction,shape,3.3,1,0.7,0.3,0.905228758169932,0.7,0.315904139433551,5.44446536336859e-07,3.70187893575425e-07,0.0979376481929796,173.53941617101,0.218604142083487,0.300128635046366,0.322664423084239,0.144056864742849,0.0481582540450876,0.227830129964207,0.318156491798659,0.340245878106129,0.137668931486693,0.0534777069782855,245.405957359628,234.103186192328,707,v7.4.6,gap_tied_weak_links_phase3_seed,/Users/asewaket/Documents/LTSpice Superconducting Circuit/matlab_v7_4_6_files/outputs/v7_4_6_as006_gap_weaklink_v800_phase3_seed_707/AS006_v7_4_6_gap_weaklink_scores.csv
AS006,boundary_sns_a3_7_g0_7_p0_2,"SNS-like boundary constriction, alpha=3.7, tau=0.7, p=0.2",boundary_lane,boundary_constriction,shape,3.7,0,0.7,0.2,0.933594771241829,0.7,0.221350762527233,6.64531786095668e-07,4.09993760289293e-07,0.127312637817297,180.324594545609,0.218606000646224,0.300932134917445,0.320264637123588,0.146884173056354,0.0480295370269542,0.229231848350155,0.322880753577456,0.341481188502025,0.13834385560922,0.0527565887832523,243.434539864138,232.568723397939,707,v7.4.6,gap_tied_weak_links_phase3_seed,/Users/asewaket/Documents/LTSpice Superconducting Circuit/matlab_v7_4_6_files/outputs/v7_4_6_as006_gap_weaklink_v800_phase3_seed_707/AS006_v7_4_6_gap_weaklink_scores.csv
AS006,boundary_sns_a3_7_g0_05_p0_05,"SNS-like boundary constriction, alpha=3.7, tau=0.05, p=0.05",boundary_lane,boundary_constriction,shape,3.7,0,0.05,0.05,0.939978213507626,0.05,0.0631808278867102,5.39202261504589e-08,3.84055826305471e-07,0.148977908872361,180.941267129385,0.218701603121677,0.299463651443507,0.319459487059565,0.148805561031215,0.0489833105216195,0.225750953838872,0.315080434116018,0.334556461550368,0.141652677803254,0.0511346801111286,245.093381757019,236.471733532665,707,v7.4.6,gap_tied_weak_links_phase3_seed,/Users/asewaket/Documents/LTSpice Superconducting Circuit/matlab_v7_4_6_files/outputs/v7_4_6_as006_gap_weaklink_v800_phase3_seed_707/AS006_v7_4_6_gap_weaklink_scores.csv
AS006,boundary_sns_a3_7_g0_1_p0_05,"SNS-like boundary constriction, alpha=3.7, tau=0.1, p=0.05",boundary_lane,boundary_constriction,shape,3.7,0,0.1,0.05,0.943137254901961,0.1,0.0631808278867102,1.08039313660226e-07,3.84764037946279e-07,0.148977908872361,180.608219601431,0.218712278936502,0.300172813736865,0.319849038383806,0.148335712835686,0.048233122729375,0.228252642509209,0.31951976702074,0.338584006412265,0.140319297870658,0.0538223119655208,244.820991577162,233.428240877244,707,v7.4.6,gap_tied_weak_links_phase3_seed,/Users/asewaket/Documents/LTSpice Superconducting Circuit/matlab_v7_4_6_files/outputs/v7_4_6_as006_gap_weaklink_v800_phase3_seed_707/AS006_v7_4_6_gap_weaklink_scores.csv
AS006,combined_a3_3_g0_7_p0_1,"combined weak-link classes, alpha=3.3, tau=0.7, p=0.1",combined,boundary_constriction,shape,3.3,1,0.7,0.1,0.969934640522875,0.7,0.100217864923747,6.1460266390291e-07,3.7152613302731e-07,0.113656824804742,178.555742183596,0.218772410978166,0.300309227613372,0.322683263522875,0.144933930673776,0.0476897027702064,0.225815248779462,0.315614091534414,0.337547420012825,0.13876402401093,0.0492991373267912,245.213338267857,236.681992269809,707,v7.4.6,gap_tied_weak_links_phase3_seed,/Users/asewaket/Documents/LTSpice Superconducting Circuit/matlab_v7_4_6_files/outputs/v7_4_6_as006_gap_weaklink_v800_phase3_seed_707/AS006_v7_4_6_gap_weaklink_scores.csv
AS006,crack_tunnel_a3_7_g0_7_p0_2,"tunnel/crack-like links, alpha=3.7, tau=0.7, p=0.2",tear_lane,crack_tunnel,shape,3.7,0,0.7,0.2,0.93986928104575,0.7,0.200435729847495,5.60634071107966e-07,4.22289339962298e-07,0.0982751390607016,168.913937289275,0.218824970715409,0.302436773102487,0.321951122412908,0.144038240636455,0.048225815456403,0.225376735288272,0.317405071188027,0.336530175271777,0.137909461661593,0.0481639714507297,244.289262971485,237.892922484768,707,v7.4.6,gap_tied_weak_links_phase3_seed,/Users/asewaket/Documents/LTSpice Superconducting Circuit/matlab_v7_4_6_files/outputs/v7_4_6_as006_gap_weaklink_v800_phase3_seed_707/AS006_v7_4_6_gap_weaklink_scores.csv
AS006,contact_relaxed_a4_1_g0_7_p0_3,"contact-relaxed SNS links, alpha=4.1, tau=0.7, p=0.3",contact_relaxation,contact_relaxed,shape,4.1,0.999999999999997,0.7,0.3,0.909934640522874,0.7,0.300217864923747,3.91974878547671e-07,4.82876239374948e-07,0.0579341751557764,156.46150907818,0.218925444797529,0.303392282539625,0.321384771509855,0.144638059527494,0.0480140168964077,0.233385879566645,0.332817321021117,0.349968082831388,0.135570055557482,0.0522053624103256,239.949143717413,229.485662926976,707,v7.4.6,gap_tied_weak_links_phase3_seed,/Users/asewaket/Documents/LTSpice Superconducting Circuit/matlab_v7_4_6_files/outputs/v7_4_6_as006_gap_weaklink_v800_phase3_seed_707/AS006_v7_4_6_gap_weaklink_scores.csv
AS006,boundary_sns_a4_1_g0_2_p0_05,"SNS-like boundary constriction, alpha=4.1, tau=0.2, p=0.05",boundary_lane,boundary_constriction,shape,4.1,0.999999999999997,0.2,0.05,0.949455337690632,0.2,0.0631808278867102,2.3806548484572e-07,4.23915305186722e-07,0.165083628750454,181.649840632387,0.218961642226993,0.302324983923469,0.32010490103667,0.147946807956985,0.0473661404510916,0.229498660610887,0.323614295130322,0.340692666457875,0.139443642223563,0.0533622888433793,244.424546154928,232.156706051057,707,v7.4.6,gap_tied_weak_links_phase3_seed,/Users/asewaket/Documents/LTSpice Superconducting Circuit/matlab_v7_4_6_files/outputs/v7_4_6_as006_gap_weaklink_v800_phase3_seed_707/AS006_v7_4_6_gap_weaklink_scores.csv
AS006,boundary_sns_a3_3_g0_2_p0_05,"SNS-like boundary constriction, alpha=3.3, tau=0.2, p=0.05",boundary_lane,boundary_constriction,shape,3.3,1,0.2,0.05,0.949455337690632,0.2,0.0631808278867102,1.91613682924604e-07,3.41200123686874e-07,0.132872188994267,181.649840632387,0.218981025895269,0.299464544792232,0.321678913809975,0.14692319005316,0.0488484979502078,0.22826344823801,0.318324433251976,0.340022274656216,0.139496347102195,0.0535833934119513,244.556311439525,234.053395047472,707,v7.4.6,gap_tied_weak_links_phase3_seed,/Users/asewaket/Documents/LTSpice Superconducting Circuit/matlab_v7_4_6_files/outputs/v7_4_6_as006_gap_weaklink_v800_phase3_seed_707/AS006_v7_4_6_gap_weaklink_scores.csv
AS006,contact_relaxed_a4_1_g0_1_p0_05,"contact-relaxed SNS links, alpha=4.1, tau=0.1, p=0.05",contact_relaxation,contact_relaxed,shape,4.1,0.999999999999997,0.1,0.05,0.954509803921569,0.1,0.0505446623093682,4.4460684110224e-08,5.26038316159477e-07,0.0482897387874971,155.125191005102,0.218982407822492,0.301756258777059,0.322138783554259,0.144649490363052,0.0486010461616309,0.236829312982547,0.336836536279394,0.356243059534085,0.1353509773671,0.0546959527398175,237.933225448828,226.574123571296,707,v7.4.6,gap_tied_weak_links_phase3_seed,/Users/asewaket/Documents/LTSpice Superconducting Circuit/matlab_v7_4_6_files/outputs/v7_4_6_as006_gap_weaklink_v800_phase3_seed_707/AS006_v7_4_6_gap_weaklink_scores.csv
AS006,combined_a3_3_g0_7_p0_3,"combined weak-link classes, alpha=3.3, tau=0.7, p=0.3",combined,boundary_constriction,shape,3.3,1,0.7,0.3,0.909934640522874,0.7,0.300217864923747,5.18323046450996e-07,3.84254782001983e-07,0.0956063151931286,166.028216607699,0.21909431457585,0.300708920603685,0.323995546157539,0.143400680872616,0.0485195954091034,0.226656781185742,0.316288063995063,0.339206677352517,0.137860292733035,0.0510587906504482,245.32830756268,236.355796536247,707,v7.4.6,gap_tied_weak_links_phase3_seed,/Users/asewaket/Documents/LTSpice Superconducting Circuit/matlab_v7_4_6_files/outputs/v7_4_6_as006_gap_weaklink_v800_phase3_seed_707/AS006_v7_4_6_gap_weaklink_scores.csv
AS006,crack_tunnel_a3_7_g0_7_p0_3,"tunnel/crack-like links, alpha=3.7, tau=0.7, p=0.3",tear_lane,crack_tunnel,shape,3.7,0,0.7,0.3,0.909934640522874,0.7,0.300217864923747,5.36069937327462e-07,4.31659428445685e-07,0.0872895245997716,161.144716942382,0.219140169937772,0.303479137321987,0.322976551377914,0.142576790230455,0.048791759667456,0.225137009605648,0.317326023469094,0.336495945466889,0.137067615001381,0.0481566012403632,244.453687402416,238.74898741193,707,v7.4.6,gap_tied_weak_links_phase3_seed,/Users/asewaket/Documents/LTSpice Superconducting Circuit/matlab_v7_4_6_files/outputs/v7_4_6_as006_gap_weaklink_v800_phase3_seed_707/AS006_v7_4_6_gap_weaklink_scores.csv
AS006,contact_relaxed_a4_1_g0_2_p0_05,"contact-relaxed SNS links, alpha=4.1, tau=0.2, p=0.05",contact_relaxation,contact_relaxed,shape,4.1,0.999999999999997,0.2,0.05,0.959564270152505,0.2,0.0505446623093682,8.44596197871195e-08,4.99643640954112e-07,0.0482897387874971,163.319989651856,0.219144713248463,0.301889549389693,0.322749123873437,0.144368463080469,0.048562471223522,0.235645739271229,0.334733486812263,0.354606952945967,0.135259469431298,0.0538587050993159,238.674307359669,227.807186929299,707,v7.4.6,gap_tied_weak_links_phase3_seed,/Users/asewaket/Documents/LTSpice Superconducting Circuit/matlab_v7_4_6_files/outputs/v7_4_6_as006_gap_weaklink_v800_phase3_seed_707/AS006_v7_4_6_gap_weaklink_scores.csv
AS006,crack_tunnel_a3_3_g0_7_p0_2,"tunnel/crack-like links, alpha=3.3, tau=0.7, p=0.2",tear_lane,crack_tunnel,shape,3.3,1,0.7,0.2,0.93986928104575,0.7,0.200435729847495,5.00024982339537e-07,3.76636438344752e-07,0.0876507997027879,168.913937289275,0.2192982504767,0.302217450651196,0.324548403193251,0.142574025200381,0.0480965646436371,0.224534570996812,0.313969857443572,0.336039949544008,0.137940876587539,0.048206990104049,245.875005678437,239.210860192998,707,v7.4.6,gap_tied_weak_links_phase3_seed,/Users/asewaket/Documents/LTSpice Superconducting Circuit/matlab_v7_4_6_files/outputs/v7_4_6_as006_gap_weaklink_v800_phase3_seed_707/AS006_v7_4_6_gap_weaklink_scores.csv
AS006,boundary_sns_a4_1_g0_7_p0_1,"SNS-like boundary constriction, alpha=4.1, tau=0.7, p=0.1",boundary_lane,boundary_constriction,shape,4.1,0.999999999999997,0.7,0.1,0.962091503267973,0.7,0.12636165577342,7.96473231085329e-07,4.5020591058548e-07,0.157247286650334,183.88866505465,0.219381331928666,0.303755181087939,0.321250230403172,0.146383785434928,0.0479838435561784,0.230823403781871,0.327524773135876,0.344260176190345,0.137558889636708,0.0521883253944897,242.441904267226,231.934296226069,707,v7.4.6,gap_tied_weak_links_phase3_seed,/Users/asewaket/Documents/LTSpice Superconducting Circuit/matlab_v7_4_6_files/outputs/v7_4_6_as006_gap_weaklink_v800_phase3_seed_707/AS006_v7_4_6_gap_weaklink_scores.csv
AS006,shuffled_tau_control,"same weak-link histogram, shuffled positions",shuffled,boundary_constriction,shape,3.7,0,0.01,0.08,0.920627450980392,0.01,0.0801742919389978,4.59621525435539e-09,4.27580388070662e-07,0.0537096661309758,164.38681629954,0.219435150717498,0.304053281321483,0.322761440933009,0.145300544200431,0.0466642703827016,0.223781175835733,0.302994032146325,0.321440897406989,0.147970551710196,0.0684270869323648,242.401233279025,255.138983598988,707,v7.4.6,gap_tied_weak_links_phase3_seed,/Users/asewaket/Documents/LTSpice Superconducting Circuit/matlab_v7_4_6_files/outputs/v7_4_6_as006_gap_weaklink_v800_phase3_seed_707/AS006_v7_4_6_gap_weaklink_scores.csv
AS006,boundary_sns_a3_3_g0_7_p0_2,"SNS-like boundary constriction, alpha=3.3, tau=0.7, p=0.2",boundary_lane,boundary_constriction,shape,3.3,1,0.7,0.2,0.933594771241829,0.7,0.221350762527233,5.92690511923163e-07,3.65670110528288e-07,0.113549109404616,180.324594545609,0.219460266501155,0.301559094913124,0.323567594925888,0.144991498626055,0.0482595731897797,0.228472549143437,0.319616614621085,0.341098765932242,0.138380180692385,0.0528480648491978,245.071518677406,234.373287724157,707,v7.4.6,gap_tied_weak_links_phase3_seed,/Users/asewaket/Documents/LTSpice Superconducting Circuit/matlab_v7_4_6_files/outputs/v7_4_6_as006_gap_weaklink_v800_phase3_seed_707/AS006_v7_4_6_gap_weaklink_scores.csv
AS006,crack_tunnel_a3_7_g0_7_p0_1,"tunnel/crack-like links, alpha=3.7, tau=0.7, p=0.1",tear_lane,crack_tunnel,shape,3.7,0,0.7,0.1,0.969934640522875,0.7,0.100217864923747,6.33522632052182e-07,4.12790216944465e-07,0.12185629267559,178.871818933816,0.21946154873452,0.303298701635451,0.322704313896563,0.145028245241453,0.0479911861663484,0.225233336594785,0.317089636808527,0.336082351739406,0.139078110469639,0.0470852925343858,244.005854999676,239.208772396924,707,v7.4.6,gap_tied_weak_links_phase3_seed,/Users/asewaket/Documents/LTSpice Superconducting Circuit/matlab_v7_4_6_files/outputs/v7_4_6_as006_gap_weaklink_v800_phase3_seed_707/AS006_v7_4_6_gap_weaklink_scores.csv
AS006,boundary_sns_a3_7_g0_2_p0_05,"SNS-like boundary constriction, alpha=3.7, tau=0.2, p=0.05",boundary_lane,boundary_constriction,shape,3.7,0,0.2,0.05,0.949455337690632,0.2,0.0631808278867102,2.14839583885162e-07,3.82557714436798e-07,0.148977908872361,181.649840632387,0.21950625873715,0.302524062933982,0.32185338187718,0.146900708487945,0.0481379268567685,0.229018314356024,0.321626684783529,0.340390198113217,0.13946140857509,0.0534552795795983,244.854308026016,233.614651827099,707,v7.4.6,gap_tied_weak_links_phase3_seed,/Users/asewaket/Documents/LTSpice Superconducting Circuit/matlab_v7_4_6_files/outputs/v7_4_6_as006_gap_weaklink_v800_phase3_seed_707/AS006_v7_4_6_gap_weaklink_scores.csv
AS006,contact_relaxed_a4_1_g0_05_p0_05,"contact-relaxed SNS links, alpha=4.1, tau=0.05, p=0.05",contact_relaxation,contact_relaxed,shape,4.1,0.999999999999997,0.05,0.05,0.9519825708061,0.05,0.0505446623093682,2.3001718608749e-08,5.44291459651114e-07,0.0482897387874971,149.922973846672,0.219557095551688,0.303392166886857,0.322916695085081,0.14449007105735,0.0486765056510019,0.238021736628153,0.339233152469294,0.357858077205628,0.135556650145401,0.0551780828798705,237.686034540486,226.086952175601,707,v7.4.6,gap_tied_weak_links_phase3_seed,/Users/asewaket/Documents/LTSpice Superconducting Circuit/matlab_v7_4_6_files/outputs/v7_4_6_as006_gap_weaklink_v800_phase3_seed_707/AS006_v7_4_6_gap_weaklink_scores.csv
AS006,crack_tunnel_a4_1_g0_7_p0_05,"tunnel/crack-like links, alpha=4.1, tau=0.7, p=0.05",tear_lane,crack_tunnel,shape,4.1,0.999999999999997,0.7,0.05,0.984836601307189,0.7,0.0505446623093682,7.35905320683217e-07,4.50937023050948e-07,0.143330019523368,183.792309815567,0.219700046711577,0.304552565379525,0.322052284278067,0.145897444178773,0.0479843654682764,0.227054946304588,0.321990184783947,0.33891307088724,0.138501548228104,0.0470597374011927,242.300151044441,237.623724512182,707,v7.4.6,gap_tied_weak_links_phase3_seed,/Users/asewaket/Documents/LTSpice Superconducting Circuit/matlab_v7_4_6_files/outputs/v7_4_6_as006_gap_weaklink_v800_phase3_seed_707/AS006_v7_4_6_gap_weaklink_scores.csv
AS006,crack_tunnel_a3_3_g0_7_p0_1,"tunnel/crack-like links, alpha=3.3, tau=0.7, p=0.1",tear_lane,crack_tunnel,shape,3.3,1,0.7,0.1,0.969934640522875,0.7,0.100217864923747,5.65033698857352e-07,3.68164247545063e-07,0.108682639413364,178.871818933816,0.219756342215645,0.302755597518427,0.324896952469099,0.143778337587566,0.0477335247544154,0.224460779949696,0.31381549360086,0.335661677933159,0.139147372483138,0.0471462541606721,245.511417848957,240.180478800965,707,v7.4.6,gap_tied_weak_links_phase3_seed,/Users/asewaket/Documents/LTSpice Superconducting Circuit/matlab_v7_4_6_files/outputs/v7_4_6_as006_gap_weaklink_v800_phase3_seed_707/AS006_v7_4_6_gap_weaklink_scores.csv
AS006,crack_tunnel_a3_3_g0_7_p0_3,"tunnel/crack-like links, alpha=3.3, tau=0.7, p=0.3",tear_lane,crack_tunnel,shape,3.3,1,0.7,0.3,0.909934640522874,0.7,0.300217864923747,4.78116430589358e-07,3.84993544289395e-07,0.0778528192376341,161.144716942382,0.219813613533165,0.303592606706409,0.325973930881387,0.140979716691829,0.0487964360522015,0.224267235913644,0.313820026845203,0.335994708032334,0.137065385165878,0.0481936822090838,246.136336301362,240.352147129168,707,v7.4.6,gap_tied_weak_links_phase3_seed,/Users/asewaket/Documents/LTSpice Superconducting Circuit/matlab_v7_4_6_files/outputs/v7_4_6_as006_gap_weaklink_v800_phase3_seed_707/AS006_v7_4_6_gap_weaklink_scores.csv
AS006,combined_a3_7_g0_7_p0_05,"combined weak-link classes, alpha=3.7, tau=0.7, p=0.05",combined,boundary_constriction,shape,3.7,0,0.7,0.05,0.984967320261438,0.7,0.0501089324618736,7.38601487311154e-07,4.09445212421889e-07,0.131279428634948,182.66918841368,0.219880878829626,0.304285048053672,0.323434726009094,0.14502375201315,0.0478288855621069,0.22665617196871,0.319847212753636,0.338514123355727,0.138639597253137,0.0477344346509724,243.977036551231,237.665858032614,707,v7.4.6,gap_tied_weak_links_phase3_seed,/Users/asewaket/Documents/LTSpice Superconducting Circuit/matlab_v7_4_6_files/outputs/v7_4_6_as006_gap_weaklink_v800_phase3_seed_707/AS006_v7_4_6_gap_weaklink_scores.csv
AS006,contact_relaxed_a4_1_g0_4_p0_05,"contact-relaxed SNS links, alpha=4.1, tau=0.4, p=0.05",contact_relaxation,contact_relaxed,shape,4.1,0.999999999999997,0.4,0.05,0.969673202614379,0.4,0.0505446623093682,1.58127502691304e-07,4.67872123408067e-07,0.0482897387874971,174.466098494712,0.219882383902854,0.304620276449369,0.323940746846412,0.143978683333988,0.0479219819161928,0.234857517628,0.334482809594237,0.352944786730434,0.135413520563077,0.0528845010636589,240.034610109102,229.002755379279,707,v7.4.6,gap_tied_weak_links_phase3_seed,/Users/asewaket/Documents/LTSpice Superconducting Circuit/matlab_v7_4_6_files/outputs/v7_4_6_as006_gap_weaklink_v800_phase3_seed_707/AS006_v7_4_6_gap_weaklink_scores.csv
AS006,contact_relaxed_a4_1_g0_7_p0_1,"contact-relaxed SNS links, alpha=4.1, tau=0.7, p=0.1",contact_relaxation,contact_relaxed,shape,4.1,0.999999999999997,0.7,0.1,0.969934640522875,0.7,0.100217864923747,2.91883541518564e-07,4.5385495446992e-07,0.0504783313298853,178.758536651896,0.219962655568921,0.305444922384729,0.32352778122869,0.14431580521489,0.0477999817910573,0.234193212758487,0.334126985493779,0.351398656875761,0.135718238902878,0.0522436301374788,240.415962408304,229.635705745311,707,v7.4.6,gap_tied_weak_links_phase3_seed,/Users/asewaket/Documents/LTSpice Superconducting Circuit/matlab_v7_4_6_files/outputs/v7_4_6_as006_gap_weaklink_v800_phase3_seed_707/AS006_v7_4_6_gap_weaklink_scores.csv
AS006,boundary_sns_a3_7_g0_7_p0_1,"SNS-like boundary constriction, alpha=3.7, tau=0.7, p=0.1",boundary_lane,boundary_constriction,shape,3.7,0,0.7,0.1,0.962091503267973,0.7,0.12636165577342,7.18768525613589e-07,4.06283382723482e-07,0.14190608795274,183.88866505465,0.220029926465011,0.304649807967774,0.323560366513786,0.144994732181447,0.0480257677313473,0.230342915984753,0.325611362942176,0.34395812923848,0.13754765443846,0.0522419227661766,243.663192857583,233.14287024836,707,v7.4.6,gap_tied_weak_links_phase3_seed,/Users/asewaket/Documents/LTSpice Superconducting Circuit/matlab_v7_4_6_files/outputs/v7_4_6_as006_gap_weaklink_v800_phase3_seed_707/AS006_v7_4_6_gap_weaklink_scores.csv
AS006,boundary_sns_a4_1_g0_4_p0_05,"SNS-like boundary constriction, alpha=4.1, tau=0.4, p=0.05",boundary_lane,boundary_constriction,shape,4.1,0.999999999999997,0.4,0.05,0.962091503267973,0.4,0.0631808278867102,4.69916020111647e-07,4.41123943663393e-07,0.165083628750454,184.052279690412,0.220148331198331,0.30552423823828,0.322946106619068,0.145933072166064,0.0476453909624253,0.230517223964312,0.326539033848763,0.343313694788772,0.138216323602896,0.0524777155888259,244.01863063048,232.795280355709,707,v7.4.6,gap_tied_weak_links_phase3_seed,/Users/asewaket/Documents/LTSpice Superconducting Circuit/matlab_v7_4_6_files/outputs/v7_4_6_as006_gap_weaklink_v800_phase3_seed_707/AS006_v7_4_6_gap_weaklink_scores.csv
AS006,boundary_sns_a3_3_g0_7_p0_1,"SNS-like boundary constriction, alpha=3.3, tau=0.7, p=0.1",boundary_lane,boundary_constriction,shape,3.3,1,0.7,0.1,0.962091503267973,0.7,0.12636165577342,6.4106382014185e-07,3.62360854861484e-07,0.126564889255147,183.88866505465,0.220239708377787,0.30371993877669,0.325278194631412,0.143971359865868,0.0482775626749378,0.229597408406249,0.32246007912542,0.343584339859673,0.137542141996795,0.0523266906554024,244.516848490913,234.227087865114,707,v7.4.6,gap_tied_weak_links_phase3_seed,/Users/asewaket/Documents/LTSpice Superconducting Circuit/matlab_v7_4_6_files/outputs/v7_4_6_as006_gap_weaklink_v800_phase3_seed_707/AS006_v7_4_6_gap_weaklink_scores.csv
AS006,contact_relaxed_a3_7_g0_7_p0_2,"contact-relaxed SNS links, alpha=3.7, tau=0.7, p=0.2",contact_relaxation,contact_relaxed,shape,3.7,0,0.7,0.2,0.939999999999999,0.7,0.2,3.1982094447616e-07,4.22012741051233e-07,0.049620517259788,167.318312724979,0.220413140483338,0.305516035907935,0.325639750848171,0.143067669743218,0.0478455153454358,0.233227882296774,0.330604214539729,0.350113851341039,0.135975062031623,0.0528671295577963,242.222021289617,230.967424355128,707,v7.4.6,gap_tied_weak_links_phase3_seed,/Users/asewaket/Documents/LTSpice Superconducting Circuit/matlab_v7_4_6_files/outputs/v7_4_6_as006_gap_weaklink_v800_phase3_seed_707/AS006_v7_4_6_gap_weaklink_scores.csv
AS006,contact_relaxed_a3_7_g0_1_p0_05,"contact-relaxed SNS links, alpha=3.7, tau=0.1, p=0.05",contact_relaxation,contact_relaxed,shape,3.7,0,0.1,0.05,0.954509803921569,0.1,0.0505446623093682,4.01230563921534e-08,4.74717504826845e-07,0.0435785447594486,155.125191005102,0.220544009740645,0.305053221264015,0.326774502789519,0.142221732154701,0.0480342823641774,0.236243396406545,0.334659639400242,0.355739114704852,0.135377906871759,0.0547915083092935,240.708959419359,228.483073331986,707,v7.4.6,gap_tied_weak_links_phase3_seed,/Users/asewaket/Documents/LTSpice Superconducting Circuit/matlab_v7_4_6_files/outputs/v7_4_6_as006_gap_weaklink_v800_phase3_seed_707/AS006_v7_4_6_gap_weaklink_scores.csv
AS006,contact_relaxed_a3_3_g0_4_p0_1,"contact-relaxed SNS links, alpha=3.3, tau=0.4, p=0.1",contact_relaxation,contact_relaxed,shape,3.3,1,0.4,0.1,0.939869281045751,0.4,0.100217864923747,1.5031043344062e-07,3.96994312085699e-07,0.0406289008264931,159.653816655391,0.220821593189129,0.302917193019515,0.329904951903709,0.140837513404666,0.0478102153388068,0.232494477273074,0.324574550054096,0.351034108050699,0.135720774119601,0.0539371795730511,244.21106991764,232.085417510617,707,v7.4.6,gap_tied_weak_links_phase3_seed,/Users/asewaket/Documents/LTSpice Superconducting Circuit/matlab_v7_4_6_files/outputs/v7_4_6_as006_gap_weaklink_v800_phase3_seed_707/AS006_v7_4_6_gap_weaklink_scores.csv
AS006,combined_a3_3_g0_7_p0_05,"combined weak-link classes, alpha=3.3, tau=0.7, p=0.05",combined,boundary_constriction,shape,3.3,1,0.7,0.05,0.984967320261438,0.7,0.0501089324618736,6.5875267787211e-07,3.65180865133036e-07,0.117087057971711,182.66918841368,0.220828597416782,0.305224542169783,0.327038586571147,0.143091592595067,0.0477364276707875,0.225892715766242,0.31662230535119,0.338131030178454,0.138669069057406,0.0477756343459673,245.997956624292,239.421579667696,707,v7.4.6,gap_tied_weak_links_phase3_seed,/Users/asewaket/Documents/LTSpice Superconducting Circuit/matlab_v7_4_6_files/outputs/v7_4_6_as006_gap_weaklink_v800_phase3_seed_707/AS006_v7_4_6_gap_weaklink_scores.csv
AS006,contact_relaxed_a3_7_g0_05_p0_05,"contact-relaxed SNS links, alpha=3.7, tau=0.05, p=0.05",contact_relaxation,contact_relaxed,shape,3.7,0,0.05,0.05,0.9519825708061,0.05,0.0505446623093682,2.07576485005784e-08,4.91189853831493e-07,0.0435785447594486,149.922973846672,0.220941236894163,0.306079767164228,0.327062119258859,0.142374862241725,0.0482991308014257,0.237450574422783,0.337040689150645,0.357427286111128,0.135580970353042,0.0552382193274959,240.054344227982,227.867543103556,707,v7.4.6,gap_tied_weak_links_phase3_seed,/Users/asewaket/Documents/LTSpice Superconducting Circuit/matlab_v7_4_6_files/outputs/v7_4_6_as006_gap_weaklink_v800_phase3_seed_707/AS006_v7_4_6_gap_weaklink_scores.csv
AS006,boundary_sns_a3_3_g0_4_p0_05,"SNS-like boundary constriction, alpha=3.3, tau=0.4, p=0.05",boundary_lane,boundary_constriction,shape,3.3,1,0.4,0.05,0.962091503267973,0.4,0.0631808278867102,3.78225089358155e-07,3.55050979046146e-07,0.132872188994267,184.052279690412,0.221011061626279,0.304883809730714,0.326475501103392,0.143971703445695,0.0488747421626275,0.229307961390601,0.321445594567017,0.342649782753218,0.138238483662106,0.0526589879902253,245.281250497914,235.413568732914,707,v7.4.6,gap_tied_weak_links_phase3_seed,/Users/asewaket/Documents/LTSpice Superconducting Circuit/matlab_v7_4_6_files/outputs/v7_4_6_as006_gap_weaklink_v800_phase3_seed_707/AS006_v7_4_6_gap_weaklink_scores.csv
AS006,contact_relaxed_a3_7_g0_2_p0_05,"contact-relaxed SNS links, alpha=3.7, tau=0.2, p=0.05",contact_relaxation,contact_relaxed,shape,3.7,0,0.2,0.05,0.959564270152505,0.2,0.0505446623093682,7.6219656881059e-08,4.50897919885419e-07,0.0435785447594486,163.319989651856,0.221021397125489,0.305823096445086,0.328041615680746,0.14163500573596,0.0481673045711028,0.235053972107697,0.332542431446178,0.354120615339904,0.135246812142511,0.0539578370693371,241.647391904867,230.123510945923,707,v7.4.6,gap_tied_weak_links_phase3_seed,/Users/asewaket/Documents/LTSpice Superconducting Circuit/matlab_v7_4_6_files/outputs/v7_4_6_as006_gap_weaklink_v800_phase3_seed_707/AS006_v7_4_6_gap_weaklink_scores.csv
AS006,boundary_sns_a3_7_g0_4_p0_05,"SNS-like boundary constriction, alpha=3.7, tau=0.4, p=0.05",boundary_lane,boundary_constriction,shape,3.7,0,0.4,0.05,0.962091503267973,0.4,0.0631808278867102,4.24070554734901e-07,3.9808746135477e-07,0.148977908872361,184.052279690412,0.221024796123717,0.306638623947894,0.325506027574863,0.14452466145002,0.0481939816021575,0.230045282117737,0.324622220535277,0.343015524841533,0.138219717481677,0.0525523747286273,245.018079260661,234.452507805176,707,v7.4.6,gap_tied_weak_links_phase3_seed,/Users/asewaket/Documents/LTSpice Superconducting Circuit/matlab_v7_4_6_files/outputs/v7_4_6_as006_gap_weaklink_v800_phase3_seed_707/AS006_v7_4_6_gap_weaklink_scores.csv
AS006,contact_relaxed_a3_7_g0_7_p0_3,"contact-relaxed SNS links, alpha=3.7, tau=0.7, p=0.3",contact_relaxation,contact_relaxed,shape,3.7,0,0.7,0.3,0.909934640522874,0.7,0.300217864923747,3.53733426982044e-07,4.35766362362758e-07,0.0522820605064324,156.46150907818,0.221033856641168,0.307371610716662,0.327229414388062,0.141717838505582,0.047998899178091,0.232800259617704,0.330378545379352,0.349712875875383,0.135517190715963,0.0522287315322913,242.825249261263,232.21108904206,707,v7.4.6,gap_tied_weak_links_phase3_seed,/Users/asewaket/Documents/LTSpice Superconducting Circuit/matlab_v7_4_6_files/outputs/v7_4_6_as006_gap_weaklink_v800_phase3_seed_707/AS006_v7_4_6_gap_weaklink_scores.csv
AS006,boundary_sns_a4_1_g0_7_p0_05,"SNS-like boundary constriction, alpha=4.1, tau=0.7, p=0.05",boundary_lane,boundary_constriction,shape,4.1,0.999999999999997,0.7,0.05,0.981045751633987,0.7,0.0631808278867102,8.06916925089497e-07,4.41643358527543e-07,0.165083628750454,187.573151748245,0.221041457432723,0.3081753719183,0.325193315451926,0.144231398485524,0.0476543650975394,0.232349604051651,0.331052693720271,0.347403980498962,0.13670532777712,0.0518567009433995,242.944971194231,232.203350331201,707,v7.4.6,gap_tied_weak_links_phase3_seed,/Users/asewaket/Documents/LTSpice Superconducting Circuit/matlab_v7_4_6_files/outputs/v7_4_6_as006_gap_weaklink_v800_phase3_seed_707/AS006_v7_4_6_gap_weaklink_scores.csv
AS006,crack_tunnel_a3_7_g0_7_p0_05,"tunnel/crack-like links, alpha=3.7, tau=0.7, p=0.05",tear_lane,crack_tunnel,shape,3.7,0,0.7,0.05,0.984836601307189,0.7,0.0505446623093682,6.64109679640952e-07,4.06943167143538e-07,0.129346602984503,183.792309815567,0.221137762289214,0.307508994596033,0.326378448500352,0.14354357496338,0.0475880632701944,0.226577793531791,0.320078639406264,0.338601515397944,0.138537248211453,0.0470861160419729,244.868142847283,239.45389924416,707,v7.4.6,gap_tied_weak_links_phase3_seed,/Users/asewaket/Documents/LTSpice Superconducting Circuit/matlab_v7_4_6_files/outputs/v7_4_6_as006_gap_weaklink_v800_phase3_seed_707/AS006_v7_4_6_gap_weaklink_scores.csv
AS006,contact_relaxed_a4_1_g0_7_p0_05,"contact-relaxed SNS links, alpha=4.1, tau=0.7, p=0.05",contact_relaxation,contact_relaxed,shape,4.1,0.999999999999997,0.7,0.05,0.984836601307189,0.7,0.0505446623093682,2.61475521896468e-07,4.43837541628564e-07,0.0482897387874971,184.639864005427,0.221503634410722,0.309396530328752,0.326764397189051,0.142793897830317,0.0477915743561251,0.234521851114064,0.335262057356616,0.351944557966827,0.135520352794636,0.0520437807784629,241.587444794983,230.913120960692,707,v7.4.6,gap_tied_weak_links_phase3_seed,/Users/asewaket/Documents/LTSpice Superconducting Circuit/matlab_v7_4_6_files/outputs/v7_4_6_as006_gap_weaklink_v800_phase3_seed_707/AS006_v7_4_6_gap_weaklink_scores.csv
AS006,crack_tunnel_a3_3_g0_7_p0_05,"tunnel/crack-like links, alpha=3.3, tau=0.7, p=0.05",tear_lane,crack_tunnel,shape,3.3,1,0.7,0.05,0.984836601307189,0.7,0.0505446623093682,5.92314038598687e-07,3.62949311236129e-07,0.115363186445638,183.792309815567,0.221762226044738,0.307650845419109,0.329203446546394,0.142122355898369,0.047401308475428,0.225833758032949,0.316884016942923,0.338220356148452,0.138600900481265,0.047148024360446,246.657551215207,240.718295995764,707,v7.4.6,gap_tied_weak_links_phase3_seed,/Users/asewaket/Documents/LTSpice Superconducting Circuit/matlab_v7_4_6_files/outputs/v7_4_6_as006_gap_weaklink_v800_phase3_seed_707/AS006_v7_4_6_gap_weaklink_scores.csv
AS006,contact_relaxed_a3_7_g0_4_p0_05,"contact-relaxed SNS links, alpha=3.7, tau=0.4, p=0.05",contact_relaxation,contact_relaxed,shape,3.7,0,0.4,0.05,0.969673202614379,0.4,0.0505446623093682,1.42700429258006e-07,4.22226062587768e-07,0.0435785447594486,174.466098494712,0.222243428394301,0.309455979448426,0.330144707456259,0.14095800290666,0.0478104208413004,0.234317962242525,0.332393275097334,0.352567728110247,0.13539530687726,0.0529588783257846,243.229559971111,231.86083176904,707,v7.4.6,gap_tied_weak_links_phase3_seed,/Users/asewaket/Documents/LTSpice Superconducting Circuit/matlab_v7_4_6_files/outputs/v7_4_6_as006_gap_weaklink_v800_phase3_seed_707/AS006_v7_4_6_gap_weaklink_scores.csv
AS006,contact_relaxed_a3_3_g0_7_p0_2,"contact-relaxed SNS links, alpha=3.3, tau=0.7, p=0.2",contact_relaxation,contact_relaxed,shape,3.3,1,0.7,0.2,0.939999999999999,0.7,0.2,2.85245707235494e-07,3.76389742018667e-07,0.0442561370154866,167.318312724979,0.222499969584751,0.308640251626862,0.331653869491101,0.140368090862744,0.0480052111090366,0.232419061904486,0.327137131264668,0.349799882675257,0.135929723272189,0.0528962294858255,245.108565127875,233.928694411291,707,v7.4.6,gap_tied_weak_links_phase3_seed,/Users/asewaket/Documents/LTSpice Superconducting Circuit/matlab_v7_4_6_files/outputs/v7_4_6_as006_gap_weaklink_v800_phase3_seed_707/AS006_v7_4_6_gap_weaklink_scores.csv
AS006,contact_relaxed_a3_3_g0_7_p0_3,"contact-relaxed SNS links, alpha=3.3, tau=0.7, p=0.3",contact_relaxation,contact_relaxed,shape,3.3,1,0.7,0.3,0.909934640522874,0.7,0.300217864923747,3.15491975416418e-07,3.88656485350568e-07,0.0466299458570883,156.46150907818,0.222525696875657,0.309074402879419,0.331997598675708,0.139616524449847,0.0480376282540675,0.231942655516949,0.326760669627874,0.349365385590796,0.135449877656194,0.0522508361027382,245.219145159649,234.546496231845,707,v7.4.6,gap_tied_weak_links_phase3_seed,/Users/asewaket/Documents/LTSpice Superconducting Circuit/matlab_v7_4_6_files/outputs/v7_4_6_as006_gap_weaklink_v800_phase3_seed_707/AS006_v7_4_6_gap_weaklink_scores.csv
AS006,contact_relaxed_a3_7_g0_7_p0_1,"contact-relaxed SNS links, alpha=3.7, tau=0.7, p=0.1",contact_relaxation,contact_relaxed,shape,3.7,0,0.7,0.1,0.969934640522875,0.7,0.100217864923747,2.63407098443583e-07,4.09576422326513e-07,0.0455536160781892,178.758536651896,0.222711304619278,0.31113285962571,0.33056840796951,0.140952934449297,0.0477377814624175,0.2336945975434,0.332123072026522,0.351108549750908,0.135700837308013,0.0522839069913708,243.92677530069,232.883797395724,707,v7.4.6,gap_tied_weak_links_phase3_seed,/Users/asewaket/Documents/LTSpice Superconducting Circuit/matlab_v7_4_6_files/outputs/v7_4_6_as006_gap_weaklink_v800_phase3_seed_707/AS006_v7_4_6_gap_weaklink_scores.csv
AS006,contact_relaxed_a3_3_g0_1_p0_05,"contact-relaxed SNS links, alpha=3.3, tau=0.1, p=0.05",contact_relaxation,contact_relaxed,shape,3.3,1,0.1,0.05,0.954509803921569,0.1,0.0505446623093682,3.57854286740828e-08,4.23396693494213e-07,0.0388673507314001,155.125191005102,0.222878925663711,0.309047093762094,0.332899963677115,0.139622325737158,0.0482446909500609,0.235473542355003,0.331663983654653,0.355160170722699,0.135416549283102,0.0549027427517582,243.76325079935,231.559528349578,707,v7.4.6,gap_tied_weak_links_phase3_seed,/Users/asewaket/Documents/LTSpice Superconducting Circuit/matlab_v7_4_6_files/outputs/v7_4_6_as006_gap_weaklink_v800_phase3_seed_707/AS006_v7_4_6_gap_weaklink_scores.csv
AS006,boundary_sns_a3_7_g0_7_p0_05,"SNS-like boundary constriction, alpha=3.7, tau=0.7, p=0.05",boundary_lane,boundary_constriction,shape,3.7,0,0.7,0.05,0.981045751633987,0.7,0.0631808278867102,7.28193322641741e-07,3.98556201598027e-07,0.148977908872361,187.573151748245,0.222962576122523,0.311818427465248,0.330129247863522,0.141819809295168,0.0479935077672439,0.231890210218007,0.329203138254934,0.347116725571647,0.136699065421758,0.0519198113075219,245.204149446389,234.809757319773,707,v7.4.6,gap_tied_weak_links_phase3_seed,/Users/asewaket/Documents/LTSpice Superconducting Circuit/matlab_v7_4_6_files/outputs/v7_4_6_as006_gap_weaklink_v800_phase3_seed_707/AS006_v7_4_6_gap_weaklink_scores.csv
AS006,contact_relaxed_a3_3_g0_05_p0_05,"contact-relaxed SNS links, alpha=3.3, tau=0.05, p=0.05",contact_relaxation,contact_relaxed,shape,3.3,1,0.05,0.05,0.9519825708061,0.05,0.0505446623093682,1.85135783924078e-08,4.38088248011872e-07,0.0388673507314001,149.922973846672,0.223000702582807,0.309402399862374,0.33274434619205,0.139974862323248,0.0483299293115147,0.236683888321327,0.333933770182291,0.356950220943846,0.135613439818554,0.0553059849994206,242.945901579714,230.592236407797,707,v7.4.6,gap_tied_weak_links_phase3_seed,/Users/asewaket/Documents/LTSpice Superconducting Circuit/matlab_v7_4_6_files/outputs/v7_4_6_as006_gap_weaklink_v800_phase3_seed_707/AS006_v7_4_6_gap_weaklink_scores.csv
AS006,contact_relaxed_a3_3_g0_2_p0_05,"contact-relaxed SNS links, alpha=3.3, tau=0.2, p=0.05",contact_relaxation,contact_relaxed,shape,3.3,1,0.2,0.05,0.959564270152505,0.2,0.0505446623093682,6.79796939749986e-08,4.02152198816725e-07,0.0388673507314001,163.319989651856,0.223284074090423,0.309867541290622,0.33415090274671,0.139012330977404,0.048023335632997,0.234280441950093,0.329596756646102,0.353528035774468,0.135234531128163,0.0540882265888402,244.958563117497,232.994946693363,707,v7.4.6,gap_tied_weak_links_phase3_seed,/Users/asewaket/Documents/LTSpice Superconducting Circuit/matlab_v7_4_6_files/outputs/v7_4_6_as006_gap_weaklink_v800_phase3_seed_707/AS006_v7_4_6_gap_weaklink_scores.csv
AS006,boundary_sns_a3_3_g0_7_p0_05,"SNS-like boundary constriction, alpha=3.3, tau=0.7, p=0.05",boundary_lane,boundary_constriction,shape,3.3,1,0.7,0.05,0.981045751633987,0.7,0.0631808278867102,6.49469720193985e-07,3.55469044668511e-07,0.132872188994267,187.573151748245,0.224142179918717,0.312855231927576,0.333687955207737,0.140280804470663,0.0485507404641396,0.231178889133803,0.326169707667442,0.34676315243797,0.136700589562769,0.052013484281666,246.74948202981,236.920866373893,707,v7.4.6,gap_tied_weak_links_phase3_seed,/Users/asewaket/Documents/LTSpice Superconducting Circuit/matlab_v7_4_6_files/outputs/v7_4_6_as006_gap_weaklink_v800_phase3_seed_707/AS006_v7_4_6_gap_weaklink_scores.csv
AS006,uniform_tau_control,"same mean weak transparency, spatially uniform",uniform,boundary_constriction,shape,3.7,0,0.01,0.08,0.920627450980405,0.920627450980392,1,3.92508680278552e-07,3.92508680278552e-07,0.0504258101796959,175.874117261106,0.224183377745974,0.316351910995058,0.333724742875479,0.138076102146976,0.0479515500190033,0.233668562717575,0.334053548912967,0.351162048666236,0.134489357810752,0.0516439822455577,245.037302889171,234.700154286652,707,v7.4.6,gap_tied_weak_links_phase3_seed,/Users/asewaket/Documents/LTSpice Superconducting Circuit/matlab_v7_4_6_files/outputs/v7_4_6_as006_gap_weaklink_v800_phase3_seed_707/AS006_v7_4_6_gap_weaklink_scores.csv
AS006,contact_relaxed_a3_7_g0_7_p0_05,"contact-relaxed SNS links, alpha=3.7, tau=0.7, p=0.05",contact_relaxation,contact_relaxed,shape,3.7,0,0.7,0.05,0.984836601307189,0.7,0.0505446623093682,2.35965714882179e-07,4.00536318055046e-07,0.0435785447594486,184.639864005427,0.224239471483716,0.314975386673157,0.333488933921208,0.139819340207695,0.0478421611236886,0.234065274251951,0.333477714000461,0.35163254001211,0.135510014649219,0.0521041939265749,244.895230545958,234.120314756976,707,v7.4.6,gap_tied_weak_links_phase3_seed,/Users/asewaket/Documents/LTSpice Superconducting Circuit/matlab_v7_4_6_files/outputs/v7_4_6_as006_gap_weaklink_v800_phase3_seed_707/AS006_v7_4_6_gap_weaklink_scores.csv
AS006,contact_relaxed_a3_3_g0_4_p0_05,"contact-relaxed SNS links, alpha=3.3, tau=0.4, p=0.05",contact_relaxation,contact_relaxed,shape,3.3,1,0.4,0.05,0.969673202614379,0.4,0.0505446623093682,1.27273355824708e-07,3.76580001767469e-07,0.0388673507314001,174.466098494712,0.224798843321356,0.313736374307706,0.336688789206796,0.1383647412326,0.0480965346464326,0.233571895237235,0.329413630688054,0.352104097413877,0.135358336570205,0.0530657543110787,246.393479211698,235.192430228745,707,v7.4.6,gap_tied_weak_links_phase3_seed,/Users/asewaket/Documents/LTSpice Superconducting Circuit/matlab_v7_4_6_files/outputs/v7_4_6_as006_gap_weaklink_v800_phase3_seed_707/AS006_v7_4_6_gap_weaklink_scores.csv
AS006,bulk_AB_reference,"bulk AB reference: no weak-link mask",none,bulk_sns,shape,3.7,0,NaN,0,1,NaN,0,NaN,3.92508710944401e-07,NaN,191.037214166441,0.225255131141895,0.317538031005696,0.335330860689283,0.139266472902408,0.0478255273695242,0.233854035396782,0.333724678066128,0.351207440396331,0.13549150282562,0.0515680996921774,245.751651709481,235.343134644199,707,v7.4.6,gap_tied_weak_links_phase3_seed,/Users/asewaket/Documents/LTSpice Superconducting Circuit/matlab_v7_4_6_files/outputs/v7_4_6_as006_gap_weaklink_v800_phase3_seed_707/AS006_v7_4_6_gap_weaklink_scores.csv
AS006,contact_relaxed_a3_3_g0_7_p0_1,"contact-relaxed SNS links, alpha=3.3, tau=0.7, p=0.1",contact_relaxation,contact_relaxed,shape,3.3,1,0.7,0.1,0.969934640522875,0.7,0.100217864923747,2.34930655368601e-07,3.65297890183106e-07,0.0406289008264931,178.758536651896,0.225280740448881,0.315322097952808,0.337142839648117,0.138420140626817,0.04805645912387,0.232975087163469,0.329139120739537,0.350746331002855,0.135668291069874,0.0523448719854693,247.01090169642,236.247323429714,707,v7.4.6,gap_tied_weak_links_phase3_seed,/Users/asewaket/Documents/LTSpice Superconducting Circuit/matlab_v7_4_6_files/outputs/v7_4_6_as006_gap_weaklink_v800_phase3_seed_707/AS006_v7_4_6_gap_weaklink_scores.csv
AS006,contact_relaxed_a3_3_g0_7_p0_05,"contact-relaxed SNS links, alpha=3.3, tau=0.7, p=0.05",contact_relaxation,contact_relaxed,shape,3.3,1,0.7,0.05,0.984836601307189,0.7,0.0505446623093682,2.10455907867889e-07,3.57235094481527e-07,0.0388673507314001,184.639864005427,0.22652121122069,0.318490105090754,0.339287963930115,0.137747092602876,0.0481781483813983,0.233373462105412,0.330615709303633,0.351253496304314,0.135490841791493,0.0521944304515115,247.640168095681,237.141970180419,707,v7.4.6,gap_tied_weak_links_phase3_seed,/Users/asewaket/Documents/LTSpice Superconducting Circuit/matlab_v7_4_6_files/outputs/v7_4_6_as006_gap_weaklink_v800_phase3_seed_707/AS006_v7_4_6_gap_weaklink_scores.csv
AS006,central_lane_gap_control,"central-lane topology with same gap-derived links",central_lane,boundary_constriction,shape,3.7,0,0.01,0.08,0.920627450980392,0.01,0.472222222222222,1.57419602195084e-05,0.000608077897176036,0.127726075253477,0.112124882317583,0.379504200537736,0.548546514769948,0.559641645743196,0.257180538407854,0.0481259348583226,0.343016322736401,0.506526563503932,0.512435490212066,0.212302182690476,0.0464152139438624,278.609710302142,278.609710302142,707,v7.4.6,gap_tied_weak_links_phase3_seed,/Users/asewaket/Documents/LTSpice Superconducting Circuit/matlab_v7_4_6_files/outputs/v7_4_6_as006_gap_weaklink_v800_phase3_seed_707/AS006_v7_4_6_gap_weaklink_scores.csv
