device,caseName,description,topology,linkClass,calibrationMode,alphaGap,alphaPriorPenalty,gammaW,pW,meanW,minW,activeWeakLinkFraction,medianWeakIc_A,medianAllIc_A,medianWeakDelta_meV,normalScaleApplied,shapeScore,shapeFullMap,shapeLowBias,shapeZeroBias,shapeAsymmetry,conductanceScore,conductanceFullMap,conductanceLowBias,conductanceZeroBias,conductanceAsymmetry,modelRN_top_4_10,modelRN_bottom_3_9,seed,sourceVersion,sourceRole,sourceFile
AS006,central_lane_gap_control,"central-lane topology with same gap-derived links",central_lane,boundary_constriction,conductance,3.7,0,0.01,0.08,0.920627450980392,0.01,0.472222222222222,1.11279483015989e-08,4.13569760372516e-07,0.126316796117359,159.623688480662,0.171494286095372,0.0694488921511822,0.138910898472057,0.397442024913004,0.0481259348583226,1089.76885734329,1357.21519367521,1363.55226274978,1335.07847493332,36.5645395624779,338517.460886513,338517.460886513,303,v7.4.6,gap_tied_weak_links_phase3_seed,/Users/asewaket/Documents/LTSpice Superconducting Circuit/matlab_v7_4_6_files/outputs/v7_4_6_as006_gap_weaklink_v800_phase3_seed_303/AS006_v7_4_6_gap_weaklink_scores.csv
AS006,contact_relaxed_a3_3_g0_05_p0_3,"contact-relaxed SNS links, alpha=3.3, tau=0.05, p=0.3",contact_relaxation,contact_relaxed,conductance,3.3,1,0.05,0.3,0.714793028322441,0.05,0.300217864923747,3.79387558751179e-08,5.64943833489612e-07,0.0451679076167193,87.5047299431784,0.173644927846615,0.13822971202411,0.291132009718233,0.13838304279632,0.0475351067066588,2.19477503094131,3.25076601210196,2.4802980685081,2.60948304092746,0.120733721556085,1190.97316244105,1123.68016731028,303,v7.4.6,gap_tied_weak_links_phase3_seed,/Users/asewaket/Documents/LTSpice Superconducting Circuit/matlab_v7_4_6_files/outputs/v7_4_6_as006_gap_weaklink_v800_phase3_seed_303/AS006_v7_4_6_gap_weaklink_scores.csv
AS006,contact_relaxed_a3_7_g0_05_p0_3,"contact-relaxed SNS links, alpha=3.7, tau=0.05, p=0.3",contact_relaxation,contact_relaxed,conductance,3.7,0,0.05,0.3,0.714793028322441,0.05,0.300217864923747,4.25373929508898e-08,6.33421873912596e-07,0.050642805509655,87.5047299431784,0.179329074197032,0.148423854269608,0.303423104562305,0.135509164179276,0.0478446285074254,2.17532133520054,3.24145654142318,2.44471778971268,2.58962708826404,0.119860142252269,1198.40032859896,1132.74781590783,303,v7.4.6,gap_tied_weak_links_phase3_seed,/Users/asewaket/Documents/LTSpice Superconducting Circuit/matlab_v7_4_6_files/outputs/v7_4_6_as006_gap_weaklink_v800_phase3_seed_303/AS006_v7_4_6_gap_weaklink_scores.csv
AS006,contact_relaxed_a4_1_g0_05_p0_3,"contact-relaxed SNS links, alpha=4.1, tau=0.05, p=0.3",contact_relaxation,contact_relaxed,conductance,4.1,0.999999999999997,0.05,0.3,0.714793028322441,0.05,0.300217864923747,4.71360300266616e-08,7.01899914335579e-07,0.0561177034025907,87.5047299431784,0.184236654824254,0.15768575892501,0.313194256093868,0.133794144568645,0.0481648863211866,2.15850402879757,3.23032165777884,2.41514594607342,2.57327200839995,0.119103070080593,1203.77246387202,1139.66960778353,303,v7.4.6,gap_tied_weak_links_phase3_seed,/Users/asewaket/Documents/LTSpice Superconducting Circuit/matlab_v7_4_6_files/outputs/v7_4_6_as006_gap_weaklink_v800_phase3_seed_303/AS006_v7_4_6_gap_weaklink_scores.csv
AS006,anisotropic_gap_control,"anisotropic weak-link transparency",anisotropic,anisotropic,conductance,3.7,0,0.01,0.08,0.920627450980392,0.01,0.0801742919389978,1.13745173958151e-08,4.1591299389748e-07,0.126616788282396,159.623688480662,0.194439568055284,0.221793189171486,0.268920658101371,0.186156519957507,0.0470978494806494,0.203509490139114,0.186796628296225,0.216723496086565,0.323752559587385,0.0467940047636238,304.369525717504,296.696276022613,303,v7.4.6,gap_tied_weak_links_phase3_seed,/Users/asewaket/Documents/LTSpice Superconducting Circuit/matlab_v7_4_6_files/outputs/v7_4_6_as006_gap_weaklink_v800_phase3_seed_303/AS006_v7_4_6_gap_weaklink_scores.csv
AS006,crack_tunnel_a3_3_g0_05_p0_3,"tunnel/crack-like links, alpha=3.3, tau=0.05, p=0.3",tear_lane,crack_tunnel,conductance,3.3,1,0.05,0.3,0.714793028322442,0.05,0.300217864923747,6.03264251292352e-08,5.16889568705007e-07,0.0775143524934972,87.5047299431784,0.195858882656901,0.232675991858192,0.277597470204034,0.168955349460189,0.0496286617440177,0.23456522611691,0.223688792782322,0.248687833868484,0.244294426187401,0.208565595798129,246.108137118512,307.912560331457,303,v7.4.6,gap_tied_weak_links_phase3_seed,/Users/asewaket/Documents/LTSpice Superconducting Circuit/matlab_v7_4_6_files/outputs/v7_4_6_as006_gap_weaklink_v800_phase3_seed_303/AS006_v7_4_6_gap_weaklink_scores.csv
AS006,crack_tunnel_a3_3_g0_1_p0_3,"tunnel/crack-like links, alpha=3.3, tau=0.1, p=0.3",tear_lane,crack_tunnel,conductance,3.3,1,0.1,0.3,0.72980392156863,0.1,0.300217864923747,1.09324424294583e-07,4.68357393973649e-07,0.0775143524934972,96.5721534493857,0.19665979899171,0.234768685843754,0.275361543914922,0.174296285791159,0.0487772500247346,0.211408542950838,0.220081391606969,0.254183626974377,0.211629039141564,0.127603677015105,245.628742988072,280.069218830276,303,v7.4.6,gap_tied_weak_links_phase3_seed,/Users/asewaket/Documents/LTSpice Superconducting Circuit/matlab_v7_4_6_files/outputs/v7_4_6_as006_gap_weaklink_v800_phase3_seed_303/AS006_v7_4_6_gap_weaklink_scores.csv
AS006,combined_a3_3_g0_1_p0_2,"combined weak-link classes, alpha=3.3, tau=0.1, p=0.2",combined,boundary_constriction,conductance,3.3,1,0.1,0.2,0.820000000000001,0.1,0.2,1.22704076887702e-07,4.27830336079597e-07,0.110941931720708,121.185971575911,0.197085027635772,0.233442649960889,0.27503042855849,0.178297560237686,0.0478072879435082,0.205902003247189,0.259038033724769,0.299662805185612,0.156221844286724,0.0507847680779481,240.64956033598,231.385731660269,303,v7.4.6,gap_tied_weak_links_phase3_seed,/Users/asewaket/Documents/LTSpice Superconducting Circuit/matlab_v7_4_6_files/outputs/v7_4_6_as006_gap_weaklink_v800_phase3_seed_303/AS006_v7_4_6_gap_weaklink_scores.csv
AS006,combined_a3_3_g0_05_p0_2,"combined weak-link classes, alpha=3.3, tau=0.05, p=0.2",combined,boundary_constriction,conductance,3.3,1,0.05,0.2,0.810000000000001,0.05,0.2,6.60317627569777e-08,4.60463775431041e-07,0.110941931720708,112.597423975253,0.197544024873441,0.236253206399691,0.278628207408097,0.17199293050461,0.0488763918725811,0.198407025125783,0.240539439970619,0.282619330250316,0.16807474745105,0.0468184234064315,246.128603918388,245.821132597502,303,v7.4.6,gap_tied_weak_links_phase3_seed,/Users/asewaket/Documents/LTSpice Superconducting Circuit/matlab_v7_4_6_files/outputs/v7_4_6_as006_gap_weaklink_v800_phase3_seed_303/AS006_v7_4_6_gap_weaklink_scores.csv
AS006,crack_tunnel_a3_3_g0_05_p0_2,"tunnel/crack-like links, alpha=3.3, tau=0.05, p=0.2",tear_lane,crack_tunnel,conductance,3.3,1,0.05,0.2,0.809586056644881,0.05,0.200435729847495,5.19742324377277e-08,4.54667155256216e-07,0.0852675058553511,112.597423975253,0.197569918180464,0.238589341581086,0.271711753011151,0.181768336800654,0.0465542605509053,0.224609072718312,0.281681803731721,0.312710771821409,0.153951866656736,0.101679875851454,247.863899877758,211.25790031225,303,v7.4.6,gap_tied_weak_links_phase3_seed,/Users/asewaket/Documents/LTSpice Superconducting Circuit/matlab_v7_4_6_files/outputs/v7_4_6_as006_gap_weaklink_v800_phase3_seed_303/AS006_v7_4_6_gap_weaklink_scores.csv
AS006,combined_a3_3_g0_05_p0_1,"combined weak-link classes, alpha=3.3, tau=0.05, p=0.1",combined,boundary_constriction,conductance,3.3,1,0.05,0.1,0.904793028322441,0.05,0.100217864923747,5.77458967041366e-08,4.1959627935952e-07,0.112660926266834,136.640639808185,0.198053233008988,0.236069540295761,0.274740650257958,0.181018754171487,0.0471270440833944,0.213362597068257,0.272186066974671,0.309002998425675,0.152683631066951,0.0630171322879955,240.344920311195,222.957136150006,303,v7.4.6,gap_tied_weak_links_phase3_seed,/Users/asewaket/Documents/LTSpice Superconducting Circuit/matlab_v7_4_6_files/outputs/v7_4_6_as006_gap_weaklink_v800_phase3_seed_303/AS006_v7_4_6_gap_weaklink_scores.csv
AS006,contact_relaxed_a3_3_g0_1_p0_3,"contact-relaxed SNS links, alpha=3.3, tau=0.1, p=0.3",contact_relaxation,contact_relaxed,conductance,3.3,1,0.1,0.3,0.72980392156863,0.1,0.300217864923747,6.87531647302928e-08,5.11899712461957e-07,0.0451679076167193,96.5721534493857,0.198186134335328,0.190528934786257,0.333945107208043,0.13271563368424,0.0501032571710076,0.95448990739201,1.43243598438442,0.992701248153323,1.21762798427123,0.0807513879682792,702.62963984001,671.461836793262,303,v7.4.6,gap_tied_weak_links_phase3_seed,/Users/asewaket/Documents/LTSpice Superconducting Circuit/matlab_v7_4_6_files/outputs/v7_4_6_as006_gap_weaklink_v800_phase3_seed_303/AS006_v7_4_6_gap_weaklink_scores.csv
AS006,combined_a3_3_g0_1_p0_3,"combined weak-link classes, alpha=3.3, tau=0.1, p=0.3",combined,boundary_constriction,conductance,3.3,1,0.1,0.3,0.729803921568629,0.1,0.300217864923747,1.2691577558159e-07,4.92863193461537e-07,0.0919693161845909,96.5721534493857,0.19825970156852,0.238608340147368,0.281979936281631,0.170389617326003,0.0462382575448731,0.201912271990838,0.249743596961965,0.292910796250354,0.160672461456605,0.0463832927333489,246.230837409406,239.077537972206,303,v7.4.6,gap_tied_weak_links_phase3_seed,/Users/asewaket/Documents/LTSpice Superconducting Circuit/matlab_v7_4_6_files/outputs/v7_4_6_as006_gap_weaklink_v800_phase3_seed_303/AS006_v7_4_6_gap_weaklink_scores.csv
AS006,contact_relaxed_a3_3_g0_05_p0_2,"contact-relaxed SNS links, alpha=3.3, tau=0.05, p=0.2",contact_relaxation,contact_relaxed,conductance,3.3,1,0.05,0.2,0.810000000000002,0.05,0.2,2.75229525363368e-08,4.98197032144518e-07,0.0430330147497891,112.597423975253,0.198343103414764,0.216906702225165,0.300774138224817,0.161007256034742,0.0471950029117995,0.282388244155064,0.328049621049826,0.2592052996594,0.440229491025687,0.079995461539435,375.961873449749,346.719046184697,303,v7.4.6,gap_tied_weak_links_phase3_seed,/Users/asewaket/Documents/LTSpice Superconducting Circuit/matlab_v7_4_6_files/outputs/v7_4_6_as006_gap_weaklink_v800_phase3_seed_303/AS006_v7_4_6_gap_weaklink_scores.csv
AS006,combined_a3_7_g0_1_p0_2,"combined weak-link classes, alpha=3.7, tau=0.1, p=0.2",combined,boundary_constriction,conductance,3.7,0,0.1,0.2,0.820000000000001,0.1,0.2,1.37577298328636e-07,4.796885586347e-07,0.124389438595945,121.185971575911,0.198599305751177,0.240855527305747,0.277165620938643,0.176370888670594,0.0466375539692685,0.207288018183526,0.265024957740095,0.300371976186593,0.156013626988408,0.0507471411154883,242.295659829331,231.252426567544,303,v7.4.6,gap_tied_weak_links_phase3_seed,/Users/asewaket/Documents/LTSpice Superconducting Circuit/matlab_v7_4_6_files/outputs/v7_4_6_as006_gap_weaklink_v800_phase3_seed_303/AS006_v7_4_6_gap_weaklink_scores.csv
AS006,crack_tunnel_a3_3_g0_1_p0_2,"tunnel/crack-like links, alpha=3.3, tau=0.1, p=0.2",tear_lane,crack_tunnel,conductance,3.3,1,0.1,0.2,0.819607843137257,0.1,0.200435729847495,9.65815532850411e-08,4.22444527054339e-07,0.0852675058553511,121.185971575911,0.198814967764571,0.241689510949473,0.274740098461968,0.18007762449794,0.0464931249425138,0.206457356798556,0.259805402286253,0.292529728253475,0.16343849275784,0.0562562413156442,247.027619568693,231.576824327406,303,v7.4.6,gap_tied_weak_links_phase3_seed,/Users/asewaket/Documents/LTSpice Superconducting Circuit/matlab_v7_4_6_files/outputs/v7_4_6_as006_gap_weaklink_v800_phase3_seed_303/AS006_v7_4_6_gap_weaklink_scores.csv
AS006,combined_a3_3_g0_05_p0_3,"combined weak-link classes, alpha=3.3, tau=0.05, p=0.3",combined,boundary_constriction,conductance,3.3,1,0.05,0.3,0.714793028322442,0.05,0.300217864923747,7.00335271166024e-08,5.43934710494268e-07,0.0919693161845909,87.5047299431784,0.199108411489775,0.240650085028573,0.286225807048653,0.165067689118396,0.0476621986871641,0.198238648010276,0.226046233923806,0.270019648064372,0.182785552373865,0.0641306815475902,251.19847247958,262.053443847999,303,v7.4.6,gap_tied_weak_links_phase3_seed,/Users/asewaket/Documents/LTSpice Superconducting Circuit/matlab_v7_4_6_files/outputs/v7_4_6_as006_gap_weaklink_v800_phase3_seed_303/AS006_v7_4_6_gap_weaklink_scores.csv
AS006,crack_tunnel_a3_7_g0_1_p0_3,"tunnel/crack-like links, alpha=3.7, tau=0.1, p=0.3",tear_lane,crack_tunnel,conductance,3.7,0,0.1,0.3,0.72980392156863,0.1,0.300217864923747,1.22575869663623e-07,5.25127987182576e-07,0.0869100315836181,96.5721534493857,0.199221419863272,0.245718131009064,0.279644159485397,0.170313692769485,0.0481195732459928,0.212379768172175,0.22583870684136,0.25459706890926,0.211163872327754,0.126560423018617,247.991497148868,281.553710873952,303,v7.4.6,gap_tied_weak_links_phase3_seed,/Users/asewaket/Documents/LTSpice Superconducting Circuit/matlab_v7_4_6_files/outputs/v7_4_6_as006_gap_weaklink_v800_phase3_seed_303/AS006_v7_4_6_gap_weaklink_scores.csv
AS006,crack_tunnel_a3_7_g0_05_p0_3,"tunnel/crack-like links, alpha=3.7, tau=0.05, p=0.3",tear_lane,crack_tunnel,conductance,3.7,0,0.05,0.3,0.714793028322442,0.05,0.300217864923747,6.7638719084294e-08,5.79542849760159e-07,0.0869100315836181,87.5047299431784,0.199429558677218,0.246562107401981,0.284507847113385,0.163080639655397,0.0488461539664365,0.234870281589254,0.227355943972771,0.249140155631139,0.243445441971451,0.206693389154693,249.625982805457,310.66004932568,303,v7.4.6,gap_tied_weak_links_phase3_seed,/Users/asewaket/Documents/LTSpice Superconducting Circuit/matlab_v7_4_6_files/outputs/v7_4_6_as006_gap_weaklink_v800_phase3_seed_303/AS006_v7_4_6_gap_weaklink_scores.csv
AS006,combined_a3_7_g0_05_p0_1,"combined weak-link classes, alpha=3.7, tau=0.05, p=0.1",combined,boundary_constriction,conductance,3.7,0,0.05,0.1,0.904793028322441,0.05,0.100217864923747,6.47453993349411e-08,4.70456434433401e-07,0.126316796117359,136.640639808185,0.199589816219484,0.242975407905044,0.276633699953222,0.179387277586481,0.0466306012911369,0.214653266259489,0.277779777764976,0.309673467121209,0.152513836752457,0.0629156901297816,241.580353730633,222.988904300675,303,v7.4.6,gap_tied_weak_links_phase3_seed,/Users/asewaket/Documents/LTSpice Superconducting Circuit/matlab_v7_4_6_files/outputs/v7_4_6_as006_gap_weaklink_v800_phase3_seed_303/AS006_v7_4_6_gap_weaklink_scores.csv
AS006,combined_a4_1_g0_1_p0_2,"combined weak-link classes, alpha=4.1, tau=0.1, p=0.2",combined,boundary_constriction,conductance,4.1,0.999999999999997,0.1,0.2,0.820000000000001,0.1,0.2,1.52450519769569e-07,5.31546781189803e-07,0.137836945471182,121.185971575911,0.19966510279031,0.24552687761067,0.278197078010424,0.17558561554917,0.0464717303861745,0.208303681417236,0.269370452426039,0.30092055756277,0.155849740814664,0.0507248029069654,242.669738074218,231.387456230633,303,v7.4.6,gap_tied_weak_links_phase3_seed,/Users/asewaket/Documents/LTSpice Superconducting Circuit/matlab_v7_4_6_files/outputs/v7_4_6_as006_gap_weaklink_v800_phase3_seed_303/AS006_v7_4_6_gap_weaklink_scores.csv
AS006,crack_tunnel_a3_7_g0_05_p0_2,"tunnel/crack-like links, alpha=3.7, tau=0.05, p=0.2",tear_lane,crack_tunnel,conductance,3.7,0,0.05,0.2,0.809586056644881,0.05,0.200435729847495,5.82741393998765e-08,5.09778325590303e-07,0.0956029611105452,112.597423975253,0.199834818865798,0.246109415382811,0.274087500578115,0.179577569923759,0.0489395905297785,0.225609393617501,0.287316574369533,0.313006109103565,0.153772886206527,0.100753595028576,250.420503964809,210.942557758752,303,v7.4.6,gap_tied_weak_links_phase3_seed,/Users/asewaket/Documents/LTSpice Superconducting Circuit/matlab_v7_4_6_files/outputs/v7_4_6_as006_gap_weaklink_v800_phase3_seed_303/AS006_v7_4_6_gap_weaklink_scores.csv
AS006,combined_a3_7_g0_05_p0_2,"combined weak-link classes, alpha=3.7, tau=0.05, p=0.2",combined,boundary_constriction,conductance,3.7,0,0.05,0.2,0.810000000000001,0.05,0.2,7.40356127881265e-08,5.1627756639238e-07,0.124389438595945,112.597423975253,0.199985363930046,0.246358686395456,0.282937218419675,0.1682618672794,0.0481006669210938,0.199903347663645,0.247182447119692,0.283596144587382,0.167583507354507,0.0465616539774838,248.26034576509,247.039816745715,303,v7.4.6,gap_tied_weak_links_phase3_seed,/Users/asewaket/Documents/LTSpice Superconducting Circuit/matlab_v7_4_6_files/outputs/v7_4_6_as006_gap_weaklink_v800_phase3_seed_303/AS006_v7_4_6_gap_weaklink_scores.csv
AS006,combined_a4_1_g0_05_p0_2,"combined weak-link classes, alpha=4.1, tau=0.05, p=0.2",combined,boundary_constriction,conductance,4.1,0.999999999999997,0.05,0.2,0.810000000000001,0.05,0.2,8.20394628192753e-08,5.72091357353718e-07,0.137836945471182,112.597423975253,0.200100258811828,0.249051183837803,0.281594719598976,0.169793019649159,0.0464180763616777,0.201004599764294,0.251938529039819,0.2843766659855,0.167186882799817,0.0464417008072524,249.876500463196,243.409405074234,303,v7.4.6,gap_tied_weak_links_phase3_seed,/Users/asewaket/Documents/LTSpice Superconducting Circuit/matlab_v7_4_6_files/outputs/v7_4_6_as006_gap_weaklink_v800_phase3_seed_303/AS006_v7_4_6_gap_weaklink_scores.csv
AS006,combined_a4_1_g0_1_p0_3,"combined weak-link classes, alpha=4.1, tau=0.1, p=0.3",combined,boundary_constriction,conductance,4.1,0.999999999999997,0.1,0.3,0.729803921568629,0.1,0.300217864923747,1.57683236328642e-07,6.12345179755243e-07,0.114264907986916,96.5721534493857,0.20021930720963,0.247492897373466,0.279957619755565,0.173053090301886,0.0473614412250884,0.204771339733963,0.262378928149039,0.294265957120089,0.160153761724924,0.0463201434044647,243.158076278535,238.785952362843,303,v7.4.6,gap_tied_weak_links_phase3_seed,/Users/asewaket/Documents/LTSpice Superconducting Circuit/matlab_v7_4_6_files/outputs/v7_4_6_as006_gap_weaklink_v800_phase3_seed_303/AS006_v7_4_6_gap_weaklink_scores.csv
AS006,crack_tunnel_a3_7_g0_1_p0_2,"tunnel/crack-like links, alpha=3.7, tau=0.1, p=0.2",tear_lane,crack_tunnel,conductance,3.7,0,0.1,0.2,0.819607843137257,0.1,0.200435729847495,1.08288408228682e-07,4.73649924273047e-07,0.0956029611105452,121.185971575911,0.20037607378989,0.248519104340011,0.276689700375105,0.178194727582173,0.0464108794752881,0.207629481218789,0.265271331711814,0.292932170646398,0.163286494997113,0.0561366570045437,248.604542932298,231.647912842877,303,v7.4.6,gap_tied_weak_links_phase3_seed,/Users/asewaket/Documents/LTSpice Superconducting Circuit/matlab_v7_4_6_files/outputs/v7_4_6_as006_gap_weaklink_v800_phase3_seed_303/AS006_v7_4_6_gap_weaklink_scores.csv
AS006,combined_a3_7_g0_1_p0_3,"combined weak-link classes, alpha=3.7, tau=0.1, p=0.3",combined,boundary_constriction,conductance,3.7,0,0.1,0.3,0.729803921568629,0.1,0.300217864923747,1.42299505955116e-07,5.5260418660839e-07,0.103117112085753,96.5721534493857,0.200453954505031,0.24763133314594,0.284531974982733,0.168384695360281,0.0462266139590843,0.203566456707102,0.257018063801174,0.293719216596797,0.16037694423758,0.0463344103929688,247.96718465049,239.119085278416,303,v7.4.6,gap_tied_weak_links_phase3_seed,/Users/asewaket/Documents/LTSpice Superconducting Circuit/matlab_v7_4_6_files/outputs/v7_4_6_as006_gap_weaklink_v800_phase3_seed_303/AS006_v7_4_6_gap_weaklink_scores.csv
AS006,contact_relaxed_a3_7_g0_05_p0_2,"contact-relaxed SNS links, alpha=3.7, tau=0.05, p=0.2",contact_relaxation,contact_relaxed,conductance,3.7,0,0.05,0.2,0.810000000000002,0.05,0.2,3.08590679952867e-08,5.58584551192338e-07,0.0482491377497636,112.597423975253,0.200560101123341,0.227772001727808,0.299983066068041,0.162342788349542,0.047129652832898,0.278229267302447,0.309530027784925,0.258655670202668,0.439201523822229,0.0799669810948543,374.26816685919,345.059309901959,303,v7.4.6,gap_tied_weak_links_phase3_seed,/Users/asewaket/Documents/LTSpice Superconducting Circuit/matlab_v7_4_6_files/outputs/v7_4_6_as006_gap_weaklink_v800_phase3_seed_303/AS006_v7_4_6_gap_weaklink_scores.csv
AS006,combined_a3_3_g0_1_p0_1,"combined weak-link classes, alpha=3.3, tau=0.1, p=0.1",combined,boundary_constriction,conductance,3.3,1,0.1,0.1,0.909803921568628,0.1,0.100217864923747,1.10295068990401e-07,4.00715922874902e-07,0.112660926266834,143.078676937721,0.200683225106334,0.243595682990511,0.280923740827268,0.177040063327941,0.0469038169335133,0.213296775316986,0.276073776388045,0.311598904960295,0.151942122875488,0.055184362922007,240.18518085556,226.221798024611,303,v7.4.6,gap_tied_weak_links_phase3_seed,/Users/asewaket/Documents/LTSpice Superconducting Circuit/matlab_v7_4_6_files/outputs/v7_4_6_as006_gap_weaklink_v800_phase3_seed_303/AS006_v7_4_6_gap_weaklink_scores.csv
AS006,contact_relaxed_a3_3_g0_1_p0_2,"contact-relaxed SNS links, alpha=3.3, tau=0.1, p=0.2",contact_relaxation,contact_relaxed,conductance,3.3,1,0.1,0.2,0.820000000000002,0.1,0.2,5.11447573590388e-08,4.62889406439676e-07,0.0430330147497891,121.185971575911,0.200757134616125,0.229072890582679,0.302572915265269,0.158628695191943,0.0469243117937947,0.235933704521063,0.248306689893046,0.229927505644136,0.364090521559655,0.0738755458854618,348.362734793501,321.823868045542,303,v7.4.6,gap_tied_weak_links_phase3_seed,/Users/asewaket/Documents/LTSpice Superconducting Circuit/matlab_v7_4_6_files/outputs/v7_4_6_as006_gap_weaklink_v800_phase3_seed_303/AS006_v7_4_6_gap_weaklink_scores.csv
AS006,combined_a3_3_g0_2_p0_3,"combined weak-link classes, alpha=3.3, tau=0.2, p=0.3",combined,boundary_constriction,conductance,3.3,1,0.2,0.3,0.759825708061,0.2,0.300217864923747,2.19590401122352e-07,4.31904653550055e-07,0.0919693161845909,111.630833515204,0.201033499488386,0.246605010713517,0.285661945486781,0.169037993731961,0.0473565899615953,0.210302802253441,0.271682864998377,0.309919600825614,0.150284923754628,0.0496156901307176,240.798482421186,231.975184515182,303,v7.4.6,gap_tied_weak_links_phase3_seed,/Users/asewaket/Documents/LTSpice Superconducting Circuit/matlab_v7_4_6_files/outputs/v7_4_6_as006_gap_weaklink_v800_phase3_seed_303/AS006_v7_4_6_gap_weaklink_scores.csv
AS006,combined_a4_1_g0_05_p0_1,"combined weak-link classes, alpha=4.1, tau=0.05, p=0.1",combined,boundary_constriction,conductance,4.1,0.999999999999997,0.05,0.1,0.904793028322441,0.05,0.100217864923747,7.17449019657455e-08,5.21316589507282e-07,0.139972665967885,136.640639808185,0.201059245942064,0.248943669583216,0.279125695154146,0.177097940632676,0.0465101678165031,0.21559050642192,0.281806402218583,0.310199354226856,0.152385414640635,0.0628154916932272,243.578754029806,223.006296278258,303,v7.4.6,gap_tied_weak_links_phase3_seed,/Users/asewaket/Documents/LTSpice Superconducting Circuit/matlab_v7_4_6_files/outputs/v7_4_6_as006_gap_weaklink_v800_phase3_seed_303/AS006_v7_4_6_gap_weaklink_scores.csv
AS006,combined_a3_7_g0_05_p0_3,"combined weak-link classes, alpha=3.7, tau=0.05, p=0.3",combined,boundary_constriction,conductance,3.7,0,0.05,0.3,0.714793028322442,0.05,0.300217864923747,7.85224394943724e-08,6.09866190554179e-07,0.103117112085753,87.5047299431784,0.201345203414172,0.25069949568129,0.288817055200552,0.163210747439554,0.0465832404891612,0.199857987001344,0.234045759211602,0.271069942050483,0.182075395472167,0.0632775328665672,253.25574619504,261.462669526092,303,v7.4.6,gap_tied_weak_links_phase3_seed,/Users/asewaket/Documents/LTSpice Superconducting Circuit/matlab_v7_4_6_files/outputs/v7_4_6_as006_gap_weaklink_v800_phase3_seed_303/AS006_v7_4_6_gap_weaklink_scores.csv
AS006,crack_tunnel_a4_1_g0_1_p0_3,"tunnel/crack-like links, alpha=4.1, tau=0.1, p=0.3",tear_lane,crack_tunnel,conductance,4.1,0.999999999999997,0.1,0.3,0.72980392156863,0.1,0.300217864923747,1.35827315032664e-07,5.81898580391503e-07,0.0963057106737389,96.5721534493857,0.201423671771648,0.254650014517729,0.2841049296317,0.166306276425818,0.0474018719527663,0.21297868628814,0.229706202959783,0.254888941839225,0.210812696262166,0.125615709934567,250.665071919931,283.052656605012,303,v7.4.6,gap_tied_weak_links_phase3_seed,/Users/asewaket/Documents/LTSpice Superconducting Circuit/matlab_v7_4_6_files/outputs/v7_4_6_as006_gap_weaklink_v800_phase3_seed_303/AS006_v7_4_6_gap_weaklink_scores.csv
AS006,combined_a3_3_g0_2_p0_2,"combined weak-link classes, alpha=3.3, tau=0.2, p=0.2",combined,boundary_constriction,conductance,3.3,1,0.2,0.2,0.839999999999999,0.2,0.2,2.22665542636988e-07,3.89912270468303e-07,0.110941931720708,133.563663222056,0.201456725796279,0.247361638773182,0.284869087969496,0.171296903807241,0.0472799565025465,0.213132265937166,0.277158374236643,0.313282482319163,0.14948562773114,0.0534015767267303,240.382279774593,228.453087613363,303,v7.4.6,gap_tied_weak_links_phase3_seed,/Users/asewaket/Documents/LTSpice Superconducting Circuit/matlab_v7_4_6_files/outputs/v7_4_6_as006_gap_weaklink_v800_phase3_seed_303/AS006_v7_4_6_gap_weaklink_scores.csv
AS006,crack_tunnel_a4_1_g0_05_p0_2,"tunnel/crack-like links, alpha=4.1, tau=0.05, p=0.2",tear_lane,crack_tunnel,conductance,4.1,0.999999999999997,0.05,0.2,0.809586056644881,0.05,0.200435729847495,6.45740463620253e-08,5.6488949592439e-07,0.105938416365739,112.597423975253,0.201769850518518,0.251610103008835,0.276271000770165,0.177623075265637,0.0517360541539183,0.226233591312048,0.290964330967736,0.313224672875162,0.153616679269509,0.100039598974085,252.517221543787,210.897591702333,303,v7.4.6,gap_tied_weak_links_phase3_seed,/Users/asewaket/Documents/LTSpice Superconducting Circuit/matlab_v7_4_6_files/outputs/v7_4_6_as006_gap_weaklink_v800_phase3_seed_303/AS006_v7_4_6_gap_weaklink_scores.csv
AS006,combined_a3_7_g0_1_p0_1,"combined weak-link classes, alpha=3.7, tau=0.1, p=0.1",combined,boundary_constriction,conductance,3.7,0,0.1,0.1,0.909803921568628,0.1,0.100217864923747,1.23664168261965e-07,4.49287549890042e-07,0.126316796117359,143.078676937721,0.201792531361696,0.248637742196485,0.281103731464342,0.177163938910377,0.0469384609114268,0.214487086007849,0.281359339204387,0.312055601153564,0.151877405706091,0.0551320316835062,239.91686731612,226.232372858022,303,v7.4.6,gap_tied_weak_links_phase3_seed,/Users/asewaket/Documents/LTSpice Superconducting Circuit/matlab_v7_4_6_files/outputs/v7_4_6_as006_gap_weaklink_v800_phase3_seed_303/AS006_v7_4_6_gap_weaklink_scores.csv
AS006,combined_a4_1_g0_05_p0_3,"combined weak-link classes, alpha=4.1, tau=0.05, p=0.3",combined,boundary_constriction,conductance,4.1,0.999999999999997,0.05,0.3,0.714793028322442,0.05,0.300217864923747,8.70113518721424e-08,6.7579767061409e-07,0.114264907986916,87.5047299431784,0.201820372793984,0.252906046418722,0.285818198423202,0.166205534949414,0.0482570516238261,0.201005583675921,0.23976779452813,0.271820061900517,0.181504449745933,0.0626944533431538,249.763699639111,261.093041098251,303,v7.4.6,gap_tied_weak_links_phase3_seed,/Users/asewaket/Documents/LTSpice Superconducting Circuit/matlab_v7_4_6_files/outputs/v7_4_6_as006_gap_weaklink_v800_phase3_seed_303/AS006_v7_4_6_gap_weaklink_scores.csv
AS006,combined_a3_7_g0_2_p0_3,"combined weak-link classes, alpha=3.7, tau=0.2, p=0.3",combined,boundary_constriction,conductance,3.7,0,0.2,0.3,0.759825708061,0.2,0.300217864923747,2.46207419440213e-07,4.84256732768243e-07,0.103117112085753,111.630833515204,0.202034718841445,0.251693880380862,0.285348467102497,0.169584369732942,0.0471394342308154,0.211673112745332,0.277749247234836,0.310478415195474,0.150169250253179,0.0495675270832688,240.511991575448,231.471259412502,303,v7.4.6,gap_tied_weak_links_phase3_seed,/Users/asewaket/Documents/LTSpice Superconducting Circuit/matlab_v7_4_6_files/outputs/v7_4_6_as006_gap_weaklink_v800_phase3_seed_303/AS006_v7_4_6_gap_weaklink_scores.csv
AS006,crack_tunnel_a4_1_g0_05_p0_3,"tunnel/crack-like links, alpha=4.1, tau=0.05, p=0.3",tear_lane,crack_tunnel,conductance,4.1,0.999999999999997,0.05,0.3,0.714793028322442,0.05,0.300217864923747,7.49510130393528e-08,6.42196130815311e-07,0.0963057106737389,87.5047299431784,0.202110300277829,0.255999524780972,0.28923347413278,0.159506046814832,0.0490108383572679,0.235005198022243,0.229973201137851,0.249462971352548,0.242776477999149,0.205021991607471,251.27794716645,313.271055353889,303,v7.4.6,gap_tied_weak_links_phase3_seed,/Users/asewaket/Documents/LTSpice Superconducting Circuit/matlab_v7_4_6_files/outputs/v7_4_6_as006_gap_weaklink_v800_phase3_seed_303/AS006_v7_4_6_gap_weaklink_scores.csv
AS006,crack_tunnel_a4_1_g0_1_p0_2,"tunnel/crack-like links, alpha=4.1, tau=0.1, p=0.2",tear_lane,crack_tunnel,conductance,4.1,0.999999999999997,0.1,0.2,0.819607843137257,0.1,0.200435729847495,1.19995263172324e-07,5.24855321491754e-07,0.105938416365739,121.185971575911,0.202162208355386,0.254874941322892,0.279725093978952,0.17524631029846,0.0473592981177968,0.208412859107376,0.268945019135188,0.293224573132507,0.163163385444895,0.0560220416136858,251.418081550183,231.706753532418,303,v7.4.6,gap_tied_weak_links_phase3_seed,/Users/asewaket/Documents/LTSpice Superconducting Circuit/matlab_v7_4_6_files/outputs/v7_4_6_as006_gap_weaklink_v800_phase3_seed_303/AS006_v7_4_6_gap_weaklink_scores.csv
AS006,crack_tunnel_a3_3_g0_2_p0_3,"tunnel/crack-like links, alpha=3.3, tau=0.2, p=0.3",tear_lane,crack_tunnel,conductance,3.3,1,0.2,0.3,0.759825708061,0.2,0.300217864923747,1.89153744467996e-07,4.11844743104239e-07,0.0775143524934972,111.630833515204,0.202242718607178,0.252470237394051,0.287277911972829,0.165337673987615,0.0493349172048707,0.201710909477643,0.234031703659849,0.267394229363368,0.188299099478302,0.0712090679945943,251.15775249991,266.799508930123,303,v7.4.6,gap_tied_weak_links_phase3_seed,/Users/asewaket/Documents/LTSpice Superconducting Circuit/matlab_v7_4_6_files/outputs/v7_4_6_as006_gap_weaklink_v800_phase3_seed_303/AS006_v7_4_6_gap_weaklink_scores.csv
AS006,combined_a3_7_g0_2_p0_2,"combined weak-link classes, alpha=3.7, tau=0.2, p=0.2",combined,boundary_constriction,conductance,3.7,0,0.2,0.2,0.839999999999999,0.2,0.2,2.49655305380865e-07,4.371743638584e-07,0.124389438595945,133.563663222056,0.202372227548767,0.252014065166943,0.284731323319538,0.171598382203989,0.0470692790127155,0.214297302403198,0.282425993783698,0.313708264319147,0.14939144135595,0.0533317539788499,240.173219053951,228.165435354325,303,v7.4.6,gap_tied_weak_links_phase3_seed,/Users/asewaket/Documents/LTSpice Superconducting Circuit/matlab_v7_4_6_files/outputs/v7_4_6_as006_gap_weaklink_v800_phase3_seed_303/AS006_v7_4_6_gap_weaklink_scores.csv
AS006,combined_a4_1_g0_1_p0_1,"combined weak-link classes, alpha=4.1, tau=0.1, p=0.1",combined,boundary_constriction,conductance,4.1,0.999999999999997,0.1,0.1,0.909803921568628,0.1,0.100217864923747,1.37033267533528e-07,4.97859176905181e-07,0.139972665967885,143.078676937721,0.202608764089846,0.252419360466491,0.28148398323636,0.176975125695164,0.0468085822001517,0.215338904050307,0.285167961976867,0.312387048434664,0.151828481764414,0.0550636213084907,239.98045422656,226.23923665385,303,v7.4.6,gap_tied_weak_links_phase3_seed,/Users/asewaket/Documents/LTSpice Superconducting Circuit/matlab_v7_4_6_files/outputs/v7_4_6_as006_gap_weaklink_v800_phase3_seed_303/AS006_v7_4_6_gap_weaklink_scores.csv
AS006,combined_a4_1_g0_2_p0_3,"combined weak-link classes, alpha=4.1, tau=0.2, p=0.3",combined,boundary_constriction,conductance,4.1,0.999999999999997,0.2,0.3,0.759825708061,0.2,0.300217864923747,2.72824437758074e-07,5.36608811986432e-07,0.114264907986916,111.630833515204,0.202657961173402,0.255080411105336,0.284777884729273,0.170277342426786,0.0470014184519625,0.212694648705712,0.282344058540651,0.310852256031189,0.15008338959972,0.0495334999336754,240.145930110728,230.964854324609,303,v7.4.6,gap_tied_weak_links_phase3_seed,/Users/asewaket/Documents/LTSpice Superconducting Circuit/matlab_v7_4_6_files/outputs/v7_4_6_as006_gap_weaklink_v800_phase3_seed_303/AS006_v7_4_6_gap_weaklink_scores.csv
AS006,contact_relaxed_a4_1_g0_05_p0_2,"contact-relaxed SNS links, alpha=4.1, tau=0.05, p=0.2",contact_relaxation,contact_relaxed,conductance,4.1,0.999999999999997,0.05,0.2,0.810000000000002,0.05,0.2,3.41951834542366e-08,6.18972070240159e-07,0.053465260749738,112.597423975253,0.202865214159877,0.238687153643528,0.300107606128821,0.162733991808578,0.0470331166696971,0.275058969299106,0.295317413197213,0.258363379375498,0.438332531237331,0.079925855344534,373.647166041236,344.273962628131,303,v7.4.6,gap_tied_weak_links_phase3_seed,/Users/asewaket/Documents/LTSpice Superconducting Circuit/matlab_v7_4_6_files/outputs/v7_4_6_as006_gap_weaklink_v800_phase3_seed_303/AS006_v7_4_6_gap_weaklink_scores.csv
AS006,contact_relaxed_a3_7_g0_1_p0_3,"contact-relaxed SNS links, alpha=3.7, tau=0.1, p=0.3",contact_relaxation,contact_relaxed,conductance,3.7,0,0.1,0.3,0.72980392156863,0.1,0.300217864923747,7.7086881667298e-08,5.73948162457345e-07,0.050642805509655,96.5721534493857,0.202902680932338,0.202923050008091,0.340113230482811,0.132572449037419,0.0506766400119085,0.943414783366616,1.40562914244806,0.981309404542276,1.21102848583359,0.0803677091440559,704.18865394542,674.508739689775,303,v7.4.6,gap_tied_weak_links_phase3_seed,/Users/asewaket/Documents/LTSpice Superconducting Circuit/matlab_v7_4_6_files/outputs/v7_4_6_as006_gap_weaklink_v800_phase3_seed_303/AS006_v7_4_6_gap_weaklink_scores.csv
AS006,combined_a4_1_g0_2_p0_2,"combined weak-link classes, alpha=4.1, tau=0.2, p=0.2",combined,boundary_constriction,conductance,4.1,0.999999999999997,0.2,0.2,0.839999999999999,0.2,0.2,2.76645068124743e-07,4.84436457248497e-07,0.137836945471182,133.563663222056,0.20298854457885,0.255180582320689,0.284476083669085,0.171979412405469,0.0469547286458239,0.215171281218575,0.286370607686483,0.314039818635979,0.149316696044435,0.053270245737884,239.911459369629,227.896888655654,303,v7.4.6,gap_tied_weak_links_phase3_seed,/Users/asewaket/Documents/LTSpice Superconducting Circuit/matlab_v7_4_6_files/outputs/v7_4_6_as006_gap_weaklink_v800_phase3_seed_303/AS006_v7_4_6_gap_weaklink_scores.csv
AS006,crack_tunnel_a3_3_g0_2_p0_2,"tunnel/crack-like links, alpha=3.3, tau=0.2, p=0.2",tear_lane,crack_tunnel,conductance,3.3,1,0.2,0.2,0.839651416122003,0.2,0.200435729847495,1.75262179679803e-07,3.84065162196445e-07,0.0852675058553511,133.563663222056,0.20302026114829,0.254782640397319,0.286536020412089,0.169568966810389,0.0469194211099889,0.202824392387356,0.254102254360086,0.285865697577482,0.17021549705128,0.0469853655020008,251.790444958759,244.962388413084,303,v7.4.6,gap_tied_weak_links_phase3_seed,/Users/asewaket/Documents/LTSpice Superconducting Circuit/matlab_v7_4_6_files/outputs/v7_4_6_as006_gap_weaklink_v800_phase3_seed_303/AS006_v7_4_6_gap_weaklink_scores.csv
AS006,contact_relaxed_a4_1_g0_1_p0_3,"contact-relaxed SNS links, alpha=4.1, tau=0.1, p=0.3",contact_relaxation,contact_relaxed,conductance,4.1,0.999999999999997,0.1,0.3,0.72980392156863,0.1,0.300217864923747,8.54205986043032e-08,6.35996612452734e-07,0.0561177034025907,96.5721534493857,0.203275574238296,0.209173321018738,0.338995248315106,0.13306653163945,0.0476297010719958,0.93273663715696,1.37500693407109,0.972191801868776,1.20586720156707,0.0800065964845142,702.960184035979,664.258834113393,303,v7.4.6,gap_tied_weak_links_phase3_seed,/Users/asewaket/Documents/LTSpice Superconducting Circuit/matlab_v7_4_6_files/outputs/v7_4_6_as006_gap_weaklink_v800_phase3_seed_303/AS006_v7_4_6_gap_weaklink_scores.csv
AS006,crack_tunnel_a3_7_g0_2_p0_3,"tunnel/crack-like links, alpha=3.7, tau=0.2, p=0.3",tear_lane,crack_tunnel,conductance,3.7,0,0.2,0.3,0.759825708061,0.2,0.300217864923747,2.12081471070178e-07,4.61765318025965e-07,0.0869100315836181,111.630833515204,0.20342700058995,0.258137608358518,0.287463191394295,0.165333702935977,0.0492696809812477,0.202748486411053,0.239435221399196,0.267690977201098,0.188011625254737,0.0708334689857288,251.1126846013,266.615570990427,303,v7.4.6,gap_tied_weak_links_phase3_seed,/Users/asewaket/Documents/LTSpice Superconducting Circuit/matlab_v7_4_6_files/outputs/v7_4_6_as006_gap_weaklink_v800_phase3_seed_303/AS006_v7_4_6_gap_weaklink_scores.csv
AS006,contact_relaxed_a3_7_g0_1_p0_2,"contact-relaxed SNS links, alpha=3.7, tau=0.1, p=0.2",contact_relaxation,contact_relaxed,conductance,3.7,0,0.1,0.2,0.820000000000002,0.1,0.2,5.73441218874072e-08,5.18997213280849e-07,0.0482491377497636,121.185971575911,0.203525601630665,0.24148262434317,0.303142757781561,0.158838242440896,0.0470977546413041,0.233675605162289,0.238213387213399,0.230041067720772,0.36306219915702,0.0737650211404209,347.488098409422,321.564599178905,303,v7.4.6,gap_tied_weak_links_phase3_seed,/Users/asewaket/Documents/LTSpice Superconducting Circuit/matlab_v7_4_6_files/outputs/v7_4_6_as006_gap_weaklink_v800_phase3_seed_303/AS006_v7_4_6_gap_weaklink_scores.csv
AS006,contact_relaxed_a4_1_g0_2_p0_3,"contact-relaxed SNS links, alpha=4.1, tau=0.2, p=0.3",contact_relaxation,contact_relaxed,conductance,4.1,0.999999999999997,0.2,0.3,0.759825708061001,0.2,0.300217864923747,1.47795208481169e-07,5.51578962202908e-07,0.0561177034025907,111.630833515204,0.203900474604429,0.24023226411174,0.312693584372934,0.147224405833371,0.0480258289660572,0.349614899390918,0.422768296416739,0.334301056020426,0.541482380857177,0.0634263764306326,419.097653480406,397.626791697663,303,v7.4.6,gap_tied_weak_links_phase3_seed,/Users/asewaket/Documents/LTSpice Superconducting Circuit/matlab_v7_4_6_files/outputs/v7_4_6_as006_gap_weaklink_v800_phase3_seed_303/AS006_v7_4_6_gap_weaklink_scores.csv
AS006,crack_tunnel_a4_1_g0_2_p0_3,"tunnel/crack-like links, alpha=4.1, tau=0.2, p=0.3",tear_lane,crack_tunnel,conductance,4.1,0.999999999999997,0.2,0.3,0.759825708061,0.2,0.300217864923747,2.35009197672359e-07,5.11685892947691e-07,0.0963057106737389,111.630833515204,0.204038035646661,0.261566964539418,0.287365493813708,0.165526532776308,0.0488254335495146,0.203377578658644,0.242881970478749,0.26791263278553,0.187799777419971,0.0704090936648286,251.145216884029,266.159118329585,303,v7.4.6,gap_tied_weak_links_phase3_seed,/Users/asewaket/Documents/LTSpice Superconducting Circuit/matlab_v7_4_6_files/outputs/v7_4_6_as006_gap_weaklink_v800_phase3_seed_303/AS006_v7_4_6_gap_weaklink_scores.csv
AS006,crack_tunnel_a3_7_g0_2_p0_2,"tunnel/crack-like links, alpha=3.7, tau=0.2, p=0.2",tear_lane,crack_tunnel,conductance,3.7,0,0.2,0.2,0.839651416122003,0.2,0.200435729847495,1.96506080247052e-07,4.30618515189953e-07,0.0956029611105452,133.563663222056,0.204072282648576,0.259503174566836,0.286729841964156,0.169488783760156,0.0472200355385743,0.203840990192573,0.258923066786436,0.28615861982017,0.170021261042194,0.0469777231883883,251.385661517681,245.24804964988,303,v7.4.6,gap_tied_weak_links_phase3_seed,/Users/asewaket/Documents/LTSpice Superconducting Circuit/matlab_v7_4_6_files/outputs/v7_4_6_as006_gap_weaklink_v800_phase3_seed_303/AS006_v7_4_6_gap_weaklink_scores.csv
AS006,boundary_sns_a3_7_g0_1_p0_3,"SNS-like boundary constriction, alpha=3.7, tau=0.1, p=0.3",boundary_lane,boundary_constriction,conductance,3.7,0,0.1,0.3,0.715686274509806,0.1,0.315904139433551,1.52268475610712e-07,5.23521944973873e-07,0.107758975986914,96.5721534493857,0.204161050752754,0.258963386194563,0.280119756994123,0.178136336513161,0.048961872188041,0.325189028079007,0.475599441039465,0.485610100759245,0.197900312480942,0.0531526324257146,168.32252719829,160.269908751755,303,v7.4.6,gap_tied_weak_links_phase3_seed,/Users/asewaket/Documents/LTSpice Superconducting Circuit/matlab_v7_4_6_files/outputs/v7_4_6_as006_gap_weaklink_v800_phase3_seed_303/AS006_v7_4_6_gap_weaklink_scores.csv
AS006,combined_a3_3_g0_2_p0_1,"combined weak-link classes, alpha=3.3, tau=0.2, p=0.1",combined,boundary_constriction,conductance,3.3,1,0.2,0.1,0.919825708061002,0.2,0.100217864923747,2.08522244502596e-07,3.79387103644561e-07,0.112660926266834,151.359127958214,0.204324355745655,0.255662984265544,0.288908465631251,0.17097441352598,0.0466509627005676,0.215166112423133,0.284667748696098,0.316414497254176,0.149876546096893,0.0500917606036415,240.596516388835,228.832219609445,303,v7.4.6,gap_tied_weak_links_phase3_seed,/Users/asewaket/Documents/LTSpice Superconducting Circuit/matlab_v7_4_6_files/outputs/v7_4_6_as006_gap_weaklink_v800_phase3_seed_303/AS006_v7_4_6_gap_weaklink_scores.csv
AS006,boundary_sns_a4_1_g0_1_p0_3,"SNS-like boundary constriction, alpha=4.1, tau=0.1, p=0.3",boundary_lane,boundary_constriction,conductance,4.1,0.999999999999997,0.1,0.3,0.715686274509806,0.1,0.315904139433551,1.68729932433492e-07,5.80118911998075e-07,0.119408595012527,96.5721534493857,0.204335749635927,0.259920298177721,0.279647368902244,0.178686812178329,0.0490170392000759,0.325825337000552,0.478286430291233,0.485790875138446,0.198009865001749,0.0531938919670611,168.088382616981,160.076128003896,303,v7.4.6,gap_tied_weak_links_phase3_seed,/Users/asewaket/Documents/LTSpice Superconducting Circuit/matlab_v7_4_6_files/outputs/v7_4_6_as006_gap_weaklink_v800_phase3_seed_303/AS006_v7_4_6_gap_weaklink_scores.csv
AS006,crack_tunnel_a3_3_g0_05_p0_1,"tunnel/crack-like links, alpha=3.3, tau=0.05, p=0.1",tear_lane,crack_tunnel,conductance,3.3,1,0.05,0.1,0.904793028322441,0.05,0.100217864923747,5.1144962388285e-08,4.17777123366951e-07,0.106544780790964,136.640639808185,0.204552402434134,0.255997670933605,0.285424417977786,0.175599806570156,0.0477718515632439,0.223760297646434,0.30378008276715,0.330664314854133,0.143903719086378,0.0564792056123132,222.854506065112,230.124778225904,303,v7.4.6,gap_tied_weak_links_phase3_seed,/Users/asewaket/Documents/LTSpice Superconducting Circuit/matlab_v7_4_6_files/outputs/v7_4_6_as006_gap_weaklink_v800_phase3_seed_303/AS006_v7_4_6_gap_weaklink_scores.csv
AS006,crack_tunnel_a4_1_g0_2_p0_2,"tunnel/crack-like links, alpha=4.1, tau=0.2, p=0.2",tear_lane,crack_tunnel,conductance,4.1,0.999999999999997,0.2,0.2,0.839651416122003,0.2,0.200435729847495,2.17749980814301e-07,4.77171868183462e-07,0.105938416365739,133.563663222056,0.204674958842368,0.262339961171753,0.286562257660463,0.169711891485929,0.0474110177768633,0.204501688784699,0.262138572556744,0.286362626733061,0.169874508872864,0.0468921384928158,250.950111303318,245.292378652322,303,v7.4.6,gap_tied_weak_links_phase3_seed,/Users/asewaket/Documents/LTSpice Superconducting Circuit/matlab_v7_4_6_files/outputs/v7_4_6_as006_gap_weaklink_v800_phase3_seed_303/AS006_v7_4_6_gap_weaklink_scores.csv
AS006,boundary_sns_a3_3_g0_1_p0_3,"SNS-like boundary constriction, alpha=3.3, tau=0.1, p=0.3",boundary_lane,boundary_constriction,conductance,3.3,1,0.1,0.3,0.715686274509806,0.1,0.315904139433551,1.35807018787932e-07,4.6692497794967e-07,0.096109356961302,96.5721534493857,0.205056184481201,0.263182678681601,0.285824784624459,0.172170058024472,0.0466922981010102,0.324508460671821,0.472805735606604,0.485393326083049,0.197758813501839,0.0530997302298659,172.346570017106,160.466096235496,303,v7.4.6,gap_tied_weak_links_phase3_seed,/Users/asewaket/Documents/LTSpice Superconducting Circuit/matlab_v7_4_6_files/outputs/v7_4_6_as006_gap_weaklink_v800_phase3_seed_303/AS006_v7_4_6_gap_weaklink_scores.csv
AS006,boundary_sns_a3_3_g0_2_p0_3,"SNS-like boundary constriction, alpha=3.3, tau=0.2, p=0.3",boundary_lane,boundary_constriction,conductance,3.3,1,0.2,0.3,0.747276688453157,0.2,0.315904139433551,2.3497408099359e-07,4.13365844278153e-07,0.096109356961302,111.630833515204,0.205065982689463,0.262371460811623,0.286140797538309,0.171941980573525,0.047284581226745,0.295776159890666,0.429560753123848,0.445446489368212,0.168172530055998,0.0595730273651146,188.221512185113,174.332981919122,303,v7.4.6,gap_tied_weak_links_phase3_seed,/Users/asewaket/Documents/LTSpice Superconducting Circuit/matlab_v7_4_6_files/outputs/v7_4_6_as006_gap_weaklink_v800_phase3_seed_303/AS006_v7_4_6_gap_weaklink_scores.csv
AS006,boundary_sns_a3_7_g0_2_p0_3,"SNS-like boundary constriction, alpha=3.7, tau=0.2, p=0.3",boundary_lane,boundary_constriction,conductance,3.7,0,0.2,0.3,0.747276688453157,0.2,0.315904139433551,2.63455787780692e-07,4.63470795099747e-07,0.107758975986914,111.630833515204,0.205185261510602,0.263608123132196,0.285200397917516,0.172859976305758,0.0471425176829613,0.296443403416072,0.432417550887054,0.445642922816391,0.168268114163417,0.0595892085603498,187.843493060857,173.913903250884,303,v7.4.6,gap_tied_weak_links_phase3_seed,/Users/asewaket/Documents/LTSpice Superconducting Circuit/matlab_v7_4_6_files/outputs/v7_4_6_as006_gap_weaklink_v800_phase3_seed_303/AS006_v7_4_6_gap_weaklink_scores.csv
AS006,contact_relaxed_a4_1_g0_1_p0_2,"contact-relaxed SNS links, alpha=4.1, tau=0.1, p=0.2",contact_relaxation,contact_relaxed,conductance,4.1,0.999999999999997,0.1,0.2,0.820000000000002,0.1,0.2,6.35434864157755e-08,5.75105020122022e-07,0.053465260749738,121.185971575911,0.205185321937499,0.249936618221347,0.30224940176329,0.159934963831702,0.0471348335907621,0.23202963276159,0.230980474587395,0.230122966514219,0.362235905476667,0.0736576159748381,346.089424024743,320.425770859106,303,v7.4.6,gap_tied_weak_links_phase3_seed,/Users/asewaket/Documents/LTSpice Superconducting Circuit/matlab_v7_4_6_files/outputs/v7_4_6_as006_gap_weaklink_v800_phase3_seed_303/AS006_v7_4_6_gap_weaklink_scores.csv
AS006,boundary_sns_a4_1_g0_2_p0_3,"SNS-like boundary constriction, alpha=4.1, tau=0.2, p=0.3",boundary_lane,boundary_constriction,conductance,4.1,0.999999999999997,0.2,0.3,0.747276688453157,0.2,0.315904139433551,2.91937494567794e-07,5.13575745921341e-07,0.119408595012527,111.630833515204,0.205197874231761,0.26425814679441,0.284190405502976,0.173876604620613,0.0470522589584186,0.29707216338815,0.435172317944996,0.44580636900722,0.168345813488658,0.0595950863722963,187.418837630696,173.499460266442,303,v7.4.6,gap_tied_weak_links_phase3_seed,/Users/asewaket/Documents/LTSpice Superconducting Circuit/matlab_v7_4_6_files/outputs/v7_4_6_as006_gap_weaklink_v800_phase3_seed_303/AS006_v7_4_6_gap_weaklink_scores.csv
AS006,combined_a3_7_g0_2_p0_1,"combined weak-link classes, alpha=3.7, tau=0.2, p=0.1",combined,boundary_constriction,conductance,3.7,0,0.2,0.1,0.919825708061002,0.2,0.100217864923747,2.33797668078669e-07,4.25373419237841e-07,0.126316796117359,151.359127958214,0.205244887313704,0.260207179997597,0.288877271434744,0.171081629060518,0.0466299952344751,0.216201958747536,0.289505010801432,0.316685462160637,0.149797872468756,0.0500578835691902,240.221149070121,228.938680847067,303,v7.4.6,gap_tied_weak_links_phase3_seed,/Users/asewaket/Documents/LTSpice Superconducting Circuit/matlab_v7_4_6_files/outputs/v7_4_6_as006_gap_weaklink_v800_phase3_seed_303/AS006_v7_4_6_gap_weaklink_scores.csv
AS006,crack_tunnel_a3_7_g0_05_p0_1,"tunnel/crack-like links, alpha=3.7, tau=0.05, p=0.1",tear_lane,crack_tunnel,conductance,3.7,0,0.05,0.1,0.904793028322441,0.05,0.100217864923747,5.73443517686832e-08,4.68416774684157e-07,0.119459299674718,136.640639808185,0.205420758972938,0.259963617179936,0.28572032055458,0.175518466573035,0.0477315334979449,0.224662304100113,0.307949486590447,0.331004036047343,0.143872683315904,0.0562641166823878,222.806093278753,230.15116204583,303,v7.4.6,gap_tied_weak_links_phase3_seed,/Users/asewaket/Documents/LTSpice Superconducting Circuit/matlab_v7_4_6_files/outputs/v7_4_6_as006_gap_weaklink_v800_phase3_seed_303/AS006_v7_4_6_gap_weaklink_scores.csv
AS006,contact_relaxed_a3_7_g0_2_p0_3,"contact-relaxed SNS links, alpha=3.7, tau=0.2, p=0.3",contact_relaxation,contact_relaxed,conductance,3.7,0,0.2,0.3,0.759825708061001,0.2,0.300217864923747,1.33376163751299e-07,4.97766380524576e-07,0.050642805509655,111.630833515204,0.205584163498356,0.238147859399866,0.320991930309098,0.14237227747235,0.0500717332105527,0.355106439820043,0.443550444071531,0.337022188394811,0.542919264222602,0.0635438450595133,425.10964201967,406.891464293903,303,v7.4.6,gap_tied_weak_links_phase3_seed,/Users/asewaket/Documents/LTSpice Superconducting Circuit/matlab_v7_4_6_files/outputs/v7_4_6_as006_gap_weaklink_v800_phase3_seed_303/AS006_v7_4_6_gap_weaklink_scores.csv
AS006,contact_relaxed_a3_3_g0_2_p0_3,"contact-relaxed SNS links, alpha=3.3, tau=0.2, p=0.3",contact_relaxation,contact_relaxed,conductance,3.3,1,0.2,0.3,0.759825708061001,0.2,0.300217864923747,1.18957119021429e-07,4.43953798846243e-07,0.0451679076167193,111.630833515204,0.205665274903667,0.232832143563446,0.327773844232391,0.138611166623288,0.0486260452690958,0.362182343103907,0.470548302936055,0.340353282481067,0.54485409036653,0.0636775552834533,433.514929569967,412.471250074711,303,v7.4.6,gap_tied_weak_links_phase3_seed,/Users/asewaket/Documents/LTSpice Superconducting Circuit/matlab_v7_4_6_files/outputs/v7_4_6_as006_gap_weaklink_v800_phase3_seed_303/AS006_v7_4_6_gap_weaklink_scores.csv
AS006,crack_tunnel_a3_3_g0_1_p0_1,"tunnel/crack-like links, alpha=3.3, tau=0.1, p=0.1",tear_lane,crack_tunnel,conductance,3.3,1,0.1,0.1,0.909803921568628,0.1,0.100217864923747,9.76872380046227e-08,3.98978622502438e-07,0.106544780790964,143.078676937721,0.205672301873418,0.259695799780108,0.288867323216646,0.17275074135488,0.0472094672642487,0.219774707576394,0.294412614163428,0.321928988088962,0.148335063394291,0.055666365319995,229.186471385347,234.810598697998,303,v7.4.6,gap_tied_weak_links_phase3_seed,/Users/asewaket/Documents/LTSpice Superconducting Circuit/matlab_v7_4_6_files/outputs/v7_4_6_as006_gap_weaklink_v800_phase3_seed_303/AS006_v7_4_6_gap_weaklink_scores.csv
AS006,combined_a4_1_g0_2_p0_1,"combined weak-link classes, alpha=4.1, tau=0.2, p=0.1",combined,boundary_constriction,conductance,4.1,0.999999999999997,0.2,0.1,0.919825708061002,0.2,0.100217864923747,2.59073091654741e-07,4.71359734831121e-07,0.139972665967885,151.359127958214,0.205825556232816,0.263145204023486,0.288612366856192,0.171386962329786,0.046677232230026,0.2169452642859,0.29301136765344,0.316885007763462,0.149735598457925,0.0499966921175927,239.691697649975,229.028420997914,303,v7.4.6,gap_tied_weak_links_phase3_seed,/Users/asewaket/Documents/LTSpice Superconducting Circuit/matlab_v7_4_6_files/outputs/v7_4_6_as006_gap_weaklink_v800_phase3_seed_303/AS006_v7_4_6_gap_weaklink_scores.csv
AS006,boundary_sns_a3_7_g0_05_p0_3,"SNS-like boundary constriction, alpha=3.7, tau=0.05, p=0.3",boundary_lane,boundary_constriction,conductance,3.7,0,0.05,0.3,0.699891067538129,0.05,0.315904139433551,8.40234270863438e-08,5.777703860919e-07,0.107758975986914,87.5047299431784,0.206061541977463,0.260218470743752,0.280862743882359,0.178646668965101,0.0552711011430585,0.341892154253742,0.500128646835686,0.508182189551084,0.216433558581525,0.0494713444917184,152.0927757217,160.344505178442,303,v7.4.6,gap_tied_weak_links_phase3_seed,/Users/asewaket/Documents/LTSpice Superconducting Circuit/matlab_v7_4_6_files/outputs/v7_4_6_as006_gap_weaklink_v800_phase3_seed_303/AS006_v7_4_6_gap_weaklink_scores.csv
AS006,crack_tunnel_a4_1_g0_05_p0_1,"tunnel/crack-like links, alpha=4.1, tau=0.05, p=0.1",tear_lane,crack_tunnel,conductance,4.1,0.999999999999997,0.05,0.1,0.904793028322441,0.05,0.100217864923747,6.35437411490814e-08,5.19056426001363e-07,0.132373818558471,136.640639808185,0.206085852574651,0.262813701935305,0.286019542911147,0.175393463146498,0.0478395319103207,0.22535180401858,0.311035712111861,0.331271113906517,0.143855649337895,0.0561792969722648,222.723228217511,230.278964518079,303,v7.4.6,gap_tied_weak_links_phase3_seed,/Users/asewaket/Documents/LTSpice Superconducting Circuit/matlab_v7_4_6_files/outputs/v7_4_6_as006_gap_weaklink_v800_phase3_seed_303/AS006_v7_4_6_gap_weaklink_scores.csv
AS006,crack_tunnel_a3_7_g0_1_p0_1,"tunnel/crack-like links, alpha=3.7, tau=0.1, p=0.1",tear_lane,crack_tunnel,conductance,3.7,0,0.1,0.1,0.909803921568628,0.1,0.100217864923747,1.09528115338516e-07,4.47339667654249e-07,0.119459299674718,143.078676937721,0.206360816074573,0.263008311372829,0.288542072829357,0.173189481304023,0.0473602899186302,0.220618656414295,0.298506479526238,0.322197347409971,0.148276927033908,0.055395285785402,228.64039964341,234.816464259451,303,v7.4.6,gap_tied_weak_links_phase3_seed,/Users/asewaket/Documents/LTSpice Superconducting Circuit/matlab_v7_4_6_files/outputs/v7_4_6_as006_gap_weaklink_v800_phase3_seed_303/AS006_v7_4_6_gap_weaklink_scores.csv
AS006,boundary_sns_a4_1_g0_05_p0_3,"SNS-like boundary constriction, alpha=4.1, tau=0.05, p=0.3",boundary_lane,boundary_constriction,conductance,4.1,0.999999999999997,0.05,0.3,0.699891067538129,0.05,0.315904139433551,9.31070408254081e-08,6.40232049453187e-07,0.119408595012527,87.5047299431784,0.206422876808318,0.261501753955068,0.280848795329459,0.178834936879761,0.0555835671602662,0.34250946511881,0.502735193631773,0.508446240532807,0.216609870188832,0.0492688732938268,152.016772054462,160.224953690066,303,v7.4.6,gap_tied_weak_links_phase3_seed,/Users/asewaket/Documents/LTSpice Superconducting Circuit/matlab_v7_4_6_files/outputs/v7_4_6_as006_gap_weaklink_v800_phase3_seed_303/AS006_v7_4_6_gap_weaklink_scores.csv
AS006,contact_relaxed_a3_3_g0_2_p0_2,"contact-relaxed SNS links, alpha=3.3, tau=0.2, p=0.2",contact_relaxation,contact_relaxed,conductance,3.3,1,0.2,0.2,0.839999999999998,0.2,0.2,9.28100796586397e-08,4.19992242638085e-07,0.0430330147497891,133.563663222056,0.206840421961171,0.254441061804386,0.309620549697813,0.15303535691898,0.0466308898815739,0.199900915262816,0.199732834738982,0.232807941037175,0.261457324614431,0.0655361889920047,311.685518548175,288.939498018491,303,v7.4.6,gap_tied_weak_links_phase3_seed,/Users/asewaket/Documents/LTSpice Superconducting Circuit/matlab_v7_4_6_files/outputs/v7_4_6_as006_gap_weaklink_v800_phase3_seed_303/AS006_v7_4_6_gap_weaklink_scores.csv
AS006,crack_tunnel_a4_1_g0_1_p0_1,"tunnel/crack-like links, alpha=4.1, tau=0.1, p=0.1",tear_lane,crack_tunnel,conductance,4.1,0.999999999999997,0.1,0.1,0.909803921568628,0.1,0.100217864923747,1.2136899267241e-07,4.95700712806059e-07,0.132373818558471,143.078676937721,0.206855363984803,0.265201006338363,0.288219631458723,0.173597763623514,0.0476942540034954,0.221244066712687,0.301488871091615,0.322403868285711,0.148229020991118,0.0552384167329289,228.083111011037,234.891088993897,303,v7.4.6,gap_tied_weak_links_phase3_seed,/Users/asewaket/Documents/LTSpice Superconducting Circuit/matlab_v7_4_6_files/outputs/v7_4_6_as006_gap_weaklink_v800_phase3_seed_303/AS006_v7_4_6_gap_weaklink_scores.csv
AS006,combined_a3_3_g0_05_p0_05,"combined weak-link classes, alpha=3.3, tau=0.05, p=0.05",combined,boundary_constriction,conductance,3.3,1,0.05,0.05,0.95239651416122,0.05,0.0501089324618736,5.33315633035525e-08,3.85548052499827e-07,0.117881672447091,159.623688480662,0.207312837414299,0.263358368340524,0.292451409360529,0.170922800963674,0.0477623511454502,0.215384788732731,0.286760601717856,0.314708336736682,0.15324250712352,0.0478706187522073,240.32601349267,233.715427165828,303,v7.4.6,gap_tied_weak_links_phase3_seed,/Users/asewaket/Documents/LTSpice Superconducting Circuit/matlab_v7_4_6_files/outputs/v7_4_6_as006_gap_weaklink_v800_phase3_seed_303/AS006_v7_4_6_gap_weaklink_scores.csv
AS006,boundary_sns_a3_3_g0_05_p0_3,"SNS-like boundary constriction, alpha=3.3, tau=0.05, p=0.3",boundary_lane,boundary_constriction,conductance,3.3,1,0.05,0.3,0.699891067538129,0.05,0.315904139433551,7.49398133472797e-08,5.15308722730614e-07,0.096109356961302,87.5047299431784,0.207391735738756,0.269744327805461,0.291272019922995,0.167797614895256,0.0477412974040066,0.341207992533436,0.497259477193743,0.507859956525136,0.216208643165818,0.0497647575971789,159.026206899235,160.462467246155,303,v7.4.6,gap_tied_weak_links_phase3_seed,/Users/asewaket/Documents/LTSpice Superconducting Circuit/matlab_v7_4_6_files/outputs/v7_4_6_as006_gap_weaklink_v800_phase3_seed_303/AS006_v7_4_6_gap_weaklink_scores.csv
AS006,crack_tunnel_a3_3_g0_2_p0_1,"tunnel/crack-like links, alpha=3.3, tau=0.2, p=0.1",tear_lane,crack_tunnel,conductance,3.3,1,0.2,0.1,0.919825708061001,0.2,0.100217864923747,1.84686063615012e-07,3.77813112519976e-07,0.106544780790964,151.359127958214,0.207810611200106,0.266977996279758,0.295110694632017,0.167057027901603,0.0468100592377378,0.218033927228111,0.292067009025897,0.31914256624784,0.14970191813477,0.0524757385124775,235.31543118332,237.239298330995,303,v7.4.6,gap_tied_weak_links_phase3_seed,/Users/asewaket/Documents/LTSpice Superconducting Circuit/matlab_v7_4_6_files/outputs/v7_4_6_as006_gap_weaklink_v800_phase3_seed_303/AS006_v7_4_6_gap_weaklink_scores.csv
AS006,combined_a3_7_g0_05_p0_05,"combined weak-link classes, alpha=3.7, tau=0.05, p=0.05",combined,boundary_constriction,conductance,3.7,0,0.05,0.05,0.95239651416122,0.05,0.0501089324618736,5.97959952191347e-08,4.32281149772534e-07,0.132170360016436,159.623688480662,0.207982876068147,0.266408562124829,0.291899962310382,0.171624003586853,0.0481508796891734,0.216231271676871,0.290735691687983,0.31495237482889,0.153200960218898,0.0477528104721942,239.464082777665,233.786203041866,303,v7.4.6,gap_tied_weak_links_phase3_seed,/Users/asewaket/Documents/LTSpice Superconducting Circuit/matlab_v7_4_6_files/outputs/v7_4_6_as006_gap_weaklink_v800_phase3_seed_303/AS006_v7_4_6_gap_weaklink_scores.csv
AS006,combined_a3_3_g0_1_p0_05,"combined weak-link classes, alpha=3.3, tau=0.1, p=0.05",combined,boundary_constriction,conductance,3.3,1,0.1,0.05,0.954901960784314,0.1,0.0501089324618736,1.05138245100335e-07,3.80036165553237e-07,0.117881672447091,161.938804263452,0.208100525702639,0.26630936119473,0.294795433981784,0.168984191711303,0.047071018211213,0.215671609349869,0.288115950811072,0.315589828471907,0.152767066803787,0.0470010626077,240.533546169496,234.932238041342,303,v7.4.6,gap_tied_weak_links_phase3_seed,/Users/asewaket/Documents/LTSpice Superconducting Circuit/matlab_v7_4_6_files/outputs/v7_4_6_as006_gap_weaklink_v800_phase3_seed_303/AS006_v7_4_6_gap_weaklink_scores.csv
AS006,crack_tunnel_a3_7_g0_2_p0_1,"tunnel/crack-like links, alpha=3.7, tau=0.2, p=0.1",tear_lane,crack_tunnel,conductance,3.7,0,0.2,0.1,0.919825708061001,0.2,0.100217864923747,2.07072253144104e-07,4.23608641310276e-07,0.119459299674718,151.359127958214,0.208364235936204,0.270045765711435,0.294677511359009,0.167408702719821,0.0468288906915462,0.218783715806556,0.295916116209563,0.319336380146734,0.149578495227812,0.0521906785316698,234.527649199131,237.459621798355,303,v7.4.6,gap_tied_weak_links_phase3_seed,/Users/asewaket/Documents/LTSpice Superconducting Circuit/matlab_v7_4_6_files/outputs/v7_4_6_as006_gap_weaklink_v800_phase3_seed_303/AS006_v7_4_6_gap_weaklink_scores.csv
AS006,contact_relaxed_a3_7_g0_2_p0_2,"contact-relaxed SNS links, alpha=3.7, tau=0.2, p=0.2",contact_relaxation,contact_relaxed,conductance,3.7,0,0.2,0.2,0.839999999999998,0.2,0.2,1.04059786283929e-07,4.70900393260883e-07,0.0482491377497636,133.563663222056,0.208379750345912,0.262287902476779,0.308532839336388,0.154170160135919,0.0469656802442025,0.200295418349616,0.201721839242557,0.233279420694133,0.260825157918191,0.0654848188930525,309.868617563833,288.345318483259,303,v7.4.6,gap_tied_weak_links_phase3_seed,/Users/asewaket/Documents/LTSpice Superconducting Circuit/matlab_v7_4_6_files/outputs/v7_4_6_as006_gap_weaklink_v800_phase3_seed_303/AS006_v7_4_6_gap_weaklink_scores.csv
AS006,combined_a4_1_g0_05_p0_05,"combined weak-link classes, alpha=4.1, tau=0.05, p=0.05",combined,boundary_constriction,conductance,4.1,0.999999999999997,0.05,0.05,0.95239651416122,0.05,0.0501089324618736,6.62604271347168e-08,4.7901424704524e-07,0.14645904758578,159.623688480662,0.208399662862849,0.268031562442776,0.291148545191992,0.172507638458221,0.0488222497127084,0.216815790947344,0.293482404388219,0.31514437641488,0.153172986302605,0.0476276587442042,238.468652651743,233.838948413953,303,v7.4.6,gap_tied_weak_links_phase3_seed,/Users/asewaket/Documents/LTSpice Superconducting Circuit/matlab_v7_4_6_files/outputs/v7_4_6_as006_gap_weaklink_v800_phase3_seed_303/AS006_v7_4_6_gap_weaklink_scores.csv
AS006,combined_a3_7_g0_1_p0_05,"combined weak-link classes, alpha=3.7, tau=0.1, p=0.05",combined,boundary_constriction,conductance,3.7,0,0.1,0.05,0.954901960784314,0.1,0.0501089324618736,1.17882274809466e-07,4.26101155317265e-07,0.132170360016436,161.938804263452,0.208635885068426,0.269129939408093,0.294113192161801,0.169702952761998,0.0472227086983873,0.216470698011196,0.291954847406222,0.315776540438941,0.152721819183911,0.0468874229017248,239.56838364142,235.043535968638,303,v7.4.6,gap_tied_weak_links_phase3_seed,/Users/asewaket/Documents/LTSpice Superconducting Circuit/matlab_v7_4_6_files/outputs/v7_4_6_as006_gap_weaklink_v800_phase3_seed_303/AS006_v7_4_6_gap_weaklink_scores.csv
AS006,crack_tunnel_a4_1_g0_2_p0_1,"tunnel/crack-like links, alpha=4.1, tau=0.2, p=0.1",tear_lane,crack_tunnel,conductance,4.1,0.999999999999997,0.2,0.1,0.919825708061001,0.2,0.100217864923747,2.29458442673196e-07,4.69404170100577e-07,0.132373818558471,151.359127958214,0.208781342744902,0.272080735756054,0.294254884512057,0.167778290426582,0.0471570670391306,0.21933623987351,0.298730200748631,0.319491573168125,0.149484374704486,0.0519852771940951,233.738939481742,237.722320293819,303,v7.4.6,gap_tied_weak_links_phase3_seed,/Users/asewaket/Documents/LTSpice Superconducting Circuit/matlab_v7_4_6_files/outputs/v7_4_6_as006_gap_weaklink_v800_phase3_seed_303/AS006_v7_4_6_gap_weaklink_scores.csv
AS006,combined_a4_1_g0_1_p0_05,"combined weak-link classes, alpha=4.1, tau=0.1, p=0.05",combined,boundary_constriction,conductance,4.1,0.999999999999997,0.1,0.05,0.954901960784314,0.1,0.0501089324618736,1.30626304518598e-07,4.72166145081294e-07,0.14645904758578,161.938804263452,0.208988610030379,0.270736506042174,0.29335762945425,0.170487249414268,0.0477216307969475,0.217026668614739,0.294650303214248,0.315918687870124,0.152682476722677,0.0467722401833817,238.513960953542,235.210729560335,303,v7.4.6,gap_tied_weak_links_phase3_seed,/Users/asewaket/Documents/LTSpice Superconducting Circuit/matlab_v7_4_6_files/outputs/v7_4_6_as006_gap_weaklink_v800_phase3_seed_303/AS006_v7_4_6_gap_weaklink_scores.csv
AS006,boundary_sns_a3_3_g0_1_p0_2,"SNS-like boundary constriction, alpha=3.3, tau=0.1, p=0.2",boundary_lane,boundary_constriction,conductance,3.3,1,0.1,0.2,0.800784313725492,0.1,0.221350762527233,1.22898716603419e-07,4.15448314657139e-07,0.112336938302514,121.185971575911,0.209045887478103,0.268639277714089,0.291419665372838,0.173163628377882,0.050151209801608,0.296878744715689,0.436754587319079,0.450056383609886,0.170271264604865,0.0472013841859826,181.53837484144,179.638408987094,303,v7.4.6,gap_tied_weak_links_phase3_seed,/Users/asewaket/Documents/LTSpice Superconducting Circuit/matlab_v7_4_6_files/outputs/v7_4_6_as006_gap_weaklink_v800_phase3_seed_303/AS006_v7_4_6_gap_weaklink_scores.csv
AS006,boundary_sns_a3_3_g0_2_p0_2,"SNS-like boundary constriction, alpha=3.3, tau=0.2, p=0.2",boundary_lane,boundary_constriction,conductance,3.3,1,0.2,0.2,0.822919389978212,0.2,0.221350762527233,2.2301874653223e-07,3.8064351153144e-07,0.112336938302514,133.563663222056,0.209188451993216,0.271342714416065,0.294734097857494,0.168976822002304,0.0475938467965212,0.277374442381095,0.40493546571297,0.421016711181819,0.153107437903553,0.0537732042448783,198.489993350938,187.962210725321,303,v7.4.6,gap_tied_weak_links_phase3_seed,/Users/asewaket/Documents/LTSpice Superconducting Circuit/matlab_v7_4_6_files/outputs/v7_4_6_as006_gap_weaklink_v800_phase3_seed_303/AS006_v7_4_6_gap_weaklink_scores.csv
AS006,combined_a3_3_g0_4_p0_2,"combined weak-link classes, alpha=3.3, tau=0.4, p=0.2",combined,boundary_constriction,conductance,3.3,1,0.4,0.2,0.879999999999999,0.4,0.2,3.93012276023074e-07,3.91646277501701e-07,0.110941931720708,151.344003036571,0.209259427374673,0.272224368586829,0.302201065087185,0.158345681259677,0.0472888028093678,0.220774334976853,0.298694621492426,0.327624138063751,0.143430984455033,0.0525460812114829,241.805401105593,230.175134860707,303,v7.4.6,gap_tied_weak_links_phase3_seed,/Users/asewaket/Documents/LTSpice Superconducting Circuit/matlab_v7_4_6_files/outputs/v7_4_6_as006_gap_weaklink_v800_phase3_seed_303/AS006_v7_4_6_gap_weaklink_scores.csv
AS006,boundary_sns_a4_1_g0_4_p0_3,"SNS-like boundary constriction, alpha=4.1, tau=0.4, p=0.3",boundary_lane,boundary_constriction,conductance,4.1,0.999999999999997,0.4,0.3,0.810457516339867,0.4,0.315904139433551,4.80637585584891e-07,5.01519566674799e-07,0.119408595012527,135.608312085228,0.209278196767942,0.276926497892058,0.296499071406675,0.16300297420057,0.0468373932352583,0.263668529587638,0.38446624845049,0.398768569083105,0.143010479414903,0.0572683043236349,210.379263581866,196.292048107847,303,v7.4.6,gap_tied_weak_links_phase3_seed,/Users/asewaket/Documents/LTSpice Superconducting Circuit/matlab_v7_4_6_files/outputs/v7_4_6_as006_gap_weaklink_v800_phase3_seed_303/AS006_v7_4_6_gap_weaklink_scores.csv
AS006,combined_a3_3_g0_4_p0_3,"combined weak-link classes, alpha=3.3, tau=0.4, p=0.3",combined,boundary_constriction,conductance,3.3,1,0.4,0.3,0.81986928104575,0.4,0.300217864923747,3.61527389173903e-07,4.14038502352561e-07,0.0919693161845909,135.608312085228,0.209292094784772,0.272544997528062,0.304061910930126,0.15565566565242,0.0472375502025541,0.219243576810552,0.29573393874363,0.326488521402284,0.142910563033223,0.0504908290636033,242.426667268518,232.441261341406,303,v7.4.6,gap_tied_weak_links_phase3_seed,/Users/asewaket/Documents/LTSpice Superconducting Circuit/matlab_v7_4_6_files/outputs/v7_4_6_as006_gap_weaklink_v800_phase3_seed_303/AS006_v7_4_6_gap_weaklink_scores.csv
AS006,combined_a4_1_g0_4_p0_3,"combined weak-link classes, alpha=4.1, tau=0.4, p=0.3",combined,boundary_constriction,conductance,4.1,0.999999999999997,0.4,0.3,0.81986928104575,0.4,0.300217864923747,4.49170392610001e-07,5.14411472619848e-07,0.114264907986916,135.608312085228,0.209307471349636,0.275739754795133,0.300195513419885,0.158715706818924,0.0470608199445905,0.220996202055979,0.303725443996264,0.32704531480757,0.142816283022077,0.0504059115927887,240.368661865425,230.395330956772,303,v7.4.6,gap_tied_weak_links_phase3_seed,/Users/asewaket/Documents/LTSpice Superconducting Circuit/matlab_v7_4_6_files/outputs/v7_4_6_as006_gap_weaklink_v800_phase3_seed_303/AS006_v7_4_6_gap_weaklink_scores.csv
AS006,contact_relaxed_a4_1_g0_2_p0_2,"contact-relaxed SNS links, alpha=4.1, tau=0.2, p=0.2",contact_relaxation,contact_relaxed,conductance,4.1,0.999999999999997,0.2,0.2,0.839999999999998,0.2,0.2,1.15309492909219e-07,5.21808543883681e-07,0.053465260749738,133.563663222056,0.209328367739073,0.267631574542431,0.307183601490045,0.155371706335024,0.0472243286265766,0.200569359657861,0.203263106441411,0.233545674585413,0.260348918125057,0.065442613667099,308.331103143398,287.536091994962,303,v7.4.6,gap_tied_weak_links_phase3_seed,/Users/asewaket/Documents/LTSpice Superconducting Circuit/matlab_v7_4_6_files/outputs/v7_4_6_as006_gap_weaklink_v800_phase3_seed_303/AS006_v7_4_6_gap_weaklink_scores.csv
AS006,boundary_sns_a3_7_g0_2_p0_2,"SNS-like boundary constriction, alpha=3.7, tau=0.2, p=0.2",boundary_lane,boundary_constriction,conductance,3.7,0,0.2,0.2,0.822919389978212,0.2,0.221350762527233,2.5005132186947e-07,4.26782118989796e-07,0.125953536884637,133.563663222056,0.20938784661893,0.273068719073601,0.294057454152338,0.169555770414262,0.0473252562366284,0.278003769871003,0.407803457354578,0.421176732071137,0.153156970201996,0.0537098981234499,198.231106060098,187.611660177741,303,v7.4.6,gap_tied_weak_links_phase3_seed,/Users/asewaket/Documents/LTSpice Superconducting Circuit/matlab_v7_4_6_files/outputs/v7_4_6_as006_gap_weaklink_v800_phase3_seed_303/AS006_v7_4_6_gap_weaklink_scores.csv
AS006,boundary_sns_a3_7_g0_1_p0_2,"SNS-like boundary constriction, alpha=3.7, tau=0.1, p=0.2",boundary_lane,boundary_constriction,conductance,3.7,0,0.1,0.2,0.800784313725492,0.1,0.221350762527233,1.37795530737166e-07,4.65805686130732e-07,0.125953536884637,121.185971575911,0.209389031155072,0.270689003963289,0.291250823254802,0.173362829097631,0.0498636747441263,0.297493084193445,0.439544883658047,0.450236136028842,0.170365431650947,0.0470505096950221,181.490216590859,179.457813131091,303,v7.4.6,gap_tied_weak_links_phase3_seed,/Users/asewaket/Documents/LTSpice Superconducting Circuit/matlab_v7_4_6_files/outputs/v7_4_6_as006_gap_weaklink_v800_phase3_seed_303/AS006_v7_4_6_gap_weaklink_scores.csv
AS006,boundary_sns_a4_1_g0_2_p0_2,"SNS-like boundary constriction, alpha=4.1, tau=0.2, p=0.2",boundary_lane,boundary_constriction,conductance,4.1,0.999999999999997,0.2,0.2,0.822919389978212,0.2,0.221350762527233,2.7708389720671e-07,4.72920726448152e-07,0.13957013546676,133.563663222056,0.209476350556075,0.274216274402181,0.293300254380965,0.170238236933395,0.0470922370447649,0.278560900581174,0.410359270924317,0.421315255465994,0.153207257436311,0.0536344631206782,197.926297769167,187.245974335537,303,v7.4.6,gap_tied_weak_links_phase3_seed,/Users/asewaket/Documents/LTSpice Superconducting Circuit/matlab_v7_4_6_files/outputs/v7_4_6_as006_gap_weaklink_v800_phase3_seed_303/AS006_v7_4_6_gap_weaklink_scores.csv
AS006,combined_a3_7_g0_4_p0_3,"combined weak-link classes, alpha=3.7, tau=0.4, p=0.3",combined,boundary_constriction,conductance,3.7,0,0.4,0.3,0.81986928104575,0.4,0.300217864923747,4.05348890891952e-07,4.64224987486205e-07,0.103117112085753,135.608312085228,0.209477574385984,0.274890052822754,0.302384991629954,0.156983338033179,0.0470949112132738,0.220227779358903,0.300196864249003,0.326817053057632,0.142857115938354,0.050440794771713,241.533594309212,231.480049817748,303,v7.4.6,gap_tied_weak_links_phase3_seed,/Users/asewaket/Documents/LTSpice Superconducting Circuit/matlab_v7_4_6_files/outputs/v7_4_6_as006_gap_weaklink_v800_phase3_seed_303/AS006_v7_4_6_gap_weaklink_scores.csv
AS006,combined_a4_1_g0_4_p0_2,"combined weak-link classes, alpha=4.1, tau=0.4, p=0.2",combined,boundary_constriction,conductance,4.1,0.999999999999997,0.4,0.2,0.879999999999999,0.4,0.2,4.88287979301396e-07,4.86590829623325e-07,0.137836945471182,151.344003036571,0.209506253277873,0.275818434626478,0.299319211860213,0.160694620666655,0.0470359351741951,0.222336841179955,0.305951446787184,0.328081630238171,0.143320264968635,0.052439574984998,240.238641264324,228.650288847654,303,v7.4.6,gap_tied_weak_links_phase3_seed,/Users/asewaket/Documents/LTSpice Superconducting Circuit/matlab_v7_4_6_files/outputs/v7_4_6_as006_gap_weaklink_v800_phase3_seed_303/AS006_v7_4_6_gap_weaklink_scores.csv
AS006,combined_a3_7_g0_4_p0_2,"combined weak-link classes, alpha=3.7, tau=0.4, p=0.2",combined,boundary_constriction,conductance,3.7,0,0.4,0.2,0.879999999999999,0.4,0.2,4.40650127662235e-07,4.39118553562513e-07,0.124389438595945,151.344003036571,0.209557754178448,0.274763082103956,0.300976647369331,0.159339028817531,0.0471427698700404,0.221664597831744,0.30281926634499,0.327886179683432,0.143366196493177,0.0524951627512523,241.125082374364,229.486948304595,303,v7.4.6,gap_tied_weak_links_phase3_seed,/Users/asewaket/Documents/LTSpice Superconducting Circuit/matlab_v7_4_6_files/outputs/v7_4_6_as006_gap_weaklink_v800_phase3_seed_303/AS006_v7_4_6_gap_weaklink_scores.csv
AS006,boundary_sns_a4_1_g0_1_p0_2,"SNS-like boundary constriction, alpha=4.1, tau=0.1, p=0.2",boundary_lane,boundary_constriction,conductance,4.1,0.999999999999997,0.1,0.2,0.800784313725492,0.1,0.221350762527233,1.52692344870914e-07,5.16163057604324e-07,0.13957013546676,121.185971575911,0.209631917907038,0.272299443648444,0.291040342626103,0.173590636633868,0.0495512504987284,0.298029548009892,0.442006566960614,0.450389219620213,0.17044229453124,0.0469071705894251,181.435621421212,179.27079592195,303,v7.4.6,gap_tied_weak_links_phase3_seed,/Users/asewaket/Documents/LTSpice Superconducting Circuit/matlab_v7_4_6_files/outputs/v7_4_6_as006_gap_weaklink_v800_phase3_seed_303/AS006_v7_4_6_gap_weaklink_scores.csv
AS006,crack_tunnel_a3_3_g0_05_p0_05,"tunnel/crack-like links, alpha=3.3, tau=0.05, p=0.05",tear_lane,crack_tunnel,conductance,3.3,1,0.05,0.05,0.951982570806101,0.05,0.0505446623093682,4.94659550664866e-08,3.85007505850956e-07,0.114773766388446,159.623688480662,0.209722040020776,0.271434812781387,0.299321582553941,0.164922391210352,0.0472096288401552,0.220249915517368,0.294853990626462,0.321579683204593,0.149745393127569,0.0564493999428808,234.658475151875,239.61500223248,303,v7.4.6,gap_tied_weak_links_phase3_seed,/Users/asewaket/Documents/LTSpice Superconducting Circuit/matlab_v7_4_6_files/outputs/v7_4_6_as006_gap_weaklink_v800_phase3_seed_303/AS006_v7_4_6_gap_weaklink_scores.csv
AS006,boundary_sns_a3_7_g0_4_p0_3,"SNS-like boundary constriction, alpha=3.7, tau=0.4, p=0.3",boundary_lane,boundary_constriction,conductance,3.7,0,0.4,0.3,0.810457516339867,0.4,0.315904139433551,4.33746113820512e-07,4.52590828462624e-07,0.107758975986914,135.608312085228,0.209872452739607,0.277843561284424,0.299299513566797,0.160679395180849,0.0468953096956556,0.263052595843795,0.381699886751941,0.398618866350092,0.142971297060328,0.0572659550289615,211.642071162211,197.419577461133,303,v7.4.6,gap_tied_weak_links_phase3_seed,/Users/asewaket/Documents/LTSpice Superconducting Circuit/matlab_v7_4_6_files/outputs/v7_4_6_as006_gap_weaklink_v800_phase3_seed_303/AS006_v7_4_6_gap_weaklink_scores.csv
AS006,combined_a3_3_g0_2_p0_05,"combined weak-link classes, alpha=3.3, tau=0.2, p=0.05",combined,boundary_constriction,conductance,3.3,1,0.2,0.05,0.959912854030501,0.2,0.0501089324618736,2.05322296644006e-07,3.71082369905961e-07,0.117881672447091,165.846203478097,0.209981046181464,0.27275102706852,0.299957212995012,0.164255640722844,0.0469095301939767,0.217283640948547,0.292813212213514,0.319179143612331,0.150384346437115,0.0470610581612505,241.256926155048,235.884333054278,303,v7.4.6,gap_tied_weak_links_phase3_seed,/Users/asewaket/Documents/LTSpice Superconducting Circuit/matlab_v7_4_6_files/outputs/v7_4_6_as006_gap_weaklink_v800_phase3_seed_303/AS006_v7_4_6_gap_weaklink_scores.csv
AS006,crack_tunnel_a3_7_g0_05_p0_05,"tunnel/crack-like links, alpha=3.7, tau=0.05, p=0.05",tear_lane,crack_tunnel,conductance,3.7,0,0.05,0.05,0.951982570806101,0.05,0.0505446623093682,5.54618284078789e-08,4.31675082317739e-07,0.128685738071894,159.623688480662,0.210216047427947,0.273886565774313,0.29826687972487,0.166017717933934,0.0477044844294814,0.221089534484051,0.298806660654505,0.32184745531229,0.149698317635544,0.0562850679248138,233.237930319194,239.760869446978,303,v7.4.6,gap_tied_weak_links_phase3_seed,/Users/asewaket/Documents/LTSpice Superconducting Circuit/matlab_v7_4_6_files/outputs/v7_4_6_as006_gap_weaklink_v800_phase3_seed_303/AS006_v7_4_6_gap_weaklink_scores.csv
AS006,combined_a3_7_g0_2_p0_05,"combined weak-link classes, alpha=3.7, tau=0.2, p=0.05",combined,boundary_constriction,conductance,3.7,0,0.2,0.05,0.959912854030501,0.2,0.0501089324618736,2.3020984775237e-07,4.16062051106683e-07,0.132170360016436,165.846203478097,0.210269319819778,0.275020656562149,0.298964835631289,0.165062462689659,0.0468094018199139,0.217997839938622,0.296376594044069,0.319319715793614,0.150284901330272,0.0469469763473759,240.092010685385,235.951869850472,303,v7.4.6,gap_tied_weak_links_phase3_seed,/Users/asewaket/Documents/LTSpice Superconducting Circuit/matlab_v7_4_6_files/outputs/v7_4_6_as006_gap_weaklink_v800_phase3_seed_303/AS006_v7_4_6_gap_weaklink_scores.csv
AS006,boundary_sns_a3_3_g0_4_p0_3,"SNS-like boundary constriction, alpha=3.3, tau=0.4, p=0.3",boundary_lane,boundary_constriction,conductance,3.3,1,0.4,0.3,0.810457516339867,0.4,0.315904139433551,3.86854642056132e-07,4.03662090250448e-07,0.096109356961302,135.608312085228,0.210303305212372,0.277933041416724,0.301813787691375,0.158707545681882,0.0470249240828752,0.26237629598347,0.378700049491496,0.398437018143266,0.142931897404655,0.0572517769193184,212.705861985854,198.516677630756,303,v7.4.6,gap_tied_weak_links_phase3_seed,/Users/asewaket/Documents/LTSpice Superconducting Circuit/matlab_v7_4_6_files/outputs/v7_4_6_as006_gap_weaklink_v800_phase3_seed_303/AS006_v7_4_6_gap_weaklink_scores.csv
AS006,combined_a4_1_g0_2_p0_05,"combined weak-link classes, alpha=4.1, tau=0.2, p=0.05",combined,boundary_constriction,conductance,4.1,0.999999999999997,0.2,0.05,0.959912854030501,0.2,0.0501089324618736,2.55097398860734e-07,4.61041732307406e-07,0.14645904758578,165.846203478097,0.210434288198424,0.276281645103868,0.297955216653393,0.165925634974772,0.0470611230263519,0.218511360346616,0.298963153549441,0.319434317601956,0.15020780407577,0.0468238372855046,238.90008308496,236.051686812969,303,v7.4.6,gap_tied_weak_links_phase3_seed,/Users/asewaket/Documents/LTSpice Superconducting Circuit/matlab_v7_4_6_files/outputs/v7_4_6_as006_gap_weaklink_v800_phase3_seed_303/AS006_v7_4_6_gap_weaklink_scores.csv
AS006,crack_tunnel_a3_3_g0_4_p0_2,"tunnel/crack-like links, alpha=3.3, tau=0.4, p=0.2",tear_lane,crack_tunnel,conductance,3.3,1,0.4,0.2,0.879738562091502,0.4,0.200435729847495,3.09343723869391e-07,3.71353950498939e-07,0.0852675058553511,151.344003036571,0.210502084841888,0.277126743373825,0.305607467387727,0.154776202429168,0.0471003598706336,0.207715014875207,0.269500501863073,0.298075332582112,0.160545846999556,0.04676043174482,254.661756930246,248.926568611142,303,v7.4.6,gap_tied_weak_links_phase3_seed,/Users/asewaket/Documents/LTSpice Superconducting Circuit/matlab_v7_4_6_files/outputs/v7_4_6_as006_gap_weaklink_v800_phase3_seed_303/AS006_v7_4_6_gap_weaklink_scores.csv
AS006,crack_tunnel_a4_1_g0_05_p0_05,"tunnel/crack-like links, alpha=4.1, tau=0.05, p=0.05",tear_lane,crack_tunnel,conductance,4.1,0.999999999999997,0.05,0.05,0.951982570806101,0.05,0.0505446623093682,6.14577017492712e-08,4.78342658784521e-07,0.142597709755342,159.623688480662,0.210663121941317,0.275700187131466,0.297654431607373,0.166723982386187,0.0483151892794805,0.221709307995509,0.301670643307329,0.322066549537201,0.149669569591763,0.0561724729904109,232.335490265539,239.86520968573,303,v7.4.6,gap_tied_weak_links_phase3_seed,/Users/asewaket/Documents/LTSpice Superconducting Circuit/matlab_v7_4_6_files/outputs/v7_4_6_as006_gap_weaklink_v800_phase3_seed_303/AS006_v7_4_6_gap_weaklink_scores.csv
AS006,combined_a3_3_g0_4_p0_1,"combined weak-link classes, alpha=3.3, tau=0.4, p=0.1",combined,boundary_constriction,conductance,3.3,1,0.4,0.1,0.939869281045751,0.4,0.100217864923747,3.86933718361804e-07,3.79926025971491e-07,0.112660926266834,163.137734397655,0.210764576847017,0.276653802309858,0.304098798715241,0.15865527556672,0.0466770897151578,0.220267993039331,0.30019831285889,0.326714417268426,0.144751089003674,0.048452560863426,242.214485365514,232.166788346261,303,v7.4.6,gap_tied_weak_links_phase3_seed,/Users/asewaket/Documents/LTSpice Superconducting Circuit/matlab_v7_4_6_files/outputs/v7_4_6_as006_gap_weaklink_v800_phase3_seed_303/AS006_v7_4_6_gap_weaklink_scores.csv
AS006,crack_tunnel_a3_3_g0_1_p0_05,"tunnel/crack-like links, alpha=3.3, tau=0.1, p=0.05",tear_lane,crack_tunnel,conductance,3.3,1,0.1,0.05,0.954509803921569,0.1,0.0505446623093682,9.75175559415109e-08,3.79503346688227e-07,0.114773766388446,161.938804263452,0.210833748478575,0.274936112170187,0.302070567847133,0.162837653400813,0.0470620697391884,0.220842416175723,0.297358785631948,0.323466142030763,0.148714433933597,0.054894504275836,236.061596329881,239.045346396859,303,v7.4.6,gap_tied_weak_links_phase3_seed,/Users/asewaket/Documents/LTSpice Superconducting Circuit/matlab_v7_4_6_files/outputs/v7_4_6_as006_gap_weaklink_v800_phase3_seed_303/AS006_v7_4_6_gap_weaklink_scores.csv
AS006,crack_tunnel_a3_3_g0_4_p0_3,"tunnel/crack-like links, alpha=3.3, tau=0.4, p=0.3",tear_lane,crack_tunnel,conductance,3.3,1,0.4,0.3,0.819869281045749,0.4,0.300217864923747,3.11417343565395e-07,3.85999962303852e-07,0.0775143524934972,135.608312085228,0.210903142394426,0.278619116133451,0.30776731152567,0.151286437215726,0.0481957541490991,0.204834560596086,0.261627515549353,0.290683029617161,0.164642369545676,0.0480470236689501,256.128290416014,257.095176364927,303,v7.4.6,gap_tied_weak_links_phase3_seed,/Users/asewaket/Documents/LTSpice Superconducting Circuit/matlab_v7_4_6_files/outputs/v7_4_6_as006_gap_weaklink_v800_phase3_seed_303/AS006_v7_4_6_gap_weaklink_scores.csv
AS006,combined_a4_1_g0_4_p0_1,"combined weak-link classes, alpha=4.1, tau=0.4, p=0.1",combined,boundary_constriction,conductance,4.1,0.999999999999997,0.4,0.1,0.939869281045751,0.4,0.100217864923747,4.80735831904059e-07,4.72029304994883e-07,0.139972665967885,163.137734397655,0.211032810563005,0.27997126710465,0.301510563586795,0.160696305637093,0.0466789173871197,0.22164017587232,0.306733305935264,0.327058839440686,0.144615909081695,0.0483447180530174,240.360193404448,231.25492549016,303,v7.4.6,gap_tied_weak_links_phase3_seed,/Users/asewaket/Documents/LTSpice Superconducting Circuit/matlab_v7_4_6_files/outputs/v7_4_6_as006_gap_weaklink_v800_phase3_seed_303/AS006_v7_4_6_gap_weaklink_scores.csv
AS006,combined_a3_7_g0_4_p0_1,"combined weak-link classes, alpha=3.7, tau=0.4, p=0.1",combined,boundary_constriction,conductance,3.7,0,0.4,0.1,0.939869281045751,0.4,0.100217864923747,4.33834775132932e-07,4.25977665483187e-07,0.126316796117359,163.137734397655,0.211074497550215,0.279100958569252,0.303023722877462,0.159485652366418,0.0466229486882427,0.221069989401433,0.304008918755,0.326910057708098,0.144670157599028,0.0484107302642104,241.49184813051,231.702079132901,303,v7.4.6,gap_tied_weak_links_phase3_seed,/Users/asewaket/Documents/LTSpice Superconducting Circuit/matlab_v7_4_6_files/outputs/v7_4_6_as006_gap_weaklink_v800_phase3_seed_303/AS006_v7_4_6_gap_weaklink_scores.csv
AS006,crack_tunnel_a3_7_g0_1_p0_05,"tunnel/crack-like links, alpha=3.7, tau=0.1, p=0.05",tear_lane,crack_tunnel,conductance,3.7,0,0.1,0.05,0.954509803921569,0.1,0.0505446623093682,1.09337865752603e-07,4.25503752347406e-07,0.128685738071894,161.938804263452,0.211103991278061,0.276984571177597,0.30075615398729,0.164015936014146,0.0471921957172672,0.221610379756982,0.301110289645053,0.323661968846627,0.148665450888546,0.0547013500475777,234.501966331555,239.156351764738,303,v7.4.6,gap_tied_weak_links_phase3_seed,/Users/asewaket/Documents/LTSpice Superconducting Circuit/matlab_v7_4_6_files/outputs/v7_4_6_as006_gap_weaklink_v800_phase3_seed_303/AS006_v7_4_6_gap_weaklink_scores.csv
AS006,crack_tunnel_a4_1_g0_4_p0_2,"tunnel/crack-like links, alpha=4.1, tau=0.4, p=0.2",tear_lane,crack_tunnel,conductance,4.1,0.999999999999997,0.4,0.2,0.879738562091502,0.4,0.200435729847495,3.84336141777123e-07,4.61379150619894e-07,0.105938416365739,151.344003036571,0.211156273677675,0.281527035973674,0.303648510219674,0.156310388132928,0.0474814543641117,0.209106709461916,0.276235683024473,0.298483926966474,0.160260106888145,0.0466258584835976,252.971241454364,248.20234683676,303,v7.4.6,gap_tied_weak_links_phase3_seed,/Users/asewaket/Documents/LTSpice Superconducting Circuit/matlab_v7_4_6_files/outputs/v7_4_6_as006_gap_weaklink_v800_phase3_seed_303/AS006_v7_4_6_gap_weaklink_scores.csv
AS006,boundary_sns_a3_3_g0_05_p0_2,"SNS-like boundary constriction, alpha=3.3, tau=0.05, p=0.2",boundary_lane,boundary_constriction,conductance,3.3,1,0.05,0.2,0.78971677559913,0.05,0.221350762527233,6.61365058417821e-08,4.47137295630898e-07,0.112336938302514,112.597423975253,0.211173523053928,0.271385998831044,0.293357200762856,0.172859918091604,0.0550316174890909,0.313902817056869,0.456732080361851,0.468357290082403,0.183601664431038,0.0636546667394898,165.710076071987,182.809918014198,303,v7.4.6,gap_tied_weak_links_phase3_seed,/Users/asewaket/Documents/LTSpice Superconducting Circuit/matlab_v7_4_6_files/outputs/v7_4_6_as006_gap_weaklink_v800_phase3_seed_303/AS006_v7_4_6_gap_weaklink_scores.csv
AS006,crack_tunnel_a3_7_g0_4_p0_2,"tunnel/crack-like links, alpha=3.7, tau=0.4, p=0.2",tear_lane,crack_tunnel,conductance,3.7,0,0.4,0.2,0.879738562091502,0.4,0.200435729847495,3.46839932823257e-07,4.16366550559417e-07,0.0956029611105452,151.344003036571,0.211177674776314,0.280512680895429,0.305198251397397,0.155130279833139,0.0473659032492754,0.208546819679045,0.273500351839859,0.298310296697847,0.160377697682685,0.0467186052307788,254.013123684927,248.899367412765,303,v7.4.6,gap_tied_weak_links_phase3_seed,/Users/asewaket/Documents/LTSpice Superconducting Circuit/matlab_v7_4_6_files/outputs/v7_4_6_as006_gap_weaklink_v800_phase3_seed_303/AS006_v7_4_6_gap_weaklink_scores.csv
AS006,crack_tunnel_a4_1_g0_4_p0_3,"tunnel/crack-like links, alpha=4.1, tau=0.4, p=0.3",tear_lane,crack_tunnel,conductance,4.1,0.999999999999997,0.4,0.3,0.819869281045749,0.4,0.300217864923747,3.86912457157006e-07,4.79575710741149e-07,0.0963057106737389,135.608312085228,0.211293853842791,0.282545869260117,0.305157860593456,0.153290983289284,0.0482834148036857,0.206256837381431,0.268470146071216,0.291187836865743,0.164340489663526,0.0478097142414803,254.447445255225,255.556080412365,303,v7.4.6,gap_tied_weak_links_phase3_seed,/Users/asewaket/Documents/LTSpice Superconducting Circuit/matlab_v7_4_6_files/outputs/v7_4_6_as006_gap_weaklink_v800_phase3_seed_303/AS006_v7_4_6_gap_weaklink_scores.csv
AS006,crack_tunnel_a4_1_g0_1_p0_05,"tunnel/crack-like links, alpha=4.1, tau=0.1, p=0.05",tear_lane,crack_tunnel,conductance,4.1,0.999999999999997,0.1,0.05,0.954509803921569,0.1,0.0505446623093682,1.21158175563695e-07,4.71504158006585e-07,0.142597709755342,161.938804263452,0.211385763803194,0.278387285220141,0.299797621017377,0.164921049027811,0.0477443857306561,0.222180772963181,0.30386892789605,0.323819239277949,0.148628305783534,0.054565885954027,233.313445479349,239.279673339259,303,v7.4.6,gap_tied_weak_links_phase3_seed,/Users/asewaket/Documents/LTSpice Superconducting Circuit/matlab_v7_4_6_files/outputs/v7_4_6_as006_gap_weaklink_v800_phase3_seed_303/AS006_v7_4_6_gap_weaklink_scores.csv
AS006,crack_tunnel_a3_7_g0_4_p0_3,"tunnel/crack-like links, alpha=3.7, tau=0.4, p=0.3",tear_lane,crack_tunnel,conductance,3.7,0,0.4,0.3,0.819869281045749,0.4,0.300217864923747,3.491649003612e-07,4.32787836522501e-07,0.0869100315836181,135.608312085228,0.211524314929561,0.281948758466606,0.307171819490242,0.151810697137692,0.0483587606511625,0.205695356402533,0.265740682088521,0.290965692787477,0.164464280879618,0.0479657864465386,255.560657963239,256.72525981096,303,v7.4.6,gap_tied_weak_links_phase3_seed,/Users/asewaket/Documents/LTSpice Superconducting Circuit/matlab_v7_4_6_files/outputs/v7_4_6_as006_gap_weaklink_v800_phase3_seed_303/AS006_v7_4_6_gap_weaklink_scores.csv
AS006,boundary_sns_a3_7_g0_05_p0_2,"SNS-like boundary constriction, alpha=3.7, tau=0.05, p=0.2",boundary_lane,boundary_constriction,conductance,3.7,0,0.05,0.2,0.78971677559913,0.05,0.221350762527233,7.41530520044224e-08,5.01335755707371e-07,0.125953536884637,112.597423975253,0.211743031364663,0.273412838639112,0.293376405590963,0.173086233132392,0.0555358169845286,0.314477133188688,0.459627687867421,0.468673242383072,0.183776152062883,0.0628596138270391,165.598831439897,182.692042633775,303,v7.4.6,gap_tied_weak_links_phase3_seed,/Users/asewaket/Documents/LTSpice Superconducting Circuit/matlab_v7_4_6_files/outputs/v7_4_6_as006_gap_weaklink_v800_phase3_seed_303/AS006_v7_4_6_gap_weaklink_scores.csv
AS006,boundary_sns_a4_1_g0_4_p0_2,"SNS-like boundary constriction, alpha=4.1, tau=0.4, p=0.2",boundary_lane,boundary_constriction,conductance,4.1,0.999999999999997,0.4,0.2,0.867189542483658,0.4,0.221350762527233,4.89062527595876e-07,4.78047432075739e-07,0.13957013546676,151.344003036571,0.212131397759151,0.283151404502874,0.301980383631954,0.161791974668581,0.0467999446012375,0.256952055389228,0.374825631459738,0.38876439241958,0.140140982335151,0.0544207308331969,215.500815710303,203.030614378041,303,v7.4.6,gap_tied_weak_links_phase3_seed,/Users/asewaket/Documents/LTSpice Superconducting Circuit/matlab_v7_4_6_files/outputs/v7_4_6_as006_gap_weaklink_v800_phase3_seed_303/AS006_v7_4_6_gap_weaklink_scores.csv
AS006,boundary_sns_a4_1_g0_05_p0_2,"SNS-like boundary constriction, alpha=4.1, tau=0.05, p=0.2",boundary_lane,boundary_constriction,conductance,4.1,0.999999999999997,0.05,0.2,0.78971677559913,0.05,0.221350762527233,8.21695981670626e-08,5.55534215783843e-07,0.13957013546676,112.597423975253,0.212197585567979,0.275276785337823,0.293460427796861,0.173188954597341,0.0556692006108872,0.314964301748416,0.46208991655542,0.468930532291122,0.183916564300303,0.0622074553018149,165.583466343258,182.575695640821,303,v7.4.6,gap_tied_weak_links_phase3_seed,/Users/asewaket/Documents/LTSpice Superconducting Circuit/matlab_v7_4_6_files/outputs/v7_4_6_as006_gap_weaklink_v800_phase3_seed_303/AS006_v7_4_6_gap_weaklink_scores.csv
AS006,boundary_sns_a3_7_g0_4_p0_2,"SNS-like boundary constriction, alpha=3.7, tau=0.4, p=0.2",boundary_lane,boundary_constriction,conductance,3.7,0,0.4,0.2,0.867189542483658,0.4,0.221350762527233,4.41349110269449e-07,4.31408658214692e-07,0.125953536884637,151.344003036571,0.212591647261578,0.283543318198738,0.304310395619984,0.15994713433489,0.046937807855567,0.256385350745551,0.372198856853838,0.388632534431932,0.140119845638815,0.05447115456952,216.553829325374,204.034623889504,303,v7.4.6,gap_tied_weak_links_phase3_seed,/Users/asewaket/Documents/LTSpice Superconducting Circuit/matlab_v7_4_6_files/outputs/v7_4_6_as006_gap_weaklink_v800_phase3_seed_303/AS006_v7_4_6_gap_weaklink_scores.csv
AS006,crack_tunnel_a3_3_g0_2_p0_05,"tunnel/crack-like links, alpha=3.3, tau=0.2, p=0.05",tear_lane,crack_tunnel,conductance,3.3,1,0.2,0.05,0.959564270152505,0.2,0.0505446623093682,1.90440010958082e-07,3.70562104454723e-07,0.114773766388446,165.846203478097,0.212735733935778,0.280990868850974,0.306940800131463,0.158736548449138,0.0471207150364336,0.221893089810505,0.302105068871838,0.3272204441559,0.146314375386576,0.0518316336746439,238.214862761201,238.059810136678,303,v7.4.6,gap_tied_weak_links_phase3_seed,/Users/asewaket/Documents/LTSpice Superconducting Circuit/matlab_v7_4_6_files/outputs/v7_4_6_as006_gap_weaklink_v800_phase3_seed_303/AS006_v7_4_6_gap_weaklink_scores.csv
AS006,crack_tunnel_a3_7_g0_2_p0_05,"tunnel/crack-like links, alpha=3.7, tau=0.2, p=0.05",tear_lane,crack_tunnel,conductance,3.7,0,0.2,0.05,0.959564270152505,0.2,0.0505446623093682,2.13523648649971e-07,4.15478723176507e-07,0.128685738071894,165.846203478097,0.212792144151053,0.282733171006915,0.305541566799912,0.159755428813662,0.0468355218314247,0.22256946515787,0.305574069780826,0.327365447446073,0.146216259809729,0.0516133982157373,236.60910823307,238.197993322285,303,v7.4.6,gap_tied_weak_links_phase3_seed,/Users/asewaket/Documents/LTSpice Superconducting Circuit/matlab_v7_4_6_files/outputs/v7_4_6_as006_gap_weaklink_v800_phase3_seed_303/AS006_v7_4_6_gap_weaklink_scores.csv
AS006,crack_tunnel_a3_3_g0_4_p0_1,"tunnel/crack-like links, alpha=3.3, tau=0.4, p=0.1",tear_lane,crack_tunnel,conductance,3.3,1,0.4,0.1,0.939869281045751,0.4,0.100217864923747,3.42703319229193e-07,3.74459476923454e-07,0.106544780790964,163.137734397655,0.212810238555908,0.282610326053621,0.308536408492146,0.155816688040874,0.0467312918135719,0.21991327597023,0.300122328666367,0.325476365974708,0.145555959135136,0.0479154618101268,241.22201034268,238.375469237425,303,v7.4.6,gap_tied_weak_links_phase3_seed,/Users/asewaket/Documents/LTSpice Superconducting Circuit/matlab_v7_4_6_files/outputs/v7_4_6_as006_gap_weaklink_v800_phase3_seed_303/AS006_v7_4_6_gap_weaklink_scores.csv
AS006,boundary_sns_a3_3_g0_4_p0_2,"SNS-like boundary constriction, alpha=3.3, tau=0.4, p=0.2",boundary_lane,boundary_constriction,conductance,3.3,1,0.4,0.2,0.867189542483658,0.4,0.221350762527233,3.93635692943022e-07,3.84769884353644e-07,0.112336938302514,151.344003036571,0.212854364007863,0.283045106319304,0.30628724484438,0.158472893087816,0.0471329188825775,0.255740136786045,0.369227211403339,0.388474081663398,0.14010888865774,0.0545077187937651,217.399296689234,204.949473618688,303,v7.4.6,gap_tied_weak_links_phase3_seed,/Users/asewaket/Documents/LTSpice Superconducting Circuit/matlab_v7_4_6_files/outputs/v7_4_6_as006_gap_weaklink_v800_phase3_seed_303/AS006_v7_4_6_gap_weaklink_scores.csv
AS006,crack_tunnel_a4_1_g0_2_p0_05,"tunnel/crack-like links, alpha=4.1, tau=0.2, p=0.05",tear_lane,crack_tunnel,conductance,4.1,0.999999999999997,0.2,0.05,0.959564270152505,0.2,0.0505446623093682,2.3660728634186e-07,4.60395341898292e-07,0.142597709755342,165.846203478097,0.212867880053115,0.283682003638542,0.304234502949942,0.160789257075813,0.0472604451198664,0.22308815083505,0.308197096561729,0.327489512619603,0.146146075130356,0.0514544166162729,235.048793862463,238.400098113073,303,v7.4.6,gap_tied_weak_links_phase3_seed,/Users/asewaket/Documents/LTSpice Superconducting Circuit/matlab_v7_4_6_files/outputs/v7_4_6_as006_gap_weaklink_v800_phase3_seed_303/AS006_v7_4_6_gap_weaklink_scores.csv
AS006,crack_tunnel_a3_7_g0_4_p0_1,"tunnel/crack-like links, alpha=3.7, tau=0.4, p=0.1",tear_lane,crack_tunnel,conductance,3.7,0,0.4,0.1,0.939869281045751,0.4,0.100217864923747,3.84243115499398e-07,4.19848504429327e-07,0.119459299674718,163.137734397655,0.213207077503622,0.285180934366637,0.307932024283571,0.156197105984304,0.0467270281748464,0.220592053055743,0.303581786369453,0.325649590950106,0.145432398279046,0.0477011968977694,240.192995905325,238.677554197576,303,v7.4.6,gap_tied_weak_links_phase3_seed,/Users/asewaket/Documents/LTSpice Superconducting Circuit/matlab_v7_4_6_files/outputs/v7_4_6_as006_gap_weaklink_v800_phase3_seed_303/AS006_v7_4_6_gap_weaklink_scores.csv
AS006,boundary_sns_a3_3_g0_1_p0_1,"SNS-like boundary constriction, alpha=3.3, tau=0.1, p=0.1",boundary_lane,boundary_constriction,conductance,3.3,1,0.1,0.1,0.886274509803923,0.1,0.12636165577342,1.14033585047785e-07,3.89296735850225e-07,0.1241738331841,143.078676937721,0.21321964727602,0.2833517485407,0.305721215317554,0.159833499160763,0.0479424870827256,0.272475923930603,0.397288587084641,0.41442532859831,0.149759318663487,0.0526475591919708,205.066432249284,195.344099462289,303,v7.4.6,gap_tied_weak_links_phase3_seed,/Users/asewaket/Documents/LTSpice Superconducting Circuit/matlab_v7_4_6_files/outputs/v7_4_6_as006_gap_weaklink_v800_phase3_seed_303/AS006_v7_4_6_gap_weaklink_scores.csv
AS006,crack_tunnel_a4_1_g0_4_p0_1,"tunnel/crack-like links, alpha=4.1, tau=0.4, p=0.1",tear_lane,crack_tunnel,conductance,4.1,0.999999999999997,0.4,0.1,0.939869281045751,0.4,0.100217864923747,4.25782911769603e-07,4.652375319352e-07,0.132373818558471,163.137734397655,0.213293378884163,0.286175030386314,0.306651364179094,0.15714343658812,0.0472226809859353,0.221108638083531,0.306190805536782,0.325794353310686,0.14534898306475,0.047526037756234,238.766545893265,238.749159614897,303,v7.4.6,gap_tied_weak_links_phase3_seed,/Users/asewaket/Documents/LTSpice Superconducting Circuit/matlab_v7_4_6_files/outputs/v7_4_6_as006_gap_weaklink_v800_phase3_seed_303/AS006_v7_4_6_gap_weaklink_scores.csv
AS006,contact_relaxed_a3_3_g0_4_p0_3,"contact-relaxed SNS links, alpha=3.3, tau=0.4, p=0.3",contact_relaxation,contact_relaxed,conductance,3.3,1,0.4,0.3,0.819869281045749,0.4,0.300217864923747,1.95847616488045e-07,3.93190905027226e-07,0.0451679076167193,135.608312085228,0.213448750412774,0.276851167012105,0.322038282436625,0.143588764100635,0.047339635661881,0.195843839625874,0.208090045633422,0.242190760236371,0.232883957446345,0.0561903752743697,304.902292762039,288.927146922195,303,v7.4.6,gap_tied_weak_links_phase3_seed,/Users/asewaket/Documents/LTSpice Superconducting Circuit/matlab_v7_4_6_files/outputs/v7_4_6_as006_gap_weaklink_v800_phase3_seed_303/AS006_v7_4_6_gap_weaklink_scores.csv
AS006,boundary_sns_a3_3_g0_2_p0_1,"SNS-like boundary constriction, alpha=3.3, tau=0.2, p=0.1",boundary_lane,boundary_constriction,conductance,3.3,1,0.2,0.1,0.898910675381263,0.2,0.12636165577342,2.15590228289456e-07,3.68322919482181e-07,0.1241738331841,151.359127958214,0.213557184961639,0.284814148950136,0.307482161514861,0.158050037080864,0.0473154468559694,0.26090881541736,0.377822111820586,0.396463360409422,0.142668039877165,0.0545760347032715,214.360467207083,202.262082269361,303,v7.4.6,gap_tied_weak_links_phase3_seed,/Users/asewaket/Documents/LTSpice Superconducting Circuit/matlab_v7_4_6_files/outputs/v7_4_6_as006_gap_weaklink_v800_phase3_seed_303/AS006_v7_4_6_gap_weaklink_scores.csv
AS006,boundary_sns_a3_3_g0_05_p0_1,"SNS-like boundary constriction, alpha=3.3, tau=0.05, p=0.1",boundary_lane,boundary_constriction,conductance,3.3,1,0.05,0.1,0.879956427015252,0.05,0.12636165577342,5.9703227743979e-08,4.07639059505391e-07,0.1241738331841,136.640639808185,0.213754961669816,0.283858325605839,0.306126483563719,0.159878857971081,0.0493465640428807,0.280409293645303,0.411587951367118,0.427816641431721,0.15601874758113,0.0467559598774736,194.770815843751,194.988617143609,303,v7.4.6,gap_tied_weak_links_phase3_seed,/Users/asewaket/Documents/LTSpice Superconducting Circuit/matlab_v7_4_6_files/outputs/v7_4_6_as006_gap_weaklink_v800_phase3_seed_303/AS006_v7_4_6_gap_weaklink_scores.csv
AS006,boundary_sns_a3_7_g0_1_p0_1,"SNS-like boundary constriction, alpha=3.7, tau=0.1, p=0.1",boundary_lane,boundary_constriction,conductance,3.7,0,0.1,0.1,0.886274509803923,0.1,0.12636165577342,1.2785583778085e-07,4.36484218983585e-07,0.139225206903385,143.078676937721,0.213943325524011,0.286502376407153,0.306387894031406,0.159380216306762,0.0478101662744895,0.273089000247978,0.399992914178932,0.414617415581166,0.149807284428387,0.0526125042584333,205.280767355885,195.565823474085,303,v7.4.6,gap_tied_weak_links_phase3_seed,/Users/asewaket/Documents/LTSpice Superconducting Circuit/matlab_v7_4_6_files/outputs/v7_4_6_as006_gap_weaklink_v800_phase3_seed_303/AS006_v7_4_6_gap_weaklink_scores.csv
AS006,combined_a4_1_g0_4_p0_05,"combined weak-link classes, alpha=4.1, tau=0.4, p=0.05",combined,boundary_constriction,conductance,4.1,0.999999999999997,0.4,0.05,0.969934640522876,0.4,0.0501089324618736,4.90374532070225e-07,4.61024601599073e-07,0.14645904758578,172.549479433944,0.214172244943735,0.288170217056342,0.308287123026677,0.15686370753939,0.0471089079414074,0.222320708873608,0.309316149102784,0.328493321027689,0.144714777494324,0.0465306115988986,239.989105049972,236.519678907601,303,v7.4.6,gap_tied_weak_links_phase3_seed,/Users/asewaket/Documents/LTSpice Superconducting Circuit/matlab_v7_4_6_files/outputs/v7_4_6_as006_gap_weaklink_v800_phase3_seed_303/AS006_v7_4_6_gap_weaklink_scores.csv
AS006,boundary_sns_a3_7_g0_2_p0_1,"SNS-like boundary constriction, alpha=3.7, tau=0.2, p=0.1",boundary_lane,boundary_constriction,conductance,3.7,0,0.2,0.1,0.898910675381263,0.2,0.12636165577342,2.41722377173027e-07,4.12968121843657e-07,0.139225206903385,151.359127958214,0.214315341884633,0.288128929964096,0.308235623854436,0.157499828198671,0.0471606524654692,0.261516783983045,0.38058939632738,0.396635789104664,0.142683046763785,0.0545280841999526,214.653968838644,202.518559034221,303,v7.4.6,gap_tied_weak_links_phase3_seed,/Users/asewaket/Documents/LTSpice Superconducting Circuit/matlab_v7_4_6_files/outputs/v7_4_6_as006_gap_weaklink_v800_phase3_seed_303/AS006_v7_4_6_gap_weaklink_scores.csv
AS006,combined_a3_7_g0_4_p0_05,"combined weak-link classes, alpha=3.7, tau=0.4, p=0.05",combined,boundary_constriction,conductance,3.7,0,0.4,0.05,0.969934640522876,0.4,0.0501089324618736,4.42533114307277e-07,4.16046591686968e-07,0.132170360016436,172.549479433944,0.214435226959801,0.288107621230802,0.310347380144589,0.155369222198773,0.046749070566707,0.221823568152019,0.306846387033417,0.3283787513126,0.144771441125938,0.0466443375222073,241.702438710403,236.89396252142,303,v7.4.6,gap_tied_weak_links_phase3_seed,/Users/asewaket/Documents/LTSpice Superconducting Circuit/matlab_v7_4_6_files/outputs/v7_4_6_as006_gap_weaklink_v800_phase3_seed_303/AS006_v7_4_6_gap_weaklink_scores.csv
AS006,combined_a3_3_g0_4_p0_05,"combined weak-link classes, alpha=3.3, tau=0.4, p=0.05",combined,boundary_constriction,conductance,3.3,1,0.4,0.05,0.969934640522876,0.4,0.0501089324618736,3.94691696544328e-07,3.71068581774864e-07,0.117881672447091,172.549479433944,0.214542542339135,0.287003603671618,0.312169301115516,0.1541383381001,0.0467399084467776,0.221174584950033,0.303626699677626,0.328242342565093,0.144859819013242,0.0467473518170718,243.108129017504,237.36297410024,303,v7.4.6,gap_tied_weak_links_phase3_seed,/Users/asewaket/Documents/LTSpice Superconducting Circuit/matlab_v7_4_6_files/outputs/v7_4_6_as006_gap_weaklink_v800_phase3_seed_303/AS006_v7_4_6_gap_weaklink_scores.csv
AS006,boundary_sns_a4_1_g0_1_p0_1,"SNS-like boundary constriction, alpha=4.1, tau=0.1, p=0.1",boundary_lane,boundary_constriction,conductance,4.1,0.999999999999997,0.1,0.1,0.886274509803923,0.1,0.12636165577342,1.41678090513915e-07,4.83671702116945e-07,0.15427658062267,143.078676937721,0.214557102505499,0.289173445781568,0.306992652699073,0.158970291461143,0.0476620601961237,0.273642870637267,0.402454052529004,0.414791863938291,0.149853239026571,0.0525579899821078,205.486492651787,195.759465327436,303,v7.4.6,gap_tied_weak_links_phase3_seed,/Users/asewaket/Documents/LTSpice Superconducting Circuit/matlab_v7_4_6_files/outputs/v7_4_6_as006_gap_weaklink_v800_phase3_seed_303/AS006_v7_4_6_gap_weaklink_scores.csv
AS006,boundary_sns_a3_7_g0_05_p0_1,"SNS-like boundary constriction, alpha=3.7, tau=0.05, p=0.1",boundary_lane,boundary_constriction,conductance,3.7,0,0.05,0.1,0.879956427015252,0.05,0.12636165577342,6.69399826220371e-08,4.57049854596954e-07,0.139225206903385,136.640639808185,0.21464272133225,0.287156966908355,0.30703418120091,0.159373017319952,0.0495305510013605,0.281067603786453,0.41437351973876,0.42815064169817,0.156149410415548,0.0465141132022734,194.96507331443,195.268728006552,303,v7.4.6,gap_tied_weak_links_phase3_seed,/Users/asewaket/Documents/LTSpice Superconducting Circuit/matlab_v7_4_6_files/outputs/v7_4_6_as006_gap_weaklink_v800_phase3_seed_303/AS006_v7_4_6_gap_weaklink_scores.csv
AS006,contact_relaxed_a4_1_g0_4_p0_2,"contact-relaxed SNS links, alpha=4.1, tau=0.4, p=0.2",contact_relaxation,contact_relaxed,conductance,4.1,0.999999999999997,0.4,0.2,0.879999999999998,0.4,0.2,2.03525187232049e-07,4.81133309862783e-07,0.053465260749738,151.344003036571,0.214747958635252,0.28858707794635,0.314623381806124,0.149984438434306,0.0470812490263107,0.207460939185005,0.261010908500609,0.287783862583477,0.171878019755936,0.0578245032084114,270.158818094391,253.983323691076,303,v7.4.6,gap_tied_weak_links_phase3_seed,/Users/asewaket/Documents/LTSpice Superconducting Circuit/matlab_v7_4_6_files/outputs/v7_4_6_as006_gap_weaklink_v800_phase3_seed_303/AS006_v7_4_6_gap_weaklink_scores.csv
AS006,contact_relaxed_a3_7_g0_4_p0_3,"contact-relaxed SNS links, alpha=3.7, tau=0.4, p=0.3",contact_relaxation,contact_relaxed,conductance,3.7,0,0.4,0.3,0.819869281045749,0.4,0.300217864923747,2.19586721516899e-07,4.4085040866689e-07,0.050642805509655,135.608312085228,0.214802895810276,0.284097181709907,0.321162030557383,0.144344595785927,0.047452999133646,0.196471230588434,0.211562347201902,0.242327909442982,0.232455790509199,0.0561502260785497,303.856140243592,288.216557582278,303,v7.4.6,gap_tied_weak_links_phase3_seed,/Users/asewaket/Documents/LTSpice Superconducting Circuit/matlab_v7_4_6_files/outputs/v7_4_6_as006_gap_weaklink_v800_phase3_seed_303/AS006_v7_4_6_gap_weaklink_scores.csv
AS006,contact_relaxed_a3_7_g0_4_p0_2,"contact-relaxed SNS links, alpha=3.7, tau=0.4, p=0.2",contact_relaxation,contact_relaxed,conductance,3.7,0,0.4,0.2,0.879999999999998,0.4,0.2,1.83669071404532e-07,4.34193474754219e-07,0.0482491377497636,151.344003036571,0.214914585629553,0.286944131367279,0.317490147413819,0.148166293606333,0.0468131717983856,0.206568319362572,0.256735992750364,0.287584265645635,0.172003604587227,0.0578286334486025,272.197671104251,255.196280792456,303,v7.4.6,gap_tied_weak_links_phase3_seed,/Users/asewaket/Documents/LTSpice Superconducting Circuit/matlab_v7_4_6_files/outputs/v7_4_6_as006_gap_weaklink_v800_phase3_seed_303/AS006_v7_4_6_gap_weaklink_scores.csv
AS006,contact_relaxed_a3_3_g0_4_p0_2,"contact-relaxed SNS links, alpha=3.3, tau=0.4, p=0.2",contact_relaxation,contact_relaxed,conductance,3.3,1,0.4,0.2,0.879999999999998,0.4,0.2,1.63812955577015e-07,3.87253639645655e-07,0.0430330147497891,151.344003036571,0.214944397301631,0.284110907506252,0.32064887119327,0.146248907885608,0.0466644195566711,0.205378219859896,0.251140727761649,0.287259973830348,0.172178767056546,0.0578219585140383,274.440068784819,256.666343800919,303,v7.4.6,gap_tied_weak_links_phase3_seed,/Users/asewaket/Documents/LTSpice Superconducting Circuit/matlab_v7_4_6_files/outputs/v7_4_6_as006_gap_weaklink_v800_phase3_seed_303/AS006_v7_4_6_gap_weaklink_scores.csv
AS006,boundary_sns_a4_1_g0_2_p0_1,"SNS-like boundary constriction, alpha=4.1, tau=0.2, p=0.1",boundary_lane,boundary_constriction,conductance,4.1,0.999999999999997,0.2,0.1,0.898910675381263,0.2,0.12636165577342,2.67854526056597e-07,4.57613324205134e-07,0.15427658062267,151.359127958214,0.214947108694616,0.290867670937124,0.30886485219113,0.157064341416679,0.0470239544306285,0.262060384939316,0.383066675269021,0.39679328731742,0.142705904358809,0.054464616173565,214.883267059179,202.73742752599,303,v7.4.6,gap_tied_weak_links_phase3_seed,/Users/asewaket/Documents/LTSpice Superconducting Circuit/matlab_v7_4_6_files/outputs/v7_4_6_as006_gap_weaklink_v800_phase3_seed_303/AS006_v7_4_6_gap_weaklink_scores.csv
AS006,boundary_sns_a4_1_g0_05_p0_1,"SNS-like boundary constriction, alpha=4.1, tau=0.05, p=0.1",boundary_lane,boundary_constriction,conductance,4.1,0.999999999999997,0.05,0.1,0.879956427015252,0.05,0.12636165577342,7.41767375000951e-08,5.06460649688516e-07,0.15427658062267,136.640639808185,0.215376546058934,0.289896077568211,0.307734307776568,0.159006383707067,0.0496936344836289,0.281663337173165,0.416930870113691,0.428433672124977,0.156262903298508,0.0462982604102877,195.097539236581,195.493175592361,303,v7.4.6,gap_tied_weak_links_phase3_seed,/Users/asewaket/Documents/LTSpice Superconducting Circuit/matlab_v7_4_6_files/outputs/v7_4_6_as006_gap_weaklink_v800_phase3_seed_303/AS006_v7_4_6_gap_weaklink_scores.csv
AS006,contact_relaxed_a4_1_g0_4_p0_3,"contact-relaxed SNS links, alpha=4.1, tau=0.4, p=0.3",contact_relaxation,contact_relaxed,conductance,4.1,0.999999999999997,0.4,0.3,0.819869281045749,0.4,0.300217864923747,2.43325826545753e-07,4.88509912306554e-07,0.0561177034025907,135.608312085228,0.215607634681001,0.289190306945927,0.31996728413258,0.145177725865918,0.0474329618946638,0.197098635669039,0.214986962709289,0.242403481956031,0.232151787874773,0.0561103873693828,302.88227919486,287.301340363656,303,v7.4.6,gap_tied_weak_links_phase3_seed,/Users/asewaket/Documents/LTSpice Superconducting Circuit/matlab_v7_4_6_files/outputs/v7_4_6_as006_gap_weaklink_v800_phase3_seed_303/AS006_v7_4_6_gap_weaklink_scores.csv
AS006,boundary_sns_a3_3_g0_4_p0_1,"SNS-like boundary constriction, alpha=3.3, tau=0.4, p=0.1",boundary_lane,boundary_constriction,conductance,3.3,1,0.4,0.1,0.924183006535947,0.4,0.12636165577342,4.0004906370299e-07,3.82295240614813e-07,0.1241738331841,163.137734397655,0.215840906067084,0.29142297765772,0.314028586886076,0.152784818637851,0.047250502329753,0.248570755373093,0.357068767400381,0.377331871785034,0.137737116754289,0.0532828378984138,225.115990999797,213.284105861576,303,v7.4.6,gap_tied_weak_links_phase3_seed,/Users/asewaket/Documents/LTSpice Superconducting Circuit/matlab_v7_4_6_files/outputs/v7_4_6_as006_gap_weaklink_v800_phase3_seed_303/AS006_v7_4_6_gap_weaklink_scores.csv
AS006,boundary_sns_a4_1_g0_7_p0_3,"SNS-like boundary constriction, alpha=4.1, tau=0.7, p=0.3",boundary_lane,boundary_constriction,conductance,4.1,0.999999999999997,0.7,0.3,0.905228758169932,0.7,0.315904139433551,6.92981489676908e-07,4.73906713137903e-07,0.119408595012527,164.596446203031,0.215969130583934,0.295425845898479,0.313821684403933,0.150679617856099,0.0468823369941828,0.243435863176593,0.351020647080813,0.3673064186249,0.135890509634397,0.0535092991655801,230.003050494839,217.292227685704,303,v7.4.6,gap_tied_weak_links_phase3_seed,/Users/asewaket/Documents/LTSpice Superconducting Circuit/matlab_v7_4_6_files/outputs/v7_4_6_as006_gap_weaklink_v800_phase3_seed_303/AS006_v7_4_6_gap_weaklink_scores.csv
AS006,crack_tunnel_a4_1_g0_4_p0_05,"tunnel/crack-like links, alpha=4.1, tau=0.4, p=0.05",tear_lane,crack_tunnel,conductance,4.1,0.999999999999997,0.4,0.05,0.969673202614379,0.4,0.0505446623093682,4.54830930626767e-07,4.57722156354136e-07,0.142597709755342,172.549479433944,0.21641855306176,0.294446257716751,0.313750100803673,0.15305616598244,0.0472636237075691,0.225552128497908,0.316624474543219,0.335011520125152,0.141897529612194,0.0474940957120605,237.955060332023,237.629639458389,303,v7.4.6,gap_tied_weak_links_phase3_seed,/Users/asewaket/Documents/LTSpice Superconducting Circuit/matlab_v7_4_6_files/outputs/v7_4_6_as006_gap_weaklink_v800_phase3_seed_303/AS006_v7_4_6_gap_weaklink_scores.csv
AS006,boundary_sns_a3_7_g0_4_p0_1,"SNS-like boundary constriction, alpha=3.7, tau=0.4, p=0.1",boundary_lane,boundary_constriction,conductance,3.7,0,0.4,0.1,0.924183006535947,0.4,0.12636165577342,4.48539859303352e-07,4.28634057659032e-07,0.139225206903385,163.137734397655,0.216628824379048,0.294802010529989,0.31482830384999,0.152281828942583,0.0470402934495397,0.24918673142616,0.359911669241647,0.377486595372223,0.137735597782942,0.0532509487590845,225.534325081159,213.481885810792,303,v7.4.6,gap_tied_weak_links_phase3_seed,/Users/asewaket/Documents/LTSpice Superconducting Circuit/matlab_v7_4_6_files/outputs/v7_4_6_as006_gap_weaklink_v800_phase3_seed_303/AS006_v7_4_6_gap_weaklink_scores.csv
AS006,combined_a4_1_g0_7_p0_2,"combined weak-link classes, alpha=4.1, tau=0.7, p=0.2",combined,boundary_constriction,conductance,4.1,0.999999999999997,0.7,0.2,0.939999999999999,0.7,0.2,7.52253120686191e-07,4.63952999594754e-07,0.137836945471182,171.915605176524,0.216640046698208,0.296309537584496,0.315738930172198,0.14985144030296,0.0470332677264955,0.229903762201807,0.324541958847733,0.342984341337064,0.138483222070565,0.0516502272332356,240.927193650862,229.591126315356,303,v7.4.6,gap_tied_weak_links_phase3_seed,/Users/asewaket/Documents/LTSpice Superconducting Circuit/matlab_v7_4_6_files/outputs/v7_4_6_as006_gap_weaklink_v800_phase3_seed_303/AS006_v7_4_6_gap_weaklink_scores.csv
AS006,contact_relaxed_a4_1_g0_1_p0_1,"contact-relaxed SNS links, alpha=4.1, tau=0.1, p=0.1",contact_relaxation,contact_relaxed,conductance,4.1,0.999999999999997,0.1,0.1,0.909803921568628,0.1,0.100217864923747,4.86820231180979e-08,5.41399709766496e-07,0.0475721656212098,143.078676937721,0.216712290767077,0.292819379513449,0.321093771514629,0.145317764080234,0.0471807690710411,0.20619674178614,0.258161745481264,0.287289946142849,0.170764528743259,0.0566088967703778,273.365455007535,257.958932965224,303,v7.4.6,gap_tied_weak_links_phase3_seed,/Users/asewaket/Documents/LTSpice Superconducting Circuit/matlab_v7_4_6_files/outputs/v7_4_6_as006_gap_weaklink_v800_phase3_seed_303/AS006_v7_4_6_gap_weaklink_scores.csv
AS006,combined_a4_1_g0_7_p0_3,"combined weak-link classes, alpha=4.1, tau=0.7, p=0.3",combined,boundary_constriction,conductance,4.1,0.999999999999997,0.7,0.3,0.909934640522874,0.7,0.300217864923747,6.47612207461589e-07,4.72640504542908e-07,0.114264907986916,164.596446203031,0.216733254174379,0.29673361561881,0.316598892091257,0.148634758825482,0.0470911455615338,0.229517540310465,0.323989718866933,0.342976770886976,0.138073790410483,0.0507963956200811,240.93201367092,230.451831827894,303,v7.4.6,gap_tied_weak_links_phase3_seed,/Users/asewaket/Documents/LTSpice Superconducting Circuit/matlab_v7_4_6_files/outputs/v7_4_6_as006_gap_weaklink_v800_phase3_seed_303/AS006_v7_4_6_gap_weaklink_scores.csv
AS006,crack_tunnel_a3_7_g0_4_p0_05,"tunnel/crack-like links, alpha=3.7, tau=0.4, p=0.05",tear_lane,crack_tunnel,conductance,3.7,0,0.4,0.05,0.969673202614379,0.4,0.0505446623093682,4.10457181297326e-07,4.13066336222025e-07,0.128685738071894,172.549479433944,0.216772426486472,0.294623421448865,0.3160545600261,0.151531907197151,0.0467283469413812,0.225050332956219,0.314127941527421,0.334892158707978,0.141949733350428,0.0476252788266786,240.008822615984,237.879139872902,303,v7.4.6,gap_tied_weak_links_phase3_seed,/Users/asewaket/Documents/LTSpice Superconducting Circuit/matlab_v7_4_6_files/outputs/v7_4_6_as006_gap_weaklink_v800_phase3_seed_303/AS006_v7_4_6_gap_weaklink_scores.csv
AS006,crack_tunnel_a3_3_g0_4_p0_05,"tunnel/crack-like links, alpha=3.3, tau=0.4, p=0.05",tear_lane,crack_tunnel,conductance,3.3,1,0.4,0.05,0.969673202614379,0.4,0.0505446623093682,3.66083431967886e-07,3.68410516089915e-07,0.114773766388446,172.549479433944,0.216836029681583,0.293292213819551,0.317577917386076,0.150624502674501,0.0468459508196066,0.224430583216945,0.31098763611301,0.334754702081613,0.142035395641701,0.0478003067767643,241.566273885438,237.898101408281,303,v7.4.6,gap_tied_weak_links_phase3_seed,/Users/asewaket/Documents/LTSpice Superconducting Circuit/matlab_v7_4_6_files/outputs/v7_4_6_as006_gap_weaklink_v800_phase3_seed_303/AS006_v7_4_6_gap_weaklink_scores.csv
AS006,boundary_sns_a4_1_g0_4_p0_1,"SNS-like boundary constriction, alpha=4.1, tau=0.4, p=0.1",boundary_lane,boundary_constriction,conductance,4.1,0.999999999999997,0.4,0.1,0.924183006535947,0.4,0.12636165577342,4.97030654903714e-07,4.74972874703252e-07,0.15427658062267,163.137734397655,0.216934629179165,0.296624578390162,0.314556818182282,0.152498926403324,0.0469504776825167,0.249728714810489,0.362417820987692,0.377622608469524,0.1377462556217,0.0532033687159598,225.346793956783,213.346164584222,303,v7.4.6,gap_tied_weak_links_phase3_seed,/Users/asewaket/Documents/LTSpice Superconducting Circuit/matlab_v7_4_6_files/outputs/v7_4_6_as006_gap_weaklink_v800_phase3_seed_303/AS006_v7_4_6_gap_weaklink_scores.csv
AS006,contact_relaxed_a4_1_g0_2_p0_1,"contact-relaxed SNS links, alpha=4.1, tau=0.2, p=0.1",contact_relaxation,contact_relaxed,conductance,4.1,0.999999999999997,0.2,0.1,0.919825708061001,0.2,0.100217864923747,9.20375209919543e-08,5.11781186987558e-07,0.0475721656212098,151.359127958214,0.217015989698952,0.294138523250445,0.320915167058341,0.145569749906994,0.0473776955084797,0.21513516607596,0.285565301007877,0.312710217051876,0.150874717199206,0.054274253032135,258.764414330665,245.596011304861,303,v7.4.6,gap_tied_weak_links_phase3_seed,/Users/asewaket/Documents/LTSpice Superconducting Circuit/matlab_v7_4_6_files/outputs/v7_4_6_as006_gap_weaklink_v800_phase3_seed_303/AS006_v7_4_6_gap_weaklink_scores.csv
AS006,boundary_sns_a4_1_g0_7_p0_2,"SNS-like boundary constriction, alpha=4.1, tau=0.7, p=0.2",boundary_lane,boundary_constriction,conductance,4.1,0.999999999999997,0.7,0.2,0.933594771241829,0.7,0.221350762527233,7.53446384490225e-07,4.64478619564546e-07,0.13957013546676,171.915605176524,0.217147171552886,0.297625146595581,0.315614470009583,0.151141987470534,0.0468579043139114,0.242617217680139,0.349921622440709,0.365771218652,0.136331884659948,0.0526499774940532,231.007092942663,218.935094104042,303,v7.4.6,gap_tied_weak_links_phase3_seed,/Users/asewaket/Documents/LTSpice Superconducting Circuit/matlab_v7_4_6_files/outputs/v7_4_6_as006_gap_weaklink_v800_phase3_seed_303/AS006_v7_4_6_gap_weaklink_scores.csv
AS006,combined_a4_1_g0_7_p0_1,"combined weak-link classes, alpha=4.1, tau=0.7, p=0.1",combined,boundary_constriction,conductance,4.1,0.999999999999997,0.7,0.1,0.969934640522875,0.7,0.100217864923747,7.74507939630337e-07,4.55909190574004e-07,0.139972665967885,177.203826175824,0.217251913804075,0.297832930825296,0.316741137389234,0.149913333211413,0.0467379812496528,0.228927587349263,0.323707578110889,0.341706586584556,0.1389949608087,0.0492001311015778,241.239798400608,231.261413054939,303,v7.4.6,gap_tied_weak_links_phase3_seed,/Users/asewaket/Documents/LTSpice Superconducting Circuit/matlab_v7_4_6_files/outputs/v7_4_6_as006_gap_weaklink_v800_phase3_seed_303/AS006_v7_4_6_gap_weaklink_scores.csv
AS006,contact_relaxed_a4_1_g0_05_p0_1,"contact-relaxed SNS links, alpha=4.1, tau=0.05, p=0.1",contact_relaxation,contact_relaxed,conductance,4.1,0.999999999999997,0.05,0.1,0.904793028322441,0.05,0.100217864923747,2.54878763308153e-08,5.66908602569468e-07,0.0475721656212098,136.640639808185,0.217390221300207,0.294186036795344,0.322093763477234,0.145396893862294,0.047354866292663,0.203220197282522,0.245375025246673,0.27378368827908,0.185789311579022,0.0593678672037672,282.602819584538,265.645691462778,303,v7.4.6,gap_tied_weak_links_phase3_seed,/Users/asewaket/Documents/LTSpice Superconducting Circuit/matlab_v7_4_6_files/outputs/v7_4_6_as006_gap_weaklink_v800_phase3_seed_303/AS006_v7_4_6_gap_weaklink_scores.csv
AS006,boundary_sns_a3_7_g0_7_p0_3,"SNS-like boundary constriction, alpha=3.7, tau=0.7, p=0.3",boundary_lane,boundary_constriction,conductance,3.7,0,0.7,0.3,0.905228758169932,0.7,0.315904139433551,6.25373539464527e-07,4.27671911856156e-07,0.107758975986914,164.596446203031,0.217668581031201,0.298707302294552,0.319027274065091,0.147552334480902,0.0468974551464141,0.242867984819786,0.348404009615436,0.367180246205668,0.135885244530035,0.0535139279610331,232.502370254805,219.493547245186,303,v7.4.6,gap_tied_weak_links_phase3_seed,/Users/asewaket/Documents/LTSpice Superconducting Circuit/matlab_v7_4_6_files/outputs/v7_4_6_as006_gap_weaklink_v800_phase3_seed_303/AS006_v7_4_6_gap_weaklink_scores.csv
AS006,contact_relaxed_a3_7_g0_1_p0_1,"contact-relaxed SNS links, alpha=3.7, tau=0.1, p=0.1",contact_relaxation,contact_relaxed,conductance,3.7,0,0.1,0.1,0.909803921568628,0.1,0.100217864923747,4.39325574480396e-08,4.88580225886837e-07,0.0429309787313357,143.078676937721,0.217814284602895,0.293455529625003,0.325527175552598,0.143037888405978,0.0471459756649507,0.205303109509918,0.254335406377326,0.286702399029605,0.171044601249485,0.0566451913085999,276.160482724902,260.468882780398,303,v7.4.6,gap_tied_weak_links_phase3_seed,/Users/asewaket/Documents/LTSpice Superconducting Circuit/matlab_v7_4_6_files/outputs/v7_4_6_as006_gap_weaklink_v800_phase3_seed_303/AS006_v7_4_6_gap_weaklink_scores.csv
AS006,combined_a3_7_g0_7_p0_2,"combined weak-link classes, alpha=3.7, tau=0.7, p=0.2",combined,boundary_constriction,conductance,3.7,0,0.7,0.2,0.939999999999999,0.7,0.2,6.78862572326563e-07,4.18689292317217e-07,0.124389438595945,171.915605176524,0.217970803348619,0.29858284546195,0.32002160316985,0.147340710959943,0.0470574770339786,0.229380096280104,0.322077461338823,0.342858942691874,0.138503051603856,0.0516910558460991,243.105042409935,231.503474702693,303,v7.4.6,gap_tied_weak_links_phase3_seed,/Users/asewaket/Documents/LTSpice Superconducting Circuit/matlab_v7_4_6_files/outputs/v7_4_6_as006_gap_weaklink_v800_phase3_seed_303/AS006_v7_4_6_gap_weaklink_scores.csv
AS006,contact_relaxed_a3_7_g0_05_p0_1,"contact-relaxed SNS links, alpha=3.7, tau=0.05, p=0.1",contact_relaxation,contact_relaxed,conductance,3.7,0,0.05,0.1,0.904793028322441,0.05,0.100217864923747,2.30012542497601e-08,5.11600446221227e-07,0.0429309787313357,136.640639808185,0.218064492717701,0.293446370571065,0.325580631248586,0.143677637058547,0.0475129420092324,0.202425281309211,0.241748409671107,0.27335287025051,0.186085604077308,0.05940346883992,284.722962764937,267.864194815028,303,v7.4.6,gap_tied_weak_links_phase3_seed,/Users/asewaket/Documents/LTSpice Superconducting Circuit/matlab_v7_4_6_files/outputs/v7_4_6_as006_gap_weaklink_v800_phase3_seed_303/AS006_v7_4_6_gap_weaklink_scores.csv
AS006,crack_tunnel_a4_1_g0_7_p0_2,"tunnel/crack-like links, alpha=4.1, tau=0.7, p=0.2",tear_lane,crack_tunnel,conductance,4.1,0.999999999999997,0.7,0.2,0.93986928104575,0.7,0.200435729847495,5.92105630898345e-07,4.5058593772402e-07,0.105938416365739,171.915605176524,0.218175264496763,0.300628097701527,0.319908764092334,0.146591386963247,0.0471686539166463,0.221514673879776,0.308051177516595,0.327156501838136,0.143057292590447,0.0481766979274872,248.628592972283,240.495149607566,303,v7.4.6,gap_tied_weak_links_phase3_seed,/Users/asewaket/Documents/LTSpice Superconducting Circuit/matlab_v7_4_6_files/outputs/v7_4_6_as006_gap_weaklink_v800_phase3_seed_303/AS006_v7_4_6_gap_weaklink_scores.csv
AS006,combined_a3_7_g0_7_p0_3,"combined weak-link classes, alpha=3.7, tau=0.7, p=0.3",combined,boundary_constriction,conductance,3.7,0,0.7,0.3,0.909934640522874,0.7,0.300217864923747,5.84430528684849e-07,4.26529235807015e-07,0.103117112085753,164.596446203031,0.21824560896871,0.299333988172276,0.321384169684788,0.145951757305566,0.0470320630909376,0.228936436306127,0.321312117635226,0.342821081316996,0.138091219515832,0.0508191471958761,243.376734872075,232.582476284628,303,v7.4.6,gap_tied_weak_links_phase3_seed,/Users/asewaket/Documents/LTSpice Superconducting Circuit/matlab_v7_4_6_files/outputs/v7_4_6_as006_gap_weaklink_v800_phase3_seed_303/AS006_v7_4_6_gap_weaklink_scores.csv
AS006,boundary_sns_a4_1_g0_05_p0_05,"SNS-like boundary constriction, alpha=4.1, tau=0.05, p=0.05",boundary_lane,boundary_constriction,conductance,4.1,0.999999999999997,0.05,0.05,0.939978213507626,0.05,0.0631808278867102,6.58129333110095e-08,4.71628077012418e-07,0.15997956092765,159.623688480662,0.218286421363655,0.300324470433422,0.317393485247113,0.151434034350966,0.0463764942636991,0.261512405305712,0.384163471004424,0.397722991264811,0.142312303814285,0.0494929410428586,217.479290541594,206.375068664886,303,v7.4.6,gap_tied_weak_links_phase3_seed,/Users/asewaket/Documents/LTSpice Superconducting Circuit/matlab_v7_4_6_files/outputs/v7_4_6_as006_gap_weaklink_v800_phase3_seed_303/AS006_v7_4_6_gap_weaklink_scores.csv
AS006,contact_relaxed_a3_3_g0_1_p0_1,"contact-relaxed SNS links, alpha=3.3, tau=0.1, p=0.1",contact_relaxation,contact_relaxed,conductance,3.3,1,0.1,0.1,0.909803921568628,0.1,0.100217864923747,3.91830917779813e-08,4.35760742007179e-07,0.0382897918414616,143.078676937721,0.218310857610179,0.291680296610343,0.329063608285708,0.141411840483883,0.0472478763357099,0.204079877671338,0.249011644203092,0.285926257004059,0.171469866977242,0.0566794606749435,278.469965032785,262.760794321374,303,v7.4.6,gap_tied_weak_links_phase3_seed,/Users/asewaket/Documents/LTSpice Superconducting Circuit/matlab_v7_4_6_files/outputs/v7_4_6_as006_gap_weaklink_v800_phase3_seed_303/AS006_v7_4_6_gap_weaklink_scores.csv
AS006,crack_tunnel_a4_1_g0_7_p0_3,"tunnel/crack-like links, alpha=4.1, tau=0.7, p=0.3",tear_lane,crack_tunnel,conductance,4.1,0.999999999999997,0.7,0.3,0.909934640522874,0.7,0.300217864923747,5.57848946850325e-07,4.51793073760186e-07,0.0963057106737389,164.596446203031,0.218383035476488,0.301465075012543,0.320924014995092,0.145149668437004,0.0473959905822289,0.22017811671418,0.305474481292736,0.324854357673074,0.143240660926972,0.0478701501915704,249.829510308241,242.465435085034,303,v7.4.6,gap_tied_weak_links_phase3_seed,/Users/asewaket/Documents/LTSpice Superconducting Circuit/matlab_v7_4_6_files/outputs/v7_4_6_as006_gap_weaklink_v800_phase3_seed_303/AS006_v7_4_6_gap_weaklink_scores.csv
AS006,boundary_sns_a3_7_g0_05_p0_05,"SNS-like boundary constriction, alpha=3.7, tau=0.05, p=0.05",boundary_lane,boundary_constriction,conductance,3.7,0,0.05,0.05,0.939978213507626,0.05,0.0631808278867102,5.93921593294476e-08,4.25615581694134e-07,0.144371798885928,159.623688480662,0.218507479863888,0.29987383678293,0.318932816363949,0.150418930215664,0.0465074711300174,0.260932220227725,0.381605265632855,0.397560127739678,0.142269401820657,0.0494888596855137,217.913364367716,207.34239128406,303,v7.4.6,gap_tied_weak_links_phase3_seed,/Users/asewaket/Documents/LTSpice Superconducting Circuit/matlab_v7_4_6_files/outputs/v7_4_6_as006_gap_weaklink_v800_phase3_seed_303/AS006_v7_4_6_gap_weaklink_scores.csv
AS006,combined_a3_7_g0_7_p0_1,"combined weak-link classes, alpha=3.7, tau=0.7, p=0.1",combined,boundary_constriction,conductance,3.7,0,0.7,0.1,0.969934640522875,0.7,0.100217864923747,6.989461894225e-07,4.1143024515215e-07,0.126316796117359,177.203826175824,0.218593927509425,0.300186274577202,0.321039284763016,0.14739779552268,0.0467173702312957,0.228424778774138,0.321322583509659,0.341583269927436,0.139021890344139,0.049253225057844,243.563270942918,233.075573340494,303,v7.4.6,gap_tied_weak_links_phase3_seed,/Users/asewaket/Documents/LTSpice Superconducting Circuit/matlab_v7_4_6_files/outputs/v7_4_6_as006_gap_weaklink_v800_phase3_seed_303/AS006_v7_4_6_gap_weaklink_scores.csv
AS006,contact_relaxed_a3_3_g0_05_p0_1,"contact-relaxed SNS links, alpha=3.3, tau=0.05, p=0.1",contact_relaxation,contact_relaxed,conductance,3.3,1,0.05,0.1,0.904793028322441,0.05,0.100217864923747,2.0514632168705e-08,4.56292289872987e-07,0.0382897918414616,136.640639808185,0.218603334425764,0.291324164224597,0.32955135735741,0.14197586281289,0.0475078040126444,0.201308934624958,0.236450688139649,0.272793127191355,0.186614912178785,0.0594373721767859,287.37113596097,270.285455658135,303,v7.4.6,gap_tied_weak_links_phase3_seed,/Users/asewaket/Documents/LTSpice Superconducting Circuit/matlab_v7_4_6_files/outputs/v7_4_6_as006_gap_weaklink_v800_phase3_seed_303/AS006_v7_4_6_gap_weaklink_scores.csv
AS006,boundary_sns_a4_1_g0_1_p0_05,"SNS-like boundary constriction, alpha=4.1, tau=0.1, p=0.05",boundary_lane,boundary_constriction,conductance,4.1,0.999999999999997,0.1,0.05,0.943137254901961,0.1,0.0631808278867102,1.29744111828126e-07,4.64885569497531e-07,0.15997956092765,161.938804263452,0.218663075070077,0.301419298011808,0.318476202684291,0.150548601040653,0.0463769713402523,0.259329376370837,0.379588107828849,0.393480499613687,0.141195160276464,0.0519739493558068,220.457291054631,207.977069202901,303,v7.4.6,gap_tied_weak_links_phase3_seed,/Users/asewaket/Documents/LTSpice Superconducting Circuit/matlab_v7_4_6_files/outputs/v7_4_6_as006_gap_weaklink_v800_phase3_seed_303/AS006_v7_4_6_gap_weaklink_scores.csv
AS006,boundary_sns_a3_3_g0_05_p0_05,"SNS-like boundary constriction, alpha=3.3, tau=0.05, p=0.05",boundary_lane,boundary_constriction,conductance,3.3,1,0.05,0.05,0.939978213507626,0.05,0.0631808278867102,5.29713853478857e-08,3.79603086375849e-07,0.128764036844206,159.623688480662,0.21866942216839,0.298799265332699,0.320261782482395,0.149594387709234,0.047096741528517,0.260290760831376,0.378753738048746,0.397382595979539,0.142232142642398,0.0494903448409446,217.703330765948,208.76135210658,303,v7.4.6,gap_tied_weak_links_phase3_seed,/Users/asewaket/Documents/LTSpice Superconducting Circuit/matlab_v7_4_6_files/outputs/v7_4_6_as006_gap_weaklink_v800_phase3_seed_303/AS006_v7_4_6_gap_weaklink_scores.csv
AS006,boundary_sns_a3_7_g0_7_p0_2,"SNS-like boundary constriction, alpha=3.7, tau=0.7, p=0.2",boundary_lane,boundary_constriction,conductance,3.7,0,0.7,0.2,0.933594771241829,0.7,0.221350762527233,6.79939420149715e-07,4.19163632289956e-07,0.125953536884637,171.915605176524,0.218721450811426,0.300580786164492,0.320471947506673,0.148228025919384,0.046915527356731,0.242072678538977,0.347368137276406,0.365653653338434,0.136333642166637,0.0526843093679254,233.340527877368,221.034668261924,303,v7.4.6,gap_tied_weak_links_phase3_seed,/Users/asewaket/Documents/LTSpice Superconducting Circuit/matlab_v7_4_6_files/outputs/v7_4_6_as006_gap_weaklink_v800_phase3_seed_303/AS006_v7_4_6_gap_weaklink_scores.csv
AS006,boundary_sns_a3_3_g0_1_p0_05,"SNS-like boundary constriction, alpha=3.3, tau=0.1, p=0.05",boundary_lane,boundary_constriction,conductance,3.3,1,0.1,0.05,0.943137254901961,0.1,0.0631808278867102,1.0442818756898e-07,3.74176190083378e-07,0.128764036844206,161.938804263452,0.218766839689576,0.29919950333897,0.320718633938394,0.14916459234147,0.0469213452898817,0.25816590052453,0.374244716255619,0.393208439468577,0.141153657764022,0.0520279450919934,220.998952690603,209.488216443762,303,v7.4.6,gap_tied_weak_links_phase3_seed,/Users/asewaket/Documents/LTSpice Superconducting Circuit/matlab_v7_4_6_files/outputs/v7_4_6_as006_gap_weaklink_v800_phase3_seed_303/AS006_v7_4_6_gap_weaklink_scores.csv
AS006,combined_a4_1_g0_7_p0_05,"combined weak-link classes, alpha=4.1, tau=0.7, p=0.05",combined,boundary_constriction,conductance,4.1,0.999999999999997,0.7,0.05,0.984967320261438,0.7,0.0501089324618736,8.16083487517186e-07,4.49559266574933e-07,0.14645904758578,181.445005540011,0.218815566058843,0.301617105720368,0.320021171339689,0.148394399143904,0.0469306757995097,0.228907182825563,0.324549878740769,0.342171323514612,0.138947500723475,0.0475018433321334,241.220512531555,233.810567014783,303,v7.4.6,gap_tied_weak_links_phase3_seed,/Users/asewaket/Documents/LTSpice Superconducting Circuit/matlab_v7_4_6_files/outputs/v7_4_6_as006_gap_weaklink_v800_phase3_seed_303/AS006_v7_4_6_gap_weaklink_scores.csv
AS006,crack_tunnel_a4_1_g0_7_p0_1,"tunnel/crack-like links, alpha=4.1, tau=0.7, p=0.1",tear_lane,crack_tunnel,conductance,4.1,0.999999999999997,0.7,0.1,0.969934640522875,0.7,0.100217864923747,6.85973925468268e-07,4.52992283078677e-07,0.132373818558471,177.203826175824,0.218833819183743,0.301818504401033,0.320362049238576,0.147738871526758,0.0470434159417237,0.227772136898149,0.32245586982438,0.340343675519014,0.139083757217428,0.0469486859863066,241.57885414993,235.459773774776,303,v7.4.6,gap_tied_weak_links_phase3_seed,/Users/asewaket/Documents/LTSpice Superconducting Circuit/matlab_v7_4_6_files/outputs/v7_4_6_as006_gap_weaklink_v800_phase3_seed_303/AS006_v7_4_6_gap_weaklink_scores.csv
AS006,contact_relaxed_a3_7_g0_2_p0_1,"contact-relaxed SNS links, alpha=3.7, tau=0.2, p=0.1",contact_relaxation,contact_relaxed,conductance,3.7,0,0.2,0.1,0.919825708061001,0.2,0.100217864923747,8.30582506512758e-08,4.61851315086333e-07,0.0429309787313357,151.359127958214,0.218854985288148,0.296886370917112,0.327055006498792,0.142384749247021,0.0470613575919655,0.214199886471377,0.281629496545883,0.31221034287448,0.150962802114592,0.0542983331374203,262.472889448986,248.511113407409,303,v7.4.6,gap_tied_weak_links_phase3_seed,/Users/asewaket/Documents/LTSpice Superconducting Circuit/matlab_v7_4_6_files/outputs/v7_4_6_as006_gap_weaklink_v800_phase3_seed_303/AS006_v7_4_6_gap_weaklink_scores.csv
AS006,boundary_sns_a3_7_g0_1_p0_05,"SNS-like boundary constriction, alpha=3.7, tau=0.1, p=0.05",boundary_lane,boundary_constriction,conductance,3.7,0,0.1,0.05,0.943137254901961,0.1,0.0631808278867102,1.17086149698553e-07,4.19530879790455e-07,0.144371798885928,161.938804263452,0.218892571621021,0.300964713164091,0.320030516478598,0.149577970015179,0.0464722785844931,0.258777591636489,0.377064261999076,0.393347785284375,0.141170997783255,0.0520013247066467,221.208507677548,208.638532537425,303,v7.4.6,gap_tied_weak_links_phase3_seed,/Users/asewaket/Documents/LTSpice Superconducting Circuit/matlab_v7_4_6_files/outputs/v7_4_6_as006_gap_weaklink_v800_phase3_seed_303/AS006_v7_4_6_gap_weaklink_scores.csv
AS006,combined_a3_3_g0_7_p0_2,"combined weak-link classes, alpha=3.3, tau=0.7, p=0.2",combined,boundary_constriction,conductance,3.3,1,0.7,0.2,0.939999999999999,0.7,0.2,6.05472023966934e-07,3.7342558503968e-07,0.110941931720708,171.915605176524,0.218945382755934,0.299440610703655,0.323546732751348,0.145467840853237,0.0472447196946062,0.228725480096421,0.31904336425818,0.34268270102754,0.138541717540962,0.0517121624995272,244.758149294787,233.282764846832,303,v7.4.6,gap_tied_weak_links_phase3_seed,/Users/asewaket/Documents/LTSpice Superconducting Circuit/matlab_v7_4_6_files/outputs/v7_4_6_as006_gap_weaklink_v800_phase3_seed_303/AS006_v7_4_6_gap_weaklink_scores.csv
AS006,contact_relaxed_a4_1_g0_4_p0_1,"contact-relaxed SNS links, alpha=4.1, tau=0.4, p=0.1",contact_relaxation,contact_relaxed,conductance,4.1,0.999999999999997,0.4,0.1,0.939869281045751,0.4,0.100217864923747,1.70784753977536e-07,4.77752403933006e-07,0.0475721656212098,163.137734397655,0.219057718669157,0.300959182417638,0.323165233434801,0.145032874014912,0.0474991598986049,0.228702625461825,0.320000086442593,0.341572422343906,0.138462601243451,0.0526830502103802,245.122356053453,233.636014830257,303,v7.4.6,gap_tied_weak_links_phase3_seed,/Users/asewaket/Documents/LTSpice Superconducting Circuit/matlab_v7_4_6_files/outputs/v7_4_6_as006_gap_weaklink_v800_phase3_seed_303/AS006_v7_4_6_gap_weaklink_scores.csv
AS006,boundary_sns_a3_3_g0_7_p0_3,"SNS-like boundary constriction, alpha=3.3, tau=0.7, p=0.3",boundary_lane,boundary_constriction,conductance,3.3,1,0.7,0.3,0.905228758169932,0.7,0.315904139433551,5.57765589252145e-07,3.8143711057441e-07,0.096109356961302,164.596446203031,0.219097720929267,0.300785272088612,0.323542091731952,0.145152951339945,0.0470634828518762,0.242221363557059,0.345455606059704,0.367021605802716,0.135891962465253,0.0534984484892695,234.491541966018,221.620391216981,303,v7.4.6,gap_tied_weak_links_phase3_seed,/Users/asewaket/Documents/LTSpice Superconducting Circuit/matlab_v7_4_6_files/outputs/v7_4_6_as006_gap_weaklink_v800_phase3_seed_303/AS006_v7_4_6_gap_weaklink_scores.csv
AS006,combined_a3_3_g0_7_p0_3,"combined weak-link classes, alpha=3.3, tau=0.7, p=0.3",combined,boundary_constriction,conductance,3.3,1,0.7,0.3,0.909934640522874,0.7,0.300217864923747,5.21248849908108e-07,3.80417967071121e-07,0.0919693161845909,164.596446203031,0.219397950254115,0.300466995623209,0.325347719362754,0.14396607598887,0.0472066517764583,0.228231165088144,0.318086297974397,0.342611143011653,0.138122577190273,0.0508468057080907,245.251448316633,234.576755224032,303,v7.4.6,gap_tied_weak_links_phase3_seed,/Users/asewaket/Documents/LTSpice Superconducting Circuit/matlab_v7_4_6_files/outputs/v7_4_6_as006_gap_weaklink_v800_phase3_seed_303/AS006_v7_4_6_gap_weaklink_scores.csv
AS006,boundary_sns_a4_1_g0_2_p0_05,"SNS-like boundary constriction, alpha=4.1, tau=0.2, p=0.05",boundary_lane,boundary_constriction,conductance,4.1,0.999999999999997,0.2,0.05,0.949455337690632,0.2,0.0631808278867102,2.53374583065993e-07,4.53932689835173e-07,0.15997956092765,165.846203478097,0.219472214903576,0.303471422512851,0.320553218917664,0.149032467461771,0.0466309345719019,0.254723623972029,0.371730030360265,0.386183898041432,0.139176892326029,0.052095152519837,224.207044639201,212.249820323933,303,v7.4.6,gap_tied_weak_links_phase3_seed,/Users/asewaket/Documents/LTSpice Superconducting Circuit/matlab_v7_4_6_files/outputs/v7_4_6_as006_gap_weaklink_v800_phase3_seed_303/AS006_v7_4_6_gap_weaklink_scores.csv
AS006,contact_relaxed_a3_3_g0_2_p0_1,"contact-relaxed SNS links, alpha=3.3, tau=0.2, p=0.1",contact_relaxation,contact_relaxed,conductance,3.3,1,0.2,0.1,0.919825708061001,0.2,0.100217864923747,7.40789803105974e-08,4.11921443185108e-07,0.0382897918414616,151.359127958214,0.219475820651387,0.296049427130781,0.330728482138866,0.140608617452732,0.046794060567224,0.212983776395977,0.276562745413288,0.311512699899339,0.151103008403567,0.0543301512382947,265.093748352817,250.305766877003,303,v7.4.6,gap_tied_weak_links_phase3_seed,/Users/asewaket/Documents/LTSpice Superconducting Circuit/matlab_v7_4_6_files/outputs/v7_4_6_as006_gap_weaklink_v800_phase3_seed_303/AS006_v7_4_6_gap_weaklink_scores.csv
AS006,crack_tunnel_a3_7_g0_7_p0_2,"tunnel/crack-like links, alpha=3.7, tau=0.7, p=0.2",tear_lane,crack_tunnel,conductance,3.7,0,0.7,0.2,0.93986928104575,0.7,0.200435729847495,5.34339227883873e-07,4.06626334043628e-07,0.0956029611105452,171.915605176524,0.219497129848101,0.302737672080633,0.324089182014352,0.144366617003619,0.0471336373802303,0.220992371727032,0.305654706185151,0.326968103529207,0.143104172514006,0.0482327556313906,250.889089576725,242.436293489001,303,v7.4.6,gap_tied_weak_links_phase3_seed,/Users/asewaket/Documents/LTSpice Superconducting Circuit/matlab_v7_4_6_files/outputs/v7_4_6_as006_gap_weaklink_v800_phase3_seed_303/AS006_v7_4_6_gap_weaklink_scores.csv
AS006,combined_a3_3_g0_7_p0_1,"combined weak-link classes, alpha=3.3, tau=0.7, p=0.1",combined,boundary_constriction,conductance,3.3,1,0.7,0.1,0.969934640522875,0.7,0.100217864923747,6.23384439214662e-07,3.66951299730296e-07,0.112660926266834,177.203826175824,0.219518354372092,0.300964799001229,0.324426046131983,0.145609748436764,0.0468692065823055,0.227797395312065,0.318375601276702,0.341422400874757,0.139071075198203,0.0492833297550433,245.138763161331,234.812204616773,303,v7.4.6,gap_tied_weak_links_phase3_seed,/Users/asewaket/Documents/LTSpice Superconducting Circuit/matlab_v7_4_6_files/outputs/v7_4_6_as006_gap_weaklink_v800_phase3_seed_303/AS006_v7_4_6_gap_weaklink_scores.csv
AS006,boundary_sns_a3_3_g0_2_p0_05,"SNS-like boundary constriction, alpha=3.3, tau=0.2, p=0.05",boundary_lane,boundary_constriction,conductance,3.3,1,0.2,0.05,0.949455337690632,0.2,0.0631808278867102,2.03935640028726e-07,3.65360457672213e-07,0.128764036844206,165.846203478097,0.219567465772459,0.301255419799072,0.322817789487864,0.14772396833815,0.0469958170367728,0.253573692900802,0.366409784384329,0.385920307141978,0.139156243907354,0.0521528377370253,225.083772637965,213.489018212925,303,v7.4.6,gap_tied_weak_links_phase3_seed,/Users/asewaket/Documents/LTSpice Superconducting Circuit/matlab_v7_4_6_files/outputs/v7_4_6_as006_gap_weaklink_v800_phase3_seed_303/AS006_v7_4_6_gap_weaklink_scores.csv
AS006,boundary_sns_a3_7_g0_2_p0_05,"SNS-like boundary constriction, alpha=3.7, tau=0.2, p=0.05",boundary_lane,boundary_constriction,conductance,3.7,0,0.2,0.05,0.949455337690632,0.2,0.0631808278867102,2.2865511154736e-07,4.09646573753693e-07,0.144371798885928,165.846203478097,0.219773769322968,0.303204017670074,0.322300907381109,0.148005342873704,0.0466315624356931,0.254178835152905,0.369218949442181,0.386055619396389,0.139161661710325,0.0521258152407575,225.165481716166,212.897212219689,303,v7.4.6,gap_tied_weak_links_phase3_seed,/Users/asewaket/Documents/LTSpice Superconducting Circuit/matlab_v7_4_6_files/outputs/v7_4_6_as006_gap_weaklink_v800_phase3_seed_303/AS006_v7_4_6_gap_weaklink_scores.csv
AS006,boundary_sns_a4_1_g0_7_p0_1,"SNS-like boundary constriction, alpha=4.1, tau=0.7, p=0.1",boundary_lane,boundary_constriction,conductance,4.1,0.999999999999997,0.7,0.1,0.962091503267973,0.7,0.12636165577342,8.00760340534421e-07,4.59518147233051e-07,0.15427658062267,177.203826175824,0.219812544460311,0.304463273918922,0.322048317044149,0.147276276290524,0.0469195481922188,0.240851087727244,0.346797040192858,0.36293402632027,0.13624276214891,0.0520203996967537,234.969182567969,223.246069767132,303,v7.4.6,gap_tied_weak_links_phase3_seed,/Users/asewaket/Documents/LTSpice Superconducting Circuit/matlab_v7_4_6_files/outputs/v7_4_6_as006_gap_weaklink_v800_phase3_seed_303/AS006_v7_4_6_gap_weaklink_scores.csv
AS006,crack_tunnel_a3_7_g0_7_p0_3,"tunnel/crack-like links, alpha=3.7, tau=0.7, p=0.3",tear_lane,crack_tunnel,conductance,3.7,0,0.7,0.3,0.909934640522874,0.7,0.300217864923747,5.03424659352732e-07,4.07715700710412e-07,0.0869100315836181,164.596446203031,0.219901395838844,0.303950656379426,0.325458875901924,0.142834068830968,0.0474607039477164,0.21963734024733,0.303093787974855,0.324620185384743,0.143272487329125,0.0479169796770886,252.158393699789,244.732806447848,303,v7.4.6,gap_tied_weak_links_phase3_seed,/Users/asewaket/Documents/LTSpice Superconducting Circuit/matlab_v7_4_6_files/outputs/v7_4_6_as006_gap_weaklink_v800_phase3_seed_303/AS006_v7_4_6_gap_weaklink_scores.csv
AS006,boundary_sns_a3_3_g0_7_p0_2,"SNS-like boundary constriction, alpha=3.3, tau=0.7, p=0.2",boundary_lane,boundary_constriction,conductance,3.3,1,0.7,0.2,0.933594771241829,0.7,0.221350762527233,6.06432455809205e-07,3.73848645015367e-07,0.112336938302514,171.915605176524,0.21999114892281,0.302267296569205,0.324588035063102,0.146032117259147,0.0471192401104837,0.241444639056566,0.34444844415134,0.365506303453295,0.136352060241149,0.0526986447867891,235.161266304698,223.006669559247,303,v7.4.6,gap_tied_weak_links_phase3_seed,/Users/asewaket/Documents/LTSpice Superconducting Circuit/matlab_v7_4_6_files/outputs/v7_4_6_as006_gap_weaklink_v800_phase3_seed_303/AS006_v7_4_6_gap_weaklink_scores.csv
AS006,crack_tunnel_a3_7_g0_7_p0_1,"tunnel/crack-like links, alpha=3.7, tau=0.7, p=0.1",tear_lane,crack_tunnel,conductance,3.7,0,0.7,0.1,0.969934640522875,0.7,0.100217864923747,6.1904964005673e-07,4.0879791399783e-07,0.119459299674718,177.203826175824,0.220002167767613,0.303713535368615,0.324293288848944,0.145600970731819,0.0467828345690233,0.227261131511968,0.320010747600644,0.340193375357142,0.139127755510951,0.0470468086955096,244.010218111403,236.876911337521,303,v7.4.6,gap_tied_weak_links_phase3_seed,/Users/asewaket/Documents/LTSpice Superconducting Circuit/matlab_v7_4_6_files/outputs/v7_4_6_as006_gap_weaklink_v800_phase3_seed_303/AS006_v7_4_6_gap_weaklink_scores.csv
AS006,crack_tunnel_a3_3_g0_7_p0_2,"tunnel/crack-like links, alpha=3.3, tau=0.7, p=0.2",tear_lane,crack_tunnel,conductance,3.3,1,0.7,0.2,0.93986928104575,0.7,0.200435729847495,4.765728248694e-07,3.62666730363236e-07,0.0852675058553511,171.915605176524,0.220020574749084,0.302436592739473,0.326638861032291,0.143107714859382,0.0471636306252076,0.220299358951181,0.302502293001505,0.326718479778321,0.143179989992007,0.0482621746523292,252.296053977505,243.735115739513,303,v7.4.6,gap_tied_weak_links_phase3_seed,/Users/asewaket/Documents/LTSpice Superconducting Circuit/matlab_v7_4_6_files/outputs/v7_4_6_as006_gap_weaklink_v800_phase3_seed_303/AS006_v7_4_6_gap_weaklink_scores.csv
AS006,contact_relaxed_a4_1_g0_7_p0_2,"contact-relaxed SNS links, alpha=4.1, tau=0.7, p=0.2",contact_relaxation,contact_relaxed,conductance,4.1,0.999999999999997,0.7,0.2,0.939999999999999,0.7,0.2,3.13549511197464e-07,4.52265193079285e-07,0.053465260749738,171.915605176524,0.220274113323753,0.305560893305807,0.324591345172124,0.144682948376982,0.0469211337905141,0.227016502576191,0.317586353967907,0.336330923825608,0.140469364402855,0.0533303367146674,249.134944784349,235.919782732988,303,v7.4.6,gap_tied_weak_links_phase3_seed,/Users/asewaket/Documents/LTSpice Superconducting Circuit/matlab_v7_4_6_files/outputs/v7_4_6_as006_gap_weaklink_v800_phase3_seed_303/AS006_v7_4_6_gap_weaklink_scores.csv
AS006,combined_a3_7_g0_7_p0_05,"combined weak-link classes, alpha=3.7, tau=0.7, p=0.05",combined,boundary_constriction,conductance,3.7,0,0.7,0.05,0.984967320261438,0.7,0.0501089324618736,7.36465586295998e-07,4.05699825933476e-07,0.132170360016436,181.445005540011,0.220379676371965,0.304462530951038,0.324837542369121,0.145752195184495,0.0467799077822082,0.228407566065938,0.322146969219998,0.342059001086659,0.138969793573525,0.0475753672411328,243.935029134878,235.736177212582,303,v7.4.6,gap_tied_weak_links_phase3_seed,/Users/asewaket/Documents/LTSpice Superconducting Circuit/matlab_v7_4_6_files/outputs/v7_4_6_as006_gap_weaklink_v800_phase3_seed_303/AS006_v7_4_6_gap_weaklink_scores.csv
AS006,contact_relaxed_a4_1_g0_2_p0_05,"contact-relaxed SNS links, alpha=4.1, tau=0.2, p=0.05",contact_relaxation,contact_relaxed,conductance,4.1,0.999999999999997,0.2,0.05,0.959564270152505,0.2,0.0505446623093682,7.88274969876929e-08,4.82667070760314e-07,0.044476058244914,165.846203478097,0.220438979458529,0.304705904411704,0.326426283507694,0.143037057478129,0.0474466748948139,0.231301801784667,0.325352101232795,0.34645860913118,0.136985667921027,0.0536222568096905,244.802979819377,232.517389772688,303,v7.4.6,gap_tied_weak_links_phase3_seed,/Users/asewaket/Documents/LTSpice Superconducting Circuit/matlab_v7_4_6_files/outputs/v7_4_6_as006_gap_weaklink_v800_phase3_seed_303/AS006_v7_4_6_gap_weaklink_scores.csv
AS006,crack_tunnel_a4_1_g0_7_p0_05,"tunnel/crack-like links, alpha=4.1, tau=0.7, p=0.05",tear_lane,crack_tunnel,conductance,4.1,0.999999999999997,0.7,0.05,0.984836601307189,0.7,0.0505446623093682,7.56931667167869e-07,4.48777157820232e-07,0.142597709755342,181.445005540011,0.220495057591782,0.305822232678341,0.323832207731896,0.146274468102792,0.0471036066212618,0.230421602336253,0.328120019271287,0.345435683889121,0.137965035089908,0.0470192517416314,240.828865758086,234.707040797867,303,v7.4.6,gap_tied_weak_links_phase3_seed,/Users/asewaket/Documents/LTSpice Superconducting Circuit/matlab_v7_4_6_files/outputs/v7_4_6_as006_gap_weaklink_v800_phase3_seed_303/AS006_v7_4_6_gap_weaklink_scores.csv
AS006,boundary_sns_a4_1_g0_4_p0_05,"SNS-like boundary constriction, alpha=4.1, tau=0.4, p=0.05",boundary_lane,boundary_constriction,conductance,4.1,0.999999999999997,0.4,0.05,0.962091503267973,0.4,0.0631808278867102,4.87062757850017e-07,4.60398884445924e-07,0.15997956092765,172.549479433944,0.220536757890665,0.306204400081216,0.323339622446352,0.147046116848163,0.0468274040307902,0.248056614035074,0.36022534454697,0.375446484256334,0.137044983277357,0.0517201490831209,229.875649581946,218.363728310102,303,v7.4.6,gap_tied_weak_links_phase3_seed,/Users/asewaket/Documents/LTSpice Superconducting Circuit/matlab_v7_4_6_files/outputs/v7_4_6_as006_gap_weaklink_v800_phase3_seed_303/AS006_v7_4_6_gap_weaklink_scores.csv
AS006,crack_tunnel_a3_3_g0_7_p0_3,"tunnel/crack-like links, alpha=3.3, tau=0.7, p=0.3",tear_lane,crack_tunnel,conductance,3.3,1,0.7,0.3,0.909934640522874,0.7,0.300217864923747,4.4900037185514e-07,3.63638327660638e-07,0.0775143524934972,164.596446203031,0.220566964783243,0.303932620187261,0.328257090169262,0.141500306208793,0.0475769131717544,0.21891663250129,0.299947486589144,0.324313264182997,0.143325664064319,0.0479303835166638,253.60121850387,246.303067012142,303,v7.4.6,gap_tied_weak_links_phase3_seed,/Users/asewaket/Documents/LTSpice Superconducting Circuit/matlab_v7_4_6_files/outputs/v7_4_6_as006_gap_weaklink_v800_phase3_seed_303/AS006_v7_4_6_gap_weaklink_scores.csv
AS006,crack_tunnel_a3_3_g0_7_p0_1,"tunnel/crack-like links, alpha=3.3, tau=0.7, p=0.1",tear_lane,crack_tunnel,conductance,3.3,1,0.7,0.1,0.969934640522875,0.7,0.100217864923747,5.52125354645191e-07,3.64603544916984e-07,0.106544780790964,177.203826175824,0.220583023128947,0.303622221019743,0.326889966512654,0.144336862078982,0.0468143756291203,0.226635725073843,0.317007166166094,0.340011770279222,0.139203850930404,0.0471460475514766,245.523912759174,237.981882261801,303,v7.4.6,gap_tied_weak_links_phase3_seed,/Users/asewaket/Documents/LTSpice Superconducting Circuit/matlab_v7_4_6_files/outputs/v7_4_6_as006_gap_weaklink_v800_phase3_seed_303/AS006_v7_4_6_gap_weaklink_scores.csv
AS006,contact_relaxed_a4_1_g0_1_p0_05,"contact-relaxed SNS links, alpha=4.1, tau=0.1, p=0.05",contact_relaxation,contact_relaxed,conductance,4.1,0.999999999999997,0.1,0.05,0.954509803921569,0.1,0.0505446623093682,4.03647574296697e-08,4.94313278362018e-07,0.044476058244914,161.938804263452,0.220703516146012,0.30504657330346,0.326987264991664,0.142614400212194,0.0479752934259476,0.224810878015372,0.31109386964144,0.332911950795422,0.140802109241006,0.0543619699921764,251.40572741098,239.144869829423,303,v7.4.6,gap_tied_weak_links_phase3_seed,/Users/asewaket/Documents/LTSpice Superconducting Circuit/matlab_v7_4_6_files/outputs/v7_4_6_as006_gap_weaklink_v800_phase3_seed_303/AS006_v7_4_6_gap_weaklink_scores.csv
AS006,boundary_sns_a3_7_g0_7_p0_1,"SNS-like boundary constriction, alpha=3.7, tau=0.7, p=0.1",boundary_lane,boundary_constriction,conductance,3.7,0,0.7,0.1,0.962091503267973,0.7,0.12636165577342,7.22637380482283e-07,4.14687108478607e-07,0.139225206903385,177.203826175824,0.220747466920716,0.305654961596802,0.325236787751189,0.145556548005048,0.046972309435887,0.240321640858655,0.344318482342047,0.362821001170869,0.136236497015302,0.052057348633082,236.54945270986,224.637552919861,303,v7.4.6,gap_tied_weak_links_phase3_seed,/Users/asewaket/Documents/LTSpice Superconducting Circuit/matlab_v7_4_6_files/outputs/v7_4_6_as006_gap_weaklink_v800_phase3_seed_303/AS006_v7_4_6_gap_weaklink_scores.csv
AS006,contact_relaxed_a4_1_g0_7_p0_3,"contact-relaxed SNS links, alpha=4.1, tau=0.7, p=0.3",contact_relaxation,contact_relaxed,conductance,4.1,0.999999999999997,0.7,0.3,0.909934640522874,0.7,0.300217864923747,3.50826274960053e-07,4.48773325277477e-07,0.0561177034025907,164.596446203031,0.220951851428731,0.307554867416614,0.326547542483368,0.143035246685367,0.0469521320244384,0.220337122886997,0.302985203908914,0.322132396621084,0.145687866740812,0.0528588830131566,256.813715545592,243.734267521538,303,v7.4.6,gap_tied_weak_links_phase3_seed,/Users/asewaket/Documents/LTSpice Superconducting Circuit/matlab_v7_4_6_files/outputs/v7_4_6_as006_gap_weaklink_v800_phase3_seed_303/AS006_v7_4_6_gap_weaklink_scores.csv
AS006,boundary_sns_a3_3_g0_7_p0_1,"SNS-like boundary constriction, alpha=3.3, tau=0.7, p=0.1",boundary_lane,boundary_constriction,conductance,3.3,1,0.7,0.1,0.962091503267973,0.7,0.12636165577342,6.44514420430144e-07,3.69856069724163e-07,0.1241738331841,177.203826175824,0.221167331420284,0.305201332754538,0.327273003775469,0.144542603998568,0.0472293127416032,0.23971200042772,0.341474827776921,0.362691235869535,0.136242057657156,0.0520729395185473,237.348341337226,225.770629432272,303,v7.4.6,gap_tied_weak_links_phase3_seed,/Users/asewaket/Documents/LTSpice Superconducting Circuit/matlab_v7_4_6_files/outputs/v7_4_6_as006_gap_weaklink_v800_phase3_seed_303/AS006_v7_4_6_gap_weaklink_scores.csv
AS006,contact_relaxed_a4_1_g0_05_p0_05,"contact-relaxed SNS links, alpha=4.1, tau=0.05, p=0.05",contact_relaxation,contact_relaxed,conductance,4.1,0.999999999999997,0.05,0.05,0.9519825708061,0.05,0.0505446623093682,2.047509556621e-08,5.01482593162792e-07,0.044476058244914,159.623688480662,0.221247496705839,0.306426160044621,0.327841106011101,0.142402614362956,0.048086120011453,0.220832843173991,0.301960737552266,0.323536979567315,0.145025104150609,0.0547323838866275,256.467578597026,243.952453899522,303,v7.4.6,gap_tied_weak_links_phase3_seed,/Users/asewaket/Documents/LTSpice Superconducting Circuit/matlab_v7_4_6_files/outputs/v7_4_6_as006_gap_weaklink_v800_phase3_seed_303/AS006_v7_4_6_gap_weaklink_scores.csv
AS006,boundary_sns_a3_7_g0_4_p0_05,"SNS-like boundary constriction, alpha=3.7, tau=0.4, p=0.05",boundary_lane,boundary_constriction,conductance,3.7,0,0.4,0.05,0.962091503267973,0.4,0.0631808278867102,4.39544440010991e-07,4.15481920109736e-07,0.144371798885928,172.549479433944,0.221265713452727,0.306932297484683,0.326067239830453,0.145582570148193,0.0468003873904194,0.24751830886906,0.357723341644679,0.375330795129162,0.137033822791196,0.051747032735591,231.298511695309,219.448478837538,303,v7.4.6,gap_tied_weak_links_phase3_seed,/Users/asewaket/Documents/LTSpice Superconducting Circuit/matlab_v7_4_6_files/outputs/v7_4_6_as006_gap_weaklink_v800_phase3_seed_303/AS006_v7_4_6_gap_weaklink_scores.csv
AS006,contact_relaxed_a4_1_g0_4_p0_05,"contact-relaxed SNS links, alpha=4.1, tau=0.4, p=0.05",contact_relaxation,contact_relaxed,conductance,4.1,0.999999999999997,0.4,0.05,0.969673202614379,0.4,0.0505446623093682,1.51530345359225e-07,4.64493749748657e-07,0.044476058244914,172.549479433944,0.221290779806501,0.307555870188981,0.327187974313402,0.143221681910226,0.0472919714072903,0.238056894534551,0.34016832838061,0.358798804883205,0.135630505002383,0.0526801044935589,239.196824920836,227.505143533837,303,v7.4.6,gap_tied_weak_links_phase3_seed,/Users/asewaket/Documents/LTSpice Superconducting Circuit/matlab_v7_4_6_files/outputs/v7_4_6_as006_gap_weaklink_v800_phase3_seed_303/AS006_v7_4_6_gap_weaklink_scores.csv
AS006,boundary_sns_a3_3_g0_4_p0_05,"SNS-like boundary constriction, alpha=3.3, tau=0.4, p=0.05",boundary_lane,boundary_constriction,conductance,3.3,1,0.4,0.05,0.962091503267973,0.4,0.0631808278867102,3.92026122171965e-07,3.70564955773548e-07,0.128764036844206,172.549479433944,0.221468438560862,0.305978661768534,0.32756767853743,0.144836956106138,0.0470738984626016,0.246915059573674,0.354907596916529,0.375205112734085,0.137033795650443,0.0517665091041399,231.79482937319,220.358203171731,303,v7.4.6,gap_tied_weak_links_phase3_seed,/Users/asewaket/Documents/LTSpice Superconducting Circuit/matlab_v7_4_6_files/outputs/v7_4_6_as006_gap_weaklink_v800_phase3_seed_303/AS006_v7_4_6_gap_weaklink_scores.csv
AS006,contact_relaxed_a3_7_g0_4_p0_1,"contact-relaxed SNS links, alpha=3.7, tau=0.4, p=0.1",contact_relaxation,contact_relaxed,conductance,3.7,0,0.4,0.1,0.939869281045751,0.4,0.100217864923747,1.54122826760215e-07,4.31142413305396e-07,0.0429309787313357,163.137734397655,0.221490925251199,0.305189788387748,0.330301050775189,0.141625365717788,0.0472062918644292,0.227899895308478,0.316465727675101,0.341298828827637,0.138455472565166,0.0526914577124671,248.960856821397,236.778147651273,303,v7.4.6,gap_tied_weak_links_phase3_seed,/Users/asewaket/Documents/LTSpice Superconducting Circuit/matlab_v7_4_6_files/outputs/v7_4_6_as006_gap_weaklink_v800_phase3_seed_303/AS006_v7_4_6_gap_weaklink_scores.csv
AS006,combined_a3_3_g0_7_p0_05,"combined weak-link classes, alpha=3.3, tau=0.7, p=0.05",combined,boundary_constriction,conductance,3.3,1,0.7,0.05,0.984967320261438,0.7,0.0501089324618736,6.56847685074809e-07,3.6184038529202e-07,0.117881672447091,181.445005540011,0.221555921168898,0.305805372818795,0.328759919846974,0.143852254930216,0.0468290546307195,0.227803047378389,0.319247628939656,0.341924183049223,0.139015063574732,0.0476314581477326,245.961704492798,237.537684294717,303,v7.4.6,gap_tied_weak_links_phase3_seed,/Users/asewaket/Documents/LTSpice Superconducting Circuit/matlab_v7_4_6_files/outputs/v7_4_6_as006_gap_weaklink_v800_phase3_seed_303/AS006_v7_4_6_gap_weaklink_scores.csv
AS006,shuffled_tau_control,"same weak-link histogram, shuffled positions",shuffled,boundary_constriction,conductance,3.7,0,0.01,0.08,0.920627450980392,0.01,0.0801742919389978,4.61711250966128e-09,4.34568821793959e-07,0.0503133334930186,159.623688480662,0.221679500358053,0.308084001705142,0.32759346250562,0.144333461401104,0.0466081139489096,0.229551826194766,0.315646667383841,0.334807446680705,0.143054291207182,0.0673815678897786,238.87768745232,250.275327973086,303,v7.4.6,gap_tied_weak_links_phase3_seed,/Users/asewaket/Documents/LTSpice Superconducting Circuit/matlab_v7_4_6_files/outputs/v7_4_6_as006_gap_weaklink_v800_phase3_seed_303/AS006_v7_4_6_gap_weaklink_scores.csv
AS006,boundary_sns_a4_1_g0_7_p0_05,"SNS-like boundary constriction, alpha=4.1, tau=0.7, p=0.05",boundary_lane,boundary_constriction,conductance,4.1,0.999999999999997,0.7,0.05,0.981045751633987,0.7,0.0631808278867102,8.10572018061203e-07,4.5023404887456e-07,0.15997956092765,181.445005540011,0.221691989562779,0.309238503565472,0.326399289368405,0.144926764147557,0.0468642326692684,0.241134431061218,0.347702224591623,0.363657331400122,0.136058618090788,0.0514963281507708,236.520599713292,224.956077963862,303,v7.4.6,gap_tied_weak_links_phase3_seed,/Users/asewaket/Documents/LTSpice Superconducting Circuit/matlab_v7_4_6_files/outputs/v7_4_6_as006_gap_weaklink_v800_phase3_seed_303/AS006_v7_4_6_gap_weaklink_scores.csv
AS006,contact_relaxed_a4_1_g0_7_p0_1,"contact-relaxed SNS links, alpha=4.1, tau=0.7, p=0.1",contact_relaxation,contact_relaxed,conductance,4.1,0.999999999999997,0.7,0.1,0.969934640522875,0.7,0.100217864923747,2.75149342206331e-07,4.51731223625313e-07,0.0475721656212098,177.203826175824,0.221772649954508,0.309167761044006,0.327633510697597,0.143429865675823,0.0470495129129605,0.236529758036413,0.33809827719854,0.35574153021358,0.136199163598082,0.0517538806121553,240.654428918211,229.210582566956,303,v7.4.6,gap_tied_weak_links_phase3_seed,/Users/asewaket/Documents/LTSpice Superconducting Circuit/matlab_v7_4_6_files/outputs/v7_4_6_as006_gap_weaklink_v800_phase3_seed_303/AS006_v7_4_6_gap_weaklink_scores.csv
AS006,crack_tunnel_a3_7_g0_7_p0_05,"tunnel/crack-like links, alpha=3.7, tau=0.7, p=0.05",tear_lane,crack_tunnel,conductance,3.7,0,0.7,0.05,0.984836601307189,0.7,0.0505446623093682,6.83084675249053e-07,4.04994020471917e-07,0.128685738071894,181.445005540011,0.222040402974719,0.308552298305644,0.328565668483538,0.143895426265004,0.0467905138905068,0.229916478837631,0.325700353541513,0.345316706604808,0.13798993368963,0.0470903869761895,243.67269122999,236.429967137355,303,v7.4.6,gap_tied_weak_links_phase3_seed,/Users/asewaket/Documents/LTSpice Superconducting Circuit/matlab_v7_4_6_files/outputs/v7_4_6_as006_gap_weaklink_v800_phase3_seed_303/AS006_v7_4_6_gap_weaklink_scores.csv
AS006,contact_relaxed_a3_7_g0_7_p0_2,"contact-relaxed SNS links, alpha=3.7, tau=0.7, p=0.2",contact_relaxation,contact_relaxed,conductance,3.7,0,0.7,0.2,0.939999999999999,0.7,0.2,2.82959314983077e-07,4.08141759608135e-07,0.0482491377497636,171.915605176524,0.22205712249525,0.308367753794892,0.329952108206066,0.142171784311712,0.0467869389311043,0.226391523986729,0.314697682288545,0.336197441103714,0.140461516426742,0.0533375201801765,252.064993975911,238.22685675327,303,v7.4.6,gap_tied_weak_links_phase3_seed,/Users/asewaket/Documents/LTSpice Superconducting Circuit/matlab_v7_4_6_files/outputs/v7_4_6_as006_gap_weaklink_v800_phase3_seed_303/AS006_v7_4_6_gap_weaklink_scores.csv
AS006,contact_relaxed_a3_7_g0_1_p0_05,"contact-relaxed SNS links, alpha=3.7, tau=0.1, p=0.05",contact_relaxation,contact_relaxed,conductance,3.7,0,0.1,0.05,0.954509803921569,0.1,0.0505446623093682,3.642673231458e-08,4.46087592668163e-07,0.0401369306112638,161.938804263452,0.222359598480965,0.307576771893425,0.332221579455458,0.140303531127534,0.0474540425549294,0.22407614599959,0.307904596662559,0.332588099000604,0.140854102679949,0.0543793317343992,254.569363892423,241.334623421294,303,v7.4.6,gap_tied_weak_links_phase3_seed,/Users/asewaket/Documents/LTSpice Superconducting Circuit/matlab_v7_4_6_files/outputs/v7_4_6_as006_gap_weaklink_v800_phase3_seed_303/AS006_v7_4_6_gap_weaklink_scores.csv
AS006,bulk_AB_reference,"bulk AB reference: no weak-link mask",none,bulk_sns,conductance,3.7,0,NaN,0,1,NaN,0,NaN,4.62557911318295e-07,NaN,159.623688480662,0.22243614601744,0.311422910497081,0.328070406275864,0.143647506136081,0.0470752259372556,0.291246863782347,0.428547880321628,0.441242344206005,0.163772707339235,0.0507964520555552,203.076828379962,193.594928935815,303,v7.4.6,gap_tied_weak_links_phase3_seed,/Users/asewaket/Documents/LTSpice Superconducting Circuit/matlab_v7_4_6_files/outputs/v7_4_6_as006_gap_weaklink_v800_phase3_seed_303/AS006_v7_4_6_gap_weaklink_scores.csv
AS006,contact_relaxed_a3_7_g0_2_p0_05,"contact-relaxed SNS links, alpha=3.7, tau=0.2, p=0.05",contact_relaxation,contact_relaxed,conductance,3.7,0,0.2,0.05,0.959564270152505,0.2,0.0505446623093682,7.11370094766985e-08,4.35577600442235e-07,0.0401369306112638,165.846203478097,0.222545589007584,0.308220049275652,0.332505698608841,0.140316365353383,0.0472274665050684,0.230556697759219,0.322171424379696,0.346139609632353,0.136976614366629,0.0536469796014968,248.08522600432,235.22391272346,303,v7.4.6,gap_tied_weak_links_phase3_seed,/Users/asewaket/Documents/LTSpice Superconducting Circuit/matlab_v7_4_6_files/outputs/v7_4_6_as006_gap_weaklink_v800_phase3_seed_303/AS006_v7_4_6_gap_weaklink_scores.csv
AS006,contact_relaxed_a3_3_g0_4_p0_1,"contact-relaxed SNS links, alpha=3.3, tau=0.4, p=0.1",contact_relaxation,contact_relaxed,conductance,3.3,1,0.4,0.1,0.939869281045751,0.4,0.100217864923747,1.37460899542895e-07,3.84532422677786e-07,0.0382897918414616,163.137734397655,0.222590174172392,0.305641006390876,0.334604061081523,0.139813992841811,0.0469852665261576,0.226882377797246,0.312045344054084,0.340913656381283,0.138446075986663,0.0527100512815731,251.516702196508,238.68327892413,303,v7.4.6,gap_tied_weak_links_phase3_seed,/Users/asewaket/Documents/LTSpice Superconducting Circuit/matlab_v7_4_6_files/outputs/v7_4_6_as006_gap_weaklink_v800_phase3_seed_303/AS006_v7_4_6_gap_weaklink_scores.csv
AS006,contact_relaxed_a3_7_g0_7_p0_3,"contact-relaxed SNS links, alpha=3.7, tau=0.7, p=0.3",contact_relaxation,contact_relaxed,conductance,3.7,0,0.7,0.3,0.909934640522874,0.7,0.300217864923747,3.16599321305413e-07,4.04990561835772e-07,0.050642805509655,164.596446203031,0.222641433839812,0.309937494432116,0.331655931378588,0.140777111077071,0.0469004060080779,0.219678109881035,0.300030709827478,0.321928025272007,0.14568623515838,0.0528780014037101,259.597241104706,246.16150470166,303,v7.4.6,gap_tied_weak_links_phase3_seed,/Users/asewaket/Documents/LTSpice Superconducting Circuit/matlab_v7_4_6_files/outputs/v7_4_6_as006_gap_weaklink_v800_phase3_seed_303/AS006_v7_4_6_gap_weaklink_scores.csv
AS006,contact_relaxed_a3_7_g0_05_p0_05,"contact-relaxed SNS links, alpha=3.7, tau=0.05, p=0.05",contact_relaxation,contact_relaxed,conductance,3.7,0,0.05,0.05,0.9519825708061,0.05,0.0505446623093682,1.84775252670676e-08,4.5255746212252e-07,0.0401369306112638,159.623688480662,0.22270913727841,0.308423682789715,0.332721238981042,0.140299245776423,0.0474857781649862,0.220140632008089,0.298824824367674,0.32331757202588,0.145073409718726,0.0547308224790751,259.517030564502,245.923393034552,303,v7.4.6,gap_tied_weak_links_phase3_seed,/Users/asewaket/Documents/LTSpice Superconducting Circuit/matlab_v7_4_6_files/outputs/v7_4_6_as006_gap_weaklink_v800_phase3_seed_303/AS006_v7_4_6_gap_weaklink_scores.csv
AS006,uniform_tau_control,"same mean weak transparency, spatially uniform",uniform,boundary_constriction,conductance,3.7,0,0.01,0.08,0.920627450980405,0.920627450980392,1,4.25843510827776e-07,4.25843510827776e-07,0.0494944884633105,159.623688480662,0.22282118718512,0.312863557131757,0.330371568309947,0.140979900908256,0.0468672581161142,0.263456757101094,0.385214785126823,0.400881997648669,0.143617925409998,0.0510030977309752,221.706536549797,211.006338918376,303,v7.4.6,gap_tied_weak_links_phase3_seed,/Users/asewaket/Documents/LTSpice Superconducting Circuit/matlab_v7_4_6_files/outputs/v7_4_6_as006_gap_weaklink_v800_phase3_seed_303/AS006_v7_4_6_gap_weaklink_scores.csv
AS006,crack_tunnel_a3_3_g0_7_p0_05,"tunnel/crack-like links, alpha=3.3, tau=0.7, p=0.05",tear_lane,crack_tunnel,conductance,3.3,1,0.7,0.05,0.984836601307189,0.7,0.0505446623093682,6.09237683330236e-07,3.61210883123602e-07,0.114773766388446,181.445005540011,0.222898321343055,0.309092351555498,0.331699229906308,0.142514518497272,0.0467824547021487,0.229319396051009,0.322816293080663,0.345178986919331,0.138040543658393,0.0471667804925628,245.490996981895,237.698355292264,303,v7.4.6,gap_tied_weak_links_phase3_seed,/Users/asewaket/Documents/LTSpice Superconducting Circuit/matlab_v7_4_6_files/outputs/v7_4_6_as006_gap_weaklink_v800_phase3_seed_303/AS006_v7_4_6_gap_weaklink_scores.csv
AS006,contact_relaxed_a4_1_g0_7_p0_05,"contact-relaxed SNS links, alpha=4.1, tau=0.7, p=0.05",contact_relaxation,contact_relaxed,conductance,4.1,0.999999999999997,0.7,0.05,0.984836601307189,0.7,0.0505446623093682,2.52177477862433e-07,4.45279958048914e-07,0.044476058244914,181.445005540011,0.222910986291399,0.312164850250044,0.329828621438579,0.142485635874097,0.0470829488468138,0.239347295449666,0.343938062638663,0.360721544653165,0.135731489716589,0.0518713493208886,239.427630503752,227.896960487276,303,v7.4.6,gap_tied_weak_links_phase3_seed,/Users/asewaket/Documents/LTSpice Superconducting Circuit/matlab_v7_4_6_files/outputs/v7_4_6_as006_gap_weaklink_v800_phase3_seed_303/AS006_v7_4_6_gap_weaklink_scores.csv
AS006,contact_relaxed_a3_3_g0_1_p0_05,"contact-relaxed SNS links, alpha=3.3, tau=0.1, p=0.05",contact_relaxation,contact_relaxed,conductance,3.3,1,0.1,0.05,0.954509803921569,0.1,0.0505446623093682,3.24887071994902e-08,3.97861906974307e-07,0.0357978029776137,161.938804263452,0.223083529881278,0.307446835568279,0.335497194779976,0.13900042664905,0.0471001896618433,0.223176998296968,0.30403913167123,0.33217425366416,0.140922029024692,0.0543883796204667,256.778632476927,242.712287221171,303,v7.4.6,gap_tied_weak_links_phase3_seed,/Users/asewaket/Documents/LTSpice Superconducting Circuit/matlab_v7_4_6_files/outputs/v7_4_6_as006_gap_weaklink_v800_phase3_seed_303/AS006_v7_4_6_gap_weaklink_scores.csv
AS006,boundary_sns_a3_7_g0_7_p0_05,"SNS-like boundary constriction, alpha=3.7, tau=0.7, p=0.05",boundary_lane,boundary_constriction,conductance,3.7,0,0.7,0.05,0.981045751633987,0.7,0.0631808278867102,7.31491821177183e-07,4.06308775813627e-07,0.144371798885928,181.445005540011,0.223220380568871,0.311753048785979,0.330872148652477,0.142803112787882,0.0468187029316903,0.240610701448784,0.345245511277773,0.363557325561628,0.136048942477174,0.0515214981368283,238.818101400121,226.813550675771,303,v7.4.6,gap_tied_weak_links_phase3_seed,/Users/asewaket/Documents/LTSpice Superconducting Circuit/matlab_v7_4_6_files/outputs/v7_4_6_as006_gap_weaklink_v800_phase3_seed_303/AS006_v7_4_6_gap_weaklink_scores.csv
AS006,contact_relaxed_a3_3_g0_7_p0_3,"contact-relaxed SNS links, alpha=3.3, tau=0.7, p=0.3",contact_relaxation,contact_relaxed,conductance,3.3,1,0.7,0.3,0.909934640522874,0.7,0.300217864923747,2.82372367650774e-07,3.61207798394067e-07,0.0451679076167193,164.596446203031,0.223266594256513,0.309217687973763,0.334741818551509,0.139498216570414,0.0469443301306408,0.218769518686282,0.295991590286547,0.321630869738161,0.14568700358245,0.0528932266250181,261.310982474172,247.793269338585,303,v7.4.6,gap_tied_weak_links_phase3_seed,/Users/asewaket/Documents/LTSpice Superconducting Circuit/matlab_v7_4_6_files/outputs/v7_4_6_as006_gap_weaklink_v800_phase3_seed_303/AS006_v7_4_6_gap_weaklink_scores.csv
AS006,contact_relaxed_a3_3_g0_7_p0_2,"contact-relaxed SNS links, alpha=3.3, tau=0.7, p=0.2",contact_relaxation,contact_relaxed,conductance,3.3,1,0.7,0.2,0.939999999999999,0.7,0.2,2.52369118768691e-07,3.64018326136985e-07,0.0430330147497891,171.915605176524,0.223270484041816,0.309166092631411,0.33416715347261,0.140440646034937,0.046843001456933,0.225581536340371,0.310994881516659,0.336006505472101,0.140456447603924,0.0533308561041163,254.221437219502,240.28734236335,303,v7.4.6,gap_tied_weak_links_phase3_seed,/Users/asewaket/Documents/LTSpice Superconducting Circuit/matlab_v7_4_6_files/outputs/v7_4_6_as006_gap_weaklink_v800_phase3_seed_303/AS006_v7_4_6_gap_weaklink_scores.csv
AS006,contact_relaxed_a3_3_g0_05_p0_05,"contact-relaxed SNS links, alpha=3.3, tau=0.05, p=0.05",contact_relaxation,contact_relaxed,conductance,3.3,1,0.05,0.05,0.9519825708061,0.05,0.0505446623093682,1.64799549679252e-08,4.03632331082247e-07,0.0357978029776137,159.623688480662,0.223379001844763,0.308015302376682,0.336033019274264,0.139011361244184,0.0470577215619423,0.2192634009514,0.294898398182789,0.323021341404876,0.145129508316531,0.0547193737200126,261.805118352499,247.22828105228,303,v7.4.6,gap_tied_weak_links_phase3_seed,/Users/asewaket/Documents/LTSpice Superconducting Circuit/matlab_v7_4_6_files/outputs/v7_4_6_as006_gap_weaklink_v800_phase3_seed_303/AS006_v7_4_6_gap_weaklink_scores.csv
AS006,contact_relaxed_a3_7_g0_4_p0_05,"contact-relaxed SNS links, alpha=3.7, tau=0.4, p=0.05",contact_relaxation,contact_relaxed,conductance,3.7,0,0.4,0.05,0.969673202614379,0.4,0.0505446623093682,1.36746897031496e-07,4.19177286358545e-07,0.0401369306112638,172.549479433944,0.223435721013799,0.3113150612195,0.333270607953076,0.140535365025384,0.0469707736498832,0.23740855902522,0.337273044680764,0.358607058721201,0.135608076838823,0.0526973016347069,242.501241071296,229.956269659065,303,v7.4.6,gap_tied_weak_links_phase3_seed,/Users/asewaket/Documents/LTSpice Superconducting Circuit/matlab_v7_4_6_files/outputs/v7_4_6_as006_gap_weaklink_v800_phase3_seed_303/AS006_v7_4_6_gap_weaklink_scores.csv
AS006,contact_relaxed_a3_3_g0_2_p0_05,"contact-relaxed SNS links, alpha=3.3, tau=0.2, p=0.05",contact_relaxation,contact_relaxed,conductance,3.3,1,0.2,0.05,0.959564270152505,0.2,0.0505446623093682,6.34465219657041e-08,3.88488130124156e-07,0.0357978029776137,165.846203478097,0.223491487302758,0.308625173775178,0.336119568862377,0.138865494420976,0.0470411492032291,0.22967209082445,0.318408782688823,0.345746707513226,0.136969567861883,0.0536829734579285,250.277210217825,236.817214970608,303,v7.4.6,gap_tied_weak_links_phase3_seed,/Users/asewaket/Documents/LTSpice Superconducting Circuit/matlab_v7_4_6_files/outputs/v7_4_6_as006_gap_weaklink_v800_phase3_seed_303/AS006_v7_4_6_gap_weaklink_scores.csv
AS006,contact_relaxed_a3_7_g0_7_p0_1,"contact-relaxed SNS links, alpha=3.7, tau=0.7, p=0.1",contact_relaxation,contact_relaxed,conductance,3.7,0,0.7,0.1,0.969934640522875,0.7,0.100217864923747,2.48305503942299e-07,4.07659884735039e-07,0.0429309787313357,177.203826175824,0.224294912369537,0.313744322826593,0.334366503058931,0.140584574582645,0.0468581404396591,0.23594399391852,0.335420057547674,0.355593777515658,0.136195988633523,0.0517658156006218,244.163551886122,232.047904053956,303,v7.4.6,gap_tied_weak_links_phase3_seed,/Users/asewaket/Documents/LTSpice Superconducting Circuit/matlab_v7_4_6_files/outputs/v7_4_6_as006_gap_weaklink_v800_phase3_seed_303/AS006_v7_4_6_gap_weaklink_scores.csv
AS006,boundary_sns_a3_3_g0_7_p0_05,"SNS-like boundary constriction, alpha=3.3, tau=0.7, p=0.05",boundary_lane,boundary_constriction,conductance,3.3,1,0.7,0.05,0.981045751633987,0.7,0.0631808278867102,6.52411624293163e-07,3.62383502752694e-07,0.128764036844206,181.445005540011,0.224445348091855,0.31301058956994,0.334566269085263,0.141285261310416,0.0471186033521066,0.240014621033149,0.342443680350213,0.363447757748973,0.136049597846113,0.051533851447186,240.305773855993,228.771796000673,303,v7.4.6,gap_tied_weak_links_phase3_seed,/Users/asewaket/Documents/LTSpice Superconducting Circuit/matlab_v7_4_6_files/outputs/v7_4_6_as006_gap_weaklink_v800_phase3_seed_303/AS006_v7_4_6_gap_weaklink_scores.csv
AS006,contact_relaxed_a3_3_g0_4_p0_05,"contact-relaxed SNS links, alpha=3.3, tau=0.4, p=0.05",contact_relaxation,contact_relaxed,conductance,3.3,1,0.4,0.05,0.969673202614379,0.4,0.0505446623093682,1.21963448703766e-07,3.73860822968432e-07,0.0357978029776137,172.549479433944,0.224908014429249,0.312911824462323,0.337807225957039,0.138828811320654,0.0469295881082831,0.236640966740496,0.333862644688219,0.358372123167093,0.135574186189829,0.0527232407345595,244.913664965457,231.947243275728,303,v7.4.6,gap_tied_weak_links_phase3_seed,/Users/asewaket/Documents/LTSpice Superconducting Circuit/matlab_v7_4_6_files/outputs/v7_4_6_as006_gap_weaklink_v800_phase3_seed_303/AS006_v7_4_6_gap_weaklink_scores.csv
AS006,contact_relaxed_a3_7_g0_7_p0_05,"contact-relaxed SNS links, alpha=3.7, tau=0.7, p=0.05",contact_relaxation,contact_relaxed,conductance,3.7,0,0.7,0.05,0.984836601307189,0.7,0.0505446623093682,2.27574797095366e-07,4.01838010922191e-07,0.0401369306112638,181.445005540011,0.225180892746161,0.316205613582784,0.33585121100406,0.140035422849871,0.0469149523285778,0.238816318817337,0.341475168274062,0.36061180228477,0.135715177652637,0.0518917997484786,242.578737458098,230.371721062763,303,v7.4.6,gap_tied_weak_links_phase3_seed,/Users/asewaket/Documents/LTSpice Superconducting Circuit/matlab_v7_4_6_files/outputs/v7_4_6_as006_gap_weaklink_v800_phase3_seed_303/AS006_v7_4_6_gap_weaklink_scores.csv
AS006,contact_relaxed_a3_3_g0_7_p0_1,"contact-relaxed SNS links, alpha=3.3, tau=0.7, p=0.1",contact_relaxation,contact_relaxed,conductance,3.3,1,0.7,0.1,0.969934640522875,0.7,0.100217864923747,2.21461665678266e-07,3.63588545844764e-07,0.0382897918414616,177.203826175824,0.225948562541143,0.315753023212709,0.339101136154745,0.138931140563762,0.0468988755175021,0.235255488579286,0.332300397030811,0.35540567878525,0.136189029022295,0.0517808217135643,246.532248402994,234.248098757673,303,v7.4.6,gap_tied_weak_links_phase3_seed,/Users/asewaket/Documents/LTSpice Superconducting Circuit/matlab_v7_4_6_files/outputs/v7_4_6_as006_gap_weaklink_v800_phase3_seed_303/AS006_v7_4_6_gap_weaklink_scores.csv
AS006,contact_relaxed_a3_3_g0_7_p0_05,"contact-relaxed SNS links, alpha=3.3, tau=0.7, p=0.05",contact_relaxation,contact_relaxed,conductance,3.3,1,0.7,0.05,0.984836601307189,0.7,0.0505446623093682,2.02972116328299e-07,3.58396063795467e-07,0.0357978029776137,181.445005540011,0.226889563827629,0.318376907431417,0.340533094449812,0.138473865038766,0.0470456651210984,0.238198414427988,0.33861016552746,0.36048354392613,0.135702059352798,0.0519081305507544,244.797329484118,232.585264510567,303,v7.4.6,gap_tied_weak_links_phase3_seed,/Users/asewaket/Documents/LTSpice Superconducting Circuit/matlab_v7_4_6_files/outputs/v7_4_6_as006_gap_weaklink_v800_phase3_seed_303/AS006_v7_4_6_gap_weaklink_scores.csv
AS006,crack_tunnel_a3_3_g0_05_p0_3,"tunnel/crack-like links, alpha=3.3, tau=0.05, p=0.3",tear_lane,crack_tunnel,shape,3.3,1,0.05,0.3,0.714793028322442,0.05,0.300217864923747,5.97571886891371e-08,5.12012230500677e-07,0.0775143524934972,88.3382845674383,0.195687979325992,0.232409945024217,0.277875197106157,0.168592744855536,0.0490074256005484,0.235765487696927,0.223012146973708,0.246675637602523,0.250742574306324,0.210704707823607,249.166688338606,310.437282531454,303,v7.4.6,gap_tied_weak_links_phase3_seed,/Users/asewaket/Documents/LTSpice Superconducting Circuit/matlab_v7_4_6_files/outputs/v7_4_6_as006_gap_weaklink_v800_phase3_seed_303/AS006_v7_4_6_gap_weaklink_scores.csv
AS006,crack_tunnel_a3_3_g0_1_p0_3,"tunnel/crack-like links, alpha=3.3, tau=0.1, p=0.3",tear_lane,crack_tunnel,shape,3.3,1,0.1,0.3,0.72980392156863,0.1,0.300217864923747,1.10763759191129e-07,4.74523656870084e-07,0.0775143524934972,95.3172333247041,0.196772807033116,0.235247228531182,0.275082036153849,0.174640781264077,0.0489222667850653,0.211818465995807,0.224721871338674,0.259273889135473,0.203774699014134,0.125922778885618,242.16514121265,276.335994179027,303,v7.4.6,gap_tied_weak_links_phase3_seed,/Users/asewaket/Documents/LTSpice Superconducting Circuit/matlab_v7_4_6_files/outputs/v7_4_6_as006_gap_weaklink_v800_phase3_seed_303/AS006_v7_4_6_gap_weaklink_scores.csv
AS006,combined_a3_3_g0_1_p0_2,"combined weak-link classes, alpha=3.3, tau=0.1, p=0.2",combined,boundary_constriction,shape,3.3,1,0.1,0.2,0.820000000000001,0.1,0.2,1.22704076887702e-07,4.27830336079597e-07,0.110941931720708,121.185971575911,0.197085027635772,0.233442649960889,0.27503042855849,0.178297560237686,0.0478072879435082,0.205902003247189,0.259038033724769,0.299662805185612,0.156221844286724,0.0507847680779481,240.64956033598,231.385731660269,303,v7.4.6,gap_tied_weak_links_phase3_seed,/Users/asewaket/Documents/LTSpice Superconducting Circuit/matlab_v7_4_6_files/outputs/v7_4_6_as006_gap_weaklink_v800_phase3_seed_303/AS006_v7_4_6_gap_weaklink_scores.csv
AS006,anisotropic_gap_control,"anisotropic weak-link transparency",anisotropic,anisotropic,shape,3.7,0,0.01,0.08,0.920627450980392,0.01,0.0801742919389978,1.44365321949375e-08,5.2787657864965e-07,0.126616788282396,125.767213129214,0.197303544555829,0.23537054006264,0.269154650563107,0.186298924706361,0.0472528883481148,0.204279076470149,0.259352084073077,0.291803254832249,0.163545032606727,0.0469563115628251,239.565436001417,233.825429934302,303,v7.4.6,gap_tied_weak_links_phase3_seed,/Users/asewaket/Documents/LTSpice Superconducting Circuit/matlab_v7_4_6_files/outputs/v7_4_6_as006_gap_weaklink_v800_phase3_seed_303/AS006_v7_4_6_gap_weaklink_scores.csv
AS006,crack_tunnel_a3_3_g0_05_p0_2,"tunnel/crack-like links, alpha=3.3, tau=0.05, p=0.2",tear_lane,crack_tunnel,shape,3.3,1,0.05,0.2,0.809586056644881,0.05,0.200435729847495,5.27235699251678e-08,4.61222310142812e-07,0.0852675058553511,110.997125078695,0.197531935037615,0.238707648064026,0.271224855788533,0.182309645594928,0.0464214725004539,0.227693756447247,0.29006461640689,0.320047414399824,0.150198664129632,0.100572860467612,243.887749753474,208.199740328109,303,v7.4.6,gap_tied_weak_links_phase3_seed,/Users/asewaket/Documents/LTSpice Superconducting Circuit/matlab_v7_4_6_files/outputs/v7_4_6_as006_gap_weaklink_v800_phase3_seed_303/AS006_v7_4_6_gap_weaklink_scores.csv
AS006,combined_a3_3_g0_05_p0_2,"combined weak-link classes, alpha=3.3, tau=0.05, p=0.2",combined,boundary_constriction,shape,3.3,1,0.05,0.2,0.810000000000001,0.05,0.2,6.60317627569777e-08,4.60463775431041e-07,0.110941931720708,112.597423975253,0.197544024873441,0.236253206399691,0.278628207408097,0.17199293050461,0.0488763918725811,0.198407025125783,0.240539439970619,0.282619330250316,0.16807474745105,0.0468184234064315,246.128603918388,245.821132597502,303,v7.4.6,gap_tied_weak_links_phase3_seed,/Users/asewaket/Documents/LTSpice Superconducting Circuit/matlab_v7_4_6_files/outputs/v7_4_6_as006_gap_weaklink_v800_phase3_seed_303/AS006_v7_4_6_gap_weaklink_scores.csv
AS006,combined_a3_3_g0_05_p0_1,"combined weak-link classes, alpha=3.3, tau=0.05, p=0.1",combined,boundary_constriction,shape,3.3,1,0.05,0.1,0.904793028322441,0.05,0.100217864923747,5.77458967041366e-08,4.1959627935952e-07,0.112660926266834,136.640639808185,0.198053233008988,0.236069540295761,0.274740650257958,0.181018754171487,0.0471270440833944,0.213362597068257,0.272186066974671,0.309002998425675,0.152683631066951,0.0630171322879955,240.344920311195,222.957136150006,303,v7.4.6,gap_tied_weak_links_phase3_seed,/Users/asewaket/Documents/LTSpice Superconducting Circuit/matlab_v7_4_6_files/outputs/v7_4_6_as006_gap_weaklink_v800_phase3_seed_303/AS006_v7_4_6_gap_weaklink_scores.csv
AS006,combined_a3_3_g0_1_p0_3,"combined weak-link classes, alpha=3.3, tau=0.1, p=0.3",combined,boundary_constriction,shape,3.3,1,0.1,0.3,0.729803921568629,0.1,0.300217864923747,1.2691577558159e-07,4.92863193461537e-07,0.0919693161845909,96.5721534493857,0.19825970156852,0.238608340147368,0.281979936281631,0.170389617326003,0.0462382575448731,0.201912271990838,0.249743596961965,0.292910796250354,0.160672461456605,0.0463832927333489,246.230837409406,239.077537972206,303,v7.4.6,gap_tied_weak_links_phase3_seed,/Users/asewaket/Documents/LTSpice Superconducting Circuit/matlab_v7_4_6_files/outputs/v7_4_6_as006_gap_weaklink_v800_phase3_seed_303/AS006_v7_4_6_gap_weaklink_scores.csv
AS006,combined_a3_7_g0_1_p0_2,"combined weak-link classes, alpha=3.7, tau=0.1, p=0.2",combined,boundary_constriction,shape,3.7,0,0.1,0.2,0.820000000000001,0.1,0.2,1.37577298328636e-07,4.796885586347e-07,0.124389438595945,121.185971575911,0.198599305751177,0.240855527305747,0.277165620938643,0.176370888670594,0.0466375539692685,0.207288018183526,0.265024957740095,0.300371976186593,0.156013626988408,0.0507471411154883,242.295659829331,231.252426567544,303,v7.4.6,gap_tied_weak_links_phase3_seed,/Users/asewaket/Documents/LTSpice Superconducting Circuit/matlab_v7_4_6_files/outputs/v7_4_6_as006_gap_weaklink_v800_phase3_seed_303/AS006_v7_4_6_gap_weaklink_scores.csv
AS006,crack_tunnel_a3_3_g0_1_p0_2,"tunnel/crack-like links, alpha=3.3, tau=0.1, p=0.2",tear_lane,crack_tunnel,shape,3.3,1,0.1,0.2,0.819607843137257,0.1,0.200435729847495,9.93312799470469e-08,4.34471740738007e-07,0.0852675058553511,117.831254942027,0.199065429876539,0.242857351876034,0.274774625976804,0.180079727251833,0.0465145429824604,0.211876272667218,0.275769113372963,0.306755114630412,0.152689796898525,0.0559285532367467,240.142668349743,225.174251210052,303,v7.4.6,gap_tied_weak_links_phase3_seed,/Users/asewaket/Documents/LTSpice Superconducting Circuit/matlab_v7_4_6_files/outputs/v7_4_6_as006_gap_weaklink_v800_phase3_seed_303/AS006_v7_4_6_gap_weaklink_scores.csv
AS006,combined_a3_3_g0_05_p0_3,"combined weak-link classes, alpha=3.3, tau=0.05, p=0.3",combined,boundary_constriction,shape,3.3,1,0.05,0.3,0.714793028322442,0.05,0.300217864923747,7.00335271166024e-08,5.43934710494268e-07,0.0919693161845909,87.5047299431784,0.199108411489775,0.240650085028573,0.286225807048653,0.165067689118396,0.0476621986871641,0.198238648010276,0.226046233923806,0.270019648064372,0.182785552373865,0.0641306815475902,251.19847247958,262.053443847999,303,v7.4.6,gap_tied_weak_links_phase3_seed,/Users/asewaket/Documents/LTSpice Superconducting Circuit/matlab_v7_4_6_files/outputs/v7_4_6_as006_gap_weaklink_v800_phase3_seed_303/AS006_v7_4_6_gap_weaklink_scores.csv
AS006,crack_tunnel_a3_7_g0_05_p0_3,"tunnel/crack-like links, alpha=3.7, tau=0.05, p=0.3",tear_lane,crack_tunnel,shape,3.7,0,0.05,0.3,0.714793028322442,0.05,0.300217864923747,6.70004842878204e-08,5.74074319046213e-07,0.0869100315836181,88.3382845674383,0.199204526500106,0.245405579166514,0.283811021277638,0.16369988233061,0.0493229131848876,0.235989000741475,0.226423325218976,0.247074645350988,0.24986398501201,0.208811067859155,251.283017638469,313.734122313125,303,v7.4.6,gap_tied_weak_links_phase3_seed,/Users/asewaket/Documents/LTSpice Superconducting Circuit/matlab_v7_4_6_files/outputs/v7_4_6_as006_gap_weaklink_v800_phase3_seed_303/AS006_v7_4_6_gap_weaklink_scores.csv
AS006,crack_tunnel_a3_7_g0_1_p0_3,"tunnel/crack-like links, alpha=3.7, tau=0.1, p=0.3",tear_lane,crack_tunnel,shape,3.7,0,0.1,0.3,0.72980392156863,0.1,0.300217864923747,1.24189669396115e-07,5.32041675884639e-07,0.0869100315836181,95.3172333247041,0.199382888439933,0.246705827322064,0.280050034383405,0.169922541060335,0.0477178783812228,0.212836278294578,0.230591009335037,0.259722486676085,0.203343446370001,0.124896722492204,245.37444831855,277.617003603231,303,v7.4.6,gap_tied_weak_links_phase3_seed,/Users/asewaket/Documents/LTSpice Superconducting Circuit/matlab_v7_4_6_files/outputs/v7_4_6_as006_gap_weaklink_v800_phase3_seed_303/AS006_v7_4_6_gap_weaklink_scores.csv
AS006,combined_a3_7_g0_05_p0_1,"combined weak-link classes, alpha=3.7, tau=0.05, p=0.1",combined,boundary_constriction,shape,3.7,0,0.05,0.1,0.904793028322441,0.05,0.100217864923747,6.47453993349411e-08,4.70456434433401e-07,0.126316796117359,136.640639808185,0.199589816219484,0.242975407905044,0.276633699953222,0.179387277586481,0.0466306012911369,0.214653266259489,0.277779777764976,0.309673467121209,0.152513836752457,0.0629156901297816,241.580353730633,222.988904300675,303,v7.4.6,gap_tied_weak_links_phase3_seed,/Users/asewaket/Documents/LTSpice Superconducting Circuit/matlab_v7_4_6_files/outputs/v7_4_6_as006_gap_weaklink_v800_phase3_seed_303/AS006_v7_4_6_gap_weaklink_scores.csv
AS006,combined_a4_1_g0_1_p0_2,"combined weak-link classes, alpha=4.1, tau=0.1, p=0.2",combined,boundary_constriction,shape,4.1,0.999999999999997,0.1,0.2,0.820000000000001,0.1,0.2,1.52450519769569e-07,5.31546781189803e-07,0.137836945471182,121.185971575911,0.19966510279031,0.24552687761067,0.278197078010424,0.17558561554917,0.0464717303861745,0.208303681417236,0.269370452426039,0.30092055756277,0.155849740814664,0.0507248029069654,242.669738074218,231.387456230633,303,v7.4.6,gap_tied_weak_links_phase3_seed,/Users/asewaket/Documents/LTSpice Superconducting Circuit/matlab_v7_4_6_files/outputs/v7_4_6_as006_gap_weaklink_v800_phase3_seed_303/AS006_v7_4_6_gap_weaklink_scores.csv
AS006,combined_a3_7_g0_05_p0_2,"combined weak-link classes, alpha=3.7, tau=0.05, p=0.2",combined,boundary_constriction,shape,3.7,0,0.05,0.2,0.810000000000001,0.05,0.2,7.40356127881265e-08,5.1627756639238e-07,0.124389438595945,112.597423975253,0.199985363930046,0.246358686395456,0.282937218419675,0.1682618672794,0.0481006669210938,0.199903347663645,0.247182447119692,0.283596144587382,0.167583507354507,0.0465616539774838,248.26034576509,247.039816745715,303,v7.4.6,gap_tied_weak_links_phase3_seed,/Users/asewaket/Documents/LTSpice Superconducting Circuit/matlab_v7_4_6_files/outputs/v7_4_6_as006_gap_weaklink_v800_phase3_seed_303/AS006_v7_4_6_gap_weaklink_scores.csv
AS006,combined_a4_1_g0_05_p0_2,"combined weak-link classes, alpha=4.1, tau=0.05, p=0.2",combined,boundary_constriction,shape,4.1,0.999999999999997,0.05,0.2,0.810000000000001,0.05,0.2,8.20394628192753e-08,5.72091357353718e-07,0.137836945471182,112.597423975253,0.200100258811828,0.249051183837803,0.281594719598976,0.169793019649159,0.0464180763616777,0.201004599764294,0.251938529039819,0.2843766659855,0.167186882799817,0.0464417008072524,249.876500463196,243.409405074234,303,v7.4.6,gap_tied_weak_links_phase3_seed,/Users/asewaket/Documents/LTSpice Superconducting Circuit/matlab_v7_4_6_files/outputs/v7_4_6_as006_gap_weaklink_v800_phase3_seed_303/AS006_v7_4_6_gap_weaklink_scores.csv
AS006,crack_tunnel_a3_7_g0_05_p0_2,"tunnel/crack-like links, alpha=3.7, tau=0.05, p=0.2",tear_lane,crack_tunnel,shape,3.7,0,0.05,0.2,0.809586056644881,0.05,0.200435729847495,5.9114305673673e-08,5.17128044705577e-07,0.0956029611105452,110.997125078695,0.200109823899014,0.246845324156705,0.27438344370546,0.179301471512651,0.0494059294629976,0.228655946771146,0.295477604948082,0.32034176203812,0.150020912907944,0.0996779042060077,247.201575723355,207.89849021425,303,v7.4.6,gap_tied_weak_links_phase3_seed,/Users/asewaket/Documents/LTSpice Superconducting Circuit/matlab_v7_4_6_files/outputs/v7_4_6_as006_gap_weaklink_v800_phase3_seed_303/AS006_v7_4_6_gap_weaklink_scores.csv
AS006,combined_a4_1_g0_1_p0_3,"combined weak-link classes, alpha=4.1, tau=0.1, p=0.3",combined,boundary_constriction,shape,4.1,0.999999999999997,0.1,0.3,0.729803921568629,0.1,0.300217864923747,1.57683236328642e-07,6.12345179755243e-07,0.114264907986916,96.5721534493857,0.20021930720963,0.247492897373466,0.279957619755565,0.173053090301886,0.0473614412250884,0.204771339733963,0.262378928149039,0.294265957120089,0.160153761724924,0.0463201434044647,243.158076278535,238.785952362843,303,v7.4.6,gap_tied_weak_links_phase3_seed,/Users/asewaket/Documents/LTSpice Superconducting Circuit/matlab_v7_4_6_files/outputs/v7_4_6_as006_gap_weaklink_v800_phase3_seed_303/AS006_v7_4_6_gap_weaklink_scores.csv
AS006,combined_a3_7_g0_1_p0_3,"combined weak-link classes, alpha=3.7, tau=0.1, p=0.3",combined,boundary_constriction,shape,3.7,0,0.1,0.3,0.729803921568629,0.1,0.300217864923747,1.42299505955116e-07,5.5260418660839e-07,0.103117112085753,96.5721534493857,0.200453954505031,0.24763133314594,0.284531974982733,0.168384695360281,0.0462266139590843,0.203566456707102,0.257018063801174,0.293719216596797,0.16037694423758,0.0463344103929688,247.96718465049,239.119085278416,303,v7.4.6,gap_tied_weak_links_phase3_seed,/Users/asewaket/Documents/LTSpice Superconducting Circuit/matlab_v7_4_6_files/outputs/v7_4_6_as006_gap_weaklink_v800_phase3_seed_303/AS006_v7_4_6_gap_weaklink_scores.csv
AS006,crack_tunnel_a3_7_g0_1_p0_2,"tunnel/crack-like links, alpha=3.7, tau=0.1, p=0.2",tear_lane,crack_tunnel,shape,3.7,0,0.1,0.2,0.819607843137257,0.1,0.200435729847495,1.11371435092144e-07,4.87134982039584e-07,0.0956029611105452,117.831254942027,0.20068183205167,0.249773595574744,0.277125130157482,0.177760254721693,0.0464662685058936,0.21300081473952,0.280948166457694,0.307154506023865,0.152575811153564,0.0558157577561852,242.107544818873,225.238177205689,303,v7.4.6,gap_tied_weak_links_phase3_seed,/Users/asewaket/Documents/LTSpice Superconducting Circuit/matlab_v7_4_6_files/outputs/v7_4_6_as006_gap_weaklink_v800_phase3_seed_303/AS006_v7_4_6_gap_weaklink_scores.csv
AS006,combined_a3_3_g0_1_p0_1,"combined weak-link classes, alpha=3.3, tau=0.1, p=0.1",combined,boundary_constriction,shape,3.3,1,0.1,0.1,0.909803921568628,0.1,0.100217864923747,1.10295068990401e-07,4.00715922874902e-07,0.112660926266834,143.078676937721,0.200683225106334,0.243595682990511,0.280923740827268,0.177040063327941,0.0469038169335133,0.213296775316986,0.276073776388045,0.311598904960295,0.151942122875488,0.055184362922007,240.18518085556,226.221798024611,303,v7.4.6,gap_tied_weak_links_phase3_seed,/Users/asewaket/Documents/LTSpice Superconducting Circuit/matlab_v7_4_6_files/outputs/v7_4_6_as006_gap_weaklink_v800_phase3_seed_303/AS006_v7_4_6_gap_weaklink_scores.csv
AS006,combined_a3_3_g0_2_p0_3,"combined weak-link classes, alpha=3.3, tau=0.2, p=0.3",combined,boundary_constriction,shape,3.3,1,0.2,0.3,0.759825708061,0.2,0.300217864923747,2.19590401122352e-07,4.31904653550055e-07,0.0919693161845909,111.630833515204,0.201033499488386,0.246605010713517,0.285661945486781,0.169037993731961,0.0473565899615953,0.210302802253441,0.271682864998377,0.309919600825614,0.150284923754628,0.0496156901307176,240.798482421186,231.975184515182,303,v7.4.6,gap_tied_weak_links_phase3_seed,/Users/asewaket/Documents/LTSpice Superconducting Circuit/matlab_v7_4_6_files/outputs/v7_4_6_as006_gap_weaklink_v800_phase3_seed_303/AS006_v7_4_6_gap_weaklink_scores.csv
AS006,combined_a4_1_g0_05_p0_1,"combined weak-link classes, alpha=4.1, tau=0.05, p=0.1",combined,boundary_constriction,shape,4.1,0.999999999999997,0.05,0.1,0.904793028322441,0.05,0.100217864923747,7.17449019657455e-08,5.21316589507282e-07,0.139972665967885,136.640639808185,0.201059245942064,0.248943669583216,0.279125695154146,0.177097940632676,0.0465101678165031,0.21559050642192,0.281806402218583,0.310199354226856,0.152385414640635,0.0628154916932272,243.578754029806,223.006296278258,303,v7.4.6,gap_tied_weak_links_phase3_seed,/Users/asewaket/Documents/LTSpice Superconducting Circuit/matlab_v7_4_6_files/outputs/v7_4_6_as006_gap_weaklink_v800_phase3_seed_303/AS006_v7_4_6_gap_weaklink_scores.csv
AS006,combined_a3_7_g0_05_p0_3,"combined weak-link classes, alpha=3.7, tau=0.05, p=0.3",combined,boundary_constriction,shape,3.7,0,0.05,0.3,0.714793028322442,0.05,0.300217864923747,7.85224394943724e-08,6.09866190554179e-07,0.103117112085753,87.5047299431784,0.201345203414172,0.25069949568129,0.288817055200552,0.163210747439554,0.0465832404891612,0.199857987001344,0.234045759211602,0.271069942050483,0.182075395472167,0.0632775328665672,253.25574619504,261.462669526092,303,v7.4.6,gap_tied_weak_links_phase3_seed,/Users/asewaket/Documents/LTSpice Superconducting Circuit/matlab_v7_4_6_files/outputs/v7_4_6_as006_gap_weaklink_v800_phase3_seed_303/AS006_v7_4_6_gap_weaklink_scores.csv
AS006,combined_a3_3_g0_2_p0_2,"combined weak-link classes, alpha=3.3, tau=0.2, p=0.2",combined,boundary_constriction,shape,3.3,1,0.2,0.2,0.839999999999999,0.2,0.2,2.22665542636988e-07,3.89912270468303e-07,0.110941931720708,133.563663222056,0.201456725796279,0.247361638773182,0.284869087969496,0.171296903807241,0.0472799565025465,0.213132265937166,0.277158374236643,0.313282482319163,0.14948562773114,0.0534015767267303,240.382279774593,228.453087613363,303,v7.4.6,gap_tied_weak_links_phase3_seed,/Users/asewaket/Documents/LTSpice Superconducting Circuit/matlab_v7_4_6_files/outputs/v7_4_6_as006_gap_weaklink_v800_phase3_seed_303/AS006_v7_4_6_gap_weaklink_scores.csv
AS006,crack_tunnel_a4_1_g0_1_p0_3,"tunnel/crack-like links, alpha=4.1, tau=0.1, p=0.3",tear_lane,crack_tunnel,shape,4.1,0.999999999999997,0.1,0.3,0.72980392156863,0.1,0.300217864923747,1.376155796011e-07,5.89559694899195e-07,0.0963057106737389,95.3172333247041,0.201520848300205,0.254912079181818,0.28395639705215,0.166486364235145,0.047660512184014,0.213467300651955,0.234509589385735,0.260046737088575,0.203019040392603,0.123971323478278,246.962219989343,279.649766853052,303,v7.4.6,gap_tied_weak_links_phase3_seed,/Users/asewaket/Documents/LTSpice Superconducting Circuit/matlab_v7_4_6_files/outputs/v7_4_6_as006_gap_weaklink_v800_phase3_seed_303/AS006_v7_4_6_gap_weaklink_scores.csv
AS006,combined_a3_7_g0_1_p0_1,"combined weak-link classes, alpha=3.7, tau=0.1, p=0.1",combined,boundary_constriction,shape,3.7,0,0.1,0.1,0.909803921568628,0.1,0.100217864923747,1.23664168261965e-07,4.49287549890042e-07,0.126316796117359,143.078676937721,0.201792531361696,0.248637742196485,0.281103731464342,0.177163938910377,0.0469384609114268,0.214487086007849,0.281359339204387,0.312055601153564,0.151877405706091,0.0551320316835062,239.91686731612,226.232372858022,303,v7.4.6,gap_tied_weak_links_phase3_seed,/Users/asewaket/Documents/LTSpice Superconducting Circuit/matlab_v7_4_6_files/outputs/v7_4_6_as006_gap_weaklink_v800_phase3_seed_303/AS006_v7_4_6_gap_weaklink_scores.csv
AS006,combined_a4_1_g0_05_p0_3,"combined weak-link classes, alpha=4.1, tau=0.05, p=0.3",combined,boundary_constriction,shape,4.1,0.999999999999997,0.05,0.3,0.714793028322442,0.05,0.300217864923747,8.70113518721424e-08,6.7579767061409e-07,0.114264907986916,87.5047299431784,0.201820372793984,0.252906046418722,0.285818198423202,0.166205534949414,0.0482570516238261,0.201005583675921,0.23976779452813,0.271820061900517,0.181504449745933,0.0626944533431538,249.763699639111,261.093041098251,303,v7.4.6,gap_tied_weak_links_phase3_seed,/Users/asewaket/Documents/LTSpice Superconducting Circuit/matlab_v7_4_6_files/outputs/v7_4_6_as006_gap_weaklink_v800_phase3_seed_303/AS006_v7_4_6_gap_weaklink_scores.csv
AS006,crack_tunnel_a4_1_g0_05_p0_3,"tunnel/crack-like links, alpha=4.1, tau=0.05, p=0.3",tear_lane,crack_tunnel,shape,4.1,0.999999999999997,0.05,0.3,0.714793028322442,0.05,0.300217864923747,7.42437798865037e-08,6.3613640759175e-07,0.0963057106737389,88.3382845674383,0.201956053627162,0.255776904821096,0.289330782025755,0.159350730680389,0.0484860814191543,0.236065864145694,0.228882047115391,0.247352313869142,0.249170090898249,0.207118110719269,254.225917721869,315.78882343316,303,v7.4.6,gap_tied_weak_links_phase3_seed,/Users/asewaket/Documents/LTSpice Superconducting Circuit/matlab_v7_4_6_files/outputs/v7_4_6_as006_gap_weaklink_v800_phase3_seed_303/AS006_v7_4_6_gap_weaklink_scores.csv
AS006,combined_a3_7_g0_2_p0_3,"combined weak-link classes, alpha=3.7, tau=0.2, p=0.3",combined,boundary_constriction,shape,3.7,0,0.2,0.3,0.759825708061,0.2,0.300217864923747,2.46207419440213e-07,4.84256732768243e-07,0.103117112085753,111.630833515204,0.202034718841445,0.251693880380862,0.285348467102497,0.169584369732942,0.0471394342308154,0.211673112745332,0.277749247234836,0.310478415195474,0.150169250253179,0.0495675270832688,240.511991575448,231.471259412502,303,v7.4.6,gap_tied_weak_links_phase3_seed,/Users/asewaket/Documents/LTSpice Superconducting Circuit/matlab_v7_4_6_files/outputs/v7_4_6_as006_gap_weaklink_v800_phase3_seed_303/AS006_v7_4_6_gap_weaklink_scores.csv
AS006,crack_tunnel_a4_1_g0_05_p0_2,"tunnel/crack-like links, alpha=4.1, tau=0.05, p=0.2",tear_lane,crack_tunnel,shape,4.1,0.999999999999997,0.05,0.2,0.809586056644881,0.05,0.200435729847495,6.55050414221782e-08,5.73033779268342e-07,0.105938416365739,110.997125078695,0.20209019483512,0.252348874615918,0.276679466916821,0.177250286088509,0.0523501748446093,0.229264086989986,0.29901375970459,0.320564137362285,0.149866745845774,0.0989860025541258,249.327523060384,207.899758725196,303,v7.4.6,gap_tied_weak_links_phase3_seed,/Users/asewaket/Documents/LTSpice Superconducting Circuit/matlab_v7_4_6_files/outputs/v7_4_6_as006_gap_weaklink_v800_phase3_seed_303/AS006_v7_4_6_gap_weaklink_scores.csv
AS006,crack_tunnel_a4_1_g0_1_p0_2,"tunnel/crack-like links, alpha=4.1, tau=0.1, p=0.2",tear_lane,crack_tunnel,shape,4.1,0.999999999999997,0.1,0.2,0.819607843137257,0.1,0.200435729847495,1.2341159023724e-07,5.3979822334116e-07,0.105938416365739,117.831254942027,0.202167257398364,0.255221895756733,0.279470429840174,0.175512852194722,0.0471500737713789,0.213769499454463,0.284492596417464,0.307453438421855,0.152484140254837,0.0557062082980568,244.140124857152,225.302672408142,303,v7.4.6,gap_tied_weak_links_phase3_seed,/Users/asewaket/Documents/LTSpice Superconducting Circuit/matlab_v7_4_6_files/outputs/v7_4_6_as006_gap_weaklink_v800_phase3_seed_303/AS006_v7_4_6_gap_weaklink_scores.csv
AS006,combined_a3_7_g0_2_p0_2,"combined weak-link classes, alpha=3.7, tau=0.2, p=0.2",combined,boundary_constriction,shape,3.7,0,0.2,0.2,0.839999999999999,0.2,0.2,2.49655305380865e-07,4.371743638584e-07,0.124389438595945,133.563663222056,0.202372227548767,0.252014065166943,0.284731323319538,0.171598382203989,0.0470692790127155,0.214297302403198,0.282425993783698,0.313708264319147,0.14939144135595,0.0533317539788499,240.173219053951,228.165435354325,303,v7.4.6,gap_tied_weak_links_phase3_seed,/Users/asewaket/Documents/LTSpice Superconducting Circuit/matlab_v7_4_6_files/outputs/v7_4_6_as006_gap_weaklink_v800_phase3_seed_303/AS006_v7_4_6_gap_weaklink_scores.csv
AS006,combined_a4_1_g0_1_p0_1,"combined weak-link classes, alpha=4.1, tau=0.1, p=0.1",combined,boundary_constriction,shape,4.1,0.999999999999997,0.1,0.1,0.909803921568628,0.1,0.100217864923747,1.37033267533528e-07,4.97859176905181e-07,0.139972665967885,143.078676937721,0.202608764089846,0.252419360466491,0.28148398323636,0.176975125695164,0.0468085822001517,0.215338904050307,0.285167961976867,0.312387048434664,0.151828481764414,0.0550636213084907,239.98045422656,226.23923665385,303,v7.4.6,gap_tied_weak_links_phase3_seed,/Users/asewaket/Documents/LTSpice Superconducting Circuit/matlab_v7_4_6_files/outputs/v7_4_6_as006_gap_weaklink_v800_phase3_seed_303/AS006_v7_4_6_gap_weaklink_scores.csv
AS006,crack_tunnel_a3_3_g0_2_p0_3,"tunnel/crack-like links, alpha=3.3, tau=0.2, p=0.3",tear_lane,crack_tunnel,shape,3.3,1,0.2,0.3,0.759825708061,0.2,0.300217864923747,1.96754386977147e-07,4.28393633904219e-07,0.0775143524934972,107.318522762783,0.202639516682065,0.254334114774747,0.287304382282852,0.165361651867802,0.0493787348058344,0.206751729852038,0.253705139244074,0.285955006580418,0.168336886903053,0.0692111398715702,241.404835401092,256.467179113653,303,v7.4.6,gap_tied_weak_links_phase3_seed,/Users/asewaket/Documents/LTSpice Superconducting Circuit/matlab_v7_4_6_files/outputs/v7_4_6_as006_gap_weaklink_v800_phase3_seed_303/AS006_v7_4_6_gap_weaklink_scores.csv
AS006,combined_a4_1_g0_2_p0_3,"combined weak-link classes, alpha=4.1, tau=0.2, p=0.3",combined,boundary_constriction,shape,4.1,0.999999999999997,0.2,0.3,0.759825708061,0.2,0.300217864923747,2.72824437758074e-07,5.36608811986432e-07,0.114264907986916,111.630833515204,0.202657961173402,0.255080411105336,0.284777884729273,0.170277342426786,0.0470014184519625,0.212694648705712,0.282344058540651,0.310852256031189,0.15008338959972,0.0495334999336754,240.145930110728,230.964854324609,303,v7.4.6,gap_tied_weak_links_phase3_seed,/Users/asewaket/Documents/LTSpice Superconducting Circuit/matlab_v7_4_6_files/outputs/v7_4_6_as006_gap_weaklink_v800_phase3_seed_303/AS006_v7_4_6_gap_weaklink_scores.csv
AS006,boundary_sns_a3_3_g0_1_p0_3,"SNS-like boundary constriction, alpha=3.3, tau=0.1, p=0.3",boundary_lane,boundary_constriction,shape,3.3,1,0.1,0.3,0.715686274509806,0.1,0.315904139433551,9.53508684439486e-08,3.27830641913986e-07,0.096109356961302,137.546479354842,0.202967983531383,0.253704315720611,0.283529323644463,0.174239545134421,0.047159854140468,0.213427668817882,0.279377776964967,0.308246962077663,0.154241075015831,0.0555270397187417,243.134074009584,229.059252210466,303,v7.4.6,gap_tied_weak_links_phase3_seed,/Users/asewaket/Documents/LTSpice Superconducting Circuit/matlab_v7_4_6_files/outputs/v7_4_6_as006_gap_weaklink_v800_phase3_seed_303/AS006_v7_4_6_gap_weaklink_scores.csv
AS006,combined_a4_1_g0_2_p0_2,"combined weak-link classes, alpha=4.1, tau=0.2, p=0.2",combined,boundary_constriction,shape,4.1,0.999999999999997,0.2,0.2,0.839999999999999,0.2,0.2,2.76645068124743e-07,4.84436457248497e-07,0.137836945471182,133.563663222056,0.20298854457885,0.255180582320689,0.284476083669085,0.171979412405469,0.0469547286458239,0.215171281218575,0.286370607686483,0.314039818635979,0.149316696044435,0.053270245737884,239.911459369629,227.896888655654,303,v7.4.6,gap_tied_weak_links_phase3_seed,/Users/asewaket/Documents/LTSpice Superconducting Circuit/matlab_v7_4_6_files/outputs/v7_4_6_as006_gap_weaklink_v800_phase3_seed_303/AS006_v7_4_6_gap_weaklink_scores.csv
AS006,crack_tunnel_a3_3_g0_2_p0_2,"tunnel/crack-like links, alpha=3.3, tau=0.2, p=0.2",tear_lane,crack_tunnel,shape,3.3,1,0.2,0.2,0.839651416122003,0.2,0.200435729847495,1.83315542360369e-07,4.01713099987638e-07,0.0852675058553511,127.695984971635,0.203395108657918,0.256500185994652,0.286588159559059,0.169549499253773,0.0470092039993656,0.211072096298577,0.278832428140535,0.308321920801074,0.151951972218381,0.0470247266774942,240.614557722904,234.278712395737,303,v7.4.6,gap_tied_weak_links_phase3_seed,/Users/asewaket/Documents/LTSpice Superconducting Circuit/matlab_v7_4_6_files/outputs/v7_4_6_as006_gap_weaklink_v800_phase3_seed_303/AS006_v7_4_6_gap_weaklink_scores.csv
AS006,crack_tunnel_a3_7_g0_2_p0_3,"tunnel/crack-like links, alpha=3.7, tau=0.2, p=0.3",tear_lane,crack_tunnel,shape,3.7,0,0.2,0.3,0.759825708061,0.2,0.300217864923747,2.20603403580437e-07,4.80320134983518e-07,0.0869100315836181,107.318522762783,0.203647475305663,0.259297333748859,0.287338944367848,0.165475693780739,0.0492522729097968,0.207777400926541,0.258846357219212,0.286308050104387,0.168132812223055,0.0688355444520002,241.3233657476,256.202838062988,303,v7.4.6,gap_tied_weak_links_phase3_seed,/Users/asewaket/Documents/LTSpice Superconducting Circuit/matlab_v7_4_6_files/outputs/v7_4_6_as006_gap_weaklink_v800_phase3_seed_303/AS006_v7_4_6_gap_weaklink_scores.csv
AS006,crack_tunnel_a4_1_g0_2_p0_3,"tunnel/crack-like links, alpha=4.1, tau=0.2, p=0.3",tear_lane,crack_tunnel,shape,4.1,0.999999999999997,0.2,0.3,0.759825708061,0.2,0.300217864923747,2.44452420183727e-07,5.32246636062817e-07,0.0963057106737389,107.318522762783,0.204142949692948,0.262325679444894,0.287175242888228,0.165721806073229,0.0486801363739102,0.208432755375094,0.26222756527469,0.286586039879459,0.167984226730057,0.0684303583991534,241.393055624285,255.66388120611,303,v7.4.6,gap_tied_weak_links_phase3_seed,/Users/asewaket/Documents/LTSpice Superconducting Circuit/matlab_v7_4_6_files/outputs/v7_4_6_as006_gap_weaklink_v800_phase3_seed_303/AS006_v7_4_6_gap_weaklink_scores.csv
AS006,crack_tunnel_a3_3_g0_05_p0_1,"tunnel/crack-like links, alpha=3.3, tau=0.05, p=0.1",tear_lane,crack_tunnel,shape,3.3,1,0.05,0.1,0.904793028322441,0.05,0.100217864923747,4.76392645427215e-08,3.89140864917991e-07,0.106544780790964,146.695807560878,0.204146111695149,0.253996277333199,0.285691116010304,0.175206082644347,0.0477672248190801,0.20950107967198,0.263691335322166,0.29494559262613,0.167335114647612,0.0584903826324898,239.507771684222,247.269937509376,303,v7.4.6,gap_tied_weak_links_phase3_seed,/Users/asewaket/Documents/LTSpice Superconducting Circuit/matlab_v7_4_6_files/outputs/v7_4_6_as006_gap_weaklink_v800_phase3_seed_303/AS006_v7_4_6_gap_weaklink_scores.csv
AS006,combined_a3_3_g0_2_p0_1,"combined weak-link classes, alpha=3.3, tau=0.2, p=0.1",combined,boundary_constriction,shape,3.3,1,0.2,0.1,0.919825708061002,0.2,0.100217864923747,2.08522244502596e-07,3.79387103644561e-07,0.112660926266834,151.359127958214,0.204324355745655,0.255662984265544,0.288908465631251,0.17097441352598,0.0466509627005676,0.215166112423133,0.284667748696098,0.316414497254176,0.149876546096893,0.0500917606036415,240.596516388835,228.832219609445,303,v7.4.6,gap_tied_weak_links_phase3_seed,/Users/asewaket/Documents/LTSpice Superconducting Circuit/matlab_v7_4_6_files/outputs/v7_4_6_as006_gap_weaklink_v800_phase3_seed_303/AS006_v7_4_6_gap_weaklink_scores.csv
AS006,crack_tunnel_a3_7_g0_2_p0_2,"tunnel/crack-like links, alpha=3.7, tau=0.2, p=0.2",tear_lane,crack_tunnel,shape,3.7,0,0.2,0.2,0.839651416122003,0.2,0.200435729847495,2.05535608101019e-07,4.50405596955836e-07,0.0956029611105452,127.695984971635,0.204338139549665,0.260693798758505,0.286733083969068,0.169501163770896,0.0473375473303286,0.212045072579249,0.283331135017762,0.308633852643555,0.151832062806872,0.0469949072436753,240.196047101203,234.560484390465,303,v7.4.6,gap_tied_weak_links_phase3_seed,/Users/asewaket/Documents/LTSpice Superconducting Circuit/matlab_v7_4_6_files/outputs/v7_4_6_as006_gap_weaklink_v800_phase3_seed_303/AS006_v7_4_6_gap_weaklink_scores.csv
AS006,boundary_sns_a3_3_g0_2_p0_3,"SNS-like boundary constriction, alpha=3.3, tau=0.2, p=0.3",boundary_lane,boundary_constriction,shape,3.3,1,0.2,0.3,0.747276688453157,0.2,0.315904139433551,1.84355886113082e-07,3.24318436265572e-07,0.096109356961302,142.281068800234,0.20439290246515,0.258215703433738,0.287197732274467,0.170965914062136,0.0474453848340264,0.221151019806108,0.294328053650777,0.321997720444479,0.147202451234119,0.0639279705592746,240.41322571824,222.876265576738,303,v7.4.6,gap_tied_weak_links_phase3_seed,/Users/asewaket/Documents/LTSpice Superconducting Circuit/matlab_v7_4_6_files/outputs/v7_4_6_as006_gap_weaklink_v800_phase3_seed_303/AS006_v7_4_6_gap_weaklink_scores.csv
AS006,boundary_sns_a3_7_g0_1_p0_3,"SNS-like boundary constriction, alpha=3.7, tau=0.1, p=0.3",boundary_lane,boundary_constriction,shape,3.7,0,0.1,0.3,0.715686274509806,0.1,0.315904139433551,1.06908549467458e-07,3.67567689418711e-07,0.107758975986914,137.546479354842,0.204453887839515,0.260036925718823,0.286049588235594,0.17188530956048,0.0467890971158635,0.214395550994118,0.283550056301875,0.308565344724162,0.154174541194541,0.0557201689082575,245.60015172669,228.887503352243,303,v7.4.6,gap_tied_weak_links_phase3_seed,/Users/asewaket/Documents/LTSpice Superconducting Circuit/matlab_v7_4_6_files/outputs/v7_4_6_as006_gap_weaklink_v800_phase3_seed_303/AS006_v7_4_6_gap_weaklink_scores.csv
AS006,crack_tunnel_a4_1_g0_2_p0_2,"tunnel/crack-like links, alpha=4.1, tau=0.2, p=0.2",tear_lane,crack_tunnel,shape,4.1,0.999999999999997,0.2,0.2,0.839651416122003,0.2,0.200435729847495,2.2775567384167e-07,4.99098093924034e-07,0.105938416365739,127.695984971635,0.204792448901628,0.263008123394386,0.286334678395838,0.16994092993784,0.0474422714987376,0.21271135931061,0.286451851893434,0.308866514723045,0.151743971863001,0.0469085790655341,239.74826144008,234.418593456939,303,v7.4.6,gap_tied_weak_links_phase3_seed,/Users/asewaket/Documents/LTSpice Superconducting Circuit/matlab_v7_4_6_files/outputs/v7_4_6_as006_gap_weaklink_v800_phase3_seed_303/AS006_v7_4_6_gap_weaklink_scores.csv
AS006,boundary_sns_a3_7_g0_2_p0_3,"SNS-like boundary constriction, alpha=3.7, tau=0.2, p=0.3",boundary_lane,boundary_constriction,shape,3.7,0,0.2,0.3,0.747276688453157,0.2,0.315904139433551,2.06702054126789e-07,3.63629761873521e-07,0.107758975986914,142.281068800234,0.204939459342295,0.26128481164617,0.286757629090959,0.171393840558758,0.0473443334576774,0.221987603291053,0.29817527137599,0.322210012792998,0.147127716904539,0.0639855765608542,240.177292600828,222.53907299649,303,v7.4.6,gap_tied_weak_links_phase3_seed,/Users/asewaket/Documents/LTSpice Superconducting Circuit/matlab_v7_4_6_files/outputs/v7_4_6_as006_gap_weaklink_v800_phase3_seed_303/AS006_v7_4_6_gap_weaklink_scores.csv
AS006,crack_tunnel_a3_7_g0_05_p0_1,"tunnel/crack-like links, alpha=3.7, tau=0.05, p=0.1",tear_lane,crack_tunnel,shape,3.7,0,0.05,0.1,0.904793028322441,0.05,0.100217864923747,5.34137208509302e-08,4.36309454605021e-07,0.119459299674718,146.695807560878,0.20500329196678,0.258146417775388,0.285665093404907,0.175478988167646,0.0476073933903681,0.210468272479457,0.268258282916625,0.295308653149323,0.16723425507016,0.0582501176316426,239.373905670325,247.007207193293,303,v7.4.6,gap_tied_weak_links_phase3_seed,/Users/asewaket/Documents/LTSpice Superconducting Circuit/matlab_v7_4_6_files/outputs/v7_4_6_as006_gap_weaklink_v800_phase3_seed_303/AS006_v7_4_6_gap_weaklink_scores.csv
AS006,contact_relaxed_a3_3_g0_05_p0_3,"contact-relaxed SNS links, alpha=3.3, tau=0.05, p=0.3",contact_relaxation,contact_relaxed,shape,3.3,1,0.05,0.3,0.714793028322441,0.05,0.300217864923747,1.75089688249075e-07,2.60725048574425e-06,0.0451679076167193,18.9606859229181,0.205112426346662,0.248020555380993,0.312708175002272,0.146553746219706,0.047110087323708,0.219581053603246,0.275953407891092,0.340136996547354,0.136323369413815,0.0563079043999994,242.39407770124,228.123394744628,303,v7.4.6,gap_tied_weak_links_phase3_seed,/Users/asewaket/Documents/LTSpice Superconducting Circuit/matlab_v7_4_6_files/outputs/v7_4_6_as006_gap_weaklink_v800_phase3_seed_303/AS006_v7_4_6_gap_weaklink_scores.csv
AS006,boundary_sns_a4_1_g0_2_p0_3,"SNS-like boundary constriction, alpha=4.1, tau=0.2, p=0.3",boundary_lane,boundary_constriction,shape,4.1,0.999999999999997,0.2,0.3,0.747276688453157,0.2,0.315904139433551,2.29048222140496e-07,4.02941087481469e-07,0.119408595012527,142.281068800234,0.205195470113494,0.263037332405211,0.286145027806558,0.171982751097567,0.0472077806288239,0.222583394690259,0.300918111861552,0.322366972856021,0.147070392102411,0.0640186689636946,239.867446874698,222.153174184141,303,v7.4.6,gap_tied_weak_links_phase3_seed,/Users/asewaket/Documents/LTSpice Superconducting Circuit/matlab_v7_4_6_files/outputs/v7_4_6_as006_gap_weaklink_v800_phase3_seed_303/AS006_v7_4_6_gap_weaklink_scores.csv
AS006,combined_a3_7_g0_2_p0_1,"combined weak-link classes, alpha=3.7, tau=0.2, p=0.1",combined,boundary_constriction,shape,3.7,0,0.2,0.1,0.919825708061002,0.2,0.100217864923747,2.33797668078669e-07,4.25373419237841e-07,0.126316796117359,151.359127958214,0.205244887313704,0.260207179997597,0.288877271434744,0.171081629060518,0.0466299952344751,0.216201958747536,0.289505010801432,0.316685462160637,0.149797872468756,0.0500578835691902,240.221149070121,228.938680847067,303,v7.4.6,gap_tied_weak_links_phase3_seed,/Users/asewaket/Documents/LTSpice Superconducting Circuit/matlab_v7_4_6_files/outputs/v7_4_6_as006_gap_weaklink_v800_phase3_seed_303/AS006_v7_4_6_gap_weaklink_scores.csv
AS006,boundary_sns_a3_3_g0_05_p0_3,"SNS-like boundary constriction, alpha=3.3, tau=0.05, p=0.3",boundary_lane,boundary_constriction,shape,3.3,1,0.05,0.3,0.699891067538129,0.05,0.315904139433551,4.74238398264145e-08,3.26100603089079e-07,0.096109356961302,138.276195115129,0.205317954450042,0.260284401133423,0.290079842228419,0.168070454430336,0.0485775791791371,0.205346151183656,0.251100927356257,0.281169494666572,0.177732959177036,0.0614170139242285,251.513368801558,253.974330437872,303,v7.4.6,gap_tied_weak_links_phase3_seed,/Users/asewaket/Documents/LTSpice Superconducting Circuit/matlab_v7_4_6_files/outputs/v7_4_6_as006_gap_weaklink_v800_phase3_seed_303/AS006_v7_4_6_gap_weaklink_scores.csv
AS006,crack_tunnel_a3_3_g0_1_p0_1,"tunnel/crack-like links, alpha=3.3, tau=0.1, p=0.1",tear_lane,crack_tunnel,shape,3.3,1,0.1,0.1,0.909803921568628,0.1,0.100217864923747,9.34526692744497e-08,3.81683605943813e-07,0.106544780790964,149.561921301086,0.205432117174581,0.258490127419619,0.289055228185182,0.172519531182626,0.0471743951509333,0.211131638521235,0.269712058254836,0.299770700388338,0.163616388861047,0.0568269225954377,239.782320453091,245.515206358857,303,v7.4.6,gap_tied_weak_links_phase3_seed,/Users/asewaket/Documents/LTSpice Superconducting Circuit/matlab_v7_4_6_files/outputs/v7_4_6_as006_gap_weaklink_v800_phase3_seed_303/AS006_v7_4_6_gap_weaklink_scores.csv
AS006,contact_relaxed_a3_3_g0_05_p0_2,"contact-relaxed SNS links, alpha=3.3, tau=0.05, p=0.2",contact_relaxation,contact_relaxed,shape,3.3,1,0.05,0.2,0.810000000000002,0.05,0.2,4.31794105717385e-08,7.81596893290755e-07,0.0430330147497891,71.7706312974319,0.20559825918136,0.254049359707715,0.296786460057676,0.165961290244951,0.0471140182919652,0.229329236000022,0.30208405111095,0.343336883461259,0.14268358040714,0.0653681073230313,235.747129723232,217.381262528939,303,v7.4.6,gap_tied_weak_links_phase3_seed,/Users/asewaket/Documents/LTSpice Superconducting Circuit/matlab_v7_4_6_files/outputs/v7_4_6_as006_gap_weaklink_v800_phase3_seed_303/AS006_v7_4_6_gap_weaklink_scores.csv
AS006,crack_tunnel_a4_1_g0_05_p0_1,"tunnel/crack-like links, alpha=4.1, tau=0.05, p=0.1",tear_lane,crack_tunnel,shape,4.1,0.999999999999997,0.05,0.1,0.904793028322441,0.05,0.100217864923747,5.91881771591388e-08,4.8347804429205e-07,0.132373818558471,146.695807560878,0.205762989845565,0.26149426878508,0.286055992381833,0.175265928281341,0.0476402834228619,0.211172048348324,0.271541786034109,0.295581450895945,0.167155167952946,0.0581069566984238,239.357306203178,247.151451465979,303,v7.4.6,gap_tied_weak_links_phase3_seed,/Users/asewaket/Documents/LTSpice Superconducting Circuit/matlab_v7_4_6_files/outputs/v7_4_6_as006_gap_weaklink_v800_phase3_seed_303/AS006_v7_4_6_gap_weaklink_scores.csv
AS006,combined_a4_1_g0_2_p0_1,"combined weak-link classes, alpha=4.1, tau=0.2, p=0.1",combined,boundary_constriction,shape,4.1,0.999999999999997,0.2,0.1,0.919825708061002,0.2,0.100217864923747,2.59073091654741e-07,4.71359734831121e-07,0.139972665967885,151.359127958214,0.205825556232816,0.263145204023486,0.288612366856192,0.171386962329786,0.046677232230026,0.2169452642859,0.29301136765344,0.316885007763462,0.149735598457925,0.0499966921175927,239.691697649975,229.028420997914,303,v7.4.6,gap_tied_weak_links_phase3_seed,/Users/asewaket/Documents/LTSpice Superconducting Circuit/matlab_v7_4_6_files/outputs/v7_4_6_as006_gap_weaklink_v800_phase3_seed_303/AS006_v7_4_6_gap_weaklink_scores.csv
AS006,boundary_sns_a4_1_g0_1_p0_3,"SNS-like boundary constriction, alpha=4.1, tau=0.1, p=0.3",boundary_lane,boundary_constriction,shape,4.1,0.999999999999997,0.1,0.3,0.715686274509806,0.1,0.315904139433551,1.18466230490966e-07,4.07304736923437e-07,0.119408595012527,137.546479354842,0.206144683149171,0.265510263979179,0.288947086463165,0.169310458363358,0.0479176775019396,0.215047857917756,0.286353863965387,0.308793629461593,0.154118168378909,0.055848863591969,248.530841350539,228.707538011672,303,v7.4.6,gap_tied_weak_links_phase3_seed,/Users/asewaket/Documents/LTSpice Superconducting Circuit/matlab_v7_4_6_files/outputs/v7_4_6_as006_gap_weaklink_v800_phase3_seed_303/AS006_v7_4_6_gap_weaklink_scores.csv
AS006,crack_tunnel_a3_7_g0_1_p0_1,"tunnel/crack-like links, alpha=3.7, tau=0.1, p=0.1",tear_lane,crack_tunnel,shape,3.7,0,0.1,0.1,0.909803921568628,0.1,0.100217864923747,1.04780265550141e-07,4.27948285452154e-07,0.119459299674718,149.561921301086,0.206159628080455,0.262056632951744,0.288646330479464,0.173061022997179,0.0472841503649928,0.212007053509212,0.274033842591017,0.300039123999791,0.163511893022208,0.0565430916776472,239.181787072423,245.440072464528,303,v7.4.6,gap_tied_weak_links_phase3_seed,/Users/asewaket/Documents/LTSpice Superconducting Circuit/matlab_v7_4_6_files/outputs/v7_4_6_as006_gap_weaklink_v800_phase3_seed_303/AS006_v7_4_6_gap_weaklink_scores.csv
AS006,contact_relaxed_a3_7_g0_05_p0_2,"contact-relaxed SNS links, alpha=3.7, tau=0.05, p=0.2",contact_relaxation,contact_relaxed,shape,3.7,0,0.05,0.2,0.810000000000002,0.05,0.2,4.8413278519828e-08,8.76335910659331e-07,0.0482491377497636,71.7706312974319,0.206455513209074,0.258987265379928,0.294821613729468,0.168046931110841,0.0472938127503203,0.231214477804622,0.310251203347713,0.344171568498338,0.142563359156698,0.0653167418574332,234.235391479401,216.275266547139,303,v7.4.6,gap_tied_weak_links_phase3_seed,/Users/asewaket/Documents/LTSpice Superconducting Circuit/matlab_v7_4_6_files/outputs/v7_4_6_as006_gap_weaklink_v800_phase3_seed_303/AS006_v7_4_6_gap_weaklink_scores.csv
AS006,crack_tunnel_a4_1_g0_1_p0_1,"tunnel/crack-like links, alpha=4.1, tau=0.1, p=0.1",tear_lane,crack_tunnel,shape,4.1,0.999999999999997,0.1,0.1,0.909803921568628,0.1,0.100217864923747,1.16107861825831e-07,4.74212964960495e-07,0.132373818558471,149.561921301086,0.206703825308953,0.264538291269698,0.288369366062047,0.173426546754847,0.0475512612229268,0.212626574339476,0.277099918194323,0.30023369549111,0.163423155098638,0.0563450425203192,238.636536409378,245.519897774056,303,v7.4.6,gap_tied_weak_links_phase3_seed,/Users/asewaket/Documents/LTSpice Superconducting Circuit/matlab_v7_4_6_files/outputs/v7_4_6_as006_gap_weaklink_v800_phase3_seed_303/AS006_v7_4_6_gap_weaklink_scores.csv
AS006,contact_relaxed_a3_3_g0_1_p0_3,"contact-relaxed SNS links, alpha=3.3, tau=0.1, p=0.3",contact_relaxation,contact_relaxed,shape,3.3,1,0.1,0.3,0.72980392156863,0.1,0.300217864923747,1.86587948219396e-07,1.38923520709282e-06,0.0451679076167193,35.584512493045,0.207154892097283,0.256873165520867,0.313026504892904,0.146988198760349,0.0473696629525288,0.222467917037819,0.28705721567233,0.342328899812712,0.136195946667148,0.0559618615105818,241.206533420315,227.590496062412,303,v7.4.6,gap_tied_weak_links_phase3_seed,/Users/asewaket/Documents/LTSpice Superconducting Circuit/matlab_v7_4_6_files/outputs/v7_4_6_as006_gap_weaklink_v800_phase3_seed_303/AS006_v7_4_6_gap_weaklink_scores.csv
AS006,combined_a3_3_g0_05_p0_05,"combined weak-link classes, alpha=3.3, tau=0.05, p=0.05",combined,boundary_constriction,shape,3.3,1,0.05,0.05,0.95239651416122,0.05,0.0501089324618736,5.33315633035525e-08,3.85548052499827e-07,0.117881672447091,159.623688480662,0.207312837414299,0.263358368340524,0.292451409360529,0.170922800963674,0.0477623511454502,0.215384788732731,0.286760601717856,0.314708336736682,0.15324250712352,0.0478706187522073,240.32601349267,233.715427165828,303,v7.4.6,gap_tied_weak_links_phase3_seed,/Users/asewaket/Documents/LTSpice Superconducting Circuit/matlab_v7_4_6_files/outputs/v7_4_6_as006_gap_weaklink_v800_phase3_seed_303/AS006_v7_4_6_gap_weaklink_scores.csv
AS006,contact_relaxed_a3_3_g0_1_p0_2,"contact-relaxed SNS links, alpha=3.3, tau=0.1, p=0.2",contact_relaxation,contact_relaxed,shape,3.3,1,0.1,0.2,0.820000000000002,0.1,0.2,7.46045602440243e-08,6.75214086296693e-07,0.0430330147497891,83.0783948232683,0.207324775337273,0.260472046724389,0.301875985382867,0.160514469218041,0.0472257690194059,0.229871384511542,0.305622701786068,0.345504997971436,0.14060843294899,0.0633399331353903,236.578429575976,219.206226577186,303,v7.4.6,gap_tied_weak_links_phase3_seed,/Users/asewaket/Documents/LTSpice Superconducting Circuit/matlab_v7_4_6_files/outputs/v7_4_6_as006_gap_weaklink_v800_phase3_seed_303/AS006_v7_4_6_gap_weaklink_scores.csv
AS006,contact_relaxed_a4_1_g0_05_p0_2,"contact-relaxed SNS links, alpha=4.1, tau=0.05, p=0.2",contact_relaxation,contact_relaxed,shape,4.1,0.999999999999997,0.05,0.2,0.810000000000002,0.05,0.2,5.36471464679175e-08,9.71074928027908e-07,0.053465260749738,71.7706312974319,0.207603581205842,0.26402099039623,0.295201490829029,0.167967624582127,0.0474347759545218,0.232505310639775,0.315847509942891,0.34475618735409,0.142470636399726,0.0652674198866702,234.019197897868,216.274755105602,303,v7.4.6,gap_tied_weak_links_phase3_seed,/Users/asewaket/Documents/LTSpice Superconducting Circuit/matlab_v7_4_6_files/outputs/v7_4_6_as006_gap_weaklink_v800_phase3_seed_303/AS006_v7_4_6_gap_weaklink_scores.csv
AS006,contact_relaxed_a3_7_g0_05_p0_3,"contact-relaxed SNS links, alpha=3.7, tau=0.05, p=0.3",contact_relaxation,contact_relaxed,shape,3.7,0,0.05,0.3,0.714793028322441,0.05,0.300217864923747,1.96312680764115e-07,2.92328084765265e-06,0.050642805509655,18.9606859229181,0.207666592198711,0.259111543985652,0.313693634600212,0.146515327295437,0.0471133973382381,0.222294265456672,0.287426521644248,0.341234314603223,0.136499183324701,0.0562607759275946,242.375520609495,228.102109671829,303,v7.4.6,gap_tied_weak_links_phase3_seed,/Users/asewaket/Documents/LTSpice Superconducting Circuit/matlab_v7_4_6_files/outputs/v7_4_6_as006_gap_weaklink_v800_phase3_seed_303/AS006_v7_4_6_gap_weaklink_scores.csv
AS006,crack_tunnel_a3_3_g0_2_p0_1,"tunnel/crack-like links, alpha=3.3, tau=0.2, p=0.1",tear_lane,crack_tunnel,shape,3.3,1,0.2,0.1,0.919825708061001,0.2,0.100217864923747,1.80633945128848e-07,3.69523675474262e-07,0.106544780790964,154.754531408056,0.207709133520005,0.266402126684718,0.295196843467006,0.166983464684638,0.0468197339922488,0.213596994804756,0.27977367129916,0.308020367016437,0.157025002551144,0.0528944072569247,240.724142064604,242.540690264242,303,v7.4.6,gap_tied_weak_links_phase3_seed,/Users/asewaket/Documents/LTSpice Superconducting Circuit/matlab_v7_4_6_files/outputs/v7_4_6_as006_gap_weaklink_v800_phase3_seed_303/AS006_v7_4_6_gap_weaklink_scores.csv
AS006,boundary_sns_a3_3_g0_1_p0_2,"SNS-like boundary constriction, alpha=3.3, tau=0.1, p=0.2",boundary_lane,boundary_constriction,shape,3.3,1,0.1,0.2,0.800784313725492,0.1,0.221350762527233,9.30129098400429e-08,3.14421970402637e-07,0.112336938302514,160.124012920688,0.207939488181036,0.263112932639319,0.291582259364022,0.172873592736215,0.0502235634585529,0.213622632692446,0.282213583553709,0.309775179093103,0.157328424733172,0.0471324855791262,240.007086002033,237.713153857218,303,v7.4.6,gap_tied_weak_links_phase3_seed,/Users/asewaket/Documents/LTSpice Superconducting Circuit/matlab_v7_4_6_files/outputs/v7_4_6_as006_gap_weaklink_v800_phase3_seed_303/AS006_v7_4_6_gap_weaklink_scores.csv
AS006,combined_a3_7_g0_05_p0_05,"combined weak-link classes, alpha=3.7, tau=0.05, p=0.05",combined,boundary_constriction,shape,3.7,0,0.05,0.05,0.95239651416122,0.05,0.0501089324618736,5.97959952191347e-08,4.32281149772534e-07,0.132170360016436,159.623688480662,0.207982876068147,0.266408562124829,0.291899962310382,0.171624003586853,0.0481508796891734,0.216231271676871,0.290735691687983,0.31495237482889,0.153200960218898,0.0477528104721942,239.464082777665,233.786203041866,303,v7.4.6,gap_tied_weak_links_phase3_seed,/Users/asewaket/Documents/LTSpice Superconducting Circuit/matlab_v7_4_6_files/outputs/v7_4_6_as006_gap_weaklink_v800_phase3_seed_303/AS006_v7_4_6_gap_weaklink_scores.csv
AS006,contact_relaxed_a3_7_g0_1_p0_2,"contact-relaxed SNS links, alpha=3.7, tau=0.1, p=0.2",contact_relaxation,contact_relaxed,shape,3.7,0,0.1,0.2,0.820000000000002,0.1,0.2,8.36475372432999e-08,7.5705821796902e-07,0.0482491377497636,83.0783948232683,0.207988776869189,0.264762143389015,0.299803848173552,0.162490290768414,0.0474121431926972,0.231617840419374,0.313155176152065,0.346263582656136,0.140556463590201,0.0632771768088179,235.068411002577,218.10340963997,303,v7.4.6,gap_tied_weak_links_phase3_seed,/Users/asewaket/Documents/LTSpice Superconducting Circuit/matlab_v7_4_6_files/outputs/v7_4_6_as006_gap_weaklink_v800_phase3_seed_303/AS006_v7_4_6_gap_weaklink_scores.csv
AS006,combined_a3_3_g0_1_p0_05,"combined weak-link classes, alpha=3.3, tau=0.1, p=0.05",combined,boundary_constriction,shape,3.3,1,0.1,0.05,0.954901960784314,0.1,0.0501089324618736,1.05138245100335e-07,3.80036165553237e-07,0.117881672447091,161.938804263452,0.208100525702639,0.26630936119473,0.294795433981784,0.168984191711303,0.047071018211213,0.215671609349869,0.288115950811072,0.315589828471907,0.152767066803787,0.0470010626077,240.533546169496,234.932238041342,303,v7.4.6,gap_tied_weak_links_phase3_seed,/Users/asewaket/Documents/LTSpice Superconducting Circuit/matlab_v7_4_6_files/outputs/v7_4_6_as006_gap_weaklink_v800_phase3_seed_303/AS006_v7_4_6_gap_weaklink_scores.csv
AS006,crack_tunnel_a3_7_g0_2_p0_1,"tunnel/crack-like links, alpha=3.7, tau=0.2, p=0.1",tear_lane,crack_tunnel,shape,3.7,0,0.2,0.1,0.919825708061001,0.2,0.100217864923747,2.02528968780829e-07,4.14314424016597e-07,0.119459299674718,154.754531408056,0.208290466685761,0.269639504219142,0.294766691395237,0.167335225927401,0.0468020868587447,0.214354945097491,0.283726857712411,0.308202023240851,0.156872435758314,0.0526037824056609,239.922796614014,242.75673257261,303,v7.4.6,gap_tied_weak_links_phase3_seed,/Users/asewaket/Documents/LTSpice Superconducting Circuit/matlab_v7_4_6_files/outputs/v7_4_6_as006_gap_weaklink_v800_phase3_seed_303/AS006_v7_4_6_gap_weaklink_scores.csv
AS006,boundary_sns_a3_7_g0_05_p0_3,"SNS-like boundary constriction, alpha=3.7, tau=0.05, p=0.3",boundary_lane,boundary_constriction,shape,3.7,0,0.05,0.3,0.699891067538129,0.05,0.315904139433551,5.31721840477981e-08,3.65627948918058e-07,0.107758975986914,138.276195115129,0.208300437877206,0.268477461239143,0.294510862433201,0.164675330268607,0.0517865560530282,0.206101350520157,0.255262348777139,0.281778658142435,0.17738513118901,0.0604003380881205,255.514036348816,253.870451245492,303,v7.4.6,gap_tied_weak_links_phase3_seed,/Users/asewaket/Documents/LTSpice Superconducting Circuit/matlab_v7_4_6_files/outputs/v7_4_6_as006_gap_weaklink_v800_phase3_seed_303/AS006_v7_4_6_gap_weaklink_scores.csv
AS006,combined_a4_1_g0_05_p0_05,"combined weak-link classes, alpha=4.1, tau=0.05, p=0.05",combined,boundary_constriction,shape,4.1,0.999999999999997,0.05,0.05,0.95239651416122,0.05,0.0501089324618736,6.62604271347168e-08,4.7901424704524e-07,0.14645904758578,159.623688480662,0.208399662862849,0.268031562442776,0.291148545191992,0.172507638458221,0.0488222497127084,0.216815790947344,0.293482404388219,0.31514437641488,0.153172986302605,0.0476276587442042,238.468652651743,233.838948413953,303,v7.4.6,gap_tied_weak_links_phase3_seed,/Users/asewaket/Documents/LTSpice Superconducting Circuit/matlab_v7_4_6_files/outputs/v7_4_6_as006_gap_weaklink_v800_phase3_seed_303/AS006_v7_4_6_gap_weaklink_scores.csv
AS006,boundary_sns_a3_7_g0_1_p0_2,"SNS-like boundary constriction, alpha=3.7, tau=0.1, p=0.2",boundary_lane,boundary_constriction,shape,3.7,0,0.1,0.2,0.800784313725492,0.1,0.221350762527233,1.04287201941866e-07,3.52533724390836e-07,0.125953536884637,160.124012920688,0.208632854317036,0.266461337293063,0.291538204122619,0.173041206666147,0.0502095687448517,0.214432163291272,0.286014974807792,0.31000404083808,0.157278561170547,0.0470405687187469,239.914879927833,237.547544485307,303,v7.4.6,gap_tied_weak_links_phase3_seed,/Users/asewaket/Documents/LTSpice Superconducting Circuit/matlab_v7_4_6_files/outputs/v7_4_6_as006_gap_weaklink_v800_phase3_seed_303/AS006_v7_4_6_gap_weaklink_scores.csv
AS006,combined_a3_7_g0_1_p0_05,"combined weak-link classes, alpha=3.7, tau=0.1, p=0.05",combined,boundary_constriction,shape,3.7,0,0.1,0.05,0.954901960784314,0.1,0.0501089324618736,1.17882274809466e-07,4.26101155317265e-07,0.132170360016436,161.938804263452,0.208635885068426,0.269129939408093,0.294113192161801,0.169702952761998,0.0472227086983873,0.216470698011196,0.291954847406222,0.315776540438941,0.152721819183911,0.0468874229017248,239.56838364142,235.043535968638,303,v7.4.6,gap_tied_weak_links_phase3_seed,/Users/asewaket/Documents/LTSpice Superconducting Circuit/matlab_v7_4_6_files/outputs/v7_4_6_as006_gap_weaklink_v800_phase3_seed_303/AS006_v7_4_6_gap_weaklink_scores.csv
AS006,boundary_sns_a3_3_g0_2_p0_2,"SNS-like boundary constriction, alpha=3.3, tau=0.2, p=0.2",boundary_lane,boundary_constriction,shape,3.3,1,0.2,0.2,0.822919389978212,0.2,0.221350762527233,1.84460959066692e-07,3.14833924463187e-07,0.112336938302514,161.48241288969,0.208636943571152,0.26787508417674,0.295362278815172,0.168499809662731,0.0478008836740531,0.221441893055886,0.29850832440242,0.324519554742226,0.148357519337756,0.0553450209059199,240.250686845333,227.680319920992,303,v7.4.6,gap_tied_weak_links_phase3_seed,/Users/asewaket/Documents/LTSpice Superconducting Circuit/matlab_v7_4_6_files/outputs/v7_4_6_as006_gap_weaklink_v800_phase3_seed_303/AS006_v7_4_6_gap_weaklink_scores.csv
AS006,crack_tunnel_a4_1_g0_2_p0_1,"tunnel/crack-like links, alpha=4.1, tau=0.2, p=0.1",tear_lane,crack_tunnel,shape,4.1,0.999999999999997,0.2,0.1,0.919825708061001,0.2,0.100217864923747,2.24423992432811e-07,4.59105172558932e-07,0.132373818558471,154.754531408056,0.208719423914293,0.271791659889479,0.294358106295464,0.167686670245236,0.0470704358583808,0.214895361857321,0.286558311766235,0.308341470040873,0.156753373893626,0.0523792075818094,239.136868658288,243.018364412691,303,v7.4.6,gap_tied_weak_links_phase3_seed,/Users/asewaket/Documents/LTSpice Superconducting Circuit/matlab_v7_4_6_files/outputs/v7_4_6_as006_gap_weaklink_v800_phase3_seed_303/AS006_v7_4_6_gap_weaklink_scores.csv
AS006,contact_relaxed_a4_1_g0_1_p0_2,"contact-relaxed SNS links, alpha=4.1, tau=0.1, p=0.2",contact_relaxation,contact_relaxed,shape,4.1,0.999999999999997,0.1,0.2,0.820000000000002,0.1,0.2,9.26905142425756e-08,8.38902349641346e-07,0.053465260749738,83.0783948232683,0.208864200965138,0.26893394148855,0.299529612948641,0.162915481796935,0.0475658884308487,0.232848676175266,0.318499683196239,0.346774423178819,0.140526830771501,0.0632299186527796,234.582858849239,217.864386761834,303,v7.4.6,gap_tied_weak_links_phase3_seed,/Users/asewaket/Documents/LTSpice Superconducting Circuit/matlab_v7_4_6_files/outputs/v7_4_6_as006_gap_weaklink_v800_phase3_seed_303/AS006_v7_4_6_gap_weaklink_scores.csv
AS006,combined_a4_1_g0_1_p0_05,"combined weak-link classes, alpha=4.1, tau=0.1, p=0.05",combined,boundary_constriction,shape,4.1,0.999999999999997,0.1,0.05,0.954901960784314,0.1,0.0501089324618736,1.30626304518598e-07,4.72166145081294e-07,0.14645904758578,161.938804263452,0.208988610030379,0.270736506042174,0.29335762945425,0.170487249414268,0.0477216307969475,0.217026668614739,0.294650303214248,0.315918687870124,0.152682476722677,0.0467722401833817,238.513960953542,235.210729560335,303,v7.4.6,gap_tied_weak_links_phase3_seed,/Users/asewaket/Documents/LTSpice Superconducting Circuit/matlab_v7_4_6_files/outputs/v7_4_6_as006_gap_weaklink_v800_phase3_seed_303/AS006_v7_4_6_gap_weaklink_scores.csv
AS006,boundary_sns_a4_1_g0_1_p0_2,"SNS-like boundary constriction, alpha=4.1, tau=0.1, p=0.2",boundary_lane,boundary_constriction,shape,4.1,0.999999999999997,0.1,0.2,0.800784313725492,0.1,0.221350762527233,1.1556149404369e-07,3.90645478379034e-07,0.13957013546676,160.124012920688,0.20907152266495,0.26881980174423,0.291504505137239,0.173133307598962,0.0499882930916492,0.214988426423464,0.288748071318117,0.310165825316123,0.157229501998841,0.0468669889974368,239.904181046414,237.379300266945,303,v7.4.6,gap_tied_weak_links_phase3_seed,/Users/asewaket/Documents/LTSpice Superconducting Circuit/matlab_v7_4_6_files/outputs/v7_4_6_as006_gap_weaklink_v800_phase3_seed_303/AS006_v7_4_6_gap_weaklink_scores.csv
AS006,boundary_sns_a3_7_g0_2_p0_2,"SNS-like boundary constriction, alpha=3.7, tau=0.2, p=0.2",boundary_lane,boundary_constriction,shape,3.7,0,0.2,0.2,0.822919389978212,0.2,0.221350762527233,2.06819863195988e-07,3.52995612276906e-07,0.125953536884637,161.48241288969,0.209119553440573,0.270774778204948,0.294982790448219,0.168798455778086,0.0476050359909243,0.222189727882564,0.30212065273542,0.324664648577634,0.148263558181,0.0553354039402906,240.07514000547,227.387318825557,303,v7.4.6,gap_tied_weak_links_phase3_seed,/Users/asewaket/Documents/LTSpice Superconducting Circuit/matlab_v7_4_6_files/outputs/v7_4_6_as006_gap_weaklink_v800_phase3_seed_303/AS006_v7_4_6_gap_weaklink_scores.csv
AS006,boundary_sns_a3_3_g0_05_p0_2,"SNS-like boundary constriction, alpha=3.3, tau=0.05, p=0.2",boundary_lane,boundary_constriction,shape,3.3,1,0.05,0.2,0.78971677559913,0.05,0.221350762527233,4.54845282140948e-08,3.07512903499191e-07,0.112336938302514,163.721609982564,0.209167621167533,0.267230670957221,0.296298623067365,0.169008884107478,0.04882373937821,0.213916910440628,0.253934670343553,0.28354311352836,0.185674412399512,0.087356417685567,245.04863571072,266.121402364496,303,v7.4.6,gap_tied_weak_links_phase3_seed,/Users/asewaket/Documents/LTSpice Superconducting Circuit/matlab_v7_4_6_files/outputs/v7_4_6_as006_gap_weaklink_v800_phase3_seed_303/AS006_v7_4_6_gap_weaklink_scores.csv
AS006,combined_a3_3_g0_4_p0_2,"combined weak-link classes, alpha=3.3, tau=0.4, p=0.2",combined,boundary_constriction,shape,3.3,1,0.4,0.2,0.879999999999999,0.4,0.2,3.93012276023074e-07,3.91646277501701e-07,0.110941931720708,151.344003036571,0.209259427374673,0.272224368586829,0.302201065087185,0.158345681259677,0.0472888028093678,0.220774334976853,0.298694621492426,0.327624138063751,0.143430984455033,0.0525460812114829,241.805401105593,230.175134860707,303,v7.4.6,gap_tied_weak_links_phase3_seed,/Users/asewaket/Documents/LTSpice Superconducting Circuit/matlab_v7_4_6_files/outputs/v7_4_6_as006_gap_weaklink_v800_phase3_seed_303/AS006_v7_4_6_gap_weaklink_scores.csv
AS006,combined_a3_3_g0_4_p0_3,"combined weak-link classes, alpha=3.3, tau=0.4, p=0.3",combined,boundary_constriction,shape,3.3,1,0.4,0.3,0.81986928104575,0.4,0.300217864923747,3.61527389173903e-07,4.14038502352561e-07,0.0919693161845909,135.608312085228,0.209292094784772,0.272544997528062,0.304061910930126,0.15565566565242,0.0472375502025541,0.219243576810552,0.29573393874363,0.326488521402284,0.142910563033223,0.0504908290636033,242.426667268518,232.441261341406,303,v7.4.6,gap_tied_weak_links_phase3_seed,/Users/asewaket/Documents/LTSpice Superconducting Circuit/matlab_v7_4_6_files/outputs/v7_4_6_as006_gap_weaklink_v800_phase3_seed_303/AS006_v7_4_6_gap_weaklink_scores.csv
AS006,combined_a4_1_g0_4_p0_3,"combined weak-link classes, alpha=4.1, tau=0.4, p=0.3",combined,boundary_constriction,shape,4.1,0.999999999999997,0.4,0.3,0.81986928104575,0.4,0.300217864923747,4.49170392610001e-07,5.14411472619848e-07,0.114264907986916,135.608312085228,0.209307471349636,0.275739754795133,0.300195513419885,0.158715706818924,0.0470608199445905,0.220996202055979,0.303725443996264,0.32704531480757,0.142816283022077,0.0504059115927887,240.368661865425,230.395330956772,303,v7.4.6,gap_tied_weak_links_phase3_seed,/Users/asewaket/Documents/LTSpice Superconducting Circuit/matlab_v7_4_6_files/outputs/v7_4_6_as006_gap_weaklink_v800_phase3_seed_303/AS006_v7_4_6_gap_weaklink_scores.csv
AS006,boundary_sns_a4_1_g0_2_p0_2,"SNS-like boundary constriction, alpha=4.1, tau=0.2, p=0.2",boundary_lane,boundary_constriction,shape,4.1,0.999999999999997,0.2,0.2,0.822919389978212,0.2,0.221350762527233,2.29178767325283e-07,3.91157300090626e-07,0.13957013546676,161.48241288969,0.209369834706979,0.272618869050323,0.294483361160168,0.169217853328237,0.0473621057939823,0.222734707756165,0.304800796995606,0.324775532079008,0.148191866536585,0.0552757274762231,239.846503272472,227.057201964682,303,v7.4.6,gap_tied_weak_links_phase3_seed,/Users/asewaket/Documents/LTSpice Superconducting Circuit/matlab_v7_4_6_files/outputs/v7_4_6_as006_gap_weaklink_v800_phase3_seed_303/AS006_v7_4_6_gap_weaklink_scores.csv
AS006,combined_a3_7_g0_4_p0_3,"combined weak-link classes, alpha=3.7, tau=0.4, p=0.3",combined,boundary_constriction,shape,3.7,0,0.4,0.3,0.81986928104575,0.4,0.300217864923747,4.05348890891952e-07,4.64224987486205e-07,0.103117112085753,135.608312085228,0.209477574385984,0.274890052822754,0.302384991629954,0.156983338033179,0.0470949112132738,0.220227779358903,0.300196864249003,0.326817053057632,0.142857115938354,0.050440794771713,241.533594309212,231.480049817748,303,v7.4.6,gap_tied_weak_links_phase3_seed,/Users/asewaket/Documents/LTSpice Superconducting Circuit/matlab_v7_4_6_files/outputs/v7_4_6_as006_gap_weaklink_v800_phase3_seed_303/AS006_v7_4_6_gap_weaklink_scores.csv
AS006,combined_a4_1_g0_4_p0_2,"combined weak-link classes, alpha=4.1, tau=0.4, p=0.2",combined,boundary_constriction,shape,4.1,0.999999999999997,0.4,0.2,0.879999999999999,0.4,0.2,4.88287979301396e-07,4.86590829623325e-07,0.137836945471182,151.344003036571,0.209506253277873,0.275818434626478,0.299319211860213,0.160694620666655,0.0470359351741951,0.222336841179955,0.305951446787184,0.328081630238171,0.143320264968635,0.052439574984998,240.238641264324,228.650288847654,303,v7.4.6,gap_tied_weak_links_phase3_seed,/Users/asewaket/Documents/LTSpice Superconducting Circuit/matlab_v7_4_6_files/outputs/v7_4_6_as006_gap_weaklink_v800_phase3_seed_303/AS006_v7_4_6_gap_weaklink_scores.csv
AS006,combined_a3_7_g0_4_p0_2,"combined weak-link classes, alpha=3.7, tau=0.4, p=0.2",combined,boundary_constriction,shape,3.7,0,0.4,0.2,0.879999999999999,0.4,0.2,4.40650127662235e-07,4.39118553562513e-07,0.124389438595945,151.344003036571,0.209557754178448,0.274763082103956,0.300976647369331,0.159339028817531,0.0471427698700404,0.221664597831744,0.30281926634499,0.327886179683432,0.143366196493177,0.0524951627512523,241.125082374364,229.486948304595,303,v7.4.6,gap_tied_weak_links_phase3_seed,/Users/asewaket/Documents/LTSpice Superconducting Circuit/matlab_v7_4_6_files/outputs/v7_4_6_as006_gap_weaklink_v800_phase3_seed_303/AS006_v7_4_6_gap_weaklink_scores.csv
AS006,contact_relaxed_a3_7_g0_1_p0_3,"contact-relaxed SNS links, alpha=3.7, tau=0.1, p=0.3",contact_relaxation,contact_relaxed,shape,3.7,0,0.1,0.3,0.72980392156863,0.1,0.300217864923747,2.09204669215686e-07,1.5576273534071e-06,0.050642805509655,35.584512493045,0.209579829559641,0.267479241156779,0.314121010674769,0.146784666924445,0.0472273043050238,0.224945107515487,0.297649849495313,0.343260452356305,0.136359071655719,0.0559210568889386,241.440230054789,227.577952244673,303,v7.4.6,gap_tied_weak_links_phase3_seed,/Users/asewaket/Documents/LTSpice Superconducting Circuit/matlab_v7_4_6_files/outputs/v7_4_6_as006_gap_weaklink_v800_phase3_seed_303/AS006_v7_4_6_gap_weaklink_scores.csv
AS006,crack_tunnel_a3_3_g0_05_p0_05,"tunnel/crack-like links, alpha=3.3, tau=0.05, p=0.05",tear_lane,crack_tunnel,shape,3.3,1,0.05,0.05,0.951982570806101,0.05,0.0505446623093682,4.81329279800337e-08,3.74632179364342e-07,0.114773766388446,164.044418930979,0.209613411847636,0.270808154247763,0.299548101137883,0.164696707479018,0.0471788436503476,0.214846012515159,0.279681637485159,0.307970071852424,0.158739252748683,0.0571767334130411,241.427184513002,246.263692303358,303,v7.4.6,gap_tied_weak_links_phase3_seed,/Users/asewaket/Documents/LTSpice Superconducting Circuit/matlab_v7_4_6_files/outputs/v7_4_6_as006_gap_weaklink_v800_phase3_seed_303/AS006_v7_4_6_gap_weaklink_scores.csv
AS006,contact_relaxed_a3_3_g0_2_p0_2,"contact-relaxed SNS links, alpha=3.3, tau=0.2, p=0.2",contact_relaxation,contact_relaxed,shape,3.3,1,0.2,0.2,0.839999999999998,0.2,0.2,1.20695818556568e-07,5.46183213063252e-07,0.0430330147497891,102.704918624243,0.209828766519717,0.269844502690315,0.307529534680062,0.15511037442255,0.0472346761899744,0.230944631849603,0.311962606183846,0.348150231561205,0.138597032996543,0.0602513565863785,237.266872686381,221.261272837304,303,v7.4.6,gap_tied_weak_links_phase3_seed,/Users/asewaket/Documents/LTSpice Superconducting Circuit/matlab_v7_4_6_files/outputs/v7_4_6_as006_gap_weaklink_v800_phase3_seed_303/AS006_v7_4_6_gap_weaklink_scores.csv
AS006,contact_relaxed_a4_1_g0_05_p0_3,"contact-relaxed SNS links, alpha=4.1, tau=0.05, p=0.3",contact_relaxation,contact_relaxed,shape,4.1,0.999999999999997,0.05,0.3,0.714793028322441,0.05,0.300217864923747,2.17535673279154e-07,3.23931120956104e-06,0.0561177034025907,18.9606859229181,0.209833590677618,0.268578202117657,0.314678746082884,0.146322998950818,0.0469981969368606,0.224474092912004,0.29681421864926,0.342022748728327,0.136633734419977,0.0562242676112162,242.611847549244,228.106181495842,303,v7.4.6,gap_tied_weak_links_phase3_seed,/Users/asewaket/Documents/LTSpice Superconducting Circuit/matlab_v7_4_6_files/outputs/v7_4_6_as006_gap_weaklink_v800_phase3_seed_303/AS006_v7_4_6_gap_weaklink_scores.csv
AS006,combined_a3_3_g0_2_p0_05,"combined weak-link classes, alpha=3.3, tau=0.2, p=0.05",combined,boundary_constriction,shape,3.3,1,0.2,0.05,0.959912854030501,0.2,0.0501089324618736,2.05322296644006e-07,3.71082369905961e-07,0.117881672447091,165.846203478097,0.209981046181464,0.27275102706852,0.299957212995012,0.164255640722844,0.0469095301939767,0.217283640948547,0.292813212213514,0.319179143612331,0.150384346437115,0.0470610581612505,241.256926155048,235.884333054278,303,v7.4.6,gap_tied_weak_links_phase3_seed,/Users/asewaket/Documents/LTSpice Superconducting Circuit/matlab_v7_4_6_files/outputs/v7_4_6_as006_gap_weaklink_v800_phase3_seed_303/AS006_v7_4_6_gap_weaklink_scores.csv
AS006,boundary_sns_a4_1_g0_4_p0_3,"SNS-like boundary constriction, alpha=4.1, tau=0.4, p=0.3",boundary_lane,boundary_constriction,shape,4.1,0.999999999999997,0.4,0.3,0.810457516339867,0.4,0.315904139433551,4.2301854377997e-07,4.41397183938009e-07,0.119408595012527,154.079419600548,0.209996231081921,0.278245239252213,0.299609437354096,0.1604442765736,0.0468640550707232,0.226402378118039,0.312904472417313,0.3328830296503,0.142081726476281,0.0589599581895062,240.608597462828,224.430378085323,303,v7.4.6,gap_tied_weak_links_phase3_seed,/Users/asewaket/Documents/LTSpice Superconducting Circuit/matlab_v7_4_6_files/outputs/v7_4_6_as006_gap_weaklink_v800_phase3_seed_303/AS006_v7_4_6_gap_weaklink_scores.csv
AS006,crack_tunnel_a3_7_g0_05_p0_05,"tunnel/crack-like links, alpha=3.7, tau=0.05, p=0.05",tear_lane,crack_tunnel,shape,3.7,0,0.05,0.05,0.951982570806101,0.05,0.0505446623093682,5.39672222806439e-08,4.20042140499414e-07,0.128685738071894,164.044418930979,0.210137503011977,0.273515159695842,0.2985028114415,0.165778738931364,0.04756901167721,0.215718008806369,0.283821832485785,0.308243896054702,0.158668291956673,0.0570060285044903,239.986397541267,246.392792876432,303,v7.4.6,gap_tied_weak_links_phase3_seed,/Users/asewaket/Documents/LTSpice Superconducting Circuit/matlab_v7_4_6_files/outputs/v7_4_6_as006_gap_weaklink_v800_phase3_seed_303/AS006_v7_4_6_gap_weaklink_scores.csv
AS006,contact_relaxed_a3_3_g0_2_p0_3,"contact-relaxed SNS links, alpha=3.3, tau=0.2, p=0.3",contact_relaxation,contact_relaxed,shape,3.3,1,0.2,0.3,0.759825708061001,0.2,0.300217864923747,2.07956423226456e-07,7.76103564421656e-07,0.0451679076167193,63.8560816872143,0.210159961175782,0.269819881540681,0.313786857101595,0.147420587020459,0.047577190634863,0.226557078341565,0.302788311243883,0.345518654419202,0.136044994286684,0.0552831923719852,239.715929418267,226.86597809703,303,v7.4.6,gap_tied_weak_links_phase3_seed,/Users/asewaket/Documents/LTSpice Superconducting Circuit/matlab_v7_4_6_files/outputs/v7_4_6_as006_gap_weaklink_v800_phase3_seed_303/AS006_v7_4_6_gap_weaklink_scores.csv
AS006,combined_a3_7_g0_2_p0_05,"combined weak-link classes, alpha=3.7, tau=0.2, p=0.05",combined,boundary_constriction,shape,3.7,0,0.2,0.05,0.959912854030501,0.2,0.0501089324618736,2.3020984775237e-07,4.16062051106683e-07,0.132170360016436,165.846203478097,0.210269319819778,0.275020656562149,0.298964835631289,0.165062462689659,0.0468094018199139,0.217997839938622,0.296376594044069,0.319319715793614,0.150284901330272,0.0469469763473759,240.092010685385,235.951869850472,303,v7.4.6,gap_tied_weak_links_phase3_seed,/Users/asewaket/Documents/LTSpice Superconducting Circuit/matlab_v7_4_6_files/outputs/v7_4_6_as006_gap_weaklink_v800_phase3_seed_303/AS006_v7_4_6_gap_weaklink_scores.csv
AS006,boundary_sns_a3_3_g0_4_p0_3,"SNS-like boundary constriction, alpha=3.3, tau=0.4, p=0.3",boundary_lane,boundary_constriction,shape,3.3,1,0.4,0.3,0.810457516339867,0.4,0.315904139433551,3.40478340115585e-07,3.55270904145227e-07,0.096109356961302,154.079419600548,0.210342508619939,0.276750175892644,0.303391926836627,0.157528877363901,0.0471153985380763,0.225102838129227,0.306858432037061,0.332573128052878,0.142189967293151,0.0589153254000992,242.394281508819,226.398412629427,303,v7.4.6,gap_tied_weak_links_phase3_seed,/Users/asewaket/Documents/LTSpice Superconducting Circuit/matlab_v7_4_6_files/outputs/v7_4_6_as006_gap_weaklink_v800_phase3_seed_303/AS006_v7_4_6_gap_weaklink_scores.csv
AS006,boundary_sns_a3_7_g0_4_p0_3,"SNS-like boundary constriction, alpha=3.7, tau=0.4, p=0.3",boundary_lane,boundary_constriction,shape,3.7,0,0.4,0.3,0.810457516339867,0.4,0.315904139433551,3.81748441947777e-07,3.98334044041618e-07,0.107758975986914,154.079419600548,0.21036066345424,0.27824826655203,0.301812668426902,0.158713092707232,0.0469915150880521,0.225836821640632,0.31027162591578,0.332748860470842,0.142123549065204,0.0589475401319034,241.666335712474,225.526973443286,303,v7.4.6,gap_tied_weak_links_phase3_seed,/Users/asewaket/Documents/LTSpice Superconducting Circuit/matlab_v7_4_6_files/outputs/v7_4_6_as006_gap_weaklink_v800_phase3_seed_303/AS006_v7_4_6_gap_weaklink_scores.csv
AS006,combined_a4_1_g0_2_p0_05,"combined weak-link classes, alpha=4.1, tau=0.2, p=0.05",combined,boundary_constriction,shape,4.1,0.999999999999997,0.2,0.05,0.959912854030501,0.2,0.0501089324618736,2.55097398860734e-07,4.61041732307406e-07,0.14645904758578,165.846203478097,0.210434288198424,0.276281645103868,0.297955216653393,0.165925634974772,0.0470611230263519,0.218511360346616,0.298963153549441,0.319434317601956,0.15020780407577,0.0468238372855046,238.90008308496,236.051686812969,303,v7.4.6,gap_tied_weak_links_phase3_seed,/Users/asewaket/Documents/LTSpice Superconducting Circuit/matlab_v7_4_6_files/outputs/v7_4_6_as006_gap_weaklink_v800_phase3_seed_303/AS006_v7_4_6_gap_weaklink_scores.csv
AS006,contact_relaxed_a3_7_g0_2_p0_2,"contact-relaxed SNS links, alpha=3.7, tau=0.2, p=0.2",contact_relaxation,contact_relaxed,shape,3.7,0,0.2,0.2,0.839999999999998,0.2,0.2,1.35325614745242e-07,6.12387238889101e-07,0.0482491377497636,102.704918624243,0.210494277943107,0.274052383243252,0.305913377220175,0.156488742626883,0.0474596680533724,0.232500560754299,0.318782440777718,0.34869567583468,0.138619810764234,0.0602281668277919,236.064449107925,220.49946046999,303,v7.4.6,gap_tied_weak_links_phase3_seed,/Users/asewaket/Documents/LTSpice Superconducting Circuit/matlab_v7_4_6_files/outputs/v7_4_6_as006_gap_weaklink_v800_phase3_seed_303/AS006_v7_4_6_gap_weaklink_scores.csv
AS006,crack_tunnel_a4_1_g0_05_p0_05,"tunnel/crack-like links, alpha=4.1, tau=0.05, p=0.05",tear_lane,crack_tunnel,shape,4.1,0.999999999999997,0.05,0.05,0.951982570806101,0.05,0.0505446623093682,5.9801516581254e-08,4.65452101634486e-07,0.142597709755342,164.044418930979,0.21056862596074,0.275332804789729,0.297774886287888,0.166584646852475,0.0481734654445723,0.216336661056052,0.286720364702839,0.308461189015579,0.158619502191065,0.0568814820613258,238.95400828024,246.486446216099,303,v7.4.6,gap_tied_weak_links_phase3_seed,/Users/asewaket/Documents/LTSpice Superconducting Circuit/matlab_v7_4_6_files/outputs/v7_4_6_as006_gap_weaklink_v800_phase3_seed_303/AS006_v7_4_6_gap_weaklink_scores.csv
AS006,boundary_sns_a3_7_g0_05_p0_2,"SNS-like boundary constriction, alpha=3.7, tau=0.05, p=0.2",boundary_lane,boundary_constriction,shape,3.7,0,0.05,0.2,0.78971677559913,0.05,0.221350762527233,5.09978043612578e-08,3.44787194832426e-07,0.125953536884637,163.721609982564,0.210614023094583,0.27354697280754,0.29900554591467,0.166827008086593,0.0477296772064627,0.214459200330878,0.257617951677267,0.284017737311319,0.185431673218994,0.0858574181585728,247.429868931323,266.020349554106,303,v7.4.6,gap_tied_weak_links_phase3_seed,/Users/asewaket/Documents/LTSpice Superconducting Circuit/matlab_v7_4_6_files/outputs/v7_4_6_as006_gap_weaklink_v800_phase3_seed_303/AS006_v7_4_6_gap_weaklink_scores.csv
AS006,boundary_sns_a4_1_g0_05_p0_2,"SNS-like boundary constriction, alpha=4.1, tau=0.05, p=0.2",boundary_lane,boundary_constriction,shape,4.1,0.999999999999997,0.05,0.2,0.78971677559913,0.05,0.221350762527233,5.65110805084208e-08,3.82061486165661e-07,0.13957013546676,163.721609982564,0.210624683443183,0.271403758162389,0.294546352684123,0.17137512599921,0.0520446343572973,0.214816361162467,0.260375958467035,0.284383560354745,0.185218599752178,0.0845113670342734,242.494309618094,265.917572226724,303,v7.4.6,gap_tied_weak_links_phase3_seed,/Users/asewaket/Documents/LTSpice Superconducting Circuit/matlab_v7_4_6_files/outputs/v7_4_6_as006_gap_weaklink_v800_phase3_seed_303/AS006_v7_4_6_gap_weaklink_scores.csv
AS006,boundary_sns_a4_1_g0_05_p0_3,"SNS-like boundary constriction, alpha=4.1, tau=0.05, p=0.3",boundary_lane,boundary_constriction,shape,4.1,0.999999999999997,0.05,0.3,0.699891067538129,0.05,0.315904139433551,5.89205282691817e-08,4.05155294747037e-07,0.119408595012527,138.276195115129,0.210633906648069,0.27418930209398,0.297669121816563,0.162498881640715,0.0549356659164892,0.206585437642581,0.258108299616758,0.282244333906721,0.177112562006651,0.0595006017510693,258.363038089254,253.764474567393,303,v7.4.6,gap_tied_weak_links_phase3_seed,/Users/asewaket/Documents/LTSpice Superconducting Circuit/matlab_v7_4_6_files/outputs/v7_4_6_as006_gap_weaklink_v800_phase3_seed_303/AS006_v7_4_6_gap_weaklink_scores.csv
AS006,crack_tunnel_a3_3_g0_1_p0_05,"tunnel/crack-like links, alpha=3.3, tau=0.1, p=0.05",tear_lane,crack_tunnel,shape,3.3,1,0.1,0.05,0.954509803921569,0.1,0.0505446623093682,9.52565842035462e-08,3.70704455729149e-07,0.114773766388446,165.782518194419,0.210748100754476,0.274384371393721,0.302219424356012,0.162702619238547,0.0470938657074541,0.216097389292393,0.284388547552492,0.311756116722682,0.1560624712884,0.0554471055342783,241.889913644358,244.674261447327,303,v7.4.6,gap_tied_weak_links_phase3_seed,/Users/asewaket/Documents/LTSpice Superconducting Circuit/matlab_v7_4_6_files/outputs/v7_4_6_as006_gap_weaklink_v800_phase3_seed_303/AS006_v7_4_6_gap_weaklink_scores.csv
AS006,combined_a3_3_g0_4_p0_1,"combined weak-link classes, alpha=3.3, tau=0.4, p=0.1",combined,boundary_constriction,shape,3.3,1,0.4,0.1,0.939869281045751,0.4,0.100217864923747,3.86933718361804e-07,3.79926025971491e-07,0.112660926266834,163.137734397655,0.210764576847017,0.276653802309858,0.304098798715241,0.15865527556672,0.0466770897151578,0.220267993039331,0.30019831285889,0.326714417268426,0.144751089003674,0.048452560863426,242.214485365514,232.166788346261,303,v7.4.6,gap_tied_weak_links_phase3_seed,/Users/asewaket/Documents/LTSpice Superconducting Circuit/matlab_v7_4_6_files/outputs/v7_4_6_as006_gap_weaklink_v800_phase3_seed_303/AS006_v7_4_6_gap_weaklink_scores.csv
AS006,crack_tunnel_a3_3_g0_4_p0_2,"tunnel/crack-like links, alpha=3.3, tau=0.4, p=0.2",tear_lane,crack_tunnel,shape,3.3,1,0.4,0.2,0.879738562091502,0.4,0.200435729847495,3.24111433701748e-07,3.89081956477115e-07,0.0852675058553511,144.448213226922,0.210831110910059,0.278588250742363,0.305619698893641,0.154789512392804,0.0472459402530567,0.217184134159386,0.295100023625608,0.321706387617608,0.144841205463247,0.0467829620114513,242.875240603273,237.707738582184,303,v7.4.6,gap_tied_weak_links_phase3_seed,/Users/asewaket/Documents/LTSpice Superconducting Circuit/matlab_v7_4_6_files/outputs/v7_4_6_as006_gap_weaklink_v800_phase3_seed_303/AS006_v7_4_6_gap_weaklink_scores.csv
AS006,crack_tunnel_a4_1_g0_4_p0_3,"tunnel/crack-like links, alpha=4.1, tau=0.4, p=0.3",tear_lane,crack_tunnel,shape,4.1,0.999999999999997,0.4,0.3,0.819869281045749,0.4,0.300217864923747,4.06552434328092e-07,5.03919346714962e-07,0.0963057106737389,129.057264966386,0.21099186008379,0.282152520441295,0.303869036863742,0.154232146902426,0.0482457818380744,0.215747480595179,0.294987298906068,0.31628028773422,0.146197229517365,0.0475130636382347,241.524109686203,242.544941834496,303,v7.4.6,gap_tied_weak_links_phase3_seed,/Users/asewaket/Documents/LTSpice Superconducting Circuit/matlab_v7_4_6_files/outputs/v7_4_6_as006_gap_weaklink_v800_phase3_seed_303/AS006_v7_4_6_gap_weaklink_scores.csv
AS006,crack_tunnel_a4_1_g0_4_p0_2,"tunnel/crack-like links, alpha=4.1, tau=0.4, p=0.2",tear_lane,crack_tunnel,shape,4.1,0.999999999999997,0.4,0.2,0.879738562091502,0.4,0.200435729847495,4.02683902477929e-07,4.83404855017021e-07,0.105938416365739,144.448213226922,0.210992122450627,0.281406051108235,0.302709235931131,0.157027181088188,0.0475294219051848,0.218583595794517,0.301595909448923,0.322179527828311,0.144696847082573,0.046636836970903,240.919709743662,236.478134541147,303,v7.4.6,gap_tied_weak_links_phase3_seed,/Users/asewaket/Documents/LTSpice Superconducting Circuit/matlab_v7_4_6_files/outputs/v7_4_6_as006_gap_weaklink_v800_phase3_seed_303/AS006_v7_4_6_gap_weaklink_scores.csv
AS006,combined_a4_1_g0_4_p0_1,"combined weak-link classes, alpha=4.1, tau=0.4, p=0.1",combined,boundary_constriction,shape,4.1,0.999999999999997,0.4,0.1,0.939869281045751,0.4,0.100217864923747,4.80735831904059e-07,4.72029304994883e-07,0.139972665967885,163.137734397655,0.211032810563005,0.27997126710465,0.301510563586795,0.160696305637093,0.0466789173871197,0.22164017587232,0.306733305935264,0.327058839440686,0.144615909081695,0.0483447180530174,240.360193404448,231.25492549016,303,v7.4.6,gap_tied_weak_links_phase3_seed,/Users/asewaket/Documents/LTSpice Superconducting Circuit/matlab_v7_4_6_files/outputs/v7_4_6_as006_gap_weaklink_v800_phase3_seed_303/AS006_v7_4_6_gap_weaklink_scores.csv
AS006,contact_relaxed_a4_1_g0_2_p0_2,"contact-relaxed SNS links, alpha=4.1, tau=0.2, p=0.2",contact_relaxation,contact_relaxed,shape,4.1,0.999999999999997,0.2,0.2,0.839999999999998,0.2,0.2,1.49955410933917e-07,6.78591264714949e-07,0.053465260749738,102.704918624243,0.21106728546662,0.277358059022162,0.304884258726337,0.157378768436569,0.047707454994138,0.233632407486397,0.323804672747971,0.349053569447678,0.138643508153779,0.0602092329583545,235.24456889016,220.066567796146,303,v7.4.6,gap_tied_weak_links_phase3_seed,/Users/asewaket/Documents/LTSpice Superconducting Circuit/matlab_v7_4_6_files/outputs/v7_4_6_as006_gap_weaklink_v800_phase3_seed_303/AS006_v7_4_6_gap_weaklink_scores.csv
AS006,combined_a3_7_g0_4_p0_1,"combined weak-link classes, alpha=3.7, tau=0.4, p=0.1",combined,boundary_constriction,shape,3.7,0,0.4,0.1,0.939869281045751,0.4,0.100217864923747,4.33834775132932e-07,4.25977665483187e-07,0.126316796117359,163.137734397655,0.211074497550215,0.279100958569252,0.303023722877462,0.159485652366418,0.0466229486882427,0.221069989401433,0.304008918755,0.326910057708098,0.144670157599028,0.0484107302642104,241.49184813051,231.702079132901,303,v7.4.6,gap_tied_weak_links_phase3_seed,/Users/asewaket/Documents/LTSpice Superconducting Circuit/matlab_v7_4_6_files/outputs/v7_4_6_as006_gap_weaklink_v800_phase3_seed_303/AS006_v7_4_6_gap_weaklink_scores.csv
AS006,crack_tunnel_a3_7_g0_1_p0_05,"tunnel/crack-like links, alpha=3.7, tau=0.1, p=0.05",tear_lane,crack_tunnel,shape,3.7,0,0.1,0.05,0.954509803921569,0.1,0.0505446623093682,1.06802836834279e-07,4.15638329150864e-07,0.128685738071894,165.782518194419,0.21108314412212,0.276768439161998,0.301037104462689,0.163766478916891,0.0471242499927828,0.216886790410877,0.288279081489902,0.311952394530225,0.15599216288554,0.0552479765296647,240.359279940485,244.844330271227,303,v7.4.6,gap_tied_weak_links_phase3_seed,/Users/asewaket/Documents/LTSpice Superconducting Circuit/matlab_v7_4_6_files/outputs/v7_4_6_as006_gap_weaklink_v800_phase3_seed_303/AS006_v7_4_6_gap_weaklink_scores.csv
AS006,crack_tunnel_a3_7_g0_4_p0_2,"tunnel/crack-like links, alpha=3.7, tau=0.4, p=0.2",tear_lane,crack_tunnel,shape,3.7,0,0.4,0.2,0.879738562091502,0.4,0.200435729847495,3.63397668089839e-07,4.36243405747068e-07,0.0956029611105452,144.448213226922,0.211202149791041,0.281010835417018,0.304660917358126,0.155531320870503,0.0474291570733371,0.217993438550071,0.298848021108419,0.321972591088997,0.144753452016272,0.0467253222158526,242.087119161748,237.348689234159,303,v7.4.6,gap_tied_weak_links_phase3_seed,/Users/asewaket/Documents/LTSpice Superconducting Circuit/matlab_v7_4_6_files/outputs/v7_4_6_as006_gap_weaklink_v800_phase3_seed_303/AS006_v7_4_6_gap_weaklink_scores.csv
AS006,crack_tunnel_a3_3_g0_4_p0_3,"tunnel/crack-like links, alpha=3.3, tau=0.4, p=0.3",tear_lane,crack_tunnel,shape,3.3,1,0.4,0.3,0.819869281045749,0.4,0.300217864923747,3.27225130068952e-07,4.05593620526677e-07,0.0775143524934972,129.057264966386,0.211236125879942,0.280163414955363,0.307703465026765,0.151370142705213,0.0483234722659942,0.214301557383554,0.288387992410682,0.315686288595591,0.146324082496565,0.0477636863440949,243.602300078418,244.676866339412,303,v7.4.6,gap_tied_weak_links_phase3_seed,/Users/asewaket/Documents/LTSpice Superconducting Circuit/matlab_v7_4_6_files/outputs/v7_4_6_as006_gap_weaklink_v800_phase3_seed_303/AS006_v7_4_6_gap_weaklink_scores.csv
AS006,crack_tunnel_a4_1_g0_1_p0_05,"tunnel/crack-like links, alpha=4.1, tau=0.1, p=0.05",tear_lane,crack_tunnel,shape,4.1,0.999999999999997,0.1,0.05,0.954509803921569,0.1,0.0505446623093682,1.18349089465012e-07,4.60572202572579e-07,0.142597709755342,165.782518194419,0.211329903278453,0.278140821778019,0.299958870446314,0.164768739140909,0.0476197474070584,0.217449153850332,0.291043068276851,0.312102924623697,0.15593799708866,0.0551000865225126,239.056385429538,244.935289227944,303,v7.4.6,gap_tied_weak_links_phase3_seed,/Users/asewaket/Documents/LTSpice Superconducting Circuit/matlab_v7_4_6_files/outputs/v7_4_6_as006_gap_weaklink_v800_phase3_seed_303/AS006_v7_4_6_gap_weaklink_scores.csv
AS006,crack_tunnel_a3_7_g0_4_p0_3,"tunnel/crack-like links, alpha=3.7, tau=0.4, p=0.3",tear_lane,crack_tunnel,shape,3.7,0,0.4,0.3,0.819869281045749,0.4,0.300217864923747,3.66888782198522e-07,4.54756483620819e-07,0.0869100315836181,129.057264966386,0.211465321964918,0.282316036128208,0.306412742689077,0.152351868922398,0.048348437837501,0.215140003048322,0.292203453181817,0.316014274651621,0.146246499310956,0.0476634572807592,242.820511612746,243.921578522723,303,v7.4.6,gap_tied_weak_links_phase3_seed,/Users/asewaket/Documents/LTSpice Superconducting Circuit/matlab_v7_4_6_files/outputs/v7_4_6_as006_gap_weaklink_v800_phase3_seed_303/AS006_v7_4_6_gap_weaklink_scores.csv
AS006,contact_relaxed_a4_1_g0_1_p0_3,"contact-relaxed SNS links, alpha=4.1, tau=0.1, p=0.3",contact_relaxation,contact_relaxed,shape,4.1,0.999999999999997,0.1,0.3,0.72980392156863,0.1,0.300217864923747,2.31821390211977e-07,1.72601949972138e-06,0.0561177034025907,35.584512493045,0.2115706713336,0.276162999957569,0.315040192432117,0.146568411930143,0.0471595050415476,0.226888022999414,0.306082773561516,0.343922587345985,0.136482362555665,0.0558898603854995,241.64992660023,227.656513481977,303,v7.4.6,gap_tied_weak_links_phase3_seed,/Users/asewaket/Documents/LTSpice Superconducting Circuit/matlab_v7_4_6_files/outputs/v7_4_6_as006_gap_weaklink_v800_phase3_seed_303/AS006_v7_4_6_gap_weaklink_scores.csv
AS006,boundary_sns_a3_3_g0_05_p0_1,"SNS-like boundary constriction, alpha=3.3, tau=0.05, p=0.1",boundary_lane,boundary_constriction,shape,3.3,1,0.05,0.1,0.879956427015252,0.05,0.12636165577342,4.78375959710532e-08,3.26623423347587e-07,0.1241738331841,170.532968305671,0.212153028646665,0.277817873549566,0.304644670979972,0.160709056427745,0.0489327749341296,0.215805076312423,0.288675691406782,0.315099880030748,0.15309492331708,0.0475562459551711,242.669608942464,242.918574357202,303,v7.4.6,gap_tied_weak_links_phase3_seed,/Users/asewaket/Documents/LTSpice Superconducting Circuit/matlab_v7_4_6_files/outputs/v7_4_6_as006_gap_weaklink_v800_phase3_seed_303/AS006_v7_4_6_gap_weaklink_scores.csv
AS006,boundary_sns_a3_3_g0_1_p0_1,"SNS-like boundary constriction, alpha=3.3, tau=0.1, p=0.1",boundary_lane,boundary_constriction,shape,3.3,1,0.1,0.1,0.886274509803923,0.1,0.12636165577342,9.65086960809125e-08,3.29468904706599e-07,0.1241738331841,169.060148335473,0.212223831263457,0.279005550657268,0.304958972084045,0.16036341109088,0.0479811406493405,0.22336499584836,0.304482792856752,0.329448925849367,0.145732585111102,0.0536408347597781,242.007463212535,230.531810735098,303,v7.4.6,gap_tied_weak_links_phase3_seed,/Users/asewaket/Documents/LTSpice Superconducting Circuit/matlab_v7_4_6_files/outputs/v7_4_6_as006_gap_weaklink_v800_phase3_seed_303/AS006_v7_4_6_gap_weaklink_scores.csv
AS006,contact_relaxed_a3_7_g0_2_p0_3,"contact-relaxed SNS links, alpha=3.7, tau=0.2, p=0.3",contact_relaxation,contact_relaxed,shape,3.7,0,0.2,0.3,0.759825708061001,0.2,0.300217864923747,2.3316326240542e-07,8.70176723745494e-07,0.050642805509655,63.8560816872143,0.212273712591408,0.279034944482777,0.314794511053886,0.147159277273206,0.0474941275384547,0.228616377703289,0.311702941408284,0.346228188869708,0.136186397128332,0.0552466201757571,239.948037514536,226.967730526839,303,v7.4.6,gap_tied_weak_links_phase3_seed,/Users/asewaket/Documents/LTSpice Superconducting Circuit/matlab_v7_4_6_files/outputs/v7_4_6_as006_gap_weaklink_v800_phase3_seed_303/AS006_v7_4_6_gap_weaklink_scores.csv
AS006,boundary_sns_a4_1_g0_4_p0_2,"SNS-like boundary constriction, alpha=4.1, tau=0.4, p=0.2",boundary_lane,boundary_constriction,shape,4.1,0.999999999999997,0.4,0.2,0.867189542483658,0.4,0.221350762527233,4.40240219754506e-07,4.30324743105252e-07,0.13957013546676,168.127938657712,0.212608943353591,0.283814233964543,0.304150892494454,0.160077098281485,0.0468700480862633,0.227225340743582,0.316056893689204,0.334817204547132,0.143006492723997,0.05538158616623,240.481781029479,226.56368092977,303,v7.4.6,gap_tied_weak_links_phase3_seed,/Users/asewaket/Documents/LTSpice Superconducting Circuit/matlab_v7_4_6_files/outputs/v7_4_6_as006_gap_weaklink_v800_phase3_seed_303/AS006_v7_4_6_gap_weaklink_scores.csv
AS006,crack_tunnel_a3_3_g0_2_p0_05,"tunnel/crack-like links, alpha=3.3, tau=0.2, p=0.05",tear_lane,crack_tunnel,shape,3.3,1,0.2,0.05,0.959564270152505,0.2,0.0505446623093682,1.86946439262239e-07,3.63764240533363e-07,0.114773766388446,168.94546337639,0.212695347604721,0.280609454603418,0.307068141373981,0.158648695396172,0.0471871667705067,0.217961214920967,0.291896742538096,0.317912318369297,0.151533709507174,0.0521456380364997,242.830977991843,242.484560506924,303,v7.4.6,gap_tied_weak_links_phase3_seed,/Users/asewaket/Documents/LTSpice Superconducting Circuit/matlab_v7_4_6_files/outputs/v7_4_6_as006_gap_weaklink_v800_phase3_seed_303/AS006_v7_4_6_gap_weaklink_scores.csv
AS006,crack_tunnel_a3_3_g0_4_p0_1,"tunnel/crack-like links, alpha=3.3, tau=0.4, p=0.1",tear_lane,crack_tunnel,shape,3.3,1,0.4,0.1,0.939869281045751,0.4,0.100217864923747,3.40401785166466e-07,3.71944674197911e-07,0.106544780790964,164.240745806507,0.212780396574744,0.28244100660393,0.308548498869441,0.155810537666118,0.0467379311656189,0.218426471456117,0.296392541787674,0.322052716740132,0.147349894803799,0.047960192692931,242.890962027217,239.966979215292,303,v7.4.6,gap_tied_weak_links_phase3_seed,/Users/asewaket/Documents/LTSpice Superconducting Circuit/matlab_v7_4_6_files/outputs/v7_4_6_as006_gap_weaklink_v800_phase3_seed_303/AS006_v7_4_6_gap_weaklink_scores.csv
AS006,crack_tunnel_a3_7_g0_2_p0_05,"tunnel/crack-like links, alpha=3.7, tau=0.2, p=0.05",tear_lane,crack_tunnel,shape,3.7,0,0.2,0.05,0.959564270152505,0.2,0.0505446623093682,2.09606613718268e-07,4.07856875749529e-07,0.128685738071894,168.94546337639,0.212785617361871,0.282554558135124,0.305730008018176,0.159614596645497,0.0468277688355515,0.218645910713949,0.295452308064714,0.318050061789367,0.151414137079122,0.0519219660247369,241.290342534437,242.585238728657,303,v7.4.6,gap_tied_weak_links_phase3_seed,/Users/asewaket/Documents/LTSpice Superconducting Circuit/matlab_v7_4_6_files/outputs/v7_4_6_as006_gap_weaklink_v800_phase3_seed_303/AS006_v7_4_6_gap_weaklink_scores.csv
AS006,boundary_sns_a3_3_g0_4_p0_2,"SNS-like boundary constriction, alpha=3.3, tau=0.4, p=0.2",boundary_lane,boundary_constriction,shape,3.3,1,0.4,0.2,0.867189542483658,0.4,0.221350762527233,3.543396890707e-07,3.4635893957252e-07,0.112336938302514,168.127938657712,0.212801134695974,0.281794071409734,0.307310681985885,0.157751114475761,0.0472290155001378,0.226003874306634,0.310157751144751,0.334563380535118,0.143145022884186,0.0554444258467336,241.97247207458,228.237090268676,303,v7.4.6,gap_tied_weak_links_phase3_seed,/Users/asewaket/Documents/LTSpice Superconducting Circuit/matlab_v7_4_6_files/outputs/v7_4_6_as006_gap_weaklink_v800_phase3_seed_303/AS006_v7_4_6_gap_weaklink_scores.csv
AS006,boundary_sns_a3_3_g0_2_p0_1,"SNS-like boundary constriction, alpha=3.3, tau=0.2, p=0.1",boundary_lane,boundary_constriction,shape,3.3,1,0.2,0.1,0.898910675381263,0.2,0.12636165577342,1.91166074899769e-07,3.26595724545071e-07,0.1241738331841,170.697384289098,0.212848770541325,0.281634547149406,0.306926309220926,0.158485642198434,0.0473812116725564,0.226373942865179,0.310751072476405,0.334992231539727,0.143367420083702,0.0556729615503406,241.490682095089,227.899048656066,303,v7.4.6,gap_tied_weak_links_phase3_seed,/Users/asewaket/Documents/LTSpice Superconducting Circuit/matlab_v7_4_6_files/outputs/v7_4_6_as006_gap_weaklink_v800_phase3_seed_303/AS006_v7_4_6_gap_weaklink_scores.csv
AS006,crack_tunnel_a4_1_g0_2_p0_05,"tunnel/crack-like links, alpha=4.1, tau=0.2, p=0.05",tear_lane,crack_tunnel,shape,4.1,0.999999999999997,0.2,0.05,0.959564270152505,0.2,0.0505446623093682,2.32266788174297e-07,4.51949510965694e-07,0.142597709755342,168.94546337639,0.212860791947786,0.28358880791855,0.30444586395515,0.160619443875891,0.0471605850540068,0.219151689608005,0.298061944949517,0.318163427497825,0.151327106348369,0.0517516220338539,239.670339838315,242.844630743266,303,v7.4.6,gap_tied_weak_links_phase3_seed,/Users/asewaket/Documents/LTSpice Superconducting Circuit/matlab_v7_4_6_files/outputs/v7_4_6_as006_gap_weaklink_v800_phase3_seed_303/AS006_v7_4_6_gap_weaklink_scores.csv
AS006,boundary_sns_a3_7_g0_4_p0_2,"SNS-like boundary constriction, alpha=3.7, tau=0.4, p=0.2",boundary_lane,boundary_constriction,shape,3.7,0,0.4,0.2,0.867189542483658,0.4,0.221350762527233,3.97289954412603e-07,3.88341841338886e-07,0.125953536884637,168.127938657712,0.212874075962289,0.28347203839876,0.305994914119031,0.158683527385398,0.0470528324726349,0.226692516121458,0.313475274903775,0.334705720845298,0.143060729940113,0.0554263817990995,241.365204996472,227.502393280547,303,v7.4.6,gap_tied_weak_links_phase3_seed,/Users/asewaket/Documents/LTSpice Superconducting Circuit/matlab_v7_4_6_files/outputs/v7_4_6_as006_gap_weaklink_v800_phase3_seed_303/AS006_v7_4_6_gap_weaklink_scores.csv
AS006,crack_tunnel_a3_7_g0_4_p0_1,"tunnel/crack-like links, alpha=3.7, tau=0.4, p=0.1",tear_lane,crack_tunnel,shape,3.7,0,0.4,0.1,0.939869281045751,0.4,0.100217864923747,3.81662607610886e-07,4.17028877130991e-07,0.119459299674718,164.240745806507,0.213197813911545,0.285101776411506,0.307986852971392,0.156158297835592,0.046712428151796,0.219106460765655,0.299880160643832,0.322221086341256,0.147216319926041,0.0477448421796928,241.886804295218,240.279360781715,303,v7.4.6,gap_tied_weak_links_phase3_seed,/Users/asewaket/Documents/LTSpice Superconducting Circuit/matlab_v7_4_6_files/outputs/v7_4_6_as006_gap_weaklink_v800_phase3_seed_303/AS006_v7_4_6_gap_weaklink_scores.csv
AS006,boundary_sns_a3_7_g0_1_p0_1,"SNS-like boundary constriction, alpha=3.7, tau=0.1, p=0.1",boundary_lane,boundary_constriction,shape,3.7,0,0.1,0.1,0.886274509803923,0.1,0.12636165577342,1.08206719848296e-07,3.6940452951952e-07,0.139225206903385,169.060148335473,0.213203930166984,0.283131218462,0.305908483995963,0.159710169678262,0.0479108732821575,0.224109055193579,0.307863743592487,0.329638342796399,0.145715718765607,0.0536697840247014,242.385704741488,230.910799301247,303,v7.4.6,gap_tied_weak_links_phase3_seed,/Users/asewaket/Documents/LTSpice Superconducting Circuit/matlab_v7_4_6_files/outputs/v7_4_6_as006_gap_weaklink_v800_phase3_seed_303/AS006_v7_4_6_gap_weaklink_scores.csv
AS006,boundary_sns_a3_7_g0_05_p0_1,"SNS-like boundary constriction, alpha=3.7, tau=0.05, p=0.1",boundary_lane,boundary_constriction,shape,3.7,0,0.05,0.1,0.879956427015252,0.05,0.12636165577342,5.3636092452393e-08,3.66214141329112e-07,0.139225206903385,170.532968305671,0.213268749627428,0.282092118700317,0.305731723487206,0.160084683941343,0.0491152584075344,0.216577610001528,0.292281726427213,0.315503071972354,0.153012141802793,0.0472107703753155,243.001150800662,243.273530350105,303,v7.4.6,gap_tied_weak_links_phase3_seed,/Users/asewaket/Documents/LTSpice Superconducting Circuit/matlab_v7_4_6_files/outputs/v7_4_6_as006_gap_weaklink_v800_phase3_seed_303/AS006_v7_4_6_gap_weaklink_scores.csv
AS006,crack_tunnel_a4_1_g0_4_p0_1,"tunnel/crack-like links, alpha=4.1, tau=0.4, p=0.1",tear_lane,crack_tunnel,shape,4.1,0.999999999999997,0.4,0.1,0.939869281045751,0.4,0.100217864923747,4.22923430055306e-07,4.62113080064071e-07,0.132373818558471,164.240745806507,0.213299011858314,0.286164712699908,0.306750747523041,0.157068071300897,0.0471814493002187,0.219617554573239,0.302484549037266,0.322360667943758,0.147125103453289,0.0475656756107395,240.47180093362,240.373428840806,303,v7.4.6,gap_tied_weak_links_phase3_seed,/Users/asewaket/Documents/LTSpice Superconducting Circuit/matlab_v7_4_6_files/outputs/v7_4_6_as006_gap_weaklink_v800_phase3_seed_303/AS006_v7_4_6_gap_weaklink_scores.csv
AS006,boundary_sns_a3_7_g0_2_p0_1,"SNS-like boundary constriction, alpha=3.7, tau=0.2, p=0.1",boundary_lane,boundary_constriction,shape,3.7,0,0.2,0.1,0.898910675381263,0.2,0.12636165577342,2.14337720342165e-07,3.66183085095988e-07,0.139225206903385,170.697384289098,0.213767232962483,0.28560850328526,0.307823319439667,0.15782047546478,0.047261258176765,0.227059765351606,0.314002309533825,0.335142757837926,0.143316234399609,0.0556513980083211,241.892223061191,228.243890319338,303,v7.4.6,gap_tied_weak_links_phase3_seed,/Users/asewaket/Documents/LTSpice Superconducting Circuit/matlab_v7_4_6_files/outputs/v7_4_6_as006_gap_weaklink_v800_phase3_seed_303/AS006_v7_4_6_gap_weaklink_scores.csv
AS006,contact_relaxed_a4_1_g0_2_p0_3,"contact-relaxed SNS links, alpha=4.1, tau=0.2, p=0.3",contact_relaxation,contact_relaxed,shape,4.1,0.999999999999997,0.2,0.3,0.759825708061001,0.2,0.300217864923747,2.58370101584384e-07,9.64249883069331e-07,0.0561177034025907,63.8560816872143,0.21376961733943,0.28569722995987,0.315455728510937,0.147000280137799,0.0473529816708928,0.230096845053027,0.31812838160698,0.346726419246438,0.136291300661643,0.0552204841498333,240.162975955155,226.951983547007,303,v7.4.6,gap_tied_weak_links_phase3_seed,/Users/asewaket/Documents/LTSpice Superconducting Circuit/matlab_v7_4_6_files/outputs/v7_4_6_as006_gap_weaklink_v800_phase3_seed_303/AS006_v7_4_6_gap_weaklink_scores.csv
AS006,boundary_sns_a4_1_g0_1_p0_1,"SNS-like boundary constriction, alpha=4.1, tau=0.1, p=0.1",boundary_lane,boundary_constriction,shape,4.1,0.999999999999997,0.1,0.1,0.886274509803923,0.1,0.12636165577342,1.19904743615679e-07,4.09340154332442e-07,0.15427658062267,169.060148335473,0.213887759025138,0.286100669141917,0.306536075073231,0.159291119420425,0.0477860953300877,0.224660256153822,0.310412428443504,0.329784227088275,0.145702479731236,0.0536383552570801,242.624058019933,231.156710972169,303,v7.4.6,gap_tied_weak_links_phase3_seed,/Users/asewaket/Documents/LTSpice Superconducting Circuit/matlab_v7_4_6_files/outputs/v7_4_6_as006_gap_weaklink_v800_phase3_seed_303/AS006_v7_4_6_gap_weaklink_scores.csv
AS006,boundary_sns_a4_1_g0_05_p0_1,"SNS-like boundary constriction, alpha=4.1, tau=0.05, p=0.1",boundary_lane,boundary_constriction,shape,4.1,0.999999999999997,0.05,0.1,0.879956427015252,0.05,0.12636165577342,5.94345889337328e-08,4.05804859310638e-07,0.15427658062267,170.532968305671,0.214113374121656,0.285245607203644,0.30654390235182,0.159643243980194,0.0493153793137067,0.217139466801368,0.294977622047119,0.315819331178057,0.1529498491781,0.0468485709254931,243.183564467177,243.586952802158,303,v7.4.6,gap_tied_weak_links_phase3_seed,/Users/asewaket/Documents/LTSpice Superconducting Circuit/matlab_v7_4_6_files/outputs/v7_4_6_as006_gap_weaklink_v800_phase3_seed_303/AS006_v7_4_6_gap_weaklink_scores.csv
AS006,combined_a4_1_g0_4_p0_05,"combined weak-link classes, alpha=4.1, tau=0.4, p=0.05",combined,boundary_constriction,shape,4.1,0.999999999999997,0.4,0.05,0.969934640522876,0.4,0.0501089324618736,4.90374532070225e-07,4.61024601599073e-07,0.14645904758578,172.549479433944,0.214172244943735,0.288170217056342,0.308287123026677,0.15686370753939,0.0471089079414074,0.222320708873608,0.309316149102784,0.328493321027689,0.144714777494324,0.0465306115988986,239.989105049972,236.519678907601,303,v7.4.6,gap_tied_weak_links_phase3_seed,/Users/asewaket/Documents/LTSpice Superconducting Circuit/matlab_v7_4_6_files/outputs/v7_4_6_as006_gap_weaklink_v800_phase3_seed_303/AS006_v7_4_6_gap_weaklink_scores.csv
AS006,combined_a3_7_g0_4_p0_05,"combined weak-link classes, alpha=3.7, tau=0.4, p=0.05",combined,boundary_constriction,shape,3.7,0,0.4,0.05,0.969934640522876,0.4,0.0501089324618736,4.42533114307277e-07,4.16046591686968e-07,0.132170360016436,172.549479433944,0.214435226959801,0.288107621230802,0.310347380144589,0.155369222198773,0.046749070566707,0.221823568152019,0.306846387033417,0.3283787513126,0.144771441125938,0.0466443375222073,241.702438710403,236.89396252142,303,v7.4.6,gap_tied_weak_links_phase3_seed,/Users/asewaket/Documents/LTSpice Superconducting Circuit/matlab_v7_4_6_files/outputs/v7_4_6_as006_gap_weaklink_v800_phase3_seed_303/AS006_v7_4_6_gap_weaklink_scores.csv
AS006,boundary_sns_a4_1_g0_2_p0_1,"SNS-like boundary constriction, alpha=4.1, tau=0.2, p=0.1",boundary_lane,boundary_constriction,shape,4.1,0.999999999999997,0.2,0.1,0.898910675381263,0.2,0.12636165577342,2.37509365784562e-07,4.05770445646906e-07,0.15427658062267,170.697384289098,0.214472672247071,0.288656039233342,0.308555450731925,0.157294892669334,0.0471166673844741,0.227585443776519,0.316514438925346,0.33526535496691,0.14328165141237,0.0555963444996961,242.210019090074,228.532813154463,303,v7.4.6,gap_tied_weak_links_phase3_seed,/Users/asewaket/Documents/LTSpice Superconducting Circuit/matlab_v7_4_6_files/outputs/v7_4_6_as006_gap_weaklink_v800_phase3_seed_303/AS006_v7_4_6_gap_weaklink_scores.csv
AS006,combined_a3_3_g0_4_p0_05,"combined weak-link classes, alpha=3.3, tau=0.4, p=0.05",combined,boundary_constriction,shape,3.3,1,0.4,0.05,0.969934640522876,0.4,0.0501089324618736,3.94691696544328e-07,3.71068581774864e-07,0.117881672447091,172.549479433944,0.214542542339135,0.287003603671618,0.312169301115516,0.1541383381001,0.0467399084467776,0.221174584950033,0.303626699677626,0.328242342565093,0.144859819013242,0.0467473518170718,243.108129017504,237.36297410024,303,v7.4.6,gap_tied_weak_links_phase3_seed,/Users/asewaket/Documents/LTSpice Superconducting Circuit/matlab_v7_4_6_files/outputs/v7_4_6_as006_gap_weaklink_v800_phase3_seed_303/AS006_v7_4_6_gap_weaklink_scores.csv
AS006,contact_relaxed_a3_7_g0_4_p0_2,"contact-relaxed SNS links, alpha=3.7, tau=0.4, p=0.2",contact_relaxation,contact_relaxed,shape,3.7,0,0.4,0.2,0.879999999999998,0.4,0.2,2.08325732985191e-07,4.9248179453325e-07,0.0482491377497636,133.431487805434,0.214808789358092,0.288930452906241,0.314557899347146,0.15002015834457,0.0471119720959999,0.233941984003547,0.327121858013094,0.351319391943508,0.137156212027779,0.0563338610687774,238.141876161116,223.920619547236,303,v7.4.6,gap_tied_weak_links_phase3_seed,/Users/asewaket/Documents/LTSpice Superconducting Circuit/matlab_v7_4_6_files/outputs/v7_4_6_as006_gap_weaklink_v800_phase3_seed_303/AS006_v7_4_6_gap_weaklink_scores.csv
AS006,contact_relaxed_a4_1_g0_4_p0_2,"contact-relaxed SNS links, alpha=4.1, tau=0.4, p=0.2",contact_relaxation,contact_relaxed,shape,4.1,0.999999999999997,0.4,0.2,0.879999999999998,0.4,0.2,2.30847433848454e-07,5.45723069617926e-07,0.053465260749738,133.431487805434,0.214831534254627,0.290477860993135,0.312547355052069,0.151378727056269,0.0474985301185432,0.234837222316444,0.331179527564316,0.351536908274167,0.137192920194569,0.0563258442949029,236.766388968918,223.268107472348,303,v7.4.6,gap_tied_weak_links_phase3_seed,/Users/asewaket/Documents/LTSpice Superconducting Circuit/matlab_v7_4_6_files/outputs/v7_4_6_as006_gap_weaklink_v800_phase3_seed_303/AS006_v7_4_6_gap_weaklink_scores.csv
AS006,contact_relaxed_a3_3_g0_4_p0_2,"contact-relaxed SNS links, alpha=3.3, tau=0.4, p=0.2",contact_relaxation,contact_relaxed,shape,3.3,1,0.4,0.2,0.879999999999998,0.4,0.2,1.85804032121927e-07,4.39240519448575e-07,0.0430330147497891,133.431487805434,0.214899182243422,0.286890593699295,0.317487338748432,0.148143754171363,0.0468227819938566,0.232691627518746,0.321483018277997,0.350999368612623,0.137112161475815,0.0563360223988736,240.020121517144,225.008052815038,303,v7.4.6,gap_tied_weak_links_phase3_seed,/Users/asewaket/Documents/LTSpice Superconducting Circuit/matlab_v7_4_6_files/outputs/v7_4_6_as006_gap_weaklink_v800_phase3_seed_303/AS006_v7_4_6_gap_weaklink_scores.csv
AS006,contact_relaxed_a4_1_g0_1_p0_1,"contact-relaxed SNS links, alpha=4.1, tau=0.1, p=0.1",contact_relaxation,contact_relaxed,shape,4.1,0.999999999999997,0.1,0.1,0.909803921568628,0.1,0.100217864923747,5.57423406964893e-08,6.19918506705717e-07,0.0475721656212098,124.956350439509,0.215095414792691,0.290573883888743,0.315163044835633,0.148746874070664,0.0474342690240262,0.236530080730604,0.333767767451595,0.356357827478982,0.136060813371473,0.0551804213988642,235.469805585773,222.615116743839,303,v7.4.6,gap_tied_weak_links_phase3_seed,/Users/asewaket/Documents/LTSpice Superconducting Circuit/matlab_v7_4_6_files/outputs/v7_4_6_as006_gap_weaklink_v800_phase3_seed_303/AS006_v7_4_6_gap_weaklink_scores.csv
AS006,boundary_sns_a3_3_g0_4_p0_1,"SNS-like boundary constriction, alpha=3.3, tau=0.4, p=0.1",boundary_lane,boundary_constriction,shape,3.3,1,0.4,0.1,0.924183006535947,0.4,0.12636165577342,3.72099041216207e-07,3.55585615368178e-07,0.1241738331841,175.391738949652,0.215520839898117,0.289798693658168,0.313949094090126,0.152842284358493,0.0473417357265809,0.228366050928738,0.31676683416592,0.340141309137906,0.140828581437119,0.0537804026900379,241.93453276254,229.358403122202,303,v7.4.6,gap_tied_weak_links_phase3_seed,/Users/asewaket/Documents/LTSpice Superconducting Circuit/matlab_v7_4_6_files/outputs/v7_4_6_as006_gap_weaklink_v800_phase3_seed_303/AS006_v7_4_6_gap_weaklink_scores.csv
AS006,contact_relaxed_a4_1_g0_05_p0_1,"contact-relaxed SNS links, alpha=4.1, tau=0.05, p=0.1",contact_relaxation,contact_relaxed,shape,4.1,0.999999999999997,0.05,0.1,0.904793028322441,0.05,0.100217864923747,3.02054928817194e-08,6.71839173152086e-07,0.0475721656212098,115.299549748524,0.215637649360332,0.292402958555482,0.315426328616395,0.149078509821866,0.047441075890155,0.238819029880194,0.337943798197277,0.358980197397985,0.136720780378677,0.0570350302838731,234.985281625085,221.046046770049,303,v7.4.6,gap_tied_weak_links_phase3_seed,/Users/asewaket/Documents/LTSpice Superconducting Circuit/matlab_v7_4_6_files/outputs/v7_4_6_as006_gap_weaklink_v800_phase3_seed_303/AS006_v7_4_6_gap_weaklink_scores.csv
AS006,contact_relaxed_a4_1_g0_2_p0_1,"contact-relaxed SNS links, alpha=4.1, tau=0.2, p=0.1",contact_relaxation,contact_relaxed,shape,4.1,0.999999999999997,0.2,0.1,0.919825708061001,0.2,0.100217864923747,9.98168226973907e-08,5.55038547875088e-07,0.0475721656212098,139.562836607322,0.215703549271149,0.291845959839277,0.316538354370688,0.148113870435848,0.0475873283229552,0.235170538476455,0.331730019086691,0.354621057705833,0.135909794881341,0.053648578708701,236.26529272491,224.55245772316,303,v7.4.6,gap_tied_weak_links_phase3_seed,/Users/asewaket/Documents/LTSpice Superconducting Circuit/matlab_v7_4_6_files/outputs/v7_4_6_as006_gap_weaklink_v800_phase3_seed_303/AS006_v7_4_6_gap_weaklink_scores.csv
AS006,contact_relaxed_a3_3_g0_4_p0_3,"contact-relaxed SNS links, alpha=3.3, tau=0.4, p=0.3",contact_relaxation,contact_relaxed,shape,3.3,1,0.4,0.3,0.819869281045749,0.4,0.300217864923747,2.46747175813702e-07,4.95378739403876e-07,0.0451679076167193,107.634726153507,0.215774822931683,0.289594468342312,0.320457464045473,0.14481193407518,0.0474641666425503,0.231033640824569,0.31959811075956,0.349475426038705,0.135948599521831,0.0540523483932617,240.728108896876,228.358988483061,303,v7.4.6,gap_tied_weak_links_phase3_seed,/Users/asewaket/Documents/LTSpice Superconducting Circuit/matlab_v7_4_6_files/outputs/v7_4_6_as006_gap_weaklink_v800_phase3_seed_303/AS006_v7_4_6_gap_weaklink_scores.csv
AS006,contact_relaxed_a3_7_g0_4_p0_3,"contact-relaxed SNS links, alpha=3.7, tau=0.4, p=0.3",contact_relaxation,contact_relaxed,shape,3.7,0,0.4,0.3,0.819869281045749,0.4,0.300217864923747,2.76655924397181e-07,5.55424647210406e-07,0.050642805509655,107.634726153507,0.216315700196105,0.293707289114259,0.319039570695747,0.145766400333545,0.0473439627317767,0.232441548144644,0.32571002616747,0.349944544539184,0.136060182140682,0.0540195339363268,239.935581545901,227.46542820307,303,v7.4.6,gap_tied_weak_links_phase3_seed,/Users/asewaket/Documents/LTSpice Superconducting Circuit/matlab_v7_4_6_files/outputs/v7_4_6_as006_gap_weaklink_v800_phase3_seed_303/AS006_v7_4_6_gap_weaklink_scores.csv
AS006,boundary_sns_a3_7_g0_4_p0_1,"SNS-like boundary constriction, alpha=3.7, tau=0.4, p=0.1",boundary_lane,boundary_constriction,shape,3.7,0,0.4,0.1,0.924183006535947,0.4,0.12636165577342,4.1720195530302e-07,3.98686902079473e-07,0.139225206903385,175.391738949652,0.216369957711054,0.293493702572828,0.314764952661271,0.152320865481657,0.0471163369731436,0.229019204156058,0.319842287638073,0.340285200597689,0.140794256587158,0.0537618113623114,242.424046327674,229.540557528828,303,v7.4.6,gap_tied_weak_links_phase3_seed,/Users/asewaket/Documents/LTSpice Superconducting Circuit/matlab_v7_4_6_files/outputs/v7_4_6_as006_gap_weaklink_v800_phase3_seed_303/AS006_v7_4_6_gap_weaklink_scores.csv
AS006,contact_relaxed_a4_1_g0_4_p0_3,"contact-relaxed SNS links, alpha=4.1, tau=0.4, p=0.3",contact_relaxation,contact_relaxed,shape,4.1,0.999999999999997,0.4,0.3,0.819869281045749,0.4,0.300217864923747,3.0656467298066e-07,6.15470555016937e-07,0.0561177034025907,107.634726153507,0.216393964250171,0.295736295060802,0.317443323099409,0.146780579711468,0.0472319861267525,0.233383233183198,0.329772060631078,0.350270631000527,0.136141559928715,0.0539935511230954,239.130420202833,226.550666460268,303,v7.4.6,gap_tied_weak_links_phase3_seed,/Users/asewaket/Documents/LTSpice Superconducting Circuit/matlab_v7_4_6_files/outputs/v7_4_6_as006_gap_weaklink_v800_phase3_seed_303/AS006_v7_4_6_gap_weaklink_scores.csv
AS006,crack_tunnel_a4_1_g0_4_p0_05,"tunnel/crack-like links, alpha=4.1, tau=0.4, p=0.05",tear_lane,crack_tunnel,shape,4.1,0.999999999999997,0.4,0.05,0.969673202614379,0.4,0.0505446623093682,4.49298929408064e-07,4.52154989839561e-07,0.142597709755342,174.673998029554,0.216461985513317,0.294522171752152,0.314014467341883,0.152875207949464,0.0471684280293063,0.222706694298646,0.309910952854707,0.328770423509181,0.144571639868848,0.0475597276613975,241.116056790942,240.587023984791,303,v7.4.6,gap_tied_weak_links_phase3_seed,/Users/asewaket/Documents/LTSpice Superconducting Circuit/matlab_v7_4_6_files/outputs/v7_4_6_as006_gap_weaklink_v800_phase3_seed_303/AS006_v7_4_6_gap_weaklink_scores.csv
AS006,combined_a4_1_g0_7_p0_2,"combined weak-link classes, alpha=4.1, tau=0.7, p=0.2",combined,boundary_constriction,shape,4.1,0.999999999999997,0.7,0.2,0.939999999999999,0.7,0.2,7.52253120686191e-07,4.63952999594754e-07,0.137836945471182,171.915605176524,0.216640046698208,0.296309537584496,0.315738930172198,0.14985144030296,0.0470332677264955,0.229903762201807,0.324541958847733,0.342984341337064,0.138483222070565,0.0516502272332356,240.927193650862,229.591126315356,303,v7.4.6,gap_tied_weak_links_phase3_seed,/Users/asewaket/Documents/LTSpice Superconducting Circuit/matlab_v7_4_6_files/outputs/v7_4_6_as006_gap_weaklink_v800_phase3_seed_303/AS006_v7_4_6_gap_weaklink_scores.csv
AS006,boundary_sns_a4_1_g0_7_p0_3,"SNS-like boundary constriction, alpha=4.1, tau=0.7, p=0.3",boundary_lane,boundary_constriction,shape,4.1,0.999999999999997,0.7,0.3,0.905228758169932,0.7,0.315904139433551,6.63501353353281e-07,4.53746240288186e-07,0.119408595012527,171.909657619898,0.216678547741507,0.296943042822724,0.315934163601451,0.149368847763787,0.0468538498775391,0.231318376862023,0.326813026664528,0.344818820080902,0.138022858660056,0.0538173491789359,241.297959106478,227.846474573423,303,v7.4.6,gap_tied_weak_links_phase3_seed,/Users/asewaket/Documents/LTSpice Superconducting Circuit/matlab_v7_4_6_files/outputs/v7_4_6_as006_gap_weaklink_v800_phase3_seed_303/AS006_v7_4_6_gap_weaklink_scores.csv
AS006,contact_relaxed_a3_7_g0_1_p0_1,"contact-relaxed SNS links, alpha=3.7, tau=0.1, p=0.1",contact_relaxation,contact_relaxed,shape,3.7,0,0.1,0.1,0.909803921568628,0.1,0.100217864923747,5.03040635553684e-08,5.59438652392964e-07,0.0429309787313357,124.956350439509,0.21669726426006,0.293170303381774,0.320704796059347,0.145499307913337,0.0472084899229988,0.235533331337115,0.329689364699356,0.355788432332904,0.136106150591178,0.0552148471646663,238.509117648704,225.108840727023,303,v7.4.6,gap_tied_weak_links_phase3_seed,/Users/asewaket/Documents/LTSpice Superconducting Circuit/matlab_v7_4_6_files/outputs/v7_4_6_as006_gap_weaklink_v800_phase3_seed_303/AS006_v7_4_6_gap_weaklink_scores.csv
AS006,combined_a4_1_g0_7_p0_3,"combined weak-link classes, alpha=4.1, tau=0.7, p=0.3",combined,boundary_constriction,shape,4.1,0.999999999999997,0.7,0.3,0.909934640522874,0.7,0.300217864923747,6.47612207461589e-07,4.72640504542908e-07,0.114264907986916,164.596446203031,0.216733254174379,0.29673361561881,0.316598892091257,0.148634758825482,0.0470911455615338,0.229517540310465,0.323989718866933,0.342976770886976,0.138073790410483,0.0507963956200811,240.93201367092,230.451831827894,303,v7.4.6,gap_tied_weak_links_phase3_seed,/Users/asewaket/Documents/LTSpice Superconducting Circuit/matlab_v7_4_6_files/outputs/v7_4_6_as006_gap_weaklink_v800_phase3_seed_303/AS006_v7_4_6_gap_weaklink_scores.csv
AS006,crack_tunnel_a3_7_g0_4_p0_05,"tunnel/crack-like links, alpha=3.7, tau=0.4, p=0.05",tear_lane,crack_tunnel,shape,3.7,0,0.4,0.05,0.969673202614379,0.4,0.0505446623093682,4.05464887514595e-07,4.08042307903994e-07,0.128685738071894,174.673998029554,0.216808469645346,0.29461532812431,0.316266677194956,0.151398610987918,0.0467120712763508,0.222215958078074,0.307438266389499,0.328657916171889,0.144634356207303,0.0476972254409375,243.153479229471,240.830857106786,303,v7.4.6,gap_tied_weak_links_phase3_seed,/Users/asewaket/Documents/LTSpice Superconducting Circuit/matlab_v7_4_6_files/outputs/v7_4_6_as006_gap_weaklink_v800_phase3_seed_303/AS006_v7_4_6_gap_weaklink_scores.csv
AS006,crack_tunnel_a3_3_g0_4_p0_05,"tunnel/crack-like links, alpha=3.3, tau=0.4, p=0.05",tear_lane,crack_tunnel,shape,3.3,1,0.4,0.05,0.969673202614379,0.4,0.0505446623093682,3.61630845621125e-07,3.63929625968427e-07,0.114773766388446,174.673998029554,0.216816669800509,0.293081850500635,0.317665176419009,0.150575371916218,0.0468682248733723,0.221594704845173,0.304259562618335,0.328526112558741,0.144734478931699,0.0478751659651118,244.634669395296,240.82699170232,303,v7.4.6,gap_tied_weak_links_phase3_seed,/Users/asewaket/Documents/LTSpice Superconducting Circuit/matlab_v7_4_6_files/outputs/v7_4_6_as006_gap_weaklink_v800_phase3_seed_303/AS006_v7_4_6_gap_weaklink_scores.csv
AS006,boundary_sns_a4_1_g0_4_p0_1,"SNS-like boundary constriction, alpha=4.1, tau=0.4, p=0.1",boundary_lane,boundary_constriction,shape,4.1,0.999999999999997,0.4,0.1,0.924183006535947,0.4,0.12636165577342,4.62304869389833e-07,4.41788188790767e-07,0.15427658062267,175.391738949652,0.21697135611921,0.296177402394255,0.315219881726535,0.152058846377969,0.0469710272079,0.22953938562928,0.322301957453265,0.34040207396918,0.140779323355517,0.0537171870526733,242.634509546194,229.670954888655,303,v7.4.6,gap_tied_weak_links_phase3_seed,/Users/asewaket/Documents/LTSpice Superconducting Circuit/matlab_v7_4_6_files/outputs/v7_4_6_as006_gap_weaklink_v800_phase3_seed_303/AS006_v7_4_6_gap_weaklink_scores.csv
AS006,contact_relaxed_a3_7_g0_05_p0_1,"contact-relaxed SNS links, alpha=3.7, tau=0.05, p=0.1",contact_relaxation,contact_relaxed,shape,3.7,0,0.05,0.1,0.904793028322441,0.05,0.100217864923747,2.72586155274053e-08,6.06293887966517e-07,0.0429309787313357,115.299549748524,0.217188256780898,0.294742192091564,0.320716061666721,0.146072795299809,0.0473549897714046,0.237885037293823,0.333998035307782,0.358493928796879,0.136795163517174,0.057068821370325,237.741783673568,223.479197650088,303,v7.4.6,gap_tied_weak_links_phase3_seed,/Users/asewaket/Documents/LTSpice Superconducting Circuit/matlab_v7_4_6_files/outputs/v7_4_6_as006_gap_weaklink_v800_phase3_seed_303/AS006_v7_4_6_gap_weaklink_scores.csv
AS006,combined_a4_1_g0_7_p0_1,"combined weak-link classes, alpha=4.1, tau=0.7, p=0.1",combined,boundary_constriction,shape,4.1,0.999999999999997,0.7,0.1,0.969934640522875,0.7,0.100217864923747,7.74507939630337e-07,4.55909190574004e-07,0.139972665967885,177.203826175824,0.217251913804075,0.297832930825296,0.316741137389234,0.149913333211413,0.0467379812496528,0.228927587349263,0.323707578110889,0.341706586584556,0.1389949608087,0.0492001311015778,241.239798400608,231.261413054939,303,v7.4.6,gap_tied_weak_links_phase3_seed,/Users/asewaket/Documents/LTSpice Superconducting Circuit/matlab_v7_4_6_files/outputs/v7_4_6_as006_gap_weaklink_v800_phase3_seed_303/AS006_v7_4_6_gap_weaklink_scores.csv
AS006,contact_relaxed_a3_7_g0_2_p0_1,"contact-relaxed SNS links, alpha=3.7, tau=0.2, p=0.1",contact_relaxation,contact_relaxed,shape,3.7,0,0.2,0.1,0.919825708061001,0.2,0.100217864923747,9.00785960927672e-08,5.00888445643372e-07,0.0429309787313357,139.562836607322,0.217743931096213,0.295491986426927,0.323162256358436,0.144334244750471,0.0472759144887826,0.234197944231357,0.327696978221076,0.354152372376016,0.135887256371385,0.0536670208134503,239.822293880835,227.452842632268,303,v7.4.6,gap_tied_weak_links_phase3_seed,/Users/asewaket/Documents/LTSpice Superconducting Circuit/matlab_v7_4_6_files/outputs/v7_4_6_as006_gap_weaklink_v800_phase3_seed_303/AS006_v7_4_6_gap_weaklink_scores.csv
AS006,boundary_sns_a4_1_g0_7_p0_2,"SNS-like boundary constriction, alpha=4.1, tau=0.7, p=0.2",boundary_lane,boundary_constriction,shape,4.1,0.999999999999997,0.7,0.2,0.933594771241829,0.7,0.221350762527233,7.24202868474474e-07,4.4645080998205e-07,0.13957013546676,178.857605784623,0.217749729372777,0.298895982864381,0.317418304025603,0.150022969225512,0.0468419204228092,0.231735892062878,0.327939174705937,0.345387845420682,0.138737813778586,0.0528892888990276,241.252125737664,228.557318800484,303,v7.4.6,gap_tied_weak_links_phase3_seed,/Users/asewaket/Documents/LTSpice Superconducting Circuit/matlab_v7_4_6_files/outputs/v7_4_6_as006_gap_weaklink_v800_phase3_seed_303/AS006_v7_4_6_gap_weaklink_scores.csv
AS006,crack_tunnel_a4_1_g0_7_p0_2,"tunnel/crack-like links, alpha=4.1, tau=0.7, p=0.2",tear_lane,crack_tunnel,shape,4.1,0.999999999999997,0.7,0.2,0.93986928104575,0.7,0.200435729847495,6.07380381158899e-07,4.622098563468e-07,0.105938416365739,167.592172914927,0.217815132549887,0.299915565159356,0.318823466583419,0.147203900408964,0.0472141555578896,0.227697372995178,0.322026109336726,0.340302751765455,0.138210224320863,0.0481681596485376,241.794488429111,233.989987629333,303,v7.4.6,gap_tied_weak_links_phase3_seed,/Users/asewaket/Documents/LTSpice Superconducting Circuit/matlab_v7_4_6_files/outputs/v7_4_6_as006_gap_weaklink_v800_phase3_seed_303/AS006_v7_4_6_gap_weaklink_scores.csv
AS006,contact_relaxed_a3_3_g0_1_p0_1,"contact-relaxed SNS links, alpha=3.3, tau=0.1, p=0.1",contact_relaxation,contact_relaxed,shape,3.3,1,0.1,0.1,0.909803921568628,0.1,0.100217864923747,4.48657864142475e-08,4.98958798080211e-07,0.0382897918414616,124.956350439509,0.217862765776795,0.293798025835012,0.325425015939266,0.143041896187264,0.0472196549211686,0.234226464328282,0.3243785025294,0.355021270249119,0.136173442227669,0.0552497933914641,241.098690208353,227.506163757752,303,v7.4.6,gap_tied_weak_links_phase3_seed,/Users/asewaket/Documents/LTSpice Superconducting Circuit/matlab_v7_4_6_files/outputs/v7_4_6_as006_gap_weaklink_v800_phase3_seed_303/AS006_v7_4_6_gap_weaklink_scores.csv
AS006,crack_tunnel_a4_1_g0_7_p0_3,"tunnel/crack-like links, alpha=4.1, tau=0.7, p=0.3",tear_lane,crack_tunnel,shape,4.1,0.999999999999997,0.7,0.3,0.909934640522874,0.7,0.300217864923747,5.74452936790503e-07,4.65240383635218e-07,0.0963057106737389,159.838949875806,0.217919119474102,0.300552539698503,0.319584381766229,0.145877074253244,0.0474240467645531,0.227285195254422,0.321541899238594,0.340031763172707,0.137567443411193,0.0478691872172871,241.924327635623,234.858979649846,303,v7.4.6,gap_tied_weak_links_phase3_seed,/Users/asewaket/Documents/LTSpice Superconducting Circuit/matlab_v7_4_6_files/outputs/v7_4_6_as006_gap_weaklink_v800_phase3_seed_303/AS006_v7_4_6_gap_weaklink_scores.csv
AS006,combined_a3_7_g0_7_p0_2,"combined weak-link classes, alpha=3.7, tau=0.7, p=0.2",combined,boundary_constriction,shape,3.7,0,0.7,0.2,0.939999999999999,0.7,0.2,6.78862572326563e-07,4.18689292317217e-07,0.124389438595945,171.915605176524,0.217970803348619,0.29858284546195,0.32002160316985,0.147340710959943,0.0470574770339786,0.229380096280104,0.322077461338823,0.342858942691874,0.138503051603856,0.0516910558460991,243.105042409935,231.503474702693,303,v7.4.6,gap_tied_weak_links_phase3_seed,/Users/asewaket/Documents/LTSpice Superconducting Circuit/matlab_v7_4_6_files/outputs/v7_4_6_as006_gap_weaklink_v800_phase3_seed_303/AS006_v7_4_6_gap_weaklink_scores.csv
AS006,contact_relaxed_a3_3_g0_05_p0_1,"contact-relaxed SNS links, alpha=3.3, tau=0.05, p=0.1",contact_relaxation,contact_relaxed,shape,3.3,1,0.05,0.1,0.904793028322441,0.05,0.100217864923747,2.43117381730912e-08,5.40748602780947e-07,0.0382897918414616,115.299549748524,0.21805100271949,0.294468552763326,0.324649338135141,0.144070285180128,0.0475622626224664,0.236625778399934,0.328723361637595,0.357830143149986,0.13688184106253,0.0571004785214345,239.740224347806,225.612332847857,303,v7.4.6,gap_tied_weak_links_phase3_seed,/Users/asewaket/Documents/LTSpice Superconducting Circuit/matlab_v7_4_6_files/outputs/v7_4_6_as006_gap_weaklink_v800_phase3_seed_303/AS006_v7_4_6_gap_weaklink_scores.csv
AS006,combined_a3_7_g0_7_p0_3,"combined weak-link classes, alpha=3.7, tau=0.7, p=0.3",combined,boundary_constriction,shape,3.7,0,0.7,0.3,0.909934640522874,0.7,0.300217864923747,5.84430528684849e-07,4.26529235807015e-07,0.103117112085753,164.596446203031,0.21824560896871,0.299333988172276,0.321384169684788,0.145951757305566,0.0470320630909376,0.228936436306127,0.321312117635226,0.342821081316996,0.138091219515832,0.0508191471958761,243.376734872075,232.582476284628,303,v7.4.6,gap_tied_weak_links_phase3_seed,/Users/asewaket/Documents/LTSpice Superconducting Circuit/matlab_v7_4_6_files/outputs/v7_4_6_as006_gap_weaklink_v800_phase3_seed_303/AS006_v7_4_6_gap_weaklink_scores.csv
AS006,boundary_sns_a3_7_g0_7_p0_3,"SNS-like boundary constriction, alpha=3.7, tau=0.7, p=0.3",boundary_lane,boundary_constriction,shape,3.7,0,0.7,0.3,0.905228758169932,0.7,0.315904139433551,5.98769514001741e-07,4.09478314406412e-07,0.107758975986914,171.909657619898,0.218262297986657,0.299779823715175,0.320786319152425,0.146582252487763,0.0469277920916638,0.23078278991156,0.324314513610329,0.344700569845066,0.13804405735584,0.0538183670238044,243.666852341837,230.065045903513,303,v7.4.6,gap_tied_weak_links_phase3_seed,/Users/asewaket/Documents/LTSpice Superconducting Circuit/matlab_v7_4_6_files/outputs/v7_4_6_as006_gap_weaklink_v800_phase3_seed_303/AS006_v7_4_6_gap_weaklink_scores.csv
AS006,contact_relaxed_a4_1_g0_4_p0_1,"contact-relaxed SNS links, alpha=4.1, tau=0.4, p=0.1",contact_relaxation,contact_relaxed,shape,4.1,0.999999999999997,0.4,0.1,0.939869281045751,0.4,0.100217864923747,1.74892143570686e-07,4.89242394733211e-07,0.0475721656212098,159.306400303197,0.218506306097433,0.299871680800036,0.321567137886238,0.14587835563865,0.0475694138378978,0.235090829740167,0.333433004849464,0.353887295596271,0.136136295646986,0.0525480069991641,238.546483441137,227.470976979556,303,v7.4.6,gap_tied_weak_links_phase3_seed,/Users/asewaket/Documents/LTSpice Superconducting Circuit/matlab_v7_4_6_files/outputs/v7_4_6_as006_gap_weaklink_v800_phase3_seed_303/AS006_v7_4_6_gap_weaklink_scores.csv
AS006,combined_a3_7_g0_7_p0_1,"combined weak-link classes, alpha=3.7, tau=0.7, p=0.1",combined,boundary_constriction,shape,3.7,0,0.7,0.1,0.969934640522875,0.7,0.100217864923747,6.989461894225e-07,4.1143024515215e-07,0.126316796117359,177.203826175824,0.218593927509425,0.300186274577202,0.321039284763016,0.14739779552268,0.0467173702312957,0.228424778774138,0.321322583509659,0.341583269927436,0.139021890344139,0.049253225057844,243.563270942918,233.075573340494,303,v7.4.6,gap_tied_weak_links_phase3_seed,/Users/asewaket/Documents/LTSpice Superconducting Circuit/matlab_v7_4_6_files/outputs/v7_4_6_as006_gap_weaklink_v800_phase3_seed_303/AS006_v7_4_6_gap_weaklink_scores.csv
AS006,boundary_sns_a3_3_g0_1_p0_05,"SNS-like boundary constriction, alpha=3.3, tau=0.1, p=0.05",boundary_lane,boundary_constriction,shape,3.3,1,0.1,0.05,0.943137254901961,0.1,0.0631808278867102,9.4344474827379e-08,3.38045282295143e-07,0.128764036844206,179.247124511127,0.218681028004941,0.297755962155797,0.321338664002475,0.148816605379342,0.0472857591403992,0.228768699472958,0.318203066046102,0.34128266927642,0.140681730477685,0.0525435969878463,244.567281211564,232.558127025064,303,v7.4.6,gap_tied_weak_links_phase3_seed,/Users/asewaket/Documents/LTSpice Superconducting Circuit/matlab_v7_4_6_files/outputs/v7_4_6_as006_gap_weaklink_v800_phase3_seed_303/AS006_v7_4_6_gap_weaklink_scores.csv
AS006,boundary_sns_a4_1_g0_05_p0_05,"SNS-like boundary constriction, alpha=4.1, tau=0.05, p=0.05",boundary_lane,boundary_constriction,shape,4.1,0.999999999999997,0.05,0.05,0.939978213507626,0.05,0.0631808278867102,5.84932706445353e-08,4.19173973326519e-07,0.15997956092765,179.598491400423,0.218690921805356,0.300468817551247,0.319283381795708,0.150231192998163,0.0464508820853391,0.227346813875188,0.31926099985786,0.33742150824849,0.141872533226958,0.0496447635495258,245.380365051708,233.401423856439,303,v7.4.6,gap_tied_weak_links_phase3_seed,/Users/asewaket/Documents/LTSpice Superconducting Circuit/matlab_v7_4_6_files/outputs/v7_4_6_as006_gap_weaklink_v800_phase3_seed_303/AS006_v7_4_6_gap_weaklink_scores.csv
AS006,boundary_sns_a3_3_g0_05_p0_05,"SNS-like boundary constriction, alpha=3.3, tau=0.05, p=0.05",boundary_lane,boundary_constriction,shape,3.3,1,0.05,0.05,0.939978213507626,0.05,0.0631808278867102,4.70799495431625e-08,3.37383929750613e-07,0.128764036844206,179.598491400423,0.218703439954234,0.297384478391003,0.321217209788298,0.149041305127512,0.0477009728412533,0.226103554748927,0.31366592911907,0.337084385152206,0.141870586741957,0.0496159371817602,244.86315550054,235.978288843933,303,v7.4.6,gap_tied_weak_links_phase3_seed,/Users/asewaket/Documents/LTSpice Superconducting Circuit/matlab_v7_4_6_files/outputs/v7_4_6_as006_gap_weaklink_v800_phase3_seed_303/AS006_v7_4_6_gap_weaklink_scores.csv
AS006,boundary_sns_a3_7_g0_05_p0_05,"SNS-like boundary constriction, alpha=3.7, tau=0.05, p=0.05",boundary_lane,boundary_constriction,shape,3.7,0,0.05,0.05,0.939978213507626,0.05,0.0631808278867102,5.27866100938489e-08,3.78278951538566e-07,0.144371798885928,179.598491400423,0.218741059792989,0.299300429722396,0.32029948496496,0.149586019195599,0.0468982465593679,0.226795489228425,0.316781780926516,0.337269498434218,0.141866193512953,0.049641301064538,245.129425215744,234.711504171023,303,v7.4.6,gap_tied_weak_links_phase3_seed,/Users/asewaket/Documents/LTSpice Superconducting Circuit/matlab_v7_4_6_files/outputs/v7_4_6_as006_gap_weaklink_v800_phase3_seed_303/AS006_v7_4_6_gap_weaklink_scores.csv
AS006,combined_a4_1_g0_7_p0_05,"combined weak-link classes, alpha=4.1, tau=0.7, p=0.05",combined,boundary_constriction,shape,4.1,0.999999999999997,0.7,0.05,0.984967320261438,0.7,0.0501089324618736,8.16083487517186e-07,4.49559266574933e-07,0.14645904758578,181.445005540011,0.218815566058843,0.301617105720368,0.320021171339689,0.148394399143904,0.0469306757995097,0.228907182825563,0.324549878740769,0.342171323514612,0.138947500723475,0.0475018433321334,241.220512531555,233.810567014783,303,v7.4.6,gap_tied_weak_links_phase3_seed,/Users/asewaket/Documents/LTSpice Superconducting Circuit/matlab_v7_4_6_files/outputs/v7_4_6_as006_gap_weaklink_v800_phase3_seed_303/AS006_v7_4_6_gap_weaklink_scores.csv
AS006,crack_tunnel_a4_1_g0_7_p0_1,"tunnel/crack-like links, alpha=4.1, tau=0.7, p=0.1",tear_lane,crack_tunnel,shape,4.1,0.999999999999997,0.7,0.1,0.969934640522875,0.7,0.100217864923747,6.85444974094778e-07,4.52642982789819e-07,0.132373818558471,177.340572684714,0.218843167278316,0.301837506188926,0.320392224181811,0.147721583793588,0.0470399581425009,0.227578639149558,0.322031569513245,0.339946523999218,0.139205441294986,0.0469484076171786,241.783977871245,235.651841641697,303,v7.4.6,gap_tied_weak_links_phase3_seed,/Users/asewaket/Documents/LTSpice Superconducting Circuit/matlab_v7_4_6_files/outputs/v7_4_6_as006_gap_weaklink_v800_phase3_seed_303/AS006_v7_4_6_gap_weaklink_scores.csv
AS006,boundary_sns_a3_7_g0_1_p0_05,"SNS-like boundary constriction, alpha=3.7, tau=0.1, p=0.05",boundary_lane,boundary_constriction,shape,3.7,0,0.1,0.05,0.943137254901961,0.1,0.0631808278867102,1.05780168745849e-07,3.79020468027888e-07,0.144371798885928,179.247124511127,0.218927689232035,0.300071098170954,0.320828137609677,0.149115496153812,0.0467237369800239,0.229421878251362,0.321254473324147,0.34141691916153,0.140674021162329,0.0525327829470726,244.851471762044,231.717320369471,303,v7.4.6,gap_tied_weak_links_phase3_seed,/Users/asewaket/Documents/LTSpice Superconducting Circuit/matlab_v7_4_6_files/outputs/v7_4_6_as006_gap_weaklink_v800_phase3_seed_303/AS006_v7_4_6_gap_weaklink_scores.csv
AS006,combined_a3_3_g0_7_p0_2,"combined weak-link classes, alpha=3.3, tau=0.7, p=0.2",combined,boundary_constriction,shape,3.3,1,0.7,0.2,0.939999999999999,0.7,0.2,6.05472023966934e-07,3.7342558503968e-07,0.110941931720708,171.915605176524,0.218945382755934,0.299440610703655,0.323546732751348,0.145467840853237,0.0472447196946062,0.228725480096421,0.31904336425818,0.34268270102754,0.138541717540962,0.0517121624995272,244.758149294787,233.282764846832,303,v7.4.6,gap_tied_weak_links_phase3_seed,/Users/asewaket/Documents/LTSpice Superconducting Circuit/matlab_v7_4_6_files/outputs/v7_4_6_as006_gap_weaklink_v800_phase3_seed_303/AS006_v7_4_6_gap_weaklink_scores.csv
AS006,boundary_sns_a4_1_g0_1_p0_05,"SNS-like boundary constriction, alpha=4.1, tau=0.1, p=0.05",boundary_lane,boundary_constriction,shape,4.1,0.999999999999997,0.1,0.05,0.943137254901961,0.1,0.0631808278867102,1.17215862664319e-07,4.19995653760632e-07,0.15997956092765,179.247124511127,0.219062737386158,0.301656074960934,0.320215992089679,0.149495907502501,0.046409741434791,0.229945254708669,0.323704466215786,0.341528908781466,0.140672274611991,0.0525058736950055,244.949426139622,230.977382840796,303,v7.4.6,gap_tied_weak_links_phase3_seed,/Users/asewaket/Documents/LTSpice Superconducting Circuit/matlab_v7_4_6_files/outputs/v7_4_6_as006_gap_weaklink_v800_phase3_seed_303/AS006_v7_4_6_gap_weaklink_scores.csv
AS006,contact_relaxed_a3_3_g0_2_p0_1,"contact-relaxed SNS links, alpha=3.3, tau=0.2, p=0.1",contact_relaxation,contact_relaxed,shape,3.3,1,0.2,0.1,0.919825708061001,0.2,0.100217864923747,8.03403694881437e-08,4.46738343411656e-07,0.0382897918414616,139.562836607322,0.219196628511654,0.29696529601813,0.328651753920697,0.141568002347823,0.0469172742441403,0.232945813392587,0.322581987793923,0.353495299881299,0.13586941065684,0.0536935410556908,243.085290484788,229.840002518519,303,v7.4.6,gap_tied_weak_links_phase3_seed,/Users/asewaket/Documents/LTSpice Superconducting Circuit/matlab_v7_4_6_files/outputs/v7_4_6_as006_gap_weaklink_v800_phase3_seed_303/AS006_v7_4_6_gap_weaklink_scores.csv
AS006,boundary_sns_a3_7_g0_7_p0_2,"SNS-like boundary constriction, alpha=3.7, tau=0.7, p=0.2",boundary_lane,boundary_constriction,shape,3.7,0,0.7,0.2,0.933594771241829,0.7,0.221350762527233,6.5354893008672e-07,4.02894633398436e-07,0.125953536884637,178.857605784623,0.219215669343512,0.301445809080251,0.321956721657098,0.1474048738268,0.0469521824538857,0.23121872434446,0.325478465552147,0.345278579010058,0.13876502913975,0.0529213564778623,243.466379613745,230.66143709752,303,v7.4.6,gap_tied_weak_links_phase3_seed,/Users/asewaket/Documents/LTSpice Superconducting Circuit/matlab_v7_4_6_files/outputs/v7_4_6_as006_gap_weaklink_v800_phase3_seed_303/AS006_v7_4_6_gap_weaklink_scores.csv
AS006,crack_tunnel_a3_7_g0_7_p0_2,"tunnel/crack-like links, alpha=3.7, tau=0.7, p=0.2",tear_lane,crack_tunnel,shape,3.7,0,0.7,0.2,0.93986928104575,0.7,0.200435729847495,5.48123758606812e-07,4.17116211825161e-07,0.0956029611105452,167.592172914927,0.219234724295836,0.302346033913542,0.32325787306032,0.144788020676174,0.0471412838648589,0.227148573900317,0.319556531596358,0.340102446415363,0.138227158084263,0.048223109073012,244.149066104321,235.96320882649,303,v7.4.6,gap_tied_weak_links_phase3_seed,/Users/asewaket/Documents/LTSpice Superconducting Circuit/matlab_v7_4_6_files/outputs/v7_4_6_as006_gap_weaklink_v800_phase3_seed_303/AS006_v7_4_6_gap_weaklink_scores.csv
AS006,combined_a3_3_g0_7_p0_3,"combined weak-link classes, alpha=3.3, tau=0.7, p=0.3",combined,boundary_constriction,shape,3.3,1,0.7,0.3,0.909934640522874,0.7,0.300217864923747,5.21248849908108e-07,3.80417967071121e-07,0.0919693161845909,164.596446203031,0.219397950254115,0.300466995623209,0.325347719362754,0.14396607598887,0.0472066517764583,0.228231165088144,0.318086297974397,0.342611143011653,0.138122577190273,0.0508468057080907,245.251448316633,234.576755224032,303,v7.4.6,gap_tied_weak_links_phase3_seed,/Users/asewaket/Documents/LTSpice Superconducting Circuit/matlab_v7_4_6_files/outputs/v7_4_6_as006_gap_weaklink_v800_phase3_seed_303/AS006_v7_4_6_gap_weaklink_scores.csv
AS006,boundary_sns_a3_3_g0_7_p0_3,"SNS-like boundary constriction, alpha=3.3, tau=0.7, p=0.3",boundary_lane,boundary_constriction,shape,3.3,1,0.7,0.3,0.905228758169932,0.7,0.315904139433551,5.34037674650202e-07,3.65210388524638e-07,0.096109356961302,171.909657619898,0.219403478546926,0.301006290924821,0.324642519088455,0.144611643631609,0.0471221388655032,0.230137038119353,0.321325498639496,0.344547643406585,0.138085890353315,0.0537939530541011,245.385135347764,232.04550529833,303,v7.4.6,gap_tied_weak_links_phase3_seed,/Users/asewaket/Documents/LTSpice Superconducting Circuit/matlab_v7_4_6_files/outputs/v7_4_6_as006_gap_weaklink_v800_phase3_seed_303/AS006_v7_4_6_gap_weaklink_scores.csv
AS006,boundary_sns_a3_3_g0_2_p0_05,"SNS-like boundary constriction, alpha=3.3, tau=0.2, p=0.05",boundary_lane,boundary_constriction,shape,3.3,1,0.2,0.05,0.949455337690632,0.2,0.0631808278867102,1.87633136704768e-07,3.36153742873342e-07,0.128764036844206,180.255749312859,0.21942870473965,0.299903844410129,0.323154321796735,0.1475621453737,0.0472669344267074,0.229726760231201,0.320464160286164,0.343248881346408,0.139914185172353,0.0525913670481857,244.546088832836,232.477336947053,303,v7.4.6,gap_tied_weak_links_phase3_seed,/Users/asewaket/Documents/LTSpice Superconducting Circuit/matlab_v7_4_6_files/outputs/v7_4_6_as006_gap_weaklink_v800_phase3_seed_303/AS006_v7_4_6_gap_weaklink_scores.csv
AS006,combined_a3_3_g0_7_p0_1,"combined weak-link classes, alpha=3.3, tau=0.7, p=0.1",combined,boundary_constriction,shape,3.3,1,0.7,0.1,0.969934640522875,0.7,0.100217864923747,6.23384439214662e-07,3.66951299730296e-07,0.112660926266834,177.203826175824,0.219518354372092,0.300964799001229,0.324426046131983,0.145609748436764,0.0468692065823055,0.227797395312065,0.318375601276702,0.341422400874757,0.139071075198203,0.0492833297550433,245.138763161331,234.812204616773,303,v7.4.6,gap_tied_weak_links_phase3_seed,/Users/asewaket/Documents/LTSpice Superconducting Circuit/matlab_v7_4_6_files/outputs/v7_4_6_as006_gap_weaklink_v800_phase3_seed_303/AS006_v7_4_6_gap_weaklink_scores.csv
AS006,crack_tunnel_a3_7_g0_7_p0_3,"tunnel/crack-like links, alpha=3.7, tau=0.7, p=0.3",tear_lane,crack_tunnel,shape,3.7,0,0.7,0.3,0.909934640522874,0.7,0.300217864923747,5.18408747835332e-07,4.19851077914709e-07,0.0869100315836181,159.838949875806,0.219541555647309,0.303388325995785,0.324397773793644,0.143345173109333,0.0474418817152159,0.226711235954836,0.319065722525761,0.339784610242527,0.13756133721805,0.0479157178014336,244.355830376525,237.141634511171,303,v7.4.6,gap_tied_weak_links_phase3_seed,/Users/asewaket/Documents/LTSpice Superconducting Circuit/matlab_v7_4_6_files/outputs/v7_4_6_as006_gap_weaklink_v800_phase3_seed_303/AS006_v7_4_6_gap_weaklink_scores.csv
AS006,contact_relaxed_a4_1_g0_7_p0_2,"contact-relaxed SNS links, alpha=4.1, tau=0.7, p=0.2",contact_relaxation,contact_relaxed,shape,4.1,0.999999999999997,0.7,0.2,0.939999999999999,0.7,0.2,3.24276399808621e-07,4.6773770435936e-07,0.053465260749738,166.228729571834,0.219698255001416,0.304471412126806,0.322895678378783,0.145550626263881,0.047014142887553,0.235814096043815,0.336266793313507,0.353723761552194,0.136541219889663,0.0531105793271465,239.972790416442,227.454670231929,303,v7.4.6,gap_tied_weak_links_phase3_seed,/Users/asewaket/Documents/LTSpice Superconducting Circuit/matlab_v7_4_6_files/outputs/v7_4_6_as006_gap_weaklink_v800_phase3_seed_303/AS006_v7_4_6_gap_weaklink_scores.csv
AS006,boundary_sns_a3_7_g0_2_p0_05,"SNS-like boundary constriction, alpha=3.7, tau=0.2, p=0.05",boundary_lane,boundary_constriction,shape,3.7,0,0.2,0.05,0.949455337690632,0.2,0.0631808278867102,2.10376547214437e-07,3.76899651100414e-07,0.144371798885928,180.255749312859,0.219805056403258,0.302492901590534,0.322969712676024,0.147645767007527,0.0467781744833057,0.230357297970278,0.32344394991874,0.343373609475063,0.139889987802535,0.0525762385981214,244.903052447661,231.878172303832,303,v7.4.6,gap_tied_weak_links_phase3_seed,/Users/asewaket/Documents/LTSpice Superconducting Circuit/matlab_v7_4_6_files/outputs/v7_4_6_as006_gap_weaklink_v800_phase3_seed_303/AS006_v7_4_6_gap_weaklink_scores.csv
AS006,contact_relaxed_a4_1_g0_7_p0_3,"contact-relaxed SNS links, alpha=4.1, tau=0.7, p=0.3",contact_relaxation,contact_relaxed,shape,4.1,0.999999999999997,0.7,0.3,0.909934640522874,0.7,0.300217864923747,3.72655370080392e-07,4.76696876915873e-07,0.0561177034025907,154.954853006988,0.219813476410685,0.3054331807848,0.32331665640501,0.144610623646305,0.0470667730019751,0.235475041591583,0.336373243977174,0.353330714180819,0.136133847876045,0.0525059043192505,240.086271893332,228.11255168005,303,v7.4.6,gap_tied_weak_links_phase3_seed,/Users/asewaket/Documents/LTSpice Superconducting Circuit/matlab_v7_4_6_files/outputs/v7_4_6_as006_gap_weaklink_v800_phase3_seed_303/AS006_v7_4_6_gap_weaklink_scores.csv
AS006,contact_relaxed_a4_1_g0_1_p0_05,"contact-relaxed SNS links, alpha=4.1, tau=0.1, p=0.05",contact_relaxation,contact_relaxed,shape,4.1,0.999999999999997,0.1,0.05,0.954509803921569,0.1,0.0505446623093682,4.23555458480225e-08,5.18692791884818e-07,0.044476058244914,154.327383148344,0.219890421293902,0.30356169513053,0.324541730340042,0.143798726529102,0.0481939750825299,0.237536476649096,0.338074663043434,0.357912510042981,0.135425334817125,0.0539791591054247,238.250929834599,226.908861095186,303,v7.4.6,gap_tied_weak_links_phase3_seed,/Users/asewaket/Documents/LTSpice Superconducting Circuit/matlab_v7_4_6_files/outputs/v7_4_6_as006_gap_weaklink_v800_phase3_seed_303/AS006_v7_4_6_gap_weaklink_scores.csv
AS006,boundary_sns_a4_1_g0_2_p0_05,"SNS-like boundary constriction, alpha=4.1, tau=0.2, p=0.05",boundary_lane,boundary_constriction,shape,4.1,0.999999999999997,0.2,0.05,0.949455337690632,0.2,0.0631808278867102,2.33119957724106e-07,4.17645559327485e-07,0.15997956092765,180.255749312859,0.219914501459076,0.303957946688767,0.322263789192411,0.148052185183478,0.0465876980405435,0.230870547988268,0.325867272728155,0.34348071078008,0.139878767318631,0.0525457641997576,244.665926155703,231.372328809337,303,v7.4.6,gap_tied_weak_links_phase3_seed,/Users/asewaket/Documents/LTSpice Superconducting Circuit/matlab_v7_4_6_files/outputs/v7_4_6_as006_gap_weaklink_v800_phase3_seed_303/AS006_v7_4_6_gap_weaklink_scores.csv
AS006,crack_tunnel_a3_3_g0_7_p0_2,"tunnel/crack-like links, alpha=3.3, tau=0.7, p=0.2",tear_lane,crack_tunnel,shape,3.3,1,0.7,0.2,0.93986928104575,0.7,0.200435729847495,4.88867136054724e-07,3.72022567303522e-07,0.0852675058553511,167.592172914927,0.220003656923653,0.302712972144133,0.326315637077355,0.143264795868591,0.04717195275302,0.226454945355886,0.316468418315371,0.339840402543661,0.138261763356538,0.0482583998169797,245.765991518196,237.451566607861,303,v7.4.6,gap_tied_weak_links_phase3_seed,/Users/asewaket/Documents/LTSpice Superconducting Circuit/matlab_v7_4_6_files/outputs/v7_4_6_as006_gap_weaklink_v800_phase3_seed_303/AS006_v7_4_6_gap_weaklink_scores.csv
AS006,crack_tunnel_a3_7_g0_7_p0_1,"tunnel/crack-like links, alpha=3.7, tau=0.7, p=0.1",tear_lane,crack_tunnel,shape,3.7,0,0.7,0.1,0.969934640522875,0.7,0.100217864923747,6.18572293695287e-07,4.08482691785934e-07,0.119459299674718,177.340572684714,0.22000892604429,0.303723141071048,0.324315916449766,0.145589333837692,0.0467819680661988,0.227068461773053,0.319588646018805,0.33979668530566,0.139250204084374,0.0470467084560858,244.212080704062,237.068166478308,303,v7.4.6,gap_tied_weak_links_phase3_seed,/Users/asewaket/Documents/LTSpice Superconducting Circuit/matlab_v7_4_6_files/outputs/v7_4_6_as006_gap_weaklink_v800_phase3_seed_303/AS006_v7_4_6_gap_weaklink_scores.csv
AS006,contact_relaxed_a4_1_g0_2_p0_05,"contact-relaxed SNS links, alpha=4.1, tau=0.2, p=0.05",contact_relaxation,contact_relaxed,shape,4.1,0.999999999999997,0.2,0.05,0.959564270152505,0.2,0.0505446623093682,8.03953892289945e-08,4.92267400395226e-07,0.044476058244914,162.611826753557,0.220016827126969,0.303899539268896,0.325242033154118,0.143616059771188,0.0474909636322602,0.236700417615997,0.336409992260581,0.356683046543037,0.135531964381088,0.0534818088927273,239.417603693753,227.473232710416,303,v7.4.6,gap_tied_weak_links_phase3_seed,/Users/asewaket/Documents/LTSpice Superconducting Circuit/matlab_v7_4_6_files/outputs/v7_4_6_as006_gap_weaklink_v800_phase3_seed_303/AS006_v7_4_6_gap_weaklink_scores.csv
AS006,contact_relaxed_a4_1_g0_05_p0_05,"contact-relaxed SNS links, alpha=4.1, tau=0.05, p=0.05",contact_relaxation,contact_relaxed,shape,4.1,0.999999999999997,0.05,0.05,0.9519825708061,0.05,0.0505446623093682,2.19378504264493e-08,5.37308853318805e-07,0.044476058244914,148.980424824671,0.220126635026678,0.304446769442194,0.324437551231927,0.144016809517219,0.0483996791387991,0.238533774354558,0.340391576492188,0.3592561064782,0.135526728119374,0.0541706987945361,237.538182374876,226.318742163133,303,v7.4.6,gap_tied_weak_links_phase3_seed,/Users/asewaket/Documents/LTSpice Superconducting Circuit/matlab_v7_4_6_files/outputs/v7_4_6_as006_gap_weaklink_v800_phase3_seed_303/AS006_v7_4_6_gap_weaklink_scores.csv
AS006,boundary_sns_a4_1_g0_7_p0_1,"SNS-like boundary constriction, alpha=4.1, tau=0.7, p=0.1",boundary_lane,boundary_constriction,shape,4.1,0.999999999999997,0.7,0.1,0.962091503267973,0.7,0.12636165577342,7.77450378830615e-07,4.4614167256017e-07,0.15427658062267,182.516852594487,0.220187777658101,0.305161604959521,0.323164822365002,0.146665556609743,0.0469068984300494,0.232749578036425,0.330489991311826,0.347715693571396,0.138066711272473,0.0521720460297659,242.58777352167,230.420660338916,303,v7.4.6,gap_tied_weak_links_phase3_seed,/Users/asewaket/Documents/LTSpice Superconducting Circuit/matlab_v7_4_6_files/outputs/v7_4_6_as006_gap_weaklink_v800_phase3_seed_303/AS006_v7_4_6_gap_weaklink_scores.csv
AS006,boundary_sns_a3_3_g0_7_p0_2,"SNS-like boundary constriction, alpha=3.3, tau=0.7, p=0.2",boundary_lane,boundary_constriction,shape,3.3,1,0.7,0.2,0.933594771241829,0.7,0.221350762527233,5.82894991698967e-07,3.59338456814821e-07,0.112336938302514,178.857605784623,0.220224669607373,0.302364411233101,0.325486413088886,0.145585431867227,0.047175924064178,0.230590530372003,0.322512105507685,0.345138190405294,0.138816895546601,0.0529275937098111,245.04748757677,232.48739277179,303,v7.4.6,gap_tied_weak_links_phase3_seed,/Users/asewaket/Documents/LTSpice Superconducting Circuit/matlab_v7_4_6_files/outputs/v7_4_6_as006_gap_weaklink_v800_phase3_seed_303/AS006_v7_4_6_gap_weaklink_scores.csv
AS006,combined_a3_7_g0_7_p0_05,"combined weak-link classes, alpha=3.7, tau=0.7, p=0.05",combined,boundary_constriction,shape,3.7,0,0.7,0.05,0.984967320261438,0.7,0.0501089324618736,7.36465586295998e-07,4.05699825933476e-07,0.132170360016436,181.445005540011,0.220379676371965,0.304462530951038,0.324837542369121,0.145752195184495,0.0467799077822082,0.228407566065938,0.322146969219998,0.342059001086659,0.138969793573525,0.0475753672411328,243.935029134878,235.736177212582,303,v7.4.6,gap_tied_weak_links_phase3_seed,/Users/asewaket/Documents/LTSpice Superconducting Circuit/matlab_v7_4_6_files/outputs/v7_4_6_as006_gap_weaklink_v800_phase3_seed_303/AS006_v7_4_6_gap_weaklink_scores.csv
AS006,crack_tunnel_a3_3_g0_7_p0_3,"tunnel/crack-like links, alpha=3.3, tau=0.7, p=0.3",tear_lane,crack_tunnel,shape,3.3,1,0.7,0.3,0.909934640522874,0.7,0.300217864923747,4.62364558880161e-07,3.744617721942e-07,0.0775143524934972,159.838949875806,0.220523147889169,0.30420005832491,0.327842350902597,0.141693868149531,0.0475742318544745,0.225987484053461,0.315989493670179,0.339462969810214,0.137560956310826,0.047936534040721,246.052388161125,238.964429636583,303,v7.4.6,gap_tied_weak_links_phase3_seed,/Users/asewaket/Documents/LTSpice Superconducting Circuit/matlab_v7_4_6_files/outputs/v7_4_6_as006_gap_weaklink_v800_phase3_seed_303/AS006_v7_4_6_gap_weaklink_scores.csv
AS006,crack_tunnel_a4_1_g0_7_p0_05,"tunnel/crack-like links, alpha=4.1, tau=0.7, p=0.05",tear_lane,crack_tunnel,shape,4.1,0.999999999999997,0.7,0.05,0.984836601307189,0.7,0.0505446623093682,7.52779030875689e-07,4.46315101608951e-07,0.142597709755342,182.445930225923,0.220579179992063,0.30599646536341,0.324084614121913,0.146139658542503,0.0470767867054308,0.229012977962575,0.325100022542911,0.34260637080003,0.138709451898798,0.0470169034964151,242.310448391715,236.090670824648,303,v7.4.6,gap_tied_weak_links_phase3_seed,/Users/asewaket/Documents/LTSpice Superconducting Circuit/matlab_v7_4_6_files/outputs/v7_4_6_as006_gap_weaklink_v800_phase3_seed_303/AS006_v7_4_6_gap_weaklink_scores.csv
AS006,crack_tunnel_a3_3_g0_7_p0_1,"tunnel/crack-like links, alpha=3.3, tau=0.7, p=0.1",tear_lane,crack_tunnel,shape,3.3,1,0.7,0.1,0.969934640522875,0.7,0.100217864923747,5.51699613295797e-07,3.6432240078205e-07,0.106544780790964,177.340572684714,0.220583629764184,0.303614438169014,0.326899274713022,0.144332507442529,0.0468143456009559,0.226443226010724,0.316583856100676,0.339615524016913,0.139327373668063,0.0471458898382676,245.719150741742,238.16931585838,303,v7.4.6,gap_tied_weak_links_phase3_seed,/Users/asewaket/Documents/LTSpice Superconducting Circuit/matlab_v7_4_6_files/outputs/v7_4_6_as006_gap_weaklink_v800_phase3_seed_303/AS006_v7_4_6_gap_weaklink_scores.csv
AS006,boundary_sns_a3_7_g0_7_p0_1,"SNS-like boundary constriction, alpha=3.7, tau=0.7, p=0.1",boundary_lane,boundary_constriction,shape,3.7,0,0.7,0.1,0.962091503267973,0.7,0.12636165577342,7.01601561383726e-07,4.02615655725031e-07,0.139225206903385,182.516852594487,0.220949831612437,0.305866774065367,0.325924628089995,0.145209710649553,0.0470021465273836,0.232237816425005,0.328080101820074,0.347609741330767,0.13806750609409,0.0522075503584958,243.960143073261,231.709016115808,303,v7.4.6,gap_tied_weak_links_phase3_seed,/Users/asewaket/Documents/LTSpice Superconducting Circuit/matlab_v7_4_6_files/outputs/v7_4_6_as006_gap_weaklink_v800_phase3_seed_303/AS006_v7_4_6_gap_weaklink_scores.csv
AS006,contact_relaxed_a3_7_g0_4_p0_1,"contact-relaxed SNS links, alpha=3.7, tau=0.4, p=0.1",contact_relaxation,contact_relaxed,shape,3.7,0,0.4,0.1,0.939869281045751,0.4,0.100217864923747,1.57829495417449e-07,4.41511429393386e-07,0.0429309787313357,159.306400303197,0.221074016122057,0.304562410671686,0.329040706490615,0.142177917961211,0.0472640361285073,0.234287710136435,0.329906591791724,0.353617317894624,0.136117612517985,0.0525546369273769,242.439576551145,230.682021650253,303,v7.4.6,gap_tied_weak_links_phase3_seed,/Users/asewaket/Documents/LTSpice Superconducting Circuit/matlab_v7_4_6_files/outputs/v7_4_6_as006_gap_weaklink_v800_phase3_seed_303/AS006_v7_4_6_gap_weaklink_scores.csv
AS006,boundary_sns_a4_1_g0_4_p0_05,"SNS-like boundary constriction, alpha=4.1, tau=0.4, p=0.05",boundary_lane,boundary_constriction,shape,4.1,0.999999999999997,0.4,0.05,0.962091503267973,0.4,0.0631808278867102,4.60188191799223e-07,4.34995545696785e-07,0.15997956092765,182.626209920981,0.221124095391023,0.307214349145613,0.32516357912348,0.146073534617101,0.0467779460720348,0.232075032574067,0.328976536023696,0.346283686983583,0.138730254688026,0.0519893562653385,244.28583322213,231.872223094068,303,v7.4.6,gap_tied_weak_links_phase3_seed,/Users/asewaket/Documents/LTSpice Superconducting Circuit/matlab_v7_4_6_files/outputs/v7_4_6_as006_gap_weaklink_v800_phase3_seed_303/AS006_v7_4_6_gap_weaklink_scores.csv
AS006,boundary_sns_a3_3_g0_7_p0_1,"SNS-like boundary constriction, alpha=3.3, tau=0.7, p=0.1",boundary_lane,boundary_constriction,shape,3.3,1,0.7,0.1,0.962091503267973,0.7,0.12636165577342,6.25752743936837e-07,3.59089638889893e-07,0.1241738331841,182.516852594487,0.221253078732314,0.305054265873411,0.327721851274313,0.144330131847184,0.0472852232491287,0.231622249093854,0.325198872158709,0.347482521920269,0.138080895890186,0.0522168400873607,244.634789082292,232.804890433244,303,v7.4.6,gap_tied_weak_links_phase3_seed,/Users/asewaket/Documents/LTSpice Superconducting Circuit/matlab_v7_4_6_files/outputs/v7_4_6_as006_gap_weaklink_v800_phase3_seed_303/AS006_v7_4_6_gap_weaklink_scores.csv
AS006,contact_relaxed_a4_1_g0_4_p0_05,"contact-relaxed SNS links, alpha=4.1, tau=0.4, p=0.05",contact_relaxation,contact_relaxed,shape,4.1,0.999999999999997,0.4,0.05,0.969673202614379,0.4,0.0505446623093682,1.50581598455044e-07,4.61585507138634e-07,0.044476058244914,173.636636072674,0.221430886470445,0.307832040483773,0.327572316231311,0.143039763995979,0.0472711334686828,0.236291996939019,0.336668789031985,0.355548783245175,0.13589119068985,0.0527168366217437,240.907266128941,229.095458829601,303,v7.4.6,gap_tied_weak_links_phase3_seed,/Users/asewaket/Documents/LTSpice Superconducting Circuit/matlab_v7_4_6_files/outputs/v7_4_6_as006_gap_weaklink_v800_phase3_seed_303/AS006_v7_4_6_gap_weaklink_scores.csv
AS006,boundary_sns_a3_3_g0_4_p0_05,"SNS-like boundary constriction, alpha=3.3, tau=0.4, p=0.05",boundary_lane,boundary_constriction,shape,3.3,1,0.4,0.05,0.962091503267973,0.4,0.0631808278867102,3.7039537388718e-07,3.50118366048632e-07,0.128764036844206,182.626209920981,0.221433115755054,0.30515125637012,0.327880612689998,0.144707015946302,0.0473394802647778,0.230948917054489,0.323680981965811,0.346060237544997,0.138745058122755,0.0520268649494442,245.221764743905,233.645930064249,303,v7.4.6,gap_tied_weak_links_phase3_seed,/Users/asewaket/Documents/LTSpice Superconducting Circuit/matlab_v7_4_6_files/outputs/v7_4_6_as006_gap_weaklink_v800_phase3_seed_303/AS006_v7_4_6_gap_weaklink_scores.csv
AS006,boundary_sns_a3_7_g0_4_p0_05,"SNS-like boundary constriction, alpha=3.7, tau=0.4, p=0.05",boundary_lane,boundary_constriction,shape,3.7,0,0.4,0.05,0.962091503267973,0.4,0.0631808278867102,4.15291782843202e-07,3.92556955872708e-07,0.144371798885928,182.626209920981,0.221498738938931,0.306964473757111,0.327020916608736,0.145108184079792,0.046857386772517,0.231564486471612,0.326576546748255,0.346180803188031,0.138730784386317,0.0520159995478537,245.236677667551,232.752402883793,303,v7.4.6,gap_tied_weak_links_phase3_seed,/Users/asewaket/Documents/LTSpice Superconducting Circuit/matlab_v7_4_6_files/outputs/v7_4_6_as006_gap_weaklink_v800_phase3_seed_303/AS006_v7_4_6_gap_weaklink_scores.csv
AS006,combined_a3_3_g0_7_p0_05,"combined weak-link classes, alpha=3.3, tau=0.7, p=0.05",combined,boundary_constriction,shape,3.3,1,0.7,0.05,0.984967320261438,0.7,0.0501089324618736,6.56847685074809e-07,3.6184038529202e-07,0.117881672447091,181.445005540011,0.221555921168898,0.305805372818795,0.328759919846974,0.143852254930216,0.0468290546307195,0.227803047378389,0.319247628939656,0.341924183049223,0.139015063574732,0.0476314581477326,245.961704492798,237.537684294717,303,v7.4.6,gap_tied_weak_links_phase3_seed,/Users/asewaket/Documents/LTSpice Superconducting Circuit/matlab_v7_4_6_files/outputs/v7_4_6_as006_gap_weaklink_v800_phase3_seed_303/AS006_v7_4_6_gap_weaklink_scores.csv
AS006,contact_relaxed_a3_7_g0_7_p0_2,"contact-relaxed SNS links, alpha=3.7, tau=0.7, p=0.2",contact_relaxation,contact_relaxed,shape,3.7,0,0.7,0.2,0.939999999999999,0.7,0.2,2.92639677876073e-07,4.22104757592593e-07,0.0482491377497636,166.228729571834,0.221566077073249,0.307637771124098,0.328489352226848,0.142817448714387,0.0468144369521784,0.235172855271432,0.333331496827755,0.353587767575987,0.136507610447648,0.0531196732118704,242.965999952457,229.726389706871,303,v7.4.6,gap_tied_weak_links_phase3_seed,/Users/asewaket/Documents/LTSpice Superconducting Circuit/matlab_v7_4_6_files/outputs/v7_4_6_as006_gap_weaklink_v800_phase3_seed_303/AS006_v7_4_6_gap_weaklink_scores.csv
AS006,contact_relaxed_a3_7_g0_1_p0_05,"contact-relaxed SNS links, alpha=3.7, tau=0.1, p=0.05",contact_relaxation,contact_relaxed,shape,3.7,0,0.1,0.05,0.954509803921569,0.1,0.0505446623093682,3.82232974726057e-08,4.68088617066787e-07,0.0401369306112638,154.327383148344,0.221729442470774,0.306698513969313,0.330216163942933,0.141135937169134,0.0476504900230093,0.236785192249431,0.334842705498479,0.357592248577017,0.135438698406951,0.0539984477302065,241.438072714415,229.197294533362,303,v7.4.6,gap_tied_weak_links_phase3_seed,/Users/asewaket/Documents/LTSpice Superconducting Circuit/matlab_v7_4_6_files/outputs/v7_4_6_as006_gap_weaklink_v800_phase3_seed_303/AS006_v7_4_6_gap_weaklink_scores.csv
AS006,contact_relaxed_a3_7_g0_7_p0_3,"contact-relaxed SNS links, alpha=3.7, tau=0.7, p=0.3",contact_relaxation,contact_relaxed,shape,3.7,0,0.7,0.3,0.909934640522874,0.7,0.300217864923747,3.36298748609135e-07,4.30189864533837e-07,0.050642805509655,154.954853006988,0.221846857776327,0.308916604679505,0.329212694765719,0.141809031374046,0.0469341791445674,0.234795112992165,0.333387288283454,0.353125506708888,0.136074993886928,0.052524897578158,243.134423587706,230.657821971704,303,v7.4.6,gap_tied_weak_links_phase3_seed,/Users/asewaket/Documents/LTSpice Superconducting Circuit/matlab_v7_4_6_files/outputs/v7_4_6_as006_gap_weaklink_v800_phase3_seed_303/AS006_v7_4_6_gap_weaklink_scores.csv
AS006,contact_relaxed_a4_1_g0_7_p0_1,"contact-relaxed SNS links, alpha=4.1, tau=0.7, p=0.1",contact_relaxation,contact_relaxed,shape,4.1,0.999999999999997,0.7,0.1,0.969934640522875,0.7,0.100217864923747,2.74372795130297e-07,4.50456313941552e-07,0.0475721656212098,177.705359547649,0.221848950308259,0.309322491953037,0.327832386113889,0.143338055528773,0.0470430144779842,0.235746708378588,0.336532182703678,0.354280044503608,0.136355675519274,0.0517666869088544,241.437429285004,229.942745956654,303,v7.4.6,gap_tied_weak_links_phase3_seed,/Users/asewaket/Documents/LTSpice Superconducting Circuit/matlab_v7_4_6_files/outputs/v7_4_6_as006_gap_weaklink_v800_phase3_seed_303/AS006_v7_4_6_gap_weaklink_scores.csv
AS006,contact_relaxed_a3_7_g0_05_p0_05,"contact-relaxed SNS links, alpha=3.7, tau=0.05, p=0.05",contact_relaxation,contact_relaxed,shape,3.7,0,0.05,0.05,0.9519825708061,0.05,0.0505446623093682,1.9797572336064e-08,4.84888477385263e-07,0.0401369306112638,148.980424824671,0.221900353153898,0.307413813809117,0.329994824189666,0.141422122089762,0.0478193570162547,0.237819528370429,0.337207588396272,0.359025350297072,0.135538622733204,0.0541724120194912,240.614955865079,228.508412519566,303,v7.4.6,gap_tied_weak_links_phase3_seed,/Users/asewaket/Documents/LTSpice Superconducting Circuit/matlab_v7_4_6_files/outputs/v7_4_6_as006_gap_weaklink_v800_phase3_seed_303/AS006_v7_4_6_gap_weaklink_scores.csv
AS006,shuffled_tau_control,"same weak-link histogram, shuffled positions",shuffled,boundary_constriction,shape,3.7,0,0.01,0.08,0.920627450980392,0.01,0.0801742919389978,4.54552010850361e-09,4.27830448978614e-07,0.0503133334930186,162.137777708559,0.221936139178677,0.3085303306279,0.328304472356226,0.14399752247365,0.0466206355500257,0.226122767615016,0.307292545379739,0.326871144729597,0.146550163108137,0.068109085533373,242.965061716439,254.595961242515,303,v7.4.6,gap_tied_weak_links_phase3_seed,/Users/asewaket/Documents/LTSpice Superconducting Circuit/matlab_v7_4_6_files/outputs/v7_4_6_as006_gap_weaklink_v800_phase3_seed_303/AS006_v7_4_6_gap_weaklink_scores.csv
AS006,crack_tunnel_a3_7_g0_7_p0_05,"tunnel/crack-like links, alpha=3.7, tau=0.7, p=0.05",tear_lane,crack_tunnel,shape,3.7,0,0.7,0.05,0.984836601307189,0.7,0.0505446623093682,6.7933717420489e-07,4.02772164866615e-07,0.128685738071894,182.445930225923,0.222103341841951,0.308652224203833,0.328756055465556,0.143806609497515,0.0467831260693046,0.228513551148046,0.322698779489952,0.342489819494519,0.138738092761303,0.0470891761832419,245.129787531684,237.805442235725,303,v7.4.6,gap_tied_weak_links_phase3_seed,/Users/asewaket/Documents/LTSpice Superconducting Circuit/matlab_v7_4_6_files/outputs/v7_4_6_as006_gap_weaklink_v800_phase3_seed_303/AS006_v7_4_6_gap_weaklink_scores.csv
AS006,boundary_sns_a4_1_g0_7_p0_05,"SNS-like boundary constriction, alpha=4.1, tau=0.7, p=0.05",boundary_lane,boundary_constriction,shape,4.1,0.999999999999997,0.7,0.05,0.981045751633987,0.7,0.0631808278867102,7.90194254037666e-07,4.38915174056659e-07,0.15997956092765,186.124163212002,0.222152345770154,0.310147476803455,0.32765789039841,0.144307980149044,0.0468279686637931,0.234088979199045,0.333695496984931,0.350547696967464,0.13734772129775,0.0516062776950443,243.286233966323,231.276920803534,303,v7.4.6,gap_tied_weak_links_phase3_seed,/Users/asewaket/Documents/LTSpice Superconducting Circuit/matlab_v7_4_6_files/outputs/v7_4_6_as006_gap_weaklink_v800_phase3_seed_303/AS006_v7_4_6_gap_weaklink_scores.csv
AS006,contact_relaxed_a3_7_g0_2_p0_05,"contact-relaxed SNS links, alpha=3.7, tau=0.2, p=0.05",contact_relaxation,contact_relaxed,shape,3.7,0,0.2,0.05,0.959564270152505,0.2,0.0505446623093682,7.25519366212878e-08,4.4424131255179e-07,0.0401369306112638,162.611826753557,0.222253991359166,0.307791288300239,0.331630281276049,0.14067753731236,0.0472787546220592,0.235950162305402,0.333214540810868,0.356367487041792,0.135510302595612,0.0535052901484901,242.760148560881,230.271189767339,303,v7.4.6,gap_tied_weak_links_phase3_seed,/Users/asewaket/Documents/LTSpice Superconducting Circuit/matlab_v7_4_6_files/outputs/v7_4_6_as006_gap_weaklink_v800_phase3_seed_303/AS006_v7_4_6_gap_weaklink_scores.csv
AS006,contact_relaxed_a3_3_g0_4_p0_1,"contact-relaxed SNS links, alpha=3.3, tau=0.4, p=0.1",contact_relaxation,contact_relaxed,shape,3.3,1,0.4,0.1,0.939869281045751,0.4,0.100217864923747,1.40766847264211e-07,3.9378046405356e-07,0.0382897918414616,159.306400303197,0.222430993460955,0.305697500164442,0.333911949349845,0.140085469425033,0.0470047189968129,0.233269825384869,0.325497631921077,0.353237842094229,0.136090505164132,0.0525721398832031,245.221423078775,232.763251124749,303,v7.4.6,gap_tied_weak_links_phase3_seed,/Users/asewaket/Documents/LTSpice Superconducting Circuit/matlab_v7_4_6_files/outputs/v7_4_6_as006_gap_weaklink_v800_phase3_seed_303/AS006_v7_4_6_gap_weaklink_scores.csv
AS006,contact_relaxed_a3_3_g0_1_p0_05,"contact-relaxed SNS links, alpha=3.3, tau=0.1, p=0.05",contact_relaxation,contact_relaxed,shape,3.3,1,0.1,0.05,0.954509803921569,0.1,0.0505446623093682,3.40910490971889e-08,4.17484442248756e-07,0.0357978029776137,154.327383148344,0.222717569375014,0.307358097993885,0.33410516043062,0.139507158031079,0.0471617705887505,0.235866770331802,0.330934227718763,0.357182067002427,0.135456003587261,0.0540110022019252,243.911344678761,230.687360869898,303,v7.4.6,gap_tied_weak_links_phase3_seed,/Users/asewaket/Documents/LTSpice Superconducting Circuit/matlab_v7_4_6_files/outputs/v7_4_6_as006_gap_weaklink_v800_phase3_seed_303/AS006_v7_4_6_gap_weaklink_scores.csv
AS006,contact_relaxed_a3_3_g0_05_p0_05,"contact-relaxed SNS links, alpha=3.3, tau=0.05, p=0.05",contact_relaxation,contact_relaxed,shape,3.3,1,0.05,0.05,0.9519825708061,0.05,0.0505446623093682,1.76572942456787e-08,4.32468101451721e-07,0.0357978029776137,148.980424824671,0.222854245237785,0.307956926573873,0.333949137940547,0.139765924471193,0.0471959026301048,0.236913832625249,0.333206763971372,0.358719235114115,0.135550268191083,0.0541659024663186,243.146938632906,229.89246259918,303,v7.4.6,gap_tied_weak_links_phase3_seed,/Users/asewaket/Documents/LTSpice Superconducting Circuit/matlab_v7_4_6_files/outputs/v7_4_6_as006_gap_weaklink_v800_phase3_seed_303/AS006_v7_4_6_gap_weaklink_scores.csv
AS006,crack_tunnel_a3_3_g0_7_p0_05,"tunnel/crack-like links, alpha=3.3, tau=0.7, p=0.05",tear_lane,crack_tunnel,shape,3.3,1,0.7,0.05,0.984836601307189,0.7,0.0505446623093682,6.05895317534091e-07,3.59229228124278e-07,0.114773766388446,182.445930225923,0.222904438376516,0.309042102611728,0.331765890079617,0.142486505575481,0.0467816496621689,0.22791749751279,0.319810228428794,0.342354023063097,0.138793921104798,0.0471653173937368,246.888628774613,239.033909511922,303,v7.4.6,gap_tied_weak_links_phase3_seed,/Users/asewaket/Documents/LTSpice Superconducting Circuit/matlab_v7_4_6_files/outputs/v7_4_6_as006_gap_weaklink_v800_phase3_seed_303/AS006_v7_4_6_gap_weaklink_scores.csv
AS006,contact_relaxed_a3_3_g0_7_p0_2,"contact-relaxed SNS links, alpha=3.3, tau=0.7, p=0.2",contact_relaxation,contact_relaxed,shape,3.3,1,0.7,0.2,0.939999999999999,0.7,0.2,2.61002955943524e-07,3.76471810825826e-07,0.0430330147497891,166.228729571834,0.222936912995425,0.308961255170797,0.333032029496414,0.140878791442791,0.0468187688841121,0.234365683513313,0.329683126694297,0.353396444743141,0.136468029784478,0.0531164753411736,245.274750785683,231.784574815281,303,v7.4.6,gap_tied_weak_links_phase3_seed,/Users/asewaket/Documents/LTSpice Superconducting Circuit/matlab_v7_4_6_files/outputs/v7_4_6_as006_gap_weaklink_v800_phase3_seed_303/AS006_v7_4_6_gap_weaklink_scores.csv
AS006,contact_relaxed_a3_3_g0_7_p0_3,"contact-relaxed SNS links, alpha=3.3, tau=0.7, p=0.3",contact_relaxation,contact_relaxed,shape,3.3,1,0.7,0.3,0.909934640522874,0.7,0.300217864923747,2.99942127137877e-07,3.836828521518e-07,0.0451679076167193,154.954853006988,0.222982468186566,0.309628414010203,0.333309159004931,0.140061178896441,0.0469164250434453,0.233891984966066,0.329478767242119,0.352827237940176,0.135993473312709,0.052541649552015,245.283781239921,232.558959492183,303,v7.4.6,gap_tied_weak_links_phase3_seed,/Users/asewaket/Documents/LTSpice Superconducting Circuit/matlab_v7_4_6_files/outputs/v7_4_6_as006_gap_weaklink_v800_phase3_seed_303/AS006_v7_4_6_gap_weaklink_scores.csv
AS006,contact_relaxed_a4_1_g0_7_p0_05,"contact-relaxed SNS links, alpha=4.1, tau=0.7, p=0.05",contact_relaxation,contact_relaxed,shape,4.1,0.999999999999997,0.7,0.05,0.984836601307189,0.7,0.0505446623093682,2.49379706198295e-07,4.40339819620226e-07,0.044476058244914,183.480623044089,0.223199186573491,0.312745054774924,0.330564773483859,0.142163667240694,0.0470579404449076,0.236224884940294,0.337794459693586,0.354961536157051,0.136178305970034,0.0519243942705041,242.494962170216,230.759616114194,303,v7.4.6,gap_tied_weak_links_phase3_seed,/Users/asewaket/Documents/LTSpice Superconducting Circuit/matlab_v7_4_6_files/outputs/v7_4_6_as006_gap_weaklink_v800_phase3_seed_303/AS006_v7_4_6_gap_weaklink_scores.csv
AS006,contact_relaxed_a3_3_g0_2_p0_05,"contact-relaxed SNS links, alpha=3.3, tau=0.2, p=0.05",contact_relaxation,contact_relaxed,shape,3.3,1,0.2,0.05,0.959564270152505,0.2,0.0505446623093682,6.4708484013581e-08,3.96215224708353e-07,0.0357978029776137,162.611826753557,0.2233113402891,0.308521074889502,0.335508957857251,0.13908566899047,0.0470378640677229,0.235059247466833,0.329439637506825,0.355977599710589,0.135484636433378,0.053540004792086,245.074752474285,231.905582641576,303,v7.4.6,gap_tied_weak_links_phase3_seed,/Users/asewaket/Documents/LTSpice Superconducting Circuit/matlab_v7_4_6_files/outputs/v7_4_6_as006_gap_weaklink_v800_phase3_seed_303/AS006_v7_4_6_gap_weaklink_scores.csv
AS006,contact_relaxed_a3_7_g0_4_p0_05,"contact-relaxed SNS links, alpha=3.7, tau=0.4, p=0.05",contact_relaxation,contact_relaxed,shape,3.7,0,0.4,0.05,0.969673202614379,0.4,0.0505446623093682,1.35890710800894e-07,4.16552774734865e-07,0.0401369306112638,173.636636072674,0.223538817623916,0.311478230462487,0.333561345157133,0.140420036356499,0.0469584581864876,0.235645975226494,0.333782762324781,0.355357159923429,0.135870174840034,0.052734365391647,244.187803320636,231.523774684445,303,v7.4.6,gap_tied_weak_links_phase3_seed,/Users/asewaket/Documents/LTSpice Superconducting Circuit/matlab_v7_4_6_files/outputs/v7_4_6_as006_gap_weaklink_v800_phase3_seed_303/AS006_v7_4_6_gap_weaklink_scores.csv
AS006,boundary_sns_a3_7_g0_7_p0_05,"SNS-like boundary constriction, alpha=3.7, tau=0.7, p=0.05",boundary_lane,boundary_constriction,shape,3.7,0,0.7,0.05,0.981045751633987,0.7,0.0631808278867102,7.13102131692528e-07,3.96094181465766e-07,0.144371798885928,186.124163212002,0.223539658859892,0.312246048219335,0.331765359992242,0.14241838960823,0.0468398790834158,0.233582767344723,0.331313978402681,0.350452924071657,0.137340921194854,0.0516310897019646,245.397519842983,233.087199018957,303,v7.4.6,gap_tied_weak_links_phase3_seed,/Users/asewaket/Documents/LTSpice Superconducting Circuit/matlab_v7_4_6_files/outputs/v7_4_6_as006_gap_weaklink_v800_phase3_seed_303/AS006_v7_4_6_gap_weaklink_scores.csv
AS006,contact_relaxed_a3_7_g0_7_p0_1,"contact-relaxed SNS links, alpha=3.7, tau=0.7, p=0.1",contact_relaxation,contact_relaxed,shape,3.7,0,0.7,0.1,0.969934640522875,0.7,0.100217864923747,2.4760471755661e-07,4.0650935648384e-07,0.0429309787313357,177.705359547649,0.224346285729249,0.313829585377545,0.334503074985147,0.140533197287301,0.0468549654355661,0.235162944210637,0.33386274126472,0.354132613249736,0.136352961203377,0.0517787050972035,244.925842765842,232.762827598291,303,v7.4.6,gap_tied_weak_links_phase3_seed,/Users/asewaket/Documents/LTSpice Superconducting Circuit/matlab_v7_4_6_files/outputs/v7_4_6_as006_gap_weaklink_v800_phase3_seed_303/AS006_v7_4_6_gap_weaklink_scores.csv
AS006,boundary_sns_a3_3_g0_7_p0_05,"SNS-like boundary constriction, alpha=3.3, tau=0.7, p=0.05",boundary_lane,boundary_constriction,shape,3.3,1,0.7,0.05,0.981045751633987,0.7,0.0631808278867102,6.3601000934739e-07,3.53273188874872e-07,0.128764036844206,186.124163212002,0.224646158617089,0.313138190516797,0.335194153362407,0.14105008736882,0.0471902249734114,0.232985487356043,0.328505607122079,0.350344317274504,0.137344195309293,0.0516390302911392,246.734740671127,235.039487254785,303,v7.4.6,gap_tied_weak_links_phase3_seed,/Users/asewaket/Documents/LTSpice Superconducting Circuit/matlab_v7_4_6_files/outputs/v7_4_6_as006_gap_weaklink_v800_phase3_seed_303/AS006_v7_4_6_gap_weaklink_scores.csv
AS006,contact_relaxed_a3_3_g0_4_p0_05,"contact-relaxed SNS links, alpha=3.3, tau=0.4, p=0.05",contact_relaxation,contact_relaxed,shape,3.3,1,0.4,0.05,0.969673202614379,0.4,0.0505446623093682,1.21199823146743e-07,3.71520042331096e-07,0.0357978029776137,173.636636072674,0.224986887927575,0.312991788246806,0.338037467539382,0.138751923777256,0.0469371784755803,0.234878469526124,0.330371764507836,0.355121279138139,0.135838332157035,0.0527604294347489,246.565469708863,233.523127338442,303,v7.4.6,gap_tied_weak_links_phase3_seed,/Users/asewaket/Documents/LTSpice Superconducting Circuit/matlab_v7_4_6_files/outputs/v7_4_6_as006_gap_weaklink_v800_phase3_seed_303/AS006_v7_4_6_gap_weaklink_scores.csv
AS006,uniform_tau_control,"same mean weak transparency, spatially uniform",uniform,boundary_constriction,shape,3.7,0,0.01,0.08,0.920627450980405,0.920627450980392,1,3.89482211896233e-07,3.89482211896233e-07,0.0494944884633105,174.525844410051,0.225011710135217,0.317065789232856,0.335689680436036,0.139005559254332,0.0467788716122504,0.235711775913712,0.336549536876835,0.354909903265629,0.135670646275761,0.0513287041321749,245.104170372216,233.034384683354,303,v7.4.6,gap_tied_weak_links_phase3_seed,/Users/asewaket/Documents/LTSpice Superconducting Circuit/matlab_v7_4_6_files/outputs/v7_4_6_as006_gap_weaklink_v800_phase3_seed_303/AS006_v7_4_6_gap_weaklink_scores.csv
AS006,contact_relaxed_a3_7_g0_7_p0_05,"contact-relaxed SNS links, alpha=3.7, tau=0.7, p=0.05",contact_relaxation,contact_relaxed,shape,3.7,0,0.7,0.05,0.984836601307189,0.7,0.0505446623093682,2.25049978764315e-07,3.97379837218253e-07,0.0401369306112638,183.480623044089,0.225371648206584,0.316520388288806,0.336348173073069,0.139856342105051,0.0469081222349277,0.235701861603777,0.33536588505147,0.354853595060122,0.136163681704375,0.0519450294817343,245.556575907919,233.169494664182,303,v7.4.6,gap_tied_weak_links_phase3_seed,/Users/asewaket/Documents/LTSpice Superconducting Circuit/matlab_v7_4_6_files/outputs/v7_4_6_as006_gap_weaklink_v800_phase3_seed_303/AS006_v7_4_6_gap_weaklink_scores.csv
AS006,contact_relaxed_a3_3_g0_7_p0_1,"contact-relaxed SNS links, alpha=3.3, tau=0.7, p=0.1",contact_relaxation,contact_relaxed,shape,3.3,1,0.7,0.1,0.969934640522875,0.7,0.100217864923747,2.20836639982922e-07,3.62562399026127e-07,0.0382897918414616,177.705359547649,0.225986339295407,0.31579510890969,0.339206204289739,0.138898431475396,0.046902690716057,0.234474481706369,0.330742769486591,0.353944363472403,0.136346690769258,0.0517936395069737,247.278058392757,234.964237572672,303,v7.4.6,gap_tied_weak_links_phase3_seed,/Users/asewaket/Documents/LTSpice Superconducting Circuit/matlab_v7_4_6_files/outputs/v7_4_6_as006_gap_weaklink_v800_phase3_seed_303/AS006_v7_4_6_gap_weaklink_scores.csv
AS006,bulk_AB_reference,"bulk AB reference: no weak-link mask",none,bulk_sns,shape,3.7,0,NaN,0,1,NaN,0,NaN,3.89482242116158e-07,NaN,189.572699231091,0.226348340474251,0.318956232695724,0.33793801095946,0.13961707185671,0.0468726106755885,0.235682089900533,0.335966407959898,0.354665956384975,0.136277058031963,0.0514322953291066,246.253578468386,234.095315331846,303,v7.4.6,gap_tied_weak_links_phase3_seed,/Users/asewaket/Documents/LTSpice Superconducting Circuit/matlab_v7_4_6_files/outputs/v7_4_6_as006_gap_weaklink_v800_phase3_seed_303/AS006_v7_4_6_gap_weaklink_scores.csv
AS006,contact_relaxed_a3_3_g0_7_p0_05,"contact-relaxed SNS links, alpha=3.3, tau=0.7, p=0.05",contact_relaxation,contact_relaxed,shape,3.3,1,0.7,0.05,0.984836601307189,0.7,0.0505446623093682,2.00720251330335e-07,3.54419854816279e-07,0.0357978029776137,183.480623044089,0.227047943811032,0.31856754364155,0.340952621426882,0.138350589134731,0.0470668514981532,0.235083291694196,0.332498956555541,0.35472444097146,0.136151737977574,0.0519600577434154,247.727174261441,235.411824911871,303,v7.4.6,gap_tied_weak_links_phase3_seed,/Users/asewaket/Documents/LTSpice Superconducting Circuit/matlab_v7_4_6_files/outputs/v7_4_6_as006_gap_weaklink_v800_phase3_seed_303/AS006_v7_4_6_gap_weaklink_scores.csv
AS006,central_lane_gap_control,"central-lane topology with same gap-derived links",central_lane,boundary_constriction,shape,3.7,0,0.01,0.08,0.920627450980392,0.01,0.472222222222222,1.56889316580991e-05,0.00058307852718983,0.126316796117359,0.113218936243269,0.351067758680587,0.514178121226199,0.523842269323912,0.221048612801253,0.0481259348583226,0.341497023951744,0.503546319301109,0.511668881186506,0.209687899638204,0.0464083838334726,255.295008771121,255.295008771121,303,v7.4.6,gap_tied_weak_links_phase3_seed,/Users/asewaket/Documents/LTSpice Superconducting Circuit/matlab_v7_4_6_files/outputs/v7_4_6_as006_gap_weaklink_v800_phase3_seed_303/AS006_v7_4_6_gap_weaklink_scores.csv
