device,caseName,description,topology,linkClass,calibrationMode,alphaGap,alphaPriorPenalty,gammaW,pW,meanW,minW,activeWeakLinkFraction,medianWeakIc_A,medianAllIc_A,medianWeakDelta_meV,normalScaleApplied,shapeScore,shapeFullMap,shapeLowBias,shapeZeroBias,shapeAsymmetry,conductanceScore,conductanceFullMap,conductanceLowBias,conductanceZeroBias,conductanceAsymmetry,modelRN_top_4_10,modelRN_bottom_3_9,seed,sourceVersion,sourceRole,sourceFile
AS006,contact_relaxed_a3_3_g0_05_p0_3,"contact-relaxed SNS links, alpha=3.3, tau=0.05, p=0.3",contact_relaxation,contact_relaxed,conductance,3.3,1,0.05,0.3,0.714793028322441,0.05,0.300217864923747,3.50285349914342e-08,5.82439941897893e-07,0.0420189268416883,87.2899998504155,0.167221222187012,0.127790525097375,0.273298885169576,0.146017282240782,0.0475209339899498,2.2503108478404,3.31236576151214,2.5771191049693,2.70114233455564,0.0528021257990304,1180.58866914682,1141.72762115948,202,v7.4.6,gap_tied_weak_links_phase3_seed,/Users/asewaket/Documents/LTSpice Superconducting Circuit/matlab_v7_4_6_files/outputs/v7_4_6_as006_gap_weaklink_v800_phase3_seed_202/AS006_v7_4_6_gap_weaklink_scores.csv
AS006,central_lane_gap_control,"central-lane topology with same gap-derived links",central_lane,boundary_constriction,conductance,3.7,0,0.01,0.08,0.920627450980392,0.01,0.472222222222222,1.05251367000663e-08,4.27420004718607e-07,0.124622850470499,157.212198070485,0.171641024535648,0.0694871254043196,0.139025334268505,0.397838181956569,0.0481259348583226,1105.20628232429,1376.31954581959,1382.74428069238,1354.26428687893,37.0790159915578,343272.313176926,343272.313176926,202,v7.4.6,gap_tied_weak_links_phase3_seed,/Users/asewaket/Documents/LTSpice Superconducting Circuit/matlab_v7_4_6_files/outputs/v7_4_6_as006_gap_weaklink_v800_phase3_seed_202/AS006_v7_4_6_gap_weaklink_scores.csv
AS006,contact_relaxed_a3_7_g0_05_p0_3,"contact-relaxed SNS links, alpha=3.7, tau=0.05, p=0.3",contact_relaxation,contact_relaxed,conductance,3.7,0,0.05,0.3,0.714793028322441,0.05,0.300217864923747,3.92744180206989e-08,6.53038722734001e-07,0.0471121300952263,87.2899998504155,0.171889420816322,0.136371994625973,0.284307841070041,0.142412055763963,0.0475213178781095,2.231085827146,3.30305434423606,2.54161633238385,2.68125592820073,0.0529762995713133,1186.72871843554,1147.33394405881,202,v7.4.6,gap_tied_weak_links_phase3_seed,/Users/asewaket/Documents/LTSpice Superconducting Circuit/matlab_v7_4_6_files/outputs/v7_4_6_as006_gap_weaklink_v800_phase3_seed_202/AS006_v7_4_6_gap_weaklink_scores.csv
AS006,contact_relaxed_a4_1_g0_05_p0_3,"contact-relaxed SNS links, alpha=4.1, tau=0.05, p=0.3",contact_relaxation,contact_relaxed,conductance,4.1,0.999999999999997,0.05,0.3,0.714793028322441,0.05,0.300217864923747,4.35203010499637e-08,7.2363750357011e-07,0.0522053333487643,87.2899998504155,0.176115657271634,0.144606964719767,0.293574375333531,0.139710383556108,0.0475781853595897,2.21442349859185,3.29160469766096,2.51214474716297,2.66486215145554,0.0531817984436485,1192.24825960493,1152.67577331213,202,v7.4.6,gap_tied_weak_links_phase3_seed,/Users/asewaket/Documents/LTSpice Superconducting Circuit/matlab_v7_4_6_files/outputs/v7_4_6_as006_gap_weaklink_v800_phase3_seed_202/AS006_v7_4_6_gap_weaklink_scores.csv
AS006,anisotropic_gap_control,"anisotropic weak-link transparency",anisotropic,anisotropic,conductance,3.7,0,0.01,0.08,0.920627450980392,0.01,0.0801742919389978,1.08531343589853e-08,4.30576883239061e-07,0.123083464159848,157.212198070485,0.187028267531294,0.196714890810711,0.259323138771987,0.190044276561845,0.0470556082924783,0.198905147480747,0.169949024031896,0.212494253202041,0.325333225459821,0.046045238443491,301.097966559456,295.143418669755,202,v7.4.6,gap_tied_weak_links_phase3_seed,/Users/asewaket/Documents/LTSpice Superconducting Circuit/matlab_v7_4_6_files/outputs/v7_4_6_as006_gap_weaklink_v800_phase3_seed_202/AS006_v7_4_6_gap_weaklink_scores.csv
AS006,contact_relaxed_a3_3_g0_1_p0_3,"contact-relaxed SNS links, alpha=3.3, tau=0.1, p=0.3",contact_relaxation,contact_relaxed,conductance,3.3,1,0.1,0.3,0.72980392156863,0.1,0.300217864923747,6.36843859468836e-08,5.29458769254501e-07,0.0420189268416883,96.0248189159838,0.188514210300099,0.174093176459883,0.313591249570325,0.136878102799183,0.0485955597935643,0.981642708598365,1.45882844564051,1.0390401455758,1.26436721332265,0.0506058259403514,693.679638408507,674.415936559027,202,v7.4.6,gap_tied_weak_links_phase3_seed,/Users/asewaket/Documents/LTSpice Superconducting Circuit/matlab_v7_4_6_files/outputs/v7_4_6_as006_gap_weaklink_v800_phase3_seed_202/AS006_v7_4_6_gap_weaklink_scores.csv
AS006,contact_relaxed_a3_3_g0_05_p0_2,"contact-relaxed SNS links, alpha=3.3, tau=0.05, p=0.2",contact_relaxation,contact_relaxed,conductance,3.3,1,0.05,0.2,0.810000000000002,0.05,0.2,2.47624294085632e-08,5.19411894298744e-07,0.0392859307974335,112.055674405493,0.189063782870854,0.188871999372942,0.287533211892736,0.164538677689745,0.047590447056858,0.287807376529776,0.337787533638557,0.270363953442534,0.45696624276418,0.0569046270306652,369.112787355189,351.953002761706,202,v7.4.6,gap_tied_weak_links_phase3_seed,/Users/asewaket/Documents/LTSpice Superconducting Circuit/matlab_v7_4_6_files/outputs/v7_4_6_as006_gap_weaklink_v800_phase3_seed_202/AS006_v7_4_6_gap_weaklink_scores.csv
AS006,crack_tunnel_a4_1_g0_05_p0_3,"tunnel/crack-like links, alpha=4.1, tau=0.05, p=0.3",tear_lane,crack_tunnel,conductance,4.1,0.999999999999997,0.05,0.3,0.714793028322442,0.05,0.300217864923747,7.78966649470274e-08,5.96687413540944e-07,0.098562833477876,87.2899998504155,0.190255097863092,0.211906971196695,0.255873119064273,0.190148234446303,0.0539052666984077,0.232785830891394,0.211832043307295,0.240161993722379,0.258978727388579,0.208090212899786,239.913900602186,304.662482714192,202,v7.4.6,gap_tied_weak_links_phase3_seed,/Users/asewaket/Documents/LTSpice Superconducting Circuit/matlab_v7_4_6_files/outputs/v7_4_6_as006_gap_weaklink_v800_phase3_seed_202/AS006_v7_4_6_gap_weaklink_scores.csv
AS006,contact_relaxed_a3_7_g0_1_p0_3,"contact-relaxed SNS links, alpha=3.7, tau=0.1, p=0.3",contact_relaxation,contact_relaxed,conductance,3.7,0,0.1,0.3,0.72980392156863,0.1,0.300217864923747,7.14037054555968e-08,5.93635589770198e-07,0.0471121300952263,96.0248189159838,0.190924600260753,0.182542662311839,0.31661669835371,0.136646936515318,0.0471924462287861,0.970607966491064,1.43259752787039,1.02732159053877,1.25756086668231,0.0506784377891816,694.546039348047,669.483666938568,202,v7.4.6,gap_tied_weak_links_phase3_seed,/Users/asewaket/Documents/LTSpice Superconducting Circuit/matlab_v7_4_6_files/outputs/v7_4_6_as006_gap_weaklink_v800_phase3_seed_202/AS006_v7_4_6_gap_weaklink_scores.csv
AS006,contact_relaxed_a3_7_g0_05_p0_2,"contact-relaxed SNS links, alpha=3.7, tau=0.05, p=0.2",contact_relaxation,contact_relaxed,conductance,3.7,0,0.05,0.2,0.810000000000002,0.05,0.2,2.77639360035406e-08,5.82370911789501e-07,0.044047861803183,112.055674405493,0.191443134107533,0.199059194481817,0.288251129598627,0.164783871203857,0.0477371602534304,0.284544096418707,0.325801322007366,0.268794252216296,0.455720155994402,0.05687902371465,368.473306883115,351.574463270786,202,v7.4.6,gap_tied_weak_links_phase3_seed,/Users/asewaket/Documents/LTSpice Superconducting Circuit/matlab_v7_4_6_files/outputs/v7_4_6_as006_gap_weaklink_v800_phase3_seed_202/AS006_v7_4_6_gap_weaklink_scores.csv
AS006,combined_a3_3_g0_1_p0_3,"combined weak-link classes, alpha=3.3, tau=0.1, p=0.3",combined,boundary_constriction,conductance,3.3,1,0.1,0.3,0.729803921568629,0.1,0.300217864923747,1.27278303915905e-07,4.82084790700061e-07,0.0894774183822242,96.0248189159838,0.192054059944126,0.211011065651479,0.268511519933032,0.180024015067091,0.0543340553524824,0.193390962318491,0.220339910774964,0.276878656528098,0.170885518150833,0.0484703542047769,240.148961511892,247.233535466773,202,v7.4.6,gap_tied_weak_links_phase3_seed,/Users/asewaket/Documents/LTSpice Superconducting Circuit/matlab_v7_4_6_files/outputs/v7_4_6_as006_gap_weaklink_v800_phase3_seed_202/AS006_v7_4_6_gap_weaklink_scores.csv
AS006,combined_a3_7_g0_05_p0_2,"combined weak-link classes, alpha=3.7, tau=0.05, p=0.2",combined,boundary_constriction,conductance,3.7,0,0.05,0.2,0.810000000000001,0.05,0.2,6.97266488506276e-08,5.14550598227355e-07,0.121987577109835,112.055674405493,0.192172246605406,0.215310915474804,0.262454779243585,0.185807745209301,0.0539947723643238,0.193716061829151,0.225636823241735,0.27155310861081,0.175364917537434,0.0485193989133084,239.833755137404,246.701002487949,202,v7.4.6,gap_tied_weak_links_phase3_seed,/Users/asewaket/Documents/LTSpice Superconducting Circuit/matlab_v7_4_6_files/outputs/v7_4_6_as006_gap_weaklink_v800_phase3_seed_202/AS006_v7_4_6_gap_weaklink_scores.csv
AS006,combined_a3_3_g0_1_p0_2,"combined weak-link classes, alpha=3.3, tau=0.1, p=0.2",combined,boundary_constriction,conductance,3.3,1,0.1,0.2,0.820000000000001,0.1,0.2,1.15778500042451e-07,4.27196039396153e-07,0.108799730935799,120.377948955514,0.192618782434483,0.21972214355716,0.271102281279192,0.177559034488211,0.046993983266406,0.197193705435299,0.235486703983806,0.285800069546303,0.163025003080459,0.0465504476360845,243.51117376656,237.891708058681,202,v7.4.6,gap_tied_weak_links_phase3_seed,/Users/asewaket/Documents/LTSpice Superconducting Circuit/matlab_v7_4_6_files/outputs/v7_4_6_as006_gap_weaklink_v800_phase3_seed_202/AS006_v7_4_6_gap_weaklink_scores.csv
AS006,combined_a3_3_g0_05_p0_3,"combined weak-link classes, alpha=3.3, tau=0.05, p=0.3",combined,boundary_constriction,conductance,3.3,1,0.05,0.3,0.714793028322442,0.05,0.300217864923747,7.0007309579576e-08,5.3032540735997e-07,0.0894774183822242,87.2899998504155,0.192748146827603,0.207065548725786,0.270378676584852,0.177043028770771,0.0622087154252756,0.194001270772129,0.196312930828936,0.256632666510754,0.196264832329759,0.0792552162256893,242.934322289929,269.719972124992,202,v7.4.6,gap_tied_weak_links_phase3_seed,/Users/asewaket/Documents/LTSpice Superconducting Circuit/matlab_v7_4_6_files/outputs/v7_4_6_as006_gap_weaklink_v800_phase3_seed_202/AS006_v7_4_6_gap_weaklink_scores.csv
AS006,contact_relaxed_a3_3_g0_1_p0_2,"contact-relaxed SNS links, alpha=3.3, tau=0.1, p=0.2",contact_relaxation,contact_relaxed,conductance,3.3,1,0.1,0.2,0.820000000000002,0.1,0.2,4.61009803102789e-08,4.83502590091391e-07,0.0392859307974335,120.377948955514,0.192776428763972,0.204263840210497,0.292116823171094,0.160689958519457,0.0475514149106256,0.237932701349614,0.252602976437933,0.232182335069661,0.381000196975086,0.0544911977193723,344.773413847446,329.450954898661,202,v7.4.6,gap_tied_weak_links_phase3_seed,/Users/asewaket/Documents/LTSpice Superconducting Circuit/matlab_v7_4_6_files/outputs/v7_4_6_as006_gap_weaklink_v800_phase3_seed_202/AS006_v7_4_6_gap_weaklink_scores.csv
AS006,combined_a4_1_g0_05_p0_2,"combined weak-link classes, alpha=4.1, tau=0.05, p=0.2",combined,boundary_constriction,conductance,4.1,0.999999999999997,0.05,0.2,0.810000000000001,0.05,0.2,7.72646649425874e-08,5.7017768992761e-07,0.135175423283871,112.055674405493,0.193258195673545,0.220723920162076,0.262678133271798,0.18605222365922,0.0533150454059786,0.19515437089981,0.231932044347032,0.2724318481503,0.174920935976628,0.0484329059182072,239.770846463989,246.109592388235,202,v7.4.6,gap_tied_weak_links_phase3_seed,/Users/asewaket/Documents/LTSpice Superconducting Circuit/matlab_v7_4_6_files/outputs/v7_4_6_as006_gap_weaklink_v800_phase3_seed_202/AS006_v7_4_6_gap_weaklink_scores.csv
AS006,contact_relaxed_a4_1_g0_1_p0_3,"contact-relaxed SNS links, alpha=4.1, tau=0.1, p=0.3",contact_relaxation,contact_relaxed,conductance,4.1,0.999999999999997,0.1,0.3,0.72980392156863,0.1,0.300217864923747,7.912302496431e-08,6.57812410285895e-07,0.0522053333487643,96.0248189159838,0.193294108505019,0.189776487071091,0.318014953275111,0.137126965126274,0.048759180814718,0.960161893249808,1.40347681535965,1.01790936685278,1.25221782620076,0.0507189761460759,688.341560214013,669.681035227072,202,v7.4.6,gap_tied_weak_links_phase3_seed,/Users/asewaket/Documents/LTSpice Superconducting Circuit/matlab_v7_4_6_files/outputs/v7_4_6_as006_gap_weaklink_v800_phase3_seed_202/AS006_v7_4_6_gap_weaklink_scores.csv
AS006,contact_relaxed_a4_1_g0_05_p0_2,"contact-relaxed SNS links, alpha=4.1, tau=0.05, p=0.2",contact_relaxation,contact_relaxed,conductance,4.1,0.999999999999997,0.05,0.2,0.810000000000002,0.05,0.2,3.07654425985179e-08,6.45329929280258e-07,0.0488097928089326,112.055674405493,0.193399462582824,0.208050638220249,0.288026779903105,0.165718386181575,0.0477518271364666,0.281355679199426,0.312924619660811,0.26768031746325,0.454823349558457,0.0568840338275579,367.447031419617,350.559403502375,202,v7.4.6,gap_tied_weak_links_phase3_seed,/Users/asewaket/Documents/LTSpice Superconducting Circuit/matlab_v7_4_6_files/outputs/v7_4_6_as006_gap_weaklink_v800_phase3_seed_202/AS006_v7_4_6_gap_weaklink_scores.csv
AS006,combined_a3_7_g0_1_p0_3,"combined weak-link classes, alpha=3.7, tau=0.1, p=0.3",combined,boundary_constriction,conductance,3.7,0,0.1,0.3,0.729803921568629,0.1,0.300217864923747,1.42705977117833e-07,5.40519310784917e-07,0.100323166064918,96.0248189159838,0.193572826535272,0.219169011653659,0.268322616245705,0.180544486844742,0.0534499340367921,0.195409615835962,0.229636474176255,0.277599351414284,0.170510121069563,0.0484750886916027,240.0174233305,246.47454316978,202,v7.4.6,gap_tied_weak_links_phase3_seed,/Users/asewaket/Documents/LTSpice Superconducting Circuit/matlab_v7_4_6_files/outputs/v7_4_6_as006_gap_weaklink_v800_phase3_seed_202/AS006_v7_4_6_gap_weaklink_scores.csv
AS006,crack_tunnel_a3_7_g0_1_p0_3,"tunnel/crack-like links, alpha=3.7, tau=0.1, p=0.3",tear_lane,crack_tunnel,conductance,3.7,0,0.1,0.3,0.72980392156863,0.1,0.300217864923747,1.27804964250253e-07,4.89492159953419e-07,0.0889469472849125,96.0248189159838,0.193587402022574,0.225195165077543,0.27014405328289,0.175528207208251,0.0505794927799555,0.208831612700823,0.203422871795586,0.241678685810754,0.227372179564942,0.133582267083533,248.927065940935,288.341013194561,202,v7.4.6,gap_tied_weak_links_phase3_seed,/Users/asewaket/Documents/LTSpice Superconducting Circuit/matlab_v7_4_6_files/outputs/v7_4_6_as006_gap_weaklink_v800_phase3_seed_202/AS006_v7_4_6_gap_weaklink_scores.csv
AS006,combined_a3_7_g0_1_p0_2,"combined weak-link classes, alpha=3.7, tau=0.1, p=0.2",combined,boundary_constriction,conductance,3.7,0,0.1,0.2,0.820000000000001,0.1,0.2,1.29812257623354e-07,4.78977377504777e-07,0.121987577109835,120.377948955514,0.193834712714647,0.22314388399512,0.267991204204048,0.181784865838736,0.0498139899226133,0.199053851721854,0.243540699589591,0.286669057118935,0.162774938281237,0.0465890362099962,240.01366627529,237.31806178531,202,v7.4.6,gap_tied_weak_links_phase3_seed,/Users/asewaket/Documents/LTSpice Superconducting Circuit/matlab_v7_4_6_files/outputs/v7_4_6_as006_gap_weaklink_v800_phase3_seed_202/AS006_v7_4_6_gap_weaklink_scores.csv
AS006,combined_a3_3_g0_05_p0_2,"combined weak-link classes, alpha=3.3, tau=0.05, p=0.2",combined,boundary_constriction,conductance,3.3,1,0.05,0.2,0.810000000000001,0.05,0.2,6.21886327586679e-08,4.589235065271e-07,0.108799730935799,112.055674405493,0.19417804621153,0.224742271413866,0.277994225337847,0.168090669720778,0.0495447281515769,0.191764940007562,0.217213991589646,0.270378438694192,0.17591409790708,0.0485558183494812,249.808694734012,253.937813931673,202,v7.4.6,gap_tied_weak_links_phase3_seed,/Users/asewaket/Documents/LTSpice Superconducting Circuit/matlab_v7_4_6_files/outputs/v7_4_6_as006_gap_weaklink_v800_phase3_seed_202/AS006_v7_4_6_gap_weaklink_scores.csv
AS006,combined_a3_3_g0_05_p0_1,"combined weak-link classes, alpha=3.3, tau=0.05, p=0.1",combined,boundary_constriction,conductance,3.3,1,0.05,0.1,0.904793028322441,0.05,0.100217864923747,5.44263939832377e-08,4.31100662471918e-07,0.111150109879094,135.360169310127,0.194187120184945,0.224274851058703,0.272801635369251,0.177709034243942,0.0471215951649033,0.202929032746914,0.247704298569673,0.294486165409155,0.157866782802284,0.0542565971960198,246.305092433784,228.818035922096,202,v7.4.6,gap_tied_weak_links_phase3_seed,/Users/asewaket/Documents/LTSpice Superconducting Circuit/matlab_v7_4_6_files/outputs/v7_4_6_as006_gap_weaklink_v800_phase3_seed_202/AS006_v7_4_6_gap_weaklink_scores.csv
AS006,crack_tunnel_a4_1_g0_1_p0_3,"tunnel/crack-like links, alpha=4.1, tau=0.1, p=0.3",tear_lane,crack_tunnel,conductance,4.1,0.999999999999997,0.1,0.3,0.72980392156863,0.1,0.300217864923747,1.41621717142172e-07,5.42410231299734e-07,0.098562833477876,96.0248189159838,0.194331027363344,0.226800240192673,0.266131865722281,0.180429116111848,0.0535877364702458,0.209514957299413,0.207249971638211,0.241970961922951,0.226977476053807,0.133153786426432,245.524426668084,286.799664273047,202,v7.4.6,gap_tied_weak_links_phase3_seed,/Users/asewaket/Documents/LTSpice Superconducting Circuit/matlab_v7_4_6_files/outputs/v7_4_6_as006_gap_weaklink_v800_phase3_seed_202/AS006_v7_4_6_gap_weaklink_scores.csv
AS006,combined_a3_7_g0_05_p0_1,"combined weak-link classes, alpha=3.7, tau=0.05, p=0.1",combined,boundary_constriction,conductance,3.7,0,0.05,0.1,0.904793028322441,0.05,0.100217864923747,6.10235326478726e-08,4.83355288226089e-07,0.124622850470499,135.360169310127,0.194335104564276,0.225752543446044,0.267627113627733,0.183889577552233,0.0477135585865128,0.204661598572466,0.255659725297557,0.295161782149875,0.157664638343576,0.0540343508730232,240.292702155475,228.826195050606,202,v7.4.6,gap_tied_weak_links_phase3_seed,/Users/asewaket/Documents/LTSpice Superconducting Circuit/matlab_v7_4_6_files/outputs/v7_4_6_as006_gap_weaklink_v800_phase3_seed_202/AS006_v7_4_6_gap_weaklink_scores.csv
AS006,crack_tunnel_a4_1_g0_05_p0_2,"tunnel/crack-like links, alpha=4.1, tau=0.05, p=0.2",tear_lane,crack_tunnel,conductance,4.1,0.999999999999997,0.05,0.2,0.809586056644881,0.05,0.200435729847495,6.70363938108021e-08,5.58322067540139e-07,0.10785583242585,112.055674405493,0.194348401845439,0.226599073759187,0.260927317585937,0.190349110114113,0.0505837420499775,0.208617187721878,0.254924221659216,0.287255904640235,0.165482208885256,0.0786111227231953,245.495035605552,225.279478870348,202,v7.4.6,gap_tied_weak_links_phase3_seed,/Users/asewaket/Documents/LTSpice Superconducting Circuit/matlab_v7_4_6_files/outputs/v7_4_6_as006_gap_weaklink_v800_phase3_seed_202/AS006_v7_4_6_gap_weaklink_scores.csv
AS006,crack_tunnel_a3_3_g0_05_p0_3,"tunnel/crack-like links, alpha=3.3, tau=0.05, p=0.3",tear_lane,crack_tunnel,conductance,3.3,1,0.05,0.3,0.714793028322442,0.05,0.300217864923747,6.26973156890708e-08,4.80260601142711e-07,0.079331061091949,87.2899998504155,0.194529676574095,0.221458434090081,0.278637379817765,0.164885052258335,0.0574682187763873,0.23253536485806,0.207525472051849,0.239475734928121,0.26056649200167,0.210360701112154,251.024352449522,322.216290798783,202,v7.4.6,gap_tied_weak_links_phase3_seed,/Users/asewaket/Documents/LTSpice Superconducting Circuit/matlab_v7_4_6_files/outputs/v7_4_6_as006_gap_weaklink_v800_phase3_seed_202/AS006_v7_4_6_gap_weaklink_scores.csv
AS006,combined_a4_1_g0_1_p0_2,"combined weak-link classes, alpha=4.1, tau=0.1, p=0.2",combined,boundary_constriction,conductance,4.1,0.999999999999997,0.1,0.2,0.820000000000001,0.1,0.2,1.43846015204257e-07,5.30758715613402e-07,0.135175423283871,120.377948955514,0.194763467410067,0.227916858448572,0.267739441629757,0.182468956238299,0.0492702604518165,0.20044158670707,0.249571573328122,0.287309037117544,0.162577380535138,0.0466238195826056,239.820011071108,236.66107279677,202,v7.4.6,gap_tied_weak_links_phase3_seed,/Users/asewaket/Documents/LTSpice Superconducting Circuit/matlab_v7_4_6_files/outputs/v7_4_6_as006_gap_weaklink_v800_phase3_seed_202/AS006_v7_4_6_gap_weaklink_scores.csv
AS006,combined_a4_1_g0_1_p0_3,"combined weak-link classes, alpha=4.1, tau=0.1, p=0.3",combined,boundary_constriction,conductance,4.1,0.999999999999997,0.1,0.3,0.729803921568629,0.1,0.300217864923747,1.58133650319761e-07,5.98953830869773e-07,0.111168913747612,96.0248189159838,0.194851242467063,0.225657145635479,0.268207083025915,0.180899527426274,0.0531122621216413,0.196968063058697,0.236922003874232,0.278135721504227,0.170205753947899,0.0484236063519856,239.839409344694,246.013838935716,202,v7.4.6,gap_tied_weak_links_phase3_seed,/Users/asewaket/Documents/LTSpice Superconducting Circuit/matlab_v7_4_6_files/outputs/v7_4_6_as006_gap_weaklink_v800_phase3_seed_202/AS006_v7_4_6_gap_weaklink_scores.csv
AS006,crack_tunnel_a3_3_g0_1_p0_3,"tunnel/crack-like links, alpha=3.3, tau=0.1, p=0.3",tear_lane,crack_tunnel,conductance,3.3,1,0.1,0.3,0.72980392156863,0.1,0.300217864923747,1.13988211358334e-07,4.36574088607103e-07,0.079331061091949,96.0248189159838,0.194935393535355,0.225191782239418,0.277951012522888,0.167480151853927,0.0537207237048928,0.207894297718322,0.197852835547584,0.241335248664067,0.22791533834341,0.134387794952644,252.030075399665,294.718735970458,202,v7.4.6,gap_tied_weak_links_phase3_seed,/Users/asewaket/Documents/LTSpice Superconducting Circuit/matlab_v7_4_6_files/outputs/v7_4_6_as006_gap_weaklink_v800_phase3_seed_202/AS006_v7_4_6_gap_weaklink_scores.csv
AS006,contact_relaxed_a3_7_g0_1_p0_2,"contact-relaxed SNS links, alpha=3.7, tau=0.1, p=0.2",contact_relaxation,contact_relaxed,conductance,3.7,0,0.1,0.2,0.820000000000002,0.1,0.2,5.16889779236461e-08,5.42108964647924e-07,0.044047861803183,120.377948955514,0.195206126147953,0.21510013217755,0.292258722715159,0.161323792831383,0.0478229927714576,0.235243923674789,0.241674327637435,0.23153667121069,0.379863634063498,0.0545265735384286,343.675250287425,328.857363331817,202,v7.4.6,gap_tied_weak_links_phase3_seed,/Users/asewaket/Documents/LTSpice Superconducting Circuit/matlab_v7_4_6_files/outputs/v7_4_6_as006_gap_weaklink_v800_phase3_seed_202/AS006_v7_4_6_gap_weaklink_scores.csv
AS006,combined_a3_7_g0_05_p0_3,"combined weak-link classes, alpha=3.7, tau=0.05, p=0.3",combined,boundary_constriction,conductance,3.7,0,0.05,0.3,0.714793028322442,0.05,0.300217864923747,7.84930440740701e-08,5.94607274918754e-07,0.100323166064918,87.2899998504155,0.195493623967551,0.213514922737747,0.267871521174351,0.180953847751975,0.0689857253549213,0.195822873782305,0.205465873716365,0.257542801309704,0.195499858646778,0.0785737695947038,239.696153957558,269.112909891054,202,v7.4.6,gap_tied_weak_links_phase3_seed,/Users/asewaket/Documents/LTSpice Superconducting Circuit/matlab_v7_4_6_files/outputs/v7_4_6_as006_gap_weaklink_v800_phase3_seed_202/AS006_v7_4_6_gap_weaklink_scores.csv
AS006,combined_a4_1_g0_05_p0_1,"combined weak-link classes, alpha=4.1, tau=0.05, p=0.1",combined,boundary_constriction,conductance,4.1,0.999999999999997,0.05,0.1,0.904793028322441,0.05,0.100217864923747,6.76206713125075e-08,5.35609913980261e-07,0.138095591061904,135.360169310127,0.195538169498068,0.230901161747558,0.267939119142153,0.184006078066355,0.0478886296610718,0.205973963249901,0.261482507286189,0.295795800940802,0.157500884778801,0.0538685513434104,239.973061197029,228.833460934931,202,v7.4.6,gap_tied_weak_links_phase3_seed,/Users/asewaket/Documents/LTSpice Superconducting Circuit/matlab_v7_4_6_files/outputs/v7_4_6_as006_gap_weaklink_v800_phase3_seed_202/AS006_v7_4_6_gap_weaklink_scores.csv
AS006,crack_tunnel_a3_7_g0_05_p0_3,"tunnel/crack-like links, alpha=3.7, tau=0.05, p=0.3",tear_lane,crack_tunnel,conductance,3.7,0,0.05,0.3,0.714793028322442,0.05,0.300217864923747,7.02969903180491e-08,5.38474007341828e-07,0.0889469472849125,87.2899998504155,0.195568376660915,0.22764077478888,0.276519770230362,0.167369516732267,0.0570796146972294,0.232750961294688,0.210452699223807,0.239841603143647,0.259668872210716,0.208993211484856,249.642344312479,319.903629833491,202,v7.4.6,gap_tied_weak_links_phase3_seed,/Users/asewaket/Documents/LTSpice Superconducting Circuit/matlab_v7_4_6_files/outputs/v7_4_6_as006_gap_weaklink_v800_phase3_seed_202/AS006_v7_4_6_gap_weaklink_scores.csv
AS006,combined_a3_3_g0_2_p0_3,"combined weak-link classes, alpha=3.3, tau=0.2, p=0.3",combined,boundary_constriction,conductance,3.3,1,0.2,0.3,0.759825708061,0.2,0.300217864923747,2.2113241254933e-07,4.28281209265321e-07,0.0894774183822242,110.538983811176,0.195648324462917,0.228956437249221,0.277146160699575,0.172416567720491,0.0487586941904949,0.200599682705467,0.24645158431886,0.293311240821869,0.157661700837519,0.0461750317233078,240.855039398199,239.270951115175,202,v7.4.6,gap_tied_weak_links_phase3_seed,/Users/asewaket/Documents/LTSpice Superconducting Circuit/matlab_v7_4_6_files/outputs/v7_4_6_as006_gap_weaklink_v800_phase3_seed_202/AS006_v7_4_6_gap_weaklink_scores.csv
AS006,combined_a3_3_g0_1_p0_1,"combined weak-link classes, alpha=3.3, tau=0.1, p=0.1",combined,boundary_constriction,conductance,3.3,1,0.1,0.1,0.909803921568628,0.1,0.100217864923747,1.04007274113971e-07,4.11910485804372e-07,0.111150109879094,141.666358767134,0.195767040548867,0.228678418120495,0.274867214630483,0.177955926744519,0.0466942505898481,0.203317722510087,0.252181592960798,0.296599314485523,0.157693383005778,0.0482414904827491,241.802034000564,232.811166060168,202,v7.4.6,gap_tied_weak_links_phase3_seed,/Users/asewaket/Documents/LTSpice Superconducting Circuit/matlab_v7_4_6_files/outputs/v7_4_6_as006_gap_weaklink_v800_phase3_seed_202/AS006_v7_4_6_gap_weaklink_scores.csv
AS006,crack_tunnel_a4_1_g0_1_p0_2,"tunnel/crack-like links, alpha=4.1, tau=0.1, p=0.2",tear_lane,crack_tunnel,conductance,4.1,0.999999999999997,0.1,0.2,0.819607843137257,0.1,0.200435729847495,1.24803726651924e-07,5.19722726267747e-07,0.10785583242585,120.377948955514,0.196363734019536,0.234523704101514,0.268487519767128,0.182645195843257,0.0491353115996227,0.196016807279375,0.235263429853781,0.269097523670481,0.18185270884651,0.0465840540616152,249.06684652819,246.276851003567,202,v7.4.6,gap_tied_weak_links_phase3_seed,/Users/asewaket/Documents/LTSpice Superconducting Circuit/matlab_v7_4_6_files/outputs/v7_4_6_as006_gap_weaklink_v800_phase3_seed_202/AS006_v7_4_6_gap_weaklink_scores.csv
AS006,combined_a3_3_g0_2_p0_2,"combined weak-link classes, alpha=3.3, tau=0.2, p=0.2",combined,boundary_constriction,conductance,3.3,1,0.2,0.2,0.839999999999999,0.2,0.2,2.10522563957021e-07,3.9342162905449e-07,0.108799730935799,132.405554124844,0.196480053535352,0.23164429756461,0.277127014047758,0.174283928151429,0.0479287853392852,0.203736546215836,0.254758109791745,0.298617804386352,0.155108320970617,0.0474580623980497,240.397023176938,234.620598812946,202,v7.4.6,gap_tied_weak_links_phase3_seed,/Users/asewaket/Documents/LTSpice Superconducting Circuit/matlab_v7_4_6_files/outputs/v7_4_6_as006_gap_weaklink_v800_phase3_seed_202/AS006_v7_4_6_gap_weaklink_scores.csv
AS006,crack_tunnel_a3_3_g0_2_p0_3,"tunnel/crack-like links, alpha=3.3, tau=0.2, p=0.3",tear_lane,crack_tunnel,conductance,3.3,1,0.2,0.3,0.759825708061,0.2,0.300217864923747,1.98042301039033e-07,3.87845070343038e-07,0.079331061091949,110.538983811176,0.196712485008314,0.232634907588028,0.279162381618099,0.168539624457597,0.0517188190498746,0.196801804890366,0.208269173243593,0.2526778787959,0.202744605770316,0.0801228061025191,252.506437926425,274.171714271429,202,v7.4.6,gap_tied_weak_links_phase3_seed,/Users/asewaket/Documents/LTSpice Superconducting Circuit/matlab_v7_4_6_files/outputs/v7_4_6_as006_gap_weaklink_v800_phase3_seed_202/AS006_v7_4_6_gap_weaklink_scores.csv
AS006,crack_tunnel_a3_7_g0_05_p0_2,"tunnel/crack-like links, alpha=3.7, tau=0.05, p=0.2",tear_lane,crack_tunnel,conductance,3.7,0,0.05,0.2,0.809586056644881,0.05,0.200435729847495,6.04962578292604e-08,5.03851621926467e-07,0.0973333121891819,112.055674405493,0.196927517091272,0.237950863857865,0.27586190609867,0.173478604791028,0.0470801299370378,0.207703301129891,0.249395614571972,0.287051724628408,0.165608169626462,0.0797701609446942,257.34120005463,228.996418009146,202,v7.4.6,gap_tied_weak_links_phase3_seed,/Users/asewaket/Documents/LTSpice Superconducting Circuit/matlab_v7_4_6_files/outputs/v7_4_6_as006_gap_weaklink_v800_phase3_seed_202/AS006_v7_4_6_gap_weaklink_scores.csv
AS006,combined_a3_7_g0_2_p0_3,"combined weak-link classes, alpha=3.7, tau=0.2, p=0.3",combined,boundary_constriction,conductance,3.7,0,0.2,0.3,0.759825708061,0.2,0.300217864923747,2.47936341343188e-07,4.80194083115663e-07,0.100323166064918,110.538983811176,0.197011471370849,0.235688371573707,0.27687654975607,0.17293236290764,0.0486695695728648,0.202330653933711,0.254340580833378,0.293942208603147,0.157370978871358,0.0462001001904737,240.482602481965,238.795385997161,202,v7.4.6,gap_tied_weak_links_phase3_seed,/Users/asewaket/Documents/LTSpice Superconducting Circuit/matlab_v7_4_6_files/outputs/v7_4_6_as006_gap_weaklink_v800_phase3_seed_202/AS006_v7_4_6_gap_weaklink_scores.csv
AS006,combined_a3_7_g0_1_p0_1,"combined weak-link classes, alpha=3.7, tau=0.1, p=0.1",combined,boundary_constriction,conductance,3.7,0,0.1,0.1,0.909803921568628,0.1,0.100217864923747,1.16614216430816e-07,4.61839029538235e-07,0.124622850470499,141.666358767134,0.197053522511799,0.234409321555504,0.273966466605412,0.179321639825985,0.0472649246615404,0.204940919158258,0.259658988148855,0.297121855809619,0.157583299396453,0.0481032357300382,240.319732881583,232.856571508882,202,v7.4.6,gap_tied_weak_links_phase3_seed,/Users/asewaket/Documents/LTSpice Superconducting Circuit/matlab_v7_4_6_files/outputs/v7_4_6_as006_gap_weaklink_v800_phase3_seed_202/AS006_v7_4_6_gap_weaklink_scores.csv
AS006,combined_a4_1_g0_05_p0_3,"combined weak-link classes, alpha=4.1, tau=0.05, p=0.3",combined,boundary_constriction,conductance,4.1,0.999999999999997,0.05,0.3,0.714793028322442,0.05,0.300217864923747,8.69787785685641e-08,6.58889142477538e-07,0.111168913747612,87.2899998504155,0.197063172884142,0.221275579724709,0.268025371487142,0.181125112187882,0.0685894943586472,0.197316889417776,0.213187346042345,0.258210332363674,0.194891511376728,0.0779146301891932,239.577845247701,268.560700481662,202,v7.4.6,gap_tied_weak_links_phase3_seed,/Users/asewaket/Documents/LTSpice Superconducting Circuit/matlab_v7_4_6_files/outputs/v7_4_6_as006_gap_weaklink_v800_phase3_seed_202/AS006_v7_4_6_gap_weaklink_scores.csv
AS006,contact_relaxed_a4_1_g0_1_p0_2,"contact-relaxed SNS links, alpha=4.1, tau=0.1, p=0.2",contact_relaxation,contact_relaxed,conductance,4.1,0.999999999999997,0.1,0.2,0.820000000000002,0.1,0.2,5.72769755370132e-08,6.00715339204456e-07,0.0488097928089326,120.377948955514,0.197244841127344,0.224639595503633,0.291839771100554,0.162246270112057,0.0480571730670498,0.233201106790807,0.233192003256862,0.231132688161683,0.379016282771512,0.054560972949837,342.443879660925,328.043574101094,202,v7.4.6,gap_tied_weak_links_phase3_seed,/Users/asewaket/Documents/LTSpice Superconducting Circuit/matlab_v7_4_6_files/outputs/v7_4_6_as006_gap_weaklink_v800_phase3_seed_202/AS006_v7_4_6_gap_weaklink_scores.csv
AS006,combined_a3_7_g0_2_p0_2,"combined weak-link classes, alpha=3.7, tau=0.2, p=0.2",combined,boundary_constriction,conductance,3.7,0,0.2,0.2,0.839999999999999,0.2,0.2,2.36040450497266e-07,4.41109099242914e-07,0.121987577109835,132.405554124844,0.197814431023288,0.237939308340501,0.277114340211618,0.174634325813039,0.047889844139311,0.205344161366787,0.26196639571573,0.299212666878973,0.154947518371158,0.0474478461160559,240.127992252679,234.333554741647,202,v7.4.6,gap_tied_weak_links_phase3_seed,/Users/asewaket/Documents/LTSpice Superconducting Circuit/matlab_v7_4_6_files/outputs/v7_4_6_as006_gap_weaklink_v800_phase3_seed_202/AS006_v7_4_6_gap_weaklink_scores.csv
AS006,combined_a4_1_g0_2_p0_3,"combined weak-link classes, alpha=4.1, tau=0.2, p=0.3",combined,boundary_constriction,conductance,4.1,0.999999999999997,0.2,0.3,0.759825708061,0.2,0.300217864923747,2.74740270137046e-07,5.32106956966005e-07,0.111168913747612,110.538983811176,0.197951114944316,0.240530127027265,0.276449161106683,0.173556431960157,0.0484938758074263,0.203639255353119,0.26030267489681,0.294434694316661,0.157139963878673,0.0462079319662878,240.135441224237,238.269372631564,202,v7.4.6,gap_tied_weak_links_phase3_seed,/Users/asewaket/Documents/LTSpice Superconducting Circuit/matlab_v7_4_6_files/outputs/v7_4_6_as006_gap_weaklink_v800_phase3_seed_202/AS006_v7_4_6_gap_weaklink_scores.csv
AS006,contact_relaxed_a3_3_g0_2_p0_3,"contact-relaxed SNS links, alpha=3.3, tau=0.2, p=0.3",contact_relaxation,contact_relaxed,conductance,3.3,1,0.2,0.3,0.759825708061001,0.2,0.300217864923747,1.10644795482674e-07,4.61805463722631e-07,0.0420189268416883,110.538983811176,0.197952713446128,0.215167801980724,0.312599055126293,0.142859371317914,0.0489732046315141,0.373321834195224,0.484341503520648,0.355484565194413,0.568844179063813,0.0491144545354821,427.675784996309,416.964894446821,202,v7.4.6,gap_tied_weak_links_phase3_seed,/Users/asewaket/Documents/LTSpice Superconducting Circuit/matlab_v7_4_6_files/outputs/v7_4_6_as006_gap_weaklink_v800_phase3_seed_202/AS006_v7_4_6_gap_weaklink_scores.csv
AS006,contact_relaxed_a3_7_g0_2_p0_3,"contact-relaxed SNS links, alpha=3.7, tau=0.2, p=0.3",contact_relaxation,contact_relaxed,conductance,3.7,0,0.2,0.3,0.759825708061001,0.2,0.300217864923747,1.24056285844211e-07,5.17781883567799e-07,0.0471121300952263,110.538983811176,0.198068114129504,0.220982921773498,0.307909910123892,0.146173674691649,0.0477982127926516,0.36659093634821,0.458735793252094,0.352382037875461,0.566764358884348,0.0490948736014661,423.306768420135,410.311213052226,202,v7.4.6,gap_tied_weak_links_phase3_seed,/Users/asewaket/Documents/LTSpice Superconducting Circuit/matlab_v7_4_6_files/outputs/v7_4_6_as006_gap_weaklink_v800_phase3_seed_202/AS006_v7_4_6_gap_weaklink_scores.csv
AS006,combined_a4_1_g0_1_p0_1,"combined weak-link classes, alpha=4.1, tau=0.1, p=0.1",combined,boundary_constriction,conductance,4.1,0.999999999999997,0.1,0.1,0.909803921568628,0.1,0.100217864923747,1.29221158747661e-07,5.11767573272098e-07,0.138095591061904,141.666358767134,0.198140775426575,0.239028261513763,0.273931630568985,0.179745472940708,0.0476134209475012,0.206175675481146,0.265134089443762,0.297616062571563,0.157493835092991,0.048048884595493,239.771190918958,232.887001110729,202,v7.4.6,gap_tied_weak_links_phase3_seed,/Users/asewaket/Documents/LTSpice Superconducting Circuit/matlab_v7_4_6_files/outputs/v7_4_6_as006_gap_weaklink_v800_phase3_seed_202/AS006_v7_4_6_gap_weaklink_scores.csv
AS006,contact_relaxed_a4_1_g0_2_p0_3,"contact-relaxed SNS links, alpha=4.1, tau=0.2, p=0.3",contact_relaxation,contact_relaxed,conductance,4.1,0.999999999999997,0.2,0.3,0.759825708061001,0.2,0.300217864923747,1.37467776205747e-07,5.73758303412966e-07,0.0522053333487643,110.538983811176,0.198192336881163,0.224696736627811,0.302671692540281,0.150236143325587,0.0487943066755291,0.361288477608126,0.438432190157091,0.349940972376706,0.565228780033881,0.0490775211819517,416.68048736764,405.921270885191,202,v7.4.6,gap_tied_weak_links_phase3_seed,/Users/asewaket/Documents/LTSpice Superconducting Circuit/matlab_v7_4_6_files/outputs/v7_4_6_as006_gap_weaklink_v800_phase3_seed_202/AS006_v7_4_6_gap_weaklink_scores.csv
AS006,crack_tunnel_a3_7_g0_2_p0_3,"tunnel/crack-like links, alpha=3.7, tau=0.2, p=0.3",tear_lane,crack_tunnel,conductance,3.7,0,0.2,0.3,0.759825708061,0.2,0.300217864923747,2.22047428437704e-07,4.34856594020983e-07,0.0889469472849125,110.538983811176,0.198200031584669,0.240181802698766,0.279517118587961,0.168383428987829,0.0511841114608604,0.198026999565881,0.214721956726107,0.252957041547007,0.202409749240974,0.0797260318448191,252.641251795108,273.944344466116,202,v7.4.6,gap_tied_weak_links_phase3_seed,/Users/asewaket/Documents/LTSpice Superconducting Circuit/matlab_v7_4_6_files/outputs/v7_4_6_as006_gap_weaklink_v800_phase3_seed_202/AS006_v7_4_6_gap_weaklink_scores.csv
AS006,crack_tunnel_a3_3_g0_2_p0_2,"tunnel/crack-like links, alpha=3.3, tau=0.2, p=0.2",tear_lane,crack_tunnel,conductance,3.3,1,0.2,0.2,0.839651416122003,0.2,0.200435729847495,1.82653655638955e-07,3.82143556072133e-07,0.0868107919525136,132.405554124844,0.198539732051522,0.238147858337953,0.281471786628539,0.169960382112871,0.0495246976786258,0.194116078934252,0.221816814481929,0.265076215717812,0.188110776093014,0.0497417325668925,254.526173726574,258.995275490921,202,v7.4.6,gap_tied_weak_links_phase3_seed,/Users/asewaket/Documents/LTSpice Superconducting Circuit/matlab_v7_4_6_files/outputs/v7_4_6_as006_gap_weaklink_v800_phase3_seed_202/AS006_v7_4_6_gap_weaklink_scores.csv
AS006,crack_tunnel_a3_7_g0_1_p0_2,"tunnel/crack-like links, alpha=3.7, tau=0.1, p=0.2",tear_lane,crack_tunnel,conductance,3.7,0,0.1,0.2,0.819607843137257,0.1,0.200435729847495,1.12627753320029e-07,4.69018070046503e-07,0.0973333121891819,120.377948955514,0.198672373428478,0.2424198953488,0.280435957481466,0.169816812701184,0.0479080303245462,0.194963738382634,0.230278244691187,0.26876906289287,0.182016078422536,0.04667448913129,256.287364645529,251.843131106304,202,v7.4.6,gap_tied_weak_links_phase3_seed,/Users/asewaket/Documents/LTSpice Superconducting Circuit/matlab_v7_4_6_files/outputs/v7_4_6_as006_gap_weaklink_v800_phase3_seed_202/AS006_v7_4_6_gap_weaklink_scores.csv
AS006,combined_a4_1_g0_2_p0_2,"combined weak-link classes, alpha=4.1, tau=0.2, p=0.2",combined,boundary_constriction,conductance,4.1,0.999999999999997,0.2,0.2,0.839999999999999,0.2,0.2,2.61558337037511e-07,4.88796569431336e-07,0.135175423283871,132.405554124844,0.198781656881293,0.24253841295456,0.276977336711788,0.175046996671811,0.0478507863665107,0.206578650199834,0.267449551099658,0.299688858784407,0.154817961271138,0.0474657454378771,239.870135825257,234.024809735397,202,v7.4.6,gap_tied_weak_links_phase3_seed,/Users/asewaket/Documents/LTSpice Superconducting Circuit/matlab_v7_4_6_files/outputs/v7_4_6_as006_gap_weaklink_v800_phase3_seed_202/AS006_v7_4_6_gap_weaklink_scores.csv
AS006,crack_tunnel_a4_1_g0_2_p0_3,"tunnel/crack-like links, alpha=4.1, tau=0.2, p=0.3",tear_lane,crack_tunnel,conductance,4.1,0.999999999999997,0.2,0.3,0.759825708061,0.2,0.300217864923747,2.46052555836375e-07,4.81868117698926e-07,0.098562833477876,110.538983811176,0.199149958276309,0.244845285865292,0.27895365603306,0.169153316702202,0.0512939615806444,0.198954014196842,0.219306306158329,0.253216956766,0.202178424736832,0.0796110595643384,252.103693666296,273.484862721597,202,v7.4.6,gap_tied_weak_links_phase3_seed,/Users/asewaket/Documents/LTSpice Superconducting Circuit/matlab_v7_4_6_files/outputs/v7_4_6_as006_gap_weaklink_v800_phase3_seed_202/AS006_v7_4_6_gap_weaklink_scores.csv
AS006,combined_a3_3_g0_2_p0_1,"combined weak-link classes, alpha=3.3, tau=0.2, p=0.1",combined,boundary_constriction,conductance,3.3,1,0.2,0.1,0.919825708061002,0.2,0.100217864923747,1.96839205958242e-07,3.90912718127813e-07,0.111150109879094,149.709319719032,0.199220782923798,0.23995209670566,0.281585686667037,0.173188986469609,0.046890633159005,0.206139205063748,0.261795934643691,0.301854574172627,0.155312004026209,0.0465145808401927,240.456538163173,235.578905601075,202,v7.4.6,gap_tied_weak_links_phase3_seed,/Users/asewaket/Documents/LTSpice Superconducting Circuit/matlab_v7_4_6_files/outputs/v7_4_6_as006_gap_weaklink_v800_phase3_seed_202/AS006_v7_4_6_gap_weaklink_scores.csv
AS006,boundary_sns_a3_3_g0_1_p0_3,"SNS-like boundary constriction, alpha=3.3, tau=0.1, p=0.3",boundary_lane,boundary_constriction,conductance,3.3,1,0.1,0.3,0.715686274509806,0.1,0.315904139433551,1.34020588636815e-07,4.36431741896379e-07,0.0969509672616743,96.0248189159838,0.199451099117821,0.24279471600334,0.272351061893589,0.181074890197355,0.0515028085252883,0.307899902999232,0.450833915422998,0.465655785332985,0.181768759455534,0.0465570259210204,169.124837435251,169.436814729823,202,v7.4.6,gap_tied_weak_links_phase3_seed,/Users/asewaket/Documents/LTSpice Superconducting Circuit/matlab_v7_4_6_files/outputs/v7_4_6_as006_gap_weaklink_v800_phase3_seed_202/AS006_v7_4_6_gap_weaklink_scores.csv
AS006,crack_tunnel_a3_7_g0_2_p0_2,"tunnel/crack-like links, alpha=3.7, tau=0.2, p=0.2",tear_lane,crack_tunnel,conductance,3.7,0,0.2,0.2,0.839651416122003,0.2,0.200435729847495,2.04793492686101e-07,4.2846398711118e-07,0.0973333121891819,132.405554124844,0.199518295693394,0.244171599154562,0.280899070100654,0.170587534425179,0.0486120886047905,0.195416635788832,0.228326418490302,0.265334987933054,0.187861058966394,0.0495942078630197,254.46775001499,258.133040922866,202,v7.4.6,gap_tied_weak_links_phase3_seed,/Users/asewaket/Documents/LTSpice Superconducting Circuit/matlab_v7_4_6_files/outputs/v7_4_6_as006_gap_weaklink_v800_phase3_seed_202/AS006_v7_4_6_gap_weaklink_scores.csv
AS006,contact_relaxed_a3_3_g0_2_p0_2,"contact-relaxed SNS links, alpha=3.3, tau=0.2, p=0.2",contact_relaxation,contact_relaxed,conductance,3.3,1,0.2,0.2,0.839999999999998,0.2,0.2,8.38264148550341e-08,4.39581636092103e-07,0.0392859307974335,132.405554124844,0.199859842579011,0.233577412826926,0.299676699454602,0.155126196155814,0.047379830827809,0.194135832869453,0.182781630211888,0.223085077427483,0.276695945674464,0.0516287165442022,309.550862427609,296.779723693102,202,v7.4.6,gap_tied_weak_links_phase3_seed,/Users/asewaket/Documents/LTSpice Superconducting Circuit/matlab_v7_4_6_files/outputs/v7_4_6_as006_gap_weaklink_v800_phase3_seed_202/AS006_v7_4_6_gap_weaklink_scores.csv
AS006,boundary_sns_a3_7_g0_1_p0_3,"SNS-like boundary constriction, alpha=3.7, tau=0.1, p=0.3",boundary_lane,boundary_constriction,conductance,3.7,0,0.1,0.3,0.715686274509806,0.1,0.315904139433551,1.5026550847158e-07,4.8933255909594e-07,0.108702599657029,96.0248189159838,0.200111273467025,0.245893127120612,0.272238059975641,0.18147833919972,0.0513987112574922,0.308840505633868,0.454606956565933,0.466060544890852,0.181929786560753,0.0465773848434744,168.984519115028,169.22732754477,202,v7.4.6,gap_tied_weak_links_phase3_seed,/Users/asewaket/Documents/LTSpice Superconducting Circuit/matlab_v7_4_6_files/outputs/v7_4_6_as006_gap_weaklink_v800_phase3_seed_202/AS006_v7_4_6_gap_weaklink_scores.csv
AS006,crack_tunnel_a3_3_g0_1_p0_2,"tunnel/crack-like links, alpha=3.3, tau=0.1, p=0.2",tear_lane,crack_tunnel,conductance,3.3,1,0.1,0.2,0.819607843137257,0.1,0.200435729847495,1.00451779988134e-07,4.1831341382526e-07,0.0868107919525136,120.377948955514,0.200186844820006,0.238323473002873,0.283584903804388,0.167225273265874,0.0573055778571359,0.193455799124381,0.222887623825079,0.268413704550537,0.182228775313073,0.0468814196920427,254.470052013517,257.141137447413,202,v7.4.6,gap_tied_weak_links_phase3_seed,/Users/asewaket/Documents/LTSpice Superconducting Circuit/matlab_v7_4_6_files/outputs/v7_4_6_as006_gap_weaklink_v800_phase3_seed_202/AS006_v7_4_6_gap_weaklink_scores.csv
AS006,boundary_sns_a3_3_g0_2_p0_3,"SNS-like boundary constriction, alpha=3.3, tau=0.2, p=0.3",boundary_lane,boundary_constriction,conductance,3.3,1,0.2,0.3,0.747276688453157,0.2,0.315904139433551,2.32846409676557e-07,3.92114286222892e-07,0.0969509672616743,110.538983811176,0.200328032736773,0.248180682335483,0.278426739480264,0.174539587002377,0.0480382035049484,0.280622827131083,0.409004393093293,0.4281130490234,0.156066080390316,0.0498293062832791,188.664916651597,181.928723171946,202,v7.4.6,gap_tied_weak_links_phase3_seed,/Users/asewaket/Documents/LTSpice Superconducting Circuit/matlab_v7_4_6_files/outputs/v7_4_6_as006_gap_weaklink_v800_phase3_seed_202/AS006_v7_4_6_gap_weaklink_scores.csv
AS006,combined_a3_7_g0_2_p0_1,"combined weak-link classes, alpha=3.7, tau=0.2, p=0.1",combined,boundary_constriction,conductance,3.7,0,0.2,0.1,0.919825708061002,0.2,0.100217864923747,2.20698503650151e-07,4.38296077900881e-07,0.124622850470499,149.709319719032,0.200543760387486,0.246152358542807,0.281688334314309,0.173269333730677,0.0470251911812365,0.207554649005557,0.268471721443328,0.302211664646605,0.155220341384485,0.0464056837222906,240.079166661737,235.730490351434,202,v7.4.6,gap_tied_weak_links_phase3_seed,/Users/asewaket/Documents/LTSpice Superconducting Circuit/matlab_v7_4_6_files/outputs/v7_4_6_as006_gap_weaklink_v800_phase3_seed_202/AS006_v7_4_6_gap_weaklink_scores.csv
AS006,boundary_sns_a4_1_g0_1_p0_3,"SNS-like boundary constriction, alpha=4.1, tau=0.1, p=0.3",boundary_lane,boundary_constriction,conductance,4.1,0.999999999999997,0.1,0.3,0.715686274509806,0.1,0.315904139433551,1.66510428306346e-07,5.42233376295501e-07,0.120454232052383,96.0248189159838,0.200585350013255,0.248202742968036,0.272130043577864,0.181820218933988,0.0512211571694908,0.309489126952579,0.45708355078616,0.466381668995414,0.182064970875302,0.0466129496406337,168.893533301109,169.022402914046,202,v7.4.6,gap_tied_weak_links_phase3_seed,/Users/asewaket/Documents/LTSpice Superconducting Circuit/matlab_v7_4_6_files/outputs/v7_4_6_as006_gap_weaklink_v800_phase3_seed_202/AS006_v7_4_6_gap_weaklink_scores.csv
AS006,crack_tunnel_a4_1_g0_2_p0_2,"tunnel/crack-like links, alpha=4.1, tau=0.2, p=0.2",tear_lane,crack_tunnel,conductance,4.1,0.999999999999997,0.2,0.2,0.839651416122003,0.2,0.200435729847495,2.26933329733247e-07,4.74784418150226e-07,0.10785583242585,132.405554124844,0.200592465434152,0.248566345299695,0.280677364057498,0.170998685381053,0.0494622380441275,0.196356955669946,0.232808156312573,0.265586552938538,0.187680671753068,0.0495993147033817,253.725150619867,258.33057207333,202,v7.4.6,gap_tied_weak_links_phase3_seed,/Users/asewaket/Documents/LTSpice Superconducting Circuit/matlab_v7_4_6_files/outputs/v7_4_6_as006_gap_weaklink_v800_phase3_seed_202/AS006_v7_4_6_gap_weaklink_scores.csv
AS006,crack_tunnel_a3_3_g0_05_p0_1,"tunnel/crack-like links, alpha=3.3, tau=0.05, p=0.1",tear_lane,crack_tunnel,conductance,3.3,1,0.05,0.1,0.904793028322441,0.05,0.100217864923747,5.02976333026755e-08,4.29465322233425e-07,0.106485482305091,135.360169310127,0.200648425094618,0.244874991826595,0.281692393179123,0.174741034229226,0.0469791527964973,0.217994870125775,0.280633649715592,0.314736405865661,0.15037310213011,0.0705856129857402,226.340443304912,238.153417683478,202,v7.4.6,gap_tied_weak_links_phase3_seed,/Users/asewaket/Documents/LTSpice Superconducting Circuit/matlab_v7_4_6_files/outputs/v7_4_6_as006_gap_weaklink_v800_phase3_seed_202/AS006_v7_4_6_gap_weaklink_scores.csv
AS006,boundary_sns_a3_7_g0_2_p0_3,"SNS-like boundary constriction, alpha=3.7, tau=0.2, p=0.3",boundary_lane,boundary_constriction,conductance,3.7,0,0.2,0.3,0.747276688453157,0.2,0.315904139433551,2.61070216910079e-07,4.39643290613546e-07,0.108702599657029,110.538983811176,0.20085044407366,0.250946490916079,0.277638256548956,0.175555780816057,0.047994054471478,0.281662016260627,0.413425422197923,0.428491494040632,0.15618113157912,0.0497981300602032,188.240918584185,181.508285544358,202,v7.4.6,gap_tied_weak_links_phase3_seed,/Users/asewaket/Documents/LTSpice Superconducting Circuit/matlab_v7_4_6_files/outputs/v7_4_6_as006_gap_weaklink_v800_phase3_seed_202/AS006_v7_4_6_gap_weaklink_scores.csv
AS006,crack_tunnel_a3_3_g0_1_p0_1,"tunnel/crack-like links, alpha=3.3, tau=0.1, p=0.1",tear_lane,crack_tunnel,conductance,3.3,1,0.1,0.1,0.909803921568628,0.1,0.100217864923747,9.61173311574987e-08,4.10347941714946e-07,0.106485482305091,141.666358767134,0.201099577952566,0.245695804955793,0.282537501227813,0.174427328342272,0.0473272972305234,0.214172344597215,0.271737203881453,0.306659267976956,0.155572970939763,0.0680045864702478,230.41723627505,242.257184325956,202,v7.4.6,gap_tied_weak_links_phase3_seed,/Users/asewaket/Documents/LTSpice Superconducting Circuit/matlab_v7_4_6_files/outputs/v7_4_6_as006_gap_weaklink_v800_phase3_seed_202/AS006_v7_4_6_gap_weaklink_scores.csv
AS006,crack_tunnel_a3_7_g0_05_p0_1,"tunnel/crack-like links, alpha=3.7, tau=0.05, p=0.1",tear_lane,crack_tunnel,conductance,3.7,0,0.05,0.1,0.904793028322441,0.05,0.100217864923747,5.63943161272422e-08,4.81521724928386e-07,0.119392813493586,135.360169310127,0.201170258835305,0.246545293309051,0.27857572131428,0.178380104930682,0.0488233574041309,0.219295733884825,0.286446101979394,0.315152325353566,0.150325005266102,0.0706097414933603,223.004603432527,238.140814999312,202,v7.4.6,gap_tied_weak_links_phase3_seed,/Users/asewaket/Documents/LTSpice Superconducting Circuit/matlab_v7_4_6_files/outputs/v7_4_6_as006_gap_weaklink_v800_phase3_seed_202/AS006_v7_4_6_gap_weaklink_scores.csv
AS006,boundary_sns_a4_1_g0_2_p0_3,"SNS-like boundary constriction, alpha=4.1, tau=0.2, p=0.3",boundary_lane,boundary_constriction,conductance,4.1,0.999999999999997,0.2,0.3,0.747276688453157,0.2,0.315904139433551,2.89294024143601e-07,4.87172295004199e-07,0.120454232052383,110.538983811176,0.201174606965497,0.252697813844588,0.276830394163023,0.176614128206349,0.0479543709396711,0.282394937102167,0.416407137975445,0.428818153066038,0.156271311116711,0.0497966407739341,187.835786018711,181.070308189003,202,v7.4.6,gap_tied_weak_links_phase3_seed,/Users/asewaket/Documents/LTSpice Superconducting Circuit/matlab_v7_4_6_files/outputs/v7_4_6_as006_gap_weaklink_v800_phase3_seed_202/AS006_v7_4_6_gap_weaklink_scores.csv
AS006,crack_tunnel_a3_3_g0_05_p0_2,"tunnel/crack-like links, alpha=3.3, tau=0.05, p=0.2",tear_lane,crack_tunnel,conductance,3.3,1,0.05,0.2,0.809586056644881,0.05,0.200435729847495,5.39561218477188e-08,4.49381176312795e-07,0.0868107919525136,112.055674405493,0.201274373126488,0.240319307202841,0.285343450920225,0.165149621677939,0.0602644922217812,0.206418833746724,0.241773980306913,0.286868974747697,0.16575186506883,0.0811096512822004,255.58120055685,239.546557169979,202,v7.4.6,gap_tied_weak_links_phase3_seed,/Users/asewaket/Documents/LTSpice Superconducting Circuit/matlab_v7_4_6_files/outputs/v7_4_6_as006_gap_weaklink_v800_phase3_seed_202/AS006_v7_4_6_gap_weaklink_scores.csv
AS006,contact_relaxed_a3_7_g0_2_p0_2,"contact-relaxed SNS links, alpha=3.7, tau=0.2, p=0.2",contact_relaxation,contact_relaxed,conductance,3.7,0,0.2,0.2,0.839999999999998,0.2,0.2,9.398719241322e-08,4.92864258648721e-07,0.044047861803183,132.405554124844,0.201374985356072,0.241496868596069,0.297932566952454,0.156957514577965,0.0477991727950374,0.19440859926827,0.184288558131814,0.223566755224288,0.275911379832976,0.051623391775814,307.379524373375,295.462667178005,202,v7.4.6,gap_tied_weak_links_phase3_seed,/Users/asewaket/Documents/LTSpice Superconducting Circuit/matlab_v7_4_6_files/outputs/v7_4_6_as006_gap_weaklink_v800_phase3_seed_202/AS006_v7_4_6_gap_weaklink_scores.csv
AS006,combined_a4_1_g0_2_p0_1,"combined weak-link classes, alpha=4.1, tau=0.2, p=0.1",combined,boundary_constriction,conductance,4.1,0.999999999999997,0.2,0.1,0.919825708061002,0.2,0.100217864923747,2.44557801342059e-07,4.85679437673949e-07,0.138095591061904,149.709319719032,0.201541718657251,0.250551511212577,0.28170231840122,0.173485380322047,0.0473212994689842,0.208660042995114,0.273465544788661,0.302570606318214,0.155146705113515,0.0464027277381413,239.643178253559,235.845880697589,202,v7.4.6,gap_tied_weak_links_phase3_seed,/Users/asewaket/Documents/LTSpice Superconducting Circuit/matlab_v7_4_6_files/outputs/v7_4_6_as006_gap_weaklink_v800_phase3_seed_202/AS006_v7_4_6_gap_weaklink_scores.csv
AS006,combined_a3_3_g0_05_p0_05,"combined weak-link classes, alpha=3.3, tau=0.05, p=0.05",combined,boundary_constriction,conductance,3.3,1,0.05,0.05,0.95239651416122,0.05,0.0501089324618736,5.10035153522677e-08,3.95650255471076e-07,0.116293631248337,157.212198070485,0.201740716894837,0.245399516238319,0.284194658519567,0.173913873157166,0.0485710743801673,0.207124090150414,0.262921415043125,0.300419089029388,0.159277958417364,0.0478681818858116,239.899231842282,239.863743605927,202,v7.4.6,gap_tied_weak_links_phase3_seed,/Users/asewaket/Documents/LTSpice Superconducting Circuit/matlab_v7_4_6_files/outputs/v7_4_6_as006_gap_weaklink_v800_phase3_seed_202/AS006_v7_4_6_gap_weaklink_scores.csv
AS006,boundary_sns_a3_3_g0_05_p0_3,"SNS-like boundary constriction, alpha=3.3, tau=0.05, p=0.3",boundary_lane,boundary_constriction,conductance,3.3,1,0.05,0.3,0.699891067538129,0.05,0.315904139433551,7.37157909091372e-08,4.80104010271547e-07,0.0969509672616743,87.2899998504155,0.2019662112033,0.244698948484222,0.273077947922265,0.181766690408183,0.0600373356580861,0.326919022681945,0.473613812349962,0.485919974753855,0.197919217595559,0.0632223232460685,153.16426718701,171.219798274786,202,v7.4.6,gap_tied_weak_links_phase3_seed,/Users/asewaket/Documents/LTSpice Superconducting Circuit/matlab_v7_4_6_files/outputs/v7_4_6_as006_gap_weaklink_v800_phase3_seed_202/AS006_v7_4_6_gap_weaklink_scores.csv
AS006,crack_tunnel_a4_1_g0_05_p0_1,"tunnel/crack-like links, alpha=4.1, tau=0.05, p=0.1",tear_lane,crack_tunnel,conductance,4.1,0.999999999999997,0.05,0.1,0.904793028322441,0.05,0.100217864923747,6.24909989518089e-08,5.33578127623347e-07,0.132300144682082,135.360169310127,0.201999046731725,0.249624805860504,0.278266868303656,0.179072106276267,0.0495632754213864,0.220329330990889,0.290827622498097,0.315568621580598,0.150277062882991,0.0707276160865609,222.30126574964,238.162444439413,202,v7.4.6,gap_tied_weak_links_phase3_seed,/Users/asewaket/Documents/LTSpice Superconducting Circuit/matlab_v7_4_6_files/outputs/v7_4_6_as006_gap_weaklink_v800_phase3_seed_202/AS006_v7_4_6_gap_weaklink_scores.csv
AS006,crack_tunnel_a3_7_g0_1_p0_1,"tunnel/crack-like links, alpha=3.7, tau=0.1, p=0.1",tear_lane,crack_tunnel,conductance,3.7,0,0.1,0.1,0.909803921568628,0.1,0.100217864923747,1.07767916752347e-07,4.60087086165243e-07,0.119392813493586,141.666358767134,0.202094621553864,0.250101113732593,0.281857427161166,0.175354064217669,0.0479289162326017,0.215418660982353,0.277495181665195,0.30700634057485,0.155500381002127,0.0679615509879227,229.372108082232,242.330606629588,202,v7.4.6,gap_tied_weak_links_phase3_seed,/Users/asewaket/Documents/LTSpice Superconducting Circuit/matlab_v7_4_6_files/outputs/v7_4_6_as006_gap_weaklink_v800_phase3_seed_202/AS006_v7_4_6_gap_weaklink_scores.csv
AS006,combined_a3_3_g0_1_p0_05,"combined weak-link classes, alpha=3.3, tau=0.1, p=0.05",combined,boundary_constriction,conductance,3.3,1,0.1,0.05,0.954901960784314,0.1,0.0501089324618736,1.00561707050129e-07,3.90044341161497e-07,0.116293631248337,159.471731199922,0.202760032564947,0.249677576698596,0.286888238849028,0.171685116044362,0.0474617730848905,0.20836634253066,0.266020941299829,0.3020478823101,0.158490060096775,0.0491144021898248,240.144567404639,240.721620793529,202,v7.4.6,gap_tied_weak_links_phase3_seed,/Users/asewaket/Documents/LTSpice Superconducting Circuit/matlab_v7_4_6_files/outputs/v7_4_6_as006_gap_weaklink_v800_phase3_seed_202/AS006_v7_4_6_gap_weaklink_scores.csv
AS006,boundary_sns_a3_7_g0_05_p0_3,"SNS-like boundary constriction, alpha=3.7, tau=0.05, p=0.3",boundary_lane,boundary_constriction,conductance,3.7,0,0.05,0.3,0.699891067538129,0.05,0.315904139433551,8.2651038292063e-08,5.38298435759007e-07,0.108702599657029,87.2899998504155,0.202808821016093,0.247986114795046,0.273421511057273,0.181834221225491,0.0602775694033293,0.32775238137797,0.476897429811547,0.486429481613271,0.198167645626657,0.06290332722176,153.135153150327,171.091497869731,202,v7.4.6,gap_tied_weak_links_phase3_seed,/Users/asewaket/Documents/LTSpice Superconducting Circuit/matlab_v7_4_6_files/outputs/v7_4_6_as006_gap_weaklink_v800_phase3_seed_202/AS006_v7_4_6_gap_weaklink_scores.csv
AS006,crack_tunnel_a4_1_g0_1_p0_1,"tunnel/crack-like links, alpha=4.1, tau=0.1, p=0.1",tear_lane,crack_tunnel,conductance,4.1,0.999999999999997,0.1,0.1,0.909803921568628,0.1,0.100217864923747,1.19418502347195e-07,5.09826230615539e-07,0.132300144682082,141.666358767134,0.202831966365941,0.252909014559815,0.281239747361286,0.176266692838257,0.0487478933398166,0.216385335844323,0.281733105980148,0.307363247540004,0.155427496305501,0.0680235196645843,228.408897387991,242.366009889217,202,v7.4.6,gap_tied_weak_links_phase3_seed,/Users/asewaket/Documents/LTSpice Superconducting Circuit/matlab_v7_4_6_files/outputs/v7_4_6_as006_gap_weaklink_v800_phase3_seed_202/AS006_v7_4_6_gap_weaklink_scores.csv
AS006,contact_relaxed_a4_1_g0_2_p0_2,"contact-relaxed SNS links, alpha=4.1, tau=0.2, p=0.2",contact_relaxation,contact_relaxed,conductance,4.1,0.999999999999997,0.2,0.2,0.839999999999998,0.2,0.2,1.04147969971406e-07,5.4614688120534e-07,0.0488097928089326,132.405554124844,0.2028664881705,0.248525654719359,0.297274313229648,0.157860647270543,0.0482509288930804,0.194805857562698,0.186375746441052,0.22394671010289,0.27530779326495,0.0516120571111918,306.085251281579,294.923270123416,202,v7.4.6,gap_tied_weak_links_phase3_seed,/Users/asewaket/Documents/LTSpice Superconducting Circuit/matlab_v7_4_6_files/outputs/v7_4_6_as006_gap_weaklink_v800_phase3_seed_202/AS006_v7_4_6_gap_weaklink_scores.csv
AS006,combined_a3_7_g0_05_p0_05,"combined weak-link classes, alpha=3.7, tau=0.05, p=0.05",combined,boundary_constriction,conductance,3.7,0,0.05,0.05,0.95239651416122,0.05,0.0501089324618736,5.7185759637391e-08,4.43607862194842e-07,0.130389828975408,157.212198070485,0.202968691998917,0.250932660995328,0.283892627706819,0.174463987281896,0.0490187164099544,0.208488230080495,0.269350642034736,0.300770761672245,0.159188120292525,0.0477565250756539,239.213721947774,239.898893456978,202,v7.4.6,gap_tied_weak_links_phase3_seed,/Users/asewaket/Documents/LTSpice Superconducting Circuit/matlab_v7_4_6_files/outputs/v7_4_6_as006_gap_weaklink_v800_phase3_seed_202/AS006_v7_4_6_gap_weaklink_scores.csv
AS006,crack_tunnel_a3_3_g0_2_p0_1,"tunnel/crack-like links, alpha=3.3, tau=0.2, p=0.1",tear_lane,crack_tunnel,conductance,3.3,1,0.2,0.1,0.919825708061001,0.2,0.100217864923747,1.81907076260218e-07,3.88381300850772e-07,0.106485482305091,149.709319719032,0.203121157760949,0.252609297599168,0.288055663984563,0.169238541847262,0.0473509019235143,0.212271854664301,0.270559398288163,0.304705327509922,0.156511940078587,0.0619256267927461,235.195914713518,244.610214741336,202,v7.4.6,gap_tied_weak_links_phase3_seed,/Users/asewaket/Documents/LTSpice Superconducting Circuit/matlab_v7_4_6_files/outputs/v7_4_6_as006_gap_weaklink_v800_phase3_seed_202/AS006_v7_4_6_gap_weaklink_scores.csv
AS006,boundary_sns_a4_1_g0_05_p0_3,"SNS-like boundary constriction, alpha=4.1, tau=0.05, p=0.3",boundary_lane,boundary_constriction,conductance,4.1,0.999999999999997,0.05,0.3,0.699891067538129,0.05,0.315904139433551,9.15862856749887e-08,5.96492861246467e-07,0.120454232052383,87.2899998504155,0.203405625937337,0.250432887074384,0.273660531723682,0.181883831862612,0.0603345222675917,0.328325040213807,0.479098217308951,0.486809606128192,0.198376110351525,0.0626400350963435,153.135646543486,170.961939965601,202,v7.4.6,gap_tied_weak_links_phase3_seed,/Users/asewaket/Documents/LTSpice Superconducting Circuit/matlab_v7_4_6_files/outputs/v7_4_6_as006_gap_weaklink_v800_phase3_seed_202/AS006_v7_4_6_gap_weaklink_scores.csv
AS006,combined_a3_7_g0_1_p0_05,"combined weak-link classes, alpha=3.7, tau=0.1, p=0.05",combined,boundary_constriction,conductance,3.7,0,0.1,0.05,0.954901960784314,0.1,0.0501089324618736,1.12751004874387e-07,4.37322443120467e-07,0.130389828975408,159.471731199922,0.20382964524264,0.25471288738413,0.286317733659575,0.172408225940269,0.047869022499479,0.209654536506382,0.27217181426951,0.302334069071166,0.158401842603452,0.049013944133542,239.253495631615,240.767892681697,202,v7.4.6,gap_tied_weak_links_phase3_seed,/Users/asewaket/Documents/LTSpice Superconducting Circuit/matlab_v7_4_6_files/outputs/v7_4_6_as006_gap_weaklink_v800_phase3_seed_202/AS006_v7_4_6_gap_weaklink_scores.csv
AS006,combined_a4_1_g0_05_p0_05,"combined weak-link classes, alpha=4.1, tau=0.05, p=0.05",combined,boundary_constriction,conductance,4.1,0.999999999999997,0.05,0.05,0.95239651416122,0.05,0.0501089324618736,6.33680039225144e-08,4.91565468918609e-07,0.144486026702479,157.212198070485,0.203918640503819,0.254946214464131,0.28381486688021,0.174849577018679,0.0494089997412464,0.209554831649293,0.274071313778148,0.301139804545147,0.159133607056204,0.0477911776940538,238.752035310453,239.918719560361,202,v7.4.6,gap_tied_weak_links_phase3_seed,/Users/asewaket/Documents/LTSpice Superconducting Circuit/matlab_v7_4_6_files/outputs/v7_4_6_as006_gap_weaklink_v800_phase3_seed_202/AS006_v7_4_6_gap_weaklink_scores.csv
AS006,crack_tunnel_a3_7_g0_2_p0_1,"tunnel/crack-like links, alpha=3.7, tau=0.2, p=0.1",tear_lane,crack_tunnel,conductance,3.7,0,0.2,0.1,0.919825708061001,0.2,0.100217864923747,2.03956418837214e-07,4.35457822166017e-07,0.119392813493586,149.709319719032,0.204198002707555,0.25743290904123,0.287861218311734,0.169501498094721,0.0479230998326065,0.213407114943967,0.276042924585492,0.304969938924144,0.156377576027638,0.0618232869825451,234.474267213994,244.918097553757,202,v7.4.6,gap_tied_weak_links_phase3_seed,/Users/asewaket/Documents/LTSpice Superconducting Circuit/matlab_v7_4_6_files/outputs/v7_4_6_as006_gap_weaklink_v800_phase3_seed_202/AS006_v7_4_6_gap_weaklink_scores.csv
AS006,combined_a3_3_g0_4_p0_3,"combined weak-link classes, alpha=3.3, tau=0.4, p=0.3",combined,boundary_constriction,conductance,3.3,1,0.4,0.3,0.81986928104575,0.4,0.300217864923747,3.6536967384714e-07,4.20060437596236e-07,0.0894774183822242,133.802851854329,0.204428300128945,0.258705731431691,0.295896183593943,0.157796023785653,0.0483724181915658,0.209916649923362,0.274863087342077,0.311065843271107,0.147138334920986,0.046432017899066,242.365118315201,239.123296267353,202,v7.4.6,gap_tied_weak_links_phase3_seed,/Users/asewaket/Documents/LTSpice Superconducting Circuit/matlab_v7_4_6_files/outputs/v7_4_6_as006_gap_weaklink_v800_phase3_seed_202/AS006_v7_4_6_gap_weaklink_scores.csv
AS006,combined_a3_3_g0_4_p0_2,"combined weak-link classes, alpha=3.3, tau=0.4, p=0.2",combined,boundary_constriction,conductance,3.3,1,0.4,0.2,0.879999999999999,0.4,0.2,3.72482073090557e-07,3.97203296127078e-07,0.108799730935799,149.668178687008,0.204467810234044,0.258363179923767,0.294553783773029,0.160530817743903,0.0478432274637715,0.211570545777134,0.278361834689559,0.313337228042995,0.147162768121043,0.0471972849695655,241.744852236838,236.249246224151,202,v7.4.6,gap_tied_weak_links_phase3_seed,/Users/asewaket/Documents/LTSpice Superconducting Circuit/matlab_v7_4_6_files/outputs/v7_4_6_as006_gap_weaklink_v800_phase3_seed_202/AS006_v7_4_6_gap_weaklink_scores.csv
AS006,combined_a4_1_g0_1_p0_05,"combined weak-link classes, alpha=4.1, tau=0.1, p=0.05",combined,boundary_constriction,conductance,4.1,0.999999999999997,0.1,0.05,0.954901960784314,0.1,0.0501089324618736,1.24940302698645e-07,4.84600545079436e-07,0.144486026702479,159.471731199922,0.204683813111638,0.258435663304622,0.286118708952475,0.172826784315304,0.048242181192609,0.210652153956327,0.276654388107906,0.302647163020929,0.158336186172432,0.049053613671561,238.720136923208,240.802157334414,202,v7.4.6,gap_tied_weak_links_phase3_seed,/Users/asewaket/Documents/LTSpice Superconducting Circuit/matlab_v7_4_6_files/outputs/v7_4_6_as006_gap_weaklink_v800_phase3_seed_202/AS006_v7_4_6_gap_weaklink_scores.csv
AS006,combined_a3_3_g0_2_p0_05,"combined weak-link classes, alpha=3.3, tau=0.2, p=0.05",combined,boundary_constriction,conductance,3.3,1,0.2,0.05,0.959912854030501,0.2,0.0501089324618736,1.96404864050346e-07,3.81002913306954e-07,0.116293631248337,163.302977176702,0.204873412539028,0.257625327464478,0.292388581881279,0.166562145746599,0.0468590347551764,0.210542561372317,0.272485938399012,0.306231480334458,0.155475979392311,0.0499768036368831,240.945127920029,241.360714162491,202,v7.4.6,gap_tied_weak_links_phase3_seed,/Users/asewaket/Documents/LTSpice Superconducting Circuit/matlab_v7_4_6_files/outputs/v7_4_6_as006_gap_weaklink_v800_phase3_seed_202/AS006_v7_4_6_gap_weaklink_scores.csv
AS006,crack_tunnel_a3_3_g0_05_p0_05,"tunnel/crack-like links, alpha=3.3, tau=0.05, p=0.05",tear_lane,crack_tunnel,conductance,3.3,1,0.05,0.05,0.951982570806101,0.05,0.0505446623093682,4.72776183437231e-08,3.9558109693141e-07,0.116366422765971,157.212198070485,0.204980242504009,0.257157424919497,0.291655186460108,0.167833097401501,0.0475558395434827,0.215052948992563,0.27405098816793,0.307201642325419,0.156855690362332,0.0675412697724848,234.728432669138,246.258147682292,202,v7.4.6,gap_tied_weak_links_phase3_seed,/Users/asewaket/Documents/LTSpice Superconducting Circuit/matlab_v7_4_6_files/outputs/v7_4_6_as006_gap_weaklink_v800_phase3_seed_202/AS006_v7_4_6_gap_weaklink_scores.csv
AS006,crack_tunnel_a4_1_g0_2_p0_1,"tunnel/crack-like links, alpha=4.1, tau=0.2, p=0.1",tear_lane,crack_tunnel,conductance,4.1,0.999999999999997,0.2,0.1,0.919825708061001,0.2,0.100217864923747,2.2600576141421e-07,4.82534343481262e-07,0.132300144682082,149.709319719032,0.205052733446873,0.260872092072802,0.287807172514562,0.169712098567988,0.0485889000510935,0.214294563340154,0.2800796266552,0.305267093773732,0.156268603747211,0.0618400212575233,233.897976867142,245.177871688654,202,v7.4.6,gap_tied_weak_links_phase3_seed,/Users/asewaket/Documents/LTSpice Superconducting Circuit/matlab_v7_4_6_files/outputs/v7_4_6_as006_gap_weaklink_v800_phase3_seed_202/AS006_v7_4_6_gap_weaklink_scores.csv
AS006,boundary_sns_a3_3_g0_2_p0_2,"SNS-like boundary constriction, alpha=3.3, tau=0.2, p=0.2",boundary_lane,boundary_constriction,conductance,3.3,1,0.2,0.2,0.822919389978212,0.2,0.221350762527233,2.10739153503461e-07,3.78368738557403e-07,0.11092565709317,132.405554124844,0.205056012912357,0.259343015964337,0.287964129757191,0.170835596162834,0.0484553263188212,0.265368804846546,0.387083669058142,0.406413991346997,0.144752550081671,0.0475951827152528,198.752536081806,194.378822455136,202,v7.4.6,gap_tied_weak_links_phase3_seed,/Users/asewaket/Documents/LTSpice Superconducting Circuit/matlab_v7_4_6_files/outputs/v7_4_6_as006_gap_weaklink_v800_phase3_seed_202/AS006_v7_4_6_gap_weaklink_scores.csv
AS006,combined_a3_7_g0_4_p0_3,"combined weak-link classes, alpha=3.7, tau=0.4, p=0.3",combined,boundary_constriction,conductance,3.7,0,0.4,0.3,0.81986928104575,0.4,0.300217864923747,4.09656907040733e-07,4.70976854274567e-07,0.100323166064918,133.802851854329,0.205063719705576,0.262640072149568,0.294621148690357,0.15901211974464,0.0483263664893868,0.211272618834089,0.280894069374709,0.311630265348845,0.146948537136495,0.0464303890146387,241.50580993401,238.246836738485,202,v7.4.6,gap_tied_weak_links_phase3_seed,/Users/asewaket/Documents/LTSpice Superconducting Circuit/matlab_v7_4_6_files/outputs/v7_4_6_as006_gap_weaklink_v800_phase3_seed_202/AS006_v7_4_6_gap_weaklink_scores.csv
AS006,combined_a4_1_g0_4_p0_3,"combined weak-link classes, alpha=4.1, tau=0.4, p=0.3",combined,boundary_constriction,conductance,4.1,0.999999999999997,0.4,0.3,0.81986928104575,0.4,0.300217864923747,4.53944140234326e-07,5.21893270952899e-07,0.111168913747612,133.802851854329,0.205134766954813,0.26434124838528,0.292546956088288,0.160897372786423,0.0482536972512531,0.212301273374176,0.285417421737736,0.312069592214312,0.146817465069351,0.0464453274214071,240.345242809066,237.028339693178,202,v7.4.6,gap_tied_weak_links_phase3_seed,/Users/asewaket/Documents/LTSpice Superconducting Circuit/matlab_v7_4_6_files/outputs/v7_4_6_as006_gap_weaklink_v800_phase3_seed_202/AS006_v7_4_6_gap_weaklink_scores.csv
AS006,combined_a3_7_g0_4_p0_2,"combined weak-link classes, alpha=3.7, tau=0.4, p=0.2",combined,boundary_constriction,conductance,3.7,0,0.4,0.2,0.879999999999999,0.4,0.2,4.17631415283352e-07,4.45349150203088e-07,0.121987577109835,149.668178687008,0.205237705284462,0.262682695434806,0.293591262020636,0.161521267268846,0.0478195383653343,0.212891406075594,0.284349592751014,0.31379807437776,0.147032911651828,0.0471696679010891,241.060897033762,235.59569192735,202,v7.4.6,gap_tied_weak_links_phase3_seed,/Users/asewaket/Documents/LTSpice Superconducting Circuit/matlab_v7_4_6_files/outputs/v7_4_6_as006_gap_weaklink_v800_phase3_seed_202/AS006_v7_4_6_gap_weaklink_scores.csv
AS006,boundary_sns_a3_3_g0_1_p0_2,"SNS-like boundary constriction, alpha=3.3, tau=0.1, p=0.2",boundary_lane,boundary_constriction,conductance,3.3,1,0.1,0.2,0.800784313725492,0.1,0.221350762527233,1.15897615126081e-07,4.11887622137853e-07,0.11092565709317,120.377948955514,0.205340589441016,0.257084763815255,0.284828046502218,0.175103625004888,0.0522895707548308,0.285279228555667,0.419028791598333,0.434755605540549,0.159706049081684,0.0469124801319355,181.951850456423,186.688223294606,202,v7.4.6,gap_tied_weak_links_phase3_seed,/Users/asewaket/Documents/LTSpice Superconducting Circuit/matlab_v7_4_6_files/outputs/v7_4_6_as006_gap_weaklink_v800_phase3_seed_202/AS006_v7_4_6_gap_weaklink_scores.csv
AS006,boundary_sns_a4_1_g0_4_p0_3,"SNS-like boundary constriction, alpha=4.1, tau=0.4, p=0.3",boundary_lane,boundary_constriction,conductance,4.1,0.999999999999997,0.4,0.3,0.810457516339867,0.4,0.315904139433551,4.77990820200068e-07,5.0378267795911e-07,0.120454232052383,133.802851854329,0.20536361599911,0.266373542493749,0.289504475727253,0.16513436402463,0.0473937499483221,0.252125058227485,0.368077176779454,0.38428772089483,0.136484457767046,0.0494390305832118,210.37630842044,202.655303691682,202,v7.4.6,gap_tied_weak_links_phase3_seed,/Users/asewaket/Documents/LTSpice Superconducting Circuit/matlab_v7_4_6_files/outputs/v7_4_6_as006_gap_weaklink_v800_phase3_seed_202/AS006_v7_4_6_gap_weaklink_scores.csv
AS006,crack_tunnel_a3_3_g0_4_p0_2,"tunnel/crack-like links, alpha=3.3, tau=0.4, p=0.2",tear_lane,crack_tunnel,conductance,3.3,1,0.4,0.2,0.879738562091502,0.4,0.200435729847495,3.23173017804669e-07,3.7807940645855e-07,0.0868107919525136,149.668178687008,0.205457907823515,0.261159779654945,0.29860414478081,0.156356412265534,0.0481269907642964,0.199659137057497,0.242843427056614,0.280593948191463,0.172546761004596,0.0487293976400673,256.033167192828,258.430185572824,202,v7.4.6,gap_tied_weak_links_phase3_seed,/Users/asewaket/Documents/LTSpice Superconducting Circuit/matlab_v7_4_6_files/outputs/v7_4_6_as006_gap_weaklink_v800_phase3_seed_202/AS006_v7_4_6_gap_weaklink_scores.csv
AS006,combined_a4_1_g0_4_p0_2,"combined weak-link classes, alpha=4.1, tau=0.4, p=0.2",combined,boundary_constriction,conductance,4.1,0.999999999999997,0.4,0.2,0.879999999999999,0.4,0.2,4.62780757476147e-07,4.93495004279097e-07,0.135175423283871,149.668178687008,0.205572369564906,0.265006983947988,0.292161335796082,0.162958982004595,0.0478737987276551,0.213915433948019,0.288824666406426,0.314221410495283,0.146937633709746,0.0471929928297387,240.147627939344,234.753661437412,202,v7.4.6,gap_tied_weak_links_phase3_seed,/Users/asewaket/Documents/LTSpice Superconducting Circuit/matlab_v7_4_6_files/outputs/v7_4_6_as006_gap_weaklink_v800_phase3_seed_202/AS006_v7_4_6_gap_weaklink_scores.csv
AS006,boundary_sns_a3_7_g0_2_p0_2,"SNS-like boundary constriction, alpha=3.7, tau=0.2, p=0.2",boundary_lane,boundary_constriction,conductance,3.7,0,0.2,0.2,0.822919389978212,0.2,0.221350762527233,2.36283293322063e-07,4.24231615958301e-07,0.124371191286282,132.405554124844,0.205636815028063,0.262529319761836,0.28751238305222,0.171386502905576,0.0482749564051218,0.266350265661807,0.39138472577334,0.406733798439765,0.144827540781637,0.0475480292890599,198.50731152439,194.047734371106,202,v7.4.6,gap_tied_weak_links_phase3_seed,/Users/asewaket/Documents/LTSpice Superconducting Circuit/matlab_v7_4_6_files/outputs/v7_4_6_as006_gap_weaklink_v800_phase3_seed_202/AS006_v7_4_6_gap_weaklink_scores.csv
AS006,boundary_sns_a3_3_g0_4_p0_3,"SNS-like boundary constriction, alpha=3.3, tau=0.4, p=0.3",boundary_lane,boundary_constriction,conductance,3.3,1,0.4,0.3,0.810457516339867,0.4,0.315904139433551,3.84724318697616e-07,4.05483618845137e-07,0.0969509672616743,133.802851854329,0.205673339847729,0.264821264609856,0.294469652489091,0.160528232462506,0.0475632521947492,0.250239357697143,0.359837538141081,0.383639149283511,0.136386432962491,0.0495076978953758,212.652767548557,204.982330250883,202,v7.4.6,gap_tied_weak_links_phase3_seed,/Users/asewaket/Documents/LTSpice Superconducting Circuit/matlab_v7_4_6_files/outputs/v7_4_6_as006_gap_weaklink_v800_phase3_seed_202/AS006_v7_4_6_gap_weaklink_scores.csv
AS006,crack_tunnel_a3_3_g0_4_p0_3,"tunnel/crack-like links, alpha=3.3, tau=0.4, p=0.3",tear_lane,crack_tunnel,conductance,3.3,1,0.4,0.3,0.819869281045749,0.4,0.300217864923747,3.27218656479981e-07,3.90633025193765e-07,0.079331061091949,133.802851854329,0.205680860871974,0.261937929496073,0.300175146889368,0.153157016373277,0.0497135973408067,0.198386967501658,0.237758326562748,0.27615334176528,0.174772075766065,0.0524430681487204,256.67331707747,264.038811222908,202,v7.4.6,gap_tied_weak_links_phase3_seed,/Users/asewaket/Documents/LTSpice Superconducting Circuit/matlab_v7_4_6_files/outputs/v7_4_6_as006_gap_weaklink_v800_phase3_seed_202/AS006_v7_4_6_gap_weaklink_scores.csv
AS006,boundary_sns_a3_7_g0_4_p0_3,"SNS-like boundary constriction, alpha=3.7, tau=0.4, p=0.3",boundary_lane,boundary_constriction,conductance,3.7,0,0.4,0.3,0.810457516339867,0.4,0.315904139433551,4.31357569448842e-07,4.54633148402124e-07,0.108702599657029,133.802851854329,0.205699059701532,0.266476852163151,0.292216223290042,0.16256901783226,0.0474287832966078,0.251316893415841,0.364628462624187,0.383971196356787,0.136444631976985,0.0494506208594079,211.624202152363,203.904999925962,202,v7.4.6,gap_tied_weak_links_phase3_seed,/Users/asewaket/Documents/LTSpice Superconducting Circuit/matlab_v7_4_6_files/outputs/v7_4_6_as006_gap_weaklink_v800_phase3_seed_202/AS006_v7_4_6_gap_weaklink_scores.csv
AS006,combined_a3_7_g0_2_p0_05,"combined weak-link classes, alpha=3.7, tau=0.2, p=0.05",combined,boundary_constriction,conductance,3.7,0,0.2,0.05,0.959912854030501,0.2,0.0501089324618736,2.20211514238267e-07,4.27185084616888e-07,0.130389828975408,163.302977176702,0.205703446731205,0.261999764780205,0.291559927922133,0.167352805237912,0.0470965884646997,0.2117024790215,0.278166560780461,0.306466967864745,0.155339699834377,0.0498540157707638,239.879042319999,241.392834407909,202,v7.4.6,gap_tied_weak_links_phase3_seed,/Users/asewaket/Documents/LTSpice Superconducting Circuit/matlab_v7_4_6_files/outputs/v7_4_6_as006_gap_weaklink_v800_phase3_seed_202/AS006_v7_4_6_gap_weaklink_scores.csv
AS006,crack_tunnel_a3_7_g0_05_p0_05,"tunnel/crack-like links, alpha=3.7, tau=0.05, p=0.05",tear_lane,crack_tunnel,conductance,3.7,0,0.05,0.05,0.951982570806101,0.05,0.0505446623093682,5.30082387490229e-08,4.43530320801884e-07,0.130471443707301,157.212198070485,0.205900111951353,0.261519765257165,0.290916592574446,0.168749300447262,0.0479401319352428,0.216267354672404,0.279731462412076,0.307540988582054,0.156782642324981,0.0674302780251218,233.759746158135,246.180275536737,202,v7.4.6,gap_tied_weak_links_phase3_seed,/Users/asewaket/Documents/LTSpice Superconducting Circuit/matlab_v7_4_6_files/outputs/v7_4_6_as006_gap_weaklink_v800_phase3_seed_202/AS006_v7_4_6_gap_weaklink_scores.csv
AS006,combined_a3_3_g0_4_p0_1,"combined weak-link classes, alpha=3.3, tau=0.4, p=0.1",combined,boundary_constriction,conductance,3.3,1,0.4,0.1,0.939869281045751,0.4,0.100217864923747,3.6584289654569e-07,3.8686417787816e-07,0.111150109879094,161.100100049982,0.205908383615205,0.262338734626965,0.297125376679789,0.160216472037186,0.0469631842129457,0.211873099708862,0.279249024138075,0.312988101007157,0.148737568142717,0.0464653374653155,242.031179286026,238.590827546325,202,v7.4.6,gap_tied_weak_links_phase3_seed,/Users/asewaket/Documents/LTSpice Superconducting Circuit/matlab_v7_4_6_files/outputs/v7_4_6_as006_gap_weaklink_v800_phase3_seed_202/AS006_v7_4_6_gap_weaklink_scores.csv
AS006,boundary_sns_a3_7_g0_1_p0_2,"SNS-like boundary constriction, alpha=3.7, tau=0.1, p=0.2",boundary_lane,boundary_constriction,conductance,3.7,0,0.1,0.2,0.800784313725492,0.1,0.221350762527233,1.29945810898939e-07,4.61813394518199e-07,0.124371191286282,120.377948955514,0.206001546064714,0.26040866479494,0.284858787260792,0.175275023868228,0.0520024079869567,0.286181377737673,0.42281326264261,0.435100632492807,0.159825885371225,0.0468851624693105,181.908794571073,186.506205997985,202,v7.4.6,gap_tied_weak_links_phase3_seed,/Users/asewaket/Documents/LTSpice Superconducting Circuit/matlab_v7_4_6_files/outputs/v7_4_6_as006_gap_weaklink_v800_phase3_seed_202/AS006_v7_4_6_gap_weaklink_scores.csv
AS006,crack_tunnel_a3_3_g0_1_p0_05,"tunnel/crack-like links, alpha=3.3, tau=0.1, p=0.05",tear_lane,crack_tunnel,conductance,3.3,1,0.1,0.05,0.954509803921569,0.1,0.0505446623093682,9.32154964823992e-08,3.89976162519713e-07,0.116366422765971,159.471731199922,0.206004608115835,0.260743147606895,0.294342280861653,0.165620026499107,0.047155868340502,0.215487492699871,0.276827246874956,0.309193065105568,0.15538921132294,0.0652858385359826,235.969422215371,245.644174736146,202,v7.4.6,gap_tied_weak_links_phase3_seed,/Users/asewaket/Documents/LTSpice Superconducting Circuit/matlab_v7_4_6_files/outputs/v7_4_6_as006_gap_weaklink_v800_phase3_seed_202/AS006_v7_4_6_gap_weaklink_scores.csv
AS006,boundary_sns_a4_1_g0_2_p0_2,"SNS-like boundary constriction, alpha=4.1, tau=0.2, p=0.2",boundary_lane,boundary_constriction,conductance,4.1,0.999999999999997,0.2,0.2,0.822919389978212,0.2,0.221350762527233,2.61827433140664e-07,4.70094493359198e-07,0.137816725479393,132.405554124844,0.206006375397078,0.264535952386102,0.286980222633427,0.172058240939369,0.0482077338165766,0.267057298151798,0.39430687159819,0.407026255766862,0.144886713378963,0.0475752798450876,198.217658663724,193.693323967523,202,v7.4.6,gap_tied_weak_links_phase3_seed,/Users/asewaket/Documents/LTSpice Superconducting Circuit/matlab_v7_4_6_files/outputs/v7_4_6_as006_gap_weaklink_v800_phase3_seed_202/AS006_v7_4_6_gap_weaklink_scores.csv
AS006,combined_a4_1_g0_2_p0_05,"combined weak-link classes, alpha=4.1, tau=0.2, p=0.05",combined,boundary_constriction,conductance,4.1,0.999999999999997,0.2,0.05,0.959912854030501,0.2,0.0501089324618736,2.44018164426188e-07,4.73367255926822e-07,0.144486026702479,163.302977176702,0.206413330499766,0.265174558013549,0.291098056908543,0.167910116427417,0.0475828493610589,0.212605446433066,0.282312346142508,0.30674499756261,0.155236106514415,0.0498660071452357,239.040496307266,241.516684747255,202,v7.4.6,gap_tied_weak_links_phase3_seed,/Users/asewaket/Documents/LTSpice Superconducting Circuit/matlab_v7_4_6_files/outputs/v7_4_6_as006_gap_weaklink_v800_phase3_seed_202/AS006_v7_4_6_gap_weaklink_scores.csv
AS006,boundary_sns_a4_1_g0_1_p0_2,"SNS-like boundary constriction, alpha=4.1, tau=0.1, p=0.2",boundary_lane,boundary_constriction,conductance,4.1,0.999999999999997,0.1,0.2,0.800784313725492,0.1,0.221350762527233,1.43994006671797e-07,5.11739166898544e-07,0.137816725479393,120.377948955514,0.20647365763053,0.262785399454361,0.284832704244669,0.175474293066522,0.0517827899369657,0.286830175733325,0.425339791813527,0.435382490112407,0.159927043852099,0.046982924341265,181.860173572615,186.320708381185,202,v7.4.6,gap_tied_weak_links_phase3_seed,/Users/asewaket/Documents/LTSpice Superconducting Circuit/matlab_v7_4_6_files/outputs/v7_4_6_as006_gap_weaklink_v800_phase3_seed_202/AS006_v7_4_6_gap_weaklink_scores.csv
AS006,crack_tunnel_a4_1_g0_05_p0_05,"tunnel/crack-like links, alpha=4.1, tau=0.05, p=0.05",tear_lane,crack_tunnel,conductance,4.1,0.999999999999997,0.05,0.05,0.951982570806101,0.05,0.0505446623093682,5.87388591543227e-08,4.91479544672358e-07,0.144576464648631,157.212198070485,0.206731653003812,0.26493078955273,0.290619993209545,0.169294579256437,0.0485242632790815,0.217246446016733,0.284065826881764,0.307918189214006,0.156696569899667,0.0674388597028084,233.006781577183,246.287140245746,202,v7.4.6,gap_tied_weak_links_phase3_seed,/Users/asewaket/Documents/LTSpice Superconducting Circuit/matlab_v7_4_6_files/outputs/v7_4_6_as006_gap_weaklink_v800_phase3_seed_202/AS006_v7_4_6_gap_weaklink_scores.csv
AS006,combined_a3_7_g0_4_p0_1,"combined weak-link classes, alpha=3.7, tau=0.4, p=0.1",combined,boundary_constriction,conductance,3.7,0,0.4,0.1,0.939869281045751,0.4,0.100217864923747,4.1018749006638e-07,4.33756805499755e-07,0.124622850470499,161.100100049982,0.206731833207492,0.266804416171096,0.29630057843795,0.161015430137022,0.0470594499286755,0.213090661806501,0.285031531406364,0.313272904868605,0.148667540430281,0.046359768568231,241.300865247462,238.26756045685,202,v7.4.6,gap_tied_weak_links_phase3_seed,/Users/asewaket/Documents/LTSpice Superconducting Circuit/matlab_v7_4_6_files/outputs/v7_4_6_as006_gap_weaklink_v800_phase3_seed_202/AS006_v7_4_6_gap_weaklink_scores.csv
AS006,crack_tunnel_a3_7_g0_4_p0_3,"tunnel/crack-like links, alpha=3.7, tau=0.4, p=0.3",tear_lane,crack_tunnel,conductance,3.7,0,0.4,0.3,0.819869281045749,0.4,0.300217864923747,3.668815239321e-07,4.37982482793009e-07,0.0889469472849125,133.802851854329,0.206787473623199,0.267451685695741,0.299824953458293,0.153589095495548,0.0498056444988086,0.199568410746992,0.243606664577499,0.276436658584301,0.174582110370725,0.0522435986715279,256.219477666307,263.770657694889,202,v7.4.6,gap_tied_weak_links_phase3_seed,/Users/asewaket/Documents/LTSpice Superconducting Circuit/matlab_v7_4_6_files/outputs/v7_4_6_as006_gap_weaklink_v800_phase3_seed_202/AS006_v7_4_6_gap_weaklink_scores.csv
AS006,crack_tunnel_a3_7_g0_4_p0_2,"tunnel/crack-like links, alpha=3.7, tau=0.4, p=0.2",tear_lane,crack_tunnel,conductance,3.7,0,0.4,0.2,0.879738562091502,0.4,0.200435729847495,3.62345504811295e-07,4.23907213302011e-07,0.0973333121891819,149.668178687008,0.206801267682818,0.266942095428524,0.298646342669669,0.156459733681419,0.04885847621187,0.200808451815462,0.248590543890752,0.280815187729679,0.17236200770828,0.0485726270242731,255.413843942379,258.809940401707,202,v7.4.6,gap_tied_weak_links_phase3_seed,/Users/asewaket/Documents/LTSpice Superconducting Circuit/matlab_v7_4_6_files/outputs/v7_4_6_as006_gap_weaklink_v800_phase3_seed_202/AS006_v7_4_6_gap_weaklink_scores.csv
AS006,crack_tunnel_a3_7_g0_1_p0_05,"tunnel/crack-like links, alpha=3.7, tau=0.1, p=0.05",tear_lane,crack_tunnel,conductance,3.7,0,0.1,0.05,0.954509803921569,0.1,0.0505446623093682,1.04514344540872e-07,4.3724600040089e-07,0.130471443707301,159.471731199922,0.206821690146617,0.264875686684801,0.29347691677102,0.166551272411513,0.0474590691846087,0.216639154613019,0.282344327590075,0.309475375214358,0.15531335614656,0.0651278436666902,234.842858813482,245.667833241253,202,v7.4.6,gap_tied_weak_links_phase3_seed,/Users/asewaket/Documents/LTSpice Superconducting Circuit/matlab_v7_4_6_files/outputs/v7_4_6_as006_gap_weaklink_v800_phase3_seed_202/AS006_v7_4_6_gap_weaklink_scores.csv
AS006,crack_tunnel_a4_1_g0_4_p0_3,"tunnel/crack-like links, alpha=4.1, tau=0.4, p=0.3",tear_lane,crack_tunnel,conductance,4.1,0.999999999999997,0.4,0.3,0.819869281045749,0.4,0.300217864923747,4.06544391384219e-07,4.85331940392253e-07,0.098562833477876,133.802851854329,0.207052368670143,0.270054357541058,0.298174490400196,0.154979772036284,0.0496774125639586,0.200485528159993,0.247876962231341,0.276713917220891,0.174453806680286,0.0522340650817091,255.267039387381,262.708528746724,202,v7.4.6,gap_tied_weak_links_phase3_seed,/Users/asewaket/Documents/LTSpice Superconducting Circuit/matlab_v7_4_6_files/outputs/v7_4_6_as006_gap_weaklink_v800_phase3_seed_202/AS006_v7_4_6_gap_weaklink_scores.csv
AS006,combined_a4_1_g0_4_p0_1,"combined weak-link classes, alpha=4.1, tau=0.4, p=0.1",combined,boundary_constriction,conductance,4.1,0.999999999999997,0.4,0.1,0.939869281045751,0.4,0.100217864923747,4.5453208358707e-07,4.8064943312135e-07,0.138095591061904,161.100100049982,0.207122684268483,0.269216571818124,0.294993863331587,0.162291535647101,0.0472931691351389,0.214043538767277,0.289319909903684,0.313577220822667,0.148616337326674,0.0463672258346899,240.309415677002,237.715241195735,202,v7.4.6,gap_tied_weak_links_phase3_seed,/Users/asewaket/Documents/LTSpice Superconducting Circuit/matlab_v7_4_6_files/outputs/v7_4_6_as006_gap_weaklink_v800_phase3_seed_202/AS006_v7_4_6_gap_weaklink_scores.csv
AS006,crack_tunnel_a4_1_g0_4_p0_2,"tunnel/crack-like links, alpha=4.1, tau=0.4, p=0.2",tear_lane,crack_tunnel,conductance,4.1,0.999999999999997,0.4,0.2,0.879738562091502,0.4,0.200435729847495,4.01517991817922e-07,4.69735020145472e-07,0.10785583242585,149.668178687008,0.207362111720178,0.26996834342477,0.29754586245793,0.157466344268895,0.0493040255386225,0.201694215354919,0.252766362654713,0.281053744395786,0.172234138802364,0.0485679879242997,254.464009619267,258.358183977589,202,v7.4.6,gap_tied_weak_links_phase3_seed,/Users/asewaket/Documents/LTSpice Superconducting Circuit/matlab_v7_4_6_files/outputs/v7_4_6_as006_gap_weaklink_v800_phase3_seed_202/AS006_v7_4_6_gap_weaklink_scores.csv
AS006,contact_relaxed_a3_3_g0_4_p0_3,"contact-relaxed SNS links, alpha=3.3, tau=0.4, p=0.3",contact_relaxation,contact_relaxed,conductance,3.3,1,0.4,0.3,0.819869281045749,0.4,0.300217864923747,1.82814687237992e-07,4.1290251782536e-07,0.0420189268416883,133.802851854329,0.207458954451597,0.259852713117697,0.312263323124872,0.146273896244918,0.0481388733656158,0.190362682188533,0.190335509573703,0.232669319602577,0.244898501606809,0.0481834650559402,302.080904657748,294.049809858658,202,v7.4.6,gap_tied_weak_links_phase3_seed,/Users/asewaket/Documents/LTSpice Superconducting Circuit/matlab_v7_4_6_files/outputs/v7_4_6_as006_gap_weaklink_v800_phase3_seed_202/AS006_v7_4_6_gap_weaklink_scores.csv
AS006,crack_tunnel_a4_1_g0_1_p0_05,"tunnel/crack-like links, alpha=4.1, tau=0.1, p=0.05",tear_lane,crack_tunnel,conductance,4.1,0.999999999999997,0.1,0.05,0.954509803921569,0.1,0.0505446623093682,1.15813192599345e-07,4.84515838282068e-07,0.144576464648631,159.471731199922,0.207566253115266,0.268018894331947,0.293024576094635,0.167156861033032,0.0480732867874838,0.217557257513578,0.286498526134505,0.309795926672983,0.155221504794688,0.0651180087623043,233.935877638514,245.840342379914,202,v7.4.6,gap_tied_weak_links_phase3_seed,/Users/asewaket/Documents/LTSpice Superconducting Circuit/matlab_v7_4_6_files/outputs/v7_4_6_as006_gap_weaklink_v800_phase3_seed_202/AS006_v7_4_6_gap_weaklink_scores.csv
AS006,crack_tunnel_a3_3_g0_2_p0_05,"tunnel/crack-like links, alpha=3.3, tau=0.2, p=0.05",tear_lane,crack_tunnel,conductance,3.3,1,0.2,0.05,0.959564270152505,0.2,0.0505446623093682,1.8205714134193e-07,3.8089352322372e-07,0.116366422765971,163.302977176702,0.207771941531087,0.266960223904113,0.299022987508914,0.161390138906885,0.0468715819771139,0.216178178857077,0.282248749135563,0.313243215915652,0.152028803564326,0.0604305128420215,237.863054896175,244.335527259591,202,v7.4.6,gap_tied_weak_links_phase3_seed,/Users/asewaket/Documents/LTSpice Superconducting Circuit/matlab_v7_4_6_files/outputs/v7_4_6_as006_gap_weaklink_v800_phase3_seed_202/AS006_v7_4_6_gap_weaklink_scores.csv
AS006,crack_tunnel_a3_3_g0_4_p0_1,"tunnel/crack-like links, alpha=3.3, tau=0.4, p=0.1",tear_lane,crack_tunnel,conductance,3.3,1,0.4,0.1,0.939869281045751,0.4,0.100217864923747,3.3809022626983e-07,3.81007065327314e-07,0.106485482305091,161.100100049982,0.208194175893612,0.269402487343255,0.301636863570996,0.157387259242053,0.0469698068229947,0.213505803406593,0.280435577678596,0.311956362259445,0.150570727105405,0.0529563965185861,240.945292071673,245.043930214281,202,v7.4.6,gap_tied_weak_links_phase3_seed,/Users/asewaket/Documents/LTSpice Superconducting Circuit/matlab_v7_4_6_files/outputs/v7_4_6_as006_gap_weaklink_v800_phase3_seed_202/AS006_v7_4_6_gap_weaklink_scores.csv
AS006,boundary_sns_a3_3_g0_05_p0_2,"SNS-like boundary constriction, alpha=3.3, tau=0.05, p=0.2",boundary_lane,boundary_constriction,conductance,3.3,1,0.05,0.2,0.78971677559913,0.05,0.221350762527233,6.22526135857573e-08,4.42478146833482e-07,0.11092565709317,112.055674405493,0.208208000362955,0.260457071017214,0.28696563623475,0.174926485960399,0.0597349599362496,0.304633974161667,0.43873953441924,0.452186233037758,0.172376753306806,0.0776334869395113,166.100535795689,191.016065986889,202,v7.4.6,gap_tied_weak_links_phase3_seed,/Users/asewaket/Documents/LTSpice Superconducting Circuit/matlab_v7_4_6_files/outputs/v7_4_6_as006_gap_weaklink_v800_phase3_seed_202/AS006_v7_4_6_gap_weaklink_scores.csv
AS006,crack_tunnel_a3_7_g0_2_p0_05,"tunnel/crack-like links, alpha=3.7, tau=0.2, p=0.05",tear_lane,crack_tunnel,conductance,3.7,0,0.2,0.05,0.959564270152505,0.2,0.0505446623093682,2.041246736258e-07,4.27062435129626e-07,0.130471443707301,163.302977176702,0.208506145924973,0.27101778956451,0.298272399223732,0.162050542665134,0.0469730630874069,0.217239927849515,0.287499989969872,0.313487646034373,0.151904021672724,0.0602162416266454,236.71346066121,244.54821172188,202,v7.4.6,gap_tied_weak_links_phase3_seed,/Users/asewaket/Documents/LTSpice Superconducting Circuit/matlab_v7_4_6_files/outputs/v7_4_6_as006_gap_weaklink_v800_phase3_seed_202/AS006_v7_4_6_gap_weaklink_scores.csv
AS006,boundary_sns_a3_3_g0_4_p0_2,"SNS-like boundary constriction, alpha=3.3, tau=0.4, p=0.2",boundary_lane,boundary_constriction,conductance,3.3,1,0.4,0.2,0.867189542483658,0.4,0.221350762527233,3.7286528960546e-07,3.8909053101748e-07,0.11092565709317,149.668178687008,0.208623860064764,0.271256445251744,0.299570046886772,0.159923206119497,0.0477112653708538,0.24500456448038,0.351599038790869,0.374748058612198,0.135349068912828,0.0484283448986516,217.488936838053,210.948861364866,202,v7.4.6,gap_tied_weak_links_phase3_seed,/Users/asewaket/Documents/LTSpice Superconducting Circuit/matlab_v7_4_6_files/outputs/v7_4_6_as006_gap_weaklink_v800_phase3_seed_202/AS006_v7_4_6_gap_weaklink_scores.csv
AS006,boundary_sns_a4_1_g0_4_p0_2,"SNS-like boundary constriction, alpha=4.1, tau=0.4, p=0.2",boundary_lane,boundary_constriction,conductance,4.1,0.999999999999997,0.4,0.2,0.867189542483658,0.4,0.221350762527233,4.63256874964359e-07,4.83415508233839e-07,0.137816725479393,149.668178687008,0.208639467138544,0.273887601761954,0.295747038768238,0.163351550103214,0.0475629784573322,0.246793373806927,0.359505992721978,0.375338862236357,0.135402328318798,0.0483649570005348,215.646986301632,209.06076764447,202,v7.4.6,gap_tied_weak_links_phase3_seed,/Users/asewaket/Documents/LTSpice Superconducting Circuit/matlab_v7_4_6_files/outputs/v7_4_6_as006_gap_weaklink_v800_phase3_seed_202/AS006_v7_4_6_gap_weaklink_scores.csv
AS006,boundary_sns_a3_3_g0_1_p0_1,"SNS-like boundary constriction, alpha=3.3, tau=0.1, p=0.1",boundary_lane,boundary_constriction,conductance,3.3,1,0.1,0.1,0.886274509803923,0.1,0.12636165577342,1.11833966783965e-07,4.0094404575026e-07,0.123544254142322,141.666358767134,0.208702973925528,0.270230052701658,0.297659642496263,0.162857073352512,0.0488091008668783,0.259144369335561,0.376917294332519,0.397376237731964,0.141139612428624,0.0469716207785664,205.631552297639,202.32751587139,202,v7.4.6,gap_tied_weak_links_phase3_seed,/Users/asewaket/Documents/LTSpice Superconducting Circuit/matlab_v7_4_6_files/outputs/v7_4_6_as006_gap_weaklink_v800_phase3_seed_202/AS006_v7_4_6_gap_weaklink_scores.csv
AS006,boundary_sns_a3_7_g0_4_p0_2,"SNS-like boundary constriction, alpha=3.7, tau=0.4, p=0.2",boundary_lane,boundary_constriction,conductance,3.7,0,0.4,0.2,0.867189542483658,0.4,0.221350762527233,4.18061082284909e-07,4.36253019625659e-07,0.124371191286282,149.668178687008,0.208813938655668,0.273445704276223,0.297879662977842,0.161399973791878,0.0475846115510478,0.246028339328328,0.356221600274329,0.375045497683709,0.135380587542862,0.0483647409922412,216.676363334496,210.095989836935,202,v7.4.6,gap_tied_weak_links_phase3_seed,/Users/asewaket/Documents/LTSpice Superconducting Circuit/matlab_v7_4_6_files/outputs/v7_4_6_as006_gap_weaklink_v800_phase3_seed_202/AS006_v7_4_6_gap_weaklink_scores.csv
AS006,boundary_sns_a3_3_g0_2_p0_1,"SNS-like boundary constriction, alpha=3.3, tau=0.2, p=0.1",boundary_lane,boundary_constriction,conductance,3.3,1,0.2,0.1,0.898910675381263,0.2,0.12636165577342,2.11651631181045e-07,3.80180572033208e-07,0.123544254142322,149.709319719032,0.208956923763629,0.27164693504379,0.29945639073532,0.160888198119469,0.0479787523382073,0.248590521549713,0.358088995380316,0.380453700747233,0.136564824698365,0.0483636051876332,214.740608641821,208.637770355267,202,v7.4.6,gap_tied_weak_links_phase3_seed,/Users/asewaket/Documents/LTSpice Superconducting Circuit/matlab_v7_4_6_files/outputs/v7_4_6_as006_gap_weaklink_v800_phase3_seed_202/AS006_v7_4_6_gap_weaklink_scores.csv
AS006,boundary_sns_a3_7_g0_05_p0_2,"SNS-like boundary constriction, alpha=3.7, tau=0.05, p=0.2",boundary_lane,boundary_constriction,conductance,3.7,0,0.05,0.2,0.78971677559913,0.05,0.221350762527233,6.97983849294855e-08,4.96111861601177e-07,0.124371191286282,112.055674405493,0.209066529683787,0.263861193650169,0.287370624521303,0.17492246302011,0.0599197830813483,0.305427096275596,0.442127145584237,0.452669293340371,0.172552973148106,0.0771458560129622,166.118492467657,190.900945890458,202,v7.4.6,gap_tied_weak_links_phase3_seed,/Users/asewaket/Documents/LTSpice Superconducting Circuit/matlab_v7_4_6_files/outputs/v7_4_6_as006_gap_weaklink_v800_phase3_seed_202/AS006_v7_4_6_gap_weaklink_scores.csv
AS006,crack_tunnel_a4_1_g0_2_p0_05,"tunnel/crack-like links, alpha=4.1, tau=0.2, p=0.05",tear_lane,crack_tunnel,conductance,4.1,0.999999999999997,0.2,0.05,0.959564270152505,0.2,0.0505446623093682,2.26192205909671e-07,4.73231347035531e-07,0.144576464648631,163.302977176702,0.209133433440866,0.273854693711127,0.297687357146908,0.162660525801597,0.0475339412341163,0.218089313010398,0.291420099464084,0.313776361987866,0.151789101238351,0.0601814555612041,235.652058169165,244.787062395578,202,v7.4.6,gap_tied_weak_links_phase3_seed,/Users/asewaket/Documents/LTSpice Superconducting Circuit/matlab_v7_4_6_files/outputs/v7_4_6_as006_gap_weaklink_v800_phase3_seed_202/AS006_v7_4_6_gap_weaklink_scores.csv
AS006,crack_tunnel_a3_7_g0_4_p0_1,"tunnel/crack-like links, alpha=3.7, tau=0.4, p=0.1",tear_lane,crack_tunnel,conductance,3.7,0,0.4,0.1,0.939869281045751,0.4,0.100217864923747,3.79070859757082e-07,4.27189739912443e-07,0.119392813493586,161.100100049982,0.209187437594406,0.273803401840243,0.301314099079116,0.157698482927055,0.0477110090845126,0.21455272451067,0.285533015940873,0.312197244935467,0.150438633513315,0.0528371360837667,239.934262106103,245.529682140927,202,v7.4.6,gap_tied_weak_links_phase3_seed,/Users/asewaket/Documents/LTSpice Superconducting Circuit/matlab_v7_4_6_files/outputs/v7_4_6_as006_gap_weaklink_v800_phase3_seed_202/AS006_v7_4_6_gap_weaklink_scores.csv
AS006,contact_relaxed_a3_7_g0_4_p0_3,"contact-relaxed SNS links, alpha=3.7, tau=0.4, p=0.3",contact_relaxation,contact_relaxed,conductance,3.7,0,0.4,0.3,0.819869281045749,0.4,0.300217864923747,2.04974043266839e-07,4.62951307864798e-07,0.0471121300952263,133.802851854329,0.209210373352131,0.267448527937292,0.312769026097692,0.146310812246747,0.0483690278439708,0.190932016392906,0.193121807537189,0.233085733995025,0.244369941500124,0.0481758130608931,301.711355858942,294.042601687173,202,v7.4.6,gap_tied_weak_links_phase3_seed,/Users/asewaket/Documents/LTSpice Superconducting Circuit/matlab_v7_4_6_files/outputs/v7_4_6_as006_gap_weaklink_v800_phase3_seed_202/AS006_v7_4_6_gap_weaklink_scores.csv
AS006,boundary_sns_a3_3_g0_05_p0_1,"SNS-like boundary constriction, alpha=3.3, tau=0.05, p=0.1",boundary_lane,boundary_constriction,conductance,3.3,1,0.05,0.1,0.879956427015252,0.05,0.12636165577342,5.85220561614044e-08,4.1962331548704e-07,0.123544254142322,135.360169310127,0.209622066624447,0.27130585538968,0.298317102588848,0.162853786051187,0.0511823156380859,0.268238949655235,0.390918837155392,0.410029529020347,0.146182652918015,0.0499959191876549,195.274096586682,202.959532938685,202,v7.4.6,gap_tied_weak_links_phase3_seed,/Users/asewaket/Documents/LTSpice Superconducting Circuit/matlab_v7_4_6_files/outputs/v7_4_6_as006_gap_weaklink_v800_phase3_seed_202/AS006_v7_4_6_gap_weaklink_scores.csv
AS006,boundary_sns_a4_1_g0_05_p0_2,"SNS-like boundary constriction, alpha=4.1, tau=0.05, p=0.2",boundary_lane,boundary_constriction,conductance,4.1,0.999999999999997,0.05,0.2,0.78971677559913,0.05,0.221350762527233,7.73441562732136e-08,5.49745576368871e-07,0.137816725479393,112.055674405493,0.209701185706081,0.26637005516392,0.287627691120272,0.174961461142434,0.0600855874779689,0.306000601143423,0.444447263532698,0.453030634641514,0.172709810116522,0.0768648689161171,166.121587943023,190.783588516577,202,v7.4.6,gap_tied_weak_links_phase3_seed,/Users/asewaket/Documents/LTSpice Superconducting Circuit/matlab_v7_4_6_files/outputs/v7_4_6_as006_gap_weaklink_v800_phase3_seed_202/AS006_v7_4_6_gap_weaklink_scores.csv
AS006,crack_tunnel_a4_1_g0_4_p0_1,"tunnel/crack-like links, alpha=4.1, tau=0.4, p=0.1",tear_lane,crack_tunnel,conductance,4.1,0.999999999999997,0.4,0.1,0.939869281045751,0.4,0.100217864923747,4.20051493244335e-07,4.73372414497572e-07,0.132300144682082,161.100100049982,0.209787076623244,0.276316954010719,0.300484927693925,0.158506215048026,0.0486370368310997,0.215392780954665,0.289347869196517,0.312474247724223,0.150349787523963,0.0528488676544628,238.820225558366,245.584440367917,202,v7.4.6,gap_tied_weak_links_phase3_seed,/Users/asewaket/Documents/LTSpice Superconducting Circuit/matlab_v7_4_6_files/outputs/v7_4_6_as006_gap_weaklink_v800_phase3_seed_202/AS006_v7_4_6_gap_weaklink_scores.csv
AS006,combined_a3_3_g0_4_p0_05,"combined weak-link classes, alpha=3.3, tau=0.4, p=0.05",combined,boundary_constriction,conductance,3.3,1,0.4,0.05,0.969934640522876,0.4,0.0501089324618736,3.77547978632011e-07,3.77286667802592e-07,0.116293631248337,169.904228583718,0.20981793067615,0.27378275612777,0.305078207224036,0.155663432010747,0.0468407445974829,0.214378509524945,0.285052850144903,0.315671802153892,0.148678108420927,0.0485664081843496,242.909590537958,242.780312667918,202,v7.4.6,gap_tied_weak_links_phase3_seed,/Users/asewaket/Documents/LTSpice Superconducting Circuit/matlab_v7_4_6_files/outputs/v7_4_6_as006_gap_weaklink_v800_phase3_seed_202/AS006_v7_4_6_gap_weaklink_scores.csv
AS006,contact_relaxed_a3_7_g0_4_p0_2,"contact-relaxed SNS links, alpha=3.7, tau=0.4, p=0.2",contact_relaxation,contact_relaxed,conductance,3.7,0,0.4,0.2,0.879999999999998,0.4,0.2,1.6629354885296e-07,4.52482977313232e-07,0.044047861803183,149.668178687008,0.209833956054747,0.272847622379819,0.309473439047575,0.149629896121607,0.0477062694086522,0.198057906272598,0.235849773755933,0.273666221835695,0.181159344904547,0.0490746882639085,271.2687702551,262.410823989951,202,v7.4.6,gap_tied_weak_links_phase3_seed,/Users/asewaket/Documents/LTSpice Superconducting Circuit/matlab_v7_4_6_files/outputs/v7_4_6_as006_gap_weaklink_v800_phase3_seed_202/AS006_v7_4_6_gap_weaklink_scores.csv
AS006,boundary_sns_a3_7_g0_1_p0_1,"SNS-like boundary constriction, alpha=3.7, tau=0.1, p=0.1",boundary_lane,boundary_constriction,conductance,3.7,0,0.1,0.1,0.886274509803923,0.1,0.12636165577342,1.25389599121415e-07,4.49543324023019e-07,0.138519315250482,141.666358767134,0.209865372801454,0.27510490649551,0.298680591101291,0.162144366456776,0.0488504650135291,0.260116724392845,0.381123621704147,0.397715693597743,0.14122428041907,0.0469271859401908,205.89915106554,202.670174359798,202,v7.4.6,gap_tied_weak_links_phase3_seed,/Users/asewaket/Documents/LTSpice Superconducting Circuit/matlab_v7_4_6_files/outputs/v7_4_6_as006_gap_weaklink_v800_phase3_seed_202/AS006_v7_4_6_gap_weaklink_scores.csv
AS006,contact_relaxed_a3_3_g0_4_p0_2,"contact-relaxed SNS links, alpha=3.3, tau=0.4, p=0.2",contact_relaxation,contact_relaxed,conductance,3.3,1,0.4,0.2,0.879999999999998,0.4,0.2,1.48315867895883e-07,4.03565898684775e-07,0.0392859307974335,149.668178687008,0.209875313791689,0.270165567892192,0.312961488067913,0.147190117604297,0.0475407499420338,0.196687633341835,0.229799968245124,0.272989665906741,0.181459578869404,0.0490818095404991,273.656107946665,264.460680483128,202,v7.4.6,gap_tied_weak_links_phase3_seed,/Users/asewaket/Documents/LTSpice Superconducting Circuit/matlab_v7_4_6_files/outputs/v7_4_6_as006_gap_weaklink_v800_phase3_seed_202/AS006_v7_4_6_gap_weaklink_scores.csv
AS006,contact_relaxed_a4_1_g0_4_p0_2,"contact-relaxed SNS links, alpha=4.1, tau=0.4, p=0.2",contact_relaxation,contact_relaxed,conductance,4.1,0.999999999999997,0.4,0.2,0.879999999999998,0.4,0.2,1.84271229810037e-07,5.0140005594169e-07,0.0488097928089326,149.668178687008,0.209967850195691,0.275183972323769,0.307069342968977,0.15143662320803,0.0479881494489381,0.199127004024402,0.240643212425656,0.274136849905711,0.180951905276525,0.0490624387657007,269.50127905922,261.122104919106,202,v7.4.6,gap_tied_weak_links_phase3_seed,/Users/asewaket/Documents/LTSpice Superconducting Circuit/matlab_v7_4_6_files/outputs/v7_4_6_as006_gap_weaklink_v800_phase3_seed_202/AS006_v7_4_6_gap_weaklink_scores.csv
AS006,boundary_sns_a3_7_g0_2_p0_1,"SNS-like boundary constriction, alpha=3.7, tau=0.2, p=0.1",boundary_lane,boundary_constriction,conductance,3.7,0,0.2,0.1,0.898910675381263,0.2,0.12636165577342,2.37306374354505e-07,4.26263065612991e-07,0.138519315250482,149.709319719032,0.210077799570867,0.276590923306118,0.30037265795529,0.16021827689768,0.0478730770043597,0.249578172409648,0.362499517697095,0.380764668164426,0.136605153232116,0.0482967335232565,215.050747563557,208.908013132536,202,v7.4.6,gap_tied_weak_links_phase3_seed,/Users/asewaket/Documents/LTSpice Superconducting Circuit/matlab_v7_4_6_files/outputs/v7_4_6_as006_gap_weaklink_v800_phase3_seed_202/AS006_v7_4_6_gap_weaklink_scores.csv
AS006,combined_a4_1_g0_4_p0_05,"combined weak-link classes, alpha=4.1, tau=0.4, p=0.05",combined,boundary_constriction,conductance,4.1,0.999999999999997,0.4,0.05,0.969934640522876,0.4,0.0501089324618736,4.6907476133068e-07,4.68750102421402e-07,0.144486026702479,169.904228583718,0.21026759250609,0.278050029270207,0.301416421753188,0.158638524403944,0.0475110396872319,0.216271717830331,0.293989021228542,0.316179502913963,0.148494734081469,0.0484370202218421,240.075005177701,241.592184242404,202,v7.4.6,gap_tied_weak_links_phase3_seed,/Users/asewaket/Documents/LTSpice Superconducting Circuit/matlab_v7_4_6_files/outputs/v7_4_6_as006_gap_weaklink_v800_phase3_seed_202/AS006_v7_4_6_gap_weaklink_scores.csv
AS006,combined_a3_7_g0_4_p0_05,"combined weak-link classes, alpha=3.7, tau=0.4, p=0.05",combined,boundary_constriction,conductance,3.7,0,0.4,0.05,0.969934640522876,0.4,0.0501089324618736,4.23311369981346e-07,4.23018385111997e-07,0.130389828975408,169.904228583718,0.2102967363105,0.27700768021824,0.303582987628282,0.156835077508721,0.0471619260988676,0.215440635073748,0.290218012658969,0.315906760069246,0.148568735823316,0.0484374128094436,241.570353873861,242.451619944642,202,v7.4.6,gap_tied_weak_links_phase3_seed,/Users/asewaket/Documents/LTSpice Superconducting Circuit/matlab_v7_4_6_files/outputs/v7_4_6_as006_gap_weaklink_v800_phase3_seed_202/AS006_v7_4_6_gap_weaklink_scores.csv
AS006,contact_relaxed_a4_1_g0_4_p0_3,"contact-relaxed SNS links, alpha=4.1, tau=0.4, p=0.3",contact_relaxation,contact_relaxed,conductance,4.1,0.999999999999997,0.4,0.3,0.819869281045749,0.4,0.300217864923747,2.27133399295686e-07,5.13000097904235e-07,0.0522053333487643,133.802851854329,0.210575952457381,0.273480033172816,0.312917617686373,0.146479068084091,0.048695063057824,0.191566523916474,0.196270488037194,0.233367370768007,0.24400038850216,0.0481687470734647,301.221022096358,294.028130239585,202,v7.4.6,gap_tied_weak_links_phase3_seed,/Users/asewaket/Documents/LTSpice Superconducting Circuit/matlab_v7_4_6_files/outputs/v7_4_6_as006_gap_weaklink_v800_phase3_seed_202/AS006_v7_4_6_gap_weaklink_scores.csv
AS006,boundary_sns_a4_1_g0_1_p0_1,"SNS-like boundary constriction, alpha=4.1, tau=0.1, p=0.1",boundary_lane,boundary_constriction,conductance,4.1,0.999999999999997,0.1,0.1,0.886274509803923,0.1,0.12636165577342,1.38945231458865e-07,4.98142602295777e-07,0.153494376358642,141.666358767134,0.210685555328988,0.278455160958139,0.299375229265737,0.161733622745396,0.0488989360400186,0.260824602099783,0.384000845260386,0.398025310735575,0.141287488360347,0.0469685110008394,206.061018439572,202.851793704546,202,v7.4.6,gap_tied_weak_links_phase3_seed,/Users/asewaket/Documents/LTSpice Superconducting Circuit/matlab_v7_4_6_files/outputs/v7_4_6_as006_gap_weaklink_v800_phase3_seed_202/AS006_v7_4_6_gap_weaklink_scores.csv
AS006,boundary_sns_a3_7_g0_05_p0_1,"SNS-like boundary constriction, alpha=3.7, tau=0.05, p=0.1",boundary_lane,boundary_constriction,conductance,3.7,0,0.05,0.1,0.879956427015252,0.05,0.12636165577342,6.56156387264231e-08,4.70486747667288e-07,0.138519315250482,135.360169310127,0.210866347099609,0.275949806181344,0.299384958979081,0.162256538185525,0.0516375783714021,0.269208017805346,0.394956638363792,0.410529304014772,0.146322425544926,0.0497541367059271,195.441584714998,203.26580048926,202,v7.4.6,gap_tied_weak_links_phase3_seed,/Users/asewaket/Documents/LTSpice Superconducting Circuit/matlab_v7_4_6_files/outputs/v7_4_6_as006_gap_weaklink_v800_phase3_seed_202/AS006_v7_4_6_gap_weaklink_scores.csv
AS006,boundary_sns_a4_1_g0_2_p0_1,"SNS-like boundary constriction, alpha=4.1, tau=0.2, p=0.1",boundary_lane,boundary_constriction,conductance,4.1,0.999999999999997,0.2,0.1,0.898910675381263,0.2,0.12636165577342,2.62961117527965e-07,4.72345559192773e-07,0.153494376358642,149.709319719032,0.211018122205281,0.280366083263218,0.301350609950243,0.159572150584836,0.0478957721192183,0.250305240520257,0.365568864779162,0.381069768069219,0.13663324151984,0.048293691801188,215.351084718798,209.221210533172,202,v7.4.6,gap_tied_weak_links_phase3_seed,/Users/asewaket/Documents/LTSpice Superconducting Circuit/matlab_v7_4_6_files/outputs/v7_4_6_as006_gap_weaklink_v800_phase3_seed_202/AS006_v7_4_6_gap_weaklink_scores.csv
AS006,boundary_sns_a3_3_g0_4_p0_1,"SNS-like boundary constriction, alpha=3.3, tau=0.4, p=0.1",boundary_lane,boundary_constriction,conductance,3.3,1,0.4,0.1,0.924183006535947,0.4,0.12636165577342,3.93373085574833e-07,3.87054544877064e-07,0.123544254142322,161.100100049982,0.211311821901386,0.278884521570601,0.306391109464992,0.154948202567228,0.0478048931635596,0.23791274914528,0.338520169977083,0.362743824765953,0.13456239851812,0.0480388842612482,225.329177833129,219.107491927128,202,v7.4.6,gap_tied_weak_links_phase3_seed,/Users/asewaket/Documents/LTSpice Superconducting Circuit/matlab_v7_4_6_files/outputs/v7_4_6_as006_gap_weaklink_v800_phase3_seed_202/AS006_v7_4_6_gap_weaklink_scores.csv
AS006,crack_tunnel_a3_3_g0_4_p0_05,"tunnel/crack-like links, alpha=3.3, tau=0.4, p=0.05",tear_lane,crack_tunnel,conductance,3.3,1,0.4,0.05,0.969673202614379,0.4,0.0505446623093682,3.49967431007964e-07,3.76542555567366e-07,0.116366422765971,169.904228583718,0.211743543997033,0.279615067537468,0.309304069886345,0.152904957275169,0.0466893335526329,0.217980026178304,0.292390871161915,0.321347360748258,0.145978187297614,0.0526786442981363,240.942444568104,243.426217210454,202,v7.4.6,gap_tied_weak_links_phase3_seed,/Users/asewaket/Documents/LTSpice Superconducting Circuit/matlab_v7_4_6_files/outputs/v7_4_6_as006_gap_weaklink_v800_phase3_seed_202/AS006_v7_4_6_gap_weaklink_scores.csv
AS006,boundary_sns_a4_1_g0_05_p0_1,"SNS-like boundary constriction, alpha=4.1, tau=0.05, p=0.1",boundary_lane,boundary_constriction,conductance,4.1,0.999999999999997,0.05,0.1,0.879956427015252,0.05,0.12636165577342,7.27092212914418e-08,5.21350179847535e-07,0.153494376358642,135.360169310127,0.211833397970531,0.279352080260993,0.300251041770674,0.161814844030466,0.0521070314548985,0.269931258081525,0.397760712998486,0.410941483311504,0.146445545193098,0.0496910501226337,195.556348938017,203.514994038878,202,v7.4.6,gap_tied_weak_links_phase3_seed,/Users/asewaket/Documents/LTSpice Superconducting Circuit/matlab_v7_4_6_files/outputs/v7_4_6_as006_gap_weaklink_v800_phase3_seed_202/AS006_v7_4_6_gap_weaklink_scores.csv
AS006,boundary_sns_a4_1_g0_7_p0_3,"SNS-like boundary constriction, alpha=4.1, tau=0.7, p=0.3",boundary_lane,boundary_constriction,conductance,4.1,0.999999999999997,0.7,0.3,0.905228758169932,0.7,0.315904139433551,6.90218105680132e-07,4.8748553443124e-07,0.120454232052383,162.15734585793,0.212204931581054,0.286050173906344,0.307075357414742,0.152189679803475,0.0473555087687857,0.234399238770155,0.336298089696844,0.354505985536578,0.133839356261193,0.0480134341384277,229.756895877092,222.851674112151,202,v7.4.6,gap_tied_weak_links_phase3_seed,/Users/asewaket/Documents/LTSpice Superconducting Circuit/matlab_v7_4_6_files/outputs/v7_4_6_as006_gap_weaklink_v800_phase3_seed_202/AS006_v7_4_6_gap_weaklink_scores.csv
AS006,crack_tunnel_a3_7_g0_4_p0_05,"tunnel/crack-like links, alpha=3.7, tau=0.4, p=0.05",tear_lane,crack_tunnel,conductance,3.7,0,0.4,0.05,0.969673202614379,0.4,0.0505446623093682,3.92387725675596e-07,4.2218407745432e-07,0.130471443707301,169.904228583718,0.212428178695119,0.283420442010131,0.308595241981582,0.15344502078217,0.0468725020199844,0.218984551525702,0.297299722229656,0.321595346393267,0.145876845257907,0.0524851226382536,239.842322221812,243.626280453515,202,v7.4.6,gap_tied_weak_links_phase3_seed,/Users/asewaket/Documents/LTSpice Superconducting Circuit/matlab_v7_4_6_files/outputs/v7_4_6_as006_gap_weaklink_v800_phase3_seed_202/AS006_v7_4_6_gap_weaklink_scores.csv
AS006,boundary_sns_a3_7_g0_4_p0_1,"SNS-like boundary constriction, alpha=3.7, tau=0.4, p=0.1",boundary_lane,boundary_constriction,conductance,3.7,0,0.4,0.1,0.924183006535947,0.4,0.12636165577342,4.41054671705116e-07,4.33970247286406e-07,0.138519315250482,161.100100049982,0.212463129296215,0.283865509697282,0.307264416120509,0.154407787891819,0.0477276737081285,0.238905742530992,0.343048531073025,0.363025858578315,0.134575404811194,0.0479656730558899,225.615854716004,219.389693052893,202,v7.4.6,gap_tied_weak_links_phase3_seed,/Users/asewaket/Documents/LTSpice Superconducting Circuit/matlab_v7_4_6_files/outputs/v7_4_6_as006_gap_weaklink_v800_phase3_seed_202/AS006_v7_4_6_gap_weaklink_scores.csv
AS006,crack_tunnel_a4_1_g0_4_p0_05,"tunnel/crack-like links, alpha=4.1, tau=0.4, p=0.05",tear_lane,crack_tunnel,conductance,4.1,0.999999999999997,0.4,0.05,0.969673202614379,0.4,0.0505446623093682,4.34808020343228e-07,4.67825599341273e-07,0.144576464648631,169.904228583718,0.212731545989032,0.285288096691221,0.307327158684966,0.154475862358948,0.0474522776065652,0.219786256831029,0.300923362290598,0.321876954035779,0.145802110131238,0.0524706146378898,238.492265589163,243.50179946794,202,v7.4.6,gap_tied_weak_links_phase3_seed,/Users/asewaket/Documents/LTSpice Superconducting Circuit/matlab_v7_4_6_files/outputs/v7_4_6_as006_gap_weaklink_v800_phase3_seed_202/AS006_v7_4_6_gap_weaklink_scores.csv
AS006,combined_a4_1_g0_7_p0_2,"combined weak-link classes, alpha=4.1, tau=0.7, p=0.2",combined,boundary_constriction,conductance,4.1,0.999999999999997,0.7,0.2,0.939999999999999,0.7,0.2,7.14688645581319e-07,4.75204107369464e-07,0.135175423283871,169.600033076493,0.212951606494305,0.287008384886955,0.309038692736382,0.151372851480771,0.0477158709449355,0.221898730462003,0.309475607748291,0.330228511385884,0.139997740700723,0.047120973760523,240.710897817106,235.268344134472,202,v7.4.6,gap_tied_weak_links_phase3_seed,/Users/asewaket/Documents/LTSpice Superconducting Circuit/matlab_v7_4_6_files/outputs/v7_4_6_as006_gap_weaklink_v800_phase3_seed_202/AS006_v7_4_6_gap_weaklink_scores.csv
AS006,combined_a4_1_g0_7_p0_3,"combined weak-link classes, alpha=4.1, tau=0.7, p=0.3",combined,boundary_constriction,conductance,4.1,0.999999999999997,0.7,0.3,0.909934640522874,0.7,0.300217864923747,6.55494731940644e-07,4.87651958235748e-07,0.111168913747612,162.15734585793,0.21295460294108,0.287204116851338,0.309712886404665,0.150029978273984,0.0480338738034172,0.221398752920762,0.308520727831286,0.329851693748168,0.139502890758677,0.046853959264886,240.750276529381,236.270736441932,202,v7.4.6,gap_tied_weak_links_phase3_seed,/Users/asewaket/Documents/LTSpice Superconducting Circuit/matlab_v7_4_6_files/outputs/v7_4_6_as006_gap_weaklink_v800_phase3_seed_202/AS006_v7_4_6_gap_weaklink_scores.csv
AS006,contact_relaxed_a4_1_g0_1_p0_1,"contact-relaxed SNS links, alpha=4.1, tau=0.1, p=0.1",contact_relaxation,contact_relaxed,conductance,4.1,0.999999999999997,0.1,0.1,0.909803921568628,0.1,0.100217864923747,4.23986714206043e-08,5.54115873087705e-07,0.0434713717376025,141.666358767134,0.213345940987236,0.283480284631393,0.315078521492135,0.146517326807623,0.048715349184022,0.199578707012765,0.238957331295537,0.272239046407449,0.184477113590859,0.0519214805666804,275.952628272503,265.823999955196,202,v7.4.6,gap_tied_weak_links_phase3_seed,/Users/asewaket/Documents/LTSpice Superconducting Circuit/matlab_v7_4_6_files/outputs/v7_4_6_as006_gap_weaklink_v800_phase3_seed_202/AS006_v7_4_6_gap_weaklink_scores.csv
AS006,boundary_sns_a4_1_g0_4_p0_1,"SNS-like boundary constriction, alpha=4.1, tau=0.4, p=0.1",boundary_lane,boundary_constriction,conductance,4.1,0.999999999999997,0.4,0.1,0.924183006535947,0.4,0.12636165577342,4.88736257835398e-07,4.80885949695747e-07,0.153494376358642,161.100100049982,0.213349045613212,0.287445283872021,0.307999911122512,0.154032921675382,0.0477589476354148,0.239654436993837,0.346284979462172,0.363315300293676,0.134585783219836,0.0479532009682858,225.803290722116,219.622756788543,202,v7.4.6,gap_tied_weak_links_phase3_seed,/Users/asewaket/Documents/LTSpice Superconducting Circuit/matlab_v7_4_6_files/outputs/v7_4_6_as006_gap_weaklink_v800_phase3_seed_202/AS006_v7_4_6_gap_weaklink_scores.csv
AS006,contact_relaxed_a4_1_g0_2_p0_1,"contact-relaxed SNS links, alpha=4.1, tau=0.2, p=0.1",contact_relaxation,contact_relaxed,conductance,4.1,0.999999999999997,0.2,0.1,0.919825708061001,0.2,0.100217864923747,8.02417031617515e-08,5.24346635351301e-07,0.0434713717376025,149.709319719032,0.213394575866672,0.285462397974922,0.313503583075867,0.147479849404137,0.0485293992204977,0.20693507435628,0.266635195679581,0.295633973979924,0.160501267048024,0.0500541378269215,261.245829581687,252.791980013194,202,v7.4.6,gap_tied_weak_links_phase3_seed,/Users/asewaket/Documents/LTSpice Superconducting Circuit/matlab_v7_4_6_files/outputs/v7_4_6_as006_gap_weaklink_v800_phase3_seed_202/AS006_v7_4_6_gap_weaklink_scores.csv
AS006,boundary_sns_a4_1_g0_7_p0_2,"SNS-like boundary constriction, alpha=4.1, tau=0.7, p=0.2",boundary_lane,boundary_constriction,conductance,4.1,0.999999999999997,0.7,0.2,0.933594771241829,0.7,0.221350762527233,7.15423930610549e-07,4.77293184155128e-07,0.137816725479393,169.600033076493,0.21363114583137,0.288867810815258,0.30930809004961,0.152427180910129,0.0474647846171155,0.233959014379378,0.335508943037796,0.353233148604796,0.134726236617067,0.0477203230293661,230.924588712808,224.521800242242,202,v7.4.6,gap_tied_weak_links_phase3_seed,/Users/asewaket/Documents/LTSpice Superconducting Circuit/matlab_v7_4_6_files/outputs/v7_4_6_as006_gap_weaklink_v800_phase3_seed_202/AS006_v7_4_6_gap_weaklink_scores.csv
AS006,combined_a4_1_g0_7_p0_1,"combined weak-link classes, alpha=4.1, tau=0.7, p=0.1",combined,boundary_constriction,conductance,4.1,0.999999999999997,0.7,0.1,0.969934640522875,0.7,0.100217864923747,7.3346866634754e-07,4.66577611869892e-07,0.138095591061904,174.709627183226,0.213657263137558,0.288838271119168,0.31039532691579,0.1511012382945,0.0473796745978661,0.221414110097393,0.308709108697707,0.329119313607367,0.140822531857925,0.0463744781539604,241.032852780301,237.164137318109,202,v7.4.6,gap_tied_weak_links_phase3_seed,/Users/asewaket/Documents/LTSpice Superconducting Circuit/matlab_v7_4_6_files/outputs/v7_4_6_as006_gap_weaklink_v800_phase3_seed_202/AS006_v7_4_6_gap_weaklink_scores.csv
AS006,contact_relaxed_a3_3_g0_05_p0_1,"contact-relaxed SNS links, alpha=3.3, tau=0.05, p=0.1",contact_relaxation,contact_relaxed,conductance,3.3,1,0.05,0.1,0.904793028322441,0.05,0.100217864923747,1.78578091813112e-08,4.667738490092e-07,0.0349891528619728,135.360169310127,0.213752961699312,0.277274560379697,0.323806369729981,0.1416382751436,0.0477812571598947,0.195123045720847,0.215200121477187,0.260670608435197,0.200369831581433,0.0537792528886611,289.833809787801,276.701695803657,202,v7.4.6,gap_tied_weak_links_phase3_seed,/Users/asewaket/Documents/LTSpice Superconducting Circuit/matlab_v7_4_6_files/outputs/v7_4_6_as006_gap_weaklink_v800_phase3_seed_202/AS006_v7_4_6_gap_weaklink_scores.csv
AS006,contact_relaxed_a4_1_g0_05_p0_1,"contact-relaxed SNS links, alpha=4.1, tau=0.05, p=0.1",contact_relaxation,contact_relaxed,conductance,4.1,0.999999999999997,0.05,0.1,0.904793028322441,0.05,0.100217864923747,2.21869750434473e-08,5.79931145738702e-07,0.0434713717376025,135.360169310127,0.213798353850566,0.283724806394461,0.317078105068733,0.145512461823932,0.0484897017081741,0.197522541940242,0.226696365872697,0.261432119851179,0.199710068272073,0.0537725487488598,284.966832704684,273.036040950243,202,v7.4.6,gap_tied_weak_links_phase3_seed,/Users/asewaket/Documents/LTSpice Superconducting Circuit/matlab_v7_4_6_files/outputs/v7_4_6_as006_gap_weaklink_v800_phase3_seed_202/AS006_v7_4_6_gap_weaklink_scores.csv
AS006,boundary_sns_a3_7_g0_7_p0_3,"SNS-like boundary constriction, alpha=3.7, tau=0.7, p=0.3",boundary_lane,boundary_constriction,conductance,3.7,0,0.7,0.3,0.905228758169932,0.7,0.315904139433551,6.2287975390646e-07,4.39925970096485e-07,0.108702599657029,162.15734585793,0.21390472380748,0.289228691555395,0.312771617833641,0.148351993450681,0.0475046044597841,0.23361514476796,0.332871618824337,0.354223206249565,0.13383357602067,0.0480215240528882,232.360167977518,225.571902313558,202,v7.4.6,gap_tied_weak_links_phase3_seed,/Users/asewaket/Documents/LTSpice Superconducting Circuit/matlab_v7_4_6_files/outputs/v7_4_6_as006_gap_weaklink_v800_phase3_seed_202/AS006_v7_4_6_gap_weaklink_scores.csv
AS006,contact_relaxed_a3_7_g0_1_p0_1,"contact-relaxed SNS links, alpha=3.7, tau=0.1, p=0.1",contact_relaxation,contact_relaxed,conductance,3.7,0,0.1,0.1,0.909803921568628,0.1,0.100217864923747,3.82622156722527e-08,5.00055787908417e-07,0.0392302622997876,141.666358767134,0.213993587057113,0.282832790164972,0.319466244485656,0.14388434815951,0.0482137820713106,0.198505275533342,0.234025720131973,0.271787594760818,0.184780577729703,0.0518966445411767,278.935209272511,268.073672008407,202,v7.4.6,gap_tied_weak_links_phase3_seed,/Users/asewaket/Documents/LTSpice Superconducting Circuit/matlab_v7_4_6_files/outputs/v7_4_6_as006_gap_weaklink_v800_phase3_seed_202/AS006_v7_4_6_gap_weaklink_scores.csv
AS006,contact_relaxed_a3_7_g0_05_p0_1,"contact-relaxed SNS links, alpha=3.7, tau=0.05, p=0.1",contact_relaxation,contact_relaxed,conductance,3.7,0,0.05,0.1,0.904793028322441,0.05,0.100217864923747,2.00223921123793e-08,5.23352497373951e-07,0.0392302622997876,135.360169310127,0.214036341870813,0.281736449568295,0.320682176781056,0.143387700231922,0.0480168251290211,0.196499778828734,0.221786764634888,0.261089678381333,0.200025284285873,0.0537735869841111,287.575215292068,274.886832561412,202,v7.4.6,gap_tied_weak_links_phase3_seed,/Users/asewaket/Documents/LTSpice Superconducting Circuit/matlab_v7_4_6_files/outputs/v7_4_6_as006_gap_weaklink_v800_phase3_seed_202/AS006_v7_4_6_gap_weaklink_scores.csv
AS006,contact_relaxed_a3_3_g0_1_p0_1,"contact-relaxed SNS links, alpha=3.3, tau=0.1, p=0.1",contact_relaxation,contact_relaxed,conductance,3.3,1,0.1,0.1,0.909803921568628,0.1,0.100217864923747,3.4125759923901e-08,4.45995702729129e-07,0.0349891528619728,141.666358767134,0.214090403438674,0.279789129335384,0.323263579192945,0.141764550366246,0.0477459363125262,0.197079134173315,0.227432570550592,0.271227181831883,0.185159897299816,0.0518656604854189,281.699127081373,270.081165172171,202,v7.4.6,gap_tied_weak_links_phase3_seed,/Users/asewaket/Documents/LTSpice Superconducting Circuit/matlab_v7_4_6_files/outputs/v7_4_6_as006_gap_weaklink_v800_phase3_seed_202/AS006_v7_4_6_gap_weaklink_scores.csv
AS006,combined_a3_7_g0_7_p0_2,"combined weak-link classes, alpha=3.7, tau=0.7, p=0.2",combined,boundary_constriction,conductance,3.7,0,0.7,0.2,0.939999999999999,0.7,0.2,6.4496292406119e-07,4.28842731040735e-07,0.121987577109835,169.600033076493,0.214196684456171,0.288892289450977,0.313710072852138,0.148247759369439,0.0477888061268379,0.221065881012075,0.305903135283266,0.329869959548351,0.140046557398656,0.0470956438191759,243.041126394636,237.655042742296,202,v7.4.6,gap_tied_weak_links_phase3_seed,/Users/asewaket/Documents/LTSpice Superconducting Circuit/matlab_v7_4_6_files/outputs/v7_4_6_as006_gap_weaklink_v800_phase3_seed_202/AS006_v7_4_6_gap_weaklink_scores.csv
AS006,boundary_sns_a4_1_g0_05_p0_05,"SNS-like boundary constriction, alpha=4.1, tau=0.05, p=0.05",boundary_lane,boundary_constriction,conductance,4.1,0.999999999999997,0.05,0.05,0.939978213507626,0.05,0.0631808278867102,6.46307151282175e-08,4.87474194111715e-07,0.159773063321334,157.212198070485,0.214477616566456,0.29079963505628,0.310327658116396,0.153420972914805,0.0467388299288017,0.252000360037858,0.369433776905653,0.384410742514095,0.13699372631124,0.0466070659949221,217.157429236997,212.120049641844,202,v7.4.6,gap_tied_weak_links_phase3_seed,/Users/asewaket/Documents/LTSpice Superconducting Circuit/matlab_v7_4_6_files/outputs/v7_4_6_as006_gap_weaklink_v800_phase3_seed_202/AS006_v7_4_6_gap_weaklink_scores.csv
AS006,combined_a3_7_g0_7_p0_3,"combined weak-link classes, alpha=3.7, tau=0.7, p=0.3",combined,boundary_constriction,conductance,3.7,0,0.7,0.3,0.909934640522874,0.7,0.300217864923747,5.91544026385459e-07,4.4007615743226e-07,0.100323166064918,162.15734585793,0.214509526529761,0.289723074843609,0.315027986950496,0.146669389783452,0.0481888434125118,0.220568877004483,0.304939226985232,0.329502528457802,0.139552153348771,0.0468355415500684,243.326493328499,238.991256658408,202,v7.4.6,gap_tied_weak_links_phase3_seed,/Users/asewaket/Documents/LTSpice Superconducting Circuit/matlab_v7_4_6_files/outputs/v7_4_6_as006_gap_weaklink_v800_phase3_seed_202/AS006_v7_4_6_gap_weaklink_scores.csv
AS006,boundary_sns_a3_3_g0_05_p0_05,"SNS-like boundary constriction, alpha=3.3, tau=0.05, p=0.05",boundary_lane,boundary_constriction,conductance,3.3,1,0.05,0.05,0.939978213507626,0.05,0.0631808278867102,5.20198438836872e-08,3.92357278187478e-07,0.128597831453756,157.212198070485,0.214611399455159,0.287657393849996,0.3133427785199,0.151171455230933,0.0480854219773082,0.250250066623829,0.362040332389279,0.383763888403561,0.136890966682248,0.0465094876708229,217.4808788257,214.88086423701,202,v7.4.6,gap_tied_weak_links_phase3_seed,/Users/asewaket/Documents/LTSpice Superconducting Circuit/matlab_v7_4_6_files/outputs/v7_4_6_as006_gap_weaklink_v800_phase3_seed_202/AS006_v7_4_6_gap_weaklink_scores.csv
AS006,contact_relaxed_a3_7_g0_2_p0_1,"contact-relaxed SNS links, alpha=3.7, tau=0.2, p=0.1",contact_relaxation,contact_relaxed,conductance,3.7,0,0.2,0.1,0.919825708061001,0.2,0.100217864923747,7.24132443167026e-08,4.73190866048735e-07,0.0392302622997876,149.709319719032,0.214618082125608,0.286515313826759,0.318625128234643,0.144427252507096,0.0484470567567832,0.205902476067292,0.262060611644451,0.295131413776101,0.160739372052892,0.0500475795177163,264.186580459012,255.55059646919,202,v7.4.6,gap_tied_weak_links_phase3_seed,/Users/asewaket/Documents/LTSpice Superconducting Circuit/matlab_v7_4_6_files/outputs/v7_4_6_as006_gap_weaklink_v800_phase3_seed_202/AS006_v7_4_6_gap_weaklink_scores.csv
AS006,boundary_sns_a3_3_g0_1_p0_05,"SNS-like boundary constriction, alpha=3.3, tau=0.1, p=0.05",boundary_lane,boundary_constriction,conductance,3.3,1,0.1,0.05,0.943137254901961,0.1,0.0631808278867102,1.02565563673294e-07,3.86798021622259e-07,0.128597831453756,159.471731199922,0.21462295911855,0.28803559596344,0.313814294106987,0.150633843116446,0.0476118810465263,0.248146654651258,0.357880524411429,0.380013259088891,0.136223270669293,0.0475504571026866,220.853349576256,215.168120950848,202,v7.4.6,gap_tied_weak_links_phase3_seed,/Users/asewaket/Documents/LTSpice Superconducting Circuit/matlab_v7_4_6_files/outputs/v7_4_6_as006_gap_weaklink_v800_phase3_seed_202/AS006_v7_4_6_gap_weaklink_scores.csv
AS006,combined_a3_3_g0_7_p0_2,"combined weak-link classes, alpha=3.3, tau=0.7, p=0.2",combined,boundary_constriction,conductance,3.3,1,0.7,0.2,0.939999999999999,0.7,0.2,5.75237202541062e-07,3.82481354712007e-07,0.108799730935799,169.600033076493,0.214653214686947,0.287939411406762,0.316927350301349,0.146257339955803,0.047882124055856,0.219998247445058,0.30108792141572,0.329496913449122,0.140118404321291,0.0471357118719915,244.71975996573,239.351882983062,202,v7.4.6,gap_tied_weak_links_phase3_seed,/Users/asewaket/Documents/LTSpice Superconducting Circuit/matlab_v7_4_6_files/outputs/v7_4_6_as006_gap_weaklink_v800_phase3_seed_202/AS006_v7_4_6_gap_weaklink_scores.csv
AS006,boundary_sns_a4_1_g0_1_p0_05,"SNS-like boundary constriction, alpha=4.1, tau=0.1, p=0.05",boundary_lane,boundary_constriction,conductance,4.1,0.999999999999997,0.1,0.05,0.943137254901961,0.1,0.0631808278867102,1.27429942745607e-07,4.8056723898523e-07,0.159773063321334,159.471731199922,0.214751096350964,0.291707379870448,0.311198892874348,0.152554346204444,0.046757106598707,0.249839702223545,0.36527990466781,0.380580223798001,0.136298615431791,0.0475299455136729,220.161392659042,213.182750023687,202,v7.4.6,gap_tied_weak_links_phase3_seed,/Users/asewaket/Documents/LTSpice Superconducting Circuit/matlab_v7_4_6_files/outputs/v7_4_6_as006_gap_weaklink_v800_phase3_seed_202/AS006_v7_4_6_gap_weaklink_scores.csv
AS006,boundary_sns_a3_7_g0_05_p0_05,"SNS-like boundary constriction, alpha=3.7, tau=0.05, p=0.05",boundary_lane,boundary_constriction,conductance,3.7,0,0.05,0.05,0.939978213507626,0.05,0.0631808278867102,5.83252795059524e-08,4.39915736149597e-07,0.144185447387545,157.212198070485,0.214770435094872,0.290312037992598,0.312264516851869,0.151961431424555,0.0471254437102966,0.251255792155412,0.366399009912322,0.38409992036373,0.136947262468491,0.0465210121425952,217.571460914753,213.613003340503,202,v7.4.6,gap_tied_weak_links_phase3_seed,/Users/asewaket/Documents/LTSpice Superconducting Circuit/matlab_v7_4_6_files/outputs/v7_4_6_as006_gap_weaklink_v800_phase3_seed_202/AS006_v7_4_6_gap_weaklink_scores.csv
AS006,combined_a3_7_g0_7_p0_1,"combined weak-link classes, alpha=3.7, tau=0.7, p=0.1",combined,boundary_constriction,conductance,3.7,0,0.7,0.1,0.969934640522875,0.7,0.100217864923747,6.61910747679487e-07,4.21057844858195e-07,0.124622850470499,174.709627183226,0.214868042512774,0.2906184162123,0.315035466904307,0.148035226752187,0.0473656958287987,0.220614490219954,0.305170164210042,0.328842846321785,0.140845655628316,0.046370236291208,243.397330491298,239.442170009318,202,v7.4.6,gap_tied_weak_links_phase3_seed,/Users/asewaket/Documents/LTSpice Superconducting Circuit/matlab_v7_4_6_files/outputs/v7_4_6_as006_gap_weaklink_v800_phase3_seed_202/AS006_v7_4_6_gap_weaklink_scores.csv
AS006,boundary_sns_a3_3_g0_7_p0_3,"SNS-like boundary constriction, alpha=3.3, tau=0.7, p=0.3",boundary_lane,boundary_constriction,conductance,3.3,1,0.7,0.3,0.905228758169932,0.7,0.315904139433551,5.55541402132789e-07,3.9236640576173e-07,0.0969509672616743,162.15734585793,0.21489668103117,0.289664918877827,0.317108102386478,0.1457253543592,0.0477226141526889,0.23260516461811,0.328246285296677,0.353947980786661,0.133822724937618,0.0480921652451912,234.351796325102,227.691701416622,202,v7.4.6,gap_tied_weak_links_phase3_seed,/Users/asewaket/Documents/LTSpice Superconducting Circuit/matlab_v7_4_6_files/outputs/v7_4_6_as006_gap_weaklink_v800_phase3_seed_202/AS006_v7_4_6_gap_weaklink_scores.csv
AS006,crack_tunnel_a4_1_g0_7_p0_2,"tunnel/crack-like links, alpha=4.1, tau=0.7, p=0.2",tear_lane,crack_tunnel,conductance,4.1,0.999999999999997,0.7,0.2,0.93986928104575,0.7,0.200435729847495,6.20078395899321e-07,4.6481625704316e-07,0.10785583242585,169.600033076493,0.21492758394365,0.292043937899381,0.314502518646014,0.146996866257171,0.0484684913668799,0.213803268195103,0.290430923427113,0.312875117189212,0.147807282529642,0.046294859305228,249.289977686878,248.27444974009,202,v7.4.6,gap_tied_weak_links_phase3_seed,/Users/asewaket/Documents/LTSpice Superconducting Circuit/matlab_v7_4_6_files/outputs/v7_4_6_as006_gap_weaklink_v800_phase3_seed_202/AS006_v7_4_6_gap_weaklink_scores.csv
AS006,crack_tunnel_a4_1_g0_7_p0_3,"tunnel/crack-like links, alpha=4.1, tau=0.7, p=0.3",tear_lane,crack_tunnel,conductance,4.1,0.999999999999997,0.7,0.3,0.909934640522874,0.7,0.300217864923747,5.8704955793638e-07,4.71328507166161e-07,0.098562833477876,162.15734585793,0.214929365235516,0.292559274936779,0.315132819751161,0.145706574009844,0.0484718991639675,0.213038484438107,0.289017215846875,0.311652015004763,0.147594675483832,0.0462908357305338,250.205539156226,249.152501321914,202,v7.4.6,gap_tied_weak_links_phase3_seed,/Users/asewaket/Documents/LTSpice Superconducting Circuit/matlab_v7_4_6_files/outputs/v7_4_6_as006_gap_weaklink_v800_phase3_seed_202/AS006_v7_4_6_gap_weaklink_scores.csv
AS006,contact_relaxed_a4_1_g0_4_p0_1,"contact-relaxed SNS links, alpha=4.1, tau=0.4, p=0.1",contact_relaxation,contact_relaxed,conductance,4.1,0.999999999999997,0.4,0.1,0.939869281045751,0.4,0.100217864923747,1.49136230079501e-07,4.88856000111068e-07,0.0434713717376025,161.100100049982,0.215041513407184,0.291667610987964,0.315411174394351,0.146770487359962,0.0481072916578907,0.219462216024456,0.302262413259821,0.325458032402864,0.141575571653672,0.0485276455903582,246.754867988896,239.714417038227,202,v7.4.6,gap_tied_weak_links_phase3_seed,/Users/asewaket/Documents/LTSpice Superconducting Circuit/matlab_v7_4_6_files/outputs/v7_4_6_as006_gap_weaklink_v800_phase3_seed_202/AS006_v7_4_6_gap_weaklink_scores.csv
AS006,boundary_sns_a3_7_g0_1_p0_05,"SNS-like boundary constriction, alpha=3.7, tau=0.1, p=0.05",boundary_lane,boundary_constriction,conductance,3.7,0,0.1,0.05,0.943137254901961,0.1,0.0631808278867102,1.1499775320945e-07,4.33682630303745e-07,0.144185447387545,159.471731199922,0.215069674117593,0.291324584021961,0.31327218841637,0.151054869170082,0.0469788703747543,0.249122360769603,0.362240202537821,0.380300790650382,0.136267203968301,0.0475112127116485,220.942605392069,214.40759134234,202,v7.4.6,gap_tied_weak_links_phase3_seed,/Users/asewaket/Documents/LTSpice Superconducting Circuit/matlab_v7_4_6_files/outputs/v7_4_6_as006_gap_weaklink_v800_phase3_seed_202/AS006_v7_4_6_gap_weaklink_scores.csv
AS006,boundary_sns_a3_7_g0_7_p0_2,"SNS-like boundary constriction, alpha=3.7, tau=0.7, p=0.2",boundary_lane,boundary_constriction,conductance,3.7,0,0.7,0.2,0.933594771241829,0.7,0.221350762527233,6.45626473965618e-07,4.30727995457067e-07,0.124371191286282,169.600033076493,0.215145865395286,0.291591131002148,0.31450270735511,0.148933558422879,0.0475915100742438,0.233198486899589,0.332183228532659,0.352959847764885,0.134726798142087,0.0477209746991285,233.337990754836,227.033249979561,202,v7.4.6,gap_tied_weak_links_phase3_seed,/Users/asewaket/Documents/LTSpice Superconducting Circuit/matlab_v7_4_6_files/outputs/v7_4_6_as006_gap_weaklink_v800_phase3_seed_202/AS006_v7_4_6_gap_weaklink_scores.csv
AS006,combined_a3_3_g0_7_p0_3,"combined weak-link classes, alpha=3.3, tau=0.7, p=0.3",combined,boundary_constriction,conductance,3.3,1,0.7,0.3,0.909934640522874,0.7,0.300217864923747,5.27593320830274e-07,3.92500356628772e-07,0.0894774183822242,162.15734585793,0.215151870511669,0.289278201421623,0.318557276859796,0.144599023786593,0.0482571368988379,0.219491722852916,0.300236608664811,0.329049761655943,0.139638131112774,0.0468372588109018,245.182042674629,240.876217053763,202,v7.4.6,gap_tied_weak_links_phase3_seed,/Users/asewaket/Documents/LTSpice Superconducting Circuit/matlab_v7_4_6_files/outputs/v7_4_6_as006_gap_weaklink_v800_phase3_seed_202/AS006_v7_4_6_gap_weaklink_scores.csv
AS006,combined_a3_3_g0_7_p0_1,"combined weak-link classes, alpha=3.3, tau=0.7, p=0.1",combined,boundary_constriction,conductance,3.3,1,0.7,0.1,0.969934640522875,0.7,0.100217864923747,5.90352829011435e-07,3.75538077846498e-07,0.111150109879094,174.709627183226,0.215213132985327,0.289334605669996,0.318063978198038,0.146174906988754,0.0474004636741283,0.219586227749849,0.300353602832878,0.328581646006994,0.140876417928212,0.0464641329938648,245.016040162082,240.937719020666,202,v7.4.6,gap_tied_weak_links_phase3_seed,/Users/asewaket/Documents/LTSpice Superconducting Circuit/matlab_v7_4_6_files/outputs/v7_4_6_as006_gap_weaklink_v800_phase3_seed_202/AS006_v7_4_6_gap_weaklink_scores.csv
AS006,combined_a4_1_g0_7_p0_05,"combined weak-link classes, alpha=4.1, tau=0.7, p=0.05",combined,boundary_constriction,conductance,4.1,0.999999999999997,0.7,0.05,0.984967320261438,0.7,0.0501089324618736,7.80570107219894e-07,4.58598006433028e-07,0.144486026702479,178.678536733506,0.215303537074158,0.293043410408199,0.3138621910979,0.149379284774044,0.04749133457371,0.222051992573813,0.310224938266726,0.330074753474125,0.140801516857927,0.0464023099502093,241.247501892659,239.280075732808,202,v7.4.6,gap_tied_weak_links_phase3_seed,/Users/asewaket/Documents/LTSpice Superconducting Circuit/matlab_v7_4_6_files/outputs/v7_4_6_as006_gap_weaklink_v800_phase3_seed_202/AS006_v7_4_6_gap_weaklink_scores.csv
AS006,boundary_sns_a3_3_g0_2_p0_05,"SNS-like boundary constriction, alpha=3.3, tau=0.2, p=0.05",boundary_lane,boundary_constriction,conductance,3.3,1,0.2,0.05,0.949455337690632,0.2,0.0631808278867102,2.00318552463101e-07,3.77770364686592e-07,0.128597831453756,163.302977176702,0.215509181809126,0.290383368205301,0.316150560636403,0.148928737309393,0.0477381380898824,0.243957456052295,0.350275777530209,0.373060170500835,0.135127366490228,0.0477469962420193,224.986053818877,219.068389036649,202,v7.4.6,gap_tied_weak_links_phase3_seed,/Users/asewaket/Documents/LTSpice Superconducting Circuit/matlab_v7_4_6_files/outputs/v7_4_6_as006_gap_weaklink_v800_phase3_seed_202/AS006_v7_4_6_gap_weaklink_scores.csv
AS006,crack_tunnel_a3_3_g0_7_p0_2,"tunnel/crack-like links, alpha=3.3, tau=0.7, p=0.2",tear_lane,crack_tunnel,conductance,3.3,1,0.7,0.2,0.93986928104575,0.7,0.200435729847495,4.9908748938238e-07,3.74120402010348e-07,0.0868107919525136,169.600033076493,0.215549380208137,0.289916287867481,0.32014976952124,0.143654116708555,0.0480008706253411,0.211984747261976,0.281961623037433,0.312357264658961,0.147946856613077,0.046403329352917,252.684326329425,250.915871445612,202,v7.4.6,gap_tied_weak_links_phase3_seed,/Users/asewaket/Documents/LTSpice Superconducting Circuit/matlab_v7_4_6_files/outputs/v7_4_6_as006_gap_weaklink_v800_phase3_seed_202/AS006_v7_4_6_gap_weaklink_scores.csv
AS006,crack_tunnel_a4_1_g0_7_p0_1,"tunnel/crack-like links, alpha=4.1, tau=0.7, p=0.1",tear_lane,crack_tunnel,conductance,4.1,0.999999999999997,0.7,0.1,0.969934640522875,0.7,0.100217864923747,6.77828077868119e-07,4.63491061189583e-07,0.132300144682082,174.709627183226,0.215586769716414,0.293555388806518,0.314659645297722,0.148439465027424,0.0481747492202597,0.220945620356371,0.307512760276168,0.327824817867073,0.141383025609451,0.0467931282264935,241.591522578691,241.805396332645,202,v7.4.6,gap_tied_weak_links_phase3_seed,/Users/asewaket/Documents/LTSpice Superconducting Circuit/matlab_v7_4_6_files/outputs/v7_4_6_as006_gap_weaklink_v800_phase3_seed_202/AS006_v7_4_6_gap_weaklink_scores.csv
AS006,boundary_sns_a4_1_g0_2_p0_05,"SNS-like boundary constriction, alpha=4.1, tau=0.2, p=0.05",boundary_lane,boundary_constriction,conductance,4.1,0.999999999999997,0.2,0.05,0.949455337690632,0.2,0.0631808278867102,2.4888062578749e-07,4.69351059156069e-07,0.159773063321334,163.302977176702,0.215596197476937,0.293920487159336,0.313339502974533,0.150858283913354,0.0471435151282246,0.245641733760308,0.357722714118791,0.373614845382501,0.13517200774293,0.0476949655847082,223.89982637503,217.273690305264,202,v7.4.6,gap_tied_weak_links_phase3_seed,/Users/asewaket/Documents/LTSpice Superconducting Circuit/matlab_v7_4_6_files/outputs/v7_4_6_as006_gap_weaklink_v800_phase3_seed_202/AS006_v7_4_6_gap_weaklink_scores.csv
AS006,contact_relaxed_a3_3_g0_2_p0_1,"contact-relaxed SNS links, alpha=3.3, tau=0.2, p=0.1",contact_relaxation,contact_relaxed,conductance,3.3,1,0.2,0.1,0.919825708061001,0.2,0.100217864923747,6.45847854716537e-08,4.22035096746169e-07,0.0349891528619728,149.709319719032,0.215613323286784,0.286079328745519,0.32386778814885,0.141654515104585,0.0481505145471823,0.204538729078981,0.255942466645087,0.294525794256546,0.161041786066917,0.0500288062172161,267.406977231615,258.3062180392,202,v7.4.6,gap_tied_weak_links_phase3_seed,/Users/asewaket/Documents/LTSpice Superconducting Circuit/matlab_v7_4_6_files/outputs/v7_4_6_as006_gap_weaklink_v800_phase3_seed_202/AS006_v7_4_6_gap_weaklink_scores.csv
AS006,crack_tunnel_a3_7_g0_7_p0_2,"tunnel/crack-like links, alpha=3.7, tau=0.7, p=0.2",tear_lane,crack_tunnel,conductance,3.7,0,0.7,0.2,0.93986928104575,0.7,0.200435729847495,5.5958294264085e-07,4.19468329526754e-07,0.0973333121891819,169.600033076493,0.215818904568303,0.292741523149402,0.318401466192992,0.144683017689285,0.0482966617427691,0.213000674274765,0.286815421681542,0.312609268366212,0.147863791919519,0.0462919901520151,251.441744230156,250.184721088085,202,v7.4.6,gap_tied_weak_links_phase3_seed,/Users/asewaket/Documents/LTSpice Superconducting Circuit/matlab_v7_4_6_files/outputs/v7_4_6_as006_gap_weaklink_v800_phase3_seed_202/AS006_v7_4_6_gap_weaklink_scores.csv
AS006,boundary_sns_a3_3_g0_7_p0_2,"SNS-like boundary constriction, alpha=3.3, tau=0.7, p=0.2",boundary_lane,boundary_constriction,conductance,3.3,1,0.7,0.2,0.933594771241829,0.7,0.221350762527233,5.75829017320686e-07,3.84162806759005e-07,0.11092565709317,169.600033076493,0.215937438910709,0.291568332619748,0.318342395827821,0.146592351863012,0.0477792294063436,0.232210447361546,0.32763453847801,0.352697126036183,0.134725992080312,0.0477902376660087,235.138475243188,228.929239422438,202,v7.4.6,gap_tied_weak_links_phase3_seed,/Users/asewaket/Documents/LTSpice Superconducting Circuit/matlab_v7_4_6_files/outputs/v7_4_6_as006_gap_weaklink_v800_phase3_seed_202/AS006_v7_4_6_gap_weaklink_scores.csv
AS006,crack_tunnel_a3_3_g0_7_p0_3,"tunnel/crack-like links, alpha=3.3, tau=0.7, p=0.3",tear_lane,crack_tunnel,conductance,3.3,1,0.7,0.3,0.909934640522874,0.7,0.300217864923747,4.72503302729282e-07,3.7936196918252e-07,0.079331061091949,162.15734585793,0.215954185592781,0.291099330162759,0.321450848768125,0.142087607575042,0.0485231029881256,0.211153102260618,0.280470129171992,0.311022468236619,0.147693131079422,0.0463896488677362,253.650046832633,252.506628950321,202,v7.4.6,gap_tied_weak_links_phase3_seed,/Users/asewaket/Documents/LTSpice Superconducting Circuit/matlab_v7_4_6_files/outputs/v7_4_6_as006_gap_weaklink_v800_phase3_seed_202/AS006_v7_4_6_gap_weaklink_scores.csv
AS006,boundary_sns_a3_7_g0_2_p0_05,"SNS-like boundary constriction, alpha=3.7, tau=0.2, p=0.05",boundary_lane,boundary_constriction,conductance,3.7,0,0.2,0.05,0.949455337690632,0.2,0.0631808278867102,2.24599589125295e-07,4.23560711921331e-07,0.144185447387545,163.302977176702,0.21597330986524,0.293633664128025,0.315540295814179,0.149360663184516,0.0473365385427159,0.244923812376572,0.354643424614125,0.373337018793411,0.135153378466866,0.0476941312966803,224.840879077246,218.477157538103,202,v7.4.6,gap_tied_weak_links_phase3_seed,/Users/asewaket/Documents/LTSpice Superconducting Circuit/matlab_v7_4_6_files/outputs/v7_4_6_as006_gap_weaklink_v800_phase3_seed_202/AS006_v7_4_6_gap_weaklink_scores.csv
AS006,crack_tunnel_a3_7_g0_7_p0_3,"tunnel/crack-like links, alpha=3.7, tau=0.7, p=0.3",tear_lane,crack_tunnel,conductance,3.7,0,0.7,0.3,0.909934640522874,0.7,0.300217864923747,5.29776430332831e-07,4.2534523817434e-07,0.0889469472849125,162.15734585793,0.216090065025642,0.29373415850299,0.31950370710529,0.143212923415231,0.0485685249219221,0.212213449950385,0.285383936284159,0.311346020612503,0.147634266736072,0.0462849439757975,252.446469768346,251.4701720545,202,v7.4.6,gap_tied_weak_links_phase3_seed,/Users/asewaket/Documents/LTSpice Superconducting Circuit/matlab_v7_4_6_files/outputs/v7_4_6_as006_gap_weaklink_v800_phase3_seed_202/AS006_v7_4_6_gap_weaklink_scores.csv
AS006,crack_tunnel_a3_3_g0_7_p0_1,"tunnel/crack-like links, alpha=3.3, tau=0.7, p=0.1",tear_lane,crack_tunnel,conductance,3.3,1,0.7,0.1,0.969934640522875,0.7,0.100217864923747,5.4556894072312e-07,3.73053780957469e-07,0.106485482305091,174.709627183226,0.216221774067221,0.292063892246441,0.320295885716417,0.145024583554483,0.0472464486428325,0.219201206293359,0.299419334490468,0.327307849781045,0.141519794560612,0.0468982166587345,245.29668678112,243.961128128652,202,v7.4.6,gap_tied_weak_links_phase3_seed,/Users/asewaket/Documents/LTSpice Superconducting Circuit/matlab_v7_4_6_files/outputs/v7_4_6_as006_gap_weaklink_v800_phase3_seed_202/AS006_v7_4_6_gap_weaklink_scores.csv
AS006,boundary_sns_a4_1_g0_7_p0_1,"SNS-like boundary constriction, alpha=4.1, tau=0.7, p=0.1",boundary_lane,boundary_constriction,conductance,4.1,0.999999999999997,0.7,0.1,0.962091503267973,0.7,0.12636165577342,7.88663208108935e-07,4.67333499180718e-07,0.153494376358642,174.709627183226,0.21637085583837,0.296037528879634,0.31585529205938,0.148333679896428,0.0476528893377659,0.232212113631085,0.332057168403908,0.349993899717193,0.135212976502519,0.0474978546182793,235.091227873386,229.133556382969,202,v7.4.6,gap_tied_weak_links_phase3_seed,/Users/asewaket/Documents/LTSpice Superconducting Circuit/matlab_v7_4_6_files/outputs/v7_4_6_as006_gap_weaklink_v800_phase3_seed_202/AS006_v7_4_6_gap_weaklink_scores.csv
AS006,crack_tunnel_a3_7_g0_7_p0_1,"tunnel/crack-like links, alpha=3.7, tau=0.7, p=0.1",tear_lane,crack_tunnel,conductance,3.7,0,0.7,0.1,0.969934640522875,0.7,0.100217864923747,6.1169850929562e-07,4.18272421073526e-07,0.119392813493586,174.709627183226,0.216408491110192,0.294429087559208,0.318422772188199,0.146119807119749,0.0477237577627165,0.220172354049777,0.3040578336788,0.327554027618845,0.141434557245948,0.0467911916796735,243.822844353916,243.412101267137,202,v7.4.6,gap_tied_weak_links_phase3_seed,/Users/asewaket/Documents/LTSpice Superconducting Circuit/matlab_v7_4_6_files/outputs/v7_4_6_as006_gap_weaklink_v800_phase3_seed_202/AS006_v7_4_6_gap_weaklink_scores.csv
AS006,contact_relaxed_a4_1_g0_7_p0_2,"contact-relaxed SNS links, alpha=4.1, tau=0.7, p=0.2",contact_relaxation,contact_relaxed,conductance,4.1,0.999999999999997,0.7,0.2,0.939999999999999,0.7,0.2,2.84576559256199e-07,4.69641950465108e-07,0.0488097928089326,169.600033076493,0.216446474883526,0.295641625360745,0.318072872497089,0.145747333918719,0.0477790547885811,0.218768383176503,0.301276021699761,0.323442686695355,0.142991597816629,0.047801695195096,248.759404441609,242.151353547834,202,v7.4.6,gap_tied_weak_links_phase3_seed,/Users/asewaket/Documents/LTSpice Superconducting Circuit/matlab_v7_4_6_files/outputs/v7_4_6_as006_gap_weaklink_v800_phase3_seed_202/AS006_v7_4_6_gap_weaklink_scores.csv
AS006,contact_relaxed_a4_1_g0_7_p0_3,"contact-relaxed SNS links, alpha=4.1, tau=0.7, p=0.3",contact_relaxation,contact_relaxed,conductance,4.1,0.999999999999997,0.7,0.3,0.909934640522874,0.7,0.300217864923747,3.27980325088543e-07,4.79521800754485e-07,0.0522053333487643,162.15734585793,0.216561772380854,0.295804158874444,0.319012536962456,0.144678978368078,0.0478840403854285,0.213111739578616,0.287238132577778,0.310823090531634,0.149398061814226,0.047632579617162,255.222088237791,248.830715691348,202,v7.4.6,gap_tied_weak_links_phase3_seed,/Users/asewaket/Documents/LTSpice Superconducting Circuit/matlab_v7_4_6_files/outputs/v7_4_6_as006_gap_weaklink_v800_phase3_seed_202/AS006_v7_4_6_gap_weaklink_scores.csv
AS006,combined_a3_7_g0_7_p0_05,"combined weak-link classes, alpha=3.7, tau=0.7, p=0.05",combined,boundary_constriction,conductance,3.7,0,0.7,0.05,0.984967320261438,0.7,0.0501089324618736,7.04416926027709e-07,4.13856737512732e-07,0.130389828975408,178.678536733506,0.216652304476148,0.295185630294818,0.318733883288328,0.146365895887722,0.0473342264716963,0.221292505779652,0.306848207810574,0.329809982121817,0.140831848035161,0.0464070423305567,243.839677781526,241.559638609301,202,v7.4.6,gap_tied_weak_links_phase3_seed,/Users/asewaket/Documents/LTSpice Superconducting Circuit/matlab_v7_4_6_files/outputs/v7_4_6_as006_gap_weaklink_v800_phase3_seed_202/AS006_v7_4_6_gap_weaklink_scores.csv
AS006,contact_relaxed_a4_1_g0_2_p0_05,"contact-relaxed SNS links, alpha=4.1, tau=0.2, p=0.05",contact_relaxation,contact_relaxed,conductance,4.1,0.999999999999997,0.2,0.05,0.959564270152505,0.2,0.0505446623093682,6.40863004495782e-08,4.93805712763407e-07,0.0411547076809226,163.302977176702,0.216748894271342,0.296452253352796,0.318746184875752,0.145348892058398,0.0478002793983486,0.22395244212967,0.313453644569593,0.334971392281825,0.138033580211669,0.0475666543209761,243.38175256327,237.30331131756,202,v7.4.6,gap_tied_weak_links_phase3_seed,/Users/asewaket/Documents/LTSpice Superconducting Circuit/matlab_v7_4_6_files/outputs/v7_4_6_as006_gap_weaklink_v800_phase3_seed_202/AS006_v7_4_6_gap_weaklink_scores.csv
AS006,boundary_sns_a4_1_g0_4_p0_05,"SNS-like boundary constriction, alpha=4.1, tau=0.4, p=0.05",boundary_lane,boundary_constriction,conductance,4.1,0.999999999999997,0.4,0.05,0.962091503267973,0.4,0.0631808278867102,4.78421843782086e-07,4.69227307455338e-07,0.159773063321334,169.904228583718,0.216852704138986,0.297221040066349,0.31655179924406,0.148476062960506,0.0474817532508447,0.239466660128436,0.3463688280143,0.363122541179596,0.134385270124878,0.0475184379074897,229.60450212855,223.547135684811,202,v7.4.6,gap_tied_weak_links_phase3_seed,/Users/asewaket/Documents/LTSpice Superconducting Circuit/matlab_v7_4_6_files/outputs/v7_4_6_as006_gap_weaklink_v800_phase3_seed_202/AS006_v7_4_6_gap_weaklink_scores.csv
AS006,boundary_sns_a3_7_g0_7_p0_1,"SNS-like boundary constriction, alpha=3.7, tau=0.7, p=0.1",boundary_lane,boundary_constriction,conductance,3.7,0,0.7,0.1,0.962091503267973,0.7,0.12636165577342,7.11720456098307e-07,4.21739987065526e-07,0.138519315250482,174.709627183226,0.216908796793878,0.296095016367219,0.31856005212996,0.14662698825307,0.0476851410584038,0.231470726608396,0.328801798896342,0.349728778892491,0.135209439675509,0.0475146714893908,236.453430201457,230.474860211919,202,v7.4.6,gap_tied_weak_links_phase3_seed,/Users/asewaket/Documents/LTSpice Superconducting Circuit/matlab_v7_4_6_files/outputs/v7_4_6_as006_gap_weaklink_v800_phase3_seed_202/AS006_v7_4_6_gap_weaklink_scores.csv
AS006,contact_relaxed_a3_7_g0_4_p0_1,"contact-relaxed SNS links, alpha=3.7, tau=0.4, p=0.1",contact_relaxation,contact_relaxed,conductance,3.7,0,0.4,0.1,0.939869281045751,0.4,0.100217864923747,1.34586353974184e-07,4.41162731807549e-07,0.0392302622997876,161.100100049982,0.216920801944565,0.294778502543812,0.32145699283308,0.143371145642203,0.0480618376683699,0.218587548916561,0.298492304492564,0.325013102179019,0.141700528420243,0.0485468507516517,249.938111942914,242.724859412045,202,v7.4.6,gap_tied_weak_links_phase3_seed,/Users/asewaket/Documents/LTSpice Superconducting Circuit/matlab_v7_4_6_files/outputs/v7_4_6_as006_gap_weaklink_v800_phase3_seed_202/AS006_v7_4_6_gap_weaklink_scores.csv
AS006,boundary_sns_a3_3_g0_7_p0_1,"SNS-like boundary constriction, alpha=3.3, tau=0.7, p=0.1",boundary_lane,boundary_constriction,conductance,3.3,1,0.7,0.1,0.962091503267973,0.7,0.12636165577342,6.34777704087679e-07,3.76146474950334e-07,0.123544254142322,174.709627183226,0.21695433848679,0.294150031718637,0.320568434601733,0.145435428314196,0.0478326147695353,0.230507355323973,0.324335178140486,0.349484339588222,0.135206735783938,0.0475955844700652,237.449547164485,231.525126012896,202,v7.4.6,gap_tied_weak_links_phase3_seed,/Users/asewaket/Documents/LTSpice Superconducting Circuit/matlab_v7_4_6_files/outputs/v7_4_6_as006_gap_weaklink_v800_phase3_seed_202/AS006_v7_4_6_gap_weaklink_scores.csv
AS006,contact_relaxed_a4_1_g0_1_p0_05,"contact-relaxed SNS links, alpha=4.1, tau=0.1, p=0.05",contact_relaxation,contact_relaxed,conductance,4.1,0.999999999999997,0.1,0.05,0.954509803921569,0.1,0.0505446623093682,3.28129743776867e-08,5.05669201897818e-07,0.0411547076809226,159.471731199922,0.216991663505712,0.296556514320965,0.319877432215873,0.144552315883055,0.0479259019759987,0.218436227224165,0.300341520607803,0.323487722716022,0.142629834956826,0.0474488070639536,249.220056879325,243.348082057498,202,v7.4.6,gap_tied_weak_links_phase3_seed,/Users/asewaket/Documents/LTSpice Superconducting Circuit/matlab_v7_4_6_files/outputs/v7_4_6_as006_gap_weaklink_v800_phase3_seed_202/AS006_v7_4_6_gap_weaklink_scores.csv
AS006,combined_a3_3_g0_7_p0_05,"combined weak-link classes, alpha=3.3, tau=0.7, p=0.05",combined,boundary_constriction,conductance,3.3,1,0.7,0.05,0.984967320261438,0.7,0.0501089324618736,6.28263744835524e-07,3.69115468592437e-07,0.116293631248337,178.678536733506,0.21713373891938,0.294323802974592,0.322012748188009,0.144517656092831,0.0471755121772512,0.220321505340118,0.302239926015448,0.329571556154433,0.140882451824462,0.0465143126343043,245.755408881702,242.995215321818,202,v7.4.6,gap_tied_weak_links_phase3_seed,/Users/asewaket/Documents/LTSpice Superconducting Circuit/matlab_v7_4_6_files/outputs/v7_4_6_as006_gap_weaklink_v800_phase3_seed_202/AS006_v7_4_6_gap_weaklink_scores.csv
AS006,crack_tunnel_a4_1_g0_7_p0_05,"tunnel/crack-like links, alpha=4.1, tau=0.7, p=0.05",tear_lane,crack_tunnel,conductance,4.1,0.999999999999997,0.7,0.05,0.984836601307189,0.7,0.0505446623093682,7.23548080260323e-07,4.57401214237951e-07,0.144576464648631,178.678536733506,0.217283205842375,0.298125791442267,0.318351085676667,0.146806085811236,0.0476682305713954,0.223557928796855,0.313597327597758,0.333007595697401,0.139704319868447,0.0467986240805081,241.22243962204,240.793453413673,202,v7.4.6,gap_tied_weak_links_phase3_seed,/Users/asewaket/Documents/LTSpice Superconducting Circuit/matlab_v7_4_6_files/outputs/v7_4_6_as006_gap_weaklink_v800_phase3_seed_202/AS006_v7_4_6_gap_weaklink_scores.csv
AS006,shuffled_tau_control,"same weak-link histogram, shuffled positions",shuffled,boundary_constriction,conductance,3.7,0,0.01,0.08,0.920627450980392,0.01,0.0801742919389978,4.99656207677045e-09,4.44435548285353e-07,0.054325617455655,157.212198070485,0.217289011857581,0.297071127943498,0.319697148092703,0.14649069098677,0.0467905584487144,0.224301459931278,0.298884251821675,0.321102478192171,0.14851359179115,0.0750517212594774,239.186500729557,255.866040752076,202,v7.4.6,gap_tied_weak_links_phase3_seed,/Users/asewaket/Documents/LTSpice Superconducting Circuit/matlab_v7_4_6_files/outputs/v7_4_6_as006_gap_weaklink_v800_phase3_seed_202/AS006_v7_4_6_gap_weaklink_scores.csv
AS006,contact_relaxed_a4_1_g0_05_p0_05,"contact-relaxed SNS links, alpha=4.1, tau=0.05, p=0.05",contact_relaxation,contact_relaxed,conductance,4.1,0.999999999999997,0.05,0.05,0.9519825708061,0.05,0.0505446623093682,1.66422895107741e-08,5.12936935116022e-07,0.0411547076809226,157.212198070485,0.217344521073539,0.297343024966945,0.32103305883476,0.143822134853849,0.0477940588726076,0.215054882711438,0.291893442380632,0.315796779367108,0.146762816723357,0.0472830863799237,253.528130079612,247.634689477415,202,v7.4.6,gap_tied_weak_links_phase3_seed,/Users/asewaket/Documents/LTSpice Superconducting Circuit/matlab_v7_4_6_files/outputs/v7_4_6_as006_gap_weaklink_v800_phase3_seed_202/AS006_v7_4_6_gap_weaklink_scores.csv
AS006,contact_relaxed_a4_1_g0_4_p0_05,"contact-relaxed SNS links, alpha=4.1, tau=0.4, p=0.05",contact_relaxation,contact_relaxed,conductance,4.1,0.999999999999997,0.4,0.05,0.969673202614379,0.4,0.0505446623093682,1.23192739190714e-07,4.74631361877502e-07,0.0411547076809226,169.904228583718,0.217438672612057,0.298987644433535,0.319468769147832,0.145197208556027,0.0476388619230098,0.229917647300517,0.327086320025853,0.346283355485902,0.13518888333234,0.0475199402109768,238.539091680114,232.440625834707,202,v7.4.6,gap_tied_weak_links_phase3_seed,/Users/asewaket/Documents/LTSpice Superconducting Circuit/matlab_v7_4_6_files/outputs/v7_4_6_as006_gap_weaklink_v800_phase3_seed_202/AS006_v7_4_6_gap_weaklink_scores.csv
AS006,boundary_sns_a3_3_g0_4_p0_05,"SNS-like boundary constriction, alpha=3.3, tau=0.4, p=0.05",boundary_lane,boundary_constriction,conductance,3.3,1,0.4,0.05,0.962091503267973,0.4,0.0631808278867102,3.85071240117289e-07,3.77670759659174e-07,0.128597831453756,169.904228583718,0.217538240847181,0.295550742845318,0.321250128923981,0.145619855621448,0.0479279162468113,0.237780023005444,0.338824269064943,0.362595044389851,0.134357960320318,0.0475870678796411,231.71066916216,226.07385878359,202,v7.4.6,gap_tied_weak_links_phase3_seed,/Users/asewaket/Documents/LTSpice Superconducting Circuit/matlab_v7_4_6_files/outputs/v7_4_6_as006_gap_weaklink_v800_phase3_seed_202/AS006_v7_4_6_gap_weaklink_scores.csv
AS006,boundary_sns_a3_7_g0_4_p0_05,"SNS-like boundary constriction, alpha=3.7, tau=0.4, p=0.05",boundary_lane,boundary_constriction,conductance,3.7,0,0.4,0.05,0.962091503267973,0.4,0.0631808278867102,4.31746541949688e-07,4.23449033557256e-07,0.144185447387545,169.904228583718,0.217608900506569,0.297813571895432,0.319648802055763,0.14656623250625,0.0476377364070152,0.238741107834345,0.343218629429284,0.362854231495802,0.134373284678709,0.0475253987764005,231.022308995417,225.122005712957,202,v7.4.6,gap_tied_weak_links_phase3_seed,/Users/asewaket/Documents/LTSpice Superconducting Circuit/matlab_v7_4_6_files/outputs/v7_4_6_as006_gap_weaklink_v800_phase3_seed_202/AS006_v7_4_6_gap_weaklink_scores.csv
AS006,contact_relaxed_a4_1_g0_7_p0_1,"contact-relaxed SNS links, alpha=4.1, tau=0.7, p=0.1",contact_relaxation,contact_relaxed,conductance,4.1,0.999999999999997,0.7,0.1,0.969934640522875,0.7,0.100217864923747,2.40657933136985e-07,4.61576598276774e-07,0.0434713717376025,174.709627183226,0.21781293772325,0.29978029375679,0.320366966013714,0.144763119347139,0.0476883051515354,0.227836648719294,0.322543364455615,0.342060138981697,0.136288569683766,0.0476739238181776,240.996092562544,234.664693873747,202,v7.4.6,gap_tied_weak_links_phase3_seed,/Users/asewaket/Documents/LTSpice Superconducting Circuit/matlab_v7_4_6_files/outputs/v7_4_6_as006_gap_weaklink_v800_phase3_seed_202/AS006_v7_4_6_gap_weaklink_scores.csv
AS006,contact_relaxed_a3_7_g0_7_p0_3,"contact-relaxed SNS links, alpha=3.7, tau=0.7, p=0.3",contact_relaxation,contact_relaxed,conductance,3.7,0,0.7,0.3,0.909934640522874,0.7,0.300217864923747,2.959822445921e-07,4.3273918604673e-07,0.0471121300952263,162.15734585793,0.217935966675932,0.29736524818909,0.323883272318108,0.142150452767026,0.0478307926751014,0.212283996798706,0.283515046278289,0.310554665010945,0.149440254127495,0.04763395628672,257.825674048506,251.286621509695,202,v7.4.6,gap_tied_weak_links_phase3_seed,/Users/asewaket/Documents/LTSpice Superconducting Circuit/matlab_v7_4_6_files/outputs/v7_4_6_as006_gap_weaklink_v800_phase3_seed_202/AS006_v7_4_6_gap_weaklink_scores.csv
AS006,contact_relaxed_a3_7_g0_7_p0_2,"contact-relaxed SNS links, alpha=3.7, tau=0.7, p=0.2",contact_relaxation,contact_relaxed,conductance,3.7,0,0.7,0.2,0.939999999999999,0.7,0.2,2.56812992499497e-07,4.23823223590463e-07,0.044047861803183,169.600033076493,0.218013046005178,0.297919877794359,0.323339642016666,0.14291465755622,0.047657656757092,0.217947469699974,0.297696804655941,0.323127757860943,0.143027235864169,0.0477829227570683,251.552956503322,244.717491650005,202,v7.4.6,gap_tied_weak_links_phase3_seed,/Users/asewaket/Documents/LTSpice Superconducting Circuit/matlab_v7_4_6_files/outputs/v7_4_6_as006_gap_weaklink_v800_phase3_seed_202/AS006_v7_4_6_gap_weaklink_scores.csv
AS006,crack_tunnel_a3_3_g0_7_p0_05,"tunnel/crack-like links, alpha=3.3, tau=0.7, p=0.05",tear_lane,crack_tunnel,conductance,3.3,1,0.7,0.05,0.984836601307189,0.7,0.0505446623093682,5.82367967038797e-07,3.68152196825668e-07,0.116366422765971,178.678536733506,0.218016104682349,0.296726050822085,0.323859116927548,0.143650669580089,0.047037680991339,0.221851070890241,0.305731197045975,0.33248653031086,0.139785939678113,0.0469403047635849,244.763676780127,242.969443103239,202,v7.4.6,gap_tied_weak_links_phase3_seed,/Users/asewaket/Documents/LTSpice Superconducting Circuit/matlab_v7_4_6_files/outputs/v7_4_6_as006_gap_weaklink_v800_phase3_seed_202/AS006_v7_4_6_gap_weaklink_scores.csv
AS006,crack_tunnel_a3_7_g0_7_p0_05,"tunnel/crack-like links, alpha=3.7, tau=0.7, p=0.05",tear_lane,crack_tunnel,conductance,3.7,0,0.7,0.05,0.984836601307189,0.7,0.0505446623093682,6.5295802364956e-07,4.1277670553181e-07,0.130471443707301,178.678536733506,0.21811741911624,0.29896101286443,0.321969191010898,0.144699163182137,0.0473060444700261,0.222805067364116,0.310261125529539,0.332736497748552,0.139735123782633,0.0468064355027849,243.374006923773,242.326487675876,202,v7.4.6,gap_tied_weak_links_phase3_seed,/Users/asewaket/Documents/LTSpice Superconducting Circuit/matlab_v7_4_6_files/outputs/v7_4_6_as006_gap_weaklink_v800_phase3_seed_202/AS006_v7_4_6_gap_weaklink_scores.csv
AS006,boundary_sns_a4_1_g0_7_p0_05,"SNS-like boundary constriction, alpha=4.1, tau=0.7, p=0.05",boundary_lane,boundary_constriction,conductance,4.1,0.999999999999997,0.7,0.05,0.981045751633987,0.7,0.0631808278867102,7.96124244327142e-07,4.57760037486715e-07,0.159773063321334,178.678536733506,0.218256954209329,0.300985858429837,0.320186913668918,0.145922780113652,0.047568338554138,0.233026798016504,0.333924900781063,0.351531053455611,0.13493840154216,0.0473567438264401,236.332642146496,230.447129769918,202,v7.4.6,gap_tied_weak_links_phase3_seed,/Users/asewaket/Documents/LTSpice Superconducting Circuit/matlab_v7_4_6_files/outputs/v7_4_6_as006_gap_weaklink_v800_phase3_seed_202/AS006_v7_4_6_gap_weaklink_scores.csv
AS006,contact_relaxed_a3_3_g0_4_p0_1,"contact-relaxed SNS links, alpha=3.3, tau=0.4, p=0.1",contact_relaxation,contact_relaxed,conductance,3.3,1,0.4,0.1,0.939869281045751,0.4,0.100217864923747,1.20036477868866e-07,3.9346946350403e-07,0.0349891528619728,161.100100049982,0.21839964287742,0.29592076629375,0.326986142979151,0.140659084069319,0.0480278427931857,0.217386220233269,0.293288421290674,0.324451141163181,0.141836198671291,0.0485579345009909,252.938138744609,245.581104361103,202,v7.4.6,gap_tied_weak_links_phase3_seed,/Users/asewaket/Documents/LTSpice Superconducting Circuit/matlab_v7_4_6_files/outputs/v7_4_6_as006_gap_weaklink_v800_phase3_seed_202/AS006_v7_4_6_gap_weaklink_scores.csv
AS006,contact_relaxed_a3_3_g0_7_p0_3,"contact-relaxed SNS links, alpha=3.3, tau=0.7, p=0.3",contact_relaxation,contact_relaxed,conductance,3.3,1,0.7,0.3,0.909934640522874,0.7,0.300217864923747,2.63984164095657e-07,3.85956571338975e-07,0.0420189268416883,162.15734585793,0.218703327191273,0.296595834481008,0.327865213558785,0.140266393762433,0.0478236855444413,0.211130736242538,0.278350764839184,0.31015862191587,0.149514184845055,0.0476325969644156,260.030191043068,253.422719260964,202,v7.4.6,gap_tied_weak_links_phase3_seed,/Users/asewaket/Documents/LTSpice Superconducting Circuit/matlab_v7_4_6_files/outputs/v7_4_6_as006_gap_weaklink_v800_phase3_seed_202/AS006_v7_4_6_gap_weaklink_scores.csv
AS006,bulk_AB_reference,"bulk AB reference: no weak-link mask",none,bulk_sns,conductance,3.7,0,NaN,0,1,NaN,0,NaN,4.7061909094301e-07,NaN,157.212198070485,0.218710081185038,0.302795103361532,0.321163010569509,0.144956822048919,0.0475240065058675,0.282482952743105,0.41700559688736,0.430253154877617,0.156070227036064,0.0473783619972532,202.769321655914,197.780390741633,202,v7.4.6,gap_tied_weak_links_phase3_seed,/Users/asewaket/Documents/LTSpice Superconducting Circuit/matlab_v7_4_6_files/outputs/v7_4_6_as006_gap_weaklink_v800_phase3_seed_202/AS006_v7_4_6_gap_weaklink_scores.csv
AS006,contact_relaxed_a3_7_g0_1_p0_05,"contact-relaxed SNS links, alpha=3.7, tau=0.1, p=0.05",contact_relaxation,contact_relaxed,conductance,3.7,0,0.1,0.05,0.954509803921569,0.1,0.0505446623093682,2.96117085847416e-08,4.5633562122486e-07,0.0371396142486375,159.471731199922,0.21886196816378,0.299508262928581,0.325843425402105,0.141452956801929,0.0477593874342229,0.21764248595456,0.296776774440732,0.323206992906192,0.14269855771525,0.0474502206021685,252.397904681139,246.205766655322,202,v7.4.6,gap_tied_weak_links_phase3_seed,/Users/asewaket/Documents/LTSpice Superconducting Circuit/matlab_v7_4_6_files/outputs/v7_4_6_as006_gap_weaklink_v800_phase3_seed_202/AS006_v7_4_6_gap_weaklink_scores.csv
AS006,contact_relaxed_a3_7_g0_2_p0_05,"contact-relaxed SNS links, alpha=3.7, tau=0.2, p=0.05",contact_relaxation,contact_relaxed,conductance,3.7,0,0.2,0.05,0.959564270152505,0.2,0.0505446623093682,5.78339784544974e-08,4.45629545664538e-07,0.0371396142486375,163.302977176702,0.218888954146446,0.300064960386945,0.325163338664245,0.142015324404994,0.0478248121766132,0.223171786089815,0.309968570149686,0.334675408884393,0.138105308206116,0.0475767594940564,246.573640981462,240.43049122965,202,v7.4.6,gap_tied_weak_links_phase3_seed,/Users/asewaket/Documents/LTSpice Superconducting Circuit/matlab_v7_4_6_files/outputs/v7_4_6_as006_gap_weaklink_v800_phase3_seed_202/AS006_v7_4_6_gap_weaklink_scores.csv
AS006,contact_relaxed_a4_1_g0_7_p0_05,"contact-relaxed SNS links, alpha=4.1, tau=0.7, p=0.05",contact_relaxation,contact_relaxed,conductance,4.1,0.999999999999997,0.7,0.05,0.984836601307189,0.7,0.0505446623093682,2.05000519247759e-07,4.55415054102464e-07,0.0411547076809226,178.678536733506,0.219016000782425,0.303180984340433,0.322470640469001,0.144006272445394,0.0475675581941973,0.231257358514827,0.330350336616294,0.348436705497238,0.135055408151363,0.0473529611484696,238.847832874255,232.899913360133,202,v7.4.6,gap_tied_weak_links_phase3_seed,/Users/asewaket/Documents/LTSpice Superconducting Circuit/matlab_v7_4_6_files/outputs/v7_4_6_as006_gap_weaklink_v800_phase3_seed_202/AS006_v7_4_6_gap_weaklink_scores.csv
AS006,contact_relaxed_a3_3_g0_7_p0_2,"contact-relaxed SNS links, alpha=3.3, tau=0.7, p=0.2",contact_relaxation,contact_relaxed,conductance,3.3,1,0.7,0.2,0.939999999999999,0.7,0.2,2.29049425742794e-07,3.78004496715819e-07,0.0392859307974335,169.600033076493,0.219131419406219,0.298254042147576,0.327958687506549,0.140697604885561,0.0476033456401088,0.21682115853778,0.29279753750577,0.322676527174967,0.143084221790782,0.0477690553884629,254.068930178592,247.100685251079,202,v7.4.6,gap_tied_weak_links_phase3_seed,/Users/asewaket/Documents/LTSpice Superconducting Circuit/matlab_v7_4_6_files/outputs/v7_4_6_as006_gap_weaklink_v800_phase3_seed_202/AS006_v7_4_6_gap_weaklink_scores.csv
AS006,contact_relaxed_a3_7_g0_05_p0_05,"contact-relaxed SNS links, alpha=3.7, tau=0.05, p=0.05",contact_relaxation,contact_relaxed,conductance,3.7,0,0.05,0.05,0.9519825708061,0.05,0.0505446623093682,1.5018651509723e-08,4.62894307299825e-07,0.0371396142486375,157.212198070485,0.219225405507943,0.300147124710249,0.327014415363813,0.140788956292475,0.0477184805771992,0.214269960529501,0.288300481221603,0.315557048603319,0.146836621313684,0.0472787097279895,256.682537211776,250.602936610411,202,v7.4.6,gap_tied_weak_links_phase3_seed,/Users/asewaket/Documents/LTSpice Superconducting Circuit/matlab_v7_4_6_files/outputs/v7_4_6_as006_gap_weaklink_v800_phase3_seed_202/AS006_v7_4_6_gap_weaklink_scores.csv
AS006,uniform_tau_control,"same mean weak transparency, spatially uniform",uniform,boundary_constriction,conductance,3.7,0,0.01,0.08,0.920627450980405,0.920627450980392,1,4.33264854077573e-07,4.33264854077573e-07,0.0508998437129697,157.212198070485,0.219277437744409,0.304219004833929,0.324148449635452,0.141877908330742,0.047561011612647,0.25490717009812,0.372157898115227,0.389534251575213,0.13864198777228,0.0473905274033975,221.404081499575,215.914442886692,202,v7.4.6,gap_tied_weak_links_phase3_seed,/Users/asewaket/Documents/LTSpice Superconducting Circuit/matlab_v7_4_6_files/outputs/v7_4_6_as006_gap_weaklink_v800_phase3_seed_202/AS006_v7_4_6_gap_weaklink_scores.csv
AS006,contact_relaxed_a3_7_g0_4_p0_05,"contact-relaxed SNS links, alpha=3.7, tau=0.4, p=0.05",contact_relaxation,contact_relaxed,conductance,3.7,0,0.4,0.05,0.969673202614379,0.4,0.0505446623093682,1.1117393536723e-07,4.28325863157746e-07,0.0371396142486375,169.904228583718,0.21970616474415,0.302949350383812,0.326009029576156,0.141849962249447,0.0477532187668592,0.229127732238426,0.323685137400872,0.345930432945854,0.135246920206961,0.0475166158773118,241.678657491543,235.655634302186,202,v7.4.6,gap_tied_weak_links_phase3_seed,/Users/asewaket/Documents/LTSpice Superconducting Circuit/matlab_v7_4_6_files/outputs/v7_4_6_as006_gap_weaklink_v800_phase3_seed_202/AS006_v7_4_6_gap_weaklink_scores.csv
AS006,boundary_sns_a3_7_g0_7_p0_05,"SNS-like boundary constriction, alpha=3.7, tau=0.7, p=0.05",boundary_lane,boundary_constriction,conductance,3.7,0,0.7,0.05,0.981045751633987,0.7,0.0631808278867102,7.18453586344006e-07,4.13100521634353e-07,0.144185447387545,178.678536733506,0.219853758460729,0.30347860272799,0.325164545594115,0.143239083025077,0.0477033810046102,0.232302965977519,0.33074537691398,0.351277736881153,0.134931076270204,0.0473695680938419,238.677354537273,232.89063154461,202,v7.4.6,gap_tied_weak_links_phase3_seed,/Users/asewaket/Documents/LTSpice Superconducting Circuit/matlab_v7_4_6_files/outputs/v7_4_6_as006_gap_weaklink_v800_phase3_seed_202/AS006_v7_4_6_gap_weaklink_scores.csv
AS006,contact_relaxed_a3_7_g0_7_p0_1,"contact-relaxed SNS links, alpha=3.7, tau=0.7, p=0.1",contact_relaxation,contact_relaxed,conductance,3.7,0,0.7,0.1,0.969934640522875,0.7,0.100217864923747,2.17179110391913e-07,4.1654473503026e-07,0.0392302622997876,174.709627183226,0.220149492727601,0.303911327692798,0.327002786485192,0.141447760300723,0.0477715592202185,0.22707370885053,0.319254226463936,0.341734729608038,0.136316494553848,0.0476829227823396,244.227978988284,237.908527961089,202,v7.4.6,gap_tied_weak_links_phase3_seed,/Users/asewaket/Documents/LTSpice Superconducting Circuit/matlab_v7_4_6_files/outputs/v7_4_6_as006_gap_weaklink_v800_phase3_seed_202/AS006_v7_4_6_gap_weaklink_scores.csv
AS006,contact_relaxed_a3_3_g0_1_p0_05,"contact-relaxed SNS links, alpha=3.3, tau=0.1, p=0.05",contact_relaxation,contact_relaxed,conductance,3.3,1,0.1,0.05,0.954509803921569,0.1,0.0505446623093682,2.64104427917966e-08,4.07002040551902e-07,0.0331245208163524,159.471731199922,0.220560451246338,0.301004585017195,0.33170748013281,0.138831513669979,0.0477701888946009,0.21654482333561,0.291888375728915,0.322846932521982,0.142739952879298,0.0474286679365444,255.444038294557,249.217641687716,202,v7.4.6,gap_tied_weak_links_phase3_seed,/Users/asewaket/Documents/LTSpice Superconducting Circuit/matlab_v7_4_6_files/outputs/v7_4_6_as006_gap_weaklink_v800_phase3_seed_202/AS006_v7_4_6_gap_weaklink_scores.csv
AS006,boundary_sns_a3_3_g0_7_p0_05,"SNS-like boundary constriction, alpha=3.3, tau=0.7, p=0.05",boundary_lane,boundary_constriction,conductance,3.3,1,0.7,0.05,0.981045751633987,0.7,0.0631808278867102,6.4078292836087e-07,3.6844100578199e-07,0.128597831453756,178.678536733506,0.22071067183488,0.303273262604237,0.328797960800967,0.141502495308797,0.0480055460324753,0.231357931882216,0.326368322069361,0.351044886577965,0.134921755329777,0.0474405916680607,240.323987931962,234.79394421198,202,v7.4.6,gap_tied_weak_links_phase3_seed,/Users/asewaket/Documents/LTSpice Superconducting Circuit/matlab_v7_4_6_files/outputs/v7_4_6_as006_gap_weaklink_v800_phase3_seed_202/AS006_v7_4_6_gap_weaklink_scores.csv
AS006,contact_relaxed_a3_3_g0_2_p0_05,"contact-relaxed SNS links, alpha=3.3, tau=0.2, p=0.05",contact_relaxation,contact_relaxed,conductance,3.3,1,0.2,0.05,0.959564270152505,0.2,0.0505446623093682,5.15816564594166e-08,3.97453378565669e-07,0.0331245208163524,163.302977176702,0.220721883816878,0.302022614838933,0.331224414495384,0.139309590167985,0.0478070911685554,0.22209351257608,0.305197628934933,0.334293471869968,0.138153140101542,0.0475649330460983,249.678501034864,243.443020693704,202,v7.4.6,gap_tied_weak_links_phase3_seed,/Users/asewaket/Documents/LTSpice Superconducting Circuit/matlab_v7_4_6_files/outputs/v7_4_6_as006_gap_weaklink_v800_phase3_seed_202/AS006_v7_4_6_gap_weaklink_scores.csv
AS006,contact_relaxed_a3_3_g0_05_p0_05,"contact-relaxed SNS links, alpha=3.3, tau=0.05, p=0.05",contact_relaxation,contact_relaxed,conductance,3.3,1,0.05,0.05,0.9519825708061,0.05,0.0505446623093682,1.33950135086719e-08,4.12851679483628e-07,0.0331245208163524,157.212198070485,0.220929768961145,0.301365254904128,0.332862534307377,0.138267324063733,0.0479399997840207,0.213174892362336,0.283331833042003,0.315249316298393,0.146883715846959,0.0472516804387892,259.588307097487,253.800087680388,202,v7.4.6,gap_tied_weak_links_phase3_seed,/Users/asewaket/Documents/LTSpice Superconducting Circuit/matlab_v7_4_6_files/outputs/v7_4_6_as006_gap_weaklink_v800_phase3_seed_202/AS006_v7_4_6_gap_weaklink_scores.csv
AS006,contact_relaxed_a3_7_g0_7_p0_05,"contact-relaxed SNS links, alpha=3.7, tau=0.7, p=0.05",contact_relaxation,contact_relaxed,conductance,3.7,0,0.7,0.05,0.984836601307189,0.7,0.0505446623093682,1.85000468589441e-07,4.10984317116858e-07,0.0371396142486375,178.678536733506,0.221226360218523,0.307055707482524,0.328732343066741,0.140963547892906,0.0475900583771606,0.230506203213851,0.327173276446291,0.348099394095452,0.135077148929086,0.047337363794563,241.909645214315,235.928046632755,202,v7.4.6,gap_tied_weak_links_phase3_seed,/Users/asewaket/Documents/LTSpice Superconducting Circuit/matlab_v7_4_6_files/outputs/v7_4_6_as006_gap_weaklink_v800_phase3_seed_202/AS006_v7_4_6_gap_weaklink_scores.csv
AS006,contact_relaxed_a3_3_g0_4_p0_05,"contact-relaxed SNS links, alpha=3.3, tau=0.4, p=0.05",contact_relaxation,contact_relaxed,conductance,3.3,1,0.4,0.05,0.969673202614379,0.4,0.0505446623093682,9.91551315437456e-08,3.8202036443799e-07,0.0331245208163524,169.904228583718,0.2217189205283,0.305359521343694,0.332161673862574,0.139219536450564,0.0479277314750956,0.228083125251288,0.319143420099655,0.345496752351353,0.135312999702222,0.0475116399141417,244.660072941252,238.79732276528,202,v7.4.6,gap_tied_weak_links_phase3_seed,/Users/asewaket/Documents/LTSpice Superconducting Circuit/matlab_v7_4_6_files/outputs/v7_4_6_as006_gap_weaklink_v800_phase3_seed_202/AS006_v7_4_6_gap_weaklink_scores.csv
AS006,contact_relaxed_a3_3_g0_7_p0_1,"contact-relaxed SNS links, alpha=3.3, tau=0.7, p=0.1",contact_relaxation,contact_relaxed,conductance,3.3,1,0.7,0.1,0.969934640522875,0.7,0.100217864923747,1.93700287646841e-07,3.71512871783745e-07,0.0349891528619728,174.709627183226,0.222154373974832,0.306361599795688,0.333021961900455,0.138939879148379,0.0479469878171994,0.226072760645799,0.31492537338922,0.341310662447835,0.136358901410255,0.0476961437932453,247.180801002088,241.002127854927,202,v7.4.6,gap_tied_weak_links_phase3_seed,/Users/asewaket/Documents/LTSpice Superconducting Circuit/matlab_v7_4_6_files/outputs/v7_4_6_as006_gap_weaklink_v800_phase3_seed_202/AS006_v7_4_6_gap_weaklink_scores.csv
AS006,contact_relaxed_a3_3_g0_7_p0_05,"contact-relaxed SNS links, alpha=3.3, tau=0.7, p=0.05",contact_relaxation,contact_relaxed,conductance,3.3,1,0.7,0.05,0.984836601307189,0.7,0.0505446623093682,1.65000417931123e-07,3.66553580131252e-07,0.0331245208163524,178.678536733506,0.223189584090048,0.309270023227419,0.334636574062802,0.138611667225723,0.047799308580765,0.229506640804736,0.322769766006019,0.347724054423294,0.13511406105296,0.047353766460698,244.736265128764,238.942388364523,202,v7.4.6,gap_tied_weak_links_phase3_seed,/Users/asewaket/Documents/LTSpice Superconducting Circuit/matlab_v7_4_6_files/outputs/v7_4_6_as006_gap_weaklink_v800_phase3_seed_202/AS006_v7_4_6_gap_weaklink_scores.csv
AS006,anisotropic_gap_control,"anisotropic weak-link transparency",anisotropic,anisotropic,shape,3.7,0,0.01,0.08,0.920627450980392,0.01,0.0801742919389978,1.36145737048701e-08,5.40131589508813e-07,0.123083464159848,125.324901500224,0.190147510788844,0.211280068101317,0.258998342129382,0.190889904562828,0.0475980064129518,0.196211055612859,0.235052689840628,0.280175969131666,0.167505940008033,0.0463122172332099,239.280809184717,235.241774796043,202,v7.4.6,gap_tied_weak_links_phase3_seed,/Users/asewaket/Documents/LTSpice Superconducting Circuit/matlab_v7_4_6_files/outputs/v7_4_6_as006_gap_weaklink_v800_phase3_seed_202/AS006_v7_4_6_gap_weaklink_scores.csv
AS006,crack_tunnel_a4_1_g0_05_p0_3,"tunnel/crack-like links, alpha=4.1, tau=0.05, p=0.3",tear_lane,crack_tunnel,shape,4.1,0.999999999999997,0.05,0.3,0.714793028322442,0.05,0.300217864923747,7.79338441261874e-08,5.96972205556952e-07,0.098562833477876,87.2483572164649,0.190260972284654,0.211931739536074,0.255876140792267,0.190146765386078,0.0539064187681334,0.232717212985436,0.211868502396174,0.240247566057334,0.258638549984522,0.207986134450019,239.799287949101,304.516964138171,202,v7.4.6,gap_tied_weak_links_phase3_seed,/Users/asewaket/Documents/LTSpice Superconducting Circuit/matlab_v7_4_6_files/outputs/v7_4_6_as006_gap_weaklink_v800_phase3_seed_202/AS006_v7_4_6_gap_weaklink_scores.csv
AS006,combined_a3_3_g0_1_p0_3,"combined weak-link classes, alpha=3.3, tau=0.1, p=0.3",combined,boundary_constriction,shape,3.3,1,0.1,0.3,0.729803921568629,0.1,0.300217864923747,1.27278303915905e-07,4.82084790700061e-07,0.0894774183822242,96.0248189159838,0.192054059944126,0.211011065651479,0.268511519933032,0.180024015067091,0.0543340553524824,0.193390962318491,0.220339910774964,0.276878656528098,0.170885518150833,0.0484703542047769,240.148961511892,247.233535466773,202,v7.4.6,gap_tied_weak_links_phase3_seed,/Users/asewaket/Documents/LTSpice Superconducting Circuit/matlab_v7_4_6_files/outputs/v7_4_6_as006_gap_weaklink_v800_phase3_seed_202/AS006_v7_4_6_gap_weaklink_scores.csv
AS006,combined_a3_7_g0_05_p0_2,"combined weak-link classes, alpha=3.7, tau=0.05, p=0.2",combined,boundary_constriction,shape,3.7,0,0.05,0.2,0.810000000000001,0.05,0.2,6.97266488506276e-08,5.14550598227355e-07,0.121987577109835,112.055674405493,0.192172246605406,0.215310915474804,0.262454779243585,0.185807745209301,0.0539947723643238,0.193716061829151,0.225636823241735,0.27155310861081,0.175364917537434,0.0485193989133084,239.833755137404,246.701002487949,202,v7.4.6,gap_tied_weak_links_phase3_seed,/Users/asewaket/Documents/LTSpice Superconducting Circuit/matlab_v7_4_6_files/outputs/v7_4_6_as006_gap_weaklink_v800_phase3_seed_202/AS006_v7_4_6_gap_weaklink_scores.csv
AS006,combined_a3_3_g0_1_p0_2,"combined weak-link classes, alpha=3.3, tau=0.1, p=0.2",combined,boundary_constriction,shape,3.3,1,0.1,0.2,0.820000000000001,0.1,0.2,1.15778500042451e-07,4.27196039396153e-07,0.108799730935799,120.377948955514,0.192618782434483,0.21972214355716,0.271102281279192,0.177559034488211,0.046993983266406,0.197193705435299,0.235486703983806,0.285800069546303,0.163025003080459,0.0465504476360845,243.51117376656,237.891708058681,202,v7.4.6,gap_tied_weak_links_phase3_seed,/Users/asewaket/Documents/LTSpice Superconducting Circuit/matlab_v7_4_6_files/outputs/v7_4_6_as006_gap_weaklink_v800_phase3_seed_202/AS006_v7_4_6_gap_weaklink_scores.csv
AS006,combined_a3_3_g0_05_p0_3,"combined weak-link classes, alpha=3.3, tau=0.05, p=0.3",combined,boundary_constriction,shape,3.3,1,0.05,0.3,0.714793028322442,0.05,0.300217864923747,7.0007309579576e-08,5.3032540735997e-07,0.0894774183822242,87.2899998504155,0.192748146827603,0.207065548725786,0.270378676584852,0.177043028770771,0.0622087154252756,0.194001270772129,0.196312930828936,0.256632666510754,0.196264832329759,0.0792552162256893,242.934322289929,269.719972124992,202,v7.4.6,gap_tied_weak_links_phase3_seed,/Users/asewaket/Documents/LTSpice Superconducting Circuit/matlab_v7_4_6_files/outputs/v7_4_6_as006_gap_weaklink_v800_phase3_seed_202/AS006_v7_4_6_gap_weaklink_scores.csv
AS006,combined_a4_1_g0_05_p0_2,"combined weak-link classes, alpha=4.1, tau=0.05, p=0.2",combined,boundary_constriction,shape,4.1,0.999999999999997,0.05,0.2,0.810000000000001,0.05,0.2,7.72646649425874e-08,5.7017768992761e-07,0.135175423283871,112.055674405493,0.193258195673545,0.220723920162076,0.262678133271798,0.18605222365922,0.0533150454059786,0.19515437089981,0.231932044347032,0.2724318481503,0.174920935976628,0.0484329059182072,239.770846463989,246.109592388235,202,v7.4.6,gap_tied_weak_links_phase3_seed,/Users/asewaket/Documents/LTSpice Superconducting Circuit/matlab_v7_4_6_files/outputs/v7_4_6_as006_gap_weaklink_v800_phase3_seed_202/AS006_v7_4_6_gap_weaklink_scores.csv
AS006,crack_tunnel_a3_7_g0_1_p0_3,"tunnel/crack-like links, alpha=3.7, tau=0.1, p=0.3",tear_lane,crack_tunnel,shape,3.7,0,0.1,0.3,0.72980392156863,0.1,0.300217864923747,1.30572082125101e-07,5.00090202942993e-07,0.0889469472849125,93.9898357210547,0.193274712581999,0.223091962378357,0.267054727259141,0.179013189354319,0.0521693411352434,0.208886176983895,0.210421641921121,0.249294147823009,0.213600708579374,0.130743598583871,241.472828765231,281.027885479395,202,v7.4.6,gap_tied_weak_links_phase3_seed,/Users/asewaket/Documents/LTSpice Superconducting Circuit/matlab_v7_4_6_files/outputs/v7_4_6_as006_gap_weaklink_v800_phase3_seed_202/AS006_v7_4_6_gap_weaklink_scores.csv
AS006,combined_a3_7_g0_1_p0_3,"combined weak-link classes, alpha=3.7, tau=0.1, p=0.3",combined,boundary_constriction,shape,3.7,0,0.1,0.3,0.729803921568629,0.1,0.300217864923747,1.42705977117833e-07,5.40519310784917e-07,0.100323166064918,96.0248189159838,0.193572826535272,0.219169011653659,0.268322616245705,0.180544486844742,0.0534499340367921,0.195409615835962,0.229636474176255,0.277599351414284,0.170510121069563,0.0484750886916027,240.0174233305,246.47454316978,202,v7.4.6,gap_tied_weak_links_phase3_seed,/Users/asewaket/Documents/LTSpice Superconducting Circuit/matlab_v7_4_6_files/outputs/v7_4_6_as006_gap_weaklink_v800_phase3_seed_202/AS006_v7_4_6_gap_weaklink_scores.csv
AS006,combined_a3_7_g0_1_p0_2,"combined weak-link classes, alpha=3.7, tau=0.1, p=0.2",combined,boundary_constriction,shape,3.7,0,0.1,0.2,0.820000000000001,0.1,0.2,1.29812257623354e-07,4.78977377504777e-07,0.121987577109835,120.377948955514,0.193834712714647,0.22314388399512,0.267991204204048,0.181784865838736,0.0498139899226133,0.199053851721854,0.243540699589591,0.286669057118935,0.162774938281237,0.0465890362099962,240.01366627529,237.31806178531,202,v7.4.6,gap_tied_weak_links_phase3_seed,/Users/asewaket/Documents/LTSpice Superconducting Circuit/matlab_v7_4_6_files/outputs/v7_4_6_as006_gap_weaklink_v800_phase3_seed_202/AS006_v7_4_6_gap_weaklink_scores.csv
AS006,combined_a3_3_g0_05_p0_2,"combined weak-link classes, alpha=3.3, tau=0.05, p=0.2",combined,boundary_constriction,shape,3.3,1,0.05,0.2,0.810000000000001,0.05,0.2,6.21886327586679e-08,4.589235065271e-07,0.108799730935799,112.055674405493,0.19417804621153,0.224742271413866,0.277994225337847,0.168090669720778,0.0495447281515769,0.191764940007562,0.217213991589646,0.270378438694192,0.17591409790708,0.0485558183494812,249.808694734012,253.937813931673,202,v7.4.6,gap_tied_weak_links_phase3_seed,/Users/asewaket/Documents/LTSpice Superconducting Circuit/matlab_v7_4_6_files/outputs/v7_4_6_as006_gap_weaklink_v800_phase3_seed_202/AS006_v7_4_6_gap_weaklink_scores.csv
AS006,combined_a3_3_g0_05_p0_1,"combined weak-link classes, alpha=3.3, tau=0.05, p=0.1",combined,boundary_constriction,shape,3.3,1,0.05,0.1,0.904793028322441,0.05,0.100217864923747,5.44263939832377e-08,4.31100662471918e-07,0.111150109879094,135.360169310127,0.194187120184945,0.224274851058703,0.272801635369251,0.177709034243942,0.0471215951649033,0.202929032746914,0.247704298569673,0.294486165409155,0.157866782802284,0.0542565971960198,246.305092433784,228.818035922096,202,v7.4.6,gap_tied_weak_links_phase3_seed,/Users/asewaket/Documents/LTSpice Superconducting Circuit/matlab_v7_4_6_files/outputs/v7_4_6_as006_gap_weaklink_v800_phase3_seed_202/AS006_v7_4_6_gap_weaklink_scores.csv
AS006,combined_a3_7_g0_05_p0_1,"combined weak-link classes, alpha=3.7, tau=0.05, p=0.1",combined,boundary_constriction,shape,3.7,0,0.05,0.1,0.904793028322441,0.05,0.100217864923747,6.10235326478726e-08,4.83355288226089e-07,0.124622850470499,135.360169310127,0.194335104564276,0.225752543446044,0.267627113627733,0.183889577552233,0.0477135585865128,0.204661598572466,0.255659725297557,0.295161782149875,0.157664638343576,0.0540343508730232,240.292702155475,228.826195050606,202,v7.4.6,gap_tied_weak_links_phase3_seed,/Users/asewaket/Documents/LTSpice Superconducting Circuit/matlab_v7_4_6_files/outputs/v7_4_6_as006_gap_weaklink_v800_phase3_seed_202/AS006_v7_4_6_gap_weaklink_scores.csv
AS006,crack_tunnel_a4_1_g0_05_p0_2,"tunnel/crack-like links, alpha=4.1, tau=0.05, p=0.2",tear_lane,crack_tunnel,shape,4.1,0.999999999999997,0.05,0.2,0.809586056644881,0.05,0.200435729847495,6.8792266103095e-08,5.72946097754775e-07,0.10785583242585,109.195535249909,0.19443489872228,0.227291286302517,0.260808056319611,0.190505047190673,0.0503377997612235,0.213491082466775,0.2702517083028,0.300409514299201,0.155336020167526,0.0773170287980668,239.195636012113,219.422069907526,202,v7.4.6,gap_tied_weak_links_phase3_seed,/Users/asewaket/Documents/LTSpice Superconducting Circuit/matlab_v7_4_6_files/outputs/v7_4_6_as006_gap_weaklink_v800_phase3_seed_202/AS006_v7_4_6_gap_weaklink_scores.csv
AS006,crack_tunnel_a4_1_g0_1_p0_3,"tunnel/crack-like links, alpha=4.1, tau=0.1, p=0.3",tear_lane,crack_tunnel,shape,4.1,0.999999999999997,0.1,0.3,0.72980392156863,0.1,0.300217864923747,1.44687982895382e-07,5.54154008666559e-07,0.098562833477876,93.9898357210547,0.194511751941296,0.227690644954103,0.266072827125138,0.1805447371787,0.0535597458100081,0.209714217690161,0.214758454215458,0.249652618318315,0.213251479471715,0.130356202838653,240.265126667079,280.623651753027,202,v7.4.6,gap_tied_weak_links_phase3_seed,/Users/asewaket/Documents/LTSpice Superconducting Circuit/matlab_v7_4_6_files/outputs/v7_4_6_as006_gap_weaklink_v800_phase3_seed_202/AS006_v7_4_6_gap_weaklink_scores.csv
AS006,crack_tunnel_a3_3_g0_05_p0_3,"tunnel/crack-like links, alpha=3.3, tau=0.05, p=0.3",tear_lane,crack_tunnel,shape,3.3,1,0.05,0.3,0.714793028322442,0.05,0.300217864923747,6.27272403942484e-08,4.80489823984864e-07,0.079331061091949,87.2483572164649,0.194549982292331,0.221466267702728,0.278615435294911,0.164914207293319,0.0575638728761845,0.232458007798882,0.20753336882126,0.239556437036443,0.260223421359005,0.210253628660619,250.864155210104,322.079032982988,202,v7.4.6,gap_tied_weak_links_phase3_seed,/Users/asewaket/Documents/LTSpice Superconducting Circuit/matlab_v7_4_6_files/outputs/v7_4_6_as006_gap_weaklink_v800_phase3_seed_202/AS006_v7_4_6_gap_weaklink_scores.csv
AS006,combined_a4_1_g0_1_p0_2,"combined weak-link classes, alpha=4.1, tau=0.1, p=0.2",combined,boundary_constriction,shape,4.1,0.999999999999997,0.1,0.2,0.820000000000001,0.1,0.2,1.43846015204257e-07,5.30758715613402e-07,0.135175423283871,120.377948955514,0.194763467410067,0.227916858448572,0.267739441629757,0.182468956238299,0.0492702604518165,0.20044158670707,0.249571573328122,0.287309037117544,0.162577380535138,0.0466238195826056,239.820011071108,236.66107279677,202,v7.4.6,gap_tied_weak_links_phase3_seed,/Users/asewaket/Documents/LTSpice Superconducting Circuit/matlab_v7_4_6_files/outputs/v7_4_6_as006_gap_weaklink_v800_phase3_seed_202/AS006_v7_4_6_gap_weaklink_scores.csv
AS006,combined_a4_1_g0_1_p0_3,"combined weak-link classes, alpha=4.1, tau=0.1, p=0.3",combined,boundary_constriction,shape,4.1,0.999999999999997,0.1,0.3,0.729803921568629,0.1,0.300217864923747,1.58133650319761e-07,5.98953830869773e-07,0.111168913747612,96.0248189159838,0.194851242467063,0.225657145635479,0.268207083025915,0.180899527426274,0.0531122621216413,0.196968063058697,0.236922003874232,0.278135721504227,0.170205753947899,0.0484236063519856,239.839409344694,246.013838935716,202,v7.4.6,gap_tied_weak_links_phase3_seed,/Users/asewaket/Documents/LTSpice Superconducting Circuit/matlab_v7_4_6_files/outputs/v7_4_6_as006_gap_weaklink_v800_phase3_seed_202/AS006_v7_4_6_gap_weaklink_scores.csv
AS006,crack_tunnel_a3_3_g0_1_p0_3,"tunnel/crack-like links, alpha=3.3, tau=0.1, p=0.3",tear_lane,crack_tunnel,shape,3.3,1,0.1,0.3,0.72980392156863,0.1,0.300217864923747,1.1645618135482e-07,4.46026397219426e-07,0.079331061091949,93.9898357210547,0.195284836792406,0.226867328985559,0.278202594984828,0.167292826740277,0.053586280327675,0.207781956576338,0.204276329356029,0.248880321741606,0.214081220647057,0.131491364669028,246.808228987187,288.497114061264,202,v7.4.6,gap_tied_weak_links_phase3_seed,/Users/asewaket/Documents/LTSpice Superconducting Circuit/matlab_v7_4_6_files/outputs/v7_4_6_as006_gap_weaklink_v800_phase3_seed_202/AS006_v7_4_6_gap_weaklink_scores.csv
AS006,crack_tunnel_a3_7_g0_05_p0_2,"tunnel/crack-like links, alpha=3.7, tau=0.05, p=0.2",tear_lane,crack_tunnel,shape,3.7,0,0.05,0.2,0.809586056644881,0.05,0.200435729847495,6.20808255076711e-08,5.17048917486017e-07,0.0973333121891819,109.195535249909,0.195429604311804,0.232567480943123,0.269669435201682,0.180041701910728,0.047606901624544,0.212555007687743,0.264719009190964,0.300178345393669,0.155460221475366,0.0784186479646217,248.233806423284,219.745164745358,202,v7.4.6,gap_tied_weak_links_phase3_seed,/Users/asewaket/Documents/LTSpice Superconducting Circuit/matlab_v7_4_6_files/outputs/v7_4_6_as006_gap_weaklink_v800_phase3_seed_202/AS006_v7_4_6_gap_weaklink_scores.csv
AS006,combined_a3_7_g0_05_p0_3,"combined weak-link classes, alpha=3.7, tau=0.05, p=0.3",combined,boundary_constriction,shape,3.7,0,0.05,0.3,0.714793028322442,0.05,0.300217864923747,7.84930440740701e-08,5.94607274918754e-07,0.100323166064918,87.2899998504155,0.195493623967551,0.213514922737747,0.267871521174351,0.180953847751975,0.0689857253549213,0.195822873782305,0.205465873716365,0.257542801309704,0.195499858646778,0.0785737695947038,239.696153957558,269.112909891054,202,v7.4.6,gap_tied_weak_links_phase3_seed,/Users/asewaket/Documents/LTSpice Superconducting Circuit/matlab_v7_4_6_files/outputs/v7_4_6_as006_gap_weaklink_v800_phase3_seed_202/AS006_v7_4_6_gap_weaklink_scores.csv
AS006,combined_a4_1_g0_05_p0_1,"combined weak-link classes, alpha=4.1, tau=0.05, p=0.1",combined,boundary_constriction,shape,4.1,0.999999999999997,0.05,0.1,0.904793028322441,0.05,0.100217864923747,6.76206713125075e-08,5.35609913980261e-07,0.138095591061904,135.360169310127,0.195538169498068,0.230901161747558,0.267939119142153,0.184006078066355,0.0478886296610718,0.205973963249901,0.261482507286189,0.295795800940802,0.157500884778801,0.0538685513434104,239.973061197029,228.833460934931,202,v7.4.6,gap_tied_weak_links_phase3_seed,/Users/asewaket/Documents/LTSpice Superconducting Circuit/matlab_v7_4_6_files/outputs/v7_4_6_as006_gap_weaklink_v800_phase3_seed_202/AS006_v7_4_6_gap_weaklink_scores.csv
AS006,crack_tunnel_a3_7_g0_05_p0_3,"tunnel/crack-like links, alpha=3.7, tau=0.05, p=0.3",tear_lane,crack_tunnel,shape,3.7,0,0.05,0.3,0.714793028322442,0.05,0.300217864923747,7.03305422602179e-08,5.38731014770908e-07,0.0889469472849125,87.2483572164649,0.195551823677518,0.227581011881345,0.276437759998674,0.167450096637114,0.0570994057121727,0.232678287273337,0.210475751943664,0.239924889675521,0.259327418425792,0.208887854458619,249.475828111138,319.7022768561,202,v7.4.6,gap_tied_weak_links_phase3_seed,/Users/asewaket/Documents/LTSpice Superconducting Circuit/matlab_v7_4_6_files/outputs/v7_4_6_as006_gap_weaklink_v800_phase3_seed_202/AS006_v7_4_6_gap_weaklink_scores.csv
AS006,combined_a3_3_g0_2_p0_3,"combined weak-link classes, alpha=3.3, tau=0.2, p=0.3",combined,boundary_constriction,shape,3.3,1,0.2,0.3,0.759825708061,0.2,0.300217864923747,2.2113241254933e-07,4.28281209265321e-07,0.0894774183822242,110.538983811176,0.195648324462917,0.228956437249221,0.277146160699575,0.172416567720491,0.0487586941904949,0.200599682705467,0.24645158431886,0.293311240821869,0.157661700837519,0.0461750317233078,240.855039398199,239.270951115175,202,v7.4.6,gap_tied_weak_links_phase3_seed,/Users/asewaket/Documents/LTSpice Superconducting Circuit/matlab_v7_4_6_files/outputs/v7_4_6_as006_gap_weaklink_v800_phase3_seed_202/AS006_v7_4_6_gap_weaklink_scores.csv
AS006,combined_a3_3_g0_1_p0_1,"combined weak-link classes, alpha=3.3, tau=0.1, p=0.1",combined,boundary_constriction,shape,3.3,1,0.1,0.1,0.909803921568628,0.1,0.100217864923747,1.04007274113971e-07,4.11910485804372e-07,0.111150109879094,141.666358767134,0.195767040548867,0.228678418120495,0.274867214630483,0.177955926744519,0.0466942505898481,0.203317722510087,0.252181592960798,0.296599314485523,0.157693383005778,0.0482414904827491,241.802034000564,232.811166060168,202,v7.4.6,gap_tied_weak_links_phase3_seed,/Users/asewaket/Documents/LTSpice Superconducting Circuit/matlab_v7_4_6_files/outputs/v7_4_6_as006_gap_weaklink_v800_phase3_seed_202/AS006_v7_4_6_gap_weaklink_scores.csv
AS006,crack_tunnel_a3_7_g0_1_p0_2,"tunnel/crack-like links, alpha=3.7, tau=0.1, p=0.2",tear_lane,crack_tunnel,shape,3.7,0,0.1,0.2,0.819607843137257,0.1,0.200435729847495,1.17113874037958e-07,4.87699714837374e-07,0.0973333121891819,115.766795791748,0.195929960701896,0.233996833173874,0.270750829147325,0.179842897547272,0.0470353973936998,0.201283707879519,0.252233574271891,0.287965358819344,0.162878270180306,0.0466477494664697,242.206598586504,236.750423221548,202,v7.4.6,gap_tied_weak_links_phase3_seed,/Users/asewaket/Documents/LTSpice Superconducting Circuit/matlab_v7_4_6_files/outputs/v7_4_6_as006_gap_weaklink_v800_phase3_seed_202/AS006_v7_4_6_gap_weaklink_scores.csv
AS006,combined_a3_3_g0_2_p0_2,"combined weak-link classes, alpha=3.3, tau=0.2, p=0.2",combined,boundary_constriction,shape,3.3,1,0.2,0.2,0.839999999999999,0.2,0.2,2.10522563957021e-07,3.9342162905449e-07,0.108799730935799,132.405554124844,0.196480053535352,0.23164429756461,0.277127014047758,0.174283928151429,0.0479287853392852,0.203736546215836,0.254758109791745,0.298617804386352,0.155108320970617,0.0474580623980497,240.397023176938,234.620598812946,202,v7.4.6,gap_tied_weak_links_phase3_seed,/Users/asewaket/Documents/LTSpice Superconducting Circuit/matlab_v7_4_6_files/outputs/v7_4_6_as006_gap_weaklink_v800_phase3_seed_202/AS006_v7_4_6_gap_weaklink_scores.csv
AS006,crack_tunnel_a4_1_g0_1_p0_2,"tunnel/crack-like links, alpha=4.1, tau=0.1, p=0.2",tear_lane,crack_tunnel,shape,4.1,0.999999999999997,0.1,0.2,0.819607843137257,0.1,0.200435729847495,1.29774833393413e-07,5.40424008333307e-07,0.10785583242585,115.766795791748,0.196650151803237,0.2357500616166,0.268470404734669,0.182724386810404,0.0492720056009095,0.202387923555792,0.257322967110161,0.288332063023296,0.162762274389011,0.0465826973917665,239.387443603135,236.872231077262,202,v7.4.6,gap_tied_weak_links_phase3_seed,/Users/asewaket/Documents/LTSpice Superconducting Circuit/matlab_v7_4_6_files/outputs/v7_4_6_as006_gap_weaklink_v800_phase3_seed_202/AS006_v7_4_6_gap_weaklink_scores.csv
AS006,combined_a3_7_g0_2_p0_3,"combined weak-link classes, alpha=3.7, tau=0.2, p=0.3",combined,boundary_constriction,shape,3.7,0,0.2,0.3,0.759825708061,0.2,0.300217864923747,2.47936341343188e-07,4.80194083115663e-07,0.100323166064918,110.538983811176,0.197011471370849,0.235688371573707,0.27687654975607,0.17293236290764,0.0486695695728648,0.202330653933711,0.254340580833378,0.293942208603147,0.157370978871358,0.0462001001904737,240.482602481965,238.795385997161,202,v7.4.6,gap_tied_weak_links_phase3_seed,/Users/asewaket/Documents/LTSpice Superconducting Circuit/matlab_v7_4_6_files/outputs/v7_4_6_as006_gap_weaklink_v800_phase3_seed_202/AS006_v7_4_6_gap_weaklink_scores.csv
AS006,combined_a3_7_g0_1_p0_1,"combined weak-link classes, alpha=3.7, tau=0.1, p=0.1",combined,boundary_constriction,shape,3.7,0,0.1,0.1,0.909803921568628,0.1,0.100217864923747,1.16614216430816e-07,4.61839029538235e-07,0.124622850470499,141.666358767134,0.197053522511799,0.234409321555504,0.273966466605412,0.179321639825985,0.0472649246615404,0.204940919158258,0.259658988148855,0.297121855809619,0.157583299396453,0.0481032357300382,240.319732881583,232.856571508882,202,v7.4.6,gap_tied_weak_links_phase3_seed,/Users/asewaket/Documents/LTSpice Superconducting Circuit/matlab_v7_4_6_files/outputs/v7_4_6_as006_gap_weaklink_v800_phase3_seed_202/AS006_v7_4_6_gap_weaklink_scores.csv
AS006,combined_a4_1_g0_05_p0_3,"combined weak-link classes, alpha=4.1, tau=0.05, p=0.3",combined,boundary_constriction,shape,4.1,0.999999999999997,0.05,0.3,0.714793028322442,0.05,0.300217864923747,8.69787785685641e-08,6.58889142477538e-07,0.111168913747612,87.2899998504155,0.197063172884142,0.221275579724709,0.268025371487142,0.181125112187882,0.0685894943586472,0.197316889417776,0.213187346042345,0.258210332363674,0.194891511376728,0.0779146301891932,239.577845247701,268.560700481662,202,v7.4.6,gap_tied_weak_links_phase3_seed,/Users/asewaket/Documents/LTSpice Superconducting Circuit/matlab_v7_4_6_files/outputs/v7_4_6_as006_gap_weaklink_v800_phase3_seed_202/AS006_v7_4_6_gap_weaklink_scores.csv
AS006,crack_tunnel_a3_3_g0_2_p0_3,"tunnel/crack-like links, alpha=3.3, tau=0.2, p=0.3",tear_lane,crack_tunnel,shape,3.3,1,0.2,0.3,0.759825708061,0.2,0.300217864923747,2.07183662791443e-07,4.05747468332222e-07,0.079331061091949,105.661780535844,0.197247312570746,0.235230023839293,0.279196197003764,0.16856588276474,0.0517058408019254,0.201404491246353,0.230247886842659,0.273021171331781,0.177421551952965,0.0772105796172844,241.321791906986,262.027746819849,202,v7.4.6,gap_tied_weak_links_phase3_seed,/Users/asewaket/Documents/LTSpice Superconducting Circuit/matlab_v7_4_6_files/outputs/v7_4_6_as006_gap_weaklink_v800_phase3_seed_202/AS006_v7_4_6_gap_weaklink_scores.csv
AS006,contact_relaxed_a3_3_g0_05_p0_2,"contact-relaxed SNS links, alpha=3.3, tau=0.05, p=0.2",contact_relaxation,contact_relaxed,shape,3.3,1,0.05,0.2,0.810000000000002,0.05,0.2,3.84519535471331e-08,8.06560685216814e-07,0.0392859307974335,72.1620222466395,0.197446275133752,0.227987294548481,0.287135174010507,0.167129355910083,0.0478458317142886,0.213328495727117,0.267751596997947,0.324963021169986,0.141665790681808,0.0531233562378993,235.580312225948,224.80185367327,202,v7.4.6,gap_tied_weak_links_phase3_seed,/Users/asewaket/Documents/LTSpice Superconducting Circuit/matlab_v7_4_6_files/outputs/v7_4_6_as006_gap_weaklink_v800_phase3_seed_202/AS006_v7_4_6_gap_weaklink_scores.csv
AS006,combined_a3_7_g0_2_p0_2,"combined weak-link classes, alpha=3.7, tau=0.2, p=0.2",combined,boundary_constriction,shape,3.7,0,0.2,0.2,0.839999999999999,0.2,0.2,2.36040450497266e-07,4.41109099242914e-07,0.121987577109835,132.405554124844,0.197814431023288,0.237939308340501,0.277114340211618,0.174634325813039,0.047889844139311,0.205344161366787,0.26196639571573,0.299212666878973,0.154947518371158,0.0474478461160559,240.127992252679,234.333554741647,202,v7.4.6,gap_tied_weak_links_phase3_seed,/Users/asewaket/Documents/LTSpice Superconducting Circuit/matlab_v7_4_6_files/outputs/v7_4_6_as006_gap_weaklink_v800_phase3_seed_202/AS006_v7_4_6_gap_weaklink_scores.csv
AS006,combined_a4_1_g0_2_p0_3,"combined weak-link classes, alpha=4.1, tau=0.2, p=0.3",combined,boundary_constriction,shape,4.1,0.999999999999997,0.2,0.3,0.759825708061,0.2,0.300217864923747,2.74740270137046e-07,5.32106956966005e-07,0.111168913747612,110.538983811176,0.197951114944316,0.240530127027265,0.276449161106683,0.173556431960157,0.0484938758074263,0.203639255353119,0.26030267489681,0.294434694316661,0.157139963878673,0.0462079319662878,240.135441224237,238.269372631564,202,v7.4.6,gap_tied_weak_links_phase3_seed,/Users/asewaket/Documents/LTSpice Superconducting Circuit/matlab_v7_4_6_files/outputs/v7_4_6_as006_gap_weaklink_v800_phase3_seed_202/AS006_v7_4_6_gap_weaklink_scores.csv
AS006,combined_a4_1_g0_1_p0_1,"combined weak-link classes, alpha=4.1, tau=0.1, p=0.1",combined,boundary_constriction,shape,4.1,0.999999999999997,0.1,0.1,0.909803921568628,0.1,0.100217864923747,1.29221158747661e-07,5.11767573272098e-07,0.138095591061904,141.666358767134,0.198140775426575,0.239028261513763,0.273931630568985,0.179745472940708,0.0476134209475012,0.206175675481146,0.265134089443762,0.297616062571563,0.157493835092991,0.048048884595493,239.771190918958,232.887001110729,202,v7.4.6,gap_tied_weak_links_phase3_seed,/Users/asewaket/Documents/LTSpice Superconducting Circuit/matlab_v7_4_6_files/outputs/v7_4_6_as006_gap_weaklink_v800_phase3_seed_202/AS006_v7_4_6_gap_weaklink_scores.csv
AS006,boundary_sns_a3_7_g0_1_p0_3,"SNS-like boundary constriction, alpha=3.7, tau=0.1, p=0.3",boundary_lane,boundary_constriction,shape,3.7,0,0.1,0.3,0.715686274509806,0.1,0.315904139433551,1.06002975164774e-07,3.45193701713475e-07,0.108702599657029,136.12087979486,0.198444546041911,0.237756938928629,0.273207469954919,0.179945383029144,0.0514209900733901,0.202037676604723,0.253511985854762,0.287891085284385,0.165081097065001,0.0465156265899291,240.342662884476,240.828660916581,202,v7.4.6,gap_tied_weak_links_phase3_seed,/Users/asewaket/Documents/LTSpice Superconducting Circuit/matlab_v7_4_6_files/outputs/v7_4_6_as006_gap_weaklink_v800_phase3_seed_202/AS006_v7_4_6_gap_weaklink_scores.csv
AS006,crack_tunnel_a3_7_g0_2_p0_3,"tunnel/crack-like links, alpha=3.7, tau=0.2, p=0.3",tear_lane,crack_tunnel,shape,3.7,0,0.2,0.3,0.759825708061,0.2,0.300217864923747,2.32296834038891e-07,4.54928979645219e-07,0.0889469472849125,105.661780535844,0.198584948544684,0.242125562794458,0.279344903656729,0.168602493866057,0.0511924811971129,0.202773258687535,0.237042171689123,0.273393897208369,0.17719340746896,0.0768930422977066,241.353254382564,261.718171771076,202,v7.4.6,gap_tied_weak_links_phase3_seed,/Users/asewaket/Documents/LTSpice Superconducting Circuit/matlab_v7_4_6_files/outputs/v7_4_6_as006_gap_weaklink_v800_phase3_seed_202/AS006_v7_4_6_gap_weaklink_scores.csv
AS006,contact_relaxed_a3_3_g0_05_p0_3,"contact-relaxed SNS links, alpha=3.3, tau=0.05, p=0.3",contact_relaxation,contact_relaxed,shape,3.3,1,0.05,0.3,0.714793028322441,0.05,0.300217864923747,1.61691785053229e-07,2.68854389470753e-06,0.0420189268416883,18.9103040278514,0.198651255211851,0.228801215613235,0.302883426411862,0.148898827364967,0.0482855300190513,0.207287898701949,0.249686607263292,0.322902181272662,0.138078138700087,0.0490763956441847,242.238283693291,234.940253126454,202,v7.4.6,gap_tied_weak_links_phase3_seed,/Users/asewaket/Documents/LTSpice Superconducting Circuit/matlab_v7_4_6_files/outputs/v7_4_6_as006_gap_weaklink_v800_phase3_seed_202/AS006_v7_4_6_gap_weaklink_scores.csv
AS006,crack_tunnel_a3_3_g0_2_p0_2,"tunnel/crack-like links, alpha=3.3, tau=0.2, p=0.2",tear_lane,crack_tunnel,shape,3.3,1,0.2,0.2,0.839651416122003,0.2,0.200435729847495,1.92812806707322e-07,4.03398285972605e-07,0.0868107919525136,125.429212409706,0.198680046068933,0.240100381734746,0.280625669127977,0.170780220881805,0.0487296515337043,0.202343039547845,0.25144177417691,0.291216884679345,0.161212868525799,0.0491277897162111,241.019938167349,244.506689743418,202,v7.4.6,gap_tied_weak_links_phase3_seed,/Users/asewaket/Documents/LTSpice Superconducting Circuit/matlab_v7_4_6_files/outputs/v7_4_6_as006_gap_weaklink_v800_phase3_seed_202/AS006_v7_4_6_gap_weaklink_scores.csv
AS006,combined_a4_1_g0_2_p0_2,"combined weak-link classes, alpha=4.1, tau=0.2, p=0.2",combined,boundary_constriction,shape,4.1,0.999999999999997,0.2,0.2,0.839999999999999,0.2,0.2,2.61558337037511e-07,4.88796569431336e-07,0.135175423283871,132.405554124844,0.198781656881293,0.24253841295456,0.276977336711788,0.175046996671811,0.0478507863665107,0.206578650199834,0.267449551099658,0.299688858784407,0.154817961271138,0.0474657454378771,239.870135825257,234.024809735397,202,v7.4.6,gap_tied_weak_links_phase3_seed,/Users/asewaket/Documents/LTSpice Superconducting Circuit/matlab_v7_4_6_files/outputs/v7_4_6_as006_gap_weaklink_v800_phase3_seed_202/AS006_v7_4_6_gap_weaklink_scores.csv
AS006,boundary_sns_a3_3_g0_2_p0_3,"SNS-like boundary constriction, alpha=3.3, tau=0.2, p=0.3",boundary_lane,boundary_constriction,shape,3.3,1,0.2,0.3,0.747276688453157,0.2,0.315904139433551,1.83008882478862e-07,3.08187690870258e-07,0.0969509672616743,140.641291073401,0.198941427535856,0.240872505115926,0.279693641972222,0.173134543205922,0.0479525801045628,0.20777257139297,0.266036112788745,0.303423718590268,0.153058183633047,0.0505125071018277,240.961651273891,232.117512566986,202,v7.4.6,gap_tied_weak_links_phase3_seed,/Users/asewaket/Documents/LTSpice Superconducting Circuit/matlab_v7_4_6_files/outputs/v7_4_6_as006_gap_weaklink_v800_phase3_seed_202/AS006_v7_4_6_gap_weaklink_scores.csv
AS006,boundary_sns_a3_3_g0_1_p0_3,"SNS-like boundary constriction, alpha=3.3, tau=0.1, p=0.3",boundary_lane,boundary_constriction,shape,3.3,1,0.1,0.3,0.715686274509806,0.1,0.315904139433551,9.45431940658795e-08,3.07875463690396e-07,0.0969509672616743,136.12087979486,0.199114806731608,0.241421883158706,0.282269671453705,0.170147844566129,0.0474954197476871,0.200630095653427,0.246880743222839,0.287471904940411,0.165206724016192,0.046685496378337,250.038697096385,240.849845726496,202,v7.4.6,gap_tied_weak_links_phase3_seed,/Users/asewaket/Documents/LTSpice Superconducting Circuit/matlab_v7_4_6_files/outputs/v7_4_6_as006_gap_weaklink_v800_phase3_seed_202/AS006_v7_4_6_gap_weaklink_scores.csv
AS006,boundary_sns_a4_1_g0_1_p0_3,"SNS-like boundary constriction, alpha=4.1, tau=0.1, p=0.3",boundary_lane,boundary_constriction,shape,4.1,0.999999999999997,0.1,0.3,0.715686274509806,0.1,0.315904139433551,1.17462756263668e-07,3.82511939736553e-07,0.120454232052383,136.12087979486,0.199174443437392,0.241127131090351,0.272744289853726,0.180722013524969,0.0515400619463783,0.203060353828439,0.258137208405938,0.288269884499463,0.164977583921155,0.0464702829607498,239.892881556176,240.444589595727,202,v7.4.6,gap_tied_weak_links_phase3_seed,/Users/asewaket/Documents/LTSpice Superconducting Circuit/matlab_v7_4_6_files/outputs/v7_4_6_as006_gap_weaklink_v800_phase3_seed_202/AS006_v7_4_6_gap_weaklink_scores.csv
AS006,combined_a3_3_g0_2_p0_1,"combined weak-link classes, alpha=3.3, tau=0.2, p=0.1",combined,boundary_constriction,shape,3.3,1,0.2,0.1,0.919825708061002,0.2,0.100217864923747,1.96839205958242e-07,3.90912718127813e-07,0.111150109879094,149.709319719032,0.199220782923798,0.23995209670566,0.281585686667037,0.173188986469609,0.046890633159005,0.206139205063748,0.261795934643691,0.301854574172627,0.155312004026209,0.0465145808401927,240.456538163173,235.578905601075,202,v7.4.6,gap_tied_weak_links_phase3_seed,/Users/asewaket/Documents/LTSpice Superconducting Circuit/matlab_v7_4_6_files/outputs/v7_4_6_as006_gap_weaklink_v800_phase3_seed_202/AS006_v7_4_6_gap_weaklink_scores.csv
AS006,contact_relaxed_a3_7_g0_05_p0_2,"contact-relaxed SNS links, alpha=3.7, tau=0.05, p=0.2",contact_relaxation,contact_relaxed,shape,3.7,0,0.05,0.2,0.810000000000002,0.05,0.2,4.3112796401331e-08,9.04325616758246e-07,0.044047861803183,72.1620222466395,0.199305445955574,0.237045831146358,0.285943609832851,0.168892994723458,0.0479638380196984,0.215980522441178,0.279313065323106,0.325996789147472,0.141548446446253,0.0531596078168919,234.473337746754,223.834042552267,202,v7.4.6,gap_tied_weak_links_phase3_seed,/Users/asewaket/Documents/LTSpice Superconducting Circuit/matlab_v7_4_6_files/outputs/v7_4_6_as006_gap_weaklink_v800_phase3_seed_202/AS006_v7_4_6_gap_weaklink_scores.csv
AS006,crack_tunnel_a4_1_g0_2_p0_3,"tunnel/crack-like links, alpha=4.1, tau=0.2, p=0.3",tear_lane,crack_tunnel,shape,4.1,0.999999999999997,0.2,0.3,0.759825708061,0.2,0.300217864923747,2.57410005286338e-07,5.04110490958216e-07,0.098562833477876,105.661780535844,0.199393142917426,0.246098628055275,0.27852697589274,0.169636024692036,0.0513998478545146,0.203831747042776,0.24198471922988,0.273741638224826,0.177034709360816,0.0768327623895353,240.683077826792,261.178052214595,202,v7.4.6,gap_tied_weak_links_phase3_seed,/Users/asewaket/Documents/LTSpice Superconducting Circuit/matlab_v7_4_6_files/outputs/v7_4_6_as006_gap_weaklink_v800_phase3_seed_202/AS006_v7_4_6_gap_weaklink_scores.csv
AS006,contact_relaxed_a3_3_g0_1_p0_2,"contact-relaxed SNS links, alpha=3.3, tau=0.1, p=0.2",contact_relaxation,contact_relaxed,shape,3.3,1,0.1,0.2,0.820000000000002,0.1,0.2,6.66955028831196e-08,6.99495936407367e-07,0.0392859307974335,83.207131136191,0.199823664826386,0.237340863615881,0.291505909279326,0.162732692738937,0.0482262533535552,0.21507106528154,0.275108262182189,0.32718066137751,0.140389241396597,0.0521943550691248,236.166678898187,226.392262329466,202,v7.4.6,gap_tied_weak_links_phase3_seed,/Users/asewaket/Documents/LTSpice Superconducting Circuit/matlab_v7_4_6_files/outputs/v7_4_6_as006_gap_weaklink_v800_phase3_seed_202/AS006_v7_4_6_gap_weaklink_scores.csv
AS006,boundary_sns_a3_7_g0_2_p0_3,"SNS-like boundary constriction, alpha=3.7, tau=0.2, p=0.3",boundary_lane,boundary_constriction,shape,3.7,0,0.2,0.3,0.747276688453157,0.2,0.315904139433551,2.05191777324785e-07,3.45543774612108e-07,0.108702599657029,140.641291073401,0.199938254884201,0.246040944797646,0.279331112959049,0.173624038887812,0.0477908333352578,0.209065415537922,0.272164523854313,0.303736738576452,0.152971392298158,0.0504090209538093,240.67001101086,231.791845333969,202,v7.4.6,gap_tied_weak_links_phase3_seed,/Users/asewaket/Documents/LTSpice Superconducting Circuit/matlab_v7_4_6_files/outputs/v7_4_6_as006_gap_weaklink_v800_phase3_seed_202/AS006_v7_4_6_gap_weaklink_scores.csv
AS006,crack_tunnel_a3_3_g0_05_p0_1,"tunnel/crack-like links, alpha=3.3, tau=0.05, p=0.1",tear_lane,crack_tunnel,shape,3.3,1,0.05,0.1,0.904793028322441,0.05,0.100217864923747,4.68874796618514e-08,4.00347794507839e-07,0.106485482305091,145.204993078103,0.199944287992712,0.241542861370622,0.281473741179162,0.174858489002697,0.0470264202760348,0.205736293658466,0.240482430904331,0.280196785440351,0.178834802243061,0.0743111600635603,242.738815133971,255.499419660643,202,v7.4.6,gap_tied_weak_links_phase3_seed,/Users/asewaket/Documents/LTSpice Superconducting Circuit/matlab_v7_4_6_files/outputs/v7_4_6_as006_gap_weaklink_v800_phase3_seed_202/AS006_v7_4_6_gap_weaklink_scores.csv
AS006,crack_tunnel_a3_7_g0_2_p0_2,"tunnel/crack-like links, alpha=3.7, tau=0.2, p=0.2",tear_lane,crack_tunnel,shape,3.7,0,0.2,0.2,0.839651416122003,0.2,0.200435729847495,2.1618405600518e-07,4.52295047908679e-07,0.0973333121891819,125.429212409706,0.200007801529571,0.24628476107219,0.280795816735643,0.170738011071116,0.0489390534493958,0.203688825201752,0.257902186916336,0.291537912347806,0.161065274272831,0.0490189996427254,240.783708524207,244.615069384168,202,v7.4.6,gap_tied_weak_links_phase3_seed,/Users/asewaket/Documents/LTSpice Superconducting Circuit/matlab_v7_4_6_files/outputs/v7_4_6_as006_gap_weaklink_v800_phase3_seed_202/AS006_v7_4_6_gap_weaklink_scores.csv
AS006,boundary_sns_a4_1_g0_2_p0_3,"SNS-like boundary constriction, alpha=4.1, tau=0.2, p=0.3",boundary_lane,boundary_constriction,shape,4.1,0.999999999999997,0.2,0.3,0.747276688453157,0.2,0.315904139433551,2.27374672170707e-07,3.82899858353957e-07,0.120454232052383,140.641291073401,0.200542631358359,0.249015234352578,0.278555420144494,0.174597098330728,0.0479795642729419,0.210050815608961,0.276677204909517,0.304051264018311,0.152900136245302,0.0503619907966156,240.009151984738,231.414236806424,202,v7.4.6,gap_tied_weak_links_phase3_seed,/Users/asewaket/Documents/LTSpice Superconducting Circuit/matlab_v7_4_6_files/outputs/v7_4_6_as006_gap_weaklink_v800_phase3_seed_202/AS006_v7_4_6_gap_weaklink_scores.csv
AS006,combined_a3_7_g0_2_p0_1,"combined weak-link classes, alpha=3.7, tau=0.2, p=0.1",combined,boundary_constriction,shape,3.7,0,0.2,0.1,0.919825708061002,0.2,0.100217864923747,2.20698503650151e-07,4.38296077900881e-07,0.124622850470499,149.709319719032,0.200543760387486,0.246152358542807,0.281688334314309,0.173269333730677,0.0470251911812365,0.207554649005557,0.268471721443328,0.302211664646605,0.155220341384485,0.0464056837222906,240.079166661737,235.730490351434,202,v7.4.6,gap_tied_weak_links_phase3_seed,/Users/asewaket/Documents/LTSpice Superconducting Circuit/matlab_v7_4_6_files/outputs/v7_4_6_as006_gap_weaklink_v800_phase3_seed_202/AS006_v7_4_6_gap_weaklink_scores.csv
AS006,crack_tunnel_a3_7_g0_05_p0_1,"tunnel/crack-like links, alpha=3.7, tau=0.05, p=0.1",tear_lane,crack_tunnel,shape,3.7,0,0.05,0.1,0.904793028322441,0.05,0.100217864923747,5.25708105299546e-08,4.48874799902729e-07,0.119392813493586,145.204993078103,0.200676779028455,0.24459627528767,0.278967172052374,0.177806006974848,0.048337560044392,0.207048164866301,0.246551920753062,0.280586093466444,0.178702372416758,0.0742852744912171,239.81801875115,255.462804250771,202,v7.4.6,gap_tied_weak_links_phase3_seed,/Users/asewaket/Documents/LTSpice Superconducting Circuit/matlab_v7_4_6_files/outputs/v7_4_6_as006_gap_weaklink_v800_phase3_seed_202/AS006_v7_4_6_gap_weaklink_scores.csv
AS006,boundary_sns_a4_1_g0_05_p0_3,"SNS-like boundary constriction, alpha=4.1, tau=0.05, p=0.3",boundary_lane,boundary_constriction,shape,4.1,0.999999999999997,0.05,0.3,0.699891067538129,0.05,0.315904139433551,5.83883148983925e-08,3.80277601175971e-07,0.120454232052383,136.920664293567,0.200686797779608,0.240279673302995,0.272751700108032,0.181652474322762,0.0587732475025344,0.205376790485335,0.230474181298226,0.262718673169064,0.197579363489936,0.0896778887201639,240.413300422363,268.877058265946,202,v7.4.6,gap_tied_weak_links_phase3_seed,/Users/asewaket/Documents/LTSpice Superconducting Circuit/matlab_v7_4_6_files/outputs/v7_4_6_as006_gap_weaklink_v800_phase3_seed_202/AS006_v7_4_6_gap_weaklink_scores.csv
AS006,crack_tunnel_a3_3_g0_1_p0_1,"tunnel/crack-like links, alpha=3.3, tau=0.1, p=0.1",tear_lane,crack_tunnel,shape,3.3,1,0.1,0.1,0.909803921568628,0.1,0.100217864923747,9.20408418878688e-08,3.92944431223434e-07,0.106485482305091,147.940762385534,0.200720797129684,0.243841541453647,0.282594244736302,0.174322996449583,0.0473187703442685,0.20677035841075,0.247211177138182,0.285439232106333,0.173625047327284,0.0700906495703806,240.724899120722,253.029966386264,202,v7.4.6,gap_tied_weak_links_phase3_seed,/Users/asewaket/Documents/LTSpice Superconducting Circuit/matlab_v7_4_6_files/outputs/v7_4_6_as006_gap_weaklink_v800_phase3_seed_202/AS006_v7_4_6_gap_weaklink_scores.csv
AS006,contact_relaxed_a3_3_g0_1_p0_3,"contact-relaxed SNS links, alpha=3.3, tau=0.1, p=0.3",contact_relaxation,contact_relaxed,shape,3.3,1,0.1,0.3,0.72980392156863,0.1,0.300217864923747,1.72417631784744e-07,1.43344441129833e-06,0.0420189268416883,35.4678437757444,0.200742183516122,0.237380962108287,0.303593754482998,0.14930137248546,0.0484141695202503,0.210262499265012,0.260590480647541,0.325564860997074,0.137662073587964,0.0489059169476836,241.161660311481,234.216456986611,202,v7.4.6,gap_tied_weak_links_phase3_seed,/Users/asewaket/Documents/LTSpice Superconducting Circuit/matlab_v7_4_6_files/outputs/v7_4_6_as006_gap_weaklink_v800_phase3_seed_202/AS006_v7_4_6_gap_weaklink_scores.csv
AS006,crack_tunnel_a3_3_g0_1_p0_2,"tunnel/crack-like links, alpha=3.3, tau=0.1, p=0.2",tear_lane,crack_tunnel,shape,3.3,1,0.1,0.2,0.819607843137257,0.1,0.200435729847495,1.04452914682503e-07,4.34975421341442e-07,0.0868107919525136,115.766795791748,0.200778214461481,0.241947735896916,0.28484524301233,0.166019985292599,0.0559391795231634,0.199790662165695,0.245057161218757,0.28759119377685,0.163025537702977,0.0468296383715115,245.656983358953,247.526286936113,202,v7.4.6,gap_tied_weak_links_phase3_seed,/Users/asewaket/Documents/LTSpice Superconducting Circuit/matlab_v7_4_6_files/outputs/v7_4_6_as006_gap_weaklink_v800_phase3_seed_202/AS006_v7_4_6_gap_weaklink_scores.csv
AS006,crack_tunnel_a4_1_g0_2_p0_2,"tunnel/crack-like links, alpha=4.1, tau=0.2, p=0.2",tear_lane,crack_tunnel,shape,4.1,0.999999999999997,0.2,0.2,0.839651416122003,0.2,0.200435729847495,2.39555305303037e-07,5.01191809844752e-07,0.10785583242585,125.429212409706,0.2007827327703,0.249608174181965,0.279998565376688,0.171732251882821,0.0496426854068042,0.204723805080713,0.2626074228706,0.291863260378181,0.160955568147882,0.0490564366862958,239.88736886169,244.412516995462,202,v7.4.6,gap_tied_weak_links_phase3_seed,/Users/asewaket/Documents/LTSpice Superconducting Circuit/matlab_v7_4_6_files/outputs/v7_4_6_as006_gap_weaklink_v800_phase3_seed_202/AS006_v7_4_6_gap_weaklink_scores.csv
AS006,boundary_sns_a3_3_g0_05_p0_3,"SNS-like boundary constriction, alpha=3.3, tau=0.05, p=0.3",boundary_lane,boundary_constriction,shape,3.3,1,0.05,0.3,0.699891067538129,0.05,0.315904139433551,4.69954729669989e-08,3.0607709362944e-07,0.0969509672616743,136.920664293567,0.200795130121982,0.244312618541407,0.286470709040261,0.166471685437928,0.0502496844506378,0.20341761659027,0.21944451398122,0.26145991775488,0.198441679010276,0.0920366141362472,255.948430979996,268.998588220879,202,v7.4.6,gap_tied_weak_links_phase3_seed,/Users/asewaket/Documents/LTSpice Superconducting Circuit/matlab_v7_4_6_files/outputs/v7_4_6_as006_gap_weaklink_v800_phase3_seed_202/AS006_v7_4_6_gap_weaklink_scores.csv
AS006,contact_relaxed_a4_1_g0_05_p0_2,"contact-relaxed SNS links, alpha=4.1, tau=0.05, p=0.2",contact_relaxation,contact_relaxed,shape,4.1,0.999999999999997,0.05,0.2,0.810000000000002,0.05,0.2,4.7773639255529e-08,1.00209054829968e-06,0.0488097928089326,72.1620222466395,0.200834692940986,0.244273930923732,0.285306028752022,0.169966131424142,0.048156319184981,0.218014620320717,0.288230659244219,0.326764453805852,0.141447941230695,0.053194721660756,233.711684011717,223.283754623462,202,v7.4.6,gap_tied_weak_links_phase3_seed,/Users/asewaket/Documents/LTSpice Superconducting Circuit/matlab_v7_4_6_files/outputs/v7_4_6_as006_gap_weaklink_v800_phase3_seed_202/AS006_v7_4_6_gap_weaklink_scores.csv
AS006,contact_relaxed_a3_7_g0_05_p0_3,"contact-relaxed SNS links, alpha=3.7, tau=0.05, p=0.3",contact_relaxation,contact_relaxed,shape,3.7,0,0.05,0.3,0.714793028322441,0.05,0.300217864923747,1.81290789302106e-07,3.01442800315693e-06,0.0471121300952263,18.9103040278514,0.200895558874932,0.238170401886965,0.304172382929483,0.148615515840397,0.0482363275606064,0.209654292589255,0.259361627189807,0.324226285539387,0.137958215692228,0.0490660664472573,242.26053231385,234.912457651134,202,v7.4.6,gap_tied_weak_links_phase3_seed,/Users/asewaket/Documents/LTSpice Superconducting Circuit/matlab_v7_4_6_files/outputs/v7_4_6_as006_gap_weaklink_v800_phase3_seed_202/AS006_v7_4_6_gap_weaklink_scores.csv
AS006,boundary_sns_a3_7_g0_05_p0_3,"SNS-like boundary constriction, alpha=3.7, tau=0.05, p=0.3",boundary_lane,boundary_constriction,shape,3.7,0,0.05,0.3,0.699891067538129,0.05,0.315904139433551,5.26918939326957e-08,3.43177347402705e-07,0.108702599657029,136.920664293567,0.201208270943865,0.249066263974689,0.284750015694047,0.168329759757874,0.0482503635827123,0.204610356123668,0.226204803056165,0.262137746651994,0.197959208836827,0.0906569098751544,253.524041629473,268.886132245989,202,v7.4.6,gap_tied_weak_links_phase3_seed,/Users/asewaket/Documents/LTSpice Superconducting Circuit/matlab_v7_4_6_files/outputs/v7_4_6_as006_gap_weaklink_v800_phase3_seed_202/AS006_v7_4_6_gap_weaklink_scores.csv
AS006,contact_relaxed_a3_7_g0_1_p0_2,"contact-relaxed SNS links, alpha=3.7, tau=0.1, p=0.2",contact_relaxation,contact_relaxed,shape,3.7,0,0.1,0.2,0.820000000000002,0.1,0.2,7.47798062628916e-08,7.84283322638564e-07,0.044047861803183,83.207131136191,0.201421714170713,0.245255472603544,0.290464498086889,0.16413577616651,0.0483705063898264,0.217419934109573,0.285301566045268,0.328179898032307,0.140216923397067,0.0522121286997248,235.135474315171,225.534711531519,202,v7.4.6,gap_tied_weak_links_phase3_seed,/Users/asewaket/Documents/LTSpice Superconducting Circuit/matlab_v7_4_6_files/outputs/v7_4_6_as006_gap_weaklink_v800_phase3_seed_202/AS006_v7_4_6_gap_weaklink_scores.csv
AS006,combined_a4_1_g0_2_p0_1,"combined weak-link classes, alpha=4.1, tau=0.2, p=0.1",combined,boundary_constriction,shape,4.1,0.999999999999997,0.2,0.1,0.919825708061002,0.2,0.100217864923747,2.44557801342059e-07,4.85679437673949e-07,0.138095591061904,149.709319719032,0.201541718657251,0.250551511212577,0.28170231840122,0.173485380322047,0.0473212994689842,0.208660042995114,0.273465544788661,0.302570606318214,0.155146705113515,0.0464027277381413,239.643178253559,235.845880697589,202,v7.4.6,gap_tied_weak_links_phase3_seed,/Users/asewaket/Documents/LTSpice Superconducting Circuit/matlab_v7_4_6_files/outputs/v7_4_6_as006_gap_weaklink_v800_phase3_seed_202/AS006_v7_4_6_gap_weaklink_scores.csv
AS006,crack_tunnel_a4_1_g0_05_p0_1,"tunnel/crack-like links, alpha=4.1, tau=0.05, p=0.1",tear_lane,crack_tunnel,shape,4.1,0.999999999999997,0.05,0.1,0.904793028322441,0.05,0.100217864923747,5.82541413980578e-08,4.97401805297618e-07,0.132300144682082,145.204993078103,0.201559682549578,0.247968565822667,0.278488742517542,0.17867215513695,0.0491343535983381,0.208057107027096,0.250936497980928,0.280986538700375,0.178587861367774,0.0743877677191773,238.897019449297,255.48168226222,202,v7.4.6,gap_tied_weak_links_phase3_seed,/Users/asewaket/Documents/LTSpice Superconducting Circuit/matlab_v7_4_6_files/outputs/v7_4_6_as006_gap_weaklink_v800_phase3_seed_202/AS006_v7_4_6_gap_weaklink_scores.csv
AS006,combined_a3_3_g0_05_p0_05,"combined weak-link classes, alpha=3.3, tau=0.05, p=0.05",combined,boundary_constriction,shape,3.3,1,0.05,0.05,0.95239651416122,0.05,0.0501089324618736,5.10035153522677e-08,3.95650255471076e-07,0.116293631248337,157.212198070485,0.201740716894837,0.245399516238319,0.284194658519567,0.173913873157166,0.0485710743801673,0.207124090150414,0.262921415043125,0.300419089029388,0.159277958417364,0.0478681818858116,239.899231842282,239.863743605927,202,v7.4.6,gap_tied_weak_links_phase3_seed,/Users/asewaket/Documents/LTSpice Superconducting Circuit/matlab_v7_4_6_files/outputs/v7_4_6_as006_gap_weaklink_v800_phase3_seed_202/AS006_v7_4_6_gap_weaklink_scores.csv
AS006,crack_tunnel_a3_7_g0_1_p0_1,"tunnel/crack-like links, alpha=3.7, tau=0.1, p=0.1",tear_lane,crack_tunnel,shape,3.7,0,0.1,0.1,0.909803921568628,0.1,0.100217864923747,1.03197307571247e-07,4.40574059250517e-07,0.119392813493586,147.940762385534,0.201807278272286,0.248917327718569,0.282112616115777,0.17502584634911,0.0476396775038617,0.208021505841553,0.253139750503274,0.285758978206198,0.173496053113191,0.0700195004521575,239.936489173139,253.004482037463,202,v7.4.6,gap_tied_weak_links_phase3_seed,/Users/asewaket/Documents/LTSpice Superconducting Circuit/matlab_v7_4_6_files/outputs/v7_4_6_as006_gap_weaklink_v800_phase3_seed_202/AS006_v7_4_6_gap_weaklink_scores.csv
AS006,crack_tunnel_a3_3_g0_05_p0_2,"tunnel/crack-like links, alpha=3.3, tau=0.05, p=0.2",tear_lane,crack_tunnel,shape,3.3,1,0.05,0.2,0.809586056644881,0.05,0.200435729847495,5.53693849122472e-08,4.61151737217258e-07,0.0868107919525136,109.195535249909,0.202242448306621,0.242803112357883,0.286259509760042,0.164487528970427,0.0618455758821127,0.211282841817064,0.257243293779868,0.299983771407356,0.155598343742714,0.0797013856641855,249.005189055272,234.290089055129,202,v7.4.6,gap_tied_weak_links_phase3_seed,/Users/asewaket/Documents/LTSpice Superconducting Circuit/matlab_v7_4_6_files/outputs/v7_4_6_as006_gap_weaklink_v800_phase3_seed_202/AS006_v7_4_6_gap_weaklink_scores.csv
AS006,crack_tunnel_a4_1_g0_1_p0_1,"tunnel/crack-like links, alpha=4.1, tau=0.1, p=0.1",tear_lane,crack_tunnel,shape,4.1,0.999999999999997,0.1,0.1,0.909803921568628,0.1,0.100217864923747,1.14353773254625e-07,4.88203687277599e-07,0.132300144682082,147.940762385534,0.20257708309605,0.251933395603981,0.281418297779357,0.176012087882553,0.0484548889092028,0.208960597906825,0.257345907215673,0.286092593071743,0.173382165833914,0.0700673371505062,238.831528359495,253.066674905173,202,v7.4.6,gap_tied_weak_links_phase3_seed,/Users/asewaket/Documents/LTSpice Superconducting Circuit/matlab_v7_4_6_files/outputs/v7_4_6_as006_gap_weaklink_v800_phase3_seed_202/AS006_v7_4_6_gap_weaklink_scores.csv
AS006,contact_relaxed_a4_1_g0_1_p0_2,"contact-relaxed SNS links, alpha=4.1, tau=0.1, p=0.2",contact_relaxation,contact_relaxed,shape,4.1,0.999999999999997,0.1,0.2,0.820000000000002,0.1,0.2,8.28641096426637e-08,8.69070708869759e-07,0.0488097928089326,83.207131136191,0.202671811368562,0.251366641323583,0.289796013159392,0.165082436143802,0.0484963473105379,0.219193528711489,0.293041988166549,0.32892449709619,0.140069651040636,0.0522207216717708,234.408738211634,224.955242689172,202,v7.4.6,gap_tied_weak_links_phase3_seed,/Users/asewaket/Documents/LTSpice Superconducting Circuit/matlab_v7_4_6_files/outputs/v7_4_6_as006_gap_weaklink_v800_phase3_seed_202/AS006_v7_4_6_gap_weaklink_scores.csv
AS006,combined_a3_3_g0_1_p0_05,"combined weak-link classes, alpha=3.3, tau=0.1, p=0.05",combined,boundary_constriction,shape,3.3,1,0.1,0.05,0.954901960784314,0.1,0.0501089324618736,1.00561707050129e-07,3.90044341161497e-07,0.116293631248337,159.471731199922,0.202760032564947,0.249677576698596,0.286888238849028,0.171685116044362,0.0474617730848905,0.20836634253066,0.266020941299829,0.3020478823101,0.158490060096775,0.0491144021898248,240.144567404639,240.721620793529,202,v7.4.6,gap_tied_weak_links_phase3_seed,/Users/asewaket/Documents/LTSpice Superconducting Circuit/matlab_v7_4_6_files/outputs/v7_4_6_as006_gap_weaklink_v800_phase3_seed_202/AS006_v7_4_6_gap_weaklink_scores.csv
AS006,contact_relaxed_a4_1_g0_05_p0_3,"contact-relaxed SNS links, alpha=4.1, tau=0.05, p=0.3",contact_relaxation,contact_relaxed,shape,4.1,0.999999999999997,0.05,0.3,0.714793028322441,0.05,0.300217864923747,2.00889793550982e-07,3.34031211160633e-06,0.0522053333487643,18.9103040278514,0.202816834077496,0.246207684954181,0.305220441795651,0.148340157243657,0.0483155157363408,0.211574063296067,0.267424201907109,0.325156890005651,0.137889347755226,0.0490598723693025,242.276129965812,235.0255585014,202,v7.4.6,gap_tied_weak_links_phase3_seed,/Users/asewaket/Documents/LTSpice Superconducting Circuit/matlab_v7_4_6_files/outputs/v7_4_6_as006_gap_weaklink_v800_phase3_seed_202/AS006_v7_4_6_gap_weaklink_scores.csv
AS006,contact_relaxed_a3_7_g0_1_p0_3,"contact-relaxed SNS links, alpha=3.7, tau=0.1, p=0.3",contact_relaxation,contact_relaxed,shape,3.7,0,0.1,0.3,0.72980392156863,0.1,0.300217864923747,1.93316738667743e-07,1.60719524903146e-06,0.0471121300952263,35.4678437757444,0.202886885616752,0.246321970671328,0.304757839928243,0.149016524771076,0.0485155815741605,0.212448176188145,0.269670885910634,0.326690268472425,0.137570404315431,0.0488990198090571,241.131287672715,234.306483612112,202,v7.4.6,gap_tied_weak_links_phase3_seed,/Users/asewaket/Documents/LTSpice Superconducting Circuit/matlab_v7_4_6_files/outputs/v7_4_6_as006_gap_weaklink_v800_phase3_seed_202/AS006_v7_4_6_gap_weaklink_scores.csv
AS006,crack_tunnel_a3_3_g0_2_p0_1,"tunnel/crack-like links, alpha=3.3, tau=0.2, p=0.1",tear_lane,crack_tunnel,shape,3.3,1,0.2,0.1,0.919825708061001,0.2,0.100217864923747,1.78069032399915e-07,3.80186872696398e-07,0.106485482305091,152.936107261109,0.202950314795908,0.251782379765115,0.288119711516077,0.169175953980334,0.0472897565858736,0.208465320616024,0.258499102574276,0.294176301300962,0.165037503944166,0.0627220932989512,240.381801722748,249.853926802475,202,v7.4.6,gap_tied_weak_links_phase3_seed,/Users/asewaket/Documents/LTSpice Superconducting Circuit/matlab_v7_4_6_files/outputs/v7_4_6_as006_gap_weaklink_v800_phase3_seed_202/AS006_v7_4_6_gap_weaklink_scores.csv
AS006,combined_a3_7_g0_05_p0_05,"combined weak-link classes, alpha=3.7, tau=0.05, p=0.05",combined,boundary_constriction,shape,3.7,0,0.05,0.05,0.95239651416122,0.05,0.0501089324618736,5.7185759637391e-08,4.43607862194842e-07,0.130389828975408,157.212198070485,0.202968691998917,0.250932660995328,0.283892627706819,0.174463987281896,0.0490187164099544,0.208488230080495,0.269350642034736,0.300770761672245,0.159188120292525,0.0477565250756539,239.213721947774,239.898893456978,202,v7.4.6,gap_tied_weak_links_phase3_seed,/Users/asewaket/Documents/LTSpice Superconducting Circuit/matlab_v7_4_6_files/outputs/v7_4_6_as006_gap_weaklink_v800_phase3_seed_202/AS006_v7_4_6_gap_weaklink_scores.csv
AS006,contact_relaxed_a3_3_g0_2_p0_2,"contact-relaxed SNS links, alpha=3.3, tau=0.2, p=0.2",contact_relaxation,contact_relaxed,shape,3.3,1,0.2,0.2,0.839999999999998,0.2,0.2,1.08454128457839e-07,5.68728166543759e-07,0.0392859307974335,102.338961798901,0.203217576643949,0.250533137060175,0.297181316720063,0.157795782871364,0.0482427133102572,0.217827602325537,0.286230678077117,0.330769824059501,0.138699294916253,0.0506860228011243,236.641976823571,227.996985385096,202,v7.4.6,gap_tied_weak_links_phase3_seed,/Users/asewaket/Documents/LTSpice Superconducting Circuit/matlab_v7_4_6_files/outputs/v7_4_6_as006_gap_weaklink_v800_phase3_seed_202/AS006_v7_4_6_gap_weaklink_scores.csv
AS006,boundary_sns_a3_3_g0_1_p0_2,"SNS-like boundary constriction, alpha=3.3, tau=0.1, p=0.2",boundary_lane,boundary_constriction,shape,3.3,1,0.1,0.2,0.800784313725492,0.1,0.221350762527233,8.79040899855262e-08,3.12401653484779e-07,0.11092565709317,158.712947258886,0.203595420360109,0.250833364487119,0.287380016446972,0.172069925610353,0.0491413015182835,0.205869225128995,0.258159345361866,0.294090229208541,0.165916426038225,0.0491333466203791,242.691124700392,246.485830736687,202,v7.4.6,gap_tied_weak_links_phase3_seed,/Users/asewaket/Documents/LTSpice Superconducting Circuit/matlab_v7_4_6_files/outputs/v7_4_6_as006_gap_weaklink_v800_phase3_seed_202/AS006_v7_4_6_gap_weaklink_scores.csv
AS006,combined_a3_7_g0_1_p0_05,"combined weak-link classes, alpha=3.7, tau=0.1, p=0.05",combined,boundary_constriction,shape,3.7,0,0.1,0.05,0.954901960784314,0.1,0.0501089324618736,1.12751004874387e-07,4.37322443120467e-07,0.130389828975408,159.471731199922,0.20382964524264,0.25471288738413,0.286317733659575,0.172408225940269,0.047869022499479,0.209654536506382,0.27217181426951,0.302334069071166,0.158401842603452,0.049013944133542,239.253495631615,240.767892681697,202,v7.4.6,gap_tied_weak_links_phase3_seed,/Users/asewaket/Documents/LTSpice Superconducting Circuit/matlab_v7_4_6_files/outputs/v7_4_6_as006_gap_weaklink_v800_phase3_seed_202/AS006_v7_4_6_gap_weaklink_scores.csv
AS006,contact_relaxed_a3_3_g0_2_p0_3,"contact-relaxed SNS links, alpha=3.3, tau=0.2, p=0.3",contact_relaxation,contact_relaxed,shape,3.3,1,0.2,0.3,0.759825708061001,0.2,0.300217864923747,1.92444692292655e-07,8.03219075759284e-07,0.0420189268416883,63.5536533169278,0.203892389969644,0.250169458615236,0.304692454641503,0.149868223803593,0.0487454158558625,0.214699784486655,0.276728389120035,0.329590155108167,0.137099744499405,0.0486130812496905,239.45419084915,233.230990412768,202,v7.4.6,gap_tied_weak_links_phase3_seed,/Users/asewaket/Documents/LTSpice Superconducting Circuit/matlab_v7_4_6_files/outputs/v7_4_6_as006_gap_weaklink_v800_phase3_seed_202/AS006_v7_4_6_gap_weaklink_scores.csv
AS006,combined_a4_1_g0_05_p0_05,"combined weak-link classes, alpha=4.1, tau=0.05, p=0.05",combined,boundary_constriction,shape,4.1,0.999999999999997,0.05,0.05,0.95239651416122,0.05,0.0501089324618736,6.33680039225144e-08,4.91565468918609e-07,0.144486026702479,157.212198070485,0.203918640503819,0.254946214464131,0.28381486688021,0.174849577018679,0.0494089997412464,0.209554831649293,0.274071313778148,0.301139804545147,0.159133607056204,0.0477911776940538,238.752035310453,239.918719560361,202,v7.4.6,gap_tied_weak_links_phase3_seed,/Users/asewaket/Documents/LTSpice Superconducting Circuit/matlab_v7_4_6_files/outputs/v7_4_6_as006_gap_weaklink_v800_phase3_seed_202/AS006_v7_4_6_gap_weaklink_scores.csv
AS006,boundary_sns_a3_3_g0_2_p0_2,"SNS-like boundary constriction, alpha=3.3, tau=0.2, p=0.2",boundary_lane,boundary_constriction,shape,3.3,1,0.2,0.2,0.822919389978212,0.2,0.221350762527233,1.74535551626852e-07,3.13367475405503e-07,0.11092565709317,159.870204868528,0.204006686409871,0.253615376891576,0.288580467386205,0.170244568759156,0.0485965262829728,0.211320140193034,0.276047971748518,0.309467728382359,0.153078987452892,0.0476354702314105,240.374615889959,235.091595994614,202,v7.4.6,gap_tied_weak_links_phase3_seed,/Users/asewaket/Documents/LTSpice Superconducting Circuit/matlab_v7_4_6_files/outputs/v7_4_6_as006_gap_weaklink_v800_phase3_seed_202/AS006_v7_4_6_gap_weaklink_scores.csv
AS006,crack_tunnel_a3_7_g0_2_p0_1,"tunnel/crack-like links, alpha=3.7, tau=0.2, p=0.1",tear_lane,crack_tunnel,shape,3.7,0,0.2,0.1,0.919825708061001,0.2,0.100217864923747,1.99653157539299e-07,4.26270129992931e-07,0.119392813493586,152.936107261109,0.204049161848797,0.25678448390246,0.287902952467008,0.169450101912892,0.0478185311331468,0.209594849056435,0.264052550883747,0.294416317145562,0.164870280856765,0.0626052883227406,239.640648319327,250.154394768351,202,v7.4.6,gap_tied_weak_links_phase3_seed,/Users/asewaket/Documents/LTSpice Superconducting Circuit/matlab_v7_4_6_files/outputs/v7_4_6_as006_gap_weaklink_v800_phase3_seed_202/AS006_v7_4_6_gap_weaklink_scores.csv
AS006,combined_a3_3_g0_4_p0_3,"combined weak-link classes, alpha=3.3, tau=0.4, p=0.3",combined,boundary_constriction,shape,3.3,1,0.4,0.3,0.81986928104575,0.4,0.300217864923747,3.6536967384714e-07,4.20060437596236e-07,0.0894774183822242,133.802851854329,0.204428300128945,0.258705731431691,0.295896183593943,0.157796023785653,0.0483724181915658,0.209916649923362,0.274863087342077,0.311065843271107,0.147138334920986,0.046432017899066,242.365118315201,239.123296267353,202,v7.4.6,gap_tied_weak_links_phase3_seed,/Users/asewaket/Documents/LTSpice Superconducting Circuit/matlab_v7_4_6_files/outputs/v7_4_6_as006_gap_weaklink_v800_phase3_seed_202/AS006_v7_4_6_gap_weaklink_scores.csv
AS006,combined_a3_3_g0_4_p0_2,"combined weak-link classes, alpha=3.3, tau=0.4, p=0.2",combined,boundary_constriction,shape,3.3,1,0.4,0.2,0.879999999999999,0.4,0.2,3.72482073090557e-07,3.97203296127078e-07,0.108799730935799,149.668178687008,0.204467810234044,0.258363179923767,0.294553783773029,0.160530817743903,0.0478432274637715,0.211570545777134,0.278361834689559,0.313337228042995,0.147162768121043,0.0471972849695655,241.744852236838,236.249246224151,202,v7.4.6,gap_tied_weak_links_phase3_seed,/Users/asewaket/Documents/LTSpice Superconducting Circuit/matlab_v7_4_6_files/outputs/v7_4_6_as006_gap_weaklink_v800_phase3_seed_202/AS006_v7_4_6_gap_weaklink_scores.csv
AS006,boundary_sns_a3_7_g0_1_p0_2,"SNS-like boundary constriction, alpha=3.7, tau=0.1, p=0.2",boundary_lane,boundary_constriction,shape,3.7,0,0.1,0.2,0.800784313725492,0.1,0.221350762527233,9.85591311958931e-08,3.50268520573844e-07,0.124371191286282,158.712947258886,0.204577230782606,0.253374690837885,0.284963349387243,0.1748977073508,0.0522034674589704,0.207024878975728,0.263852956212919,0.294410005537126,0.165835598487418,0.0487594308664799,240.029866192923,246.320580612307,202,v7.4.6,gap_tied_weak_links_phase3_seed,/Users/asewaket/Documents/LTSpice Superconducting Circuit/matlab_v7_4_6_files/outputs/v7_4_6_as006_gap_weaklink_v800_phase3_seed_202/AS006_v7_4_6_gap_weaklink_scores.csv
AS006,combined_a4_1_g0_1_p0_05,"combined weak-link classes, alpha=4.1, tau=0.1, p=0.05",combined,boundary_constriction,shape,4.1,0.999999999999997,0.1,0.05,0.954901960784314,0.1,0.0501089324618736,1.24940302698645e-07,4.84600545079436e-07,0.144486026702479,159.471731199922,0.204683813111638,0.258435663304622,0.286118708952475,0.172826784315304,0.048242181192609,0.210652153956327,0.276654388107906,0.302647163020929,0.158336186172432,0.049053613671561,238.720136923208,240.802157334414,202,v7.4.6,gap_tied_weak_links_phase3_seed,/Users/asewaket/Documents/LTSpice Superconducting Circuit/matlab_v7_4_6_files/outputs/v7_4_6_as006_gap_weaklink_v800_phase3_seed_202/AS006_v7_4_6_gap_weaklink_scores.csv
AS006,contact_relaxed_a3_7_g0_2_p0_2,"contact-relaxed SNS links, alpha=3.7, tau=0.2, p=0.2",contact_relaxation,contact_relaxed,shape,3.7,0,0.2,0.2,0.839999999999998,0.2,0.2,1.21600083422426e-07,6.37664914003608e-07,0.044047861803183,102.338961798901,0.204709721751761,0.257412929962458,0.2968787264412,0.158421313045471,0.0485712662174073,0.219741272417515,0.294487419303798,0.331633014132041,0.138552361916347,0.0506707156572722,235.911218138953,227.655321898637,202,v7.4.6,gap_tied_weak_links_phase3_seed,/Users/asewaket/Documents/LTSpice Superconducting Circuit/matlab_v7_4_6_files/outputs/v7_4_6_as006_gap_weaklink_v800_phase3_seed_202/AS006_v7_4_6_gap_weaklink_scores.csv
AS006,contact_relaxed_a4_1_g0_1_p0_3,"contact-relaxed SNS links, alpha=4.1, tau=0.1, p=0.3",contact_relaxation,contact_relaxed,shape,4.1,0.999999999999997,0.1,0.3,0.72980392156863,0.1,0.300217864923747,2.14215845550743e-07,1.78094608676459e-06,0.0522053333487643,35.4678437757444,0.204795038589003,0.254319153778298,0.30597486274849,0.148560588781117,0.0484992933804622,0.214238683038827,0.27729981748147,0.327482904187057,0.137522043569293,0.0488959609236973,241.350127145495,234.504058570615,202,v7.4.6,gap_tied_weak_links_phase3_seed,/Users/asewaket/Documents/LTSpice Superconducting Circuit/matlab_v7_4_6_files/outputs/v7_4_6_as006_gap_weaklink_v800_phase3_seed_202/AS006_v7_4_6_gap_weaklink_scores.csv
AS006,crack_tunnel_a3_3_g0_05_p0_05,"tunnel/crack-like links, alpha=3.3, tau=0.05, p=0.05",tear_lane,crack_tunnel,shape,3.3,1,0.05,0.05,0.951982570806101,0.05,0.0505446623093682,4.6064550270017e-08,3.85431118652886e-07,0.116366422765971,161.35223845205,0.204840122224714,0.256346433153467,0.291918330084824,0.16755749317976,0.0475502338469607,0.21051038503194,0.259391691572052,0.294498001834928,0.167220553165534,0.0687630389196048,241.096209104151,252.879673953915,202,v7.4.6,gap_tied_weak_links_phase3_seed,/Users/asewaket/Documents/LTSpice Superconducting Circuit/matlab_v7_4_6_files/outputs/v7_4_6_as006_gap_weaklink_v800_phase3_seed_202/AS006_v7_4_6_gap_weaklink_scores.csv
AS006,boundary_sns_a3_7_g0_2_p0_2,"SNS-like boundary constriction, alpha=3.7, tau=0.2, p=0.2",boundary_lane,boundary_constriction,shape,3.7,0,0.2,0.2,0.822919389978212,0.2,0.221350762527233,1.9569137606647e-07,3.51351411818292e-07,0.124371191286282,159.870204868528,0.20486472468132,0.258168668195578,0.288199964939836,0.170670846332896,0.0484664586501902,0.21244050544493,0.281506428134157,0.309706467683174,0.152984539334475,0.0474791064768466,240.06709349719,234.817936561926,202,v7.4.6,gap_tied_weak_links_phase3_seed,/Users/asewaket/Documents/LTSpice Superconducting Circuit/matlab_v7_4_6_files/outputs/v7_4_6_as006_gap_weaklink_v800_phase3_seed_202/AS006_v7_4_6_gap_weaklink_scores.csv
AS006,combined_a3_3_g0_2_p0_05,"combined weak-link classes, alpha=3.3, tau=0.2, p=0.05",combined,boundary_constriction,shape,3.3,1,0.2,0.05,0.959912854030501,0.2,0.0501089324618736,1.96404864050346e-07,3.81002913306954e-07,0.116293631248337,163.302977176702,0.204873412539028,0.257625327464478,0.292388581881279,0.166562145746599,0.0468590347551764,0.210542561372317,0.272485938399012,0.306231480334458,0.155475979392311,0.0499768036368831,240.945127920029,241.360714162491,202,v7.4.6,gap_tied_weak_links_phase3_seed,/Users/asewaket/Documents/LTSpice Superconducting Circuit/matlab_v7_4_6_files/outputs/v7_4_6_as006_gap_weaklink_v800_phase3_seed_202/AS006_v7_4_6_gap_weaklink_scores.csv
AS006,crack_tunnel_a4_1_g0_2_p0_1,"tunnel/crack-like links, alpha=4.1, tau=0.2, p=0.1",tear_lane,crack_tunnel,shape,4.1,0.999999999999997,0.2,0.1,0.919825708061001,0.2,0.100217864923747,2.21237282678682e-07,4.72353387289463e-07,0.132300144682082,152.936107261109,0.204912385147464,0.260316933178874,0.287821839776529,0.169679189969146,0.0484577854880875,0.210462952302444,0.268066051015345,0.294693362425848,0.164738364541162,0.0626123705751862,239.039198373164,250.409633328575,202,v7.4.6,gap_tied_weak_links_phase3_seed,/Users/asewaket/Documents/LTSpice Superconducting Circuit/matlab_v7_4_6_files/outputs/v7_4_6_as006_gap_weaklink_v800_phase3_seed_202/AS006_v7_4_6_gap_weaklink_scores.csv
AS006,combined_a3_7_g0_4_p0_3,"combined weak-link classes, alpha=3.7, tau=0.4, p=0.3",combined,boundary_constriction,shape,3.7,0,0.4,0.3,0.81986928104575,0.4,0.300217864923747,4.09656907040733e-07,4.70976854274567e-07,0.100323166064918,133.802851854329,0.205063719705576,0.262640072149568,0.294621148690357,0.15901211974464,0.0483263664893868,0.211272618834089,0.280894069374709,0.311630265348845,0.146948537136495,0.0464303890146387,241.50580993401,238.246836738485,202,v7.4.6,gap_tied_weak_links_phase3_seed,/Users/asewaket/Documents/LTSpice Superconducting Circuit/matlab_v7_4_6_files/outputs/v7_4_6_as006_gap_weaklink_v800_phase3_seed_202/AS006_v7_4_6_gap_weaklink_scores.csv
AS006,combined_a4_1_g0_4_p0_3,"combined weak-link classes, alpha=4.1, tau=0.4, p=0.3",combined,boundary_constriction,shape,4.1,0.999999999999997,0.4,0.3,0.81986928104575,0.4,0.300217864923747,4.53944140234326e-07,5.21893270952899e-07,0.111168913747612,133.802851854329,0.205134766954813,0.26434124838528,0.292546956088288,0.160897372786423,0.0482536972512531,0.212301273374176,0.285417421737736,0.312069592214312,0.146817465069351,0.0464453274214071,240.345242809066,237.028339693178,202,v7.4.6,gap_tied_weak_links_phase3_seed,/Users/asewaket/Documents/LTSpice Superconducting Circuit/matlab_v7_4_6_files/outputs/v7_4_6_as006_gap_weaklink_v800_phase3_seed_202/AS006_v7_4_6_gap_weaklink_scores.csv
AS006,combined_a3_7_g0_4_p0_2,"combined weak-link classes, alpha=3.7, tau=0.4, p=0.2",combined,boundary_constriction,shape,3.7,0,0.4,0.2,0.879999999999999,0.4,0.2,4.17631415283352e-07,4.45349150203088e-07,0.121987577109835,149.668178687008,0.205237705284462,0.262682695434806,0.293591262020636,0.161521267268846,0.0478195383653343,0.212891406075594,0.284349592751014,0.31379807437776,0.147032911651828,0.0471696679010891,241.060897033762,235.59569192735,202,v7.4.6,gap_tied_weak_links_phase3_seed,/Users/asewaket/Documents/LTSpice Superconducting Circuit/matlab_v7_4_6_files/outputs/v7_4_6_as006_gap_weaklink_v800_phase3_seed_202/AS006_v7_4_6_gap_weaklink_scores.csv
AS006,boundary_sns_a3_3_g0_4_p0_3,"SNS-like boundary constriction, alpha=3.3, tau=0.4, p=0.3",boundary_lane,boundary_constriction,shape,3.3,1,0.4,0.3,0.810457516339867,0.4,0.315904139433551,3.38510091775425e-07,3.56775723181103e-07,0.0969509672616743,152.069944944524,0.205264419512682,0.261687643753184,0.295821185558408,0.159383627103858,0.0477178452031882,0.213950779543757,0.283878864971718,0.316836067436104,0.145290589608324,0.0497986777234825,242.354255778896,233.717801345087,202,v7.4.6,gap_tied_weak_links_phase3_seed,/Users/asewaket/Documents/LTSpice Superconducting Circuit/matlab_v7_4_6_files/outputs/v7_4_6_as006_gap_weaklink_v800_phase3_seed_202/AS006_v7_4_6_gap_weaklink_scores.csv
AS006,boundary_sns_a4_1_g0_1_p0_2,"SNS-like boundary constriction, alpha=4.1, tau=0.1, p=0.2",boundary_lane,boundary_constriction,shape,4.1,0.999999999999997,0.1,0.2,0.800784313725492,0.1,0.221350762527233,1.0921417240626e-07,3.88135387662908e-07,0.137816725479393,158.712947258886,0.205335082499425,0.256998514071168,0.285001953016076,0.175066931929656,0.0520898157357557,0.207911289675672,0.267971535995187,0.294721011402386,0.165747263558994,0.0486390629802572,239.929501930144,246.152119662033,202,v7.4.6,gap_tied_weak_links_phase3_seed,/Users/asewaket/Documents/LTSpice Superconducting Circuit/matlab_v7_4_6_files/outputs/v7_4_6_as006_gap_weaklink_v800_phase3_seed_202/AS006_v7_4_6_gap_weaklink_scores.csv
AS006,boundary_sns_a4_1_g0_2_p0_2,"SNS-like boundary constriction, alpha=4.1, tau=0.2, p=0.2",boundary_lane,boundary_constriction,shape,4.1,0.999999999999997,0.2,0.2,0.822919389978212,0.2,0.221350762527233,2.16847200506089e-07,3.8933534823108e-07,0.137816725479393,159.870204868528,0.205471129709122,0.261386801846607,0.287899676332133,0.171066559560727,0.0483112136668627,0.21331735100299,0.285578593819519,0.309969651249275,0.152900921198762,0.047435120010747,239.850129297655,234.507740734231,202,v7.4.6,gap_tied_weak_links_phase3_seed,/Users/asewaket/Documents/LTSpice Superconducting Circuit/matlab_v7_4_6_files/outputs/v7_4_6_as006_gap_weaklink_v800_phase3_seed_202/AS006_v7_4_6_gap_weaklink_scores.csv
AS006,combined_a4_1_g0_4_p0_2,"combined weak-link classes, alpha=4.1, tau=0.4, p=0.2",combined,boundary_constriction,shape,4.1,0.999999999999997,0.4,0.2,0.879999999999999,0.4,0.2,4.62780757476147e-07,4.93495004279097e-07,0.135175423283871,149.668178687008,0.205572369564906,0.265006983947988,0.292161335796082,0.162958982004595,0.0478737987276551,0.213915433948019,0.288824666406426,0.314221410495283,0.146937633709746,0.0471929928297387,240.147627939344,234.753661437412,202,v7.4.6,gap_tied_weak_links_phase3_seed,/Users/asewaket/Documents/LTSpice Superconducting Circuit/matlab_v7_4_6_files/outputs/v7_4_6_as006_gap_weaklink_v800_phase3_seed_202/AS006_v7_4_6_gap_weaklink_scores.csv
AS006,contact_relaxed_a4_1_g0_2_p0_2,"contact-relaxed SNS links, alpha=4.1, tau=0.2, p=0.2",contact_relaxation,contact_relaxed,shape,4.1,0.999999999999997,0.2,0.2,0.839999999999998,0.2,0.2,1.34746038387012e-07,7.06601661463458e-07,0.0488097928089326,102.338961798901,0.205631970344037,0.262067787274083,0.29618001033563,0.159260766209371,0.0487010885970347,0.221165636910066,0.300663481651671,0.332265350374571,0.138438014114663,0.050652822099833,235.215947629865,227.127651717059,202,v7.4.6,gap_tied_weak_links_phase3_seed,/Users/asewaket/Documents/LTSpice Superconducting Circuit/matlab_v7_4_6_files/outputs/v7_4_6_as006_gap_weaklink_v800_phase3_seed_202/AS006_v7_4_6_gap_weaklink_scores.csv
AS006,combined_a3_7_g0_2_p0_05,"combined weak-link classes, alpha=3.7, tau=0.2, p=0.05",combined,boundary_constriction,shape,3.7,0,0.2,0.05,0.959912854030501,0.2,0.0501089324618736,2.20211514238267e-07,4.27185084616888e-07,0.130389828975408,163.302977176702,0.205703446731205,0.261999764780205,0.291559927922133,0.167352805237912,0.0470965884646997,0.2117024790215,0.278166560780461,0.306466967864745,0.155339699834377,0.0498540157707638,239.879042319999,241.392834407909,202,v7.4.6,gap_tied_weak_links_phase3_seed,/Users/asewaket/Documents/LTSpice Superconducting Circuit/matlab_v7_4_6_files/outputs/v7_4_6_as006_gap_weaklink_v800_phase3_seed_202/AS006_v7_4_6_gap_weaklink_scores.csv
AS006,crack_tunnel_a3_7_g0_05_p0_05,"tunnel/crack-like links, alpha=3.7, tau=0.05, p=0.05",tear_lane,crack_tunnel,shape,3.7,0,0.05,0.05,0.951982570806101,0.05,0.0505446623093682,5.16481321209282e-08,4.32150042125963e-07,0.130471443707301,161.35223845205,0.205705314258388,0.260698942326829,0.290983214601373,0.168646281287214,0.0477991518036897,0.211704883728881,0.265062729780386,0.294820390167926,0.167121780031278,0.0686237810310506,240.105511850493,252.595427253941,202,v7.4.6,gap_tied_weak_links_phase3_seed,/Users/asewaket/Documents/LTSpice Superconducting Circuit/matlab_v7_4_6_files/outputs/v7_4_6_as006_gap_weaklink_v800_phase3_seed_202/AS006_v7_4_6_gap_weaklink_scores.csv
AS006,boundary_sns_a3_7_g0_4_p0_3,"SNS-like boundary constriction, alpha=3.7, tau=0.4, p=0.3",boundary_lane,boundary_constriction,shape,3.7,0,0.4,0.3,0.810457516339867,0.4,0.315904139433551,3.79541618051234e-07,4.00021265384873e-07,0.108702599657029,152.069944944524,0.205779506926511,0.265289574939096,0.294519543200303,0.160544311990442,0.0475183691048757,0.215099486754461,0.289311899294807,0.317110896692771,0.145234420929633,0.0496984391031067,241.668267609709,232.93975155428,202,v7.4.6,gap_tied_weak_links_phase3_seed,/Users/asewaket/Documents/LTSpice Superconducting Circuit/matlab_v7_4_6_files/outputs/v7_4_6_as006_gap_weaklink_v800_phase3_seed_202/AS006_v7_4_6_gap_weaklink_scores.csv
AS006,boundary_sns_a4_1_g0_4_p0_3,"SNS-like boundary constriction, alpha=4.1, tau=0.4, p=0.3",boundary_lane,boundary_constriction,shape,4.1,0.999999999999997,0.4,0.3,0.810457516339867,0.4,0.315904139433551,4.20573144327043e-07,4.43266807588643e-07,0.120454232052383,152.069944944524,0.205823682725888,0.266777290075105,0.292574792797487,0.162329501818255,0.0474233588859136,0.216003599463081,0.29341549135792,0.317401953425806,0.145192048975261,0.0496590262432485,240.647358348563,231.865448430667,202,v7.4.6,gap_tied_weak_links_phase3_seed,/Users/asewaket/Documents/LTSpice Superconducting Circuit/matlab_v7_4_6_files/outputs/v7_4_6_as006_gap_weaklink_v800_phase3_seed_202/AS006_v7_4_6_gap_weaklink_scores.csv
AS006,crack_tunnel_a3_3_g0_1_p0_05,"tunnel/crack-like links, alpha=3.3, tau=0.1, p=0.05",tear_lane,crack_tunnel,shape,3.3,1,0.1,0.05,0.954509803921569,0.1,0.0505446623093682,9.11454403682179e-08,3.81315879947905e-07,0.116366422765971,163.093584699953,0.205877960492572,0.260016574551329,0.294531298891984,0.165433435658276,0.0471516602777143,0.211444681704201,0.264157652025056,0.298166176547984,0.164010534231146,0.0662617797480468,241.494697781898,251.281274045487,202,v7.4.6,gap_tied_weak_links_phase3_seed,/Users/asewaket/Documents/LTSpice Superconducting Circuit/matlab_v7_4_6_files/outputs/v7_4_6_as006_gap_weaklink_v800_phase3_seed_202/AS006_v7_4_6_gap_weaklink_scores.csv
AS006,contact_relaxed_a3_7_g0_2_p0_3,"contact-relaxed SNS links, alpha=3.7, tau=0.2, p=0.3",contact_relaxation,contact_relaxed,shape,3.7,0,0.2,0.3,0.759825708061001,0.2,0.300217864923747,2.15771321661462e-07,9.00578963730106e-07,0.0471121300952263,63.5536533169278,0.205907355790736,0.258686912276972,0.305955502675957,0.149389004049807,0.0486914819315279,0.216619313398636,0.284886992360534,0.330455600209236,0.13704401370131,0.0486072571398425,239.679345431858,233.400875646287,202,v7.4.6,gap_tied_weak_links_phase3_seed,/Users/asewaket/Documents/LTSpice Superconducting Circuit/matlab_v7_4_6_files/outputs/v7_4_6_as006_gap_weaklink_v800_phase3_seed_202/AS006_v7_4_6_gap_weaklink_scores.csv
AS006,combined_a3_3_g0_4_p0_1,"combined weak-link classes, alpha=3.3, tau=0.4, p=0.1",combined,boundary_constriction,shape,3.3,1,0.4,0.1,0.939869281045751,0.4,0.100217864923747,3.6584289654569e-07,3.8686417787816e-07,0.111150109879094,161.100100049982,0.205908383615205,0.262338734626965,0.297125376679789,0.160216472037186,0.0469631842129457,0.211873099708862,0.279249024138075,0.312988101007157,0.148737568142717,0.0464653374653155,242.031179286026,238.590827546325,202,v7.4.6,gap_tied_weak_links_phase3_seed,/Users/asewaket/Documents/LTSpice Superconducting Circuit/matlab_v7_4_6_files/outputs/v7_4_6_as006_gap_weaklink_v800_phase3_seed_202/AS006_v7_4_6_gap_weaklink_scores.csv
AS006,crack_tunnel_a3_3_g0_4_p0_2,"tunnel/crack-like links, alpha=3.3, tau=0.4, p=0.2",tear_lane,crack_tunnel,shape,3.3,1,0.4,0.2,0.879738562091502,0.4,0.200435729847495,3.40642521364678e-07,3.9851694045183e-07,0.0868107919525136,141.992599108986,0.205995797489459,0.26352045366146,0.298626810486883,0.15637799696755,0.0483891192243498,0.209134393803647,0.272314934190466,0.306854328786408,0.1504857307022,0.048254796073805,242.699716961594,245.326092145107,202,v7.4.6,gap_tied_weak_links_phase3_seed,/Users/asewaket/Documents/LTSpice Superconducting Circuit/matlab_v7_4_6_files/outputs/v7_4_6_as006_gap_weaklink_v800_phase3_seed_202/AS006_v7_4_6_gap_weaklink_scores.csv
AS006,crack_tunnel_a3_3_g0_4_p0_3,"tunnel/crack-like links, alpha=3.3, tau=0.4, p=0.3",tear_lane,crack_tunnel,shape,3.3,1,0.4,0.3,0.819869281045749,0.4,0.300217864923747,3.44834235016791e-07,4.11662470178339e-07,0.079331061091949,126.967641176439,0.206190956736851,0.264290143859876,0.30015899532991,0.153224208970659,0.0498561367837134,0.207434770773087,0.266821559022668,0.30226589708736,0.151900505832349,0.0515113426494537,243.426481852869,250.57381807584,202,v7.4.6,gap_tied_weak_links_phase3_seed,/Users/asewaket/Documents/LTSpice Superconducting Circuit/matlab_v7_4_6_files/outputs/v7_4_6_as006_gap_weaklink_v800_phase3_seed_202/AS006_v7_4_6_gap_weaklink_scores.csv
AS006,boundary_sns_a3_7_g0_05_p0_2,"SNS-like boundary constriction, alpha=3.7, tau=0.05, p=0.2",boundary_lane,boundary_constriction,shape,3.7,0,0.05,0.2,0.78971677559913,0.05,0.221350762527233,4.81528847106104e-08,3.42260315899602e-07,0.124371191286282,162.426511779974,0.2062639551703,0.254100596690214,0.286770679038847,0.1744438716868,0.0573156512348004,0.21405921750871,0.237315965798744,0.270250104214297,0.200569157795241,0.109330992125733,241.317855603392,277.094662967142,202,v7.4.6,gap_tied_weak_links_phase3_seed,/Users/asewaket/Documents/LTSpice Superconducting Circuit/matlab_v7_4_6_files/outputs/v7_4_6_as006_gap_weaklink_v800_phase3_seed_202/AS006_v7_4_6_gap_weaklink_scores.csv
AS006,combined_a4_1_g0_2_p0_05,"combined weak-link classes, alpha=4.1, tau=0.2, p=0.05",combined,boundary_constriction,shape,4.1,0.999999999999997,0.2,0.05,0.959912854030501,0.2,0.0501089324618736,2.44018164426188e-07,4.73367255926822e-07,0.144486026702479,163.302977176702,0.206413330499766,0.265174558013549,0.291098056908543,0.167910116427417,0.0475828493610589,0.212605446433066,0.282312346142508,0.30674499756261,0.155236106514415,0.0498660071452357,239.040496307266,241.516684747255,202,v7.4.6,gap_tied_weak_links_phase3_seed,/Users/asewaket/Documents/LTSpice Superconducting Circuit/matlab_v7_4_6_files/outputs/v7_4_6_as006_gap_weaklink_v800_phase3_seed_202/AS006_v7_4_6_gap_weaklink_scores.csv
AS006,crack_tunnel_a4_1_g0_05_p0_05,"tunnel/crack-like links, alpha=4.1, tau=0.05, p=0.05",tear_lane,crack_tunnel,shape,4.1,0.999999999999997,0.05,0.05,0.951982570806101,0.05,0.0505446623093682,5.72317139718394e-08,4.7886896559904e-07,0.144576464648631,161.35223845205,0.206564017905045,0.264264874447783,0.290691532682938,0.169178678903433,0.0483716842530105,0.212670239255302,0.269395550739945,0.295181453395302,0.167011352632002,0.0686239113047825,239.313576954391,252.736839999723,202,v7.4.6,gap_tied_weak_links_phase3_seed,/Users/asewaket/Documents/LTSpice Superconducting Circuit/matlab_v7_4_6_files/outputs/v7_4_6_as006_gap_weaklink_v800_phase3_seed_202/AS006_v7_4_6_gap_weaklink_scores.csv
AS006,crack_tunnel_a3_7_g0_1_p0_05,"tunnel/crack-like links, alpha=3.7, tau=0.1, p=0.05",tear_lane,crack_tunnel,shape,3.7,0,0.1,0.05,0.954509803921569,0.1,0.0505446623093682,1.02193372534062e-07,4.27535986608258e-07,0.130471443707301,163.093584699953,0.206703759717505,0.264293941316923,0.293635879654712,0.166385796074645,0.0473798227815505,0.21257921647354,0.269678671312633,0.298428668987386,0.163911950000915,0.0660773028259961,240.369458849645,251.250373203196,202,v7.4.6,gap_tied_weak_links_phase3_seed,/Users/asewaket/Documents/LTSpice Superconducting Circuit/matlab_v7_4_6_files/outputs/v7_4_6_as006_gap_weaklink_v800_phase3_seed_202/AS006_v7_4_6_gap_weaklink_scores.csv
AS006,combined_a3_7_g0_4_p0_1,"combined weak-link classes, alpha=3.7, tau=0.4, p=0.1",combined,boundary_constriction,shape,3.7,0,0.4,0.1,0.939869281045751,0.4,0.100217864923747,4.1018749006638e-07,4.33756805499755e-07,0.124622850470499,161.100100049982,0.206731833207492,0.266804416171096,0.29630057843795,0.161015430137022,0.0470594499286755,0.213090661806501,0.285031531406364,0.313272904868605,0.148667540430281,0.046359768568231,241.300865247462,238.26756045685,202,v7.4.6,gap_tied_weak_links_phase3_seed,/Users/asewaket/Documents/LTSpice Superconducting Circuit/matlab_v7_4_6_files/outputs/v7_4_6_as006_gap_weaklink_v800_phase3_seed_202/AS006_v7_4_6_gap_weaklink_scores.csv
AS006,boundary_sns_a3_3_g0_05_p0_2,"SNS-like boundary constriction, alpha=3.3, tau=0.05, p=0.2",boundary_lane,boundary_constriction,shape,3.3,1,0.05,0.2,0.78971677559913,0.05,0.221350762527233,4.29471674445985e-08,3.05259200667213e-07,0.11092565709317,162.426511779974,0.206803596491964,0.260638517951254,0.297926179811798,0.16325886690007,0.0479350662128323,0.213174139095183,0.231792049400862,0.269722997428585,0.200951579225701,0.110873926542902,253.385832294966,277.20491423343,202,v7.4.6,gap_tied_weak_links_phase3_seed,/Users/asewaket/Documents/LTSpice Superconducting Circuit/matlab_v7_4_6_files/outputs/v7_4_6_as006_gap_weaklink_v800_phase3_seed_202/AS006_v7_4_6_gap_weaklink_scores.csv
AS006,crack_tunnel_a4_1_g0_4_p0_3,"tunnel/crack-like links, alpha=4.1, tau=0.4, p=0.3",tear_lane,crack_tunnel,shape,4.1,0.999999999999997,0.4,0.3,0.819869281045749,0.4,0.300217864923747,4.28430413202679e-07,5.11459432645815e-07,0.098562833477876,126.967641176439,0.20690019523789,0.270318501279878,0.296917986681807,0.155984979108481,0.0495947743308092,0.209656507788103,0.277012750291239,0.30295987858127,0.151756503968415,0.0513943711715338,241.620248783841,248.588244313336,202,v7.4.6,gap_tied_weak_links_phase3_seed,/Users/asewaket/Documents/LTSpice Superconducting Circuit/matlab_v7_4_6_files/outputs/v7_4_6_as006_gap_weaklink_v800_phase3_seed_202/AS006_v7_4_6_gap_weaklink_scores.csv
AS006,crack_tunnel_a3_7_g0_4_p0_3,"tunnel/crack-like links, alpha=3.7, tau=0.4, p=0.3",tear_lane,crack_tunnel,shape,3.7,0,0.4,0.3,0.819869281045749,0.4,0.300217864923747,3.86632324109735e-07,4.61560951412077e-07,0.0889469472849125,126.967641176439,0.206933431147498,0.268724676793226,0.299152520118585,0.154126771864795,0.0497671039057453,0.208680196736567,0.272677146344118,0.302620800589973,0.151815442969505,0.0513681325943849,242.776694062566,249.910663650913,202,v7.4.6,gap_tied_weak_links_phase3_seed,/Users/asewaket/Documents/LTSpice Superconducting Circuit/matlab_v7_4_6_files/outputs/v7_4_6_as006_gap_weaklink_v800_phase3_seed_202/AS006_v7_4_6_gap_weaklink_scores.csv
AS006,crack_tunnel_a3_7_g0_4_p0_2,"tunnel/crack-like links, alpha=3.7, tau=0.4, p=0.2",tear_lane,crack_tunnel,shape,3.7,0,0.4,0.2,0.879738562091502,0.4,0.200435729847495,3.81932523954336e-07,4.46822024142961e-07,0.0973333121891819,141.992599108986,0.207078414146043,0.268393859961429,0.298203137921664,0.156844246820273,0.0490874108805345,0.210326661591847,0.278007841204918,0.307140788555058,0.150389574656149,0.0481421184627784,241.942990907568,245.408070623014,202,v7.4.6,gap_tied_weak_links_phase3_seed,/Users/asewaket/Documents/LTSpice Superconducting Circuit/matlab_v7_4_6_files/outputs/v7_4_6_as006_gap_weaklink_v800_phase3_seed_202/AS006_v7_4_6_gap_weaklink_scores.csv
AS006,combined_a4_1_g0_4_p0_1,"combined weak-link classes, alpha=4.1, tau=0.4, p=0.1",combined,boundary_constriction,shape,4.1,0.999999999999997,0.4,0.1,0.939869281045751,0.4,0.100217864923747,4.5453208358707e-07,4.8064943312135e-07,0.138095591061904,161.100100049982,0.207122684268483,0.269216571818124,0.294993863331587,0.162291535647101,0.0472931691351389,0.214043538767277,0.289319909903684,0.313577220822667,0.148616337326674,0.0463672258346899,240.309415677002,237.715241195735,202,v7.4.6,gap_tied_weak_links_phase3_seed,/Users/asewaket/Documents/LTSpice Superconducting Circuit/matlab_v7_4_6_files/outputs/v7_4_6_as006_gap_weaklink_v800_phase3_seed_202/AS006_v7_4_6_gap_weaklink_scores.csv
AS006,boundary_sns_a3_3_g0_1_p0_1,"SNS-like boundary constriction, alpha=3.3, tau=0.1, p=0.1",boundary_lane,boundary_constriction,shape,3.3,1,0.1,0.1,0.886274509803923,0.1,0.12636165577342,9.50729249109569e-08,3.40852821833155e-07,0.123544254142322,166.64166875698,0.207267602043439,0.263705481508366,0.296722122930898,0.163567170913472,0.0489098499379172,0.21329737435364,0.282008878418288,0.313871387220438,0.150631596359111,0.0469135702652575,241.516175472357,237.665422380406,202,v7.4.6,gap_tied_weak_links_phase3_seed,/Users/asewaket/Documents/LTSpice Superconducting Circuit/matlab_v7_4_6_files/outputs/v7_4_6_as006_gap_weaklink_v800_phase3_seed_202/AS006_v7_4_6_gap_weaklink_scores.csv
AS006,boundary_sns_a4_1_g0_05_p0_2,"SNS-like boundary constriction, alpha=4.1, tau=0.05, p=0.2",boundary_lane,boundary_constriction,shape,4.1,0.999999999999997,0.05,0.2,0.78971677559913,0.05,0.221350762527233,5.33586019766223e-08,3.79261431131992e-07,0.137816725479393,162.426511779974,0.207332599976864,0.257802178398687,0.286877821318922,0.174786157443674,0.0583419373729279,0.214702558975847,0.241131052902461,0.270738360945237,0.200277091046742,0.108243246514184,240.960901474435,276.987775908406,202,v7.4.6,gap_tied_weak_links_phase3_seed,/Users/asewaket/Documents/LTSpice Superconducting Circuit/matlab_v7_4_6_files/outputs/v7_4_6_as006_gap_weaklink_v800_phase3_seed_202/AS006_v7_4_6_gap_weaklink_scores.csv
AS006,boundary_sns_a3_3_g0_05_p0_1,"SNS-like boundary constriction, alpha=3.3, tau=0.05, p=0.1",boundary_lane,boundary_constriction,shape,3.3,1,0.05,0.1,0.879956427015252,0.05,0.12636165577342,4.7101128362487e-08,3.37731326324833e-07,0.123544254142322,168.18186115247,0.207337964227748,0.262187505150089,0.296478372165305,0.164048885459907,0.0506040578744803,0.209132364205911,0.264966941376137,0.298883789045613,0.162447969637599,0.0545882867765953,242.08297457209,251.598919235375,202,v7.4.6,gap_tied_weak_links_phase3_seed,/Users/asewaket/Documents/LTSpice Superconducting Circuit/matlab_v7_4_6_files/outputs/v7_4_6_as006_gap_weaklink_v800_phase3_seed_202/AS006_v7_4_6_gap_weaklink_scores.csv
AS006,crack_tunnel_a4_1_g0_4_p0_2,"tunnel/crack-like links, alpha=4.1, tau=0.4, p=0.2",tear_lane,crack_tunnel,shape,4.1,0.999999999999997,0.4,0.2,0.879738562091502,0.4,0.200435729847495,4.23222526543994e-07,4.95127107834092e-07,0.10785583242585,141.992599108986,0.207375117465766,0.270552854539826,0.296625276019294,0.158244046402286,0.049423441752382,0.211269353260541,0.282258546411281,0.307440662897914,0.150320298194537,0.048166687076901,240.874721413528,244.675394086996,202,v7.4.6,gap_tied_weak_links_phase3_seed,/Users/asewaket/Documents/LTSpice Superconducting Circuit/matlab_v7_4_6_files/outputs/v7_4_6_as006_gap_weaklink_v800_phase3_seed_202/AS006_v7_4_6_gap_weaklink_scores.csv
AS006,crack_tunnel_a4_1_g0_1_p0_05,"tunnel/crack-like links, alpha=4.1, tau=0.1, p=0.05",tear_lane,crack_tunnel,shape,4.1,0.999999999999997,0.1,0.05,0.954509803921569,0.1,0.0505446623093682,1.13241304699907e-07,4.7375609326861e-07,0.144576464648631,163.093584699953,0.20744938440053,0.26752187068142,0.293138479809009,0.167025477706449,0.0479508645224027,0.213485404655408,0.27384013271852,0.298731788452533,0.163799251997132,0.066057195770171,239.419010432964,251.408672989297,202,v7.4.6,gap_tied_weak_links_phase3_seed,/Users/asewaket/Documents/LTSpice Superconducting Circuit/matlab_v7_4_6_files/outputs/v7_4_6_as006_gap_weaklink_v800_phase3_seed_202/AS006_v7_4_6_gap_weaklink_scores.csv
AS006,crack_tunnel_a3_3_g0_2_p0_05,"tunnel/crack-like links, alpha=3.3, tau=0.2, p=0.05",tear_lane,crack_tunnel,shape,3.3,1,0.2,0.05,0.959564270152505,0.2,0.0505446623093682,1.78838367022102e-07,3.74159317237047e-07,0.116366422765971,166.242141954599,0.207649379557466,0.266298010085798,0.299060743152054,0.161361901503442,0.0468902103061364,0.212758317021491,0.272144129028406,0.304377235516593,0.158341888481343,0.0610599333233336,242.266485179187,248.663492957779,202,v7.4.6,gap_tied_weak_links_phase3_seed,/Users/asewaket/Documents/LTSpice Superconducting Circuit/matlab_v7_4_6_files/outputs/v7_4_6_as006_gap_weaklink_v800_phase3_seed_202/AS006_v7_4_6_gap_weaklink_scores.csv
AS006,contact_relaxed_a4_1_g0_2_p0_3,"contact-relaxed SNS links, alpha=4.1, tau=0.2, p=0.3",contact_relaxation,contact_relaxed,shape,4.1,0.999999999999997,0.2,0.3,0.759825708061001,0.2,0.300217864923747,2.39097951030269e-07,9.97938851700928e-07,0.0522053333487643,63.5536533169278,0.207650618223618,0.265997967673848,0.307065189638444,0.148929587018865,0.0487290578033851,0.218179590989645,0.291656127040711,0.331064236528249,0.137019922019369,0.0486045114588671,239.901325898099,233.660768785398,202,v7.4.6,gap_tied_weak_links_phase3_seed,/Users/asewaket/Documents/LTSpice Superconducting Circuit/matlab_v7_4_6_files/outputs/v7_4_6_as006_gap_weaklink_v800_phase3_seed_202/AS006_v7_4_6_gap_weaklink_scores.csv
AS006,boundary_sns_a3_3_g0_2_p0_1,"SNS-like boundary constriction, alpha=3.3, tau=0.2, p=0.1",boundary_lane,boundary_constriction,shape,3.3,1,0.2,0.1,0.898910675381263,0.2,0.12636165577342,1.88390142286838e-07,3.3839697648615e-07,0.123544254142322,168.194690746043,0.207886747915999,0.266801636170091,0.298624895823123,0.161582454116341,0.0480604680740102,0.216482304263073,0.289948767313486,0.320412984708353,0.146613875814745,0.0484726859938308,240.897376317705,234.05790595779,202,v7.4.6,gap_tied_weak_links_phase3_seed,/Users/asewaket/Documents/LTSpice Superconducting Circuit/matlab_v7_4_6_files/outputs/v7_4_6_as006_gap_weaklink_v800_phase3_seed_202/AS006_v7_4_6_gap_weaklink_scores.csv
AS006,crack_tunnel_a3_3_g0_4_p0_1,"tunnel/crack-like links, alpha=3.3, tau=0.4, p=0.1",tear_lane,crack_tunnel,shape,3.3,1,0.4,0.1,0.939869281045751,0.4,0.100217864923747,3.35981487283684e-07,3.78630645099148e-07,0.106485482305091,162.111221419775,0.20815643487689,0.269199253855643,0.301671794890699,0.157360655707131,0.0469564598361708,0.212238376538962,0.276869833398628,0.308796501199576,0.152679018920923,0.0530793985457716,242.498851372737,246.580754620008,202,v7.4.6,gap_tied_weak_links_phase3_seed,/Users/asewaket/Documents/LTSpice Superconducting Circuit/matlab_v7_4_6_files/outputs/v7_4_6_as006_gap_weaklink_v800_phase3_seed_202/AS006_v7_4_6_gap_weaklink_scores.csv
AS006,boundary_sns_a3_3_g0_4_p0_2,"SNS-like boundary constriction, alpha=3.3, tau=0.4, p=0.2",boundary_lane,boundary_constriction,shape,3.3,1,0.4,0.2,0.867189542483658,0.4,0.221350762527233,3.35852514143902e-07,3.50467143804348e-07,0.11092565709317,166.162426781602,0.208247207294774,0.268603369428396,0.300435576048746,0.159230184221886,0.0478326786828117,0.216411173114066,0.290097610738699,0.320658098141016,0.145818476959532,0.0485334868854365,241.892245855015,234.684587067514,202,v7.4.6,gap_tied_weak_links_phase3_seed,/Users/asewaket/Documents/LTSpice Superconducting Circuit/matlab_v7_4_6_files/outputs/v7_4_6_as006_gap_weaklink_v800_phase3_seed_202/AS006_v7_4_6_gap_weaklink_scores.csv
AS006,crack_tunnel_a3_7_g0_2_p0_05,"tunnel/crack-like links, alpha=3.7, tau=0.2, p=0.05",tear_lane,crack_tunnel,shape,3.7,0,0.2,0.05,0.959564270152505,0.2,0.0505446623093682,2.00515744842963e-07,4.19511961750628e-07,0.130471443707301,166.242141954599,0.208425324996018,0.27058201767088,0.298397044419602,0.161941616020564,0.0469227595491988,0.21380560902746,0.277415160072429,0.304598934308877,0.158194435916195,0.0608217051290922,241.144290196337,248.924205769819,202,v7.4.6,gap_tied_weak_links_phase3_seed,/Users/asewaket/Documents/LTSpice Superconducting Circuit/matlab_v7_4_6_files/outputs/v7_4_6_as006_gap_weaklink_v800_phase3_seed_202/AS006_v7_4_6_gap_weaklink_scores.csv
AS006,boundary_sns_a3_7_g0_1_p0_1,"SNS-like boundary constriction, alpha=3.7, tau=0.1, p=0.1",boundary_lane,boundary_constriction,shape,3.7,0,0.1,0.1,0.886274509803923,0.1,0.12636165577342,1.06596915809255e-07,3.82168315388689e-07,0.138519315250482,166.64166875698,0.208655572094425,0.269731965183873,0.29781094450467,0.162767756868447,0.0489170463195206,0.214406662807929,0.287291306270831,0.314149614768624,0.150570611364788,0.0467669177177379,241.863734537432,238.129955293487,202,v7.4.6,gap_tied_weak_links_phase3_seed,/Users/asewaket/Documents/LTSpice Superconducting Circuit/matlab_v7_4_6_files/outputs/v7_4_6_as006_gap_weaklink_v800_phase3_seed_202/AS006_v7_4_6_gap_weaklink_scores.csv
AS006,boundary_sns_a3_7_g0_4_p0_2,"SNS-like boundary constriction, alpha=3.7, tau=0.4, p=0.2",boundary_lane,boundary_constriction,shape,3.7,0,0.4,0.2,0.867189542483658,0.4,0.221350762527233,3.76561909797708e-07,3.92948009720026e-07,0.124371191286282,166.162426781602,0.208772335165627,0.272157509898794,0.299361106926971,0.160143243222094,0.0476431747795256,0.217478149491834,0.295217387314545,0.320896678843703,0.145746746738625,0.048420738744864,241.312964518442,234.033991356775,202,v7.4.6,gap_tied_weak_links_phase3_seed,/Users/asewaket/Documents/LTSpice Superconducting Circuit/matlab_v7_4_6_files/outputs/v7_4_6_as006_gap_weaklink_v800_phase3_seed_202/AS006_v7_4_6_gap_weaklink_scores.csv
AS006,boundary_sns_a3_7_g0_05_p0_1,"SNS-like boundary constriction, alpha=3.7, tau=0.05, p=0.1",boundary_lane,boundary_constriction,shape,3.7,0,0.05,0.1,0.879956427015252,0.05,0.12636165577342,5.28103560427885e-08,3.78668456788449e-07,0.138519315250482,168.18186115247,0.208875853789949,0.268447686391619,0.297757782815117,0.163216680516287,0.0508346119863134,0.210207167176362,0.270461032164338,0.299382443345152,0.162245899420541,0.0538481535877808,242.456892213448,252.020331176812,202,v7.4.6,gap_tied_weak_links_phase3_seed,/Users/asewaket/Documents/LTSpice Superconducting Circuit/matlab_v7_4_6_files/outputs/v7_4_6_as006_gap_weaklink_v800_phase3_seed_202/AS006_v7_4_6_gap_weaklink_scores.csv
AS006,boundary_sns_a4_1_g0_4_p0_2,"SNS-like boundary constriction, alpha=4.1, tau=0.4, p=0.2",boundary_lane,boundary_constriction,shape,4.1,0.999999999999997,0.4,0.2,0.867189542483658,0.4,0.221350762527233,4.17271305451514e-07,4.35428875635704e-07,0.137816725479393,166.162426781602,0.208893838843183,0.273831407759925,0.297784518851526,0.161553859550772,0.0475725540273562,0.218319290375829,0.299052788306392,0.321162217976606,0.145693798935679,0.0483925334440908,240.459423967268,233.143696963177,202,v7.4.6,gap_tied_weak_links_phase3_seed,/Users/asewaket/Documents/LTSpice Superconducting Circuit/matlab_v7_4_6_files/outputs/v7_4_6_as006_gap_weaklink_v800_phase3_seed_202/AS006_v7_4_6_gap_weaklink_scores.csv
AS006,crack_tunnel_a4_1_g0_2_p0_05,"tunnel/crack-like links, alpha=4.1, tau=0.2, p=0.05",tear_lane,crack_tunnel,shape,4.1,0.999999999999997,0.2,0.05,0.959564270152505,0.2,0.0505446623093682,2.22193122663823e-07,4.6486460626421e-07,0.144576464648631,166.242141954599,0.209067190799165,0.273538592535465,0.297823273954483,0.162532594439367,0.0474408889908076,0.214645541260807,0.281355726474425,0.304870009783862,0.158059136555182,0.0607755420138767,240.057993414207,249.189250680635,202,v7.4.6,gap_tied_weak_links_phase3_seed,/Users/asewaket/Documents/LTSpice Superconducting Circuit/matlab_v7_4_6_files/outputs/v7_4_6_as006_gap_weaklink_v800_phase3_seed_202/AS006_v7_4_6_gap_weaklink_scores.csv
AS006,crack_tunnel_a3_7_g0_4_p0_1,"tunnel/crack-like links, alpha=3.7, tau=0.4, p=0.1",tear_lane,crack_tunnel,shape,3.7,0,0.4,0.1,0.939869281045751,0.4,0.100217864923747,3.76706516045343e-07,4.2452526874753e-07,0.119392813493586,162.111221419775,0.209151255883099,0.273648039526367,0.301348137605443,0.157667564671514,0.0476645432402113,0.213282276825108,0.28198403011162,0.309029568312963,0.152536424538322,0.0529550787933334,241.495519129376,247.05617717139,202,v7.4.6,gap_tied_weak_links_phase3_seed,/Users/asewaket/Documents/LTSpice Superconducting Circuit/matlab_v7_4_6_files/outputs/v7_4_6_as006_gap_weaklink_v800_phase3_seed_202/AS006_v7_4_6_gap_weaklink_scores.csv
AS006,boundary_sns_a3_7_g0_2_p0_1,"SNS-like boundary constriction, alpha=3.7, tau=0.2, p=0.1",boundary_lane,boundary_constriction,shape,3.7,0,0.2,0.1,0.898910675381263,0.2,0.12636165577342,2.11225311048879e-07,3.79414791817805e-07,0.138519315250482,168.194690746043,0.209278403036962,0.272897769482121,0.29992051140002,0.160555468421256,0.0479390152260816,0.217539666388567,0.295042870822034,0.320650111298964,0.146532018185129,0.0483527436162032,241.429287312935,234.579082804441,202,v7.4.6,gap_tied_weak_links_phase3_seed,/Users/asewaket/Documents/LTSpice Superconducting Circuit/matlab_v7_4_6_files/outputs/v7_4_6_as006_gap_weaklink_v800_phase3_seed_202/AS006_v7_4_6_gap_weaklink_scores.csv
AS006,boundary_sns_a4_1_g0_1_p0_1,"SNS-like boundary constriction, alpha=4.1, tau=0.1, p=0.1",boundary_lane,boundary_constriction,shape,4.1,0.999999999999997,0.1,0.1,0.886274509803923,0.1,0.12636165577342,1.18120906707553e-07,4.23483808944223e-07,0.153494376358642,166.64166875698,0.209666776057755,0.274103811547407,0.298617214588452,0.16223540939817,0.048855681463865,0.215274582018784,0.291215333592895,0.314441766951907,0.150513108451414,0.0467430987709219,242.14039228354,238.374859367233,202,v7.4.6,gap_tied_weak_links_phase3_seed,/Users/asewaket/Documents/LTSpice Superconducting Circuit/matlab_v7_4_6_files/outputs/v7_4_6_as006_gap_weaklink_v800_phase3_seed_202/AS006_v7_4_6_gap_weaklink_scores.csv
AS006,crack_tunnel_a4_1_g0_4_p0_1,"tunnel/crack-like links, alpha=4.1, tau=0.4, p=0.1",tear_lane,crack_tunnel,shape,4.1,0.999999999999997,0.4,0.1,0.939869281045751,0.4,0.100217864923747,4.17431544807002e-07,4.70419892395911e-07,0.132300144682082,162.111221419775,0.209777082074493,0.276248122401213,0.300568832808617,0.158434079680356,0.0485992309557264,0.214118193451877,0.285799184378715,0.309301026884033,0.152440959276446,0.0529637867380561,240.385189444937,247.150837297228,202,v7.4.6,gap_tied_weak_links_phase3_seed,/Users/asewaket/Documents/LTSpice Superconducting Circuit/matlab_v7_4_6_files/outputs/v7_4_6_as006_gap_weaklink_v800_phase3_seed_202/AS006_v7_4_6_gap_weaklink_scores.csv
AS006,contact_relaxed_a3_3_g0_4_p0_2,"contact-relaxed SNS links, alpha=3.3, tau=0.4, p=0.2",contact_relaxation,contact_relaxed,shape,3.3,1,0.4,0.2,0.879999999999998,0.4,0.2,1.67883087192158e-07,4.56808094223869e-07,0.0392859307974335,132.223955310947,0.209790023750096,0.272778938324565,0.309426548796109,0.149584072582024,0.0476946293051944,0.221648613395144,0.30040185107919,0.335578569699675,0.137302333609528,0.048950801910189,239.713525013422,231.875568454081,202,v7.4.6,gap_tied_weak_links_phase3_seed,/Users/asewaket/Documents/LTSpice Superconducting Circuit/matlab_v7_4_6_files/outputs/v7_4_6_as006_gap_weaklink_v800_phase3_seed_202/AS006_v7_4_6_gap_weaklink_scores.csv
AS006,combined_a3_3_g0_4_p0_05,"combined weak-link classes, alpha=3.3, tau=0.4, p=0.05",combined,boundary_constriction,shape,3.3,1,0.4,0.05,0.969934640522876,0.4,0.0501089324618736,3.77547978632011e-07,3.77286667802592e-07,0.116293631248337,169.904228583718,0.20981793067615,0.27378275612777,0.305078207224036,0.155663432010747,0.0468407445974829,0.214378509524945,0.285052850144903,0.315671802153892,0.148678108420927,0.0485664081843496,242.909590537958,242.780312667918,202,v7.4.6,gap_tied_weak_links_phase3_seed,/Users/asewaket/Documents/LTSpice Superconducting Circuit/matlab_v7_4_6_files/outputs/v7_4_6_as006_gap_weaklink_v800_phase3_seed_202/AS006_v7_4_6_gap_weaklink_scores.csv
AS006,contact_relaxed_a3_7_g0_4_p0_2,"contact-relaxed SNS links, alpha=3.7, tau=0.4, p=0.2",contact_relaxation,contact_relaxed,shape,3.7,0,0.4,0.2,0.879999999999998,0.4,0.2,1.88232552306359e-07,5.12178772311611e-07,0.044047861803183,132.223955310947,0.209992565855265,0.275491878749525,0.306875647369844,0.151531800084515,0.048023817523929,0.223086725638872,0.306622756098558,0.336189261662968,0.137229935791755,0.0489422444459164,238.011927593723,230.654606270185,202,v7.4.6,gap_tied_weak_links_phase3_seed,/Users/asewaket/Documents/LTSpice Superconducting Circuit/matlab_v7_4_6_files/outputs/v7_4_6_as006_gap_weaklink_v800_phase3_seed_202/AS006_v7_4_6_gap_weaklink_scores.csv
AS006,boundary_sns_a4_1_g0_05_p0_1,"SNS-like boundary constriction, alpha=4.1, tau=0.05, p=0.1",boundary_lane,boundary_constriction,shape,4.1,0.999999999999997,0.05,0.1,0.879956427015252,0.05,0.12636165577342,5.85195837230899e-08,4.19605587252065e-07,0.153494376358642,168.18186115247,0.210152434780212,0.273231420961961,0.298933699820525,0.162502731702713,0.0512683636247881,0.211064546316947,0.274532287773614,0.299851718497816,0.16207378275964,0.0534577079903935,242.731313224005,252.464377388395,202,v7.4.6,gap_tied_weak_links_phase3_seed,/Users/asewaket/Documents/LTSpice Superconducting Circuit/matlab_v7_4_6_files/outputs/v7_4_6_as006_gap_weaklink_v800_phase3_seed_202/AS006_v7_4_6_gap_weaklink_scores.csv
AS006,combined_a4_1_g0_4_p0_05,"combined weak-link classes, alpha=4.1, tau=0.4, p=0.05",combined,boundary_constriction,shape,4.1,0.999999999999997,0.4,0.05,0.969934640522876,0.4,0.0501089324618736,4.6907476133068e-07,4.68750102421402e-07,0.144486026702479,169.904228583718,0.21026759250609,0.278050029270207,0.301416421753188,0.158638524403944,0.0475110396872319,0.216271717830331,0.293989021228542,0.316179502913963,0.148494734081469,0.0484370202218421,240.075005177701,241.592184242404,202,v7.4.6,gap_tied_weak_links_phase3_seed,/Users/asewaket/Documents/LTSpice Superconducting Circuit/matlab_v7_4_6_files/outputs/v7_4_6_as006_gap_weaklink_v800_phase3_seed_202/AS006_v7_4_6_gap_weaklink_scores.csv
AS006,boundary_sns_a4_1_g0_2_p0_1,"SNS-like boundary constriction, alpha=4.1, tau=0.2, p=0.1",boundary_lane,boundary_constriction,shape,4.1,0.999999999999997,0.2,0.1,0.898910675381263,0.2,0.12636165577342,2.3406047981092e-07,4.2043260714946e-07,0.153494376358642,168.194690746043,0.210279471478491,0.277198357099305,0.300756136823623,0.159982700114043,0.047897385709256,0.218370924845413,0.298843266701113,0.320919331067657,0.14646926330425,0.0483159490272371,241.723396887167,234.855967397592,202,v7.4.6,gap_tied_weak_links_phase3_seed,/Users/asewaket/Documents/LTSpice Superconducting Circuit/matlab_v7_4_6_files/outputs/v7_4_6_as006_gap_weaklink_v800_phase3_seed_202/AS006_v7_4_6_gap_weaklink_scores.csv
AS006,combined_a3_7_g0_4_p0_05,"combined weak-link classes, alpha=3.7, tau=0.4, p=0.05",combined,boundary_constriction,shape,3.7,0,0.4,0.05,0.969934640522876,0.4,0.0501089324618736,4.23311369981346e-07,4.23018385111997e-07,0.130389828975408,169.904228583718,0.2102967363105,0.27700768021824,0.303582987628282,0.156835077508721,0.0471619260988676,0.215440635073748,0.290218012658969,0.315906760069246,0.148568735823316,0.0484374128094436,241.570353873861,242.451619944642,202,v7.4.6,gap_tied_weak_links_phase3_seed,/Users/asewaket/Documents/LTSpice Superconducting Circuit/matlab_v7_4_6_files/outputs/v7_4_6_as006_gap_weaklink_v800_phase3_seed_202/AS006_v7_4_6_gap_weaklink_scores.csv
AS006,contact_relaxed_a3_3_g0_4_p0_3,"contact-relaxed SNS links, alpha=3.3, tau=0.4, p=0.3",contact_relaxation,contact_relaxed,shape,3.3,1,0.4,0.3,0.819869281045749,0.4,0.300217864923747,2.29041783104531e-07,5.17310345026903e-07,0.0420189268416883,106.797660155033,0.210362130040287,0.273044383649108,0.3127420330733,0.146434969364572,0.0484239969683395,0.220319506509253,0.29663516854916,0.334934121869153,0.136538410248922,0.0481546379149325,240.640694667149,234.589375573187,202,v7.4.6,gap_tied_weak_links_phase3_seed,/Users/asewaket/Documents/LTSpice Superconducting Circuit/matlab_v7_4_6_files/outputs/v7_4_6_as006_gap_weaklink_v800_phase3_seed_202/AS006_v7_4_6_gap_weaklink_scores.csv
AS006,contact_relaxed_a4_1_g0_4_p0_2,"contact-relaxed SNS links, alpha=4.1, tau=0.4, p=0.2",contact_relaxation,contact_relaxed,shape,4.1,0.999999999999997,0.4,0.2,0.879999999999998,0.4,0.2,2.0858201742056e-07,5.67549450399352e-07,0.0488097928089326,132.223955310947,0.210367168081231,0.277949058478693,0.305424381026925,0.152740476944951,0.0484685189491533,0.224132567390952,0.311182768383752,0.33661264150202,0.137182502072073,0.0489298183523821,236.86604594418,230.065656772379,202,v7.4.6,gap_tied_weak_links_phase3_seed,/Users/asewaket/Documents/LTSpice Superconducting Circuit/matlab_v7_4_6_files/outputs/v7_4_6_as006_gap_weaklink_v800_phase3_seed_202/AS006_v7_4_6_gap_weaklink_scores.csv
AS006,boundary_sns_a3_3_g0_4_p0_1,"SNS-like boundary constriction, alpha=3.3, tau=0.4, p=0.1",boundary_lane,boundary_constriction,shape,3.3,1,0.4,0.1,0.924183006535947,0.4,0.12636165577342,3.66783454905239e-07,3.60892009170714e-07,0.123544254142322,172.7789042705,0.210978205994203,0.276858181889447,0.306689272269304,0.154729370634525,0.0479149083171318,0.219212755799635,0.297785648934994,0.326558669933414,0.142980488833854,0.0480748466373889,241.794660111139,235.204559361417,202,v7.4.6,gap_tied_weak_links_phase3_seed,/Users/asewaket/Documents/LTSpice Superconducting Circuit/matlab_v7_4_6_files/outputs/v7_4_6_as006_gap_weaklink_v800_phase3_seed_202/AS006_v7_4_6_gap_weaklink_scores.csv
AS006,contact_relaxed_a3_7_g0_4_p0_3,"contact-relaxed SNS links, alpha=3.7, tau=0.4, p=0.3",contact_relaxation,contact_relaxed,shape,3.7,0,0.4,0.3,0.819869281045749,0.4,0.300217864923747,2.56804423480838e-07,5.80014629272589e-07,0.0471121300952263,106.797660155033,0.211411445709253,0.278332732208179,0.312104196756185,0.147066699058094,0.0487087781921437,0.221835951206811,0.303225739678765,0.335515135795245,0.136522448460355,0.048149468138168,239.911075873445,234.197396475176,202,v7.4.6,gap_tied_weak_links_phase3_seed,/Users/asewaket/Documents/LTSpice Superconducting Circuit/matlab_v7_4_6_files/outputs/v7_4_6_as006_gap_weaklink_v800_phase3_seed_202/AS006_v7_4_6_gap_weaklink_scores.csv
AS006,contact_relaxed_a4_1_g0_4_p0_3,"contact-relaxed SNS links, alpha=4.1, tau=0.4, p=0.3",contact_relaxation,contact_relaxed,shape,4.1,0.999999999999997,0.4,0.3,0.819869281045749,0.4,0.300217864923747,2.84567063857144e-07,6.42718913518274e-07,0.0522053333487643,106.797660155033,0.211439917737038,0.280633808716664,0.309908007040502,0.148569524392389,0.0485148621571604,0.222987193479822,0.308275092247615,0.335918739340797,0.13652469052116,0.0481472181536534,238.809900011185,232.912376670248,202,v7.4.6,gap_tied_weak_links_phase3_seed,/Users/asewaket/Documents/LTSpice Superconducting Circuit/matlab_v7_4_6_files/outputs/v7_4_6_as006_gap_weaklink_v800_phase3_seed_202/AS006_v7_4_6_gap_weaklink_scores.csv
AS006,crack_tunnel_a3_3_g0_4_p0_05,"tunnel/crack-like links, alpha=3.3, tau=0.4, p=0.05",tear_lane,crack_tunnel,shape,3.3,1,0.4,0.05,0.969673202614379,0.4,0.0505446623093682,3.45844321534791e-07,3.7210635368012e-07,0.116366422765971,171.929803938828,0.211670714381416,0.279217556818658,0.309337993404779,0.1528815892284,0.0466925400945617,0.21544553546298,0.285646402395908,0.315338319855459,0.149461819340739,0.0529119409960146,243.883341763706,246.30414833328,202,v7.4.6,gap_tied_weak_links_phase3_seed,/Users/asewaket/Documents/LTSpice Superconducting Circuit/matlab_v7_4_6_files/outputs/v7_4_6_as006_gap_weaklink_v800_phase3_seed_202/AS006_v7_4_6_gap_weaklink_scores.csv
AS006,boundary_sns_a3_7_g0_4_p0_1,"SNS-like boundary constriction, alpha=3.7, tau=0.4, p=0.1",boundary_lane,boundary_constriction,shape,3.7,0,0.4,0.1,0.924183006535947,0.4,0.12636165577342,4.11242055499814e-07,4.04636495130801e-07,0.138519315250482,172.7789042705,0.212027602413693,0.281790509043937,0.307101729786154,0.154495299346549,0.0478003517155714,0.220234011739745,0.302643378932603,0.326795452318481,0.142928728768536,0.0479737272481138,241.898145459967,235.293224095666,202,v7.4.6,gap_tied_weak_links_phase3_seed,/Users/asewaket/Documents/LTSpice Superconducting Circuit/matlab_v7_4_6_files/outputs/v7_4_6_as006_gap_weaklink_v800_phase3_seed_202/AS006_v7_4_6_gap_weaklink_scores.csv
AS006,crack_tunnel_a3_7_g0_4_p0_05,"tunnel/crack-like links, alpha=3.7, tau=0.4, p=0.05",tear_lane,crack_tunnel,shape,3.7,0,0.4,0.05,0.969673202614379,0.4,0.0505446623093682,3.8776484535719e-07,4.17210154126195e-07,0.130471443707301,171.929803938828,0.212398244305075,0.283205559586101,0.308722766511814,0.153350456282649,0.0468327501902882,0.216443569835032,0.290583338404609,0.315572179649231,0.149344542818572,0.0527025178611798,242.832859072841,246.538384794804,202,v7.4.6,gap_tied_weak_links_phase3_seed,/Users/asewaket/Documents/LTSpice Superconducting Circuit/matlab_v7_4_6_files/outputs/v7_4_6_as006_gap_weaklink_v800_phase3_seed_202/AS006_v7_4_6_gap_weaklink_scores.csv
AS006,contact_relaxed_a4_1_g0_1_p0_1,"contact-relaxed SNS links, alpha=4.1, tau=0.1, p=0.1",contact_relaxation,contact_relaxed,shape,4.1,0.999999999999997,0.1,0.1,0.909803921568628,0.1,0.100217864923747,4.90139805765427e-08,6.40572539909263e-07,0.0434713717376025,122.545961908586,0.212465657926035,0.283671547011198,0.309786262064022,0.150003512591544,0.049026393267507,0.228924288565972,0.321057060108859,0.344964962280784,0.134834330232075,0.051332785939535,235.848390893447,227.469157828916,202,v7.4.6,gap_tied_weak_links_phase3_seed,/Users/asewaket/Documents/LTSpice Superconducting Circuit/matlab_v7_4_6_files/outputs/v7_4_6_as006_gap_weaklink_v800_phase3_seed_202/AS006_v7_4_6_gap_weaklink_scores.csv
AS006,contact_relaxed_a4_1_g0_2_p0_1,"contact-relaxed SNS links, alpha=4.1, tau=0.2, p=0.1",contact_relaxation,contact_relaxed,shape,4.1,0.999999999999997,0.2,0.1,0.919825708061001,0.2,0.100217864923747,8.78635268481499e-08,5.74152128601459e-07,0.0434713717376025,136.722610898646,0.212508239223168,0.284433316657751,0.309744088757526,0.149925005233516,0.0486494675905232,0.227449140320632,0.319030923839406,0.342317034506841,0.135437669076802,0.0498628810307802,236.61745252847,229.084460864158,202,v7.4.6,gap_tied_weak_links_phase3_seed,/Users/asewaket/Documents/LTSpice Superconducting Circuit/matlab_v7_4_6_files/outputs/v7_4_6_as006_gap_weaklink_v800_phase3_seed_202/AS006_v7_4_6_gap_weaklink_scores.csv
AS006,crack_tunnel_a4_1_g0_4_p0_05,"tunnel/crack-like links, alpha=4.1, tau=0.4, p=0.05",tear_lane,crack_tunnel,shape,4.1,0.999999999999997,0.4,0.05,0.969673202614379,0.4,0.0505446623093682,4.29685369179589e-07,4.6231395457227e-07,0.144576464648631,171.929803938828,0.212715540445978,0.285176108215504,0.307481668774311,0.154352784992038,0.0473676924192968,0.217242346322972,0.294232073026727,0.315844311560773,0.149257295762848,0.052680493653219,241.491163936486,246.416294848607,202,v7.4.6,gap_tied_weak_links_phase3_seed,/Users/asewaket/Documents/LTSpice Superconducting Circuit/matlab_v7_4_6_files/outputs/v7_4_6_as006_gap_weaklink_v800_phase3_seed_202/AS006_v7_4_6_gap_weaklink_scores.csv
AS006,boundary_sns_a4_1_g0_7_p0_3,"SNS-like boundary constriction, alpha=4.1, tau=0.7, p=0.3",boundary_lane,boundary_constriction,shape,4.1,0.999999999999997,0.7,0.3,0.905228758169932,0.7,0.315904139433551,6.60525689889746e-07,4.66514448536778e-07,0.120454232052383,169.446757019943,0.212950483663391,0.287636890088139,0.309432873073793,0.150570617488696,0.0473947284888075,0.222642510176045,0.311023443560991,0.331557534677984,0.139163597885872,0.0480089242754217,241.200579405851,234.01035507582,202,v7.4.6,gap_tied_weak_links_phase3_seed,/Users/asewaket/Documents/LTSpice Superconducting Circuit/matlab_v7_4_6_files/outputs/v7_4_6_as006_gap_weaklink_v800_phase3_seed_202/AS006_v7_4_6_gap_weaklink_scores.csv
AS006,contact_relaxed_a4_1_g0_05_p0_1,"contact-relaxed SNS links, alpha=4.1, tau=0.05, p=0.1",contact_relaxation,contact_relaxed,shape,4.1,0.999999999999997,0.05,0.1,0.904793028322441,0.05,0.100217864923747,2.64804067490571e-08,6.92154410212989e-07,0.0434713717376025,113.413390014016,0.212951278688281,0.284949417241567,0.310957449385651,0.149465569988223,0.0487994772896716,0.23086989055954,0.324506227231167,0.348224724396306,0.134239277475891,0.0526508610281338,235.485081632598,225.921179555042,202,v7.4.6,gap_tied_weak_links_phase3_seed,/Users/asewaket/Documents/LTSpice Superconducting Circuit/matlab_v7_4_6_files/outputs/v7_4_6_as006_gap_weaklink_v800_phase3_seed_202/AS006_v7_4_6_gap_weaklink_scores.csv
AS006,combined_a4_1_g0_7_p0_2,"combined weak-link classes, alpha=4.1, tau=0.7, p=0.2",combined,boundary_constriction,shape,4.1,0.999999999999997,0.7,0.2,0.939999999999999,0.7,0.2,7.14688645581319e-07,4.75204107369464e-07,0.135175423283871,169.600033076493,0.212951606494305,0.287008384886955,0.309038692736382,0.151372851480771,0.0477158709449355,0.221898730462003,0.309475607748291,0.330228511385884,0.139997740700723,0.047120973760523,240.710897817106,235.268344134472,202,v7.4.6,gap_tied_weak_links_phase3_seed,/Users/asewaket/Documents/LTSpice Superconducting Circuit/matlab_v7_4_6_files/outputs/v7_4_6_as006_gap_weaklink_v800_phase3_seed_202/AS006_v7_4_6_gap_weaklink_scores.csv
AS006,combined_a4_1_g0_7_p0_3,"combined weak-link classes, alpha=4.1, tau=0.7, p=0.3",combined,boundary_constriction,shape,4.1,0.999999999999997,0.7,0.3,0.909934640522874,0.7,0.300217864923747,6.55494731940644e-07,4.87651958235748e-07,0.111168913747612,162.15734585793,0.21295460294108,0.287204116851338,0.309712886404665,0.150029978273984,0.0480338738034172,0.221398752920762,0.308520727831286,0.329851693748168,0.139502890758677,0.046853959264886,240.750276529381,236.270736441932,202,v7.4.6,gap_tied_weak_links_phase3_seed,/Users/asewaket/Documents/LTSpice Superconducting Circuit/matlab_v7_4_6_files/outputs/v7_4_6_as006_gap_weaklink_v800_phase3_seed_202/AS006_v7_4_6_gap_weaklink_scores.csv
AS006,boundary_sns_a4_1_g0_4_p0_1,"SNS-like boundary constriction, alpha=4.1, tau=0.4, p=0.1",boundary_lane,boundary_constriction,shape,4.1,0.999999999999997,0.4,0.1,0.924183006535947,0.4,0.12636165577342,4.55700656094388e-07,4.48380981090887e-07,0.153494376358642,172.7789042705,0.213059947564,0.286069944978964,0.308097028170408,0.153906480691935,0.0476768926779059,0.221034920615299,0.306250217839819,0.32706280860384,0.142896957559029,0.0479432732311724,242.320623291085,235.584061793351,202,v7.4.6,gap_tied_weak_links_phase3_seed,/Users/asewaket/Documents/LTSpice Superconducting Circuit/matlab_v7_4_6_files/outputs/v7_4_6_as006_gap_weaklink_v800_phase3_seed_202/AS006_v7_4_6_gap_weaklink_scores.csv
AS006,contact_relaxed_a3_7_g0_1_p0_1,"contact-relaxed SNS links, alpha=3.7, tau=0.1, p=0.1",contact_relaxation,contact_relaxed,shape,3.7,0,0.1,0.1,0.909803921568628,0.1,0.100217864923747,4.42321288129775e-08,5.78077657966896e-07,0.0392302622997876,122.545961908586,0.213316021324911,0.284082329067256,0.31421974740236,0.147044740351313,0.0488072941640254,0.227779018801006,0.316097045887685,0.344485779122316,0.134907200468142,0.0513139340681128,238.239018034553,229.579415840689,202,v7.4.6,gap_tied_weak_links_phase3_seed,/Users/asewaket/Documents/LTSpice Superconducting Circuit/matlab_v7_4_6_files/outputs/v7_4_6_as006_gap_weaklink_v800_phase3_seed_202/AS006_v7_4_6_gap_weaklink_scores.csv
AS006,combined_a4_1_g0_7_p0_1,"combined weak-link classes, alpha=4.1, tau=0.7, p=0.1",combined,boundary_constriction,shape,4.1,0.999999999999997,0.7,0.1,0.969934640522875,0.7,0.100217864923747,7.3346866634754e-07,4.66577611869892e-07,0.138095591061904,174.709627183226,0.213657263137558,0.288838271119168,0.31039532691579,0.1511012382945,0.0473796745978661,0.221414110097393,0.308709108697707,0.329119313607367,0.140822531857925,0.0463744781539604,241.032852780301,237.164137318109,202,v7.4.6,gap_tied_weak_links_phase3_seed,/Users/asewaket/Documents/LTSpice Superconducting Circuit/matlab_v7_4_6_files/outputs/v7_4_6_as006_gap_weaklink_v800_phase3_seed_202/AS006_v7_4_6_gap_weaklink_scores.csv
AS006,contact_relaxed_a3_7_g0_2_p0_1,"contact-relaxed SNS links, alpha=3.7, tau=0.2, p=0.1",contact_relaxation,contact_relaxed,shape,3.7,0,0.2,0.1,0.919825708061001,0.2,0.100217864923747,7.92914754483304e-08,5.18137286786682e-07,0.0392302622997876,136.722610898646,0.213698901556008,0.285910063258648,0.314621599561446,0.146761035037587,0.0485453514918761,0.226418384607449,0.314618169514887,0.341812535196988,0.135551083283079,0.0498629628237796,239.182092584438,231.460687878108,202,v7.4.6,gap_tied_weak_links_phase3_seed,/Users/asewaket/Documents/LTSpice Superconducting Circuit/matlab_v7_4_6_files/outputs/v7_4_6_as006_gap_weaklink_v800_phase3_seed_202/AS006_v7_4_6_gap_weaklink_scores.csv
AS006,contact_relaxed_a3_7_g0_05_p0_1,"contact-relaxed SNS links, alpha=3.7, tau=0.05, p=0.1",contact_relaxation,contact_relaxed,shape,3.7,0,0.05,0.1,0.904793028322441,0.05,0.100217864923747,2.3896952432076e-08,6.24627150680015e-07,0.0392302622997876,113.413390014016,0.213744421403809,0.284999715837769,0.315333080514323,0.146579783012626,0.0486647715154262,0.229701301757926,0.319335090530178,0.347806486067201,0.134293837581335,0.0526427706651822,237.784587527486,228.00330366033,202,v7.4.6,gap_tied_weak_links_phase3_seed,/Users/asewaket/Documents/LTSpice Superconducting Circuit/matlab_v7_4_6_files/outputs/v7_4_6_as006_gap_weaklink_v800_phase3_seed_202/AS006_v7_4_6_gap_weaklink_scores.csv
AS006,contact_relaxed_a3_3_g0_1_p0_1,"contact-relaxed SNS links, alpha=3.3, tau=0.1, p=0.1",contact_relaxation,contact_relaxed,shape,3.3,1,0.1,0.1,0.909803921568628,0.1,0.100217864923747,3.94502770494124e-08,5.15582776024529e-07,0.0349891528619728,122.545961908586,0.213930448109967,0.283225631064284,0.318820978161676,0.144228311368959,0.0482045084914199,0.226304710690544,0.309649917988621,0.34391491331237,0.13498780489998,0.051287781042477,240.995294953871,231.59684674598,202,v7.4.6,gap_tied_weak_links_phase3_seed,/Users/asewaket/Documents/LTSpice Superconducting Circuit/matlab_v7_4_6_files/outputs/v7_4_6_as006_gap_weaklink_v800_phase3_seed_202/AS006_v7_4_6_gap_weaklink_scores.csv
AS006,contact_relaxed_a3_3_g0_05_p0_1,"contact-relaxed SNS links, alpha=3.3, tau=0.05, p=0.1",contact_relaxation,contact_relaxed,shape,3.3,1,0.05,0.1,0.904793028322441,0.05,0.100217864923747,2.13134981150948e-08,5.5709989114704e-07,0.0349891528619728,113.413390014016,0.214029035956008,0.283129147989043,0.319232056299359,0.144186004455766,0.0481274276974103,0.228218901343919,0.312720146049897,0.347310491594341,0.134354247890575,0.0526381905163827,240.150624125849,229.68391395242,202,v7.4.6,gap_tied_weak_links_phase3_seed,/Users/asewaket/Documents/LTSpice Superconducting Circuit/matlab_v7_4_6_files/outputs/v7_4_6_as006_gap_weaklink_v800_phase3_seed_202/AS006_v7_4_6_gap_weaklink_scores.csv
AS006,combined_a3_7_g0_7_p0_2,"combined weak-link classes, alpha=3.7, tau=0.7, p=0.2",combined,boundary_constriction,shape,3.7,0,0.7,0.2,0.939999999999999,0.7,0.2,6.4496292406119e-07,4.28842731040735e-07,0.121987577109835,169.600033076493,0.214196684456171,0.288892289450977,0.313710072852138,0.148247759369439,0.0477888061268379,0.221065881012075,0.305903135283266,0.329869959548351,0.140046557398656,0.0470956438191759,243.041126394636,237.655042742296,202,v7.4.6,gap_tied_weak_links_phase3_seed,/Users/asewaket/Documents/LTSpice Superconducting Circuit/matlab_v7_4_6_files/outputs/v7_4_6_as006_gap_weaklink_v800_phase3_seed_202/AS006_v7_4_6_gap_weaklink_scores.csv
AS006,boundary_sns_a4_1_g0_7_p0_2,"SNS-like boundary constriction, alpha=4.1, tau=0.7, p=0.2",boundary_lane,boundary_constriction,shape,4.1,0.999999999999997,0.7,0.2,0.933594771241829,0.7,0.221350762527233,6.87753691800727e-07,4.58833057476667e-07,0.137816725479393,176.423512867772,0.214245058734089,0.290154793647368,0.311267397139941,0.151085520663416,0.0474956541989121,0.223571392776355,0.312948174712329,0.332761428320157,0.139898583439215,0.047703060310153,241.15053291237,234.510735019263,202,v7.4.6,gap_tied_weak_links_phase3_seed,/Users/asewaket/Documents/LTSpice Superconducting Circuit/matlab_v7_4_6_files/outputs/v7_4_6_as006_gap_weaklink_v800_phase3_seed_202/AS006_v7_4_6_gap_weaklink_scores.csv
AS006,boundary_sns_a3_3_g0_1_p0_05,"SNS-like boundary constriction, alpha=3.3, tau=0.1, p=0.05",boundary_lane,boundary_constriction,shape,3.3,1,0.1,0.05,0.943137254901961,0.1,0.0631808278867102,9.26653213594026e-08,3.4946196063407e-07,0.128597831453756,176.509483380929,0.214373622108146,0.285403646884077,0.31449115633897,0.150207503166679,0.048345561105107,0.21977934904383,0.299215568428885,0.327662054606394,0.142979665376365,0.0475479995086177,244.383269207126,238.962310317044,202,v7.4.6,gap_tied_weak_links_phase3_seed,/Users/asewaket/Documents/LTSpice Superconducting Circuit/matlab_v7_4_6_files/outputs/v7_4_6_as006_gap_weaklink_v800_phase3_seed_202/AS006_v7_4_6_gap_weaklink_scores.csv
AS006,crack_tunnel_a4_1_g0_7_p0_3,"tunnel/crack-like links, alpha=4.1, tau=0.7, p=0.3",tear_lane,crack_tunnel,shape,4.1,0.999999999999997,0.7,0.3,0.909934640522874,0.7,0.300217864923747,6.0515811010713e-07,4.8586744471614e-07,0.098562833477876,157.305002795356,0.214415675306858,0.291625575294233,0.313562862819634,0.146634826632216,0.0484242580154294,0.219961297831423,0.306203291889345,0.327395338844846,0.139501879643493,0.0462840047349213,241.98228010313,240.908809865428,202,v7.4.6,gap_tied_weak_links_phase3_seed,/Users/asewaket/Documents/LTSpice Superconducting Circuit/matlab_v7_4_6_files/outputs/v7_4_6_as006_gap_weaklink_v800_phase3_seed_202/AS006_v7_4_6_gap_weaklink_scores.csv
AS006,boundary_sns_a3_7_g0_7_p0_3,"SNS-like boundary constriction, alpha=3.7, tau=0.7, p=0.3",boundary_lane,boundary_constriction,shape,3.7,0,0.7,0.3,0.905228758169932,0.7,0.315904139433551,5.96084159168795e-07,4.21000843801482e-07,0.108702599657029,169.446757019943,0.214422595305714,0.289961845934503,0.314598412468204,0.147231819109579,0.0475641348877388,0.22184476197419,0.307465238844853,0.331287031360368,0.139182983497044,0.0480275367741469,243.664838540294,236.616398584895,202,v7.4.6,gap_tied_weak_links_phase3_seed,/Users/asewaket/Documents/LTSpice Superconducting Circuit/matlab_v7_4_6_files/outputs/v7_4_6_as006_gap_weaklink_v800_phase3_seed_202/AS006_v7_4_6_gap_weaklink_scores.csv
AS006,contact_relaxed_a4_1_g0_4_p0_1,"contact-relaxed SNS links, alpha=4.1, tau=0.4, p=0.1",contact_relaxation,contact_relaxed,shape,4.1,0.999999999999997,0.4,0.1,0.939869281045751,0.4,0.100217864923747,1.53763826240848e-07,5.0402487053484e-07,0.0434713717376025,156.251715206746,0.21450549024527,0.290608811616555,0.313730857329029,0.147791161903439,0.0481506869046961,0.227132519324969,0.319835330783567,0.341371233913024,0.135934208917033,0.0485098453471915,238.476099463319,231.729370717187,202,v7.4.6,gap_tied_weak_links_phase3_seed,/Users/asewaket/Documents/LTSpice Superconducting Circuit/matlab_v7_4_6_files/outputs/v7_4_6_as006_gap_weaklink_v800_phase3_seed_202/AS006_v7_4_6_gap_weaklink_scores.csv
AS006,combined_a3_7_g0_7_p0_3,"combined weak-link classes, alpha=3.7, tau=0.7, p=0.3",combined,boundary_constriction,shape,3.7,0,0.7,0.3,0.909934640522874,0.7,0.300217864923747,5.91544026385459e-07,4.4007615743226e-07,0.100323166064918,162.15734585793,0.214509526529761,0.289723074843609,0.315027986950496,0.146669389783452,0.0481888434125118,0.220568877004483,0.304939226985232,0.329502528457802,0.139552153348771,0.0468355415500684,243.326493328499,238.991256658408,202,v7.4.6,gap_tied_weak_links_phase3_seed,/Users/asewaket/Documents/LTSpice Superconducting Circuit/matlab_v7_4_6_files/outputs/v7_4_6_as006_gap_weaklink_v800_phase3_seed_202/AS006_v7_4_6_gap_weaklink_scores.csv
AS006,crack_tunnel_a4_1_g0_7_p0_2,"tunnel/crack-like links, alpha=4.1, tau=0.7, p=0.2",tear_lane,crack_tunnel,shape,4.1,0.999999999999997,0.7,0.2,0.93986928104575,0.7,0.200435729847495,6.37680133245743e-07,4.78010675240805e-07,0.10785583242585,164.918602559029,0.214535496394603,0.29133616171806,0.313202388705959,0.147793146620386,0.0484957067440439,0.220151020952323,0.306262174519273,0.327335200106844,0.140295675003936,0.046286736300445,241.75924300508,240.803863583033,202,v7.4.6,gap_tied_weak_links_phase3_seed,/Users/asewaket/Documents/LTSpice Superconducting Circuit/matlab_v7_4_6_files/outputs/v7_4_6_as006_gap_weaklink_v800_phase3_seed_202/AS006_v7_4_6_gap_weaklink_scores.csv
AS006,boundary_sns_a3_3_g0_05_p0_05,"SNS-like boundary constriction, alpha=3.3, tau=0.05, p=0.05",boundary_lane,boundary_constriction,shape,3.3,1,0.05,0.05,0.939978213507626,0.05,0.0631808278867102,4.62175479649411e-08,3.48593728281258e-07,0.128597831453756,176.949110464311,0.214550825865742,0.284996095012649,0.31451507171716,0.150429527384878,0.0493197495799357,0.217384982174345,0.293721601419369,0.32279585422518,0.145440927882551,0.0465094047051018,244.721392022316,243.229860820496,202,v7.4.6,gap_tied_weak_links_phase3_seed,/Users/asewaket/Documents/LTSpice Superconducting Circuit/matlab_v7_4_6_files/outputs/v7_4_6_as006_gap_weaklink_v800_phase3_seed_202/AS006_v7_4_6_gap_weaklink_scores.csv
AS006,combined_a3_3_g0_7_p0_2,"combined weak-link classes, alpha=3.3, tau=0.7, p=0.2",combined,boundary_constriction,shape,3.3,1,0.7,0.2,0.939999999999999,0.7,0.2,5.75237202541062e-07,3.82481354712007e-07,0.108799730935799,169.600033076493,0.214653214686947,0.287939411406762,0.316927350301349,0.146257339955803,0.047882124055856,0.219998247445058,0.30108792141572,0.329496913449122,0.140118404321291,0.0471357118719915,244.71975996573,239.351882983062,202,v7.4.6,gap_tied_weak_links_phase3_seed,/Users/asewaket/Documents/LTSpice Superconducting Circuit/matlab_v7_4_6_files/outputs/v7_4_6_as006_gap_weaklink_v800_phase3_seed_202/AS006_v7_4_6_gap_weaklink_scores.csv
AS006,boundary_sns_a3_7_g0_05_p0_05,"SNS-like boundary constriction, alpha=3.7, tau=0.05, p=0.05",boundary_lane,boundary_constriction,shape,3.7,0,0.05,0.05,0.939978213507626,0.05,0.0631808278867102,5.18196749909946e-08,3.90847513527471e-07,0.144185447387545,176.949110464311,0.214756198181076,0.288419401558129,0.313428895718692,0.15115482605806,0.0479174892669682,0.2184539883138,0.298650485792602,0.32309904629226,0.145397997151303,0.0464486283258145,244.865198507229,241.770024068934,202,v7.4.6,gap_tied_weak_links_phase3_seed,/Users/asewaket/Documents/LTSpice Superconducting Circuit/matlab_v7_4_6_files/outputs/v7_4_6_as006_gap_weaklink_v800_phase3_seed_202/AS006_v7_4_6_gap_weaklink_scores.csv
AS006,combined_a3_7_g0_7_p0_1,"combined weak-link classes, alpha=3.7, tau=0.7, p=0.1",combined,boundary_constriction,shape,3.7,0,0.7,0.1,0.969934640522875,0.7,0.100217864923747,6.61910747679487e-07,4.21057844858195e-07,0.124622850470499,174.709627183226,0.214868042512774,0.2906184162123,0.315035466904307,0.148035226752187,0.0473656958287987,0.220614490219954,0.305170164210042,0.328842846321785,0.140845655628316,0.046370236291208,243.397330491298,239.442170009318,202,v7.4.6,gap_tied_weak_links_phase3_seed,/Users/asewaket/Documents/LTSpice Superconducting Circuit/matlab_v7_4_6_files/outputs/v7_4_6_as006_gap_weaklink_v800_phase3_seed_202/AS006_v7_4_6_gap_weaklink_scores.csv
AS006,boundary_sns_a3_7_g0_1_p0_05,"SNS-like boundary constriction, alpha=3.7, tau=0.1, p=0.05",boundary_lane,boundary_constriction,shape,3.7,0,0.1,0.05,0.943137254901961,0.1,0.0631808278867102,1.03897481524179e-07,3.91820986165473e-07,0.144185447387545,176.509483380929,0.214907690354269,0.28945898082651,0.314045008083519,0.150525183408347,0.0473442275382464,0.220813996093773,0.30407053045542,0.327907542587681,0.1429562896795,0.0474658883856262,244.676987763543,238.04334855142,202,v7.4.6,gap_tied_weak_links_phase3_seed,/Users/asewaket/Documents/LTSpice Superconducting Circuit/matlab_v7_4_6_files/outputs/v7_4_6_as006_gap_weaklink_v800_phase3_seed_202/AS006_v7_4_6_gap_weaklink_scores.csv
AS006,contact_relaxed_a3_3_g0_2_p0_1,"contact-relaxed SNS links, alpha=3.3, tau=0.2, p=0.1",contact_relaxation,contact_relaxed,shape,3.3,1,0.2,0.1,0.919825708061001,0.2,0.100217864923747,7.07194240485109e-08,4.62122444971906e-07,0.0349891528619728,136.722610898646,0.214958518920394,0.286649400391726,0.320213656814278,0.143529782366158,0.0483570668275572,0.225047565647562,0.308672297940613,0.341213540316723,0.13567269817833,0.0498509620200183,242.187169376505,234.175562280235,202,v7.4.6,gap_tied_weak_links_phase3_seed,/Users/asewaket/Documents/LTSpice Superconducting Circuit/matlab_v7_4_6_files/outputs/v7_4_6_as006_gap_weaklink_v800_phase3_seed_202/AS006_v7_4_6_gap_weaklink_scores.csv
AS006,boundary_sns_a4_1_g0_05_p0_05,"SNS-like boundary constriction, alpha=4.1, tau=0.05, p=0.05",boundary_lane,boundary_constriction,shape,4.1,0.999999999999997,0.05,0.05,0.939978213507626,0.05,0.0631808278867102,5.74218020170481e-08,4.33101298773684e-07,0.159773063321334,176.949110464311,0.214963782984674,0.290842308175084,0.312630447863402,0.15177586438295,0.0471534925086423,0.219297009872163,0.30230404957982,0.323409758031675,0.145365427116134,0.0465071393303961,244.999179396789,240.587533307057,202,v7.4.6,gap_tied_weak_links_phase3_seed,/Users/asewaket/Documents/LTSpice Superconducting Circuit/matlab_v7_4_6_files/outputs/v7_4_6_as006_gap_weaklink_v800_phase3_seed_202/AS006_v7_4_6_gap_weaklink_scores.csv
AS006,boundary_sns_a3_3_g0_7_p0_3,"SNS-like boundary constriction, alpha=3.3, tau=0.7, p=0.3",boundary_lane,boundary_constriction,shape,3.3,1,0.7,0.3,0.905228758169932,0.7,0.315904139433551,5.31642628447844e-07,3.75487239066187e-07,0.0969509672616743,169.446757019943,0.215004808454099,0.289182018582979,0.318032331392583,0.145204596023301,0.0477796987213659,0.220834609024044,0.302733590280393,0.331035867398164,0.13920846817308,0.0481161016766896,245.327872650101,238.399775674407,202,v7.4.6,gap_tied_weak_links_phase3_seed,/Users/asewaket/Documents/LTSpice Superconducting Circuit/matlab_v7_4_6_files/outputs/v7_4_6_as006_gap_weaklink_v800_phase3_seed_202/AS006_v7_4_6_gap_weaklink_scores.csv
AS006,boundary_sns_a3_3_g0_2_p0_05,"SNS-like boundary constriction, alpha=3.3, tau=0.2, p=0.05",boundary_lane,boundary_constriction,shape,3.3,1,0.2,0.05,0.949455337690632,0.2,0.0631808278867102,1.84334545273859e-07,3.47626954848678e-07,0.128597831453756,177.463296162702,0.215138608895773,0.287901117525566,0.316363393869317,0.148809882053589,0.0481436351150098,0.220983566807648,0.302302837864271,0.330127472149351,0.141706860935644,0.0477583437430524,244.396058950596,238.433160200162,202,v7.4.6,gap_tied_weak_links_phase3_seed,/Users/asewaket/Documents/LTSpice Superconducting Circuit/matlab_v7_4_6_files/outputs/v7_4_6_as006_gap_weaklink_v800_phase3_seed_202/AS006_v7_4_6_gap_weaklink_scores.csv
AS006,combined_a3_3_g0_7_p0_3,"combined weak-link classes, alpha=3.3, tau=0.7, p=0.3",combined,boundary_constriction,shape,3.3,1,0.7,0.3,0.909934640522874,0.7,0.300217864923747,5.27593320830274e-07,3.92500356628772e-07,0.0894774183822242,162.15734585793,0.215151870511669,0.289278201421623,0.318557276859796,0.144599023786593,0.0482571368988379,0.219491722852916,0.300236608664811,0.329049761655943,0.139638131112774,0.0468372588109018,245.182042674629,240.876217053763,202,v7.4.6,gap_tied_weak_links_phase3_seed,/Users/asewaket/Documents/LTSpice Superconducting Circuit/matlab_v7_4_6_files/outputs/v7_4_6_as006_gap_weaklink_v800_phase3_seed_202/AS006_v7_4_6_gap_weaklink_scores.csv
AS006,combined_a3_3_g0_7_p0_1,"combined weak-link classes, alpha=3.3, tau=0.7, p=0.1",combined,boundary_constriction,shape,3.3,1,0.7,0.1,0.969934640522875,0.7,0.100217864923747,5.90352829011435e-07,3.75538077846498e-07,0.111150109879094,174.709627183226,0.215213132985327,0.289334605669996,0.318063978198038,0.146174906988754,0.0474004636741283,0.219586227749849,0.300353602832878,0.328581646006994,0.140876417928212,0.0464641329938648,245.016040162082,240.937719020666,202,v7.4.6,gap_tied_weak_links_phase3_seed,/Users/asewaket/Documents/LTSpice Superconducting Circuit/matlab_v7_4_6_files/outputs/v7_4_6_as006_gap_weaklink_v800_phase3_seed_202/AS006_v7_4_6_gap_weaklink_scores.csv
AS006,boundary_sns_a4_1_g0_1_p0_05,"SNS-like boundary constriction, alpha=4.1, tau=0.1, p=0.05",boundary_lane,boundary_constriction,shape,4.1,0.999999999999997,0.1,0.05,0.943137254901961,0.1,0.0631808278867102,1.15129641688955e-07,4.34180011696875e-07,0.159773063321334,176.509483380929,0.215302342411579,0.292183109158283,0.313573589108444,0.150924095150322,0.0469197030219298,0.221617635019843,0.307654996845899,0.328172799521504,0.142934667600002,0.0474624445906846,244.702553284212,237.337537487771,202,v7.4.6,gap_tied_weak_links_phase3_seed,/Users/asewaket/Documents/LTSpice Superconducting Circuit/matlab_v7_4_6_files/outputs/v7_4_6_as006_gap_weaklink_v800_phase3_seed_202/AS006_v7_4_6_gap_weaklink_scores.csv
AS006,combined_a4_1_g0_7_p0_05,"combined weak-link classes, alpha=4.1, tau=0.7, p=0.05",combined,boundary_constriction,shape,4.1,0.999999999999997,0.7,0.05,0.984967320261438,0.7,0.0501089324618736,7.80570107219894e-07,4.58598006433028e-07,0.144486026702479,178.678536733506,0.215303537074158,0.293043410408199,0.3138621910979,0.149379284774044,0.04749133457371,0.222051992573813,0.310224938266726,0.330074753474125,0.140801516857927,0.0464023099502093,241.247501892659,239.280075732808,202,v7.4.6,gap_tied_weak_links_phase3_seed,/Users/asewaket/Documents/LTSpice Superconducting Circuit/matlab_v7_4_6_files/outputs/v7_4_6_as006_gap_weaklink_v800_phase3_seed_202/AS006_v7_4_6_gap_weaklink_scores.csv
AS006,boundary_sns_a3_7_g0_7_p0_2,"SNS-like boundary constriction, alpha=3.7, tau=0.7, p=0.2",boundary_lane,boundary_constriction,shape,3.7,0,0.7,0.2,0.933594771241829,0.7,0.221350762527233,6.20655770649437e-07,4.14068856747237e-07,0.124371191286282,176.423512867772,0.215546429044586,0.292103976859092,0.315980088796644,0.14802252210651,0.047634860336574,0.222797083695081,0.309493886771936,0.332499931665428,0.139922688410735,0.0477132907755537,243.430618435649,236.901796290304,202,v7.4.6,gap_tied_weak_links_phase3_seed,/Users/asewaket/Documents/LTSpice Superconducting Circuit/matlab_v7_4_6_files/outputs/v7_4_6_as006_gap_weaklink_v800_phase3_seed_202/AS006_v7_4_6_gap_weaklink_scores.csv
AS006,crack_tunnel_a4_1_g0_7_p0_1,"tunnel/crack-like links, alpha=4.1, tau=0.7, p=0.1",tear_lane,crack_tunnel,shape,4.1,0.999999999999997,0.7,0.1,0.969934640522875,0.7,0.100217864923747,6.77413973356647e-07,4.63207901276719e-07,0.132300144682082,174.816427526383,0.215594368127598,0.293569912611759,0.314686072383522,0.1484228842022,0.0481726961023139,0.220801466902861,0.307166911849882,0.327509401509554,0.141523424998651,0.0467946887743887,241.753459057293,241.964944652745,202,v7.4.6,gap_tied_weak_links_phase3_seed,/Users/asewaket/Documents/LTSpice Superconducting Circuit/matlab_v7_4_6_files/outputs/v7_4_6_as006_gap_weaklink_v800_phase3_seed_202/AS006_v7_4_6_gap_weaklink_scores.csv
AS006,crack_tunnel_a3_3_g0_7_p0_2,"tunnel/crack-like links, alpha=3.3, tau=0.7, p=0.2",tear_lane,crack_tunnel,shape,3.3,1,0.7,0.2,0.93986928104575,0.7,0.200435729847495,5.13254741392915e-07,3.84740299584063e-07,0.0868107919525136,164.918602559029,0.215661122588355,0.290655764885656,0.319903924946181,0.143797974180984,0.0480705116740724,0.218304001979194,0.297846044572064,0.326770689840194,0.140367296738977,0.0463661371798444,245.517862951061,243.912062013115,202,v7.4.6,gap_tied_weak_links_phase3_seed,/Users/asewaket/Documents/LTSpice Superconducting Circuit/matlab_v7_4_6_files/outputs/v7_4_6_as006_gap_weaklink_v800_phase3_seed_202/AS006_v7_4_6_gap_weaklink_scores.csv
AS006,crack_tunnel_a3_7_g0_7_p0_2,"tunnel/crack-like links, alpha=3.7, tau=0.7, p=0.2",tear_lane,crack_tunnel,shape,3.7,0,0.7,0.2,0.93986928104575,0.7,0.200435729847495,5.75467437319329e-07,4.31375487412434e-07,0.0973333121891819,164.918602559029,0.215672094694461,0.292755502857003,0.317624239795255,0.145122944608936,0.0483588702124352,0.219335442864967,0.302660674796336,0.327049489804034,0.14032485264804,0.0462738665613924,244.072838287753,242.933218196134,202,v7.4.6,gap_tied_weak_links_phase3_seed,/Users/asewaket/Documents/LTSpice Superconducting Circuit/matlab_v7_4_6_files/outputs/v7_4_6_as006_gap_weaklink_v800_phase3_seed_202/AS006_v7_4_6_gap_weaklink_scores.csv
AS006,contact_relaxed_a4_1_g0_7_p0_3,"contact-relaxed SNS links, alpha=4.1, tau=0.7, p=0.3",contact_relaxation,contact_relaxed,shape,4.1,0.999999999999997,0.7,0.3,0.909934640522874,0.7,0.300217864923747,3.47335565969819e-07,5.07820022481415e-07,0.0522053333487643,153.121143414955,0.215751609366524,0.294473360198034,0.316369344282896,0.14615800738944,0.0479408249027196,0.226761181487768,0.319869368586269,0.340512319408342,0.136308328402239,0.0476545693851737,239.683399191569,233.75825619547,202,v7.4.6,gap_tied_weak_links_phase3_seed,/Users/asewaket/Documents/LTSpice Superconducting Circuit/matlab_v7_4_6_files/outputs/v7_4_6_as006_gap_weaklink_v800_phase3_seed_202/AS006_v7_4_6_gap_weaklink_scores.csv
AS006,boundary_sns_a3_7_g0_2_p0_05,"SNS-like boundary constriction, alpha=3.7, tau=0.2, p=0.05",boundary_lane,boundary_constriction,shape,3.7,0,0.2,0.05,0.949455337690632,0.2,0.0631808278867102,2.06678126519176e-07,3.89763555436397e-07,0.144185447387545,177.463296162702,0.215855502846769,0.292214603829139,0.316258987399618,0.148899707386823,0.0474850482218491,0.22198684987311,0.307042776714687,0.330359398275296,0.141669596135793,0.0476755304993531,244.630685169046,237.908049727811,202,v7.4.6,gap_tied_weak_links_phase3_seed,/Users/asewaket/Documents/LTSpice Superconducting Circuit/matlab_v7_4_6_files/outputs/v7_4_6_as006_gap_weaklink_v800_phase3_seed_202/AS006_v7_4_6_gap_weaklink_scores.csv
AS006,crack_tunnel_a3_7_g0_7_p0_3,"tunnel/crack-like links, alpha=3.7, tau=0.7, p=0.3",tear_lane,crack_tunnel,shape,3.7,0,0.7,0.3,0.909934640522874,0.7,0.300217864923747,5.46118294486922e-07,4.38465742792614e-07,0.0889469472849125,157.305002795356,0.215866150775599,0.293637878029237,0.318550848636011,0.143727383385876,0.0485696615033939,0.219121478386434,0.302584764674858,0.327070131034223,0.139505854616315,0.0462675796770282,244.412798474367,243.476046646776,202,v7.4.6,gap_tied_weak_links_phase3_seed,/Users/asewaket/Documents/LTSpice Superconducting Circuit/matlab_v7_4_6_files/outputs/v7_4_6_as006_gap_weaklink_v800_phase3_seed_202/AS006_v7_4_6_gap_weaklink_scores.csv
AS006,contact_relaxed_a4_1_g0_7_p0_2,"contact-relaxed SNS links, alpha=4.1, tau=0.7, p=0.2",contact_relaxation,contact_relaxed,shape,4.1,0.999999999999997,0.7,0.2,0.939999999999999,0.7,0.2,2.94182117021205e-07,4.85494179811944e-07,0.0488097928089326,164.062297026596,0.215915570429914,0.294666176203243,0.316402284261608,0.146704999665902,0.0478264289061366,0.22700481095133,0.320217216657531,0.340690344590667,0.136628778041223,0.047812762513924,239.797832054891,233.48979297477,202,v7.4.6,gap_tied_weak_links_phase3_seed,/Users/asewaket/Documents/LTSpice Superconducting Circuit/matlab_v7_4_6_files/outputs/v7_4_6_as006_gap_weaklink_v800_phase3_seed_202/AS006_v7_4_6_gap_weaklink_scores.csv
AS006,boundary_sns_a3_3_g0_7_p0_2,"SNS-like boundary constriction, alpha=3.3, tau=0.7, p=0.2",boundary_lane,boundary_constriction,shape,3.3,1,0.7,0.2,0.933594771241829,0.7,0.221350762527233,5.53557849498146e-07,3.69304656017806e-07,0.11092565709317,176.423512867772,0.215999015534219,0.291059426084326,0.319084108852258,0.146170222725164,0.0478256826888612,0.221808386777493,0.304840199073418,0.332260678640257,0.139955877865253,0.0478006998620314,244.957488491834,238.520452683483,202,v7.4.6,gap_tied_weak_links_phase3_seed,/Users/asewaket/Documents/LTSpice Superconducting Circuit/matlab_v7_4_6_files/outputs/v7_4_6_as006_gap_weaklink_v800_phase3_seed_202/AS006_v7_4_6_gap_weaklink_scores.csv
AS006,crack_tunnel_a3_3_g0_7_p0_3,"tunnel/crack-like links, alpha=3.3, tau=0.7, p=0.3",tear_lane,crack_tunnel,shape,3.3,1,0.7,0.3,0.909934640522874,0.7,0.300217864923747,4.87078478866714e-07,3.91064040869088e-07,0.079331061091949,157.305002795356,0.216048725485737,0.291861540116335,0.321148339701939,0.142259600085983,0.0485479927264791,0.218042061127319,0.297708774050402,0.326719743246834,0.139511592476323,0.0463524903088316,245.867174170602,244.807052395146,202,v7.4.6,gap_tied_weak_links_phase3_seed,/Users/asewaket/Documents/LTSpice Superconducting Circuit/matlab_v7_4_6_files/outputs/v7_4_6_as006_gap_weaklink_v800_phase3_seed_202/AS006_v7_4_6_gap_weaklink_scores.csv
AS006,boundary_sns_a4_1_g0_2_p0_05,"SNS-like boundary constriction, alpha=4.1, tau=0.2, p=0.05",boundary_lane,boundary_constriction,shape,4.1,0.999999999999997,0.2,0.05,0.949455337690632,0.2,0.0631808278867102,2.29021707764492e-07,4.31900156024115e-07,0.159773063321334,177.463296162702,0.216173942535565,0.294605534308826,0.315551016994534,0.149422723925955,0.0472714937211204,0.222765461908807,0.310536951465986,0.33061841293008,0.141639758700203,0.047658437075156,244.323511151607,237.310941857608,202,v7.4.6,gap_tied_weak_links_phase3_seed,/Users/asewaket/Documents/LTSpice Superconducting Circuit/matlab_v7_4_6_files/outputs/v7_4_6_as006_gap_weaklink_v800_phase3_seed_202/AS006_v7_4_6_gap_weaklink_scores.csv
AS006,crack_tunnel_a3_3_g0_7_p0_1,"tunnel/crack-like links, alpha=3.3, tau=0.7, p=0.1",tear_lane,crack_tunnel,shape,3.3,1,0.7,0.1,0.969934640522875,0.7,0.100217864923747,5.45235637091935e-07,3.7282587175931e-07,0.106485482305091,174.816427526383,0.216219503378585,0.292048731945762,0.32030111922876,0.145021611639968,0.0472448117468708,0.219057537123913,0.299071611965667,0.326993423718077,0.14166172664945,0.0469004238354532,245.451355102947,244.11119703522,202,v7.4.6,gap_tied_weak_links_phase3_seed,/Users/asewaket/Documents/LTSpice Superconducting Circuit/matlab_v7_4_6_files/outputs/v7_4_6_as006_gap_weaklink_v800_phase3_seed_202/AS006_v7_4_6_gap_weaklink_scores.csv
AS006,contact_relaxed_a4_1_g0_1_p0_05,"contact-relaxed SNS links, alpha=4.1, tau=0.1, p=0.05",contact_relaxation,contact_relaxed,shape,4.1,0.999999999999997,0.1,0.05,0.954509803921569,0.1,0.0505446623093682,3.41967649967357e-08,5.26994312199432e-07,0.0411547076809226,153.018621215424,0.216340007158111,0.295379512834972,0.31779059907543,0.145740621781222,0.0480111973470521,0.228713060592494,0.323850735754511,0.344910259247812,0.134920901713502,0.0474704863824112,238.069470593067,232.57176284012,202,v7.4.6,gap_tied_weak_links_phase3_seed,/Users/asewaket/Documents/LTSpice Superconducting Circuit/matlab_v7_4_6_files/outputs/v7_4_6_as006_gap_weaklink_v800_phase3_seed_202/AS006_v7_4_6_gap_weaklink_scores.csv
AS006,crack_tunnel_a3_7_g0_7_p0_1,"tunnel/crack-like links, alpha=3.7, tau=0.7, p=0.1",tear_lane,crack_tunnel,shape,3.7,0,0.7,0.1,0.969934640522875,0.7,0.100217864923747,6.11324805224291e-07,4.18016886518015e-07,0.119392813493586,174.816427526383,0.216410434728867,0.294427088994266,0.318437071029395,0.146111404345719,0.0477209549164792,0.220028353254404,0.303711094608631,0.327238998109552,0.14157555000721,0.0467929874626601,243.981234060901,243.565983001539,202,v7.4.6,gap_tied_weak_links_phase3_seed,/Users/asewaket/Documents/LTSpice Superconducting Circuit/matlab_v7_4_6_files/outputs/v7_4_6_as006_gap_weaklink_v800_phase3_seed_202/AS006_v7_4_6_gap_weaklink_scores.csv
AS006,contact_relaxed_a3_7_g0_4_p0_1,"contact-relaxed SNS links, alpha=3.7, tau=0.4, p=0.1",contact_relaxation,contact_relaxed,shape,3.7,0,0.4,0.1,0.939869281045751,0.4,0.100217864923747,1.38762477339302e-07,4.5485171243388e-07,0.0392302622997876,156.251715206746,0.216431977437117,0.294055538324034,0.319869605389798,0.144211190356363,0.0480685514839491,0.226274377393091,0.31617643805591,0.340937070347127,0.136020317484053,0.0485301789470083,241.618477024164,234.65672986481,202,v7.4.6,gap_tied_weak_links_phase3_seed,/Users/asewaket/Documents/LTSpice Superconducting Circuit/matlab_v7_4_6_files/outputs/v7_4_6_as006_gap_weaklink_v800_phase3_seed_202/AS006_v7_4_6_gap_weaklink_scores.csv
AS006,contact_relaxed_a4_1_g0_05_p0_05,"contact-relaxed SNS links, alpha=4.1, tau=0.05, p=0.05",contact_relaxation,contact_relaxed,shape,4.1,0.999999999999997,0.05,0.05,0.9519825708061,0.05,0.0505446623093682,1.76535938329466e-08,5.44106645218044e-07,0.0411547076809226,148.206135230737,0.216446455170346,0.295756328295243,0.318106951729631,0.145472379830204,0.0479483072418755,0.229308490057534,0.325296635340083,0.346257564059567,0.134378122255446,0.0473224250240379,237.490666091692,232.17478515928,202,v7.4.6,gap_tied_weak_links_phase3_seed,/Users/asewaket/Documents/LTSpice Superconducting Circuit/matlab_v7_4_6_files/outputs/v7_4_6_as006_gap_weaklink_v800_phase3_seed_202/AS006_v7_4_6_gap_weaklink_scores.csv
AS006,contact_relaxed_a4_1_g0_2_p0_05,"contact-relaxed SNS links, alpha=4.1, tau=0.2, p=0.05",contact_relaxation,contact_relaxed,shape,4.1,0.999999999999997,0.2,0.05,0.959564270152505,0.2,0.0505446623093682,6.51437583965761e-08,5.01953768924731e-07,0.0411547076809226,160.652131796664,0.216456288627296,0.295898315569881,0.31785093350867,0.145856360002571,0.0478235439232153,0.228182521200963,0.322794372356369,0.343488048485414,0.135552743982173,0.0475732188212578,238.98214949483,233.047169957562,202,v7.4.6,gap_tied_weak_links_phase3_seed,/Users/asewaket/Documents/LTSpice Superconducting Circuit/matlab_v7_4_6_files/outputs/v7_4_6_as006_gap_weaklink_v800_phase3_seed_202/AS006_v7_4_6_gap_weaklink_scores.csv
AS006,combined_a3_7_g0_7_p0_05,"combined weak-link classes, alpha=3.7, tau=0.7, p=0.05",combined,boundary_constriction,shape,3.7,0,0.7,0.05,0.984967320261438,0.7,0.0501089324618736,7.04416926027709e-07,4.13856737512732e-07,0.130389828975408,178.678536733506,0.216652304476148,0.295185630294818,0.318733883288328,0.146365895887722,0.0473342264716963,0.221292505779652,0.306848207810574,0.329809982121817,0.140831848035161,0.0464070423305567,243.839677781526,241.559638609301,202,v7.4.6,gap_tied_weak_links_phase3_seed,/Users/asewaket/Documents/LTSpice Superconducting Circuit/matlab_v7_4_6_files/outputs/v7_4_6_as006_gap_weaklink_v800_phase3_seed_202/AS006_v7_4_6_gap_weaklink_scores.csv
AS006,boundary_sns_a4_1_g0_7_p0_1,"SNS-like boundary constriction, alpha=4.1, tau=0.7, p=0.1",boundary_lane,boundary_constriction,shape,4.1,0.999999999999997,0.7,0.1,0.962091503267973,0.7,0.12636165577342,7.66471675639556e-07,4.54183593854255e-07,0.153494376358642,179.767967220533,0.216693637186598,0.296586600720305,0.316916835048838,0.14768199537132,0.0476746296630701,0.22474496418699,0.315845788339393,0.335190656274489,0.139050779409154,0.0474819098537608,242.40698700295,236.292107518808,202,v7.4.6,gap_tied_weak_links_phase3_seed,/Users/asewaket/Documents/LTSpice Superconducting Circuit/matlab_v7_4_6_files/outputs/v7_4_6_as006_gap_weaklink_v800_phase3_seed_202/AS006_v7_4_6_gap_weaklink_scores.csv
AS006,boundary_sns_a3_3_g0_7_p0_1,"SNS-like boundary constriction, alpha=3.3, tau=0.7, p=0.1",boundary_lane,boundary_constriction,shape,3.3,1,0.7,0.1,0.962091503267973,0.7,0.12636165577342,6.16916226734277e-07,3.65562404809522e-07,0.123544254142322,179.767967220533,0.216974834481417,0.293711278256786,0.321028657604016,0.145182766965758,0.047884284636073,0.223024894775201,0.307946521318856,0.334705616164945,0.139075927131277,0.0475982153543965,244.532858435921,238.479266693246,202,v7.4.6,gap_tied_weak_links_phase3_seed,/Users/asewaket/Documents/LTSpice Superconducting Circuit/matlab_v7_4_6_files/outputs/v7_4_6_as006_gap_weaklink_v800_phase3_seed_202/AS006_v7_4_6_gap_weaklink_scores.csv
AS006,boundary_sns_a3_7_g0_7_p0_1,"SNS-like boundary constriction, alpha=3.7, tau=0.7, p=0.1",boundary_lane,boundary_constriction,shape,3.7,0,0.7,0.1,0.962091503267973,0.7,0.12636165577342,6.91693951186917e-07,4.09872999331889e-07,0.138519315250482,179.767967220533,0.216996398838283,0.295949660200295,0.319132929076589,0.146290166755216,0.0476869996630673,0.223991762673191,0.312493793634807,0.334933666885748,0.139059919317343,0.0475062035344107,243.59344142638,237.426683022748,202,v7.4.6,gap_tied_weak_links_phase3_seed,/Users/asewaket/Documents/LTSpice Superconducting Circuit/matlab_v7_4_6_files/outputs/v7_4_6_as006_gap_weaklink_v800_phase3_seed_202/AS006_v7_4_6_gap_weaklink_scores.csv
AS006,combined_a3_3_g0_7_p0_05,"combined weak-link classes, alpha=3.3, tau=0.7, p=0.05",combined,boundary_constriction,shape,3.3,1,0.7,0.05,0.984967320261438,0.7,0.0501089324618736,6.28263744835524e-07,3.69115468592437e-07,0.116293631248337,178.678536733506,0.21713373891938,0.294323802974592,0.322012748188009,0.144517656092831,0.0471755121772512,0.220321505340118,0.302239926015448,0.329571556154433,0.140882451824462,0.0465143126343043,245.755408881702,242.995215321818,202,v7.4.6,gap_tied_weak_links_phase3_seed,/Users/asewaket/Documents/LTSpice Superconducting Circuit/matlab_v7_4_6_files/outputs/v7_4_6_as006_gap_weaklink_v800_phase3_seed_202/AS006_v7_4_6_gap_weaklink_scores.csv
AS006,contact_relaxed_a3_7_g0_7_p0_3,"contact-relaxed SNS links, alpha=3.7, tau=0.7, p=0.3",contact_relaxation,contact_relaxed,shape,3.7,0,0.7,0.3,0.909934640522874,0.7,0.300217864923747,3.13449169289837e-07,4.5827660565396e-07,0.0471121300952263,153.121143414955,0.21724747926373,0.296647700837606,0.321450642517684,0.143359629787594,0.0478515338406016,0.225961462757712,0.316337735968396,0.340257677906095,0.136289172893415,0.0476571753677302,242.245492278701,236.13152271885,202,v7.4.6,gap_tied_weak_links_phase3_seed,/Users/asewaket/Documents/LTSpice Superconducting Circuit/matlab_v7_4_6_files/outputs/v7_4_6_as006_gap_weaklink_v800_phase3_seed_202/AS006_v7_4_6_gap_weaklink_scores.csv
AS006,crack_tunnel_a4_1_g0_7_p0_05,"tunnel/crack-like links, alpha=4.1, tau=0.7, p=0.05",tear_lane,crack_tunnel,shape,4.1,0.999999999999997,0.7,0.05,0.984836601307189,0.7,0.0505446623093682,7.19681782645879e-07,4.54957079187775e-07,0.144576464648631,179.63843931404,0.21734746535432,0.298244408312233,0.318570122531091,0.146676555926053,0.0476495091223902,0.222266990225958,0.310577500657322,0.330241507977399,0.140817733801951,0.0468126442595829,242.640253374474,242.181007907842,202,v7.4.6,gap_tied_weak_links_phase3_seed,/Users/asewaket/Documents/LTSpice Superconducting Circuit/matlab_v7_4_6_files/outputs/v7_4_6_as006_gap_weaklink_v800_phase3_seed_202/AS006_v7_4_6_gap_weaklink_scores.csv
AS006,boundary_sns_a3_3_g0_4_p0_05,"SNS-like boundary constriction, alpha=3.3, tau=0.4, p=0.05",boundary_lane,boundary_constriction,shape,3.3,1,0.4,0.05,0.962091503267973,0.4,0.0631808278867102,3.63877328549796e-07,3.56884162666351e-07,0.128597831453756,179.800242742935,0.217350420424736,0.293993148067537,0.321498746049346,0.145496163170955,0.0482659445060966,0.222449588293769,0.306305328088988,0.333316386750345,0.14004194581672,0.0475865042958543,245.151730823821,239.576378102236,202,v7.4.6,gap_tied_weak_links_phase3_seed,/Users/asewaket/Documents/LTSpice Superconducting Circuit/matlab_v7_4_6_files/outputs/v7_4_6_as006_gap_weaklink_v800_phase3_seed_202/AS006_v7_4_6_gap_weaklink_scores.csv
AS006,shuffled_tau_control,"same weak-link histogram, shuffled positions",shuffled,boundary_constriction,shape,3.7,0,0.01,0.08,0.920627450980392,0.01,0.0801742919389978,4.93074823028962e-09,4.38581520556675e-07,0.054325617455655,159.310609708128,0.217377585276797,0.297135767726523,0.320078511269727,0.146269303956717,0.0467781339895463,0.221655993804378,0.291650144764736,0.314425850486267,0.152459674406198,0.0758099928984378,242.584069652649,259.468611600108,202,v7.4.6,gap_tied_weak_links_phase3_seed,/Users/asewaket/Documents/LTSpice Superconducting Circuit/matlab_v7_4_6_files/outputs/v7_4_6_as006_gap_weaklink_v800_phase3_seed_202/AS006_v7_4_6_gap_weaklink_scores.csv
AS006,boundary_sns_a4_1_g0_4_p0_05,"SNS-like boundary constriction, alpha=4.1, tau=0.4, p=0.05",boundary_lane,boundary_constriction,shape,4.1,0.999999999999997,0.4,0.05,0.962091503267973,0.4,0.0631808278867102,4.52090014258837e-07,4.43401535433952e-07,0.159773063321334,179.800242742935,0.21751854334862,0.29834612529548,0.318675073390164,0.147198281951407,0.0475673605755747,0.224185674280051,0.314282679640773,0.333801279580315,0.140005605850654,0.0474864451806123,243.968267066015,237.654856203521,202,v7.4.6,gap_tied_weak_links_phase3_seed,/Users/asewaket/Documents/LTSpice Superconducting Circuit/matlab_v7_4_6_files/outputs/v7_4_6_as006_gap_weaklink_v800_phase3_seed_202/AS006_v7_4_6_gap_weaklink_scores.csv
AS006,contact_relaxed_a3_7_g0_7_p0_2,"contact-relaxed SNS links, alpha=3.7, tau=0.7, p=0.2",contact_relaxation,contact_relaxed,shape,3.7,0,0.7,0.2,0.939999999999999,0.7,0.2,2.65481422677673e-07,4.38128893976633e-07,0.044047861803183,164.062297026596,0.217564574938155,0.297324654522054,0.321833354435505,0.143677847358712,0.0476925407081956,0.2262041619014,0.316734857718884,0.340393639322803,0.136640876155777,0.047795987778492,242.571408961833,236.025696904972,202,v7.4.6,gap_tied_weak_links_phase3_seed,/Users/asewaket/Documents/LTSpice Superconducting Circuit/matlab_v7_4_6_files/outputs/v7_4_6_as006_gap_weaklink_v800_phase3_seed_202/AS006_v7_4_6_gap_weaklink_scores.csv
AS006,contact_relaxed_a4_1_g0_4_p0_05,"contact-relaxed SNS links, alpha=4.1, tau=0.4, p=0.05",contact_relaxation,contact_relaxed,shape,4.1,0.999999999999997,0.4,0.05,0.969673202614379,0.4,0.0505446623093682,1.22330259704161e-07,4.71308440283394e-07,0.0411547076809226,171.102124445188,0.217589419410783,0.299286544386966,0.31989723501941,0.14496195896655,0.0476379426747936,0.228042169761509,0.32308825762026,0.342622770429327,0.136013110907018,0.0475163543021887,240.429008548417,234.280261606619,202,v7.4.6,gap_tied_weak_links_phase3_seed,/Users/asewaket/Documents/LTSpice Superconducting Circuit/matlab_v7_4_6_files/outputs/v7_4_6_as006_gap_weaklink_v800_phase3_seed_202/AS006_v7_4_6_gap_weaklink_scores.csv
AS006,boundary_sns_a3_7_g0_4_p0_05,"SNS-like boundary constriction, alpha=3.7, tau=0.4, p=0.05",boundary_lane,boundary_constriction,shape,3.7,0,0.4,0.05,0.962091503267973,0.4,0.0631808278867102,4.07983671404316e-07,4.00142849050152e-07,0.144185447387545,179.800242742935,0.217728383404626,0.297354040384762,0.320609537523286,0.146014107031648,0.0477035521830556,0.223427396133271,0.310901226876331,0.333545483439472,0.140020059518582,0.0475060833727212,244.934852448771,238.753646649936,202,v7.4.6,gap_tied_weak_links_phase3_seed,/Users/asewaket/Documents/LTSpice Superconducting Circuit/matlab_v7_4_6_files/outputs/v7_4_6_as006_gap_weaklink_v800_phase3_seed_202/AS006_v7_4_6_gap_weaklink_scores.csv
AS006,contact_relaxed_a4_1_g0_7_p0_1,"contact-relaxed SNS links, alpha=4.1, tau=0.7, p=0.1",contact_relaxation,contact_relaxed,shape,4.1,0.999999999999997,0.7,0.1,0.969934640522875,0.7,0.100217864923747,2.40675667524584e-07,4.61610612440339e-07,0.0434713717376025,174.69675355841,0.21781116540303,0.299776710842824,0.320362102061798,0.144765735448746,0.0476882682532452,0.227856047906316,0.322585262607959,0.34209850010237,0.136278922581246,0.0476739485179168,240.976012770622,234.645100851727,202,v7.4.6,gap_tied_weak_links_phase3_seed,/Users/asewaket/Documents/LTSpice Superconducting Circuit/matlab_v7_4_6_files/outputs/v7_4_6_as006_gap_weaklink_v800_phase3_seed_202/AS006_v7_4_6_gap_weaklink_scores.csv
AS006,crack_tunnel_a3_3_g0_7_p0_05,"tunnel/crack-like links, alpha=3.3, tau=0.7, p=0.05",tear_lane,crack_tunnel,shape,3.3,1,0.7,0.05,0.984836601307189,0.7,0.0505446623093682,5.79256068958878e-07,3.66184966175526e-07,0.116366422765971,179.63843931404,0.217999823680771,0.296599334821533,0.323907195008937,0.143624812520348,0.0470311766662481,0.220562560091642,0.302691129565537,0.329727776370793,0.140909384678722,0.04696133139538,246.116695045347,244.288325896569,202,v7.4.6,gap_tied_weak_links_phase3_seed,/Users/asewaket/Documents/LTSpice Superconducting Circuit/matlab_v7_4_6_files/outputs/v7_4_6_as006_gap_weaklink_v800_phase3_seed_202/AS006_v7_4_6_gap_weaklink_scores.csv
AS006,contact_relaxed_a3_3_g0_4_p0_1,"contact-relaxed SNS links, alpha=3.3, tau=0.4, p=0.1",contact_relaxation,contact_relaxed,shape,3.3,1,0.4,0.1,0.939869281045751,0.4,0.100217864923747,1.23761128437756e-07,4.0567855433292e-07,0.0349891528619728,156.251715206746,0.218044789839819,0.295714695156885,0.325672881487194,0.141251693966141,0.0480170939819447,0.225076024579776,0.311028225545515,0.340383105613077,0.136111498212805,0.0485420897644741,244.659252113422,237.530398351739,202,v7.4.6,gap_tied_weak_links_phase3_seed,/Users/asewaket/Documents/LTSpice Superconducting Circuit/matlab_v7_4_6_files/outputs/v7_4_6_as006_gap_weaklink_v800_phase3_seed_202/AS006_v7_4_6_gap_weaklink_scores.csv
AS006,crack_tunnel_a3_7_g0_7_p0_05,"tunnel/crack-like links, alpha=3.7, tau=0.7, p=0.05",tear_lane,crack_tunnel,shape,3.7,0,0.7,0.05,0.984836601307189,0.7,0.0505446623093682,6.49468925802379e-07,4.10571022681651e-07,0.130471443707301,179.63843931404,0.218140870794468,0.298955353850033,0.322101965427402,0.14462632385138,0.0472876558101299,0.221514504118521,0.307230965525396,0.329973098822128,0.140852653835206,0.0468228148344799,244.766066341782,243.67745794866,202,v7.4.6,gap_tied_weak_links_phase3_seed,/Users/asewaket/Documents/LTSpice Superconducting Circuit/matlab_v7_4_6_files/outputs/v7_4_6_as006_gap_weaklink_v800_phase3_seed_202/AS006_v7_4_6_gap_weaklink_scores.csv
AS006,contact_relaxed_a3_7_g0_1_p0_05,"contact-relaxed SNS links, alpha=3.7, tau=0.1, p=0.05",contact_relaxation,contact_relaxed,shape,3.7,0,0.1,0.05,0.954509803921569,0.1,0.0505446623093682,3.08604952409566e-08,4.75580232960463e-07,0.0371396142486375,153.018621215424,0.218161816651567,0.298449222715527,0.323648344946332,0.142537443334172,0.0478034527185114,0.227927710891533,0.320362897050715,0.344633460034228,0.134953353754942,0.0474754101533757,241.082068446631,235.227589412672,202,v7.4.6,gap_tied_weak_links_phase3_seed,/Users/asewaket/Documents/LTSpice Superconducting Circuit/matlab_v7_4_6_files/outputs/v7_4_6_as006_gap_weaklink_v800_phase3_seed_202/AS006_v7_4_6_gap_weaklink_scores.csv
AS006,contact_relaxed_a3_7_g0_05_p0_05,"contact-relaxed SNS links, alpha=3.7, tau=0.05, p=0.05",contact_relaxation,contact_relaxed,shape,3.7,0,0.05,0.05,0.9519825708061,0.05,0.0505446623093682,1.5931291995586e-08,4.91023070074821e-07,0.0371396142486375,148.206135230737,0.21824254561394,0.298754903953154,0.323925981102157,0.142289809429264,0.0477250954011918,0.228535399310761,0.321814459423516,0.346013806511575,0.134412465019804,0.0473227944602792,240.477371547638,234.786635815252,202,v7.4.6,gap_tied_weak_links_phase3_seed,/Users/asewaket/Documents/LTSpice Superconducting Circuit/matlab_v7_4_6_files/outputs/v7_4_6_as006_gap_weaklink_v800_phase3_seed_202/AS006_v7_4_6_gap_weaklink_scores.csv
AS006,contact_relaxed_a3_3_g0_7_p0_3,"contact-relaxed SNS links, alpha=3.3, tau=0.7, p=0.3",contact_relaxation,contact_relaxed,shape,3.3,1,0.7,0.3,0.909934640522874,0.7,0.300217864923747,2.79562772609855e-07,4.08733188826505e-07,0.0420189268416883,153.121143414955,0.218322149073876,0.296911793710522,0.326014352908134,0.141095545692399,0.0478044019541246,0.22483321920451,0.311363194608318,0.339885281292127,0.136277854013183,0.0476563416365317,244.605545378939,238.364080080528,202,v7.4.6,gap_tied_weak_links_phase3_seed,/Users/asewaket/Documents/LTSpice Superconducting Circuit/matlab_v7_4_6_files/outputs/v7_4_6_as006_gap_weaklink_v800_phase3_seed_202/AS006_v7_4_6_gap_weaklink_scores.csv
AS006,contact_relaxed_a3_7_g0_2_p0_05,"contact-relaxed SNS links, alpha=3.7, tau=0.2, p=0.05",contact_relaxation,contact_relaxed,shape,3.7,0,0.2,0.05,0.959564270152505,0.2,0.0505446623093682,5.87882697725199e-08,4.5298266951744e-07,0.0371396142486375,160.652131796664,0.218578689205696,0.299571467329695,0.324241630180708,0.142461092006719,0.0478227608741469,0.227405160411868,0.319338081209996,0.343194968222958,0.135609717971692,0.0475843789945507,242.122939119299,236.088358960399,202,v7.4.6,gap_tied_weak_links_phase3_seed,/Users/asewaket/Documents/LTSpice Superconducting Circuit/matlab_v7_4_6_files/outputs/v7_4_6_as006_gap_weaklink_v800_phase3_seed_202/AS006_v7_4_6_gap_weaklink_scores.csv
AS006,boundary_sns_a4_1_g0_7_p0_05,"SNS-like boundary constriction, alpha=4.1, tau=0.7, p=0.05",boundary_lane,boundary_constriction,shape,4.1,0.999999999999997,0.7,0.05,0.981045751633987,0.7,0.0631808278867102,7.76171749841366e-07,4.46287638939825e-07,0.159773063321334,183.27169864597,0.218768563813568,0.301993739207329,0.321612352760101,0.145136575922839,0.0476067426267817,0.226312999486342,0.319579023312948,0.338369349886157,0.138000024682352,0.04733958096505,243.07394008319,237.073540676923,202,v7.4.6,gap_tied_weak_links_phase3_seed,/Users/asewaket/Documents/LTSpice Superconducting Circuit/matlab_v7_4_6_files/outputs/v7_4_6_as006_gap_weaklink_v800_phase3_seed_202/AS006_v7_4_6_gap_weaklink_scores.csv
AS006,contact_relaxed_a3_3_g0_7_p0_2,"contact-relaxed SNS links, alpha=3.3, tau=0.7, p=0.2",contact_relaxation,contact_relaxed,shape,3.3,1,0.7,0.2,0.939999999999999,0.7,0.2,2.36780728334141e-07,3.90763608141321e-07,0.0392859307974335,164.062297026596,0.218805221489839,0.298142775257837,0.326705150712193,0.141253695081816,0.047582199592751,0.225088533840544,0.311905137452542,0.339958904269575,0.13666393218866,0.0477795340425985,245.150510038311,238.396798086482,202,v7.4.6,gap_tied_weak_links_phase3_seed,/Users/asewaket/Documents/LTSpice Superconducting Circuit/matlab_v7_4_6_files/outputs/v7_4_6_as006_gap_weaklink_v800_phase3_seed_202/AS006_v7_4_6_gap_weaklink_scores.csv
AS006,contact_relaxed_a4_1_g0_7_p0_05,"contact-relaxed SNS links, alpha=4.1, tau=0.7, p=0.05",contact_relaxation,contact_relaxed,shape,4.1,0.999999999999997,0.7,0.05,0.984836601307189,0.7,0.0505446623093682,2.02736366270579e-07,4.50385167571531e-07,0.0411547076809226,180.674012672753,0.219282525606831,0.303718764742765,0.323186389468557,0.14363747028966,0.0475708438593394,0.228288320984423,0.324075956981983,0.34265771046241,0.136296243712333,0.0473443499904998,241.858677327841,235.841248663422,202,v7.4.6,gap_tied_weak_links_phase3_seed,/Users/asewaket/Documents/LTSpice Superconducting Circuit/matlab_v7_4_6_files/outputs/v7_4_6_as006_gap_weaklink_v800_phase3_seed_202/AS006_v7_4_6_gap_weaklink_scores.csv
AS006,contact_relaxed_a3_7_g0_4_p0_05,"contact-relaxed SNS links, alpha=3.7, tau=0.4, p=0.05",contact_relaxation,contact_relaxed,shape,3.7,0,0.4,0.05,0.969673202614379,0.4,0.0505446623093682,1.10395600220828e-07,4.25327129036234e-07,0.0371396142486375,171.102124445188,0.219844962786151,0.303173085363317,0.326403630273825,0.141668109752724,0.0477602383973402,0.227249805084882,0.319672697564108,0.342266916103596,0.136077275943828,0.047512629749222,243.57159844155,237.511070621197,202,v7.4.6,gap_tied_weak_links_phase3_seed,/Users/asewaket/Documents/LTSpice Superconducting Circuit/matlab_v7_4_6_files/outputs/v7_4_6_as006_gap_weaklink_v800_phase3_seed_202/AS006_v7_4_6_gap_weaklink_scores.csv
AS006,contact_relaxed_a3_3_g0_1_p0_05,"contact-relaxed SNS links, alpha=3.3, tau=0.1, p=0.05",contact_relaxation,contact_relaxed,shape,3.3,1,0.1,0.05,0.954509803921569,0.1,0.0505446623093682,2.75242254851775e-08,4.24166153721494e-07,0.0331245208163524,153.018621215424,0.220021985912078,0.300642270033121,0.329864068746361,0.139592745057534,0.0477146078992212,0.226852317391774,0.315608058544344,0.344282068576304,0.134960779957948,0.0474589334585613,244.232235867672,238.190713578566,202,v7.4.6,gap_tied_weak_links_phase3_seed,/Users/asewaket/Documents/LTSpice Superconducting Circuit/matlab_v7_4_6_files/outputs/v7_4_6_as006_gap_weaklink_v800_phase3_seed_202/AS006_v7_4_6_gap_weaklink_scores.csv
AS006,boundary_sns_a3_7_g0_7_p0_05,"SNS-like boundary constriction, alpha=3.7, tau=0.7, p=0.05",boundary_lane,boundary_constriction,shape,3.7,0,0.7,0.05,0.981045751633987,0.7,0.0631808278867102,7.00447676686111e-07,4.02747381482281e-07,0.144185447387545,183.27169864597,0.220127863233003,0.303783612385989,0.326079398600284,0.142791201674645,0.0477277541352232,0.225580834286191,0.316330606267325,0.338121571779121,0.138001871141031,0.0473584756238795,245.251497458652,239.330601501873,202,v7.4.6,gap_tied_weak_links_phase3_seed,/Users/asewaket/Documents/LTSpice Superconducting Circuit/matlab_v7_4_6_files/outputs/v7_4_6_as006_gap_weaklink_v800_phase3_seed_202/AS006_v7_4_6_gap_weaklink_scores.csv
AS006,contact_relaxed_a3_7_g0_7_p0_1,"contact-relaxed SNS links, alpha=3.7, tau=0.7, p=0.1",contact_relaxation,contact_relaxed,shape,3.7,0,0.7,0.1,0.969934640522875,0.7,0.100217864923747,2.17195114595357e-07,4.16575430738843e-07,0.0392302622997876,174.69675355841,0.220148048955374,0.30390895546937,0.326998727844067,0.14144959134123,0.0477715264038444,0.227093113771261,0.319296190654428,0.341773117887421,0.136306779340994,0.0476829477226446,244.208005444468,237.889033882782,202,v7.4.6,gap_tied_weak_links_phase3_seed,/Users/asewaket/Documents/LTSpice Superconducting Circuit/matlab_v7_4_6_files/outputs/v7_4_6_as006_gap_weaklink_v800_phase3_seed_202/AS006_v7_4_6_gap_weaklink_scores.csv
AS006,contact_relaxed_a3_3_g0_05_p0_05,"contact-relaxed SNS links, alpha=3.3, tau=0.05, p=0.05",contact_relaxation,contact_relaxed,shape,3.3,1,0.05,0.05,0.9519825708061,0.05,0.0505446623093682,1.42089901582254e-08,4.37939494931597e-07,0.0331245208163524,148.206135230737,0.22017001144482,0.300951999346845,0.330229164595084,0.139331106421327,0.0478331368092023,0.22747037589951,0.317025661870408,0.345711967449269,0.1344214411572,0.0473034731444185,243.49543451898,237.906810327745,202,v7.4.6,gap_tied_weak_links_phase3_seed,/Users/asewaket/Documents/LTSpice Superconducting Circuit/matlab_v7_4_6_files/outputs/v7_4_6_as006_gap_weaklink_v800_phase3_seed_202/AS006_v7_4_6_gap_weaklink_scores.csv
AS006,contact_relaxed_a3_3_g0_2_p0_05,"contact-relaxed SNS links, alpha=3.3, tau=0.2, p=0.05",contact_relaxation,contact_relaxed,shape,3.3,1,0.2,0.05,0.959564270152505,0.2,0.0505446623093682,5.24327811484637e-08,4.04011570110149e-07,0.0331245208163524,160.652131796664,0.220503346024158,0.301847528736753,0.33048835796962,0.139609487332519,0.0478027157715552,0.226337155524526,0.314623733571616,0.342817406723717,0.135645407617577,0.0475748227625377,245.262204697007,239.128456517676,202,v7.4.6,gap_tied_weak_links_phase3_seed,/Users/asewaket/Documents/LTSpice Superconducting Circuit/matlab_v7_4_6_files/outputs/v7_4_6_as006_gap_weaklink_v800_phase3_seed_202/AS006_v7_4_6_gap_weaklink_scores.csv
AS006,boundary_sns_a3_3_g0_7_p0_05,"SNS-like boundary constriction, alpha=3.3, tau=0.7, p=0.05",boundary_lane,boundary_constriction,shape,3.3,1,0.7,0.05,0.981045751633987,0.7,0.0631808278867102,6.24723603530855e-07,3.59207124024737e-07,0.128597831453756,183.27169864597,0.220816917441581,0.303055286218719,0.329360559923686,0.141255916066616,0.0480784260394646,0.224634283041699,0.311900378008779,0.337901190786806,0.138004814478256,0.0474379352249871,246.742256690522,241.143844820111,202,v7.4.6,gap_tied_weak_links_phase3_seed,/Users/asewaket/Documents/LTSpice Superconducting Circuit/matlab_v7_4_6_files/outputs/v7_4_6_as006_gap_weaklink_v800_phase3_seed_202/AS006_v7_4_6_gap_weaklink_scores.csv
AS006,contact_relaxed_a3_7_g0_7_p0_05,"contact-relaxed SNS links, alpha=3.7, tau=0.7, p=0.05",contact_relaxation,contact_relaxed,shape,3.7,0,0.7,0.05,0.984836601307189,0.7,0.0505446623093682,1.82957208585645e-07,4.06445151223089e-07,0.0371396142486375,180.674012672753,0.221438899455191,0.307395329224891,0.329325257595154,0.140707968123045,0.0475950071057372,0.227533240117243,0.320875238556329,0.342317552915486,0.136324546566041,0.0473295612202319,244.899787932077,238.850769689039,202,v7.4.6,gap_tied_weak_links_phase3_seed,/Users/asewaket/Documents/LTSpice Superconducting Circuit/matlab_v7_4_6_files/outputs/v7_4_6_as006_gap_weaklink_v800_phase3_seed_202/AS006_v7_4_6_gap_weaklink_scores.csv
AS006,contact_relaxed_a3_3_g0_4_p0_05,"contact-relaxed SNS links, alpha=3.3, tau=0.4, p=0.05",contact_relaxation,contact_relaxed,shape,3.3,1,0.4,0.05,0.969673202614379,0.4,0.0505446623093682,9.84609407374954e-08,3.79345817789073e-07,0.0331245208163524,171.102124445188,0.221820946500084,0.30545472184215,0.332478069394292,0.139099992194093,0.0479383989756403,0.226203621862846,0.315116398327253,0.341832984469784,0.136148790474219,0.0475080000720791,246.536246667972,240.642309741885,202,v7.4.6,gap_tied_weak_links_phase3_seed,/Users/asewaket/Documents/LTSpice Superconducting Circuit/matlab_v7_4_6_files/outputs/v7_4_6_as006_gap_weaklink_v800_phase3_seed_202/AS006_v7_4_6_gap_weaklink_scores.csv
AS006,uniform_tau_control,"same mean weak transparency, spatially uniform",uniform,boundary_constriction,shape,3.7,0,0.01,0.08,0.920627450980405,0.920627450980392,1,3.96294355272894e-07,3.96294355272894e-07,0.0508998437129697,171.87860273538,0.221874350773025,0.309034974169577,0.330627905222438,0.139197081983463,0.0477415930769511,0.227843172174604,0.321921149515377,0.343130581521652,0.135585983385717,0.0473337144626038,245.042498656941,239.229305652528,202,v7.4.6,gap_tied_weak_links_phase3_seed,/Users/asewaket/Documents/LTSpice Superconducting Circuit/matlab_v7_4_6_files/outputs/v7_4_6_as006_gap_weaklink_v800_phase3_seed_202/AS006_v7_4_6_gap_weaklink_scores.csv
AS006,contact_relaxed_a3_3_g0_7_p0_1,"contact-relaxed SNS links, alpha=3.3, tau=0.7, p=0.1",contact_relaxation,contact_relaxed,shape,3.3,1,0.7,0.1,0.969934640522875,0.7,0.100217864923747,1.93714561666129e-07,3.71540249037346e-07,0.0349891528619728,174.69675355841,0.222153283319736,0.306360492027312,0.333018720904469,0.1389410756561,0.0479468184184245,0.226092163891727,0.314967379349641,0.341349073219071,0.136349118260902,0.0476961641494957,247.16106256158,240.982666241985,202,v7.4.6,gap_tied_weak_links_phase3_seed,/Users/asewaket/Documents/LTSpice Superconducting Circuit/matlab_v7_4_6_files/outputs/v7_4_6_as006_gap_weaklink_v800_phase3_seed_202/AS006_v7_4_6_gap_weaklink_scores.csv
AS006,bulk_AB_reference,"bulk AB reference: no weak-link mask",none,bulk_sns,shape,3.7,0,NaN,0,1,NaN,0,NaN,3.96294385532423e-07,NaN,186.69722419025,0.22259157655565,0.310094106542103,0.33153723807689,0.140020986055531,0.0476473770321761,0.227745937952097,0.321523422465739,0.342563341027551,0.136352601558717,0.0472796685481337,245.742131096882,239.832930564365,202,v7.4.6,gap_tied_weak_links_phase3_seed,/Users/asewaket/Documents/LTSpice Superconducting Circuit/matlab_v7_4_6_files/outputs/v7_4_6_as006_gap_weaklink_v800_phase3_seed_202/AS006_v7_4_6_gap_weaklink_scores.csv
AS006,contact_relaxed_a3_3_g0_7_p0_05,"contact-relaxed SNS links, alpha=3.3, tau=0.7, p=0.05",contact_relaxation,contact_relaxed,shape,3.3,1,0.7,0.05,0.984836601307189,0.7,0.0505446623093682,1.6317805090071e-07,3.62505134874647e-07,0.0331245208163524,180.674012672753,0.2233461165194,0.309403435942422,0.335108120683623,0.138448128088614,0.0478277753474682,0.226531297924975,0.316446357182483,0.341943495282973,0.136368398684848,0.0473485173411303,247.686692682027,241.858476193749,202,v7.4.6,gap_tied_weak_links_phase3_seed,/Users/asewaket/Documents/LTSpice Superconducting Circuit/matlab_v7_4_6_files/outputs/v7_4_6_as006_gap_weaklink_v800_phase3_seed_202/AS006_v7_4_6_gap_weaklink_scores.csv
AS006,central_lane_gap_control,"central-lane topology with same gap-derived links",central_lane,boundary_constriction,shape,3.7,0,0.01,0.08,0.920627450980392,0.01,0.472222222222222,1.50477778561825e-05,0.000611081971244474,0.124622850470499,0.109961742619022,0.38526554440632,0.557935342838418,0.56732891742841,0.261952671068114,0.0481259348583226,0.344047543441862,0.512521175683956,0.513311658789707,0.21042658317338,0.0463879096766399,283.753952225244,283.753952225244,202,v7.4.6,gap_tied_weak_links_phase3_seed,/Users/asewaket/Documents/LTSpice Superconducting Circuit/matlab_v7_4_6_files/outputs/v7_4_6_as006_gap_weaklink_v800_phase3_seed_202/AS006_v7_4_6_gap_weaklink_scores.csv
