device,caseName,description,topology,linkClass,calibrationMode,alphaGap,alphaPriorPenalty,gammaW,pW,meanW,minW,activeWeakLinkFraction,medianWeakIc_A,medianAllIc_A,medianWeakDelta_meV,normalScaleApplied,shapeScore,shapeFullMap,shapeLowBias,shapeZeroBias,shapeAsymmetry,conductanceScore,conductanceFullMap,conductanceLowBias,conductanceZeroBias,conductanceAsymmetry,modelRN_top_4_10,modelRN_bottom_3_9,seed,sourceVersion,sourceRole,sourceFile
AS006,contact_relaxed_a3_3_g0_05_p0_3,"contact-relaxed SNS links, alpha=3.3, tau=0.05, p=0.3",contact_relaxation,contact_relaxed,conductance,3.3,1,0.05,0.3,0.714793028322441,0.05,0.300217864923747,3.74518863711184e-08,5.70298387074123e-07,0.0441433197252112,86.7936274841479,0.167238290527058,0.126355866806424,0.271521049343709,0.147668775536498,0.0500877800567551,2.19066405441624,3.21614527800499,2.49970917600157,2.62858068704752,0.0769580772640948,1150.64151688922,1112.59236559271,101,v7.4.6,gap_tied_weak_links_phase3_seed,/Users/asewaket/Documents/LTSpice Superconducting Circuit/matlab_v7_4_6_files/outputs/v7_4_6_as006_gap_weaklink_v800_phase3_seed_101/AS006_v7_4_6_gap_weaklink_scores.csv
AS006,central_lane_gap_control,"central-lane topology with same gap-derived links",central_lane,boundary_constriction,conductance,3.7,0,0.01,0.08,0.920627450980392,0.01,0.472222222222222,1.0885882889167e-08,4.15887513341321e-07,0.129936907181052,159.093472801799,0.171678215432495,0.0694930237658761,0.139053173434851,0.397943252021828,0.0481259348583226,1137.36065562681,1416.32733088235,1422.93782457983,1393.74262534101,38.1564725607039,353245.93868658,353245.93868658,101,v7.4.6,gap_tied_weak_links_phase3_seed,/Users/asewaket/Documents/LTSpice Superconducting Circuit/matlab_v7_4_6_files/outputs/v7_4_6_as006_gap_weaklink_v800_phase3_seed_101/AS006_v7_4_6_gap_weaklink_scores.csv
AS006,contact_relaxed_a3_7_g0_05_p0_3,"contact-relaxed SNS links, alpha=3.7, tau=0.05, p=0.3",contact_relaxation,contact_relaxed,conductance,3.7,0,0.05,0.3,0.714793028322441,0.05,0.300217864923747,4.1991508961557e-08,6.39425464295229e-07,0.0494940251464489,86.7936274841479,0.171697333177856,0.134378653618188,0.281931833796749,0.14439350580159,0.0502354208747938,2.17189367241363,3.20588345476414,2.46503015896494,2.60930771484116,0.0781474855639238,1155.0388802015,1117.03084281674,101,v7.4.6,gap_tied_weak_links_phase3_seed,/Users/asewaket/Documents/LTSpice Superconducting Circuit/matlab_v7_4_6_files/outputs/v7_4_6_as006_gap_weaklink_v800_phase3_seed_101/AS006_v7_4_6_gap_weaklink_scores.csv
AS006,contact_relaxed_a4_1_g0_05_p0_3,"contact-relaxed SNS links, alpha=4.1, tau=0.05, p=0.3",contact_relaxation,contact_relaxed,conductance,4.1,0.999999999999997,0.05,0.3,0.714793028322441,0.05,0.300217864923747,4.65311315519956e-08,7.08552541516335e-07,0.0548447305676866,86.7936274841479,0.175811319060917,0.142290086743265,0.290964837896479,0.141786922573439,0.0503443890256851,2.15554968217745,3.19350692448415,2.43611600477466,2.59344523362697,0.0792319360137314,1159.69193766056,1121.63730919832,101,v7.4.6,gap_tied_weak_links_phase3_seed,/Users/asewaket/Documents/LTSpice Superconducting Circuit/matlab_v7_4_6_files/outputs/v7_4_6_as006_gap_weaklink_v800_phase3_seed_101/AS006_v7_4_6_gap_weaklink_scores.csv
AS006,contact_relaxed_a3_3_g0_1_p0_3,"contact-relaxed SNS links, alpha=3.3, tau=0.1, p=0.3",contact_relaxation,contact_relaxed,conductance,3.3,1,0.1,0.3,0.72980392156863,0.1,0.300217864923747,6.78176891781274e-08,5.16346738454357e-07,0.0441433197252112,95.8624545798257,0.186043003601972,0.16791676577481,0.306693207631206,0.14059678342677,0.0498391595969783,0.95699316824161,1.41396388440295,1.00779372215595,1.23481872854396,0.0638395323522396,676.102105756585,652.378200937612,101,v7.4.6,gap_tied_weak_links_phase3_seed,/Users/asewaket/Documents/LTSpice Superconducting Circuit/matlab_v7_4_6_files/outputs/v7_4_6_as006_gap_weaklink_v800_phase3_seed_101/AS006_v7_4_6_gap_weaklink_scores.csv
AS006,anisotropic_gap_control,"anisotropic weak-link transparency",anisotropic,anisotropic,conductance,3.7,0,0.01,0.08,0.920627450980392,0.01,0.0801742919389978,1.13520511578403e-08,4.18055747769115e-07,0.127069027905173,159.093472801799,0.188659932324155,0.202960417716461,0.25961113044312,0.190595673590631,0.047775173640564,0.198438529927519,0.171968861682368,0.2117159215198,0.32249901961581,0.046597150775816,299.121842026159,295.04219203116,101,v7.4.6,gap_tied_weak_links_phase3_seed,/Users/asewaket/Documents/LTSpice Superconducting Circuit/matlab_v7_4_6_files/outputs/v7_4_6_as006_gap_weaklink_v800_phase3_seed_101/AS006_v7_4_6_gap_weaklink_scores.csv
AS006,contact_relaxed_a3_7_g0_1_p0_3,"contact-relaxed SNS links, alpha=3.7, tau=0.1, p=0.3",contact_relaxation,contact_relaxed,conductance,3.7,0,0.1,0.3,0.72980392156863,0.1,0.300217864923747,7.60380151391126e-08,5.7893422190337e-07,0.0494940251464489,95.8624545798257,0.189012114851871,0.176513510201061,0.310185089638345,0.140361634119976,0.0502711145412229,0.946158367420371,1.38812769665332,0.996299941663809,1.2281732412654,0.0639226909551153,674.149589733982,651.5695344827,101,v7.4.6,gap_tied_weak_links_phase3_seed,/Users/asewaket/Documents/LTSpice Superconducting Circuit/matlab_v7_4_6_files/outputs/v7_4_6_as006_gap_weaklink_v800_phase3_seed_101/AS006_v7_4_6_gap_weaklink_scores.csv
AS006,crack_tunnel_a3_3_g0_05_p0_3,"tunnel/crack-like links, alpha=3.3, tau=0.05, p=0.3",tear_lane,crack_tunnel,conductance,3.3,1,0.05,0.3,0.714793028322442,0.05,0.300217864923747,6.43778256743061e-08,4.78580648753317e-07,0.0815570698037585,86.7936274841479,0.189028271267381,0.205022347376954,0.262337034870847,0.180074088212976,0.0559365876697467,0.226443699303264,0.205068839108896,0.241786514957904,0.244540204193331,0.198348000989427,239.805264396133,303.543190901614,101,v7.4.6,gap_tied_weak_links_phase3_seed,/Users/asewaket/Documents/LTSpice Superconducting Circuit/matlab_v7_4_6_files/outputs/v7_4_6_as006_gap_weaklink_v800_phase3_seed_101/AS006_v7_4_6_gap_weaklink_scores.csv
AS006,crack_tunnel_a3_3_g0_1_p0_3,"tunnel/crack-like links, alpha=3.3, tau=0.1, p=0.3",tear_lane,crack_tunnel,conductance,3.3,1,0.1,0.3,0.72980392156863,0.1,0.300217864923747,1.16575045867667e-07,4.33305726742354e-07,0.0815570698037585,95.8624545798257,0.190231371547769,0.209932006326029,0.262507751840516,0.182641170095274,0.0535348230728239,0.204569136594537,0.201029332255949,0.246784216683206,0.213963587207127,0.122489487512215,241.383397724097,278.387242394622,101,v7.4.6,gap_tied_weak_links_phase3_seed,/Users/asewaket/Documents/LTSpice Superconducting Circuit/matlab_v7_4_6_files/outputs/v7_4_6_as006_gap_weaklink_v800_phase3_seed_101/AS006_v7_4_6_gap_weaklink_scores.csv
AS006,contact_relaxed_a4_1_g0_1_p0_3,"contact-relaxed SNS links, alpha=4.1, tau=0.1, p=0.3",contact_relaxation,contact_relaxed,conductance,4.1,0.999999999999997,0.1,0.3,0.72980392156863,0.1,0.300217864923747,8.42583411000977e-08,6.41521705352383e-07,0.0548447305676866,95.8624545798257,0.190586275353137,0.183105205397788,0.310903187098081,0.141024634391322,0.0494648009571062,0.936079229377886,1.36047962245425,0.987049078015539,1.22294375003374,0.0639009503658088,671.616240572585,646.964382414343,101,v7.4.6,gap_tied_weak_links_phase3_seed,/Users/asewaket/Documents/LTSpice Superconducting Circuit/matlab_v7_4_6_files/outputs/v7_4_6_as006_gap_weaklink_v800_phase3_seed_101/AS006_v7_4_6_gap_weaklink_scores.csv
AS006,crack_tunnel_a3_7_g0_05_p0_3,"tunnel/crack-like links, alpha=3.7, tau=0.05, p=0.3",tear_lane,crack_tunnel,conductance,3.7,0,0.05,0.3,0.714793028322442,0.05,0.300217864923747,7.21811984833129e-08,5.36590424359779e-07,0.0914427752345172,86.7936274841479,0.192001174341646,0.217773487198436,0.266216639044544,0.176659850150892,0.0555284534932292,0.227314094419319,0.210430717509891,0.242546618586777,0.243603005022135,0.197179415782173,241.284602378189,304.832798636204,101,v7.4.6,gap_tied_weak_links_phase3_seed,/Users/asewaket/Documents/LTSpice Superconducting Circuit/matlab_v7_4_6_files/outputs/v7_4_6_as006_gap_weaklink_v800_phase3_seed_101/AS006_v7_4_6_gap_weaklink_scores.csv
AS006,crack_tunnel_a3_7_g0_1_p0_3,"tunnel/crack-like links, alpha=3.7, tau=0.1, p=0.3",tear_lane,crack_tunnel,conductance,3.7,0,0.1,0.3,0.72980392156863,0.1,0.300217864923747,1.30705354457687e-07,4.85827633014154e-07,0.0914427752345172,95.8624545798257,0.192645753666781,0.219904139196501,0.263845421848258,0.181801898522779,0.0543427677494807,0.206141913643996,0.208914942528595,0.247453957620839,0.213421109374023,0.121973813137388,241.40565765128,278.848451994232,101,v7.4.6,gap_tied_weak_links_phase3_seed,/Users/asewaket/Documents/LTSpice Superconducting Circuit/matlab_v7_4_6_files/outputs/v7_4_6_as006_gap_weaklink_v800_phase3_seed_101/AS006_v7_4_6_gap_weaklink_scores.csv
AS006,combined_a3_3_g0_1_p0_2,"combined weak-link classes, alpha=3.3, tau=0.1, p=0.2",combined,boundary_constriction,conductance,3.3,1,0.1,0.2,0.820000000000001,0.1,0.2,1.2206319723592e-07,4.25251024649353e-07,0.110260135009435,121.848959064593,0.192756697304983,0.218846413115172,0.267334315134396,0.182202905872762,0.0493483895835948,0.200833484237687,0.244688150714685,0.291485025341286,0.158742678020058,0.0509521286014243,240.005890773784,232.299199683182,101,v7.4.6,gap_tied_weak_links_phase3_seed,/Users/asewaket/Documents/LTSpice Superconducting Circuit/matlab_v7_4_6_files/outputs/v7_4_6_as006_gap_weaklink_v800_phase3_seed_101/AS006_v7_4_6_gap_weaklink_scores.csv
AS006,combined_a3_3_g0_05_p0_1,"combined weak-link classes, alpha=3.3, tau=0.05, p=0.1",combined,boundary_constriction,conductance,3.3,1,0.05,0.1,0.904793028322441,0.05,0.100217864923747,5.64905577674252e-08,4.23483331932588e-07,0.115417704883439,136.716955032075,0.192816959084076,0.219022962347214,0.265582761241938,0.185582455992041,0.0483139309097259,0.207168020236843,0.254922835110619,0.298748806755538,0.155560399609705,0.0636563547392744,240.061645583185,224.188950286742,101,v7.4.6,gap_tied_weak_links_phase3_seed,/Users/asewaket/Documents/LTSpice Superconducting Circuit/matlab_v7_4_6_files/outputs/v7_4_6_as006_gap_weaklink_v800_phase3_seed_101/AS006_v7_4_6_gap_weaklink_scores.csv
AS006,combined_a3_7_g0_05_p0_2,"combined weak-link classes, alpha=3.7, tau=0.05, p=0.2",combined,boundary_constriction,conductance,3.7,0,0.05,0.2,0.810000000000001,0.05,0.2,7.33871688069075e-08,5.1134116487109e-07,0.123624999859064,113.61723600686,0.193017736344336,0.222082389453136,0.264791015762979,0.182980580417937,0.050896289160911,0.19557626758415,0.234861119081956,0.276596072408306,0.170136575330703,0.0463063729608812,241.771960234203,242.205324467839,101,v7.4.6,gap_tied_weak_links_phase3_seed,/Users/asewaket/Documents/LTSpice Superconducting Circuit/matlab_v7_4_6_files/outputs/v7_4_6_as006_gap_weaklink_v800_phase3_seed_101/AS006_v7_4_6_gap_weaklink_scores.csv
AS006,combined_a3_3_g0_1_p0_3,"combined weak-link classes, alpha=3.3, tau=0.1, p=0.3",combined,boundary_constriction,conductance,3.3,1,0.1,0.3,0.729803921568629,0.1,0.300217864923747,1.30505360584178e-07,4.88425790115965e-07,0.0928307285466638,95.8624545798257,0.193133648797812,0.219707569620296,0.270949971386678,0.1776674220169,0.0497139469209506,0.197192337526006,0.235146705130928,0.285477125712318,0.163314265036447,0.047087181206988,242.483465665891,239.090955430832,101,v7.4.6,gap_tied_weak_links_phase3_seed,/Users/asewaket/Documents/LTSpice Superconducting Circuit/matlab_v7_4_6_files/outputs/v7_4_6_as006_gap_weaklink_v800_phase3_seed_101/AS006_v7_4_6_gap_weaklink_scores.csv
AS006,combined_a3_3_g0_05_p0_2,"combined weak-link classes, alpha=3.3, tau=0.05, p=0.2",combined,boundary_constriction,conductance,3.3,1,0.05,0.2,0.810000000000001,0.05,0.2,6.54534208277823e-08,4.56061038939081e-07,0.110260135009435,113.61723600686,0.193190812029239,0.219446969392688,0.268829546460622,0.178048203702351,0.0534951298194824,0.1937466315135,0.226856599533718,0.275537101776714,0.170668845535814,0.0463505730047631,243.349484722286,245.741550056154,101,v7.4.6,gap_tied_weak_links_phase3_seed,/Users/asewaket/Documents/LTSpice Superconducting Circuit/matlab_v7_4_6_files/outputs/v7_4_6_as006_gap_weaklink_v800_phase3_seed_101/AS006_v7_4_6_gap_weaklink_scores.csv
AS006,crack_tunnel_a4_1_g0_05_p0_3,"tunnel/crack-like links, alpha=4.1, tau=0.05, p=0.3",tear_lane,crack_tunnel,conductance,4.1,0.999999999999997,0.05,0.3,0.714793028322442,0.05,0.300217864923747,7.99845712923197e-08,5.94600199966242e-07,0.101328480665276,86.7936274841479,0.19334332164045,0.226144431528057,0.267741296375566,0.175394760396072,0.0527814575218608,0.227945254342178,0.214629019676845,0.24299800822902,0.242907247078235,0.196216678785469,242.587692399662,304.012660394249,101,v7.4.6,gap_tied_weak_links_phase3_seed,/Users/asewaket/Documents/LTSpice Superconducting Circuit/matlab_v7_4_6_files/outputs/v7_4_6_as006_gap_weaklink_v800_phase3_seed_101/AS006_v7_4_6_gap_weaklink_scores.csv
AS006,crack_tunnel_a3_7_g0_05_p0_2,"tunnel/crack-like links, alpha=3.7, tau=0.05, p=0.2",tear_lane,crack_tunnel,conductance,3.7,0,0.05,0.2,0.809586056644881,0.05,0.200435729847495,6.09787013358902e-08,4.98812583048632e-07,0.100368686933821,113.61723600686,0.19351969103086,0.226342728562095,0.26419165198312,0.185211458132728,0.0474060129558324,0.213841469959049,0.256171859406055,0.292357946782941,0.162808417978078,0.0978985610464463,251.227634807304,219.220052334191,101,v7.4.6,gap_tied_weak_links_phase3_seed,/Users/asewaket/Documents/LTSpice Superconducting Circuit/matlab_v7_4_6_files/outputs/v7_4_6_as006_gap_weaklink_v800_phase3_seed_101/AS006_v7_4_6_gap_weaklink_scores.csv
AS006,crack_tunnel_a4_1_g0_1_p0_3,"tunnel/crack-like links, alpha=4.1, tau=0.1, p=0.3",tear_lane,crack_tunnel,conductance,4.1,0.999999999999997,0.1,0.3,0.72980392156863,0.1,0.300217864923747,1.44835663047707e-07,5.38349539285954e-07,0.101328480665276,95.8624545798257,0.193930444086938,0.227642279277185,0.265062993988794,0.180626270373137,0.0523668637106969,0.207225312432363,0.214607122742991,0.2478112739204,0.213041069961453,0.12154837260631,242.463962450119,278.474277759744,101,v7.4.6,gap_tied_weak_links_phase3_seed,/Users/asewaket/Documents/LTSpice Superconducting Circuit/matlab_v7_4_6_files/outputs/v7_4_6_as006_gap_weaklink_v800_phase3_seed_101/AS006_v7_4_6_gap_weaklink_scores.csv
AS006,combined_a4_1_g0_05_p0_2,"combined weak-link classes, alpha=4.1, tau=0.05, p=0.2",combined,boundary_constriction,conductance,4.1,0.999999999999997,0.05,0.2,0.810000000000001,0.05,0.2,8.13209167860326e-08,5.666212908031e-07,0.136989864708692,113.61723600686,0.194112512806973,0.224955486084824,0.263096476273194,0.185545036975351,0.0532569482527611,0.196898495249836,0.240612109424066,0.277402432154703,0.169712158847681,0.0462859119947842,239.753613708688,241.629714861939,101,v7.4.6,gap_tied_weak_links_phase3_seed,/Users/asewaket/Documents/LTSpice Superconducting Circuit/matlab_v7_4_6_files/outputs/v7_4_6_as006_gap_weaklink_v800_phase3_seed_101/AS006_v7_4_6_gap_weaklink_scores.csv
AS006,combined_a3_3_g0_05_p0_3,"combined weak-link classes, alpha=3.3, tau=0.05, p=0.3",combined,boundary_constriction,conductance,3.3,1,0.05,0.3,0.714793028322442,0.05,0.300217864923747,7.20707531420405e-08,5.3946005574152e-07,0.0928307285466638,86.7936274841479,0.194199480512701,0.220226018948368,0.275088281974052,0.172164943136128,0.0541607112403887,0.192854534335407,0.210952052994226,0.264488561332995,0.184569836616681,0.059753340579218,246.772550680398,260.74943329993,101,v7.4.6,gap_tied_weak_links_phase3_seed,/Users/asewaket/Documents/LTSpice Superconducting Circuit/matlab_v7_4_6_files/outputs/v7_4_6_as006_gap_weaklink_v800_phase3_seed_101/AS006_v7_4_6_gap_weaklink_scores.csv
AS006,combined_a3_7_g0_1_p0_2,"combined weak-link classes, alpha=3.7, tau=0.1, p=0.2",combined,boundary_constriction,conductance,3.7,0,0.1,0.2,0.820000000000001,0.1,0.2,1.36858736294819e-07,4.7679660339473e-07,0.123624999859064,121.848959064593,0.194243937917672,0.225832625806887,0.267714517723414,0.18224634310591,0.0490787288831087,0.202579030226711,0.252275187746237,0.292278035673586,0.15851859993085,0.0509851510449794,239.958275144237,231.996641912669,101,v7.4.6,gap_tied_weak_links_phase3_seed,/Users/asewaket/Documents/LTSpice Superconducting Circuit/matlab_v7_4_6_files/outputs/v7_4_6_as006_gap_weaklink_v800_phase3_seed_101/AS006_v7_4_6_gap_weaklink_scores.csv
AS006,contact_relaxed_a3_3_g0_05_p0_2,"contact-relaxed SNS links, alpha=3.3, tau=0.05, p=0.2",contact_relaxation,contact_relaxed,conductance,3.3,1,0.05,0.2,0.810000000000002,0.05,0.2,2.65087338550297e-08,5.01435148828453e-07,0.0415469609139559,113.61723600686,0.194266817758299,0.204992808438824,0.293026779263251,0.164315738761589,0.0481497431899969,0.278879571630215,0.324673562870034,0.259998998976981,0.445550405683511,0.0577880399669337,368.182435694699,351.106277377897,101,v7.4.6,gap_tied_weak_links_phase3_seed,/Users/asewaket/Documents/LTSpice Superconducting Circuit/matlab_v7_4_6_files/outputs/v7_4_6_as006_gap_weaklink_v800_phase3_seed_101/AS006_v7_4_6_gap_weaklink_scores.csv
AS006,crack_tunnel_a3_3_g0_05_p0_2,"tunnel/crack-like links, alpha=3.3, tau=0.05, p=0.2",tear_lane,crack_tunnel,conductance,3.3,1,0.05,0.2,0.809586056644881,0.05,0.200435729847495,5.43864092995777e-08,4.44886898394726e-07,0.0895180180761103,113.61723600686,0.194445757647974,0.221855959421702,0.266645616586364,0.182394882400113,0.0557493967918923,0.212478670729771,0.248457510531579,0.291878814642146,0.163006879313542,0.0993893183515921,248.882754452487,223.903681785484,101,v7.4.6,gap_tied_weak_links_phase3_seed,/Users/asewaket/Documents/LTSpice Superconducting Circuit/matlab_v7_4_6_files/outputs/v7_4_6_as006_gap_weaklink_v800_phase3_seed_101/AS006_v7_4_6_gap_weaklink_scores.csv
AS006,combined_a3_7_g0_05_p0_1,"combined weak-link classes, alpha=3.7, tau=0.05, p=0.1",combined,boundary_constriction,conductance,3.7,0,0.05,0.1,0.904793028322441,0.05,0.100217864923747,6.33378981028707e-08,4.74814644894113e-07,0.129407729717795,136.716955032075,0.194540930427933,0.226556561410898,0.266610246429872,0.185055328604233,0.0482609987211978,0.208860511771234,0.262338899284404,0.299624547652595,0.155342773924996,0.0634422337734778,240.169765640717,224.246074368138,101,v7.4.6,gap_tied_weak_links_phase3_seed,/Users/asewaket/Documents/LTSpice Superconducting Circuit/matlab_v7_4_6_files/outputs/v7_4_6_as006_gap_weaklink_v800_phase3_seed_101/AS006_v7_4_6_gap_weaklink_scores.csv
AS006,combined_a3_7_g0_1_p0_3,"combined weak-link classes, alpha=3.7, tau=0.1, p=0.3",combined,boundary_constriction,conductance,3.7,0,0.1,0.3,0.729803921568629,0.1,0.300217864923747,1.46324192170138e-07,5.47628916190627e-07,0.104082938067472,95.8624545798257,0.194563245259889,0.224261035357708,0.268938662385043,0.180433925500629,0.052370124892125,0.198942512602515,0.242857914074115,0.286272567601722,0.162989801194019,0.0471404041429247,240.124167699022,238.622364681107,101,v7.4.6,gap_tied_weak_links_phase3_seed,/Users/asewaket/Documents/LTSpice Superconducting Circuit/matlab_v7_4_6_files/outputs/v7_4_6_as006_gap_weaklink_v800_phase3_seed_101/AS006_v7_4_6_gap_weaklink_scores.csv
AS006,crack_tunnel_a4_1_g0_05_p0_2,"tunnel/crack-like links, alpha=4.1, tau=0.05, p=0.2",tear_lane,crack_tunnel,conductance,4.1,0.999999999999997,0.05,0.2,0.809586056644881,0.05,0.200435729847495,6.75709933722027e-08,5.52738267702538e-07,0.111219355791531,113.61723600686,0.19494010366937,0.232876119590784,0.265532966506904,0.183903249948837,0.0472626449329393,0.214798026770233,0.261837618311787,0.292632638772991,0.162647699070172,0.0967357738489316,252.700743698817,218.925949963938,101,v7.4.6,gap_tied_weak_links_phase3_seed,/Users/asewaket/Documents/LTSpice Superconducting Circuit/matlab_v7_4_6_files/outputs/v7_4_6_as006_gap_weaklink_v800_phase3_seed_101/AS006_v7_4_6_gap_weaklink_scores.csv
AS006,combined_a3_3_g0_1_p0_1,"combined weak-link classes, alpha=3.3, tau=0.1, p=0.1",combined,boundary_constriction,conductance,3.3,1,0.1,0.1,0.909803921568628,0.1,0.100217864923747,1.07955269586406e-07,4.04645121865784e-07,0.115417704883439,143.081798148711,0.195219999581799,0.22658548989257,0.271785263209536,0.180976670801073,0.0476694588983948,0.206370045636901,0.257918812554833,0.300569165723307,0.154940372550993,0.0542599099251433,239.995302415096,228.108497983475,101,v7.4.6,gap_tied_weak_links_phase3_seed,/Users/asewaket/Documents/LTSpice Superconducting Circuit/matlab_v7_4_6_files/outputs/v7_4_6_as006_gap_weaklink_v800_phase3_seed_101/AS006_v7_4_6_gap_weaklink_scores.csv
AS006,crack_tunnel_a3_3_g0_1_p0_2,"tunnel/crack-like links, alpha=3.3, tau=0.1, p=0.2",tear_lane,crack_tunnel,conductance,3.3,1,0.1,0.2,0.819607843137257,0.1,0.200435729847495,1.01424477457869e-07,4.14831773035323e-07,0.0895180180761103,121.848959064593,0.195250187301538,0.225328013279588,0.26989537668469,0.17993696226171,0.0536848112027584,0.196127456251075,0.229057146835782,0.273465989155868,0.176029232790228,0.0529781124090372,249.268225107691,243.097498149275,101,v7.4.6,gap_tied_weak_links_phase3_seed,/Users/asewaket/Documents/LTSpice Superconducting Circuit/matlab_v7_4_6_files/outputs/v7_4_6_as006_gap_weaklink_v800_phase3_seed_101/AS006_v7_4_6_gap_weaklink_scores.csv
AS006,combined_a4_1_g0_1_p0_2,"combined weak-link classes, alpha=4.1, tau=0.1, p=0.2",combined,boundary_constriction,conductance,4.1,0.999999999999997,0.1,0.2,0.820000000000001,0.1,0.2,1.51654275353719e-07,5.28342182140106e-07,0.136989864708692,121.848959064593,0.19525050037302,0.230515820234433,0.26774176221289,0.182543860656313,0.0490087719377189,0.203835196397247,0.25773382711078,0.2928481692451,0.158347372728248,0.0510236427862174,239.752201043512,231.704869505379,101,v7.4.6,gap_tied_weak_links_phase3_seed,/Users/asewaket/Documents/LTSpice Superconducting Circuit/matlab_v7_4_6_files/outputs/v7_4_6_as006_gap_weaklink_v800_phase3_seed_101/AS006_v7_4_6_gap_weaklink_scores.csv
AS006,combined_a4_1_g0_1_p0_3,"combined weak-link classes, alpha=4.1, tau=0.1, p=0.3",combined,boundary_constriction,conductance,4.1,0.999999999999997,0.1,0.3,0.729803921568629,0.1,0.300217864923747,1.62143023756099e-07,6.06832042265289e-07,0.115335147588279,95.8624545798257,0.195597527759288,0.229500651861376,0.268782223093453,0.180866795625163,0.0520346019900651,0.200340263020447,0.249085958081656,0.286863469536821,0.162732461322736,0.0471887086777242,239.923993144057,238.124880204078,101,v7.4.6,gap_tied_weak_links_phase3_seed,/Users/asewaket/Documents/LTSpice Superconducting Circuit/matlab_v7_4_6_files/outputs/v7_4_6_as006_gap_weaklink_v800_phase3_seed_101/AS006_v7_4_6_gap_weaklink_scores.csv
AS006,combined_a4_1_g0_05_p0_1,"combined weak-link classes, alpha=4.1, tau=0.05, p=0.1",combined,boundary_constriction,conductance,4.1,0.999999999999997,0.05,0.1,0.904793028322441,0.05,0.100217864923747,7.01852384383161e-08,5.26145957855639e-07,0.143397754552151,136.716955032075,0.195712162144905,0.231571584562235,0.266982941971599,0.185039617940894,0.0484695552858746,0.210072210000718,0.267742819693968,0.30021132832855,0.155172887749951,0.06328229604722,239.920846324616,224.279725587201,101,v7.4.6,gap_tied_weak_links_phase3_seed,/Users/asewaket/Documents/LTSpice Superconducting Circuit/matlab_v7_4_6_files/outputs/v7_4_6_as006_gap_weaklink_v800_phase3_seed_101/AS006_v7_4_6_gap_weaklink_scores.csv
AS006,crack_tunnel_a3_7_g0_1_p0_2,"tunnel/crack-like links, alpha=3.7, tau=0.1, p=0.2",tear_lane,crack_tunnel,conductance,3.7,0,0.1,0.2,0.819607843137257,0.1,0.200435729847495,1.13718353513368e-07,4.65114412191119e-07,0.100368686933821,121.848959064593,0.195772861236329,0.231204293042148,0.268754604962799,0.181491814136043,0.0504746867845441,0.19779722597828,0.236782647688102,0.274099558326028,0.175804269286568,0.0527739185245401,249.485934348383,241.143296360324,101,v7.4.6,gap_tied_weak_links_phase3_seed,/Users/asewaket/Documents/LTSpice Superconducting Circuit/matlab_v7_4_6_files/outputs/v7_4_6_as006_gap_weaklink_v800_phase3_seed_101/AS006_v7_4_6_gap_weaklink_scores.csv
AS006,crack_tunnel_a3_3_g0_2_p0_3,"tunnel/crack-like links, alpha=3.3, tau=0.2, p=0.3",tear_lane,crack_tunnel,conductance,3.3,1,0.2,0.3,0.759825708061,0.2,0.300217864923747,2.0148693143087e-07,3.90855957257915e-07,0.0815570698037585,110.926996210317,0.195787758656118,0.23109412718217,0.276570249447962,0.170010190722545,0.0513339911613073,0.195597594376543,0.214296799211283,0.258552728347288,0.192366781541494,0.0707654211368117,249.418205554754,266.748662260216,101,v7.4.6,gap_tied_weak_links_phase3_seed,/Users/asewaket/Documents/LTSpice Superconducting Circuit/matlab_v7_4_6_files/outputs/v7_4_6_as006_gap_weaklink_v800_phase3_seed_101/AS006_v7_4_6_gap_weaklink_scores.csv
AS006,contact_relaxed_a3_3_g0_2_p0_3,"contact-relaxed SNS links, alpha=3.3, tau=0.2, p=0.3",contact_relaxation,contact_relaxed,conductance,3.3,1,0.2,0.3,0.759825708061001,0.2,0.300217864923747,1.1721529241125e-07,4.49640523698447e-07,0.0441433197252112,110.926996210317,0.19586171351078,0.209674022664567,0.307779154147742,0.145862214693389,0.0486932567640471,0.366279708187251,0.472502472189943,0.345829798266358,0.558397157244826,0.0556974752241555,423.172906796107,406.787621691032,101,v7.4.6,gap_tied_weak_links_phase3_seed,/Users/asewaket/Documents/LTSpice Superconducting Circuit/matlab_v7_4_6_files/outputs/v7_4_6_as006_gap_weaklink_v800_phase3_seed_101/AS006_v7_4_6_gap_weaklink_scores.csv
AS006,contact_relaxed_a3_7_g0_2_p0_3,"contact-relaxed SNS links, alpha=3.7, tau=0.2, p=0.3",contact_relaxation,contact_relaxed,conductance,3.7,0,0.2,0.3,0.759825708061001,0.2,0.300217864923747,1.31423206642917e-07,5.04142405358865e-07,0.0494940251464489,110.926996210317,0.195950196407563,0.214669085946782,0.302415368670692,0.149982059950975,0.048377425978601,0.359711022233488,0.447940287296228,0.342652538295935,0.556295567084154,0.0556034229981353,417.448293804509,400.664246314642,101,v7.4.6,gap_tied_weak_links_phase3_seed,/Users/asewaket/Documents/LTSpice Superconducting Circuit/matlab_v7_4_6_files/outputs/v7_4_6_as006_gap_weaklink_v800_phase3_seed_101/AS006_v7_4_6_gap_weaklink_scores.csv
AS006,crack_tunnel_a4_1_g0_1_p0_2,"tunnel/crack-like links, alpha=4.1, tau=0.1, p=0.2",tear_lane,crack_tunnel,conductance,4.1,0.999999999999997,0.1,0.2,0.819607843137257,0.1,0.200435729847495,1.26012229568868e-07,5.15397051346916e-07,0.111219355791531,121.848959064593,0.196074678422844,0.235431076113813,0.267964845293299,0.182502589576467,0.0478755997665477,0.198957753158708,0.242270228775047,0.27448059337307,0.175638691090971,0.0526291347519069,250.277858230875,239.24696499528,101,v7.4.6,gap_tied_weak_links_phase3_seed,/Users/asewaket/Documents/LTSpice Superconducting Circuit/matlab_v7_4_6_files/outputs/v7_4_6_as006_gap_weaklink_v800_phase3_seed_101/AS006_v7_4_6_gap_weaklink_scores.csv
AS006,combined_a3_7_g0_05_p0_3,"combined weak-link classes, alpha=3.7, tau=0.05, p=0.3",combined,boundary_constriction,conductance,3.7,0,0.05,0.3,0.714793028322442,0.05,0.300217864923747,8.08066020077423e-08,6.04849153407158e-07,0.104082938067472,86.7936274841479,0.196359907773173,0.224640684695988,0.272276957069529,0.176091040084151,0.060560379193014,0.194558920831971,0.2191391211913,0.265525499901786,0.183881886108387,0.0591335005049455,243.121443647287,260.303895264097,101,v7.4.6,gap_tied_weak_links_phase3_seed,/Users/asewaket/Documents/LTSpice Superconducting Circuit/matlab_v7_4_6_files/outputs/v7_4_6_as006_gap_weaklink_v800_phase3_seed_101/AS006_v7_4_6_gap_weaklink_scores.csv
AS006,combined_a3_3_g0_2_p0_3,"combined weak-link classes, alpha=3.3, tau=0.2, p=0.3",combined,boundary_constriction,conductance,3.3,1,0.2,0.3,0.759825708061,0.2,0.300217864923747,2.25563922738961e-07,4.32590617705513e-07,0.0928307285466638,110.926996210317,0.196529167257282,0.232921552151336,0.277249646629213,0.172812977680131,0.0485211804337854,0.204884094884628,0.257459931546384,0.300297819412185,0.153243364498052,0.0498851532828674,240.783143503618,233.090415186461,101,v7.4.6,gap_tied_weak_links_phase3_seed,/Users/asewaket/Documents/LTSpice Superconducting Circuit/matlab_v7_4_6_files/outputs/v7_4_6_as006_gap_weaklink_v800_phase3_seed_101/AS006_v7_4_6_gap_weaklink_scores.csv
AS006,combined_a3_7_g0_1_p0_1,"combined weak-link classes, alpha=3.7, tau=0.1, p=0.1",combined,boundary_constriction,conductance,3.7,0,0.1,0.1,0.909803921568628,0.1,0.100217864923747,1.21040756809e-07,4.53693015425273e-07,0.129407729717795,143.081798148711,0.196826999688933,0.233457840316444,0.272369857550025,0.180921532059195,0.0478779923416828,0.208015120493284,0.265025939369605,0.301330087406465,0.154805972280146,0.0542145447853182,239.798345063644,228.142407893707,101,v7.4.6,gap_tied_weak_links_phase3_seed,/Users/asewaket/Documents/LTSpice Superconducting Circuit/matlab_v7_4_6_files/outputs/v7_4_6_as006_gap_weaklink_v800_phase3_seed_101/AS006_v7_4_6_gap_weaklink_scores.csv
AS006,combined_a3_3_g0_2_p0_2,"combined weak-link classes, alpha=3.3, tau=0.2, p=0.2",combined,boundary_constriction,conductance,3.3,1,0.2,0.2,0.839999999999999,0.2,0.2,2.22227747312202e-07,3.91175749903473e-07,0.110260135009435,133.856133657314,0.19694836321095,0.233662157261082,0.277220596797304,0.17444512059291,0.0478872136572477,0.207295082052707,0.262306837246892,0.303865170803762,0.151941464055029,0.0524776940412733,240.348794120356,230.061484502774,101,v7.4.6,gap_tied_weak_links_phase3_seed,/Users/asewaket/Documents/LTSpice Superconducting Circuit/matlab_v7_4_6_files/outputs/v7_4_6_as006_gap_weaklink_v800_phase3_seed_101/AS006_v7_4_6_gap_weaklink_scores.csv
AS006,contact_relaxed_a3_7_g0_05_p0_2,"contact-relaxed SNS links, alpha=3.7, tau=0.05, p=0.2",contact_relaxation,contact_relaxed,conductance,3.7,0,0.05,0.2,0.810000000000002,0.05,0.2,2.97219137162454e-08,5.62215166868265e-07,0.0465829561762536,113.61723600686,0.197070620365328,0.216841145964228,0.294257064889807,0.164054382450301,0.0484941142423755,0.275197522508939,0.308662487792106,0.259191557955462,0.444571443128273,0.0580255944201884,367.82860442086,351.2228273434,101,v7.4.6,gap_tied_weak_links_phase3_seed,/Users/asewaket/Documents/LTSpice Superconducting Circuit/matlab_v7_4_6_files/outputs/v7_4_6_as006_gap_weaklink_v800_phase3_seed_101/AS006_v7_4_6_gap_weaklink_scores.csv
AS006,crack_tunnel_a3_3_g0_2_p0_2,"tunnel/crack-like links, alpha=3.3, tau=0.2, p=0.2",tear_lane,crack_tunnel,conductance,3.3,1,0.2,0.2,0.839651416122003,0.2,0.200435729847495,1.84652980244456e-07,3.79140322782883e-07,0.0895180180761103,133.856133657314,0.197175228273695,0.235554131181502,0.277609300685989,0.172923602143412,0.0483512313072301,0.194481825803234,0.227180478946636,0.269402192048158,0.18175034650778,0.0465868808505332,253.429277911834,251.163468432962,101,v7.4.6,gap_tied_weak_links_phase3_seed,/Users/asewaket/Documents/LTSpice Superconducting Circuit/matlab_v7_4_6_files/outputs/v7_4_6_as006_gap_weaklink_v800_phase3_seed_101/AS006_v7_4_6_gap_weaklink_scores.csv
AS006,contact_relaxed_a3_3_g0_1_p0_2,"contact-relaxed SNS links, alpha=3.3, tau=0.1, p=0.2",contact_relaxation,contact_relaxed,conductance,3.3,1,0.1,0.2,0.820000000000002,0.1,0.2,4.94357784222571e-08,4.67559805877178e-07,0.0415469609139559,121.848959064593,0.19724421736924,0.218221091434747,0.296611260074639,0.160273531258207,0.0485883762080786,0.233227227095066,0.245886044581211,0.227327212025595,0.372098720502908,0.0573040692206909,344.101410122641,328.505300189367,101,v7.4.6,gap_tied_weak_links_phase3_seed,/Users/asewaket/Documents/LTSpice Superconducting Circuit/matlab_v7_4_6_files/outputs/v7_4_6_as006_gap_weaklink_v800_phase3_seed_101/AS006_v7_4_6_gap_weaklink_scores.csv
AS006,crack_tunnel_a3_7_g0_2_p0_3,"tunnel/crack-like links, alpha=3.7, tau=0.2, p=0.3",tear_lane,crack_tunnel,conductance,3.7,0,0.2,0.3,0.759825708061,0.2,0.300217864923747,2.25909589786127e-07,4.38232436925542e-07,0.0914427752345172,110.926996210317,0.197484551186436,0.23877189573385,0.276811014336393,0.1701956503893,0.0514870221230161,0.197227409689633,0.221949124956881,0.259115999833379,0.192022601411886,0.0707066720180139,249.173706480437,266.546621803482,101,v7.4.6,gap_tied_weak_links_phase3_seed,/Users/asewaket/Documents/LTSpice Superconducting Circuit/matlab_v7_4_6_files/outputs/v7_4_6_as006_gap_weaklink_v800_phase3_seed_101/AS006_v7_4_6_gap_weaklink_scores.csv
AS006,combined_a3_7_g0_2_p0_3,"combined weak-link classes, alpha=3.7, tau=0.2, p=0.3",combined,boundary_constriction,conductance,3.7,0,0.2,0.3,0.759825708061,0.2,0.300217864923747,2.52905004283077e-07,4.8502584409406e-07,0.104082938067472,110.926996210317,0.197642673950462,0.238447613645212,0.277017673661164,0.1733218062111,0.0483325694361873,0.206380495721663,0.264066381801424,0.300956023022599,0.153016372735989,0.0498925905973581,240.474147886877,232.591871344985,101,v7.4.6,gap_tied_weak_links_phase3_seed,/Users/asewaket/Documents/LTSpice Superconducting Circuit/matlab_v7_4_6_files/outputs/v7_4_6_as006_gap_weaklink_v800_phase3_seed_101/AS006_v7_4_6_gap_weaklink_scores.csv
AS006,contact_relaxed_a4_1_g0_2_p0_3,"contact-relaxed SNS links, alpha=4.1, tau=0.2, p=0.3",contact_relaxation,contact_relaxed,conductance,4.1,0.999999999999997,0.2,0.3,0.759825708061001,0.2,0.300217864923747,1.45631120874583e-07,5.58644287019282e-07,0.0548447305676866,110.926996210317,0.197806743166684,0.222943863971213,0.30171173070957,0.151138756794646,0.0491708771271495,0.35448067879238,0.42825118076752,0.340117214812861,0.554733968307229,0.055529626887838,414.869179620453,399.743018041088,101,v7.4.6,gap_tied_weak_links_phase3_seed,/Users/asewaket/Documents/LTSpice Superconducting Circuit/matlab_v7_4_6_files/outputs/v7_4_6_as006_gap_weaklink_v800_phase3_seed_101/AS006_v7_4_6_gap_weaklink_scores.csv
AS006,combined_a4_1_g0_1_p0_1,"combined weak-link classes, alpha=4.1, tau=0.1, p=0.1",combined,boundary_constriction,conductance,4.1,0.999999999999997,0.1,0.1,0.909803921568628,0.1,0.100217864923747,1.34126244031595e-07,5.02740908984762e-07,0.143397754552151,143.081798148711,0.197937374652715,0.238261211366673,0.272661315185407,0.180940139720778,0.0480931856714665,0.209173873618749,0.270138173515599,0.301807297753454,0.154711641503999,0.0541788716296049,239.575304464892,228.190868714737,101,v7.4.6,gap_tied_weak_links_phase3_seed,/Users/asewaket/Documents/LTSpice Superconducting Circuit/matlab_v7_4_6_files/outputs/v7_4_6_as006_gap_weaklink_v800_phase3_seed_101/AS006_v7_4_6_gap_weaklink_scores.csv
AS006,combined_a4_1_g0_05_p0_3,"combined weak-link classes, alpha=4.1, tau=0.05, p=0.3",combined,boundary_constriction,conductance,4.1,0.999999999999997,0.05,0.3,0.714793028322442,0.05,0.300217864923747,8.95424508734442e-08,6.70238251072797e-07,0.115335147588279,86.7936274841479,0.198186728929648,0.227119833544714,0.269095501634714,0.180485526423268,0.0672897752136902,0.195896475962767,0.22567294307402,0.266305063275538,0.183334337168858,0.0586076545465487,239.632285319228,259.546345687369,101,v7.4.6,gap_tied_weak_links_phase3_seed,/Users/asewaket/Documents/LTSpice Superconducting Circuit/matlab_v7_4_6_files/outputs/v7_4_6_as006_gap_weaklink_v800_phase3_seed_101/AS006_v7_4_6_gap_weaklink_scores.csv
AS006,combined_a3_7_g0_2_p0_2,"combined weak-link classes, alpha=3.7, tau=0.2, p=0.2",combined,boundary_constriction,conductance,3.7,0,0.2,0.2,0.839999999999999,0.2,0.2,2.49164443956105e-07,4.38590992316015e-07,0.123624999859064,133.856133657314,0.198214690042959,0.239851792588782,0.277072510643422,0.174866098219627,0.0477621412254917,0.208847805832019,0.269276323290525,0.304396747500087,0.151838203699201,0.0524706431204161,240.113459009141,229.694892147854,101,v7.4.6,gap_tied_weak_links_phase3_seed,/Users/asewaket/Documents/LTSpice Superconducting Circuit/matlab_v7_4_6_files/outputs/v7_4_6_as006_gap_weaklink_v800_phase3_seed_101/AS006_v7_4_6_gap_weaklink_scores.csv
AS006,combined_a4_1_g0_2_p0_3,"combined weak-link classes, alpha=4.1, tau=0.2, p=0.3",combined,boundary_constriction,conductance,4.1,0.999999999999997,0.2,0.3,0.759825708061,0.2,0.300217864923747,2.80246085827194e-07,5.37461070482607e-07,0.115335147588279,110.926996210317,0.198411761835881,0.2424021611501,0.276504643926366,0.174039624962274,0.0482239899553214,0.207545566753598,0.26924789416275,0.301439262762348,0.152842114804618,0.0499085862653581,240.073590059131,232.06860056214,101,v7.4.6,gap_tied_weak_links_phase3_seed,/Users/asewaket/Documents/LTSpice Superconducting Circuit/matlab_v7_4_6_files/outputs/v7_4_6_as006_gap_weaklink_v800_phase3_seed_101/AS006_v7_4_6_gap_weaklink_scores.csv
AS006,crack_tunnel_a4_1_g0_2_p0_3,"tunnel/crack-like links, alpha=4.1, tau=0.2, p=0.3",tear_lane,crack_tunnel,conductance,4.1,0.999999999999997,0.2,0.3,0.759825708061,0.2,0.300217864923747,2.50332248141384e-07,4.85608916593168e-07,0.101328480665276,110.926996210317,0.198506760822305,0.243700084782311,0.276419298411011,0.170794876443926,0.0516063515550371,0.198321416389175,0.227263787483117,0.259412639468789,0.19179328168608,0.0706295732847771,248.762679179537,266.162996602439,101,v7.4.6,gap_tied_weak_links_phase3_seed,/Users/asewaket/Documents/LTSpice Superconducting Circuit/matlab_v7_4_6_files/outputs/v7_4_6_as006_gap_weaklink_v800_phase3_seed_101/AS006_v7_4_6_gap_weaklink_scores.csv
AS006,combined_a3_3_g0_2_p0_1,"combined weak-link classes, alpha=3.3, tau=0.2, p=0.1",combined,boundary_constriction,conductance,3.3,1,0.2,0.1,0.919825708061002,0.2,0.100217864923747,2.04231623131729e-07,3.82853283909391e-07,0.115417704883439,151.263882205831,0.198822243247769,0.238949113576672,0.280311750818466,0.174096409732353,0.0469960265644189,0.208040146319092,0.266085916227965,0.305345781232419,0.152700123383887,0.0488845439809001,240.39901823415,231.300502162002,101,v7.4.6,gap_tied_weak_links_phase3_seed,/Users/asewaket/Documents/LTSpice Superconducting Circuit/matlab_v7_4_6_files/outputs/v7_4_6_as006_gap_weaklink_v800_phase3_seed_101/AS006_v7_4_6_gap_weaklink_scores.csv
AS006,crack_tunnel_a3_7_g0_2_p0_2,"tunnel/crack-like links, alpha=3.7, tau=0.2, p=0.2",tear_lane,crack_tunnel,conductance,3.7,0,0.2,0.2,0.839651416122003,0.2,0.200435729847495,2.07035159668026e-07,4.25096725544445e-07,0.100368686933821,133.856133657314,0.198871507811431,0.242600482643107,0.27810633903239,0.172784787953905,0.0490899781649815,0.196024502563985,0.234188977048803,0.269925659886696,0.181490121244672,0.0467009794135674,253.002735692568,251.523221710084,101,v7.4.6,gap_tied_weak_links_phase3_seed,/Users/asewaket/Documents/LTSpice Superconducting Circuit/matlab_v7_4_6_files/outputs/v7_4_6_as006_gap_weaklink_v800_phase3_seed_101/AS006_v7_4_6_gap_weaklink_scores.csv
AS006,combined_a4_1_g0_2_p0_2,"combined weak-link classes, alpha=4.1, tau=0.2, p=0.2",combined,boundary_constriction,conductance,4.1,0.999999999999997,0.2,0.2,0.839999999999999,0.2,0.2,2.76101140600009e-07,4.86006234728557e-07,0.136989864708692,133.856133657314,0.19903378824492,0.243953243234043,0.276726599302053,0.175399159440403,0.0476951999114594,0.209954418805264,0.274258747085899,0.304773460069315,0.151751085682902,0.0524709347154929,239.82096376627,229.329316181031,101,v7.4.6,gap_tied_weak_links_phase3_seed,/Users/asewaket/Documents/LTSpice Superconducting Circuit/matlab_v7_4_6_files/outputs/v7_4_6_as006_gap_weaklink_v800_phase3_seed_101/AS006_v7_4_6_gap_weaklink_scores.csv
AS006,contact_relaxed_a4_1_g0_05_p0_2,"contact-relaxed SNS links, alpha=4.1, tau=0.05, p=0.2",contact_relaxation,contact_relaxed,conductance,4.1,0.999999999999997,0.05,0.2,0.810000000000002,0.05,0.2,3.29350935774611e-08,6.22995184908078e-07,0.0516189514385513,113.61723600686,0.199106885233416,0.226523098945867,0.29386192999169,0.16488104990093,0.0486516373595927,0.272232900852244,0.29546272130304,0.258708779515575,0.443766411602233,0.0582534043031319,366.716613627031,350.265371630174,101,v7.4.6,gap_tied_weak_links_phase3_seed,/Users/asewaket/Documents/LTSpice Superconducting Circuit/matlab_v7_4_6_files/outputs/v7_4_6_as006_gap_weaklink_v800_phase3_seed_101/AS006_v7_4_6_gap_weaklink_scores.csv
AS006,boundary_sns_a3_3_g0_1_p0_3,"SNS-like boundary constriction, alpha=3.3, tau=0.1, p=0.3",boundary_lane,boundary_constriction,conductance,3.3,1,0.1,0.3,0.715686274509806,0.1,0.315904139433551,1.39038702232733e-07,4.50795317161485e-07,0.0970775405250188,95.8624545798257,0.199526678339545,0.24375061971243,0.271760126868694,0.18181412687303,0.0510348913737936,0.317384641894573,0.463313409433617,0.477295789174221,0.190887779579618,0.0497324445098384,167.107753085074,162.851714608684,101,v7.4.6,gap_tied_weak_links_phase3_seed,/Users/asewaket/Documents/LTSpice Superconducting Circuit/matlab_v7_4_6_files/outputs/v7_4_6_as006_gap_weaklink_v800_phase3_seed_101/AS006_v7_4_6_gap_weaklink_scores.csv
AS006,contact_relaxed_a3_7_g0_1_p0_2,"contact-relaxed SNS links, alpha=3.7, tau=0.1, p=0.2",contact_relaxation,contact_relaxed,conductance,3.7,0,0.1,0.2,0.820000000000002,0.1,0.2,5.54279939885913e-08,5.24233721741078e-07,0.0465829561762536,121.848959064593,0.199668371620228,0.229402332022917,0.29653992318078,0.160911395894312,0.0488554156439669,0.230895295267748,0.235542360627116,0.227234420369228,0.371056815649009,0.0574528605042116,342.959552600867,327.751558651117,101,v7.4.6,gap_tied_weak_links_phase3_seed,/Users/asewaket/Documents/LTSpice Superconducting Circuit/matlab_v7_4_6_files/outputs/v7_4_6_as006_gap_weaklink_v800_phase3_seed_101/AS006_v7_4_6_gap_weaklink_scores.csv
AS006,crack_tunnel_a4_1_g0_2_p0_2,"tunnel/crack-like links, alpha=4.1, tau=0.2, p=0.2",tear_lane,crack_tunnel,conductance,4.1,0.999999999999997,0.2,0.2,0.839651416122003,0.2,0.200435729847495,2.29417339091597e-07,4.71053128306007e-07,0.111219355791531,133.856133657314,0.199996807531634,0.247359021788905,0.278205580841241,0.172876076935565,0.0496701532276392,0.197067899682354,0.23906101012067,0.270220411583429,0.181306916387748,0.046759122535414,252.60036743129,251.69259300341,101,v7.4.6,gap_tied_weak_links_phase3_seed,/Users/asewaket/Documents/LTSpice Superconducting Circuit/matlab_v7_4_6_files/outputs/v7_4_6_as006_gap_weaklink_v800_phase3_seed_101/AS006_v7_4_6_gap_weaklink_scores.csv
AS006,boundary_sns_a3_7_g0_1_p0_3,"SNS-like boundary constriction, alpha=3.7, tau=0.1, p=0.3",boundary_lane,boundary_constriction,conductance,3.7,0,0.1,0.3,0.715686274509806,0.1,0.315904139433551,1.55891878260944e-07,5.0543717378712e-07,0.108844515134112,95.8624545798257,0.200006461310606,0.246138623068871,0.271472870911361,0.182241094573257,0.0510147911727068,0.318154997407057,0.466479781977689,0.477550996574929,0.191047481284355,0.0497716094460281,166.953640316749,162.654434506116,101,v7.4.6,gap_tied_weak_links_phase3_seed,/Users/asewaket/Documents/LTSpice Superconducting Circuit/matlab_v7_4_6_files/outputs/v7_4_6_as006_gap_weaklink_v800_phase3_seed_101/AS006_v7_4_6_gap_weaklink_scores.csv
AS006,crack_tunnel_a3_3_g0_05_p0_1,"tunnel/crack-like links, alpha=3.3, tau=0.05, p=0.1",tear_lane,crack_tunnel,conductance,3.3,1,0.05,0.1,0.904793028322441,0.05,0.100217864923747,5.31684183633695e-08,4.21465537713835e-07,0.109064057812671,136.716955032075,0.200121496102372,0.241384660505623,0.277611900511315,0.178862476820523,0.049823898085784,0.217519222765319,0.286879503703445,0.319426858598421,0.14626695335179,0.0588859158861759,223.146031640711,233.11814868539,101,v7.4.6,gap_tied_weak_links_phase3_seed,/Users/asewaket/Documents/LTSpice Superconducting Circuit/matlab_v7_4_6_files/outputs/v7_4_6_as006_gap_weaklink_v800_phase3_seed_101/AS006_v7_4_6_gap_weaklink_scores.csv
AS006,combined_a3_7_g0_2_p0_1,"combined weak-link classes, alpha=3.7, tau=0.2, p=0.1",combined,boundary_constriction,conductance,3.7,0,0.2,0.1,0.919825708061002,0.2,0.100217864923747,2.28986971390121e-07,4.29259742565074e-07,0.129407729717795,151.263882205831,0.20026223849168,0.245268438074909,0.280625117139734,0.174141720344685,0.0472716489581006,0.209546147065626,0.27271926744101,0.305900827460112,0.152608838383366,0.0489239718527167,240.053044516363,231.431363350957,101,v7.4.6,gap_tied_weak_links_phase3_seed,/Users/asewaket/Documents/LTSpice Superconducting Circuit/matlab_v7_4_6_files/outputs/v7_4_6_as006_gap_weaklink_v800_phase3_seed_101/AS006_v7_4_6_gap_weaklink_scores.csv
AS006,boundary_sns_a4_1_g0_1_p0_3,"SNS-like boundary constriction, alpha=4.1, tau=0.1, p=0.3",boundary_lane,boundary_constriction,conductance,4.1,0.999999999999997,0.1,0.3,0.715686274509806,0.1,0.315904139433551,1.72745054289154e-07,5.60079030412754e-07,0.120611489743205,95.8624545798257,0.200338019943876,0.247998286878552,0.27117920174573,0.182608397984373,0.0508677123053315,0.318746216821808,0.468981759761,0.47772775369748,0.191152168344323,0.0497855449470474,166.85108743777,162.460084913216,101,v7.4.6,gap_tied_weak_links_phase3_seed,/Users/asewaket/Documents/LTSpice Superconducting Circuit/matlab_v7_4_6_files/outputs/v7_4_6_as006_gap_weaklink_v800_phase3_seed_101/AS006_v7_4_6_gap_weaklink_scores.csv
AS006,boundary_sns_a3_3_g0_2_p0_3,"SNS-like boundary constriction, alpha=3.3, tau=0.2, p=0.3",boundary_lane,boundary_constriction,conductance,3.3,1,0.2,0.3,0.747276688453157,0.2,0.315904139433551,2.40312849585368e-07,4.04488240222959e-07,0.0970775405250188,110.926996210317,0.200445387653336,0.24888839873801,0.27780232468205,0.175256782724429,0.0481134929295455,0.288043010878817,0.418684583657599,0.436743497004621,0.161610828418766,0.0552158154549436,187.163577260878,176.719020626963,101,v7.4.6,gap_tied_weak_links_phase3_seed,/Users/asewaket/Documents/LTSpice Superconducting Circuit/matlab_v7_4_6_files/outputs/v7_4_6_as006_gap_weaklink_v800_phase3_seed_101/AS006_v7_4_6_gap_weaklink_scores.csv
AS006,boundary_sns_a3_7_g0_2_p0_3,"SNS-like boundary constriction, alpha=3.7, tau=0.2, p=0.3",boundary_lane,boundary_constriction,conductance,3.7,0,0.2,0.3,0.747276688453157,0.2,0.315904139433551,2.6944167983814e-07,4.53517117825742e-07,0.108844515134112,110.926996210317,0.200837436245977,0.251144629437862,0.276946154736265,0.176238336273303,0.048088860661932,0.288888193752471,0.422262867892639,0.437013422634484,0.161749071564162,0.0552182718041651,186.77292893333,176.307679511384,101,v7.4.6,gap_tied_weak_links_phase3_seed,/Users/asewaket/Documents/LTSpice Superconducting Circuit/matlab_v7_4_6_files/outputs/v7_4_6_as006_gap_weaklink_v800_phase3_seed_101/AS006_v7_4_6_gap_weaklink_scores.csv
AS006,boundary_sns_a4_1_g0_2_p0_3,"SNS-like boundary constriction, alpha=4.1, tau=0.2, p=0.3",boundary_lane,boundary_constriction,conductance,4.1,0.999999999999997,0.2,0.3,0.747276688453157,0.2,0.315904139433551,2.98570510090912e-07,5.02545995428525e-07,0.120611489743205,110.926996210317,0.201016641755452,0.252447784749472,0.275939897785361,0.177331557251624,0.0480761563388751,0.289527748572144,0.425077902095185,0.437184036077769,0.161822955378812,0.0552100834059259,186.335333157679,175.897939984491,101,v7.4.6,gap_tied_weak_links_phase3_seed,/Users/asewaket/Documents/LTSpice Superconducting Circuit/matlab_v7_4_6_files/outputs/v7_4_6_as006_gap_weaklink_v800_phase3_seed_101/AS006_v7_4_6_gap_weaklink_scores.csv
AS006,crack_tunnel_a3_3_g0_1_p0_1,"tunnel/crack-like links, alpha=3.3, tau=0.1, p=0.1",tear_lane,crack_tunnel,conductance,3.3,1,0.1,0.1,0.909803921568628,0.1,0.100217864923747,1.01606554524235e-07,4.0271708709799e-07,0.109064057812671,143.081798148711,0.201097660213254,0.245083354145507,0.281081203617057,0.175668511702087,0.0489272009633035,0.213684991736191,0.277405683705639,0.310895494712466,0.151410064397833,0.0576895787312076,229.34495426207,237.837302875011,101,v7.4.6,gap_tied_weak_links_phase3_seed,/Users/asewaket/Documents/LTSpice Superconducting Circuit/matlab_v7_4_6_files/outputs/v7_4_6_as006_gap_weaklink_v800_phase3_seed_101/AS006_v7_4_6_gap_weaklink_scores.csv
AS006,combined_a4_1_g0_2_p0_1,"combined weak-link classes, alpha=4.1, tau=0.2, p=0.1",combined,boundary_constriction,conductance,4.1,0.999999999999997,0.2,0.1,0.919825708061002,0.2,0.100217864923747,2.53742319648512e-07,4.75666201220758e-07,0.143397754552151,151.263882205831,0.201227543084318,0.249578500533415,0.280620060787028,0.174327011423368,0.0475653442316635,0.210591796207797,0.277456715668397,0.30621745608066,0.152547630691717,0.0489371788647846,239.653703794311,231.532433303761,101,v7.4.6,gap_tied_weak_links_phase3_seed,/Users/asewaket/Documents/LTSpice Superconducting Circuit/matlab_v7_4_6_files/outputs/v7_4_6_as006_gap_weaklink_v800_phase3_seed_101/AS006_v7_4_6_gap_weaklink_scores.csv
AS006,crack_tunnel_a3_7_g0_05_p0_1,"tunnel/crack-like links, alpha=3.7, tau=0.05, p=0.1",tear_lane,crack_tunnel,conductance,3.7,0,0.05,0.1,0.904793028322441,0.05,0.100217864923747,5.9613075134687e-08,4.72552269557936e-07,0.122283943608147,136.716955032075,0.201353502604842,0.246388125603345,0.27750101152747,0.179395497880556,0.0505082448971016,0.21883310735103,0.292563972902323,0.319903628582662,0.146239983412045,0.0589702345681116,222.571391321806,233.139161664497,101,v7.4.6,gap_tied_weak_links_phase3_seed,/Users/asewaket/Documents/LTSpice Superconducting Circuit/matlab_v7_4_6_files/outputs/v7_4_6_as006_gap_weaklink_v800_phase3_seed_101/AS006_v7_4_6_gap_weaklink_scores.csv
AS006,contact_relaxed_a4_1_g0_1_p0_2,"contact-relaxed SNS links, alpha=4.1, tau=0.1, p=0.2",contact_relaxation,contact_relaxed,conductance,4.1,0.999999999999997,0.1,0.2,0.820000000000002,0.1,0.2,6.14202095549255e-08,5.80907637604979e-07,0.0516189514385513,121.848959064593,0.201462063604373,0.238273187454124,0.295836379431536,0.161897980977066,0.0489509903412188,0.229248204119112,0.22837495435662,0.227185099995407,0.370193000190387,0.0575508910089911,341.722085841587,326.652035388582,101,v7.4.6,gap_tied_weak_links_phase3_seed,/Users/asewaket/Documents/LTSpice Superconducting Circuit/matlab_v7_4_6_files/outputs/v7_4_6_as006_gap_weaklink_v800_phase3_seed_101/AS006_v7_4_6_gap_weaklink_scores.csv
AS006,boundary_sns_a3_3_g0_05_p0_3,"SNS-like boundary constriction, alpha=3.3, tau=0.05, p=0.3",boundary_lane,boundary_constriction,conductance,3.3,1,0.05,0.3,0.699891067538129,0.05,0.315904139433551,7.678323664982e-08,4.97897678306897e-07,0.0970775405250188,86.7936274841479,0.201903778762548,0.245721281728007,0.272414899549675,0.182528548496301,0.0589108522524253,0.336014049774612,0.488977451990158,0.500357321299383,0.209738700092593,0.0532941094932423,150.838916567299,162.879866849645,101,v7.4.6,gap_tied_weak_links_phase3_seed,/Users/asewaket/Documents/LTSpice Superconducting Circuit/matlab_v7_4_6_files/outputs/v7_4_6_as006_gap_weaklink_v800_phase3_seed_101/AS006_v7_4_6_gap_weaklink_scores.csv
AS006,combined_a3_3_g0_05_p0_05,"combined weak-link classes, alpha=3.3, tau=0.05, p=0.05",combined,boundary_constriction,conductance,3.3,1,0.05,0.05,0.95239651416122,0.05,0.0501089324618736,5.14875607111941e-08,3.83087435619704e-07,0.119640449099053,159.093472801799,0.201959109968493,0.246784157553595,0.283743846104354,0.174229875719021,0.0486723169574709,0.209463278278776,0.270362358272029,0.3055820519659,0.155261388086699,0.0481087070731507,240.015430836879,234.456912443223,101,v7.4.6,gap_tied_weak_links_phase3_seed,/Users/asewaket/Documents/LTSpice Superconducting Circuit/matlab_v7_4_6_files/outputs/v7_4_6_as006_gap_weaklink_v800_phase3_seed_101/AS006_v7_4_6_gap_weaklink_scores.csv
AS006,crack_tunnel_a4_1_g0_05_p0_1,"tunnel/crack-like links, alpha=4.1, tau=0.05, p=0.1",tear_lane,crack_tunnel,conductance,4.1,0.999999999999997,0.05,0.1,0.904793028322441,0.05,0.100217864923747,6.60577319060045e-08,5.23639001402037e-07,0.135503829403622,136.716955032075,0.202176441391913,0.249609121179088,0.277306418740248,0.179841070183646,0.0511855152554824,0.219714629859993,0.2965074303804,0.320192216310474,0.146218055912143,0.0589567704860582,222.071363139881,233.192061142936,101,v7.4.6,gap_tied_weak_links_phase3_seed,/Users/asewaket/Documents/LTSpice Superconducting Circuit/matlab_v7_4_6_files/outputs/v7_4_6_as006_gap_weaklink_v800_phase3_seed_101/AS006_v7_4_6_gap_weaklink_scores.csv
AS006,crack_tunnel_a3_7_g0_1_p0_1,"tunnel/crack-like links, alpha=3.7, tau=0.1, p=0.1",tear_lane,crack_tunnel,conductance,3.7,0,0.1,0.1,0.909803921568628,0.1,0.100217864923747,1.13922500527173e-07,4.51531279473504e-07,0.122283943608147,143.081798148711,0.202323497820697,0.250225477120202,0.281022106826527,0.176052434263956,0.0495377822069171,0.214983013079569,0.283155478881873,0.311331076444942,0.151351543082178,0.0577407738846013,228.803435400265,237.920958198218,101,v7.4.6,gap_tied_weak_links_phase3_seed,/Users/asewaket/Documents/LTSpice Superconducting Circuit/matlab_v7_4_6_files/outputs/v7_4_6_as006_gap_weaklink_v800_phase3_seed_101/AS006_v7_4_6_gap_weaklink_scores.csv
AS006,boundary_sns_a3_7_g0_05_p0_3,"SNS-like boundary constriction, alpha=3.7, tau=0.05, p=0.3",boundary_lane,boundary_constriction,conductance,3.7,0,0.05,0.3,0.699891067538129,0.05,0.315904139433551,8.6090295637677e-08,5.58248912041067e-07,0.108844515134112,86.7936274841479,0.202527301640594,0.248091696176917,0.272471380965624,0.182704214246702,0.0593396275278353,0.336710820567063,0.49190175862158,0.500687616082893,0.209952680623131,0.0530081652897574,150.75874710163,162.756181853219,101,v7.4.6,gap_tied_weak_links_phase3_seed,/Users/asewaket/Documents/LTSpice Superconducting Circuit/matlab_v7_4_6_files/outputs/v7_4_6_as006_gap_weaklink_v800_phase3_seed_101/AS006_v7_4_6_gap_weaklink_scores.csv
AS006,contact_relaxed_a3_3_g0_2_p0_2,"contact-relaxed SNS links, alpha=3.3, tau=0.2, p=0.2",contact_relaxation,contact_relaxed,conductance,3.3,1,0.2,0.2,0.839999999999998,0.2,0.2,9.0002571816712e-08,4.2561871533232e-07,0.0415469609139559,133.856133657314,0.202636709215052,0.242259268368433,0.302182091276058,0.155136902179985,0.0481844902487408,0.194713331458247,0.187847760885273,0.224156303083942,0.270781325924146,0.054968708603881,308.932601962736,294.98069046194,101,v7.4.6,gap_tied_weak_links_phase3_seed,/Users/asewaket/Documents/LTSpice Superconducting Circuit/matlab_v7_4_6_files/outputs/v7_4_6_as006_gap_weaklink_v800_phase3_seed_101/AS006_v7_4_6_gap_weaklink_scores.csv
AS006,combined_a3_3_g0_1_p0_05,"combined weak-link classes, alpha=3.3, tau=0.1, p=0.05",combined,boundary_constriction,conductance,3.3,1,0.1,0.05,0.954901960784314,0.1,0.0501089324618736,1.01521901458671e-07,3.77681175334676e-07,0.119640449099053,161.370792350102,0.202809350159635,0.250488706510473,0.286348169595705,0.171929325662435,0.0475370904171726,0.20972013197717,0.271928441062548,0.30624751157256,0.154946526274238,0.0470559157285253,240.257146440546,236.106080099877,101,v7.4.6,gap_tied_weak_links_phase3_seed,/Users/asewaket/Documents/LTSpice Superconducting Circuit/matlab_v7_4_6_files/outputs/v7_4_6_as006_gap_weaklink_v800_phase3_seed_101/AS006_v7_4_6_gap_weaklink_scores.csv
AS006,boundary_sns_a4_1_g0_05_p0_3,"SNS-like boundary constriction, alpha=4.1, tau=0.05, p=0.3",boundary_lane,boundary_constriction,conductance,4.1,0.999999999999997,0.05,0.3,0.699891067538129,0.05,0.315904139433551,9.5397354625534e-08,6.18600145775236e-07,0.120611489743205,86.7936274841479,0.202979198674961,0.250067481325062,0.272522534470913,0.182786219576021,0.0594313022556177,0.337226601078275,0.494097948466873,0.500931950344943,0.210118836494829,0.0527555982023145,150.748582069603,162.629356874925,101,v7.4.6,gap_tied_weak_links_phase3_seed,/Users/asewaket/Documents/LTSpice Superconducting Circuit/matlab_v7_4_6_files/outputs/v7_4_6_as006_gap_weaklink_v800_phase3_seed_101/AS006_v7_4_6_gap_weaklink_scores.csv
AS006,crack_tunnel_a3_3_g0_2_p0_1,"tunnel/crack-like links, alpha=3.3, tau=0.2, p=0.1",tear_lane,crack_tunnel,conductance,3.3,1,0.2,0.1,0.919825708061001,0.2,0.100217864923747,1.92221015526233e-07,3.81297544555873e-07,0.109064057812671,151.263882205831,0.203017368860231,0.252687072389357,0.287248438090634,0.169631008100732,0.0476762451272753,0.212010383854113,0.275318755831052,0.308261153908714,0.152932075404457,0.0541110498436907,235.31720079119,240.225561171238,101,v7.4.6,gap_tied_weak_links_phase3_seed,/Users/asewaket/Documents/LTSpice Superconducting Circuit/matlab_v7_4_6_files/outputs/v7_4_6_as006_gap_weaklink_v800_phase3_seed_101/AS006_v7_4_6_gap_weaklink_scores.csv
AS006,crack_tunnel_a4_1_g0_1_p0_1,"tunnel/crack-like links, alpha=4.1, tau=0.1, p=0.1",tear_lane,crack_tunnel,conductance,4.1,0.999999999999997,0.1,0.1,0.909803921568628,0.1,0.100217864923747,1.26238446530111e-07,5.00345471849018e-07,0.135503829403622,143.081798148711,0.203107815303345,0.253380550111498,0.280717839180739,0.176526148702367,0.0502446219609766,0.215831279301294,0.287068062309723,0.311575938595065,0.151301505321094,0.0577035600040176,228.2169679804,237.999444732109,101,v7.4.6,gap_tied_weak_links_phase3_seed,/Users/asewaket/Documents/LTSpice Superconducting Circuit/matlab_v7_4_6_files/outputs/v7_4_6_as006_gap_weaklink_v800_phase3_seed_101/AS006_v7_4_6_gap_weaklink_scores.csv
AS006,combined_a3_7_g0_05_p0_05,"combined weak-link classes, alpha=3.7, tau=0.05, p=0.05",combined,boundary_constriction,conductance,3.7,0,0.05,0.05,0.95239651416122,0.05,0.0501089324618736,5.77284771610358e-08,4.29522276300881e-07,0.13414232171712,159.093472801799,0.203325470393164,0.252315683080847,0.28373354332383,0.174670512304806,0.0494398276872649,0.210858244244995,0.276535681796486,0.306055813375569,0.155221439062866,0.0481310671926609,239.302868057002,234.682356308051,101,v7.4.6,gap_tied_weak_links_phase3_seed,/Users/asewaket/Documents/LTSpice Superconducting Circuit/matlab_v7_4_6_files/outputs/v7_4_6_as006_gap_weaklink_v800_phase3_seed_101/AS006_v7_4_6_gap_weaklink_scores.csv
AS006,contact_relaxed_a3_7_g0_2_p0_2,"contact-relaxed SNS links, alpha=3.7, tau=0.2, p=0.2",contact_relaxation,contact_relaxed,conductance,3.7,0,0.2,0.2,0.839999999999998,0.2,0.2,1.00911974461162e-07,4.77208862645329e-07,0.0465829561762536,133.856133657314,0.203917221649545,0.249383945550852,0.3003468565296,0.156883444779253,0.0484908577960053,0.195078917499088,0.189585102203965,0.224796451093692,0.269990001332504,0.0549281942118817,306.856521988794,293.521845909856,101,v7.4.6,gap_tied_weak_links_phase3_seed,/Users/asewaket/Documents/LTSpice Superconducting Circuit/matlab_v7_4_6_files/outputs/v7_4_6_as006_gap_weaklink_v800_phase3_seed_101/AS006_v7_4_6_gap_weaklink_scores.csv
AS006,combined_a3_7_g0_1_p0_05,"combined weak-link classes, alpha=3.7, tau=0.1, p=0.05",combined,boundary_constriction,conductance,3.7,0,0.1,0.05,0.954901960784314,0.1,0.0501089324618736,1.13827586483964e-07,4.23460711738879e-07,0.13414232171712,161.370792350102,0.203984158285598,0.255511475369191,0.286003445683935,0.172601708024719,0.0481511510810126,0.21106576197524,0.27789985872407,0.306665295498076,0.154898806924441,0.0471411753749467,239.352127978373,236.259447317495,101,v7.4.6,gap_tied_weak_links_phase3_seed,/Users/asewaket/Documents/LTSpice Superconducting Circuit/matlab_v7_4_6_files/outputs/v7_4_6_as006_gap_weaklink_v800_phase3_seed_101/AS006_v7_4_6_gap_weaklink_scores.csv
AS006,crack_tunnel_a3_7_g0_2_p0_1,"tunnel/crack-like links, alpha=3.7, tau=0.2, p=0.1",tear_lane,crack_tunnel,conductance,3.7,0,0.2,0.1,0.919825708061001,0.2,0.100217864923747,2.15520532559715e-07,4.27515428744464e-07,0.122283943608147,151.263882205831,0.20420383584882,0.257739702618987,0.287260459340833,0.169800323643095,0.0483232682247838,0.21321735942212,0.280831610232168,0.30863743848111,0.152811528370547,0.054125259073305,234.656616518748,240.56444843976,101,v7.4.6,gap_tied_weak_links_phase3_seed,/Users/asewaket/Documents/LTSpice Superconducting Circuit/matlab_v7_4_6_files/outputs/v7_4_6_as006_gap_weaklink_v800_phase3_seed_101/AS006_v7_4_6_gap_weaklink_scores.csv
AS006,combined_a4_1_g0_05_p0_05,"combined weak-link classes, alpha=4.1, tau=0.05, p=0.05",combined,boundary_constriction,conductance,4.1,0.999999999999997,0.05,0.05,0.95239651416122,0.05,0.0501089324618736,6.39693936108775e-08,4.75957116982057e-07,0.148644194335187,159.093472801799,0.204205269505408,0.255692976072675,0.283311674976027,0.175350034339144,0.0503503973223899,0.211791178465816,0.280791936856124,0.306314440738953,0.155196144635592,0.0481185033852999,238.481500183823,234.819744460615,101,v7.4.6,gap_tied_weak_links_phase3_seed,/Users/asewaket/Documents/LTSpice Superconducting Circuit/matlab_v7_4_6_files/outputs/v7_4_6_as006_gap_weaklink_v800_phase3_seed_101/AS006_v7_4_6_gap_weaklink_scores.csv
AS006,combined_a3_3_g0_4_p0_2,"combined weak-link classes, alpha=3.3, tau=0.4, p=0.2",combined,boundary_constriction,conductance,3.3,1,0.4,0.2,0.879999999999999,0.4,0.2,3.932524250261e-07,3.92821685829647e-07,0.110260135009435,151.284748184893,0.204576010639812,0.259221444111461,0.294315428242997,0.160748115299974,0.0476714655373896,0.214273829987454,0.283666878833637,0.317346440303277,0.145260159216128,0.050770801552737,241.859840500289,232.348093973747,101,v7.4.6,gap_tied_weak_links_phase3_seed,/Users/asewaket/Documents/LTSpice Superconducting Circuit/matlab_v7_4_6_files/outputs/v7_4_6_as006_gap_weaklink_v800_phase3_seed_101/AS006_v7_4_6_gap_weaklink_scores.csv
AS006,crack_tunnel_a3_3_g0_4_p0_3,"tunnel/crack-like links, alpha=3.3, tau=0.4, p=0.3",tear_lane,crack_tunnel,conductance,3.3,1,0.4,0.3,0.819869281045749,0.4,0.300217864923747,3.31242180615457e-07,3.9267142395006e-07,0.0815570698037585,134.948635090694,0.204653447995813,0.260508967971048,0.297893543863604,0.153996591613303,0.0489488307300806,0.198819619721529,0.243007174153499,0.280632333820161,0.168951469572369,0.0487950033034035,255.112767054406,258.302928265814,101,v7.4.6,gap_tied_weak_links_phase3_seed,/Users/asewaket/Documents/LTSpice Superconducting Circuit/matlab_v7_4_6_files/outputs/v7_4_6_as006_gap_weaklink_v800_phase3_seed_101/AS006_v7_4_6_gap_weaklink_scores.csv
AS006,combined_a3_3_g0_4_p0_3,"combined weak-link classes, alpha=3.3, tau=0.4, p=0.3",combined,boundary_constriction,conductance,3.3,1,0.4,0.3,0.81986928104575,0.4,0.300217864923747,3.70824475342536e-07,4.21060244515827e-07,0.0928307285466638,134.948635090694,0.204679459656061,0.26019235469924,0.295538278281713,0.158287882819481,0.0481531030637176,0.212950415448147,0.281483416163704,0.315701175477427,0.145041211682706,0.0494900893881529,242.420666080552,234.576471583002,101,v7.4.6,gap_tied_weak_links_phase3_seed,/Users/asewaket/Documents/LTSpice Superconducting Circuit/matlab_v7_4_6_files/outputs/v7_4_6_as006_gap_weaklink_v800_phase3_seed_101/AS006_v7_4_6_gap_weaklink_scores.csv
AS006,combined_a4_1_g0_1_p0_05,"combined weak-link classes, alpha=4.1, tau=0.1, p=0.05",combined,boundary_constriction,conductance,4.1,0.999999999999997,0.1,0.05,0.954901960784314,0.1,0.0501089324618736,1.26133271509258e-07,4.69240248143082e-07,0.148644194335187,161.370792350102,0.204733713587097,0.258569660320856,0.28541031505376,0.173358723188912,0.0489324522844105,0.211951947442699,0.281974120672083,0.306882001903213,0.154860141924406,0.0471669358052829,238.424307202155,236.387955792588,101,v7.4.6,gap_tied_weak_links_phase3_seed,/Users/asewaket/Documents/LTSpice Superconducting Circuit/matlab_v7_4_6_files/outputs/v7_4_6_as006_gap_weaklink_v800_phase3_seed_101/AS006_v7_4_6_gap_weaklink_scores.csv
AS006,crack_tunnel_a3_3_g0_4_p0_2,"tunnel/crack-like links, alpha=3.3, tau=0.4, p=0.2",tear_lane,crack_tunnel,conductance,3.3,1,0.4,0.2,0.879738562091502,0.4,0.200435729847495,3.26760420999154e-07,3.73333548257291e-07,0.0895180180761103,151.284748184893,0.20484140971477,0.260610201326811,0.296900993570175,0.156972428968051,0.0478045722891709,0.200256856126974,0.247407009827049,0.284067129443576,0.168119328648031,0.0466106334715279,255.578880359481,253.394724068363,101,v7.4.6,gap_tied_weak_links_phase3_seed,/Users/asewaket/Documents/LTSpice Superconducting Circuit/matlab_v7_4_6_files/outputs/v7_4_6_as006_gap_weaklink_v800_phase3_seed_101/AS006_v7_4_6_gap_weaklink_scores.csv
AS006,boundary_sns_a3_3_g0_2_p0_2,"SNS-like boundary constriction, alpha=3.3, tau=0.2, p=0.2",boundary_lane,boundary_constriction,conductance,3.3,1,0.2,0.2,0.822919389978212,0.2,0.221350762527233,2.22482043934995e-07,3.7982432848295e-07,0.112557004172258,133.856133657314,0.204884662047724,0.259237634258688,0.287190014677825,0.17136343899172,0.0483988515540881,0.267564488189644,0.389974718849161,0.408861987367543,0.145944904426249,0.0499081136730471,198.806398791785,192.001313048126,101,v7.4.6,gap_tied_weak_links_phase3_seed,/Users/asewaket/Documents/LTSpice Superconducting Circuit/matlab_v7_4_6_files/outputs/v7_4_6_as006_gap_weaklink_v800_phase3_seed_101/AS006_v7_4_6_gap_weaklink_scores.csv
AS006,crack_tunnel_a3_3_g0_05_p0_05,"tunnel/crack-like links, alpha=3.3, tau=0.05, p=0.05",tear_lane,crack_tunnel,conductance,3.3,1,0.05,0.05,0.951982570806101,0.05,0.0505446623093682,5.01476565346791e-08,3.8307873036654e-07,0.118059557913355,159.093472801799,0.204928033253961,0.25707972380261,0.291211920795341,0.167921163364929,0.048038126869186,0.214224334000393,0.278108628646835,0.310629313443051,0.153190263214926,0.0579239138111337,235.210904371947,241.891589186983,101,v7.4.6,gap_tied_weak_links_phase3_seed,/Users/asewaket/Documents/LTSpice Superconducting Circuit/matlab_v7_4_6_files/outputs/v7_4_6_as006_gap_weaklink_v800_phase3_seed_101/AS006_v7_4_6_gap_weaklink_scores.csv
AS006,crack_tunnel_a4_1_g0_2_p0_1,"tunnel/crack-like links, alpha=4.1, tau=0.2, p=0.1",tear_lane,crack_tunnel,conductance,4.1,0.999999999999997,0.2,0.1,0.919825708061001,0.2,0.100217864923747,2.38820049593198e-07,4.73733312933055e-07,0.135503829403622,151.263882205831,0.204935100582649,0.260733128084098,0.28687757404638,0.170239357156737,0.0491074238020609,0.214004154928603,0.284573991247153,0.308839163057796,0.152719835852441,0.0540784532291694,233.907692321029,240.772827970495,101,v7.4.6,gap_tied_weak_links_phase3_seed,/Users/asewaket/Documents/LTSpice Superconducting Circuit/matlab_v7_4_6_files/outputs/v7_4_6_as006_gap_weaklink_v800_phase3_seed_101/AS006_v7_4_6_gap_weaklink_scores.csv
AS006,combined_a3_3_g0_2_p0_05,"combined weak-link classes, alpha=3.3, tau=0.2, p=0.05",combined,boundary_constriction,conductance,3.3,1,0.2,0.05,0.959912854030501,0.2,0.0501089324618736,1.98266859999551e-07,3.68795597987446e-07,0.119640449099053,165.258779801241,0.204940396578366,0.258362127928261,0.292209027326437,0.166347910050113,0.0470391695796596,0.211353490535813,0.276973521721381,0.309571073370911,0.152595469595763,0.0473002155638855,241.07981619213,237.899261864111,101,v7.4.6,gap_tied_weak_links_phase3_seed,/Users/asewaket/Documents/LTSpice Superconducting Circuit/matlab_v7_4_6_files/outputs/v7_4_6_as006_gap_weaklink_v800_phase3_seed_101/AS006_v7_4_6_gap_weaklink_scores.csv
AS006,combined_a4_1_g0_4_p0_3,"combined weak-link classes, alpha=4.1, tau=0.4, p=0.3",combined,boundary_constriction,conductance,4.1,0.999999999999997,0.4,0.3,0.81986928104575,0.4,0.300217864923747,4.60721317849817e-07,5.23135455307542e-07,0.115335147588279,134.948635090694,0.204995575604461,0.264026819382553,0.29182848509166,0.161622002522734,0.0482237065759293,0.214972159572361,0.29039191888817,0.316562088515216,0.144807565247157,0.0494757675130609,240.207980304831,232.527942558514,101,v7.4.6,gap_tied_weak_links_phase3_seed,/Users/asewaket/Documents/LTSpice Superconducting Circuit/matlab_v7_4_6_files/outputs/v7_4_6_as006_gap_weaklink_v800_phase3_seed_101/AS006_v7_4_6_gap_weaklink_scores.csv
AS006,boundary_sns_a3_3_g0_1_p0_2,"SNS-like boundary constriction, alpha=3.3, tau=0.1, p=0.2",boundary_lane,boundary_constriction,conductance,3.3,1,0.1,0.2,0.800784313725492,0.1,0.221350762527233,1.22202874927836e-07,4.13267943267155e-07,0.112557004172258,121.848959064593,0.205031576429068,0.256810203913927,0.283938976992608,0.175704258550447,0.05182414530629,0.286642609758789,0.421160760107185,0.436764270074904,0.160935925211933,0.0465449095407588,182.336701314095,184.283971130582,101,v7.4.6,gap_tied_weak_links_phase3_seed,/Users/asewaket/Documents/LTSpice Superconducting Circuit/matlab_v7_4_6_files/outputs/v7_4_6_as006_gap_weaklink_v800_phase3_seed_101/AS006_v7_4_6_gap_weaklink_scores.csv
AS006,contact_relaxed_a4_1_g0_2_p0_2,"contact-relaxed SNS links, alpha=4.1, tau=0.2, p=0.2",contact_relaxation,contact_relaxed,conductance,4.1,0.999999999999997,0.2,0.2,0.839999999999998,0.2,0.2,1.11821377105612e-07,5.28799009958337e-07,0.0516189514385513,133.856133657314,0.205055044437702,0.255095752374441,0.299390296499325,0.157956935116445,0.0488002820446946,0.195410558797459,0.191211231947189,0.22528135108055,0.269373182038565,0.0548827201009356,305.489527033397,292.693048174886,101,v7.4.6,gap_tied_weak_links_phase3_seed,/Users/asewaket/Documents/LTSpice Superconducting Circuit/matlab_v7_4_6_files/outputs/v7_4_6_as006_gap_weaklink_v800_phase3_seed_101/AS006_v7_4_6_gap_weaklink_scores.csv
AS006,combined_a3_7_g0_4_p0_3,"combined weak-link classes, alpha=3.7, tau=0.4, p=0.3",combined,boundary_constriction,conductance,3.7,0,0.4,0.3,0.81986928104575,0.4,0.300217864923747,4.15772896596177e-07,4.72097849911684e-07,0.104082938067472,134.948635090694,0.205066529166276,0.263040573582393,0.294025833097686,0.159680600869592,0.0481461132410466,0.214107497454048,0.286559209282742,0.316209941584866,0.144907256522054,0.0494768095614141,241.462550463836,233.655780448337,101,v7.4.6,gap_tied_weak_links_phase3_seed,/Users/asewaket/Documents/LTSpice Superconducting Circuit/matlab_v7_4_6_files/outputs/v7_4_6_as006_gap_weaklink_v800_phase3_seed_101/AS006_v7_4_6_gap_weaklink_scores.csv
AS006,boundary_sns_a4_1_g0_4_p0_3,"SNS-like boundary constriction, alpha=4.1, tau=0.4, p=0.3",boundary_lane,boundary_constriction,conductance,4.1,0.999999999999997,0.4,0.3,0.810457516339867,0.4,0.315904139433551,4.90846459011736e-07,5.07886717932206e-07,0.120611489743205,134.948635090694,0.205090723083814,0.265712608911543,0.288521754978227,0.165739477828236,0.047653588010336,0.256314297472733,0.373379633678469,0.389492690946568,0.13829637042286,0.053709181500128,209.527754073924,198.75894565232,101,v7.4.6,gap_tied_weak_links_phase3_seed,/Users/asewaket/Documents/LTSpice Superconducting Circuit/matlab_v7_4_6_files/outputs/v7_4_6_as006_gap_weaklink_v800_phase3_seed_101/AS006_v7_4_6_gap_weaklink_scores.csv
AS006,combined_a3_7_g0_4_p0_2,"combined weak-link classes, alpha=3.7, tau=0.4, p=0.2",combined,boundary_constriction,conductance,3.7,0,0.4,0.2,0.879999999999999,0.4,0.2,4.40919385635324e-07,4.4043643562718e-07,0.123624999859064,151.284748184893,0.205250727511006,0.263237366921316,0.293081265615165,0.161955722791278,0.0476794023180783,0.215566623830438,0.289487956773506,0.317771764131497,0.145182203781867,0.05076682042123,241.073496638149,231.594993001786,101,v7.4.6,gap_tied_weak_links_phase3_seed,/Users/asewaket/Documents/LTSpice Superconducting Circuit/matlab_v7_4_6_files/outputs/v7_4_6_as006_gap_weaklink_v800_phase3_seed_101/AS006_v7_4_6_gap_weaklink_scores.csv
AS006,boundary_sns_a3_7_g0_2_p0_2,"SNS-like boundary constriction, alpha=3.7, tau=0.2, p=0.2",boundary_lane,boundary_constriction,conductance,3.7,0,0.2,0.2,0.822919389978212,0.2,0.221350762527233,2.49449564411964e-07,4.25863641026338e-07,0.126200277405259,133.856133657314,0.205369828290352,0.261995800956738,0.286627702901052,0.171962894278541,0.0483012425700047,0.268408843490572,0.3936428103352,0.40911251966529,0.146042002495749,0.0499019945837173,198.539066101824,191.660561715207,101,v7.4.6,gap_tied_weak_links_phase3_seed,/Users/asewaket/Documents/LTSpice Superconducting Circuit/matlab_v7_4_6_files/outputs/v7_4_6_as006_gap_weaklink_v800_phase3_seed_101/AS006_v7_4_6_gap_weaklink_scores.csv
AS006,combined_a4_1_g0_4_p0_2,"combined weak-link classes, alpha=4.1, tau=0.4, p=0.2",combined,boundary_constriction,conductance,4.1,0.999999999999997,0.4,0.2,0.879999999999999,0.4,0.2,4.88586346244548e-07,4.88051185424713e-07,0.136989864708692,151.284748184893,0.205403251066289,0.264971545364316,0.291322544686157,0.163579738380004,0.0477555837913513,0.216459467085576,0.29352412461211,0.318065357575884,0.145114828463309,0.0507652994788385,240.047205442257,230.699680077879,101,v7.4.6,gap_tied_weak_links_phase3_seed,/Users/asewaket/Documents/LTSpice Superconducting Circuit/matlab_v7_4_6_files/outputs/v7_4_6_as006_gap_weaklink_v800_phase3_seed_101/AS006_v7_4_6_gap_weaklink_scores.csv
AS006,boundary_sns_a3_7_g0_4_p0_3,"SNS-like boundary constriction, alpha=3.7, tau=0.4, p=0.3",boundary_lane,boundary_constriction,conductance,3.7,0,0.4,0.3,0.810457516339867,0.4,0.315904139433551,4.42958999595957e-07,4.58336794231503e-07,0.108844515134112,134.948635090694,0.205495091063628,0.266111636676669,0.291327045439581,0.16319932994419,0.0475423266919656,0.255627054382752,0.370290261749312,0.389319524482323,0.13825305814887,0.0537195196342971,210.847789558338,199.863084391681,101,v7.4.6,gap_tied_weak_links_phase3_seed,/Users/asewaket/Documents/LTSpice Superconducting Circuit/matlab_v7_4_6_files/outputs/v7_4_6_as006_gap_weaklink_v800_phase3_seed_101/AS006_v7_4_6_gap_weaklink_scores.csv
AS006,boundary_sns_a3_3_g0_4_p0_3,"SNS-like boundary constriction, alpha=3.3, tau=0.4, p=0.3",boundary_lane,boundary_constriction,conductance,3.3,1,0.4,0.3,0.810457516339867,0.4,0.315904139433551,3.95071540180177e-07,4.087868705308e-07,0.0970775405250188,134.948635090694,0.205545094573976,0.264942011823533,0.293679096837334,0.161074524838216,0.0475018855332419,0.254678429725021,0.366183221366201,0.389016983005726,0.138168604027121,0.0537184519649821,211.956296333012,200.901523191723,101,v7.4.6,gap_tied_weak_links_phase3_seed,/Users/asewaket/Documents/LTSpice Superconducting Circuit/matlab_v7_4_6_files/outputs/v7_4_6_as006_gap_weaklink_v800_phase3_seed_101/AS006_v7_4_6_gap_weaklink_scores.csv
AS006,combined_a3_3_g0_4_p0_1,"combined weak-link classes, alpha=3.3, tau=0.4, p=0.1",combined,boundary_constriction,conductance,3.3,1,0.4,0.1,0.939869281045751,0.4,0.100217864923747,3.79319167677718e-07,3.76760915518009e-07,0.115417704883439,162.885879842229,0.205556163059247,0.261670196600687,0.296152565665221,0.160651195801468,0.0470296340295775,0.21327387677699,0.282710813296377,0.315879385858321,0.146796466857856,0.0473740617641918,242.085661653799,235.011869830652,101,v7.4.6,gap_tied_weak_links_phase3_seed,/Users/asewaket/Documents/LTSpice Superconducting Circuit/matlab_v7_4_6_files/outputs/v7_4_6_as006_gap_weaklink_v800_phase3_seed_101/AS006_v7_4_6_gap_weaklink_scores.csv
AS006,boundary_sns_a3_7_g0_1_p0_2,"SNS-like boundary constriction, alpha=3.7, tau=0.1, p=0.2",boundary_lane,boundary_constriction,conductance,3.7,0,0.1,0.2,0.800784313725492,0.1,0.221350762527233,1.37015344616059e-07,4.63361027299538e-07,0.126200277405259,121.848959064593,0.205585184409653,0.259702986747285,0.283835640886812,0.175897475082963,0.0516387198953553,0.287401877137845,0.424448180375056,0.436998477286478,0.161064054855276,0.0464838014937355,182.287506463516,184.102456404863,101,v7.4.6,gap_tied_weak_links_phase3_seed,/Users/asewaket/Documents/LTSpice Superconducting Circuit/matlab_v7_4_6_files/outputs/v7_4_6_as006_gap_weaklink_v800_phase3_seed_101/AS006_v7_4_6_gap_weaklink_scores.csv
AS006,boundary_sns_a4_1_g0_2_p0_2,"SNS-like boundary constriction, alpha=4.1, tau=0.2, p=0.2",boundary_lane,boundary_constriction,conductance,4.1,0.999999999999997,0.2,0.2,0.822919389978212,0.2,0.221350762527233,2.76417084888933e-07,4.71902953569726e-07,0.13984355063826,133.856133657314,0.205612164968096,0.263684290386838,0.285896712034285,0.172672983893993,0.0482160585261524,0.269022969861204,0.396403606022075,0.40926442636433,0.146094578918752,0.0498802734979301,198.224325641326,191.304970128177,101,v7.4.6,gap_tied_weak_links_phase3_seed,/Users/asewaket/Documents/LTSpice Superconducting Circuit/matlab_v7_4_6_files/outputs/v7_4_6_as006_gap_weaklink_v800_phase3_seed_101/AS006_v7_4_6_gap_weaklink_scores.csv
AS006,combined_a3_7_g0_2_p0_05,"combined weak-link classes, alpha=3.7, tau=0.2, p=0.05",combined,boundary_constriction,conductance,3.7,0,0.2,0.05,0.959912854030501,0.2,0.0501089324618736,2.22299206666164e-07,4.13498094713197e-07,0.13414232171712,165.258779801241,0.205736998094881,0.262321404286828,0.291168173902759,0.167488047556092,0.0474592224126344,0.212587832270256,0.28254086713642,0.309933445367337,0.152502027878991,0.0473872299732836,239.858142908115,237.758020363592,101,v7.4.6,gap_tied_weak_links_phase3_seed,/Users/asewaket/Documents/LTSpice Superconducting Circuit/matlab_v7_4_6_files/outputs/v7_4_6_as006_gap_weaklink_v800_phase3_seed_101/AS006_v7_4_6_gap_weaklink_scores.csv
AS006,crack_tunnel_a3_7_g0_4_p0_3,"tunnel/crack-like links, alpha=3.7, tau=0.4, p=0.3",tear_lane,crack_tunnel,conductance,3.7,0,0.4,0.3,0.819869281045749,0.4,0.300217864923747,3.71392747962785e-07,4.40267960186431e-07,0.0914427752345172,134.948635090694,0.205810079342887,0.265890924371319,0.297501467317779,0.154604277886767,0.0492765571785422,0.200206983909023,0.249230023406379,0.281141972705148,0.168750355149671,0.0488684999676404,254.486601308225,257.971115823767,101,v7.4.6,gap_tied_weak_links_phase3_seed,/Users/asewaket/Documents/LTSpice Superconducting Circuit/matlab_v7_4_6_files/outputs/v7_4_6_as006_gap_weaklink_v800_phase3_seed_101/AS006_v7_4_6_gap_weaklink_scores.csv
AS006,boundary_sns_a4_1_g0_1_p0_2,"SNS-like boundary constriction, alpha=4.1, tau=0.1, p=0.2",boundary_lane,boundary_constriction,conductance,4.1,0.999999999999997,0.1,0.2,0.800784313725492,0.1,0.221350762527233,1.51827814304282e-07,5.1345411133192e-07,0.13984355063826,121.848959064593,0.205952694728927,0.261832026829322,0.283633821007389,0.176112572498905,0.0514315444287523,0.287965044755313,0.426976727732811,0.437150075123191,0.161141985630422,0.0464083825401424,182.231638038037,183.919117023604,101,v7.4.6,gap_tied_weak_links_phase3_seed,/Users/asewaket/Documents/LTSpice Superconducting Circuit/matlab_v7_4_6_files/outputs/v7_4_6_as006_gap_weaklink_v800_phase3_seed_101/AS006_v7_4_6_gap_weaklink_scores.csv
AS006,crack_tunnel_a3_7_g0_05_p0_05,"tunnel/crack-like links, alpha=3.7, tau=0.05, p=0.05",tear_lane,crack_tunnel,conductance,3.7,0,0.05,0.05,0.951982570806101,0.05,0.0505446623093682,5.62261603570645e-08,4.29512515865514e-07,0.132369807357398,159.093472801799,0.206005377993105,0.261699123774624,0.290763846234237,0.168713340180962,0.0485993600547817,0.215513981896164,0.283789980274469,0.311087973659394,0.153153339134137,0.0579343013847393,234.27095776565,241.95886789713,101,v7.4.6,gap_tied_weak_links_phase3_seed,/Users/asewaket/Documents/LTSpice Superconducting Circuit/matlab_v7_4_6_files/outputs/v7_4_6_as006_gap_weaklink_v800_phase3_seed_101/AS006_v7_4_6_gap_weaklink_scores.csv
AS006,crack_tunnel_a3_3_g0_1_p0_05,"tunnel/crack-like links, alpha=3.3, tau=0.1, p=0.05",tear_lane,crack_tunnel,conductance,3.3,1,0.1,0.05,0.954509803921569,0.1,0.0505446623093682,9.88799114732599e-08,3.77672592933007e-07,0.118059557913355,161.370792350102,0.206023578972227,0.261027113217251,0.294142613701636,0.165430074042091,0.0475536151134088,0.214959300504705,0.280808554826314,0.312484333457209,0.152017946800899,0.0571179306459709,236.375130913994,241.78039187977,101,v7.4.6,gap_tied_weak_links_phase3_seed,/Users/asewaket/Documents/LTSpice Superconducting Circuit/matlab_v7_4_6_files/outputs/v7_4_6_as006_gap_weaklink_v800_phase3_seed_101/AS006_v7_4_6_gap_weaklink_scores.csv
AS006,crack_tunnel_a4_1_g0_4_p0_3,"tunnel/crack-like links, alpha=4.1, tau=0.4, p=0.3",tear_lane,crack_tunnel,conductance,4.1,0.999999999999997,0.4,0.3,0.819869281045749,0.4,0.300217864923747,4.11543315310113e-07,4.87864496422802e-07,0.101328480665276,134.948635090694,0.206116209280662,0.268298785439331,0.295808765690451,0.156078303750985,0.0495190413169569,0.201144819266406,0.253557281991583,0.28142418877092,0.168624655150263,0.0488936650535099,253.372770444753,257.069964810527,101,v7.4.6,gap_tied_weak_links_phase3_seed,/Users/asewaket/Documents/LTSpice Superconducting Circuit/matlab_v7_4_6_files/outputs/v7_4_6_as006_gap_weaklink_v800_phase3_seed_101/AS006_v7_4_6_gap_weaklink_scores.csv
AS006,crack_tunnel_a3_7_g0_4_p0_2,"tunnel/crack-like links, alpha=3.7, tau=0.4, p=0.2",tear_lane,crack_tunnel,conductance,3.7,0,0.4,0.2,0.879738562091502,0.4,0.200435729847495,3.66367744756627e-07,4.18586099561205e-07,0.100368686933821,151.284748184893,0.206162553716471,0.266138228672921,0.296885927870376,0.157257738747191,0.0485519927022848,0.201571383155625,0.253362860295724,0.284515535680344,0.167920674669781,0.0466910247045728,254.855422914923,253.605332038988,101,v7.4.6,gap_tied_weak_links_phase3_seed,/Users/asewaket/Documents/LTSpice Superconducting Circuit/matlab_v7_4_6_files/outputs/v7_4_6_as006_gap_weaklink_v800_phase3_seed_101/AS006_v7_4_6_gap_weaklink_scores.csv
AS006,combined_a4_1_g0_2_p0_05,"combined weak-link classes, alpha=4.1, tau=0.2, p=0.05",combined,boundary_constriction,conductance,4.1,0.999999999999997,0.2,0.05,0.959912854030501,0.2,0.0501089324618736,2.46331553332776e-07,4.58200591438948e-07,0.148644194335187,165.258779801241,0.206237361933929,0.264686579302273,0.290139817492685,0.168520798273902,0.0481045519127919,0.213398140170515,0.286335742811786,0.310119849952741,0.152431318464514,0.0474060725428508,238.695127549204,237.742419921553,101,v7.4.6,gap_tied_weak_links_phase3_seed,/Users/asewaket/Documents/LTSpice Superconducting Circuit/matlab_v7_4_6_files/outputs/v7_4_6_as006_gap_weaklink_v800_phase3_seed_101/AS006_v7_4_6_gap_weaklink_scores.csv
AS006,combined_a3_7_g0_4_p0_1,"combined weak-link classes, alpha=3.7, tau=0.4, p=0.1",combined,boundary_constriction,conductance,3.7,0,0.4,0.1,0.939869281045751,0.4,0.100217864923747,4.25297248608351e-07,4.22428905277768e-07,0.129407729717795,162.885879842229,0.206420918171051,0.266075372214296,0.295344539483954,0.161543452213745,0.0472469592768579,0.214566349412178,0.288471992457162,0.316304313167993,0.146728805875506,0.0474161992153589,241.305223666586,234.629280380598,101,v7.4.6,gap_tied_weak_links_phase3_seed,/Users/asewaket/Documents/LTSpice Superconducting Circuit/matlab_v7_4_6_files/outputs/v7_4_6_as006_gap_weaklink_v800_phase3_seed_101/AS006_v7_4_6_gap_weaklink_scores.csv
AS006,crack_tunnel_a4_1_g0_4_p0_2,"tunnel/crack-like links, alpha=4.1, tau=0.4, p=0.2",tear_lane,crack_tunnel,conductance,4.1,0.999999999999997,0.4,0.2,0.879738562091502,0.4,0.200435729847495,4.05975068514101e-07,4.63838650865119e-07,0.111219355791531,151.284748184893,0.206648928850453,0.268827938018462,0.295664822538297,0.15838027864093,0.0490279184906237,0.202463101077398,0.257507254322749,0.284765174509197,0.167793596965517,0.0467271994662483,253.835851144849,253.115527693902,101,v7.4.6,gap_tied_weak_links_phase3_seed,/Users/asewaket/Documents/LTSpice Superconducting Circuit/matlab_v7_4_6_files/outputs/v7_4_6_as006_gap_weaklink_v800_phase3_seed_101/AS006_v7_4_6_gap_weaklink_scores.csv
AS006,crack_tunnel_a4_1_g0_05_p0_05,"tunnel/crack-like links, alpha=4.1, tau=0.05, p=0.05",tear_lane,crack_tunnel,conductance,4.1,0.999999999999997,0.05,0.05,0.951982570806101,0.05,0.0505446623093682,6.23046641794498e-08,4.75946301364488e-07,0.146680056801441,159.093472801799,0.206731997172812,0.264568640300663,0.290138458837718,0.169523509955939,0.0494446551524691,0.216372933813437,0.287743362852648,0.311340947644261,0.153131642708053,0.0578600944520158,233.278428724299,242.110468899199,101,v7.4.6,gap_tied_weak_links_phase3_seed,/Users/asewaket/Documents/LTSpice Superconducting Circuit/matlab_v7_4_6_files/outputs/v7_4_6_as006_gap_weaklink_v800_phase3_seed_101/AS006_v7_4_6_gap_weaklink_scores.csv
AS006,combined_a4_1_g0_4_p0_1,"combined weak-link classes, alpha=4.1, tau=0.4, p=0.1",combined,boundary_constriction,conductance,4.1,0.999999999999997,0.4,0.1,0.939869281045751,0.4,0.100217864923747,4.71275329538983e-07,4.68096895037526e-07,0.143397754552151,162.885879842229,0.206734392950356,0.268228741913666,0.293928451985337,0.162857709851896,0.0474962945489024,0.215440789402268,0.292472621577685,0.316538512260799,0.146687539106638,0.0474295050939605,240.290003797034,234.077426505381,101,v7.4.6,gap_tied_weak_links_phase3_seed,/Users/asewaket/Documents/LTSpice Superconducting Circuit/matlab_v7_4_6_files/outputs/v7_4_6_as006_gap_weaklink_v800_phase3_seed_101/AS006_v7_4_6_gap_weaklink_scores.csv
AS006,crack_tunnel_a3_7_g0_1_p0_05,"tunnel/crack-like links, alpha=3.7, tau=0.1, p=0.05",tear_lane,crack_tunnel,conductance,3.7,0,0.1,0.05,0.954509803921569,0.1,0.0505446623093682,1.108653552882e-07,4.23451089046098e-07,0.132369807357398,161.370792350102,0.206994050714015,0.265429799305147,0.293634915468796,0.166157700030165,0.0479822271568293,0.216171793891624,0.286256295923307,0.312873747216692,0.151972959295259,0.0571074167865274,235.368976964231,241.934749672257,101,v7.4.6,gap_tied_weak_links_phase3_seed,/Users/asewaket/Documents/LTSpice Superconducting Circuit/matlab_v7_4_6_files/outputs/v7_4_6_as006_gap_weaklink_v800_phase3_seed_101/AS006_v7_4_6_gap_weaklink_scores.csv
AS006,contact_relaxed_a3_3_g0_4_p0_3,"contact-relaxed SNS links, alpha=3.3, tau=0.4, p=0.3",contact_relaxation,contact_relaxed,conductance,3.3,1,0.4,0.3,0.819869281045749,0.4,0.300217864923747,1.92700582534318e-07,4.04354686050469e-07,0.0441433197252112,134.948635090694,0.207117156837031,0.25900389975603,0.311471043302111,0.146680244822614,0.0481572526221635,0.190579159697661,0.191095248517035,0.232946595908519,0.24189221607428,0.0517787370385093,302.471765917583,290.909522858583,101,v7.4.6,gap_tied_weak_links_phase3_seed,/Users/asewaket/Documents/LTSpice Superconducting Circuit/matlab_v7_4_6_files/outputs/v7_4_6_as006_gap_weaklink_v800_phase3_seed_101/AS006_v7_4_6_gap_weaklink_scores.csv
AS006,crack_tunnel_a4_1_g0_1_p0_05,"tunnel/crack-like links, alpha=4.1, tau=0.1, p=0.05",tear_lane,crack_tunnel,conductance,4.1,0.999999999999997,0.1,0.05,0.954509803921569,0.1,0.0505446623093682,1.22850799103141e-07,4.6922958515919e-07,0.146680056801441,161.370792350102,0.207583645561452,0.267896719505318,0.292746136286906,0.16710727425631,0.0488316769794707,0.216971101612203,0.2900246183712,0.313073643000592,0.151935065824368,0.0570331821583219,234.154332037668,242.113520087621,101,v7.4.6,gap_tied_weak_links_phase3_seed,/Users/asewaket/Documents/LTSpice Superconducting Circuit/matlab_v7_4_6_files/outputs/v7_4_6_as006_gap_weaklink_v800_phase3_seed_101/AS006_v7_4_6_gap_weaklink_scores.csv
AS006,boundary_sns_a3_3_g0_05_p0_2,"SNS-like boundary constriction, alpha=3.3, tau=0.05, p=0.2",boundary_lane,boundary_constriction,conductance,3.3,1,0.05,0.2,0.78971677559913,0.05,0.221350762527233,6.55283195929818e-08,4.43209767035943e-07,0.112557004172258,113.61723600686,0.20777555496127,0.260107720165267,0.286073520943475,0.17543435362873,0.0588484509540869,0.30440974879011,0.440242980369857,0.453776666698781,0.173094399399883,0.0713285976079705,166.814988580645,188.501039921905,101,v7.4.6,gap_tied_weak_links_phase3_seed,/Users/asewaket/Documents/LTSpice Superconducting Circuit/matlab_v7_4_6_files/outputs/v7_4_6_as006_gap_weaklink_v800_phase3_seed_101/AS006_v7_4_6_gap_weaklink_scores.csv
AS006,crack_tunnel_a3_3_g0_2_p0_05,"tunnel/crack-like links, alpha=3.3, tau=0.2, p=0.05",tear_lane,crack_tunnel,conductance,3.3,1,0.2,0.05,0.959564270152505,0.2,0.0505446623093682,1.93107194439397e-07,3.6878721750104e-07,0.118059557913355,165.258779801241,0.207911017943092,0.267705326745398,0.299248336011525,0.16076981003613,0.047202912404732,0.216077657564513,0.285976903468888,0.316315943244988,0.149153130405567,0.0544170706679904,238.1924143004,241.263521900619,101,v7.4.6,gap_tied_weak_links_phase3_seed,/Users/asewaket/Documents/LTSpice Superconducting Circuit/matlab_v7_4_6_files/outputs/v7_4_6_as006_gap_weaklink_v800_phase3_seed_101/AS006_v7_4_6_gap_weaklink_scores.csv
AS006,crack_tunnel_a3_3_g0_4_p0_1,"tunnel/crack-like links, alpha=3.3, tau=0.4, p=0.1",tear_lane,crack_tunnel,conductance,3.3,1,0.4,0.1,0.939869281045751,0.4,0.100217864923747,3.57011879460741e-07,3.72013039027939e-07,0.109064057812671,162.885879842229,0.20791529900153,0.269134531843301,0.30063786632626,0.157742975962687,0.0471469771400356,0.213827898311626,0.284176161911825,0.314798647774479,0.148082622776699,0.048962417570094,241.018502595591,241.293100689089,101,v7.4.6,gap_tied_weak_links_phase3_seed,/Users/asewaket/Documents/LTSpice Superconducting Circuit/matlab_v7_4_6_files/outputs/v7_4_6_as006_gap_weaklink_v800_phase3_seed_101/AS006_v7_4_6_gap_weaklink_scores.csv
AS006,boundary_sns_a4_1_g0_4_p0_2,"SNS-like boundary constriction, alpha=4.1, tau=0.4, p=0.2",boundary_lane,boundary_constriction,conductance,4.1,0.999999999999997,0.4,0.2,0.867189542483658,0.4,0.221350762527233,4.89145438703952e-07,4.84635506443171e-07,0.13984355063826,151.284748184893,0.20820923756803,0.272884815645251,0.294640488537189,0.163891735007592,0.0476758484953295,0.248715559862495,0.361799462818159,0.377743757983182,0.135935869980502,0.0508069225481177,215.410891802855,206.585450217795,101,v7.4.6,gap_tied_weak_links_phase3_seed,/Users/asewaket/Documents/LTSpice Superconducting Circuit/matlab_v7_4_6_files/outputs/v7_4_6_as006_gap_weaklink_v800_phase3_seed_101/AS006_v7_4_6_gap_weaklink_scores.csv
AS006,boundary_sns_a3_3_g0_4_p0_2,"SNS-like boundary constriction, alpha=3.3, tau=0.4, p=0.2",boundary_lane,boundary_constriction,conductance,3.3,1,0.4,0.2,0.867189542483658,0.4,0.221350762527233,3.93702426273913e-07,3.90072480795723e-07,0.112557004172258,151.284748184893,0.208368500657886,0.271001374829452,0.298754558716189,0.160318811055882,0.0476221368867954,0.247124834280145,0.354714336276593,0.377296606402171,0.135857997224442,0.0508182773897794,217.392445063631,208.432117035326,101,v7.4.6,gap_tied_weak_links_phase3_seed,/Users/asewaket/Documents/LTSpice Superconducting Circuit/matlab_v7_4_6_files/outputs/v7_4_6_as006_gap_weaklink_v800_phase3_seed_101/AS006_v7_4_6_gap_weaklink_scores.csv
AS006,boundary_sns_a3_7_g0_4_p0_2,"SNS-like boundary constriction, alpha=3.7, tau=0.4, p=0.2",boundary_lane,boundary_constriction,conductance,3.7,0,0.4,0.2,0.867189542483658,0.4,0.221350762527233,4.41423932488933e-07,4.37353993619448e-07,0.126200277405259,151.284748184893,0.208478934595238,0.272754731759855,0.296938589344776,0.1619031429582,0.0476184811652271,0.248057426047048,0.358810759874224,0.377582743197147,0.135909419036381,0.0508197959705299,216.510452417455,207.557707495003,101,v7.4.6,gap_tied_weak_links_phase3_seed,/Users/asewaket/Documents/LTSpice Superconducting Circuit/matlab_v7_4_6_files/outputs/v7_4_6_as006_gap_weaklink_v800_phase3_seed_101/AS006_v7_4_6_gap_weaklink_scores.csv
AS006,boundary_sns_a3_7_g0_05_p0_2,"SNS-like boundary constriction, alpha=3.7, tau=0.05, p=0.2",boundary_lane,boundary_constriction,conductance,3.7,0,0.05,0.2,0.78971677559913,0.05,0.221350762527233,7.34711462103129e-08,4.96932163040299e-07,0.126200277405259,113.61723600686,0.208511281579429,0.263100424616428,0.286294374039376,0.175445596922985,0.0591338325580806,0.305067943575699,0.443392666893409,0.454118483553613,0.173267703782636,0.0706550750379678,166.831846496498,188.380122049992,101,v7.4.6,gap_tied_weak_links_phase3_seed,/Users/asewaket/Documents/LTSpice Superconducting Circuit/matlab_v7_4_6_files/outputs/v7_4_6_as006_gap_weaklink_v800_phase3_seed_101/AS006_v7_4_6_gap_weaklink_scores.csv
AS006,crack_tunnel_a3_7_g0_2_p0_05,"tunnel/crack-like links, alpha=3.7, tau=0.2, p=0.05",tear_lane,crack_tunnel,conductance,3.7,0,0.2,0.05,0.959564270152505,0.2,0.0505446623093682,2.16514127098718e-07,4.13488698410257e-07,0.132369807357398,165.258779801241,0.208755974774737,0.271843111552787,0.298734922164209,0.161339367350294,0.0474764393456656,0.217188247724081,0.291096624301965,0.316661299889879,0.149060856717405,0.0543612686143965,237.110017935495,241.545174276336,101,v7.4.6,gap_tied_weak_links_phase3_seed,/Users/asewaket/Documents/LTSpice Superconducting Circuit/matlab_v7_4_6_files/outputs/v7_4_6_as006_gap_weaklink_v800_phase3_seed_101/AS006_v7_4_6_gap_weaklink_scores.csv
AS006,contact_relaxed_a3_7_g0_4_p0_3,"contact-relaxed SNS links, alpha=3.7, tau=0.4, p=0.3",contact_relaxation,contact_relaxed,conductance,3.7,0,0.4,0.3,0.819869281045749,0.4,0.300217864923747,2.16058228902114e-07,4.53367375268707e-07,0.0494940251464489,134.948635090694,0.208887134487594,0.266977190045797,0.311853693653102,0.146779527289312,0.0482401093876075,0.19125508201,0.194562642872147,0.233302001591342,0.241348469790245,0.0517486771551976,302.13639547941,290.74702479864,101,v7.4.6,gap_tied_weak_links_phase3_seed,/Users/asewaket/Documents/LTSpice Superconducting Circuit/matlab_v7_4_6_files/outputs/v7_4_6_as006_gap_weaklink_v800_phase3_seed_101/AS006_v7_4_6_gap_weaklink_scores.csv
AS006,crack_tunnel_a3_7_g0_4_p0_1,"tunnel/crack-like links, alpha=3.7, tau=0.4, p=0.1",tear_lane,crack_tunnel,conductance,3.7,0,0.4,0.1,0.939869281045751,0.4,0.100217864923747,4.00286046668104e-07,4.17105528607083e-07,0.122283943608147,162.885879842229,0.208907125704948,0.273416404059279,0.300349788367796,0.158118736566273,0.0478586741139777,0.214932203442142,0.289199128375642,0.315158498247188,0.147968011935337,0.0489745019833178,240.023561335217,241.682520378205,101,v7.4.6,gap_tied_weak_links_phase3_seed,/Users/asewaket/Documents/LTSpice Superconducting Circuit/matlab_v7_4_6_files/outputs/v7_4_6_as006_gap_weaklink_v800_phase3_seed_101/AS006_v7_4_6_gap_weaklink_scores.csv
AS006,boundary_sns_a3_3_g0_1_p0_1,"SNS-like boundary constriction, alpha=3.3, tau=0.1, p=0.1",boundary_lane,boundary_constriction,conductance,3.3,1,0.1,0.1,0.886274509803923,0.1,0.12636165577342,1.15710346401314e-07,3.93535988606232e-07,0.126424386386224,143.081798148711,0.20904636018626,0.272085612412901,0.298534585315791,0.161428469874208,0.0489250768730049,0.263588368761458,0.383581025940831,0.403407881118517,0.143551551891564,0.0489575860445969,204.895512795902,199.271246088877,101,v7.4.6,gap_tied_weak_links_phase3_seed,/Users/asewaket/Documents/LTSpice Superconducting Circuit/matlab_v7_4_6_files/outputs/v7_4_6_as006_gap_weaklink_v800_phase3_seed_101/AS006_v7_4_6_gap_weaklink_scores.csv
AS006,boundary_sns_a4_1_g0_05_p0_2,"SNS-like boundary constriction, alpha=4.1, tau=0.05, p=0.2",boundary_lane,boundary_constriction,conductance,4.1,0.999999999999997,0.05,0.2,0.78971677559913,0.05,0.221350762527233,8.1413972827644e-08,5.50654559044656e-07,0.13984355063826,113.61723600686,0.209052338368414,0.265416026845144,0.286400290540072,0.175486866663695,0.059286573222181,0.305549630376144,0.44578876864691,0.454363320238214,0.173394575788737,0.070080353081015,166.84768308679,188.257535469813,101,v7.4.6,gap_tied_weak_links_phase3_seed,/Users/asewaket/Documents/LTSpice Superconducting Circuit/matlab_v7_4_6_files/outputs/v7_4_6_as006_gap_weaklink_v800_phase3_seed_101/AS006_v7_4_6_gap_weaklink_scores.csv
AS006,crack_tunnel_a4_1_g0_2_p0_05,"tunnel/crack-like links, alpha=4.1, tau=0.2, p=0.05",tear_lane,crack_tunnel,conductance,4.1,0.999999999999997,0.2,0.05,0.959564270152505,0.2,0.0505446623093682,2.39921059758039e-07,4.58190179319474e-07,0.146680056801441,165.258779801241,0.209168657351442,0.273850123854098,0.29757885241656,0.162381157826453,0.048253723891064,0.217924707932499,0.294640058502436,0.316838765337303,0.148991436800488,0.0542763458191679,235.694662351782,241.699977028341,101,v7.4.6,gap_tied_weak_links_phase3_seed,/Users/asewaket/Documents/LTSpice Superconducting Circuit/matlab_v7_4_6_files/outputs/v7_4_6_as006_gap_weaklink_v800_phase3_seed_101/AS006_v7_4_6_gap_weaklink_scores.csv
AS006,boundary_sns_a3_3_g0_2_p0_1,"SNS-like boundary constriction, alpha=3.3, tau=0.2, p=0.1",boundary_lane,boundary_constriction,conductance,3.3,1,0.2,0.1,0.898910675381263,0.2,0.12636165577342,2.18902809924999e-07,3.73373029907662e-07,0.126424386386224,151.263882205831,0.209346706164896,0.273488552191247,0.300382212856729,0.15950295256951,0.048197415422072,0.252613099708203,0.364274652849773,0.385937058653837,0.137908947311491,0.0510148089076663,214.166775046133,205.790706604945,101,v7.4.6,gap_tied_weak_links_phase3_seed,/Users/asewaket/Documents/LTSpice Superconducting Circuit/matlab_v7_4_6_files/outputs/v7_4_6_as006_gap_weaklink_v800_phase3_seed_101/AS006_v7_4_6_gap_weaklink_scores.csv
AS006,crack_tunnel_a4_1_g0_4_p0_1,"tunnel/crack-like links, alpha=4.1, tau=0.4, p=0.1",tear_lane,crack_tunnel,conductance,4.1,0.999999999999997,0.4,0.1,0.939869281045751,0.4,0.100217864923747,4.43560213875466e-07,4.62198018186227e-07,0.135503829403622,162.885879842229,0.209353584863891,0.275393654448973,0.299238500314095,0.159091929576906,0.0488419823496815,0.215666761646623,0.292654074130762,0.315350665483078,0.14789173674327,0.0489513985778812,238.753457072852,241.713103861634,101,v7.4.6,gap_tied_weak_links_phase3_seed,/Users/asewaket/Documents/LTSpice Superconducting Circuit/matlab_v7_4_6_files/outputs/v7_4_6_as006_gap_weaklink_v800_phase3_seed_101/AS006_v7_4_6_gap_weaklink_scores.csv
AS006,boundary_sns_a3_3_g0_05_p0_1,"SNS-like boundary constriction, alpha=3.3, tau=0.05, p=0.1",boundary_lane,boundary_constriction,conductance,3.3,1,0.05,0.1,0.879956427015252,0.05,0.12636165577342,6.05486145578142e-08,4.11857014170628e-07,0.126424386386224,136.716955032075,0.209773786384911,0.272949956568618,0.298968644959135,0.161544899600592,0.0507927221767125,0.272158584155665,0.397672119884216,0.416218833843893,0.149036774324725,0.0484418737613893,194.498187876272,199.636374090791,101,v7.4.6,gap_tied_weak_links_phase3_seed,/Users/asewaket/Documents/LTSpice Superconducting Circuit/matlab_v7_4_6_files/outputs/v7_4_6_as006_gap_weaklink_v800_phase3_seed_101/AS006_v7_4_6_gap_weaklink_scores.csv
AS006,combined_a3_3_g0_4_p0_05,"combined weak-link classes, alpha=3.3, tau=0.4, p=0.05",combined,boundary_constriction,conductance,3.3,1,0.4,0.05,0.969934640522876,0.4,0.0501089324618736,3.81050769208495e-07,3.63570595730514e-07,0.119640449099053,171.973616148884,0.209782564624775,0.274139861404608,0.304833898634539,0.155441648303331,0.0470115787296597,0.215165948629385,0.28843652042704,0.318330614369897,0.146643333838008,0.0470104802750556,243.061871267432,239.911215662466,101,v7.4.6,gap_tied_weak_links_phase3_seed,/Users/asewaket/Documents/LTSpice Superconducting Circuit/matlab_v7_4_6_files/outputs/v7_4_6_as006_gap_weaklink_v800_phase3_seed_101/AS006_v7_4_6_gap_weaklink_scores.csv
AS006,boundary_sns_a3_7_g0_1_p0_1,"SNS-like boundary constriction, alpha=3.7, tau=0.1, p=0.1",boundary_lane,boundary_constriction,conductance,3.7,0,0.1,0.1,0.886274509803923,0.1,0.12636165577342,1.29735842934806e-07,4.41237320558502e-07,0.141748554433039,143.081798148711,0.210005720686115,0.276202772867612,0.299254769714677,0.160980444803618,0.048904427557757,0.264423366298519,0.38711757992559,0.403696030635248,0.143645532726453,0.0489742820472534,205.111900062106,199.448072549418,101,v7.4.6,gap_tied_weak_links_phase3_seed,/Users/asewaket/Documents/LTSpice Superconducting Circuit/matlab_v7_4_6_files/outputs/v7_4_6_as006_gap_weaklink_v800_phase3_seed_101/AS006_v7_4_6_gap_weaklink_scores.csv
AS006,combined_a4_1_g0_4_p0_05,"combined weak-link classes, alpha=4.1, tau=0.4, p=0.05",combined,boundary_constriction,conductance,4.1,0.999999999999997,0.4,0.05,0.969934640522876,0.4,0.0501089324618736,4.73426713259039e-07,4.51708921968214e-07,0.148644194335187,171.973616148884,0.210055055806719,0.277401195903773,0.300635840264915,0.158904466149865,0.0481307799788899,0.217011922200675,0.296871030610527,0.318845360610892,0.146521270509177,0.0470576111873142,239.741138488446,238.717458539179,101,v7.4.6,gap_tied_weak_links_phase3_seed,/Users/asewaket/Documents/LTSpice Superconducting Circuit/matlab_v7_4_6_files/outputs/v7_4_6_as006_gap_weaklink_v800_phase3_seed_101/AS006_v7_4_6_gap_weaklink_scores.csv
AS006,combined_a3_7_g0_4_p0_05,"combined weak-link classes, alpha=3.7, tau=0.4, p=0.05",combined,boundary_constriction,conductance,3.7,0,0.4,0.05,0.969934640522876,0.4,0.0501089324618736,4.27238741233767e-07,4.07639758849364e-07,0.13414232171712,171.973616148884,0.210105417594622,0.27667475987644,0.302902240655655,0.157049291783929,0.0474617922193597,0.216275750547438,0.293441290436626,0.318668268992128,0.146568445960088,0.0470574341142317,241.46145168551,239.336857301791,101,v7.4.6,gap_tied_weak_links_phase3_seed,/Users/asewaket/Documents/LTSpice Superconducting Circuit/matlab_v7_4_6_files/outputs/v7_4_6_as006_gap_weaklink_v800_phase3_seed_101/AS006_v7_4_6_gap_weaklink_scores.csv
AS006,contact_relaxed_a4_1_g0_4_p0_2,"contact-relaxed SNS links, alpha=4.1, tau=0.4, p=0.2",contact_relaxation,contact_relaxed,conductance,4.1,0.999999999999997,0.4,0.2,0.879999999999998,0.4,0.2,1.97878204897437e-07,4.84817104172566e-07,0.0516189514385513,151.284748184893,0.210358608468081,0.27588464447743,0.307345063451222,0.151868136678573,0.0482193659751214,0.200715953161056,0.244280632610315,0.277063761517253,0.178073019432156,0.0518462762495795,269.052988200898,258.458970492317,101,v7.4.6,gap_tied_weak_links_phase3_seed,/Users/asewaket/Documents/LTSpice Superconducting Circuit/matlab_v7_4_6_files/outputs/v7_4_6_as006_gap_weaklink_v800_phase3_seed_101/AS006_v7_4_6_gap_weaklink_scores.csv
AS006,contact_relaxed_a4_1_g0_4_p0_3,"contact-relaxed SNS links, alpha=4.1, tau=0.4, p=0.3",contact_relaxation,contact_relaxed,conductance,4.1,0.999999999999997,0.4,0.3,0.819869281045749,0.4,0.300217864923747,2.39415875269911e-07,5.02380064486946e-07,0.0548447305676866,134.948635090694,0.210362340934033,0.273523319318184,0.312087728408871,0.146885576448583,0.0485278900757276,0.191925588517434,0.198030138577173,0.233525927338256,0.240960286386565,0.0517270731848423,301.706794464295,290.788408033541,101,v7.4.6,gap_tied_weak_links_phase3_seed,/Users/asewaket/Documents/LTSpice Superconducting Circuit/matlab_v7_4_6_files/outputs/v7_4_6_as006_gap_weaklink_v800_phase3_seed_101/AS006_v7_4_6_gap_weaklink_scores.csv
AS006,boundary_sns_a3_7_g0_2_p0_1,"SNS-like boundary constriction, alpha=3.7, tau=0.2, p=0.1",boundary_lane,boundary_constriction,conductance,3.7,0,0.2,0.1,0.898910675381263,0.2,0.12636165577342,2.45436483855302e-07,4.18630366866167e-07,0.141748554433039,151.263882205831,0.210387317675126,0.277962629061425,0.301238658361241,0.158936767450535,0.0481353478688634,0.253487646998425,0.368063675599973,0.386229734721726,0.137969457756458,0.05101070143356,214.472014554486,206.013948286511,101,v7.4.6,gap_tied_weak_links_phase3_seed,/Users/asewaket/Documents/LTSpice Superconducting Circuit/matlab_v7_4_6_files/outputs/v7_4_6_as006_gap_weaklink_v800_phase3_seed_101/AS006_v7_4_6_gap_weaklink_scores.csv
AS006,contact_relaxed_a3_7_g0_4_p0_2,"contact-relaxed SNS links, alpha=3.7, tau=0.4, p=0.2",contact_relaxation,contact_relaxed,conductance,3.7,0,0.4,0.2,0.879999999999998,0.4,0.2,1.78573014175736e-07,4.37517874497194e-07,0.0465829561762536,151.284748184893,0.210451999947812,0.274275225270408,0.310042299184803,0.149945337857527,0.0479790785733398,0.199766599093606,0.239985243798961,0.276631352485098,0.178290717997967,0.0518794873226865,270.931084085722,259.873536532233,101,v7.4.6,gap_tied_weak_links_phase3_seed,/Users/asewaket/Documents/LTSpice Superconducting Circuit/matlab_v7_4_6_files/outputs/v7_4_6_as006_gap_weaklink_v800_phase3_seed_101/AS006_v7_4_6_gap_weaklink_scores.csv
AS006,contact_relaxed_a3_3_g0_4_p0_2,"contact-relaxed SNS links, alpha=3.3, tau=0.4, p=0.2",contact_relaxation,contact_relaxed,conductance,3.3,1,0.4,0.2,0.879999999999998,0.4,0.2,1.59267823454035e-07,3.90218644821822e-07,0.0415469609139559,151.284748184893,0.21064242739387,0.272293236654681,0.313549116131966,0.147567142322388,0.0477490191807419,0.198539316529888,0.234585754911124,0.275973431453019,0.178592525938226,0.0519166652727486,273.386650356813,261.81451247775,101,v7.4.6,gap_tied_weak_links_phase3_seed,/Users/asewaket/Documents/LTSpice Superconducting Circuit/matlab_v7_4_6_files/outputs/v7_4_6_as006_gap_weaklink_v800_phase3_seed_101/AS006_v7_4_6_gap_weaklink_scores.csv
AS006,boundary_sns_a4_1_g0_1_p0_1,"SNS-like boundary constriction, alpha=4.1, tau=0.1, p=0.1",boundary_lane,boundary_constriction,conductance,4.1,0.999999999999997,0.1,0.1,0.886274509803923,0.1,0.12636165577342,1.43761339468299e-07,4.88938652510772e-07,0.157072722479854,143.081798148711,0.210725498432799,0.279288882648716,0.29982049225397,0.160582868689354,0.0489241622091379,0.265040969637556,0.389815955096861,0.403885250751728,0.143699358196053,0.0489655065303298,205.275955909694,199.634634794277,101,v7.4.6,gap_tied_weak_links_phase3_seed,/Users/asewaket/Documents/LTSpice Superconducting Circuit/matlab_v7_4_6_files/outputs/v7_4_6_as006_gap_weaklink_v800_phase3_seed_101/AS006_v7_4_6_gap_weaklink_scores.csv
AS006,boundary_sns_a3_7_g0_05_p0_1,"SNS-like boundary constriction, alpha=3.7, tau=0.05, p=0.1",boundary_lane,boundary_constriction,conductance,3.7,0,0.05,0.1,0.879956427015252,0.05,0.12636165577342,6.7887840564822e-08,4.6177907649434e-07,0.141748554433039,136.716955032075,0.210855302472674,0.276956441476233,0.299838275107647,0.16108488128976,0.0512469878365554,0.272977348190433,0.401082243061871,0.416626412219288,0.149188661455587,0.0482224496870572,194.636606970776,199.879530516637,101,v7.4.6,gap_tied_weak_links_phase3_seed,/Users/asewaket/Documents/LTSpice Superconducting Circuit/matlab_v7_4_6_files/outputs/v7_4_6_as006_gap_weaklink_v800_phase3_seed_101/AS006_v7_4_6_gap_weaklink_scores.csv
AS006,boundary_sns_a4_1_g0_2_p0_1,"SNS-like boundary constriction, alpha=4.1, tau=0.2, p=0.1",boundary_lane,boundary_constriction,conductance,4.1,0.999999999999997,0.2,0.1,0.898910675381263,0.2,0.12636165577342,2.71970157785604e-07,4.63887703824671e-07,0.157072722479854,151.263882205831,0.211133714750713,0.281194556107124,0.301874148258242,0.15848473588871,0.0480883383336279,0.254114335099923,0.370860959784074,0.386409618987514,0.138000635109816,0.0509930886001219,214.707962137019,206.209332665849,101,v7.4.6,gap_tied_weak_links_phase3_seed,/Users/asewaket/Documents/LTSpice Superconducting Circuit/matlab_v7_4_6_files/outputs/v7_4_6_as006_gap_weaklink_v800_phase3_seed_101/AS006_v7_4_6_gap_weaklink_scores.csv
AS006,crack_tunnel_a3_3_g0_4_p0_05,"tunnel/crack-like links, alpha=3.3, tau=0.4, p=0.05",tear_lane,crack_tunnel,conductance,3.3,1,0.4,0.05,0.969673202614379,0.4,0.0505446623093682,3.71134363962757e-07,3.62750592466731e-07,0.118059557913355,171.973616148884,0.211634287740149,0.279676616043312,0.308948798805878,0.152716779587571,0.0469384502626806,0.218438800633055,0.295653446072023,0.324091940337057,0.143892150657918,0.0495144731810017,241.086779300914,240.371105905571,101,v7.4.6,gap_tied_weak_links_phase3_seed,/Users/asewaket/Documents/LTSpice Superconducting Circuit/matlab_v7_4_6_files/outputs/v7_4_6_as006_gap_weaklink_v800_phase3_seed_101/AS006_v7_4_6_gap_weaklink_scores.csv
AS006,boundary_sns_a3_3_g0_4_p0_1,"SNS-like boundary constriction, alpha=3.3, tau=0.4, p=0.1",boundary_lane,boundary_constriction,conductance,3.3,1,0.4,0.1,0.924183006535947,0.4,0.12636165577342,4.06567946676443e-07,3.78803799957412e-07,0.126424386386224,162.885879842229,0.211675336438997,0.280486414702764,0.30728607706646,0.153730411225105,0.0479766185945326,0.241025540796982,0.343623979530525,0.367211089994032,0.134719877666246,0.0504844698820206,225.092499765803,216.542979440023,101,v7.4.6,gap_tied_weak_links_phase3_seed,/Users/asewaket/Documents/LTSpice Superconducting Circuit/matlab_v7_4_6_files/outputs/v7_4_6_as006_gap_weaklink_v800_phase3_seed_101/AS006_v7_4_6_gap_weaklink_scores.csv
AS006,boundary_sns_a4_1_g0_05_p0_1,"SNS-like boundary constriction, alpha=4.1, tau=0.05, p=0.1",boundary_lane,boundary_constriction,conductance,4.1,0.999999999999997,0.05,0.1,0.879956427015252,0.05,0.12636165577342,7.52270665718298e-08,5.11701138818053e-07,0.157072722479854,136.716955032075,0.211703760821214,0.280090612746085,0.300520346601829,0.16069684676669,0.051646526348421,0.273603913128857,0.403796498364027,0.416920754115595,0.14929431624147,0.0479938522761271,194.748163931164,200.10333922096,101,v7.4.6,gap_tied_weak_links_phase3_seed,/Users/asewaket/Documents/LTSpice Superconducting Circuit/matlab_v7_4_6_files/outputs/v7_4_6_as006_gap_weaklink_v800_phase3_seed_101/AS006_v7_4_6_gap_weaklink_scores.csv
AS006,boundary_sns_a4_1_g0_7_p0_3,"SNS-like boundary constriction, alpha=4.1, tau=0.7, p=0.3",boundary_lane,boundary_constriction,conductance,4.1,0.999999999999997,0.7,0.3,0.905228758169932,0.7,0.315904139433551,7.06694740818133e-07,4.72389915438441e-07,0.120611489743205,164.028890763482,0.211801732147776,0.28504169635789,0.306087316214161,0.152516270424919,0.0476688229750583,0.236584535498956,0.339238048099144,0.357528402711957,0.133767722913642,0.0508002710076576,229.339748891211,219.954845424128,101,v7.4.6,gap_tied_weak_links_phase3_seed,/Users/asewaket/Documents/LTSpice Superconducting Circuit/matlab_v7_4_6_files/outputs/v7_4_6_as006_gap_weaklink_v800_phase3_seed_101/AS006_v7_4_6_gap_weaklink_scores.csv
AS006,crack_tunnel_a3_7_g0_4_p0_05,"tunnel/crack-like links, alpha=3.7, tau=0.4, p=0.05",tear_lane,crack_tunnel,conductance,3.7,0,0.4,0.05,0.969673202614379,0.4,0.0505446623093682,4.16120347473395e-07,4.06720361250578e-07,0.132369807357398,171.973616148884,0.212416876935463,0.283540035966556,0.308535622050324,0.153134628161943,0.0471887249202609,0.219469155121962,0.30035880343596,0.324425633877339,0.143823170260997,0.0494631500622587,240.026110440157,240.736748829125,101,v7.4.6,gap_tied_weak_links_phase3_seed,/Users/asewaket/Documents/LTSpice Superconducting Circuit/matlab_v7_4_6_files/outputs/v7_4_6_as006_gap_weaklink_v800_phase3_seed_101/AS006_v7_4_6_gap_weaklink_scores.csv
AS006,contact_relaxed_a4_1_g0_1_p0_1,"contact-relaxed SNS links, alpha=4.1, tau=0.1, p=0.1",contact_relaxation,contact_relaxed,conductance,4.1,0.999999999999997,0.1,0.1,0.909803921568628,0.1,0.100217864923747,4.65726471458007e-08,5.33112740679665e-07,0.0467657086278145,143.081798148711,0.212417166184347,0.282444202984973,0.311769939194824,0.148487771811587,0.0484345195813341,0.200524093496157,0.242719764642169,0.273336445778197,0.181809823206564,0.0542996437185656,274.454529801365,262.191142523784,101,v7.4.6,gap_tied_weak_links_phase3_seed,/Users/asewaket/Documents/LTSpice Superconducting Circuit/matlab_v7_4_6_files/outputs/v7_4_6_as006_gap_weaklink_v800_phase3_seed_101/AS006_v7_4_6_gap_weaklink_scores.csv
AS006,contact_relaxed_a4_1_g0_2_p0_1,"contact-relaxed SNS links, alpha=4.1, tau=0.2, p=0.1",contact_relaxation,contact_relaxed,conductance,4.1,0.999999999999997,0.2,0.1,0.919825708061001,0.2,0.100217864923747,8.81069294400236e-08,5.04275894814323e-07,0.0467657086278145,151.263882205831,0.212476975901242,0.283419916831776,0.311155553694507,0.14873445830884,0.0485246708229963,0.208263818475514,0.269822484300071,0.298220903734324,0.157983482668578,0.0521306732067107,259.600700178834,249.378235715572,101,v7.4.6,gap_tied_weak_links_phase3_seed,/Users/asewaket/Documents/LTSpice Superconducting Circuit/matlab_v7_4_6_files/outputs/v7_4_6_as006_gap_weaklink_v800_phase3_seed_101/AS006_v7_4_6_gap_weaklink_scores.csv
AS006,combined_a4_1_g0_7_p0_2,"combined weak-link classes, alpha=4.1, tau=0.7, p=0.2",combined,boundary_constriction,conductance,4.1,0.999999999999997,0.7,0.2,0.939999999999999,0.7,0.2,7.53831326798021e-07,4.55214002748313e-07,0.136989864708692,171.593305462986,0.21247996611427,0.286014859697433,0.307896584868765,0.151822375492326,0.0477879779881708,0.223651630092324,0.312312796918323,0.332887957420842,0.139047419533509,0.0495821536399363,240.519059156611,232.10075645703,101,v7.4.6,gap_tied_weak_links_phase3_seed,/Users/asewaket/Documents/LTSpice Superconducting Circuit/matlab_v7_4_6_files/outputs/v7_4_6_as006_gap_weaklink_v800_phase3_seed_101/AS006_v7_4_6_gap_weaklink_scores.csv
AS006,combined_a4_1_g0_7_p0_3,"combined weak-link classes, alpha=4.1, tau=0.7, p=0.3",combined,boundary_constriction,conductance,4.1,0.999999999999997,0.7,0.3,0.909934640522874,0.7,0.300217864923747,6.63322157732996e-07,4.72000909882594e-07,0.115335147588279,164.028890763482,0.21251781192496,0.286195256012159,0.308657355599882,0.150450530695519,0.0481802679434468,0.223122010272282,0.311284971703054,0.332546507666796,0.138609506766634,0.0491068077831712,240.573685967875,233.138039880741,101,v7.4.6,gap_tied_weak_links_phase3_seed,/Users/asewaket/Documents/LTSpice Superconducting Circuit/matlab_v7_4_6_files/outputs/v7_4_6_as006_gap_weaklink_v800_phase3_seed_101/AS006_v7_4_6_gap_weaklink_scores.csv
AS006,crack_tunnel_a4_1_g0_4_p0_05,"tunnel/crack-like links, alpha=4.1, tau=0.4, p=0.05",tear_lane,crack_tunnel,conductance,4.1,0.999999999999997,0.4,0.05,0.969673202614379,0.4,0.0505446623093682,4.61106330984032e-07,4.50690130034424e-07,0.146680056801441,171.973616148884,0.212741459581214,0.28514077010154,0.307224025992114,0.154173190555787,0.0482079941235965,0.220163738017919,0.303635636429448,0.324600120359575,0.143779604298204,0.049408337658136,238.328081841504,241.032729941927,101,v7.4.6,gap_tied_weak_links_phase3_seed,/Users/asewaket/Documents/LTSpice Superconducting Circuit/matlab_v7_4_6_files/outputs/v7_4_6_as006_gap_weaklink_v800_phase3_seed_101/AS006_v7_4_6_gap_weaklink_scores.csv
AS006,boundary_sns_a3_7_g0_4_p0_1,"SNS-like boundary constriction, alpha=3.7, tau=0.4, p=0.1",boundary_lane,boundary_constriction,conductance,3.7,0,0.4,0.1,0.924183006535947,0.4,0.12636165577342,4.55848909909952e-07,4.24719412073462e-07,0.141748554433039,162.885879842229,0.212759717338756,0.285041652505635,0.308092394406339,0.153307318563711,0.0479610957724144,0.241949726756364,0.34767063986876,0.367511586544838,0.134755956187089,0.0504877722257306,225.355670684441,216.76142231921,101,v7.4.6,gap_tied_weak_links_phase3_seed,/Users/asewaket/Documents/LTSpice Superconducting Circuit/matlab_v7_4_6_files/outputs/v7_4_6_as006_gap_weaklink_v800_phase3_seed_101/AS006_v7_4_6_gap_weaklink_scores.csv
AS006,boundary_sns_a4_1_g0_4_p0_1,"SNS-like boundary constriction, alpha=4.1, tau=0.4, p=0.1",boundary_lane,boundary_constriction,conductance,4.1,0.999999999999997,0.4,0.1,0.924183006535947,0.4,0.12636165577342,5.0512987314346e-07,4.70635024189512e-07,0.157072722479854,162.885879842229,0.213044003922992,0.287007264630928,0.307479702867117,0.153802144804223,0.0478705939612993,0.242597117024271,0.35059369581607,0.367682677321774,0.134776049828981,0.0504771417059542,225.074507282029,216.390367359271,101,v7.4.6,gap_tied_weak_links_phase3_seed,/Users/asewaket/Documents/LTSpice Superconducting Circuit/matlab_v7_4_6_files/outputs/v7_4_6_as006_gap_weaklink_v800_phase3_seed_101/AS006_v7_4_6_gap_weaklink_scores.csv
AS006,boundary_sns_a4_1_g0_7_p0_2,"SNS-like boundary constriction, alpha=4.1, tau=0.7, p=0.2",boundary_lane,boundary_constriction,conductance,4.1,0.999999999999997,0.7,0.2,0.933594771241829,0.7,0.221350762527233,7.54693940773452e-07,4.61233381808288e-07,0.13984355063826,171.593305462986,0.213139571839339,0.28769428031108,0.308218952010303,0.152744324585239,0.0476900071360352,0.235519177307354,0.337570739777998,0.355438526736276,0.134514584178142,0.049864494747611,230.635814119734,222.073269002121,101,v7.4.6,gap_tied_weak_links_phase3_seed,/Users/asewaket/Documents/LTSpice Superconducting Circuit/matlab_v7_4_6_files/outputs/v7_4_6_as006_gap_weaklink_v800_phase3_seed_101/AS006_v7_4_6_gap_weaklink_scores.csv
AS006,combined_a4_1_g0_7_p0_1,"combined weak-link classes, alpha=4.1, tau=0.7, p=0.1",combined,boundary_constriction,conductance,4.1,0.999999999999997,0.7,0.1,0.969934640522875,0.7,0.100217864923747,7.59812793217703e-07,4.47740412520812e-07,0.143397754552151,176.802984134966,0.213198637414217,0.287801637623195,0.309392612902962,0.151357897986972,0.0475571043839922,0.222720329060165,0.311080462423345,0.331485666681781,0.139690707089225,0.047807882322833,240.970531307249,234.219847389188,101,v7.4.6,gap_tied_weak_links_phase3_seed,/Users/asewaket/Documents/LTSpice Superconducting Circuit/matlab_v7_4_6_files/outputs/v7_4_6_as006_gap_weaklink_v800_phase3_seed_101/AS006_v7_4_6_gap_weaklink_scores.csv
AS006,boundary_sns_a3_7_g0_7_p0_3,"SNS-like boundary constriction, alpha=3.7, tau=0.7, p=0.3",boundary_lane,boundary_constriction,conductance,3.7,0,0.7,0.3,0.905228758169932,0.7,0.315904139433551,6.37748912445632e-07,4.26303094420057e-07,0.108844515134112,164.028890763482,0.213370750122756,0.288146031893361,0.311559836930955,0.148830637596176,0.0474397070960271,0.235903512157054,0.336142556396906,0.357360873404747,0.133753947366291,0.0508010417221921,232.057542697951,222.217558622866,101,v7.4.6,gap_tied_weak_links_phase3_seed,/Users/asewaket/Documents/LTSpice Superconducting Circuit/matlab_v7_4_6_files/outputs/v7_4_6_as006_gap_weaklink_v800_phase3_seed_101/AS006_v7_4_6_gap_weaklink_scores.csv
AS006,contact_relaxed_a4_1_g0_05_p0_1,"contact-relaxed SNS links, alpha=4.1, tau=0.05, p=0.1",contact_relaxation,contact_relaxed,conductance,4.1,0.999999999999997,0.05,0.1,0.904793028322441,0.05,0.100217864923747,2.43704158588203e-08,5.57931746903948e-07,0.0467657086278145,136.716955032075,0.21339759700068,0.284799894235245,0.313914021042765,0.147819961006199,0.0480636026855691,0.1984138839427,0.2311533277202,0.261033137022058,0.198305219377579,0.0562265779827254,284.306057003834,270.13343100308,101,v7.4.6,gap_tied_weak_links_phase3_seed,/Users/asewaket/Documents/LTSpice Superconducting Circuit/matlab_v7_4_6_files/outputs/v7_4_6_as006_gap_weaklink_v800_phase3_seed_101/AS006_v7_4_6_gap_weaklink_scores.csv
AS006,contact_relaxed_a3_7_g0_1_p0_1,"contact-relaxed SNS links, alpha=3.7, tau=0.1, p=0.1",contact_relaxation,contact_relaxed,conductance,3.7,0,0.1,0.1,0.909803921568628,0.1,0.100217864923747,4.20289742535275e-08,4.81101741588966e-07,0.0422032004690033,143.081798148711,0.213660230471327,0.283674101879295,0.316982348247956,0.145355768588281,0.048213230308068,0.199628910118239,0.238827639927091,0.272828390936616,0.182121706581874,0.0542150932976857,277.711297717906,265.065190848841,101,v7.4.6,gap_tied_weak_links_phase3_seed,/Users/asewaket/Documents/LTSpice Superconducting Circuit/matlab_v7_4_6_files/outputs/v7_4_6_as006_gap_weaklink_v800_phase3_seed_101/AS006_v7_4_6_gap_weaklink_scores.csv
AS006,combined_a3_7_g0_7_p0_2,"combined weak-link classes, alpha=3.7, tau=0.7, p=0.2",combined,boundary_constriction,conductance,3.7,0,0.7,0.2,0.939999999999999,0.7,0.2,6.80286807110409e-07,4.10802880528965e-07,0.123624999859064,171.593305462986,0.213730543335965,0.2881471417868,0.312589330937328,0.148705757318228,0.0475920491049167,0.222940742570098,0.309125516963328,0.332654503604213,0.139085988271702,0.0495753292401617,242.986160393638,234.213835442318,101,v7.4.6,gap_tied_weak_links_phase3_seed,/Users/asewaket/Documents/LTSpice Superconducting Circuit/matlab_v7_4_6_files/outputs/v7_4_6_as006_gap_weaklink_v800_phase3_seed_101/AS006_v7_4_6_gap_weaklink_scores.csv
AS006,contact_relaxed_a3_7_g0_2_p0_1,"contact-relaxed SNS links, alpha=3.7, tau=0.2, p=0.1",contact_relaxation,contact_relaxed,conductance,3.7,0,0.2,0.1,0.919825708061001,0.2,0.100217864923747,7.9511131445875e-08,4.55078246539755e-07,0.0422032004690033,151.263882205831,0.213934591552958,0.285574510227925,0.316679904386379,0.145350272557761,0.0482207741635001,0.207325624912112,0.265858261609178,0.297685521807269,0.158166594873652,0.0521119561965971,262.897620286733,252.15593135914,101,v7.4.6,gap_tied_weak_links_phase3_seed,/Users/asewaket/Documents/LTSpice Superconducting Circuit/matlab_v7_4_6_files/outputs/v7_4_6_as006_gap_weaklink_v800_phase3_seed_101/AS006_v7_4_6_gap_weaklink_scores.csv
AS006,combined_a3_7_g0_7_p0_3,"combined weak-link classes, alpha=3.7, tau=0.7, p=0.3",combined,boundary_constriction,conductance,3.7,0,0.7,0.3,0.909934640522874,0.7,0.300217864923747,5.98607800880997e-07,4.25952040625756e-07,0.104082938067472,164.028890763482,0.213940922165909,0.288744532877442,0.313699878780473,0.147249692269986,0.0479231747487946,0.222418047979075,0.308143172093068,0.332295233842697,0.138657419059566,0.0491086347531271,243.234865215202,235.384855958444,101,v7.4.6,gap_tied_weak_links_phase3_seed,/Users/asewaket/Documents/LTSpice Superconducting Circuit/matlab_v7_4_6_files/outputs/v7_4_6_as006_gap_weaklink_v800_phase3_seed_101/AS006_v7_4_6_gap_weaklink_scores.csv
AS006,crack_tunnel_a4_1_g0_7_p0_3,"tunnel/crack-like links, alpha=4.1, tau=0.7, p=0.3",tear_lane,crack_tunnel,conductance,4.1,0.999999999999997,0.7,0.3,0.909934640522874,0.7,0.300217864923747,5.92518273706365e-07,4.56523375742141e-07,0.101328480665276,164.028890763482,0.214002451575531,0.290737898957876,0.313203510673105,0.146305025260771,0.0482869336658815,0.214318928467322,0.292303547423848,0.314672214964093,0.145341511690907,0.0469378291119668,249.408484435112,245.201205667296,101,v7.4.6,gap_tied_weak_links_phase3_seed,/Users/asewaket/Documents/LTSpice Superconducting Circuit/matlab_v7_4_6_files/outputs/v7_4_6_as006_gap_weaklink_v800_phase3_seed_101/AS006_v7_4_6_gap_weaklink_scores.csv
AS006,crack_tunnel_a4_1_g0_7_p0_2,"tunnel/crack-like links, alpha=4.1, tau=0.7, p=0.2",tear_lane,crack_tunnel,conductance,4.1,0.999999999999997,0.7,0.2,0.93986928104575,0.7,0.200435729847495,6.26371831503707e-07,4.47537773701498e-07,0.111219355791531,171.593305462986,0.214060892408874,0.290417258291824,0.31270239736268,0.147577195212067,0.0481865143527744,0.214990545180004,0.293440667565796,0.315572373407659,0.145791453222395,0.0470210883428261,248.909414691119,244.354053351272,101,v7.4.6,gap_tied_weak_links_phase3_seed,/Users/asewaket/Documents/LTSpice Superconducting Circuit/matlab_v7_4_6_files/outputs/v7_4_6_as006_gap_weaklink_v800_phase3_seed_101/AS006_v7_4_6_gap_weaklink_scores.csv
AS006,contact_relaxed_a4_1_g0_4_p0_1,"contact-relaxed SNS links, alpha=4.1, tau=0.4, p=0.1",contact_relaxation,contact_relaxed,conductance,4.1,0.999999999999997,0.4,0.1,0.939869281045751,0.4,0.100217864923747,1.63640902566166e-07,4.71461897024892e-07,0.0467657086278145,162.885879842229,0.214115338677266,0.289302860054805,0.313522709735283,0.147628102795388,0.0480739628005439,0.221155226094318,0.305002153497869,0.328509766402945,0.140400372917407,0.05038141962181,245.457172926121,236.481512913803,101,v7.4.6,gap_tied_weak_links_phase3_seed,/Users/asewaket/Documents/LTSpice Superconducting Circuit/matlab_v7_4_6_files/outputs/v7_4_6_as006_gap_weaklink_v800_phase3_seed_101/AS006_v7_4_6_gap_weaklink_scores.csv
AS006,combined_a3_3_g0_7_p0_2,"combined weak-link classes, alpha=3.3, tau=0.7, p=0.2",combined,boundary_constriction,conductance,3.3,1,0.7,0.2,0.939999999999999,0.7,0.2,6.06742287422797e-07,3.66391758309618e-07,0.110260135009435,171.593305462986,0.214271732950937,0.287580110519474,0.316019582830989,0.146548304166995,0.0475589040722354,0.22190114738007,0.30452605205453,0.332289473341794,0.139129524354356,0.0495612010547365,244.792427076729,235.940744584465,101,v7.4.6,gap_tied_weak_links_phase3_seed,/Users/asewaket/Documents/LTSpice Superconducting Circuit/matlab_v7_4_6_files/outputs/v7_4_6_as006_gap_weaklink_v800_phase3_seed_101/AS006_v7_4_6_gap_weaklink_scores.csv
AS006,combined_a3_7_g0_7_p0_1,"combined weak-link classes, alpha=3.7, tau=0.7, p=0.1",combined,boundary_constriction,conductance,3.7,0,0.7,0.1,0.969934640522875,0.7,0.100217864923747,6.8568471583061e-07,4.04058421055367e-07,0.129407729717795,176.802984134966,0.21428219495505,0.289458215042185,0.31374317759273,0.148478112395711,0.0473045584511469,0.222009462050577,0.307844597746041,0.331296400699739,0.139706649714785,0.0478006991388184,243.350556767257,236.091760707245,101,v7.4.6,gap_tied_weak_links_phase3_seed,/Users/asewaket/Documents/LTSpice Superconducting Circuit/matlab_v7_4_6_files/outputs/v7_4_6_as006_gap_weaklink_v800_phase3_seed_101/AS006_v7_4_6_gap_weaklink_scores.csv
AS006,boundary_sns_a3_3_g0_7_p0_3,"SNS-like boundary constriction, alpha=3.3, tau=0.7, p=0.3",boundary_lane,boundary_constriction,conductance,3.3,1,0.7,0.3,0.905228758169932,0.7,0.315904139433551,5.68803084073131e-07,3.80216273401672e-07,0.0970775405250188,164.028890763482,0.214287052138621,0.288738118243719,0.315751167311813,0.146204322574565,0.0473771964355052,0.234934323590523,0.331884975958747,0.357051436520725,0.13373058967795,0.0507833909851612,234.113629255879,224.140937604089,101,v7.4.6,gap_tied_weak_links_phase3_seed,/Users/asewaket/Documents/LTSpice Superconducting Circuit/matlab_v7_4_6_files/outputs/v7_4_6_as006_gap_weaklink_v800_phase3_seed_101/AS006_v7_4_6_gap_weaklink_scores.csv
AS006,boundary_sns_a3_7_g0_7_p0_2,"SNS-like boundary constriction, alpha=3.7, tau=0.7, p=0.2",boundary_lane,boundary_constriction,conductance,3.7,0,0.7,0.2,0.933594771241829,0.7,0.221350762527233,6.81065263624823e-07,4.16235003095284e-07,0.126200277405259,171.593305462986,0.214559324004774,0.290396932856537,0.313266751539564,0.149357528906533,0.0474859608399287,0.234855566344505,0.334539719625307,0.355278286071783,0.134508381019856,0.0498656351967796,233.161402299623,224.204065295087,101,v7.4.6,gap_tied_weak_links_phase3_seed,/Users/asewaket/Documents/LTSpice Superconducting Circuit/matlab_v7_4_6_files/outputs/v7_4_6_as006_gap_weaklink_v800_phase3_seed_101/AS006_v7_4_6_gap_weaklink_scores.csv
AS006,boundary_sns_a3_3_g0_05_p0_05,"SNS-like boundary constriction, alpha=3.3, tau=0.05, p=0.05",boundary_lane,boundary_constriction,conductance,3.3,1,0.05,0.05,0.939978213507626,0.05,0.0631808278867102,5.42235093080233e-08,3.80827426800351e-07,0.131740453535826,159.093472801799,0.214603260225708,0.288440808904097,0.31361733779629,0.150300439028867,0.04786960229485,0.253548599524156,0.367218263451479,0.38856661504047,0.138077646206599,0.0479361000902291,217.324054923145,211.485530554902,101,v7.4.6,gap_tied_weak_links_phase3_seed,/Users/asewaket/Documents/LTSpice Superconducting Circuit/matlab_v7_4_6_files/outputs/v7_4_6_as006_gap_weaklink_v800_phase3_seed_101/AS006_v7_4_6_gap_weaklink_scores.csv
AS006,combined_a3_3_g0_7_p0_1,"combined weak-link classes, alpha=3.3, tau=0.7, p=0.1",combined,boundary_constriction,conductance,3.3,1,0.7,0.1,0.969934640522875,0.7,0.100217864923747,6.11556638443517e-07,3.60376429589922e-07,0.115417704883439,176.802984134966,0.214613058411962,0.28837588016085,0.316769599154062,0.146532646570662,0.0471768051660249,0.220951166662606,0.303167401144094,0.330943048825857,0.139733994851892,0.0477706031588233,245.060029225169,237.553591113916,101,v7.4.6,gap_tied_weak_links_phase3_seed,/Users/asewaket/Documents/LTSpice Superconducting Circuit/matlab_v7_4_6_files/outputs/v7_4_6_as006_gap_weaklink_v800_phase3_seed_101/AS006_v7_4_6_gap_weaklink_scores.csv
AS006,boundary_sns_a4_1_g0_05_p0_05,"SNS-like boundary constriction, alpha=4.1, tau=0.05, p=0.05",boundary_lane,boundary_constriction,conductance,4.1,0.999999999999997,0.05,0.05,0.939978213507626,0.05,0.0631808278867102,6.73686024736047e-08,4.731492272368e-07,0.163677533180875,159.093472801799,0.214618763430494,0.291691459194731,0.311137284116617,0.152042701675769,0.0468587336589488,0.255087226713499,0.373822946022863,0.389047466178557,0.138209540591517,0.0480181959927602,217.156630284603,209.22277579311,101,v7.4.6,gap_tied_weak_links_phase3_seed,/Users/asewaket/Documents/LTSpice Superconducting Circuit/matlab_v7_4_6_files/outputs/v7_4_6_as006_gap_weaklink_v800_phase3_seed_101/AS006_v7_4_6_gap_weaklink_scores.csv
AS006,boundary_sns_a3_3_g0_1_p0_05,"SNS-like boundary constriction, alpha=3.3, tau=0.1, p=0.05",boundary_lane,boundary_constriction,conductance,3.3,1,0.1,0.05,0.943137254901961,0.1,0.0631808278867102,1.06916577376633e-07,3.75453060529033e-07,0.131740453535826,161.370792350102,0.21462811168682,0.288742501859025,0.314007357716029,0.149844025457082,0.0475801487506747,0.251624344610259,0.362962091932763,0.384688330384929,0.137319843029536,0.0503052491579839,220.675398707671,211.817747056512,101,v7.4.6,gap_tied_weak_links_phase3_seed,/Users/asewaket/Documents/LTSpice Superconducting Circuit/matlab_v7_4_6_files/outputs/v7_4_6_as006_gap_weaklink_v800_phase3_seed_101/AS006_v7_4_6_gap_weaklink_scores.csv
AS006,contact_relaxed_a3_7_g0_05_p0_1,"contact-relaxed SNS links, alpha=3.7, tau=0.05, p=0.1",contact_relaxation,contact_relaxed,conductance,3.7,0,0.05,0.1,0.904793028322441,0.05,0.100217864923747,2.19928143116184e-08,5.03499381352343e-07,0.0422032004690033,136.716955032075,0.214636573403798,0.285677840011109,0.319216375895581,0.14484257784446,0.0478231468850404,0.197671172324008,0.227620202726952,0.260713391678581,0.198663877234075,0.056157376912977,287.708202173729,273.060475131318,101,v7.4.6,gap_tied_weak_links_phase3_seed,/Users/asewaket/Documents/LTSpice Superconducting Circuit/matlab_v7_4_6_files/outputs/v7_4_6_as006_gap_weaklink_v800_phase3_seed_101/AS006_v7_4_6_gap_weaklink_scores.csv
AS006,combined_a3_3_g0_7_p0_3,"combined weak-link classes, alpha=3.3, tau=0.7, p=0.3",combined,boundary_constriction,conductance,3.3,1,0.7,0.3,0.909934640522874,0.7,0.300217864923747,5.33893444028997e-07,3.79903171368917e-07,0.0928307285466638,164.028890763482,0.214653853935132,0.288692019573863,0.317342671027109,0.145099842558115,0.047852772606712,0.221445132108402,0.303837884978305,0.331929287966335,0.138717114401092,0.0491151286212513,245.181913570773,237.163935007517,101,v7.4.6,gap_tied_weak_links_phase3_seed,/Users/asewaket/Documents/LTSpice Superconducting Circuit/matlab_v7_4_6_files/outputs/v7_4_6_as006_gap_weaklink_v800_phase3_seed_101/AS006_v7_4_6_gap_weaklink_scores.csv
AS006,crack_tunnel_a3_3_g0_7_p0_2,"tunnel/crack-like links, alpha=3.3, tau=0.7, p=0.2",tear_lane,crack_tunnel,conductance,3.3,1,0.7,0.2,0.93986928104575,0.7,0.200435729847495,5.04152937551764e-07,3.60213330052425e-07,0.0895180180761103,171.593305462986,0.214718962785433,0.288806379673779,0.318362181781608,0.144060396112324,0.0475791209951676,0.21315432447218,0.285284295475357,0.314929664411218,0.14591604671945,0.0469653557665976,252.409847532094,246.953002526115,101,v7.4.6,gap_tied_weak_links_phase3_seed,/Users/asewaket/Documents/LTSpice Superconducting Circuit/matlab_v7_4_6_files/outputs/v7_4_6_as006_gap_weaklink_v800_phase3_seed_101/AS006_v7_4_6_gap_weaklink_scores.csv
AS006,combined_a4_1_g0_7_p0_05,"combined weak-link classes, alpha=4.1, tau=0.7, p=0.05",combined,boundary_constriction,conductance,4.1,0.999999999999997,0.7,0.05,0.984967320261438,0.7,0.0501089324618736,7.8755409271542e-07,4.39908493848387e-07,0.148644194335187,180.914026190708,0.214828159626934,0.291847476488797,0.312786020866401,0.149653459473029,0.0478509607883841,0.223060107309211,0.312363919022211,0.332289539003514,0.13963143490985,0.0468906306303824,240.94609398641,236.601289224339,101,v7.4.6,gap_tied_weak_links_phase3_seed,/Users/asewaket/Documents/LTSpice Superconducting Circuit/matlab_v7_4_6_files/outputs/v7_4_6_as006_gap_weaklink_v800_phase3_seed_101/AS006_v7_4_6_gap_weaklink_scores.csv
AS006,crack_tunnel_a3_7_g0_7_p0_2,"tunnel/crack-like links, alpha=3.7, tau=0.7, p=0.2",tear_lane,crack_tunnel,conductance,3.7,0,0.7,0.2,0.93986928104575,0.7,0.200435729847495,5.65262384527736e-07,4.03875551876961e-07,0.100368686933821,171.593305462986,0.214831436828432,0.291091299487032,0.316335681837144,0.145341720285206,0.0478012910836161,0.214247782869829,0.290086509524429,0.315342081428584,0.145837685339503,0.0470066556503178,251.062277791304,245.931768429674,101,v7.4.6,gap_tied_weak_links_phase3_seed,/Users/asewaket/Documents/LTSpice Superconducting Circuit/matlab_v7_4_6_files/outputs/v7_4_6_as006_gap_weaklink_v800_phase3_seed_101/AS006_v7_4_6_gap_weaklink_scores.csv
AS006,crack_tunnel_a4_1_g0_7_p0_1,"tunnel/crack-like links, alpha=4.1, tau=0.7, p=0.1",tear_lane,crack_tunnel,conductance,4.1,0.999999999999997,0.7,0.1,0.969934640522875,0.7,0.100217864923747,7.15129148378393e-07,4.44719767128662e-07,0.135503829403622,176.802984134966,0.214898060248955,0.291939167951725,0.31315358522094,0.148966883126299,0.0483237552485327,0.22187181547547,0.309792983948507,0.33014805539183,0.140072845047354,0.0467159401839483,241.310754968658,238.565276383997,101,v7.4.6,gap_tied_weak_links_phase3_seed,/Users/asewaket/Documents/LTSpice Superconducting Circuit/matlab_v7_4_6_files/outputs/v7_4_6_as006_gap_weaklink_v800_phase3_seed_101/AS006_v7_4_6_gap_weaklink_scores.csv
AS006,boundary_sns_a4_1_g0_1_p0_05,"SNS-like boundary constriction, alpha=4.1, tau=0.1, p=0.05",boundary_lane,boundary_constriction,conductance,4.1,0.999999999999997,0.1,0.05,0.943137254901961,0.1,0.0631808278867102,1.32835747649756e-07,4.66471984293647e-07,0.163677533180875,161.370792350102,0.214919342904773,0.292583273016484,0.312000710851871,0.151239389271214,0.0469629609275885,0.253115991295819,0.369570188425033,0.385106909767325,0.137418860529648,0.0502991002991843,220.178968507298,210.323856690352,101,v7.4.6,gap_tied_weak_links_phase3_seed,/Users/asewaket/Documents/LTSpice Superconducting Circuit/matlab_v7_4_6_files/outputs/v7_4_6_as006_gap_weaklink_v800_phase3_seed_101/AS006_v7_4_6_gap_weaklink_scores.csv
AS006,crack_tunnel_a3_3_g0_7_p0_3,"tunnel/crack-like links, alpha=3.3, tau=0.7, p=0.3",tear_lane,crack_tunnel,conductance,3.3,1,0.7,0.3,0.909934640522874,0.7,0.300217864923747,4.76904952007562e-07,3.67445643890016e-07,0.0815570698037585,164.028890763482,0.214920190049303,0.289613507383624,0.319450285991921,0.142540618470087,0.047773669289419,0.212414305676029,0.283981541956304,0.313948624697838,0.145445470015049,0.0468730556838125,253.136313369578,248.211105958715,101,v7.4.6,gap_tied_weak_links_phase3_seed,/Users/asewaket/Documents/LTSpice Superconducting Circuit/matlab_v7_4_6_files/outputs/v7_4_6_as006_gap_weaklink_v800_phase3_seed_101/AS006_v7_4_6_gap_weaklink_scores.csv
AS006,crack_tunnel_a3_7_g0_7_p0_3,"tunnel/crack-like links, alpha=3.7, tau=0.7, p=0.3",tear_lane,crack_tunnel,conductance,3.7,0,0.7,0.3,0.909934640522874,0.7,0.300217864923747,5.34711612856964e-07,4.11984509816079e-07,0.0914427752345172,164.028890763482,0.214924430918618,0.291724604950702,0.317190739246236,0.143920871086982,0.0479126671027461,0.213547909519291,0.288881966435561,0.314408311637936,0.145379339109816,0.0469188619072333,251.727493361676,246.981511365501,101,v7.4.6,gap_tied_weak_links_phase3_seed,/Users/asewaket/Documents/LTSpice Superconducting Circuit/matlab_v7_4_6_files/outputs/v7_4_6_as006_gap_weaklink_v800_phase3_seed_101/AS006_v7_4_6_gap_weaklink_scores.csv
AS006,boundary_sns_a3_7_g0_05_p0_05,"SNS-like boundary constriction, alpha=3.7, tau=0.05, p=0.05",boundary_lane,boundary_constriction,conductance,3.7,0,0.05,0.05,0.939978213507626,0.05,0.0631808278867102,6.0796055890814e-08,4.26988327018576e-07,0.14770899335835,159.093472801799,0.215105101646762,0.291643645826449,0.31343525721457,0.150492315221186,0.0472547682553806,0.25443558576988,0.370980189239214,0.388860836751796,0.138160010953347,0.0479912616028587,217.679777957107,210.760131464522,101,v7.4.6,gap_tied_weak_links_phase3_seed,/Users/asewaket/Documents/LTSpice Superconducting Circuit/matlab_v7_4_6_files/outputs/v7_4_6_as006_gap_weaklink_v800_phase3_seed_101/AS006_v7_4_6_gap_weaklink_scores.csv
AS006,contact_relaxed_a3_3_g0_1_p0_1,"contact-relaxed SNS links, alpha=3.3, tau=0.1, p=0.1",contact_relaxation,contact_relaxed,conductance,3.3,1,0.1,0.1,0.909803921568628,0.1,0.100217864923747,3.74853013612542e-08,4.29090742498267e-07,0.0376406923101922,143.081798148711,0.215213734666402,0.284594910943084,0.323346042914844,0.142119320081845,0.0479690371856443,0.198477554287,0.23364962337711,0.272171533590884,0.182660521881764,0.0541123119216349,281.741538472535,268.630209057247,101,v7.4.6,gap_tied_weak_links_phase3_seed,/Users/asewaket/Documents/LTSpice Superconducting Circuit/matlab_v7_4_6_files/outputs/v7_4_6_as006_gap_weaklink_v800_phase3_seed_101/AS006_v7_4_6_gap_weaklink_scores.csv
AS006,boundary_sns_a3_3_g0_2_p0_05,"SNS-like boundary constriction, alpha=3.3, tau=0.2, p=0.05",boundary_lane,boundary_constriction,conductance,3.3,1,0.2,0.05,0.949455337690632,0.2,0.0631808278867102,2.08802374401879e-07,3.66619903285682e-07,0.131740453535826,165.258779801241,0.215281673951412,0.290481815884137,0.315811027248085,0.148482407398764,0.0476542469403222,0.247155076042906,0.35499757922224,0.377381765197821,0.135808577576548,0.0505989899254186,224.702955250679,215.586051967096,101,v7.4.6,gap_tied_weak_links_phase3_seed,/Users/asewaket/Documents/LTSpice Superconducting Circuit/matlab_v7_4_6_files/outputs/v7_4_6_as006_gap_weaklink_v800_phase3_seed_101/AS006_v7_4_6_gap_weaklink_scores.csv
AS006,boundary_sns_a3_3_g0_7_p0_2,"SNS-like boundary constriction, alpha=3.3, tau=0.7, p=0.2",boundary_lane,boundary_constriction,conductance,3.3,1,0.7,0.2,0.933594771241829,0.7,0.221350762527233,6.07436586476194e-07,3.71236624382281e-07,0.112557004172258,171.593305462986,0.215333087238477,0.29062679543023,0.317080957797972,0.146960349303999,0.0474465279857044,0.233901788282825,0.330321539315957,0.354980655272191,0.134497699572786,0.0498491309058505,235.045096401119,225.998800707556,101,v7.4.6,gap_tied_weak_links_phase3_seed,/Users/asewaket/Documents/LTSpice Superconducting Circuit/matlab_v7_4_6_files/outputs/v7_4_6_as006_gap_weaklink_v800_phase3_seed_101/AS006_v7_4_6_gap_weaklink_scores.csv
AS006,contact_relaxed_a3_3_g0_2_p0_1,"contact-relaxed SNS links, alpha=3.3, tau=0.2, p=0.1",contact_relaxation,contact_relaxed,conductance,3.3,1,0.2,0.1,0.919825708061001,0.2,0.100217864923747,7.09153334517263e-08,4.05880598265187e-07,0.0376406923101922,151.263882205831,0.215362944977151,0.286615572986904,0.322476532309879,0.142244861676359,0.0480591432611139,0.206069443010034,0.260508467671991,0.296983598650858,0.158428558527012,0.0520817515804155,266.366599893287,255.261047197037,101,v7.4.6,gap_tied_weak_links_phase3_seed,/Users/asewaket/Documents/LTSpice Superconducting Circuit/matlab_v7_4_6_files/outputs/v7_4_6_as006_gap_weaklink_v800_phase3_seed_101/AS006_v7_4_6_gap_weaklink_scores.csv
AS006,boundary_sns_a3_7_g0_1_p0_05,"SNS-like boundary constriction, alpha=3.7, tau=0.1, p=0.05",boundary_lane,boundary_constriction,conductance,3.7,0,0.1,0.05,0.943137254901961,0.1,0.0631808278867102,1.19876162513194e-07,4.2096252241134e-07,0.14770899335835,161.370792350102,0.215429185364168,0.292603804503264,0.3143794619966,0.149688324323363,0.0472676584193207,0.252491877057131,0.36675506384269,0.384950201692218,0.137385005836648,0.0503102111857742,220.990914506296,211.6313326097,101,v7.4.6,gap_tied_weak_links_phase3_seed,/Users/asewaket/Documents/LTSpice Superconducting Circuit/matlab_v7_4_6_files/outputs/v7_4_6_as006_gap_weaklink_v800_phase3_seed_101/AS006_v7_4_6_gap_weaklink_scores.csv
AS006,crack_tunnel_a3_3_g0_7_p0_1,"tunnel/crack-like links, alpha=3.3, tau=0.7, p=0.1",tear_lane,crack_tunnel,conductance,3.3,1,0.7,0.1,0.969934640522875,0.7,0.100217864923747,5.75591753572853e-07,3.57945178420631e-07,0.109064057812671,176.802984134966,0.215661949023263,0.29119651570437,0.31901812796506,0.145306888396851,0.0471978949770245,0.2201916307643,0.302224438874197,0.329611405198023,0.140168357995234,0.0467033083567188,245.273601572238,240.644442130045,101,v7.4.6,gap_tied_weak_links_phase3_seed,/Users/asewaket/Documents/LTSpice Superconducting Circuit/matlab_v7_4_6_files/outputs/v7_4_6_as006_gap_weaklink_v800_phase3_seed_101/AS006_v7_4_6_gap_weaklink_scores.csv
AS006,crack_tunnel_a3_7_g0_7_p0_1,"tunnel/crack-like links, alpha=3.7, tau=0.7, p=0.1",tear_lane,crack_tunnel,conductance,3.7,0,0.7,0.1,0.969934640522875,0.7,0.100217864923747,6.45360450975623e-07,4.01332472774646e-07,0.122283943608147,176.802984134966,0.215674968175573,0.292938704283386,0.316819184761754,0.146676401542099,0.0476570613337851,0.221190931001942,0.306666204880329,0.329960025930769,0.140109210689616,0.0467218913885155,243.629013100315,239.879889687618,101,v7.4.6,gap_tied_weak_links_phase3_seed,/Users/asewaket/Documents/LTSpice Superconducting Circuit/matlab_v7_4_6_files/outputs/v7_4_6_as006_gap_weaklink_v800_phase3_seed_101/AS006_v7_4_6_gap_weaklink_scores.csv
AS006,boundary_sns_a4_1_g0_2_p0_05,"SNS-like boundary constriction, alpha=4.1, tau=0.2, p=0.05",boundary_lane,boundary_constriction,conductance,4.1,0.999999999999997,0.2,0.05,0.949455337690632,0.2,0.0631808278867102,2.59421131832637e-07,4.55497455597362e-07,0.163677533180875,165.258779801241,0.215732548542987,0.294646753033484,0.314040513824698,0.14967975564666,0.0473453959299042,0.248656599904067,0.361688744586451,0.37780787810029,0.135881116693047,0.0505790723920682,223.986809948329,214.467885501448,101,v7.4.6,gap_tied_weak_links_phase3_seed,/Users/asewaket/Documents/LTSpice Superconducting Circuit/matlab_v7_4_6_files/outputs/v7_4_6_as006_gap_weaklink_v800_phase3_seed_101/AS006_v7_4_6_gap_weaklink_scores.csv
AS006,boundary_sns_a4_1_g0_7_p0_1,"SNS-like boundary constriction, alpha=4.1, tau=0.7, p=0.1",boundary_lane,boundary_constriction,conductance,4.1,0.999999999999997,0.7,0.1,0.962091503267973,0.7,0.12636165577342,8.14394719592655e-07,4.50354986002801e-07,0.157072722479854,176.802984134966,0.215841098815219,0.294927879887101,0.314855071129749,0.148391745743771,0.0477915575322188,0.234210119699492,0.335031544153825,0.353100744344431,0.13472163935134,0.0496907025517046,234.563844424576,226.159197529144,101,v7.4.6,gap_tied_weak_links_phase3_seed,/Users/asewaket/Documents/LTSpice Superconducting Circuit/matlab_v7_4_6_files/outputs/v7_4_6_as006_gap_weaklink_v800_phase3_seed_101/AS006_v7_4_6_gap_weaklink_scores.csv
AS006,contact_relaxed_a4_1_g0_7_p0_2,"contact-relaxed SNS links, alpha=4.1, tau=0.7, p=0.2",contact_relaxation,contact_relaxed,conductance,4.1,0.999999999999997,0.7,0.2,0.939999999999999,0.7,0.2,3.05302820860214e-07,4.48583421879066e-07,0.0516189514385513,171.593305462986,0.215928676775694,0.294448032767416,0.316972294589874,0.146226110102118,0.0477111979511256,0.220280216076309,0.303657267750818,0.325826116573931,0.142049831421941,0.0499858193489196,248.455131740377,239.241382181821,101,v7.4.6,gap_tied_weak_links_phase3_seed,/Users/asewaket/Documents/LTSpice Superconducting Circuit/matlab_v7_4_6_files/outputs/v7_4_6_as006_gap_weaklink_v800_phase3_seed_101/AS006_v7_4_6_gap_weaklink_scores.csv
AS006,contact_relaxed_a3_3_g0_05_p0_1,"contact-relaxed SNS links, alpha=3.3, tau=0.05, p=0.1",contact_relaxation,contact_relaxed,conductance,3.3,1,0.05,0.1,0.904793028322441,0.05,0.100217864923747,1.96152127644164e-08,4.49067015800738e-07,0.0376406923101922,136.716955032075,0.21615754985465,0.285829893513545,0.32559632658305,0.141905355622219,0.047782589711593,0.196707310639122,0.222695044660395,0.260299018355239,0.199373806211399,0.0561009686492971,291.662418614262,276.813896116663,101,v7.4.6,gap_tied_weak_links_phase3_seed,/Users/asewaket/Documents/LTSpice Superconducting Circuit/matlab_v7_4_6_files/outputs/v7_4_6_as006_gap_weaklink_v800_phase3_seed_101/AS006_v7_4_6_gap_weaklink_scores.csv
AS006,combined_a3_7_g0_7_p0_05,"combined weak-link classes, alpha=3.7, tau=0.7, p=0.05",combined,boundary_constriction,conductance,3.7,0,0.7,0.05,0.984967320261438,0.7,0.0501089324618736,7.10719547084647e-07,3.9699059200952e-07,0.13414232171712,180.914026190708,0.216191753351402,0.294239401110938,0.317736799243681,0.146581644012745,0.0474529119536988,0.222387386274254,0.309277158819326,0.332122101693526,0.139643979878231,0.0468911197404842,243.709752312221,238.651433678521,101,v7.4.6,gap_tied_weak_links_phase3_seed,/Users/asewaket/Documents/LTSpice Superconducting Circuit/matlab_v7_4_6_files/outputs/v7_4_6_as006_gap_weaklink_v800_phase3_seed_101/AS006_v7_4_6_gap_weaklink_scores.csv
AS006,contact_relaxed_a3_7_g0_4_p0_1,"contact-relaxed SNS links, alpha=3.7, tau=0.4, p=0.1",contact_relaxation,contact_relaxed,conductance,3.7,0,0.4,0.1,0.939869281045751,0.4,0.100217864923747,1.4767593646215e-07,4.25465614388317e-07,0.0422032004690033,162.885879842229,0.216307377714324,0.293413593001057,0.320345552132964,0.14373975252452,0.0478438886822259,0.220334412333269,0.30148344951124,0.328127836057957,0.14045520701055,0.0503958902904932,249.094286080632,239.636636056534,101,v7.4.6,gap_tied_weak_links_phase3_seed,/Users/asewaket/Documents/LTSpice Superconducting Circuit/matlab_v7_4_6_files/outputs/v7_4_6_as006_gap_weaklink_v800_phase3_seed_101/AS006_v7_4_6_gap_weaklink_scores.csv
AS006,contact_relaxed_a4_1_g0_7_p0_3,"contact-relaxed SNS links, alpha=4.1, tau=0.7, p=0.3",contact_relaxation,contact_relaxed,conductance,4.1,0.999999999999997,0.7,0.3,0.909934640522874,0.7,0.300217864923747,3.44698299876236e-07,4.56405855431861e-07,0.0548447305676866,164.028890763482,0.216309806479857,0.295564720020049,0.318477798131939,0.144637722577675,0.0478510124262514,0.214052192229939,0.288776144558255,0.311988456779259,0.148448373916329,0.0499445498323235,255.787178224587,246.624597043454,101,v7.4.6,gap_tied_weak_links_phase3_seed,/Users/asewaket/Documents/LTSpice Superconducting Circuit/matlab_v7_4_6_files/outputs/v7_4_6_as006_gap_weaklink_v800_phase3_seed_101/AS006_v7_4_6_gap_weaklink_scores.csv
AS006,boundary_sns_a3_7_g0_2_p0_05,"SNS-like boundary constriction, alpha=3.7, tau=0.2, p=0.05",boundary_lane,boundary_constriction,conductance,3.7,0,0.2,0.05,0.949455337690632,0.2,0.0631808278867102,2.34111753117258e-07,4.11058679441522e-07,0.14770899335835,165.258779801241,0.216336494453095,0.294895962910004,0.316658104057503,0.148057900799168,0.0475624512558814,0.248033113939158,0.358859710795015,0.377650838408993,0.135856284969423,0.0505965354732572,225.042965732389,215.776152774511,101,v7.4.6,gap_tied_weak_links_phase3_seed,/Users/asewaket/Documents/LTSpice Superconducting Circuit/matlab_v7_4_6_files/outputs/v7_4_6_as006_gap_weaklink_v800_phase3_seed_101/AS006_v7_4_6_gap_weaklink_scores.csv
AS006,shuffled_tau_control,"same weak-link histogram, shuffled positions",shuffled,boundary_constriction,conductance,3.7,0,0.01,0.08,0.920627450980392,0.01,0.0801742919389978,4.71591954573603e-09,4.32049570794711e-07,0.0520622656231332,159.093472801799,0.216460012554054,0.294859590087059,0.31892294659693,0.145922162183015,0.0469226134098135,0.222800506948342,0.29743867859508,0.321056256734184,0.147011834583218,0.0709506136327844,240.222942506557,254.034364264936,101,v7.4.6,gap_tied_weak_links_phase3_seed,/Users/asewaket/Documents/LTSpice Superconducting Circuit/matlab_v7_4_6_files/outputs/v7_4_6_as006_gap_weaklink_v800_phase3_seed_101/AS006_v7_4_6_gap_weaklink_scores.csv
AS006,boundary_sns_a3_3_g0_7_p0_1,"SNS-like boundary constriction, alpha=3.3, tau=0.7, p=0.1",boundary_lane,boundary_constriction,conductance,3.3,1,0.7,0.1,0.962091503267973,0.7,0.12636165577342,6.55488432842869e-07,3.62480842392499e-07,0.126424386386224,176.802984134966,0.216696141536021,0.294116120546963,0.320161817024907,0.145124370577746,0.0476759441173744,0.232616063838168,0.327915157719955,0.35264537584487,0.134679911316118,0.0496858645972177,237.284485282115,228.627684262626,101,v7.4.6,gap_tied_weak_links_phase3_seed,/Users/asewaket/Documents/LTSpice Superconducting Circuit/matlab_v7_4_6_files/outputs/v7_4_6_as006_gap_weaklink_v800_phase3_seed_101/AS006_v7_4_6_gap_weaklink_scores.csv
AS006,boundary_sns_a3_7_g0_7_p0_1,"SNS-like boundary constriction, alpha=3.7, tau=0.7, p=0.1",boundary_lane,boundary_constriction,conductance,3.7,0,0.7,0.1,0.962091503267973,0.7,0.12636165577342,7.34941576217762e-07,4.0641791419765e-07,0.141748554433039,176.802984134966,0.216759023795269,0.296048391671424,0.318425801276079,0.146222690655565,0.0477232117523271,0.23355758960267,0.332066133560082,0.352939831789394,0.134704664780229,0.0496962778465404,236.330343842851,227.755034353486,101,v7.4.6,gap_tied_weak_links_phase3_seed,/Users/asewaket/Documents/LTSpice Superconducting Circuit/matlab_v7_4_6_files/outputs/v7_4_6_as006_gap_weaklink_v800_phase3_seed_101/AS006_v7_4_6_gap_weaklink_scores.csv
AS006,combined_a3_3_g0_7_p0_05,"combined weak-link classes, alpha=3.3, tau=0.7, p=0.05",combined,boundary_constriction,conductance,3.3,1,0.7,0.05,0.984967320261438,0.7,0.0501089324618736,6.33885001453875e-07,3.54072690170653e-07,0.119640449099053,180.914026190708,0.216829920710287,0.29401429943489,0.321389426242707,0.144443256284988,0.0471497378355744,0.221393977439346,0.304858089112985,0.33180667944713,0.139668642970489,0.0468643053381575,245.897093256408,240.214684542514,101,v7.4.6,gap_tied_weak_links_phase3_seed,/Users/asewaket/Documents/LTSpice Superconducting Circuit/matlab_v7_4_6_files/outputs/v7_4_6_as006_gap_weaklink_v800_phase3_seed_101/AS006_v7_4_6_gap_weaklink_scores.csv
AS006,boundary_sns_a4_1_g0_4_p0_05,"SNS-like boundary constriction, alpha=4.1, tau=0.4, p=0.05",boundary_lane,boundary_constriction,conductance,4.1,0.999999999999997,0.4,0.05,0.962091503267973,0.4,0.0631808278867102,4.98583685816119e-07,4.54695299713252e-07,0.163677533180875,171.973616148884,0.216846012739456,0.297529431732786,0.316909700836418,0.147583619073202,0.047629131659262,0.241932315844079,0.349728759055968,0.366692878554542,0.134480163332657,0.0501200785281573,229.727474853335,220.834199052462,101,v7.4.6,gap_tied_weak_links_phase3_seed,/Users/asewaket/Documents/LTSpice Superconducting Circuit/matlab_v7_4_6_files/outputs/v7_4_6_as006_gap_weaklink_v800_phase3_seed_101/AS006_v7_4_6_gap_weaklink_scores.csv
AS006,crack_tunnel_a4_1_g0_7_p0_05,"tunnel/crack-like links, alpha=4.1, tau=0.7, p=0.05",tear_lane,crack_tunnel,conductance,4.1,0.999999999999997,0.7,0.05,0.984836601307189,0.7,0.0505446623093682,7.67058908956764e-07,4.39908493848387e-07,0.146680056801441,180.914026190708,0.216885717121589,0.297092734470343,0.317496360854878,0.14691511972435,0.0480733199861258,0.224477383151884,0.315751094526362,0.33529719632103,0.138533117724412,0.0466993305157409,240.933773288814,238.21457252509,101,v7.4.6,gap_tied_weak_links_phase3_seed,/Users/asewaket/Documents/LTSpice Superconducting Circuit/matlab_v7_4_6_files/outputs/v7_4_6_as006_gap_weaklink_v800_phase3_seed_101/AS006_v7_4_6_gap_weaklink_scores.csv
AS006,contact_relaxed_a4_1_g0_2_p0_05,"contact-relaxed SNS links, alpha=4.1, tau=0.2, p=0.05",contact_relaxation,contact_relaxed,conductance,4.1,0.999999999999997,0.2,0.05,0.959564270152505,0.2,0.0505446623093682,7.62586158048086e-08,4.72263582105746e-07,0.0436106880672633,165.258779801241,0.217117137802059,0.297701811221789,0.319536415191513,0.144460334118215,0.0481197335555894,0.225790042117274,0.314808796777584,0.336007243322921,0.13805373697156,0.0535615667792246,246.03549216901,234.629278605621,101,v7.4.6,gap_tied_weak_links_phase3_seed,/Users/asewaket/Documents/LTSpice Superconducting Circuit/matlab_v7_4_6_files/outputs/v7_4_6_as006_gap_weaklink_v800_phase3_seed_101/AS006_v7_4_6_gap_weaklink_scores.csv
AS006,boundary_sns_a3_3_g0_4_p0_05,"SNS-like boundary constriction, alpha=3.3, tau=0.4, p=0.05",boundary_lane,boundary_constriction,conductance,3.3,1,0.4,0.05,0.962091503267973,0.4,0.0631808278867102,4.01299064193462e-07,3.65974265622862e-07,0.131740453535826,171.973616148884,0.217131512965407,0.295156964245853,0.32051638457529,0.145413708628591,0.0478297917886849,0.240400045593172,0.342868764599198,0.366263386807516,0.13442798360525,0.0501355569469472,231.392752950496,222.694885768704,101,v7.4.6,gap_tied_weak_links_phase3_seed,/Users/asewaket/Documents/LTSpice Superconducting Circuit/matlab_v7_4_6_files/outputs/v7_4_6_as006_gap_weaklink_v800_phase3_seed_101/AS006_v7_4_6_gap_weaklink_scores.csv
AS006,contact_relaxed_a4_1_g0_7_p0_1,"contact-relaxed SNS links, alpha=4.1, tau=0.7, p=0.1",contact_relaxation,contact_relaxed,conductance,4.1,0.999999999999997,0.7,0.1,0.969934640522875,0.7,0.100217864923747,2.63829747644746e-07,4.41059462405152e-07,0.0467657086278145,176.802984134966,0.217361770239693,0.298763702686776,0.319430563681961,0.144858030806953,0.047969123559565,0.229446801972013,0.325004402202564,0.344601382714362,0.1357337804403,0.0495099623569947,240.387149404773,232.22514693277,101,v7.4.6,gap_tied_weak_links_phase3_seed,/Users/asewaket/Documents/LTSpice Superconducting Circuit/matlab_v7_4_6_files/outputs/v7_4_6_as006_gap_weaklink_v800_phase3_seed_101/AS006_v7_4_6_gap_weaklink_scores.csv
AS006,contact_relaxed_a4_1_g0_4_p0_05,"contact-relaxed SNS links, alpha=4.1, tau=0.4, p=0.05",contact_relaxation,contact_relaxed,conductance,4.1,0.999999999999997,0.4,0.05,0.969673202614379,0.4,0.0505446623093682,1.46562084108575e-07,4.54652799525964e-07,0.0436106880672633,171.973616148884,0.217384136711244,0.298833719509673,0.319586129402328,0.144650066653424,0.0479986542756913,0.231271447081962,0.327867454213412,0.347460681398843,0.135213886156452,0.0514162310528561,239.998472254489,230.209989495891,101,v7.4.6,gap_tied_weak_links_phase3_seed,/Users/asewaket/Documents/LTSpice Superconducting Circuit/matlab_v7_4_6_files/outputs/v7_4_6_as006_gap_weaklink_v800_phase3_seed_101/AS006_v7_4_6_gap_weaklink_scores.csv
AS006,crack_tunnel_a3_3_g0_7_p0_05,"tunnel/crack-like links, alpha=3.3, tau=0.7, p=0.05",tear_lane,crack_tunnel,conductance,3.3,1,0.7,0.05,0.984836601307189,0.7,0.0505446623093682,6.1738887794081e-07,3.54072690170653e-07,0.118059557913355,180.914026190708,0.217617907465644,0.296188909245986,0.323060791960485,0.143649965478,0.0469817853038856,0.222847196060649,0.308377641822452,0.334807575079876,0.138574096262792,0.0467274617625212,244.906217316089,239.944045272057,101,v7.4.6,gap_tied_weak_links_phase3_seed,/Users/asewaket/Documents/LTSpice Superconducting Circuit/matlab_v7_4_6_files/outputs/v7_4_6_as006_gap_weaklink_v800_phase3_seed_101/AS006_v7_4_6_gap_weaklink_scores.csv
AS006,contact_relaxed_a3_7_g0_7_p0_2,"contact-relaxed SNS links, alpha=3.7, tau=0.7, p=0.2",contact_relaxation,contact_relaxed,conductance,3.7,0,0.7,0.2,0.939999999999999,0.7,0.2,2.75517179800681e-07,4.04819185598181e-07,0.0465829561762536,171.593305462986,0.217631926359545,0.297046017288828,0.322584214389232,0.143247061475139,0.0475324124838188,0.219499465003127,0.300113645221396,0.325581820060383,0.14209398816647,0.0499980094804807,251.452723544785,241.81523745586,101,v7.4.6,gap_tied_weak_links_phase3_seed,/Users/asewaket/Documents/LTSpice Superconducting Circuit/matlab_v7_4_6_files/outputs/v7_4_6_as006_gap_weaklink_v800_phase3_seed_101/AS006_v7_4_6_gap_weaklink_scores.csv
AS006,contact_relaxed_a3_7_g0_7_p0_3,"contact-relaxed SNS links, alpha=3.7, tau=0.7, p=0.3",contact_relaxation,contact_relaxed,conductance,3.7,0,0.7,0.3,0.909934640522874,0.7,0.300217864923747,3.11069197449286e-07,4.11878454901923e-07,0.0494940251464489,164.028890763482,0.217744636306438,0.297250697360649,0.323602860135048,0.142012379190751,0.0476520049467657,0.213195673616889,0.284914819612584,0.311703365910544,0.148502941360816,0.0499539814273891,258.646755346127,249.058280188509,101,v7.4.6,gap_tied_weak_links_phase3_seed,/Users/asewaket/Documents/LTSpice Superconducting Circuit/matlab_v7_4_6_files/outputs/v7_4_6_as006_gap_weaklink_v800_phase3_seed_101/AS006_v7_4_6_gap_weaklink_scores.csv
AS006,contact_relaxed_a4_1_g0_1_p0_05,"contact-relaxed SNS links, alpha=4.1, tau=0.1, p=0.05",contact_relaxation,contact_relaxed,conductance,4.1,0.999999999999997,0.1,0.05,0.954509803921569,0.1,0.0505446623093682,3.90479764451202e-08,4.83642065498661e-07,0.0436106880672633,161.370792350102,0.217755259350029,0.298829443518648,0.321094947055339,0.143581841912068,0.0485533934945708,0.22076995894957,0.302372771960027,0.324569626624751,0.142526316456173,0.0553222806242921,252.556933797187,240.335462135696,101,v7.4.6,gap_tied_weak_links_phase3_seed,/Users/asewaket/Documents/LTSpice Superconducting Circuit/matlab_v7_4_6_files/outputs/v7_4_6_as006_gap_weaklink_v800_phase3_seed_101/AS006_v7_4_6_gap_weaklink_scores.csv
AS006,crack_tunnel_a3_7_g0_7_p0_05,"tunnel/crack-like links, alpha=3.7, tau=0.7, p=0.05",tear_lane,crack_tunnel,conductance,3.7,0,0.7,0.05,0.984836601307189,0.7,0.0505446623093682,6.92223893448787e-07,3.9699059200952e-07,0.132369807357398,180.914026190708,0.217784227586218,0.298332210586349,0.321336599631233,0.14468500434695,0.0473936225563987,0.223815194223393,0.312700978381147,0.335127431362912,0.138547319699415,0.0467178382264534,243.408287685267,239.511543097696,101,v7.4.6,gap_tied_weak_links_phase3_seed,/Users/asewaket/Documents/LTSpice Superconducting Circuit/matlab_v7_4_6_files/outputs/v7_4_6_as006_gap_weaklink_v800_phase3_seed_101/AS006_v7_4_6_gap_weaklink_scores.csv
AS006,boundary_sns_a3_7_g0_4_p0_05,"SNS-like boundary constriction, alpha=3.7, tau=0.4, p=0.05",boundary_lane,boundary_constriction,conductance,3.7,0,0.4,0.05,0.962091503267973,0.4,0.0631808278867102,4.49941375004791e-07,4.10334782668057e-07,0.14770899335835,171.973616148884,0.217843896685267,0.298750589862943,0.320500204858803,0.145513132367884,0.0477021196006316,0.241301071247418,0.346850303377174,0.366539292040575,0.134460431285191,0.0501357526824192,231.366585996151,222.486813448623,101,v7.4.6,gap_tied_weak_links_phase3_seed,/Users/asewaket/Documents/LTSpice Superconducting Circuit/matlab_v7_4_6_files/outputs/v7_4_6_as006_gap_weaklink_v800_phase3_seed_101/AS006_v7_4_6_gap_weaklink_scores.csv
AS006,contact_relaxed_a4_1_g0_05_p0_05,"contact-relaxed SNS links, alpha=4.1, tau=0.05, p=0.05",contact_relaxation,contact_relaxed,conductance,4.1,0.999999999999997,0.05,0.05,0.9519825708061,0.05,0.0505446623093682,1.98034614105988e-08,4.90565086982476e-07,0.0436106880672633,159.093472801799,0.217934991139931,0.29941550621691,0.321628568903677,0.143326641027874,0.0482511526164676,0.21776805046028,0.294530563302919,0.316990728280843,0.146547297380091,0.0563917927818917,257.067762791195,243.710320801006,101,v7.4.6,gap_tied_weak_links_phase3_seed,/Users/asewaket/Documents/LTSpice Superconducting Circuit/matlab_v7_4_6_files/outputs/v7_4_6_as006_gap_weaklink_v800_phase3_seed_101/AS006_v7_4_6_gap_weaklink_scores.csv
AS006,boundary_sns_a4_1_g0_7_p0_05,"SNS-like boundary constriction, alpha=4.1, tau=0.7, p=0.05",boundary_lane,boundary_constriction,conductance,4.1,0.999999999999997,0.7,0.05,0.981045751633987,0.7,0.0631808278867102,8.29403181798861e-07,4.410748062272e-07,0.163677533180875,180.914026190708,0.217953963574772,0.300460696015085,0.319814461880382,0.145503047425496,0.0477550042862384,0.234823278750709,0.336444634140779,0.354261537915308,0.134500222334413,0.0495887903429615,236.287086152737,227.865177358202,101,v7.4.6,gap_tied_weak_links_phase3_seed,/Users/asewaket/Documents/LTSpice Superconducting Circuit/matlab_v7_4_6_files/outputs/v7_4_6_as006_gap_weaklink_v800_phase3_seed_101/AS006_v7_4_6_gap_weaklink_scores.csv
AS006,contact_relaxed_a3_3_g0_4_p0_1,"contact-relaxed SNS links, alpha=3.3, tau=0.4, p=0.1",contact_relaxation,contact_relaxed,conductance,3.3,1,0.4,0.1,0.939869281045751,0.4,0.100217864923747,1.31710970358134e-07,3.79469331751742e-07,0.0376406923101922,162.885879842229,0.217964099673309,0.295366535618138,0.326101980683298,0.140880691996917,0.0476746315564891,0.219241459602584,0.2968620682892,0.327584647410485,0.140526722822816,0.0504136932268516,252.303811802164,242.416061929696,101,v7.4.6,gap_tied_weak_links_phase3_seed,/Users/asewaket/Documents/LTSpice Superconducting Circuit/matlab_v7_4_6_files/outputs/v7_4_6_as006_gap_weaklink_v800_phase3_seed_101/AS006_v7_4_6_gap_weaklink_scores.csv
AS006,bulk_AB_reference,"bulk AB reference: no weak-link mask",none,bulk_sns,conductance,3.7,0,NaN,0,1,NaN,0,NaN,4.53622296112429e-07,NaN,159.093472801799,0.21838319761594,0.301962897910369,0.320646620802396,0.144665408302414,0.0479897433871219,0.28448302259351,0.418960644644922,0.432721167119677,0.157751375809191,0.0490032061017028,202.478623774802,195.900899602387,101,v7.4.6,gap_tied_weak_links_phase3_seed,/Users/asewaket/Documents/LTSpice Superconducting Circuit/matlab_v7_4_6_files/outputs/v7_4_6_as006_gap_weaklink_v800_phase3_seed_101/AS006_v7_4_6_gap_weaklink_scores.csv
AS006,contact_relaxed_a3_3_g0_7_p0_3,"contact-relaxed SNS links, alpha=3.3, tau=0.7, p=0.3",contact_relaxation,contact_relaxed,conductance,3.3,1,0.7,0.3,0.909934640522874,0.7,0.300217864923747,2.77440095022336e-07,3.67351054371986e-07,0.0441433197252112,164.028890763482,0.21844081049227,0.296324284638081,0.32743416421341,0.140217402991127,0.047598226710894,0.212040362189422,0.279725825176762,0.311301935011291,0.14858121352672,0.0499710825921864,260.834269508723,251.0437283068,101,v7.4.6,gap_tied_weak_links_phase3_seed,/Users/asewaket/Documents/LTSpice Superconducting Circuit/matlab_v7_4_6_files/outputs/v7_4_6_as006_gap_weaklink_v800_phase3_seed_101/AS006_v7_4_6_gap_weaklink_scores.csv
AS006,uniform_tau_control,"same mean weak transparency, spatially uniform",uniform,boundary_constriction,conductance,3.7,0,0.01,0.08,0.920627450980405,0.920627450980392,1,4.17617138177858e-07,4.17617138177858e-07,0.0502176639272416,159.093472801799,0.218709396823822,0.303125647645675,0.322981397532597,0.142056552422778,0.0476332002629186,0.256749960976019,0.374464579247954,0.391829850743067,0.139670161418036,0.048995285059231,221.058686094857,213.523527178185,101,v7.4.6,gap_tied_weak_links_phase3_seed,/Users/asewaket/Documents/LTSpice Superconducting Circuit/matlab_v7_4_6_files/outputs/v7_4_6_as006_gap_weaklink_v800_phase3_seed_101/AS006_v7_4_6_gap_weaklink_scores.csv
AS006,contact_relaxed_a4_1_g0_7_p0_05,"contact-relaxed SNS links, alpha=4.1, tau=0.7, p=0.05",contact_relaxation,contact_relaxed,conductance,4.1,0.999999999999997,0.7,0.05,0.984836601307189,0.7,0.0505446623093682,2.4380873732711e-07,4.34614073810233e-07,0.0436106880672633,180.914026190708,0.21872566325087,0.30248292449117,0.322097189272363,0.143670884429274,0.0478867049999521,0.232484109531553,0.331519878599225,0.350004678915935,0.134812805509922,0.0498764740682521,239.364066278974,230.774499369337,101,v7.4.6,gap_tied_weak_links_phase3_seed,/Users/asewaket/Documents/LTSpice Superconducting Circuit/matlab_v7_4_6_files/outputs/v7_4_6_as006_gap_weaklink_v800_phase3_seed_101/AS006_v7_4_6_gap_weaklink_scores.csv
AS006,contact_relaxed_a3_3_g0_7_p0_2,"contact-relaxed SNS links, alpha=3.3, tau=0.7, p=0.2",contact_relaxation,contact_relaxed,conductance,3.3,1,0.7,0.2,0.939999999999999,0.7,0.2,2.45731538741148e-07,3.61054949317297e-07,0.0415469609139559,171.593305462986,0.218787131916762,0.297550483085663,0.327212018853695,0.141049320648488,0.0474524926935737,0.21845228491935,0.295444800037653,0.325211062382648,0.14214880925317,0.050011253822999,253.979144274925,244.076138402324,101,v7.4.6,gap_tied_weak_links_phase3_seed,/Users/asewaket/Documents/LTSpice Superconducting Circuit/matlab_v7_4_6_files/outputs/v7_4_6_as006_gap_weaklink_v800_phase3_seed_101/AS006_v7_4_6_gap_weaklink_scores.csv
AS006,contact_relaxed_a3_7_g0_1_p0_05,"contact-relaxed SNS links, alpha=3.7, tau=0.1, p=0.05",contact_relaxation,contact_relaxed,conductance,3.7,0,0.1,0.05,0.954509803921569,0.1,0.0505446623093682,3.52384177675475e-08,4.36457473742694e-07,0.0393559867924083,161.370792350102,0.218906549619278,0.300409680471234,0.325575985110051,0.141261533542945,0.0477881767538848,0.219999872149273,0.299001675493018,0.324281497987956,0.142566505061666,0.0552969324473426,255.431775210524,242.070653534967,101,v7.4.6,gap_tied_weak_links_phase3_seed,/Users/asewaket/Documents/LTSpice Superconducting Circuit/matlab_v7_4_6_files/outputs/v7_4_6_as006_gap_weaklink_v800_phase3_seed_101/AS006_v7_4_6_gap_weaklink_scores.csv
AS006,contact_relaxed_a3_7_g0_2_p0_05,"contact-relaxed SNS links, alpha=3.7, tau=0.2, p=0.05",contact_relaxation,contact_relaxed,conductance,3.7,0,0.2,0.05,0.959564270152505,0.2,0.0505446623093682,6.88187508482419e-08,4.26189086290551e-07,0.0393559867924083,165.258779801241,0.219123325244507,0.301132325913255,0.325606303843879,0.141393117380079,0.0479318718573924,0.225041758365728,0.311543611620468,0.335709216255247,0.138091921245618,0.0535591502044651,249.220978316507,237.410387501992,101,v7.4.6,gap_tied_weak_links_phase3_seed,/Users/asewaket/Documents/LTSpice Superconducting Circuit/matlab_v7_4_6_files/outputs/v7_4_6_as006_gap_weaklink_v800_phase3_seed_101/AS006_v7_4_6_gap_weaklink_scores.csv
AS006,contact_relaxed_a3_7_g0_05_p0_05,"contact-relaxed SNS links, alpha=3.7, tau=0.05, p=0.05",contact_relaxation,contact_relaxed,conductance,3.7,0,0.05,0.05,0.9519825708061,0.05,0.0505446623093682,1.78714163949306e-08,4.42705078496381e-07,0.0393559867924083,159.093472801799,0.219314896675231,0.301335074308127,0.326524399687961,0.1408774807468,0.0477248586805991,0.217032569144656,0.291224676712084,0.316757264803605,0.146596937596306,0.0563667836095027,260.023320220278,245.795513943731,101,v7.4.6,gap_tied_weak_links_phase3_seed,/Users/asewaket/Documents/LTSpice Superconducting Circuit/matlab_v7_4_6_files/outputs/v7_4_6_as006_gap_weaklink_v800_phase3_seed_101/AS006_v7_4_6_gap_weaklink_scores.csv
AS006,contact_relaxed_a3_7_g0_4_p0_05,"contact-relaxed SNS links, alpha=3.7, tau=0.4, p=0.05",contact_relaxation,contact_relaxed,conductance,3.7,0,0.4,0.05,0.969673202614379,0.4,0.0505446623093682,1.32263344195544e-07,4.10296428840504e-07,0.0393559867924083,171.973616148884,0.219610628422132,0.303133149435904,0.326102977385763,0.141371067602734,0.0475259477462519,0.230616347913644,0.324968646527495,0.347211941382771,0.135245784523333,0.0514349649667085,243.540533272306,232.882128243314,101,v7.4.6,gap_tied_weak_links_phase3_seed,/Users/asewaket/Documents/LTSpice Superconducting Circuit/matlab_v7_4_6_files/outputs/v7_4_6_as006_gap_weaklink_v800_phase3_seed_101/AS006_v7_4_6_gap_weaklink_scores.csv
AS006,boundary_sns_a3_7_g0_7_p0_05,"SNS-like boundary constriction, alpha=3.7, tau=0.7, p=0.05",boundary_lane,boundary_constriction,conductance,3.7,0,0.7,0.05,0.981045751633987,0.7,0.0631808278867102,7.48485798208728e-07,3.98043117814791e-07,0.14770899335835,180.914026190708,0.219734853499673,0.303529628585687,0.325230607878829,0.142666944548259,0.0476573944394015,0.234187506496956,0.333531462276699,0.354113231941137,0.134484514867213,0.049602270727077,238.944811801639,230.256346712189,101,v7.4.6,gap_tied_weak_links_phase3_seed,/Users/asewaket/Documents/LTSpice Superconducting Circuit/matlab_v7_4_6_files/outputs/v7_4_6_as006_gap_weaklink_v800_phase3_seed_101/AS006_v7_4_6_gap_weaklink_scores.csv
AS006,contact_relaxed_a3_7_g0_7_p0_1,"contact-relaxed SNS links, alpha=3.7, tau=0.7, p=0.1",contact_relaxation,contact_relaxed,conductance,3.7,0,0.7,0.1,0.969934640522875,0.7,0.100217864923747,2.38090260069649e-07,3.98029270950991e-07,0.0422032004690033,176.802984134966,0.219875954371029,0.30359774028995,0.326552676143458,0.14130780272947,0.047680094902304,0.22877010932935,0.322021610440786,0.344355671919541,0.135745433156873,0.0495247189006771,244.070663019079,235.335302817696,101,v7.4.6,gap_tied_weak_links_phase3_seed,/Users/asewaket/Documents/LTSpice Superconducting Circuit/matlab_v7_4_6_files/outputs/v7_4_6_as006_gap_weaklink_v800_phase3_seed_101/AS006_v7_4_6_gap_weaklink_scores.csv
AS006,boundary_sns_a3_3_g0_7_p0_05,"SNS-like boundary constriction, alpha=3.3, tau=0.7, p=0.05",boundary_lane,boundary_constriction,conductance,3.3,1,0.7,0.05,0.981045751633987,0.7,0.0631808278867102,6.67568414618595e-07,3.55011429402381e-07,0.131740453535826,180.914026190708,0.219999724789047,0.302302415622052,0.327598002557035,0.141463755896436,0.047570008977827,0.233269699316972,0.329456015094027,0.353836110340559,0.134464028021842,0.0495992533675497,240.238297937496,231.370880455564,101,v7.4.6,gap_tied_weak_links_phase3_seed,/Users/asewaket/Documents/LTSpice Superconducting Circuit/matlab_v7_4_6_files/outputs/v7_4_6_as006_gap_weaklink_v800_phase3_seed_101/AS006_v7_4_6_gap_weaklink_scores.csv
AS006,contact_relaxed_a3_3_g0_1_p0_05,"contact-relaxed SNS links, alpha=3.3, tau=0.1, p=0.05",contact_relaxation,contact_relaxed,conductance,3.3,1,0.1,0.05,0.954509803921569,0.1,0.0505446623093682,3.14288590899748e-08,3.89272881986727e-07,0.0351012855175534,161.370792350102,0.220161145148149,0.301369032737748,0.330389299050377,0.139087544656402,0.0473959888443331,0.219003340077556,0.294651037857674,0.32389635777956,0.142621374594907,0.0552703181722413,258.367630226635,244.185352280405,101,v7.4.6,gap_tied_weak_links_phase3_seed,/Users/asewaket/Documents/LTSpice Superconducting Circuit/matlab_v7_4_6_files/outputs/v7_4_6_as006_gap_weaklink_v800_phase3_seed_101/AS006_v7_4_6_gap_weaklink_scores.csv
AS006,contact_relaxed_a3_3_g0_2_p0_05,"contact-relaxed SNS links, alpha=3.3, tau=0.2, p=0.05",contact_relaxation,contact_relaxed,conductance,3.3,1,0.2,0.05,0.959564270152505,0.2,0.0505446623093682,6.13788858916752e-08,3.80114590475356e-07,0.0351012855175534,165.258779801241,0.220329538457182,0.302000699973588,0.330208801687764,0.139332001400125,0.0476165876085803,0.224049055891457,0.307213206200133,0.335319994487054,0.138130278350176,0.053559234967086,251.90183865457,239.451644628522,101,v7.4.6,gap_tied_weak_links_phase3_seed,/Users/asewaket/Documents/LTSpice Superconducting Circuit/matlab_v7_4_6_files/outputs/v7_4_6_as006_gap_weaklink_v800_phase3_seed_101/AS006_v7_4_6_gap_weaklink_scores.csv
AS006,contact_relaxed_a3_3_g0_05_p0_05,"contact-relaxed SNS links, alpha=3.3, tau=0.05, p=0.05",contact_relaxation,contact_relaxed,conductance,3.3,1,0.05,0.05,0.9519825708061,0.05,0.0505446623093682,1.59393713792625e-08,3.94845070010286e-07,0.0351012855175534,159.093472801799,0.220708181617514,0.302478047003275,0.331667748563321,0.138643115303123,0.0473404069695774,0.21607748092008,0.286926136601898,0.316451228532472,0.146660336417191,0.0563461975451866,263.142828486684,248.078939014094,101,v7.4.6,gap_tied_weak_links_phase3_seed,/Users/asewaket/Documents/LTSpice Superconducting Circuit/matlab_v7_4_6_files/outputs/v7_4_6_as006_gap_weaklink_v800_phase3_seed_101/AS006_v7_4_6_gap_weaklink_scores.csv
AS006,contact_relaxed_a3_3_g0_4_p0_05,"contact-relaxed SNS links, alpha=3.3, tau=0.4, p=0.05",contact_relaxation,contact_relaxed,conductance,3.3,1,0.4,0.05,0.969673202614379,0.4,0.0505446623093682,1.17964604282512e-07,3.65940058155044e-07,0.0351012855175534,171.973616148884,0.22098285427622,0.304515680976245,0.330826095555353,0.139316576919958,0.0473072020330413,0.229715808922315,0.321011158957121,0.346863453171741,0.135277875391188,0.0514594983649237,246.167056118281,234.945959938947,101,v7.4.6,gap_tied_weak_links_phase3_seed,/Users/asewaket/Documents/LTSpice Superconducting Circuit/matlab_v7_4_6_files/outputs/v7_4_6_as006_gap_weaklink_v800_phase3_seed_101/AS006_v7_4_6_gap_weaklink_scores.csv
AS006,contact_relaxed_a3_7_g0_7_p0_05,"contact-relaxed SNS links, alpha=3.7, tau=0.7, p=0.05",contact_relaxation,contact_relaxed,conductance,3.7,0,0.7,0.05,0.984836601307189,0.7,0.0505446623093682,2.20022519051295e-07,3.92212700755577e-07,0.0393559867924083,180.914026190708,0.221176335695473,0.307122132994299,0.328865185540833,0.140492117544063,0.0476303238565269,0.231875537365637,0.328762857223883,0.349814928084756,0.134832013663126,0.0498986883770744,242.823301890104,233.694066103299,101,v7.4.6,gap_tied_weak_links_phase3_seed,/Users/asewaket/Documents/LTSpice Superconducting Circuit/matlab_v7_4_6_files/outputs/v7_4_6_as006_gap_weaklink_v800_phase3_seed_101/AS006_v7_4_6_gap_weaklink_scores.csv
AS006,contact_relaxed_a3_3_g0_7_p0_1,"contact-relaxed SNS links, alpha=3.3, tau=0.7, p=0.1",contact_relaxation,contact_relaxed,conductance,3.3,1,0.7,0.1,0.969934640522875,0.7,0.100217864923747,2.12350772494552e-07,3.5499907949683e-07,0.0376406923101922,176.802984134966,0.221346819086701,0.305149173121291,0.331520673023309,0.13916608636265,0.0474661365681144,0.227844914726747,0.317985559459963,0.344002277253741,0.135752987584893,0.0495437944986088,246.793183364703,237.562009159354,101,v7.4.6,gap_tied_weak_links_phase3_seed,/Users/asewaket/Documents/LTSpice Superconducting Circuit/matlab_v7_4_6_files/outputs/v7_4_6_as006_gap_weaklink_v800_phase3_seed_101/AS006_v7_4_6_gap_weaklink_scores.csv
AS006,contact_relaxed_a3_3_g0_7_p0_05,"contact-relaxed SNS links, alpha=3.3, tau=0.7, p=0.05",contact_relaxation,contact_relaxed,conductance,3.3,1,0.7,0.05,0.984836601307189,0.7,0.0505446623093682,1.96236300775479e-07,3.4981132770092e-07,0.0351012855175534,180.914026190708,0.222493689133263,0.308272232009137,0.333400867343368,0.13865647721048,0.0474240992931843,0.231002991729956,0.324842506922492,0.349536050291184,0.134848800901936,0.0499233625902951,245.294790858663,235.674184615747,101,v7.4.6,gap_tied_weak_links_phase3_seed,/Users/asewaket/Documents/LTSpice Superconducting Circuit/matlab_v7_4_6_files/outputs/v7_4_6_as006_gap_weaklink_v800_phase3_seed_101/AS006_v7_4_6_gap_weaklink_scores.csv
AS006,crack_tunnel_a3_3_g0_05_p0_3,"tunnel/crack-like links, alpha=3.3, tau=0.05, p=0.3",tear_lane,crack_tunnel,shape,3.3,1,0.05,0.3,0.714793028322442,0.05,0.300217864923747,6.30537288748265e-08,4.68737397623447e-07,0.0815570698037585,88.6162502919939,0.188576564312185,0.203375911513635,0.262104879380486,0.180167975977488,0.0556134011595807,0.229209665874923,0.203661947497491,0.237481832540439,0.259214096590283,0.202775554193504,244.91322316029,309.831304745516,101,v7.4.6,gap_tied_weak_links_phase3_seed,/Users/asewaket/Documents/LTSpice Superconducting Circuit/matlab_v7_4_6_files/outputs/v7_4_6_as006_gap_weaklink_v800_phase3_seed_101/AS006_v7_4_6_gap_weaklink_scores.csv
AS006,crack_tunnel_a3_3_g0_1_p0_3,"tunnel/crack-like links, alpha=3.3, tau=0.1, p=0.3",tear_lane,crack_tunnel,shape,3.3,1,0.1,0.3,0.72980392156863,0.1,0.300217864923747,1.17019368565224e-07,4.34957260035267e-07,0.0815570698037585,95.4984647127151,0.190297028531978,0.210219484137007,0.262533465601661,0.182630036705735,0.0535445478378097,0.204663223136494,0.202407890625998,0.248242468932901,0.211564305584184,0.122028522443667,240.465978844822,277.331467880308,101,v7.4.6,gap_tied_weak_links_phase3_seed,/Users/asewaket/Documents/LTSpice Superconducting Circuit/matlab_v7_4_6_files/outputs/v7_4_6_as006_gap_weaklink_v800_phase3_seed_101/AS006_v7_4_6_gap_weaklink_scores.csv
AS006,crack_tunnel_a3_7_g0_05_p0_3,"tunnel/crack-like links, alpha=3.7, tau=0.05, p=0.3",tear_lane,crack_tunnel,shape,3.7,0,0.05,0.3,0.714793028322442,0.05,0.300217864923747,7.06966051020781e-08,5.25554051880834e-07,0.0914427752345172,88.6162502919939,0.191606476059796,0.216132209891333,0.265894821429176,0.176897498226146,0.0554623601239067,0.229854922573188,0.208220139852222,0.238141946345992,0.25819890648778,0.201557433798509,246.279861443198,311.146777233257,101,v7.4.6,gap_tied_weak_links_phase3_seed,/Users/asewaket/Documents/LTSpice Superconducting Circuit/matlab_v7_4_6_files/outputs/v7_4_6_as006_gap_weaklink_v800_phase3_seed_101/AS006_v7_4_6_gap_weaklink_scores.csv
AS006,anisotropic_gap_control,"anisotropic weak-link transparency",anisotropic,anisotropic,shape,3.7,0,0.01,0.08,0.920627450980392,0.01,0.0801742919389978,1.41753091071199e-08,5.220263163228e-07,0.127069027905173,127.407256411599,0.191957584404871,0.218158647338988,0.260056804686115,0.190815860625498,0.0480100407027912,0.197684934973304,0.240587226548093,0.280320951332412,0.168637500836235,0.0464789074414148,239.234373983063,236.286187060894,101,v7.4.6,gap_tied_weak_links_phase3_seed,/Users/asewaket/Documents/LTSpice Superconducting Circuit/matlab_v7_4_6_files/outputs/v7_4_6_as006_gap_weaklink_v800_phase3_seed_101/AS006_v7_4_6_gap_weaklink_scores.csv
AS006,crack_tunnel_a3_7_g0_1_p0_3,"tunnel/crack-like links, alpha=3.7, tau=0.1, p=0.3",tear_lane,crack_tunnel,shape,3.7,0,0.1,0.3,0.72980392156863,0.1,0.300217864923747,1.31203534451918e-07,4.87679352160754e-07,0.0914427752345172,95.4984647127151,0.192685260228882,0.220125515379263,0.263836432347464,0.181821451069676,0.0543102153199885,0.206256997496498,0.210365090400378,0.248919863911899,0.211033974588247,0.121517667000982,240.487739021417,277.760978196892,101,v7.4.6,gap_tied_weak_links_phase3_seed,/Users/asewaket/Documents/LTSpice Superconducting Circuit/matlab_v7_4_6_files/outputs/v7_4_6_as006_gap_weaklink_v800_phase3_seed_101/AS006_v7_4_6_gap_weaklink_scores.csv
AS006,combined_a3_3_g0_1_p0_2,"combined weak-link classes, alpha=3.3, tau=0.1, p=0.2",combined,boundary_constriction,shape,3.3,1,0.1,0.2,0.820000000000001,0.1,0.2,1.2206319723592e-07,4.25251024649353e-07,0.110260135009435,121.848959064593,0.192756697304983,0.218846413115172,0.267334315134396,0.182202905872762,0.0493483895835948,0.200833484237687,0.244688150714685,0.291485025341286,0.158742678020058,0.0509521286014243,240.005890773784,232.299199683182,101,v7.4.6,gap_tied_weak_links_phase3_seed,/Users/asewaket/Documents/LTSpice Superconducting Circuit/matlab_v7_4_6_files/outputs/v7_4_6_as006_gap_weaklink_v800_phase3_seed_101/AS006_v7_4_6_gap_weaklink_scores.csv
AS006,combined_a3_3_g0_05_p0_1,"combined weak-link classes, alpha=3.3, tau=0.05, p=0.1",combined,boundary_constriction,shape,3.3,1,0.05,0.1,0.904793028322441,0.05,0.100217864923747,5.64905577674252e-08,4.23483331932588e-07,0.115417704883439,136.716955032075,0.192816959084076,0.219022962347214,0.265582761241938,0.185582455992041,0.0483139309097259,0.207168020236843,0.254922835110619,0.298748806755538,0.155560399609705,0.0636563547392744,240.061645583185,224.188950286742,101,v7.4.6,gap_tied_weak_links_phase3_seed,/Users/asewaket/Documents/LTSpice Superconducting Circuit/matlab_v7_4_6_files/outputs/v7_4_6_as006_gap_weaklink_v800_phase3_seed_101/AS006_v7_4_6_gap_weaklink_scores.csv
AS006,combined_a3_7_g0_05_p0_2,"combined weak-link classes, alpha=3.7, tau=0.05, p=0.2",combined,boundary_constriction,shape,3.7,0,0.05,0.2,0.810000000000001,0.05,0.2,7.33871688069075e-08,5.1134116487109e-07,0.123624999859064,113.61723600686,0.193017736344336,0.222082389453136,0.264791015762979,0.182980580417937,0.050896289160911,0.19557626758415,0.234861119081956,0.276596072408306,0.170136575330703,0.0463063729608812,241.771960234203,242.205324467839,101,v7.4.6,gap_tied_weak_links_phase3_seed,/Users/asewaket/Documents/LTSpice Superconducting Circuit/matlab_v7_4_6_files/outputs/v7_4_6_as006_gap_weaklink_v800_phase3_seed_101/AS006_v7_4_6_gap_weaklink_scores.csv
AS006,combined_a3_3_g0_1_p0_3,"combined weak-link classes, alpha=3.3, tau=0.1, p=0.3",combined,boundary_constriction,shape,3.3,1,0.1,0.3,0.729803921568629,0.1,0.300217864923747,1.30505360584178e-07,4.88425790115965e-07,0.0928307285466638,95.8624545798257,0.193133648797812,0.219707569620296,0.270949971386678,0.1776674220169,0.0497139469209506,0.197192337526006,0.235146705130928,0.285477125712318,0.163314265036447,0.047087181206988,242.483465665891,239.090955430832,101,v7.4.6,gap_tied_weak_links_phase3_seed,/Users/asewaket/Documents/LTSpice Superconducting Circuit/matlab_v7_4_6_files/outputs/v7_4_6_as006_gap_weaklink_v800_phase3_seed_101/AS006_v7_4_6_gap_weaklink_scores.csv
AS006,combined_a3_3_g0_05_p0_2,"combined weak-link classes, alpha=3.3, tau=0.05, p=0.2",combined,boundary_constriction,shape,3.3,1,0.05,0.2,0.810000000000001,0.05,0.2,6.54534208277823e-08,4.56061038939081e-07,0.110260135009435,113.61723600686,0.193190812029239,0.219446969392688,0.268829546460622,0.178048203702351,0.0534951298194824,0.1937466315135,0.226856599533718,0.275537101776714,0.170668845535814,0.0463505730047631,243.349484722286,245.741550056154,101,v7.4.6,gap_tied_weak_links_phase3_seed,/Users/asewaket/Documents/LTSpice Superconducting Circuit/matlab_v7_4_6_files/outputs/v7_4_6_as006_gap_weaklink_v800_phase3_seed_101/AS006_v7_4_6_gap_weaklink_scores.csv
AS006,crack_tunnel_a4_1_g0_05_p0_3,"tunnel/crack-like links, alpha=4.1, tau=0.05, p=0.3",tear_lane,crack_tunnel,shape,4.1,0.999999999999997,0.05,0.3,0.714793028322442,0.05,0.300217864923747,7.83394813293298e-08,5.82370706138222e-07,0.101328480665276,88.6162502919939,0.193272428149586,0.225230814419954,0.267901479612365,0.17518008284464,0.0533286334505379,0.230350733972354,0.211980083513663,0.23852177380572,0.257439426980267,0.200561198462763,247.617781758203,310.85000076635,101,v7.4.6,gap_tied_weak_links_phase3_seed,/Users/asewaket/Documents/LTSpice Superconducting Circuit/matlab_v7_4_6_files/outputs/v7_4_6_as006_gap_weaklink_v800_phase3_seed_101/AS006_v7_4_6_gap_weaklink_scores.csv
AS006,crack_tunnel_a3_3_g0_05_p0_2,"tunnel/crack-like links, alpha=3.3, tau=0.05, p=0.2",tear_lane,crack_tunnel,shape,3.3,1,0.05,0.2,0.809586056644881,0.05,0.200435729847495,5.58820502831369e-08,4.57121408575799e-07,0.0895180180761103,110.57635626552,0.193592249496075,0.221699017004865,0.265056909709887,0.184052877021436,0.0523465422064146,0.217787527252544,0.264877107188019,0.305732194706246,0.153396114529846,0.0972840451764659,242.44721019241,216.25438806798,101,v7.4.6,gap_tied_weak_links_phase3_seed,/Users/asewaket/Documents/LTSpice Superconducting Circuit/matlab_v7_4_6_files/outputs/v7_4_6_as006_gap_weaklink_v800_phase3_seed_101/AS006_v7_4_6_gap_weaklink_scores.csv
AS006,crack_tunnel_a3_7_g0_05_p0_2,"tunnel/crack-like links, alpha=3.7, tau=0.05, p=0.2",tear_lane,crack_tunnel,shape,3.7,0,0.05,0.2,0.809586056644881,0.05,0.200435729847495,6.26556321356383e-08,5.12530064160744e-07,0.100368686933821,110.57635626552,0.19371735341768,0.227407902526764,0.264048239444063,0.185408819214888,0.0473334215159146,0.219124446884127,0.272378163477459,0.306200036650302,0.153211507747046,0.0958796221213422,244.44835165414,213.233080732952,101,v7.4.6,gap_tied_weak_links_phase3_seed,/Users/asewaket/Documents/LTSpice Superconducting Circuit/matlab_v7_4_6_files/outputs/v7_4_6_as006_gap_weaklink_v800_phase3_seed_101/AS006_v7_4_6_gap_weaklink_scores.csv
AS006,crack_tunnel_a4_1_g0_1_p0_3,"tunnel/crack-like links, alpha=4.1, tau=0.1, p=0.3",tear_lane,crack_tunnel,shape,4.1,0.999999999999997,0.1,0.3,0.72980392156863,0.1,0.300217864923747,1.45387700338612e-07,5.40401444286241e-07,0.101328480665276,95.4984647127151,0.193964907148969,0.227660307129139,0.264913396633714,0.180813682661,0.0525486811804582,0.207349634962596,0.216078647791549,0.249283273118888,0.21066300276661,0.121095045605113,241.398746469536,277.391473611024,101,v7.4.6,gap_tied_weak_links_phase3_seed,/Users/asewaket/Documents/LTSpice Superconducting Circuit/matlab_v7_4_6_files/outputs/v7_4_6_as006_gap_weaklink_v800_phase3_seed_101/AS006_v7_4_6_gap_weaklink_scores.csv
AS006,combined_a4_1_g0_05_p0_2,"combined weak-link classes, alpha=4.1, tau=0.05, p=0.2",combined,boundary_constriction,shape,4.1,0.999999999999997,0.05,0.2,0.810000000000001,0.05,0.2,8.13209167860326e-08,5.666212908031e-07,0.136989864708692,113.61723600686,0.194112512806973,0.224955486084824,0.263096476273194,0.185545036975351,0.0532569482527611,0.196898495249836,0.240612109424066,0.277402432154703,0.169712158847681,0.0462859119947842,239.753613708688,241.629714861939,101,v7.4.6,gap_tied_weak_links_phase3_seed,/Users/asewaket/Documents/LTSpice Superconducting Circuit/matlab_v7_4_6_files/outputs/v7_4_6_as006_gap_weaklink_v800_phase3_seed_101/AS006_v7_4_6_gap_weaklink_scores.csv
AS006,combined_a3_3_g0_05_p0_3,"combined weak-link classes, alpha=3.3, tau=0.05, p=0.3",combined,boundary_constriction,shape,3.3,1,0.05,0.3,0.714793028322442,0.05,0.300217864923747,7.20707531420405e-08,5.3946005574152e-07,0.0928307285466638,86.7936274841479,0.194199480512701,0.220226018948368,0.275088281974052,0.172164943136128,0.0541607112403887,0.192854534335407,0.210952052994226,0.264488561332995,0.184569836616681,0.059753340579218,246.772550680398,260.74943329993,101,v7.4.6,gap_tied_weak_links_phase3_seed,/Users/asewaket/Documents/LTSpice Superconducting Circuit/matlab_v7_4_6_files/outputs/v7_4_6_as006_gap_weaklink_v800_phase3_seed_101/AS006_v7_4_6_gap_weaklink_scores.csv
AS006,combined_a3_7_g0_1_p0_2,"combined weak-link classes, alpha=3.7, tau=0.1, p=0.2",combined,boundary_constriction,shape,3.7,0,0.1,0.2,0.820000000000001,0.1,0.2,1.36858736294819e-07,4.7679660339473e-07,0.123624999859064,121.848959064593,0.194243937917672,0.225832625806887,0.267714517723414,0.18224634310591,0.0490787288831087,0.202579030226711,0.252275187746237,0.292278035673586,0.15851859993085,0.0509851510449794,239.958275144237,231.996641912669,101,v7.4.6,gap_tied_weak_links_phase3_seed,/Users/asewaket/Documents/LTSpice Superconducting Circuit/matlab_v7_4_6_files/outputs/v7_4_6_as006_gap_weaklink_v800_phase3_seed_101/AS006_v7_4_6_gap_weaklink_scores.csv
AS006,combined_a3_7_g0_05_p0_1,"combined weak-link classes, alpha=3.7, tau=0.05, p=0.1",combined,boundary_constriction,shape,3.7,0,0.05,0.1,0.904793028322441,0.05,0.100217864923747,6.33378981028707e-08,4.74814644894113e-07,0.129407729717795,136.716955032075,0.194540930427933,0.226556561410898,0.266610246429872,0.185055328604233,0.0482609987211978,0.208860511771234,0.262338899284404,0.299624547652595,0.155342773924996,0.0634422337734778,240.169765640717,224.246074368138,101,v7.4.6,gap_tied_weak_links_phase3_seed,/Users/asewaket/Documents/LTSpice Superconducting Circuit/matlab_v7_4_6_files/outputs/v7_4_6_as006_gap_weaklink_v800_phase3_seed_101/AS006_v7_4_6_gap_weaklink_scores.csv
AS006,combined_a3_7_g0_1_p0_3,"combined weak-link classes, alpha=3.7, tau=0.1, p=0.3",combined,boundary_constriction,shape,3.7,0,0.1,0.3,0.729803921568629,0.1,0.300217864923747,1.46324192170138e-07,5.47628916190627e-07,0.104082938067472,95.8624545798257,0.194563245259889,0.224261035357708,0.268938662385043,0.180433925500629,0.052370124892125,0.198942512602515,0.242857914074115,0.286272567601722,0.162989801194019,0.0471404041429247,240.124167699022,238.622364681107,101,v7.4.6,gap_tied_weak_links_phase3_seed,/Users/asewaket/Documents/LTSpice Superconducting Circuit/matlab_v7_4_6_files/outputs/v7_4_6_as006_gap_weaklink_v800_phase3_seed_101/AS006_v7_4_6_gap_weaklink_scores.csv
AS006,crack_tunnel_a4_1_g0_05_p0_2,"tunnel/crack-like links, alpha=4.1, tau=0.05, p=0.2",tear_lane,crack_tunnel,shape,4.1,0.999999999999997,0.05,0.2,0.809586056644881,0.05,0.200435729847495,6.94292139881398e-08,5.67938719745689e-07,0.111219355791531,110.57635626552,0.195132500833529,0.233802668688436,0.265524805397868,0.183928343559884,0.0472809965830848,0.220049310275004,0.277802784693745,0.306470473924624,0.153063023872567,0.0947916574724762,245.967120872953,213.007501997095,101,v7.4.6,gap_tied_weak_links_phase3_seed,/Users/asewaket/Documents/LTSpice Superconducting Circuit/matlab_v7_4_6_files/outputs/v7_4_6_as006_gap_weaklink_v800_phase3_seed_101/AS006_v7_4_6_gap_weaklink_scores.csv
AS006,crack_tunnel_a3_7_g0_1_p0_2,"tunnel/crack-like links, alpha=3.7, tau=0.1, p=0.2",tear_lane,crack_tunnel,shape,3.7,0,0.1,0.2,0.819607843137257,0.1,0.200435729847495,1.18123556050267e-07,4.83131936409773e-07,0.100368686933821,117.304824418313,0.195192268485763,0.23114761352938,0.267041637496569,0.183397240862596,0.0482443122021926,0.204405093322237,0.258738089212102,0.293117874354916,0.158270106192882,0.0524934645368764,240.368221338378,230.231008793636,101,v7.4.6,gap_tied_weak_links_phase3_seed,/Users/asewaket/Documents/LTSpice Superconducting Circuit/matlab_v7_4_6_files/outputs/v7_4_6_as006_gap_weaklink_v800_phase3_seed_101/AS006_v7_4_6_gap_weaklink_scores.csv
AS006,combined_a3_3_g0_1_p0_1,"combined weak-link classes, alpha=3.3, tau=0.1, p=0.1",combined,boundary_constriction,shape,3.3,1,0.1,0.1,0.909803921568628,0.1,0.100217864923747,1.07955269586406e-07,4.04645121865784e-07,0.115417704883439,143.081798148711,0.195219999581799,0.22658548989257,0.271785263209536,0.180976670801073,0.0476694588983948,0.206370045636901,0.257918812554833,0.300569165723307,0.154940372550993,0.0542599099251433,239.995302415096,228.108497983475,101,v7.4.6,gap_tied_weak_links_phase3_seed,/Users/asewaket/Documents/LTSpice Superconducting Circuit/matlab_v7_4_6_files/outputs/v7_4_6_as006_gap_weaklink_v800_phase3_seed_101/AS006_v7_4_6_gap_weaklink_scores.csv
AS006,combined_a4_1_g0_1_p0_2,"combined weak-link classes, alpha=4.1, tau=0.1, p=0.2",combined,boundary_constriction,shape,4.1,0.999999999999997,0.1,0.2,0.820000000000001,0.1,0.2,1.51654275353719e-07,5.28342182140106e-07,0.136989864708692,121.848959064593,0.19525050037302,0.230515820234433,0.26774176221289,0.182543860656313,0.0490087719377189,0.203835196397247,0.25773382711078,0.2928481692451,0.158347372728248,0.0510236427862174,239.752201043512,231.704869505379,101,v7.4.6,gap_tied_weak_links_phase3_seed,/Users/asewaket/Documents/LTSpice Superconducting Circuit/matlab_v7_4_6_files/outputs/v7_4_6_as006_gap_weaklink_v800_phase3_seed_101/AS006_v7_4_6_gap_weaklink_scores.csv
AS006,combined_a4_1_g0_1_p0_3,"combined weak-link classes, alpha=4.1, tau=0.1, p=0.3",combined,boundary_constriction,shape,4.1,0.999999999999997,0.1,0.3,0.729803921568629,0.1,0.300217864923747,1.62143023756099e-07,6.06832042265289e-07,0.115335147588279,95.8624545798257,0.195597527759288,0.229500651861376,0.268782223093453,0.180866795625163,0.0520346019900651,0.200340263020447,0.249085958081656,0.286863469536821,0.162732461322736,0.0471887086777242,239.923993144057,238.124880204078,101,v7.4.6,gap_tied_weak_links_phase3_seed,/Users/asewaket/Documents/LTSpice Superconducting Circuit/matlab_v7_4_6_files/outputs/v7_4_6_as006_gap_weaklink_v800_phase3_seed_101/AS006_v7_4_6_gap_weaklink_scores.csv
AS006,combined_a4_1_g0_05_p0_1,"combined weak-link classes, alpha=4.1, tau=0.05, p=0.1",combined,boundary_constriction,shape,4.1,0.999999999999997,0.05,0.1,0.904793028322441,0.05,0.100217864923747,7.01852384383161e-08,5.26145957855639e-07,0.143397754552151,136.716955032075,0.195712162144905,0.231571584562235,0.266982941971599,0.185039617940894,0.0484695552858746,0.210072210000718,0.267742819693968,0.30021132832855,0.155172887749951,0.06328229604722,239.920846324616,224.279725587201,101,v7.4.6,gap_tied_weak_links_phase3_seed,/Users/asewaket/Documents/LTSpice Superconducting Circuit/matlab_v7_4_6_files/outputs/v7_4_6_as006_gap_weaklink_v800_phase3_seed_101/AS006_v7_4_6_gap_weaklink_scores.csv
AS006,crack_tunnel_a3_3_g0_1_p0_2,"tunnel/crack-like links, alpha=3.3, tau=0.1, p=0.2",tear_lane,crack_tunnel,shape,3.3,1,0.1,0.2,0.819607843137257,0.1,0.200435729847495,1.05353441882671e-07,4.30901456797906e-07,0.0895180180761103,117.304824418313,0.19583205214648,0.227751307546912,0.270202548191163,0.179715612592501,0.0539099781103296,0.202784789507874,0.251347350805116,0.292504226481868,0.15841998650351,0.0526692172615979,239.955189274008,234.198060188358,101,v7.4.6,gap_tied_weak_links_phase3_seed,/Users/asewaket/Documents/LTSpice Superconducting Circuit/matlab_v7_4_6_files/outputs/v7_4_6_as006_gap_weaklink_v800_phase3_seed_101/AS006_v7_4_6_gap_weaklink_scores.csv
AS006,crack_tunnel_a3_3_g0_2_p0_3,"tunnel/crack-like links, alpha=3.3, tau=0.2, p=0.3",tear_lane,crack_tunnel,shape,3.3,1,0.2,0.3,0.759825708061,0.2,0.300217864923747,2.08171075077482e-07,4.03822244177334e-07,0.0815570698037585,107.365252693928,0.196224768718627,0.233100638623654,0.276635180519234,0.170032953277378,0.0513704474640981,0.199607583529198,0.231398267093587,0.273850187942269,0.174602296813181,0.0691489506369556,241.366807216554,258.153060511121,101,v7.4.6,gap_tied_weak_links_phase3_seed,/Users/asewaket/Documents/LTSpice Superconducting Circuit/matlab_v7_4_6_files/outputs/v7_4_6_as006_gap_weaklink_v800_phase3_seed_101/AS006_v7_4_6_gap_weaklink_scores.csv
AS006,crack_tunnel_a4_1_g0_1_p0_2,"tunnel/crack-like links, alpha=4.1, tau=0.1, p=0.2",tear_lane,crack_tunnel,shape,4.1,0.999999999999997,0.1,0.2,0.819607843137257,0.1,0.200435729847495,1.30893670217864e-07,5.3536241602164e-07,0.111219355791531,117.304824418313,0.196233134306064,0.235402988311461,0.266774153816639,0.183958191914386,0.0489601741467591,0.205530953498206,0.26397147111771,0.293489774826965,0.158165154145461,0.0523697477443052,239.612308678911,230.351831154544,101,v7.4.6,gap_tied_weak_links_phase3_seed,/Users/asewaket/Documents/LTSpice Superconducting Circuit/matlab_v7_4_6_files/outputs/v7_4_6_as006_gap_weaklink_v800_phase3_seed_101/AS006_v7_4_6_gap_weaklink_scores.csv
AS006,combined_a3_7_g0_05_p0_3,"combined weak-link classes, alpha=3.7, tau=0.05, p=0.3",combined,boundary_constriction,shape,3.7,0,0.05,0.3,0.714793028322442,0.05,0.300217864923747,8.08066020077423e-08,6.04849153407158e-07,0.104082938067472,86.7936274841479,0.196359907773173,0.224640684695988,0.272276957069529,0.176091040084151,0.060560379193014,0.194558920831971,0.2191391211913,0.265525499901786,0.183881886108387,0.0591335005049455,243.121443647287,260.303895264097,101,v7.4.6,gap_tied_weak_links_phase3_seed,/Users/asewaket/Documents/LTSpice Superconducting Circuit/matlab_v7_4_6_files/outputs/v7_4_6_as006_gap_weaklink_v800_phase3_seed_101/AS006_v7_4_6_gap_weaklink_scores.csv
AS006,combined_a3_3_g0_2_p0_3,"combined weak-link classes, alpha=3.3, tau=0.2, p=0.3",combined,boundary_constriction,shape,3.3,1,0.2,0.3,0.759825708061,0.2,0.300217864923747,2.25563922738961e-07,4.32590617705513e-07,0.0928307285466638,110.926996210317,0.196529167257282,0.232921552151336,0.277249646629213,0.172812977680131,0.0485211804337854,0.204884094884628,0.257459931546384,0.300297819412185,0.153243364498052,0.0498851532828674,240.783143503618,233.090415186461,101,v7.4.6,gap_tied_weak_links_phase3_seed,/Users/asewaket/Documents/LTSpice Superconducting Circuit/matlab_v7_4_6_files/outputs/v7_4_6_as006_gap_weaklink_v800_phase3_seed_101/AS006_v7_4_6_gap_weaklink_scores.csv
AS006,combined_a3_7_g0_1_p0_1,"combined weak-link classes, alpha=3.7, tau=0.1, p=0.1",combined,boundary_constriction,shape,3.7,0,0.1,0.1,0.909803921568628,0.1,0.100217864923747,1.21040756809e-07,4.53693015425273e-07,0.129407729717795,143.081798148711,0.196826999688933,0.233457840316444,0.272369857550025,0.180921532059195,0.0478779923416828,0.208015120493284,0.265025939369605,0.301330087406465,0.154805972280146,0.0542145447853182,239.798345063644,228.142407893707,101,v7.4.6,gap_tied_weak_links_phase3_seed,/Users/asewaket/Documents/LTSpice Superconducting Circuit/matlab_v7_4_6_files/outputs/v7_4_6_as006_gap_weaklink_v800_phase3_seed_101/AS006_v7_4_6_gap_weaklink_scores.csv
AS006,combined_a3_3_g0_2_p0_2,"combined weak-link classes, alpha=3.3, tau=0.2, p=0.2",combined,boundary_constriction,shape,3.3,1,0.2,0.2,0.839999999999999,0.2,0.2,2.22227747312202e-07,3.91175749903473e-07,0.110260135009435,133.856133657314,0.19694836321095,0.233662157261082,0.277220596797304,0.17444512059291,0.0478872136572477,0.207295082052707,0.262306837246892,0.303865170803762,0.151941464055029,0.0524776940412733,240.348794120356,230.061484502774,101,v7.4.6,gap_tied_weak_links_phase3_seed,/Users/asewaket/Documents/LTSpice Superconducting Circuit/matlab_v7_4_6_files/outputs/v7_4_6_as006_gap_weaklink_v800_phase3_seed_101/AS006_v7_4_6_gap_weaklink_scores.csv
AS006,boundary_sns_a3_3_g0_1_p0_3,"SNS-like boundary constriction, alpha=3.3, tau=0.1, p=0.3",boundary_lane,boundary_constriction,shape,3.3,1,0.1,0.3,0.715686274509806,0.1,0.315904139433551,9.69226567074881e-08,3.14245451582614e-07,0.0970775405250188,137.517807810912,0.197353350796344,0.23611062119223,0.275029119093248,0.17743867630895,0.0475568289901176,0.204081912016807,0.256006100532551,0.293748518400359,0.160063145110241,0.050264620963055,243.528579829338,234.143432645415,101,v7.4.6,gap_tied_weak_links_phase3_seed,/Users/asewaket/Documents/LTSpice Superconducting Circuit/matlab_v7_4_6_files/outputs/v7_4_6_as006_gap_weaklink_v800_phase3_seed_101/AS006_v7_4_6_gap_weaklink_scores.csv
AS006,combined_a3_7_g0_2_p0_3,"combined weak-link classes, alpha=3.7, tau=0.2, p=0.3",combined,boundary_constriction,shape,3.7,0,0.2,0.3,0.759825708061,0.2,0.300217864923747,2.52905004283077e-07,4.8502584409406e-07,0.104082938067472,110.926996210317,0.197642673950462,0.238447613645212,0.277017673661164,0.1733218062111,0.0483325694361873,0.206380495721663,0.264066381801424,0.300956023022599,0.153016372735989,0.0498925905973581,240.474147886877,232.591871344985,101,v7.4.6,gap_tied_weak_links_phase3_seed,/Users/asewaket/Documents/LTSpice Superconducting Circuit/matlab_v7_4_6_files/outputs/v7_4_6_as006_gap_weaklink_v800_phase3_seed_101/AS006_v7_4_6_gap_weaklink_scores.csv
AS006,crack_tunnel_a3_7_g0_2_p0_3,"tunnel/crack-like links, alpha=3.7, tau=0.2, p=0.3",tear_lane,crack_tunnel,shape,3.7,0,0.2,0.3,0.759825708061,0.2,0.300217864923747,2.33403932662631e-07,4.52770394986708e-07,0.0914427752345172,107.365252693928,0.197791374965386,0.240262192095131,0.276721074795479,0.170334825805269,0.0515142695831224,0.201245289858699,0.238937721903011,0.274435812425622,0.174343754083441,0.0690963630413433,241.080889113747,257.900915133863,101,v7.4.6,gap_tied_weak_links_phase3_seed,/Users/asewaket/Documents/LTSpice Superconducting Circuit/matlab_v7_4_6_files/outputs/v7_4_6_as006_gap_weaklink_v800_phase3_seed_101/AS006_v7_4_6_gap_weaklink_scores.csv
AS006,crack_tunnel_a3_3_g0_2_p0_2,"tunnel/crack-like links, alpha=3.3, tau=0.2, p=0.2",tear_lane,crack_tunnel,shape,3.3,1,0.2,0.2,0.839651416122003,0.2,0.200435729847495,1.94464948287781e-07,3.99286830714447e-07,0.0895180180761103,127.10225786935,0.197827752160021,0.238360158202564,0.277753701416919,0.172884760774685,0.0486036741495769,0.203181087501744,0.256640985859711,0.294982928758286,0.157171123163798,0.0465804223672599,240.492688286526,238.612347339405,101,v7.4.6,gap_tied_weak_links_phase3_seed,/Users/asewaket/Documents/LTSpice Superconducting Circuit/matlab_v7_4_6_files/outputs/v7_4_6_as006_gap_weaklink_v800_phase3_seed_101/AS006_v7_4_6_gap_weaklink_scores.csv
AS006,combined_a4_1_g0_1_p0_1,"combined weak-link classes, alpha=4.1, tau=0.1, p=0.1",combined,boundary_constriction,shape,4.1,0.999999999999997,0.1,0.1,0.909803921568628,0.1,0.100217864923747,1.34126244031595e-07,5.02740908984762e-07,0.143397754552151,143.081798148711,0.197937374652715,0.238261211366673,0.272661315185407,0.180940139720778,0.0480931856714665,0.209173873618749,0.270138173515599,0.301807297753454,0.154711641503999,0.0541788716296049,239.575304464892,228.190868714737,101,v7.4.6,gap_tied_weak_links_phase3_seed,/Users/asewaket/Documents/LTSpice Superconducting Circuit/matlab_v7_4_6_files/outputs/v7_4_6_as006_gap_weaklink_v800_phase3_seed_101/AS006_v7_4_6_gap_weaklink_scores.csv
AS006,combined_a4_1_g0_05_p0_3,"combined weak-link classes, alpha=4.1, tau=0.05, p=0.3",combined,boundary_constriction,shape,4.1,0.999999999999997,0.05,0.3,0.714793028322442,0.05,0.300217864923747,8.95424508734442e-08,6.70238251072797e-07,0.115335147588279,86.7936274841479,0.198186728929648,0.227119833544714,0.269095501634714,0.180485526423268,0.0672897752136902,0.195896475962767,0.22567294307402,0.266305063275538,0.183334337168858,0.0586076545465487,239.632285319228,259.546345687369,101,v7.4.6,gap_tied_weak_links_phase3_seed,/Users/asewaket/Documents/LTSpice Superconducting Circuit/matlab_v7_4_6_files/outputs/v7_4_6_as006_gap_weaklink_v800_phase3_seed_101/AS006_v7_4_6_gap_weaklink_scores.csv
AS006,combined_a3_7_g0_2_p0_2,"combined weak-link classes, alpha=3.7, tau=0.2, p=0.2",combined,boundary_constriction,shape,3.7,0,0.2,0.2,0.839999999999999,0.2,0.2,2.49164443956105e-07,4.38590992316015e-07,0.123624999859064,133.856133657314,0.198214690042959,0.239851792588782,0.277072510643422,0.174866098219627,0.0477621412254917,0.208847805832019,0.269276323290525,0.304396747500087,0.151838203699201,0.0524706431204161,240.113459009141,229.694892147854,101,v7.4.6,gap_tied_weak_links_phase3_seed,/Users/asewaket/Documents/LTSpice Superconducting Circuit/matlab_v7_4_6_files/outputs/v7_4_6_as006_gap_weaklink_v800_phase3_seed_101/AS006_v7_4_6_gap_weaklink_scores.csv
AS006,contact_relaxed_a3_3_g0_05_p0_3,"contact-relaxed SNS links, alpha=3.3, tau=0.05, p=0.3",contact_relaxation,contact_relaxed,shape,3.3,1,0.05,0.3,0.714793028322441,0.05,0.300217864923747,1.69924122501244e-07,2.58751861060267e-06,0.0441433197252112,19.1296269559943,0.198259001032959,0.226547084696939,0.301504996426287,0.150443634348618,0.0490596337860836,0.208660193257777,0.249988120008629,0.324184371801594,0.138785894204409,0.0525078278719568,242.182713698992,232.696407397934,101,v7.4.6,gap_tied_weak_links_phase3_seed,/Users/asewaket/Documents/LTSpice Superconducting Circuit/matlab_v7_4_6_files/outputs/v7_4_6_as006_gap_weaklink_v800_phase3_seed_101/AS006_v7_4_6_gap_weaklink_scores.csv
AS006,combined_a4_1_g0_2_p0_3,"combined weak-link classes, alpha=4.1, tau=0.2, p=0.3",combined,boundary_constriction,shape,4.1,0.999999999999997,0.2,0.3,0.759825708061,0.2,0.300217864923747,2.80246085827194e-07,5.37461070482607e-07,0.115335147588279,110.926996210317,0.198411761835881,0.2424021611501,0.276504643926366,0.174039624962274,0.0482239899553214,0.207545566753598,0.26924789416275,0.301439262762348,0.152842114804618,0.0499085862653581,240.073590059131,232.06860056214,101,v7.4.6,gap_tied_weak_links_phase3_seed,/Users/asewaket/Documents/LTSpice Superconducting Circuit/matlab_v7_4_6_files/outputs/v7_4_6_as006_gap_weaklink_v800_phase3_seed_101/AS006_v7_4_6_gap_weaklink_scores.csv
AS006,boundary_sns_a3_7_g0_1_p0_3,"SNS-like boundary constriction, alpha=3.7, tau=0.1, p=0.3",boundary_lane,boundary_constriction,shape,3.7,0,0.1,0.3,0.715686274509806,0.1,0.315904139433551,1.08670857520517e-07,3.52335809350203e-07,0.108844515134112,137.517807810912,0.198505727408765,0.240407868104636,0.273763359885774,0.179304131273613,0.0489047250470658,0.20557396606484,0.262419963978401,0.294348623900762,0.159943008179035,0.0504110142956713,241.813721212882,233.968462673251,101,v7.4.6,gap_tied_weak_links_phase3_seed,/Users/asewaket/Documents/LTSpice Superconducting Circuit/matlab_v7_4_6_files/outputs/v7_4_6_as006_gap_weaklink_v800_phase3_seed_101/AS006_v7_4_6_gap_weaklink_scores.csv
AS006,crack_tunnel_a4_1_g0_2_p0_3,"tunnel/crack-like links, alpha=4.1, tau=0.2, p=0.3",tear_lane,crack_tunnel,shape,4.1,0.999999999999997,0.2,0.3,0.759825708061,0.2,0.300217864923747,2.58636790247781e-07,5.01718545796082e-07,0.101328480665276,107.365252693928,0.198686700101548,0.244651119545547,0.27618931690474,0.171052598446713,0.0516353283205069,0.202330266295396,0.244091886444283,0.274756018676247,0.174174400372867,0.0690184118831821,240.627594407412,257.474108353774,101,v7.4.6,gap_tied_weak_links_phase3_seed,/Users/asewaket/Documents/LTSpice Superconducting Circuit/matlab_v7_4_6_files/outputs/v7_4_6_as006_gap_weaklink_v800_phase3_seed_101/AS006_v7_4_6_gap_weaklink_scores.csv
AS006,combined_a3_3_g0_2_p0_1,"combined weak-link classes, alpha=3.3, tau=0.2, p=0.1",combined,boundary_constriction,shape,3.3,1,0.2,0.1,0.919825708061002,0.2,0.100217864923747,2.04231623131729e-07,3.82853283909391e-07,0.115417704883439,151.263882205831,0.198822243247769,0.238949113576672,0.280311750818466,0.174096409732353,0.0469960265644189,0.208040146319092,0.266085916227965,0.305345781232419,0.152700123383887,0.0488845439809001,240.39901823415,231.300502162002,101,v7.4.6,gap_tied_weak_links_phase3_seed,/Users/asewaket/Documents/LTSpice Superconducting Circuit/matlab_v7_4_6_files/outputs/v7_4_6_as006_gap_weaklink_v800_phase3_seed_101/AS006_v7_4_6_gap_weaklink_scores.csv
AS006,boundary_sns_a3_3_g0_05_p0_3,"SNS-like boundary constriction, alpha=3.3, tau=0.05, p=0.3",boundary_lane,boundary_constriction,shape,3.3,1,0.05,0.3,0.699891067538129,0.05,0.315904139433551,4.81909101734959e-08,3.1249193623223e-07,0.0970775405250188,138.289474401272,0.198923368582091,0.241195227404866,0.280422909935915,0.17207793975722,0.0475840984212116,0.200302376029912,0.228007802943619,0.267413486817923,0.188199051800977,0.0702816605233543,250.285754810464,260.217663082747,101,v7.4.6,gap_tied_weak_links_phase3_seed,/Users/asewaket/Documents/LTSpice Superconducting Circuit/matlab_v7_4_6_files/outputs/v7_4_6_as006_gap_weaklink_v800_phase3_seed_101/AS006_v7_4_6_gap_weaklink_scores.csv
AS006,boundary_sns_a3_3_g0_2_p0_3,"SNS-like boundary constriction, alpha=3.3, tau=0.2, p=0.3",boundary_lane,boundary_constriction,shape,3.3,1,0.2,0.3,0.747276688453157,0.2,0.315904139433551,1.87502641349369e-07,3.1559949277544e-07,0.0970775405250188,142.16963752301,0.198982569273149,0.241450449036184,0.278574679370683,0.174213254677063,0.0481901400845366,0.211791559087143,0.273262354847892,0.308491027097723,0.150317487603685,0.0579392836622006,240.420293930957,227.175351788759,101,v7.4.6,gap_tied_weak_links_phase3_seed,/Users/asewaket/Documents/LTSpice Superconducting Circuit/matlab_v7_4_6_files/outputs/v7_4_6_as006_gap_weaklink_v800_phase3_seed_101/AS006_v7_4_6_gap_weaklink_scores.csv
AS006,combined_a4_1_g0_2_p0_2,"combined weak-link classes, alpha=4.1, tau=0.2, p=0.2",combined,boundary_constriction,shape,4.1,0.999999999999997,0.2,0.2,0.839999999999999,0.2,0.2,2.76101140600009e-07,4.86006234728557e-07,0.136989864708692,133.856133657314,0.19903378824492,0.243953243234043,0.276726599302053,0.175399159440403,0.0476951999114594,0.209954418805264,0.274258747085899,0.304773460069315,0.151751085682902,0.0524709347154929,239.82096376627,229.329316181031,101,v7.4.6,gap_tied_weak_links_phase3_seed,/Users/asewaket/Documents/LTSpice Superconducting Circuit/matlab_v7_4_6_files/outputs/v7_4_6_as006_gap_weaklink_v800_phase3_seed_101/AS006_v7_4_6_gap_weaklink_scores.csv
AS006,boundary_sns_a4_1_g0_1_p0_3,"SNS-like boundary constriction, alpha=4.1, tau=0.1, p=0.3",boundary_lane,boundary_constriction,shape,4.1,0.999999999999997,0.1,0.3,0.715686274509806,0.1,0.315904139433551,1.20419058333546e-07,3.90426167117792e-07,0.120611489743205,137.517807810912,0.199249104687966,0.242376087415316,0.272106452158756,0.1814541010344,0.0508655184536923,0.206548900627385,0.266709247594508,0.294689738675817,0.159859279667961,0.0505041132747863,239.958418991901,233.785919940932,101,v7.4.6,gap_tied_weak_links_phase3_seed,/Users/asewaket/Documents/LTSpice Superconducting Circuit/matlab_v7_4_6_files/outputs/v7_4_6_as006_gap_weaklink_v800_phase3_seed_101/AS006_v7_4_6_gap_weaklink_scores.csv
AS006,crack_tunnel_a3_7_g0_2_p0_2,"tunnel/crack-like links, alpha=3.7, tau=0.2, p=0.2",tear_lane,crack_tunnel,shape,3.7,0,0.2,0.2,0.839651416122003,0.2,0.200435729847495,2.18036457171149e-07,4.4768523443741e-07,0.100368686933821,127.10225786935,0.199386837557603,0.244786128599896,0.278172689104231,0.172785772176221,0.0493636380354391,0.204670772962342,0.263256190220506,0.295509448164307,0.157023347413239,0.0466769560371147,240.080509949781,238.940167908199,101,v7.4.6,gap_tied_weak_links_phase3_seed,/Users/asewaket/Documents/LTSpice Superconducting Circuit/matlab_v7_4_6_files/outputs/v7_4_6_as006_gap_weaklink_v800_phase3_seed_101/AS006_v7_4_6_gap_weaklink_scores.csv
AS006,crack_tunnel_a3_3_g0_05_p0_1,"tunnel/crack-like links, alpha=3.3, tau=0.05, p=0.1",tear_lane,crack_tunnel,shape,3.3,1,0.05,0.1,0.904793028322441,0.05,0.100217864923747,4.95866747623364e-08,3.93073090858531e-07,0.109064057812671,146.592291121576,0.199403240158739,0.238259762683082,0.27759907074778,0.178668547142877,0.0496223803733996,0.204106680354673,0.245831548525999,0.284347844493758,0.172825718313464,0.0610609774914563,239.489122455865,249.984811846136,101,v7.4.6,gap_tied_weak_links_phase3_seed,/Users/asewaket/Documents/LTSpice Superconducting Circuit/matlab_v7_4_6_files/outputs/v7_4_6_as006_gap_weaklink_v800_phase3_seed_101/AS006_v7_4_6_gap_weaklink_scores.csv
AS006,boundary_sns_a3_7_g0_2_p0_3,"SNS-like boundary constriction, alpha=3.7, tau=0.2, p=0.3",boundary_lane,boundary_constriction,shape,3.7,0,0.2,0.3,0.747276688453157,0.2,0.315904139433551,2.10230234240201e-07,3.5385397674822e-07,0.108844515134112,142.16963752301,0.200049895666815,0.246568302997715,0.27840696011149,0.174648797250215,0.0481579985784816,0.213115703003553,0.279151654441796,0.308964177990988,0.150230872325313,0.0579509586850961,240.178460382611,226.841445468696,101,v7.4.6,gap_tied_weak_links_phase3_seed,/Users/asewaket/Documents/LTSpice Superconducting Circuit/matlab_v7_4_6_files/outputs/v7_4_6_as006_gap_weaklink_v800_phase3_seed_101/AS006_v7_4_6_gap_weaklink_scores.csv
AS006,combined_a3_7_g0_2_p0_1,"combined weak-link classes, alpha=3.7, tau=0.2, p=0.1",combined,boundary_constriction,shape,3.7,0,0.2,0.1,0.919825708061002,0.2,0.100217864923747,2.28986971390121e-07,4.29259742565074e-07,0.129407729717795,151.263882205831,0.20026223849168,0.245268438074909,0.280625117139734,0.174141720344685,0.0472716489581006,0.209546147065626,0.27271926744101,0.305900827460112,0.152608838383366,0.0489239718527167,240.053044516363,231.431363350957,101,v7.4.6,gap_tied_weak_links_phase3_seed,/Users/asewaket/Documents/LTSpice Superconducting Circuit/matlab_v7_4_6_files/outputs/v7_4_6_as006_gap_weaklink_v800_phase3_seed_101/AS006_v7_4_6_gap_weaklink_scores.csv
AS006,crack_tunnel_a4_1_g0_2_p0_2,"tunnel/crack-like links, alpha=4.1, tau=0.2, p=0.2",tear_lane,crack_tunnel,shape,4.1,0.999999999999997,0.2,0.2,0.839651416122003,0.2,0.200435729847495,2.41607966054516e-07,4.96083638160373e-07,0.111219355791531,127.10225786935,0.20026590996254,0.248715131213583,0.277962037040243,0.173150736245437,0.0497424334718944,0.205683718297796,0.267867172961415,0.295814455585871,0.156925627267521,0.0467190871678873,239.666577290455,238.870361114985,101,v7.4.6,gap_tied_weak_links_phase3_seed,/Users/asewaket/Documents/LTSpice Superconducting Circuit/matlab_v7_4_6_files/outputs/v7_4_6_as006_gap_weaklink_v800_phase3_seed_101/AS006_v7_4_6_gap_weaklink_scores.csv
AS006,contact_relaxed_a3_3_g0_1_p0_3,"contact-relaxed SNS links, alpha=3.3, tau=0.1, p=0.3",contact_relaxation,contact_relaxed,shape,3.3,1,0.1,0.3,0.72980392156863,0.1,0.300217864923747,1.8151003738761e-07,1.3819715318765e-06,0.0441433197252112,35.817138501624,0.200484338668194,0.236020508760873,0.302264555784154,0.150657028676621,0.0491169261120541,0.211831419902219,0.261923975601672,0.326995715948284,0.13820215321258,0.0522379294842012,241.099057353076,231.907991750802,101,v7.4.6,gap_tied_weak_links_phase3_seed,/Users/asewaket/Documents/LTSpice Superconducting Circuit/matlab_v7_4_6_files/outputs/v7_4_6_as006_gap_weaklink_v800_phase3_seed_101/AS006_v7_4_6_gap_weaklink_scores.csv
AS006,boundary_sns_a4_1_g0_2_p0_3,"SNS-like boundary constriction, alpha=4.1, tau=0.2, p=0.3",boundary_lane,boundary_constriction,shape,4.1,0.999999999999997,0.2,0.3,0.747276688453157,0.2,0.315904139433551,2.32957827131034e-07,3.92108460721001e-07,0.120611489743205,142.16963752301,0.20063609465285,0.249647533555689,0.277901009266503,0.17527199692255,0.0481161773389928,0.214003017489592,0.283212661839404,0.30921978637792,0.150173029240771,0.057951512896231,239.859845094243,226.461243500789,101,v7.4.6,gap_tied_weak_links_phase3_seed,/Users/asewaket/Documents/LTSpice Superconducting Circuit/matlab_v7_4_6_files/outputs/v7_4_6_as006_gap_weaklink_v800_phase3_seed_101/AS006_v7_4_6_gap_weaklink_scores.csv
AS006,crack_tunnel_a3_3_g0_1_p0_1,"tunnel/crack-like links, alpha=3.3, tau=0.1, p=0.1",tear_lane,crack_tunnel,shape,3.3,1,0.1,0.1,0.909803921568628,0.1,0.100217864923747,9.73113630208125e-08,3.85693116362186e-07,0.109064057812671,149.397234544061,0.200659290468744,0.243161575571763,0.281081146923053,0.175565827443266,0.0487855853525297,0.205599299167326,0.252270024067976,0.289294910945555,0.168431981072145,0.0589204012737523,239.617437694961,248.322460840213,101,v7.4.6,gap_tied_weak_links_phase3_seed,/Users/asewaket/Documents/LTSpice Superconducting Circuit/matlab_v7_4_6_files/outputs/v7_4_6_as006_gap_weaklink_v800_phase3_seed_101/AS006_v7_4_6_gap_weaklink_scores.csv
AS006,contact_relaxed_a3_7_g0_05_p0_3,"contact-relaxed SNS links, alpha=3.7, tau=0.05, p=0.3",contact_relaxation,contact_relaxed,shape,3.7,0,0.05,0.3,0.714793028322441,0.05,0.300217864923747,1.90520985834729e-07,2.90115723006966e-06,0.0494940251464489,19.1296269559943,0.200704899065537,0.23684076772315,0.302745329894352,0.15020906306302,0.0491180714606426,0.211226446193871,0.260616344560408,0.325518059437183,0.138710070869283,0.052471693807274,242.110873373737,232.719082076735,101,v7.4.6,gap_tied_weak_links_phase3_seed,/Users/asewaket/Documents/LTSpice Superconducting Circuit/matlab_v7_4_6_files/outputs/v7_4_6_as006_gap_weaklink_v800_phase3_seed_101/AS006_v7_4_6_gap_weaklink_scores.csv
AS006,crack_tunnel_a3_7_g0_05_p0_1,"tunnel/crack-like links, alpha=3.7, tau=0.05, p=0.1",tear_lane,crack_tunnel,shape,3.7,0,0.05,0.1,0.904793028322441,0.05,0.100217864923747,5.55971807941347e-08,4.40718313992898e-07,0.122283943608147,146.592291121576,0.200811336733867,0.244127827743684,0.27764424489131,0.17909939044672,0.050177189307458,0.205576712685838,0.252255507537892,0.284896808539782,0.172698392233331,0.0611856506550181,238.966246259274,249.990248456166,101,v7.4.6,gap_tied_weak_links_phase3_seed,/Users/asewaket/Documents/LTSpice Superconducting Circuit/matlab_v7_4_6_files/outputs/v7_4_6_as006_gap_weaklink_v800_phase3_seed_101/AS006_v7_4_6_gap_weaklink_scores.csv
AS006,boundary_sns_a4_1_g0_05_p0_3,"SNS-like boundary constriction, alpha=4.1, tau=0.05, p=0.3",boundary_lane,boundary_constriction,shape,4.1,0.999999999999997,0.05,0.3,0.699891067538129,0.05,0.315904139433551,5.98735550640403e-08,3.88247557137014e-07,0.120611489743205,138.289474401272,0.200971251725806,0.249835599543207,0.279371784436603,0.174090631982647,0.0485067463434596,0.202458816578809,0.238688157151379,0.268837048050243,0.187453287864246,0.0688244818244334,248.142900560701,259.740142090913,101,v7.4.6,gap_tied_weak_links_phase3_seed,/Users/asewaket/Documents/LTSpice Superconducting Circuit/matlab_v7_4_6_files/outputs/v7_4_6_as006_gap_weaklink_v800_phase3_seed_101/AS006_v7_4_6_gap_weaklink_scores.csv
AS006,boundary_sns_a3_7_g0_05_p0_3,"SNS-like boundary constriction, alpha=3.7, tau=0.05, p=0.3",boundary_lane,boundary_constriction,shape,3.7,0,0.05,0.3,0.699891067538129,0.05,0.315904139433551,5.40322326187681e-08,3.50369746684622e-07,0.108844515134112,138.289474401272,0.201145229516092,0.249689899145258,0.282968051860935,0.170191169738424,0.0481031955055323,0.201610094501383,0.234325909524873,0.268278200662943,0.187773876574023,0.0695203661043646,252.322776236642,259.85247634912,101,v7.4.6,gap_tied_weak_links_phase3_seed,/Users/asewaket/Documents/LTSpice Superconducting Circuit/matlab_v7_4_6_files/outputs/v7_4_6_as006_gap_weaklink_v800_phase3_seed_101/AS006_v7_4_6_gap_weaklink_scores.csv
AS006,combined_a4_1_g0_2_p0_1,"combined weak-link classes, alpha=4.1, tau=0.2, p=0.1",combined,boundary_constriction,shape,4.1,0.999999999999997,0.2,0.1,0.919825708061002,0.2,0.100217864923747,2.53742319648512e-07,4.75666201220758e-07,0.143397754552151,151.263882205831,0.201227543084318,0.249578500533415,0.280620060787028,0.174327011423368,0.0475653442316635,0.210591796207797,0.277456715668397,0.30621745608066,0.152547630691717,0.0489371788647846,239.653703794311,231.532433303761,101,v7.4.6,gap_tied_weak_links_phase3_seed,/Users/asewaket/Documents/LTSpice Superconducting Circuit/matlab_v7_4_6_files/outputs/v7_4_6_as006_gap_weaklink_v800_phase3_seed_101/AS006_v7_4_6_gap_weaklink_scores.csv
AS006,crack_tunnel_a4_1_g0_05_p0_1,"tunnel/crack-like links, alpha=4.1, tau=0.05, p=0.1",tear_lane,crack_tunnel,shape,4.1,0.999999999999997,0.05,0.1,0.904793028322441,0.05,0.100217864923747,6.1607686825933e-08,4.88363537127266e-07,0.135503829403622,146.592291121576,0.201769122642964,0.24794974152424,0.277441551555316,0.179597448941535,0.0508763452918566,0.206559623429968,0.256705808707652,0.285219186477648,0.172605544640661,0.0612018013054761,238.380754016003,250.039144776137,101,v7.4.6,gap_tied_weak_links_phase3_seed,/Users/asewaket/Documents/LTSpice Superconducting Circuit/matlab_v7_4_6_files/outputs/v7_4_6_as006_gap_weaklink_v800_phase3_seed_101/AS006_v7_4_6_gap_weaklink_scores.csv
AS006,combined_a3_3_g0_05_p0_05,"combined weak-link classes, alpha=3.3, tau=0.05, p=0.05",combined,boundary_constriction,shape,3.3,1,0.05,0.05,0.95239651416122,0.05,0.0501089324618736,5.14875607111941e-08,3.83087435619704e-07,0.119640449099053,159.093472801799,0.201959109968493,0.246784157553595,0.283743846104354,0.174229875719021,0.0486723169574709,0.209463278278776,0.270362358272029,0.3055820519659,0.155261388086699,0.0481087070731507,240.015430836879,234.456912443223,101,v7.4.6,gap_tied_weak_links_phase3_seed,/Users/asewaket/Documents/LTSpice Superconducting Circuit/matlab_v7_4_6_files/outputs/v7_4_6_as006_gap_weaklink_v800_phase3_seed_101/AS006_v7_4_6_gap_weaklink_scores.csv
AS006,crack_tunnel_a3_7_g0_1_p0_1,"tunnel/crack-like links, alpha=3.7, tau=0.1, p=0.1",tear_lane,crack_tunnel,shape,3.7,0,0.1,0.1,0.909803921568628,0.1,0.100217864923747,1.09106679750608e-07,4.3244379713336e-07,0.122283943608147,149.397234544061,0.201998826212334,0.248845714942481,0.28111333666324,0.175898970899266,0.0493263633344381,0.206981886426932,0.258448335301827,0.289763408457964,0.1683074574853,0.0589908101747687,239.103017742194,248.398623723179,101,v7.4.6,gap_tied_weak_links_phase3_seed,/Users/asewaket/Documents/LTSpice Superconducting Circuit/matlab_v7_4_6_files/outputs/v7_4_6_as006_gap_weaklink_v800_phase3_seed_101/AS006_v7_4_6_gap_weaklink_scores.csv
AS006,contact_relaxed_a3_3_g0_05_p0_2,"contact-relaxed SNS links, alpha=3.3, tau=0.05, p=0.2",contact_relaxation,contact_relaxed,shape,3.3,1,0.05,0.2,0.810000000000002,0.05,0.2,4.09870340657284e-08,7.75304457737647e-07,0.0415469609139559,73.4829718544659,0.202591718117444,0.244261308065506,0.29250141588345,0.16642910185927,0.0487834274015884,0.218787743725499,0.282758453284226,0.329584325039688,0.144193566033245,0.0541657389822584,236.025277463003,225.34081802472,101,v7.4.6,gap_tied_weak_links_phase3_seed,/Users/asewaket/Documents/LTSpice Superconducting Circuit/matlab_v7_4_6_files/outputs/v7_4_6_as006_gap_weaklink_v800_phase3_seed_101/AS006_v7_4_6_gap_weaklink_scores.csv
AS006,combined_a3_3_g0_1_p0_05,"combined weak-link classes, alpha=3.3, tau=0.1, p=0.05",combined,boundary_constriction,shape,3.3,1,0.1,0.05,0.954901960784314,0.1,0.0501089324618736,1.01521901458671e-07,3.77681175334676e-07,0.119640449099053,161.370792350102,0.202809350159635,0.250488706510473,0.286348169595705,0.171929325662435,0.0475370904171726,0.20972013197717,0.271928441062548,0.30624751157256,0.154946526274238,0.0470559157285253,240.257146440546,236.106080099877,101,v7.4.6,gap_tied_weak_links_phase3_seed,/Users/asewaket/Documents/LTSpice Superconducting Circuit/matlab_v7_4_6_files/outputs/v7_4_6_as006_gap_weaklink_v800_phase3_seed_101/AS006_v7_4_6_gap_weaklink_scores.csv
AS006,contact_relaxed_a4_1_g0_05_p0_3,"contact-relaxed SNS links, alpha=4.1, tau=0.05, p=0.3",contact_relaxation,contact_relaxed,shape,4.1,0.999999999999997,0.05,0.3,0.714793028322441,0.05,0.300217864923747,2.11117849168213e-07,3.21479584953666e-06,0.0548447305676866,19.1296269559943,0.202821861904352,0.245980034537942,0.303967061846739,0.149807682970604,0.0489273130387689,0.21334185218328,0.269610281169179,0.326467066551976,0.138667920367697,0.0524467128216424,242.350116917695,232.769961271802,101,v7.4.6,gap_tied_weak_links_phase3_seed,/Users/asewaket/Documents/LTSpice Superconducting Circuit/matlab_v7_4_6_files/outputs/v7_4_6_as006_gap_weaklink_v800_phase3_seed_101/AS006_v7_4_6_gap_weaklink_scores.csv
AS006,crack_tunnel_a3_3_g0_2_p0_1,"tunnel/crack-like links, alpha=3.3, tau=0.2, p=0.1",tear_lane,crack_tunnel,shape,3.3,1,0.2,0.1,0.919825708061001,0.2,0.100217864923747,1.88195206656766e-07,3.7331178382843e-07,0.109064057812671,154.499668544028,0.202830375298304,0.251822122275552,0.287281805083663,0.169574496438413,0.0476184747715424,0.207935760574176,0.26306979839955,0.297628794820363,0.160961776557185,0.0545563928392123,240.446477292289,245.351286972024,101,v7.4.6,gap_tied_weak_links_phase3_seed,/Users/asewaket/Documents/LTSpice Superconducting Circuit/matlab_v7_4_6_files/outputs/v7_4_6_as006_gap_weaklink_v800_phase3_seed_101/AS006_v7_4_6_gap_weaklink_scores.csv
AS006,contact_relaxed_a3_7_g0_1_p0_3,"contact-relaxed SNS links, alpha=3.7, tau=0.1, p=0.3",contact_relaxation,contact_relaxed,shape,3.7,0,0.1,0.3,0.72980392156863,0.1,0.300217864923747,2.03511254040654e-07,1.54948323271001e-06,0.0494940251464489,35.817138501624,0.202855750495981,0.246109332682365,0.303648484280007,0.15021411545228,0.0490169279921774,0.214203419872589,0.271900159112285,0.328129121802295,0.138146252201072,0.0522081618453045,241.277649470744,232.002423250816,101,v7.4.6,gap_tied_weak_links_phase3_seed,/Users/asewaket/Documents/LTSpice Superconducting Circuit/matlab_v7_4_6_files/outputs/v7_4_6_as006_gap_weaklink_v800_phase3_seed_101/AS006_v7_4_6_gap_weaklink_scores.csv
AS006,crack_tunnel_a4_1_g0_1_p0_1,"tunnel/crack-like links, alpha=4.1, tau=0.1, p=0.1",tear_lane,crack_tunnel,shape,4.1,0.999999999999997,0.1,0.1,0.909803921568628,0.1,0.100217864923747,1.20901996480403e-07,4.79194477904534e-07,0.135503829403622,149.397234544061,0.202868024417352,0.252409379191987,0.280839752784701,0.17636636285109,0.0500032219576837,0.207881709005372,0.262644778370431,0.290017556502879,0.168210982883295,0.0589693141722746,238.493730563972,248.478853802345,101,v7.4.6,gap_tied_weak_links_phase3_seed,/Users/asewaket/Documents/LTSpice Superconducting Circuit/matlab_v7_4_6_files/outputs/v7_4_6_as006_gap_weaklink_v800_phase3_seed_101/AS006_v7_4_6_gap_weaklink_scores.csv
AS006,boundary_sns_a3_3_g0_1_p0_2,"SNS-like boundary constriction, alpha=3.3, tau=0.1, p=0.2",boundary_lane,boundary_constriction,shape,3.3,1,0.1,0.2,0.800784313725492,0.1,0.221350762527233,9.28773210878454e-08,3.14094242748407e-07,0.112557004172258,160.322164014335,0.203207074154779,0.248231314587916,0.283805095162246,0.175465759530527,0.0518129402388919,0.206496072507358,0.262286791572679,0.296730623070691,0.163096688647441,0.047044119781099,240.037439741593,242.821285379278,101,v7.4.6,gap_tied_weak_links_phase3_seed,/Users/asewaket/Documents/LTSpice Superconducting Circuit/matlab_v7_4_6_files/outputs/v7_4_6_as006_gap_weaklink_v800_phase3_seed_101/AS006_v7_4_6_gap_weaklink_scores.csv
AS006,combined_a3_7_g0_05_p0_05,"combined weak-link classes, alpha=3.7, tau=0.05, p=0.05",combined,boundary_constriction,shape,3.7,0,0.05,0.05,0.95239651416122,0.05,0.0501089324618736,5.77284771610358e-08,4.29522276300881e-07,0.13414232171712,159.093472801799,0.203325470393164,0.252315683080847,0.28373354332383,0.174670512304806,0.0494398276872649,0.210858244244995,0.276535681796486,0.306055813375569,0.155221439062866,0.0481310671926609,239.302868057002,234.682356308051,101,v7.4.6,gap_tied_weak_links_phase3_seed,/Users/asewaket/Documents/LTSpice Superconducting Circuit/matlab_v7_4_6_files/outputs/v7_4_6_as006_gap_weaklink_v800_phase3_seed_101/AS006_v7_4_6_gap_weaklink_scores.csv
AS006,contact_relaxed_a3_3_g0_1_p0_2,"contact-relaxed SNS links, alpha=3.3, tau=0.1, p=0.2",contact_relaxation,contact_relaxed,shape,3.3,1,0.1,0.2,0.820000000000002,0.1,0.2,7.12241103479602e-08,6.73632180394147e-07,0.0415469609139559,84.5738628657006,0.203536470456451,0.248819098554393,0.295210528356928,0.162561253476577,0.0490432622575157,0.219424039960403,0.286053850112956,0.330934989560824,0.142287700469473,0.0540704923707768,236.576928130931,226.168343107654,101,v7.4.6,gap_tied_weak_links_phase3_seed,/Users/asewaket/Documents/LTSpice Superconducting Circuit/matlab_v7_4_6_files/outputs/v7_4_6_as006_gap_weaklink_v800_phase3_seed_101/AS006_v7_4_6_gap_weaklink_scores.csv
AS006,contact_relaxed_a3_7_g0_05_p0_2,"contact-relaxed SNS links, alpha=3.7, tau=0.05, p=0.2",contact_relaxation,contact_relaxed,shape,3.7,0,0.05,0.2,0.810000000000002,0.05,0.2,4.59551594070288e-08,8.69280755645241e-07,0.0465829561762536,73.4829718544659,0.20373194393471,0.250422439759005,0.290653867022705,0.168516949234582,0.048946826081585,0.220979168125117,0.292127699957146,0.330542842910923,0.144024408378192,0.0542876551015844,234.645498211047,224.096706664382,101,v7.4.6,gap_tied_weak_links_phase3_seed,/Users/asewaket/Documents/LTSpice Superconducting Circuit/matlab_v7_4_6_files/outputs/v7_4_6_as006_gap_weaklink_v800_phase3_seed_101/AS006_v7_4_6_gap_weaklink_scores.csv
AS006,boundary_sns_a3_3_g0_2_p0_2,"SNS-like boundary constriction, alpha=3.3, tau=0.2, p=0.2",boundary_lane,boundary_constriction,shape,3.3,1,0.2,0.2,0.822919389978212,0.2,0.221350762527233,1.8430864371645e-07,3.146541877944e-07,0.112557004172258,161.579975897013,0.203786790041158,0.253549935377745,0.287586666371579,0.170877152266199,0.0485109083450303,0.21299940171221,0.279579996338432,0.311815618914005,0.151527904277403,0.0503297987763543,240.258069101995,232.182186098527,101,v7.4.6,gap_tied_weak_links_phase3_seed,/Users/asewaket/Documents/LTSpice Superconducting Circuit/matlab_v7_4_6_files/outputs/v7_4_6_as006_gap_weaklink_v800_phase3_seed_101/AS006_v7_4_6_gap_weaklink_scores.csv
AS006,contact_relaxed_a3_3_g0_2_p0_3,"contact-relaxed SNS links, alpha=3.3, tau=0.2, p=0.3",contact_relaxation,contact_relaxed,shape,3.3,1,0.2,0.3,0.759825708061001,0.2,0.300217864923747,2.02881655861178e-07,7.78258639411737e-07,0.0441433197252112,64.0882993679369,0.203817289633013,0.250045039053407,0.303762439397686,0.150688236244224,0.0490968448604294,0.216418816886053,0.279031714260806,0.331189899724496,0.13739750836297,0.0517331601978764,239.667916748647,230.889463752798,101,v7.4.6,gap_tied_weak_links_phase3_seed,/Users/asewaket/Documents/LTSpice Superconducting Circuit/matlab_v7_4_6_files/outputs/v7_4_6_as006_gap_weaklink_v800_phase3_seed_101/AS006_v7_4_6_gap_weaklink_scores.csv
AS006,combined_a3_7_g0_1_p0_05,"combined weak-link classes, alpha=3.7, tau=0.1, p=0.05",combined,boundary_constriction,shape,3.7,0,0.1,0.05,0.954901960784314,0.1,0.0501089324618736,1.13827586483964e-07,4.23460711738879e-07,0.13414232171712,161.370792350102,0.203984158285598,0.255511475369191,0.286003445683935,0.172601708024719,0.0481511510810126,0.21106576197524,0.27789985872407,0.306665295498076,0.154898806924441,0.0471411753749467,239.352127978373,236.259447317495,101,v7.4.6,gap_tied_weak_links_phase3_seed,/Users/asewaket/Documents/LTSpice Superconducting Circuit/matlab_v7_4_6_files/outputs/v7_4_6_as006_gap_weaklink_v800_phase3_seed_101/AS006_v7_4_6_gap_weaklink_scores.csv
AS006,crack_tunnel_a3_7_g0_2_p0_1,"tunnel/crack-like links, alpha=3.7, tau=0.2, p=0.1",tear_lane,crack_tunnel,shape,3.7,0,0.2,0.1,0.919825708061001,0.2,0.100217864923747,2.11006746857587e-07,4.18561697019754e-07,0.122283943608147,154.499668544028,0.204052440401355,0.257098517058903,0.287298612576293,0.169752280273425,0.0482007625975798,0.20917568950288,0.268781017297042,0.298009259655795,0.160804383734104,0.0545757461520859,239.79761898197,245.654539597808,101,v7.4.6,gap_tied_weak_links_phase3_seed,/Users/asewaket/Documents/LTSpice Superconducting Circuit/matlab_v7_4_6_files/outputs/v7_4_6_as006_gap_weaklink_v800_phase3_seed_101/AS006_v7_4_6_gap_weaklink_scores.csv
AS006,combined_a4_1_g0_05_p0_05,"combined weak-link classes, alpha=4.1, tau=0.05, p=0.05",combined,boundary_constriction,shape,4.1,0.999999999999997,0.05,0.05,0.95239651416122,0.05,0.0501089324618736,6.39693936108775e-08,4.75957116982057e-07,0.148644194335187,159.093472801799,0.204205269505408,0.255692976072675,0.283311674976027,0.175350034339144,0.0503503973223899,0.211791178465816,0.280791936856124,0.306314440738953,0.155196144635592,0.0481185033852999,238.481500183823,234.819744460615,101,v7.4.6,gap_tied_weak_links_phase3_seed,/Users/asewaket/Documents/LTSpice Superconducting Circuit/matlab_v7_4_6_files/outputs/v7_4_6_as006_gap_weaklink_v800_phase3_seed_101/AS006_v7_4_6_gap_weaklink_scores.csv
AS006,boundary_sns_a3_7_g0_1_p0_2,"SNS-like boundary constriction, alpha=3.7, tau=0.1, p=0.2",boundary_lane,boundary_constriction,shape,3.7,0,0.1,0.2,0.800784313725492,0.1,0.221350762527233,1.04135178189402e-07,3.52166272172456e-07,0.126200277405259,160.322164014335,0.204355089100762,0.253428634112866,0.28400821975643,0.175584386319758,0.0518519439174906,0.207744517106708,0.267882322706262,0.297184957783012,0.162992273873131,0.0470262443655929,239.954290298879,242.657014546617,101,v7.4.6,gap_tied_weak_links_phase3_seed,/Users/asewaket/Documents/LTSpice Superconducting Circuit/matlab_v7_4_6_files/outputs/v7_4_6_as006_gap_weaklink_v800_phase3_seed_101/AS006_v7_4_6_gap_weaklink_scores.csv
AS006,boundary_sns_a3_3_g0_05_p0_2,"SNS-like boundary constriction, alpha=3.3, tau=0.05, p=0.2",boundary_lane,boundary_constriction,shape,3.3,1,0.05,0.2,0.78971677559913,0.05,0.221350762527233,4.53920233814788e-08,3.07015168909504e-07,0.112557004172258,164.018829690827,0.204530494933192,0.249859649173074,0.286253472789611,0.174021777360733,0.0543220264101491,0.210970314524388,0.235396996561834,0.271718005846791,0.195649283053145,0.0993864620117897,242.325435851196,272.444788626486,101,v7.4.6,gap_tied_weak_links_phase3_seed,/Users/asewaket/Documents/LTSpice Superconducting Circuit/matlab_v7_4_6_files/outputs/v7_4_6_as006_gap_weaklink_v800_phase3_seed_101/AS006_v7_4_6_gap_weaklink_scores.csv
AS006,combined_a3_3_g0_4_p0_2,"combined weak-link classes, alpha=3.3, tau=0.4, p=0.2",combined,boundary_constriction,shape,3.3,1,0.4,0.2,0.879999999999999,0.4,0.2,3.932524250261e-07,3.92821685829647e-07,0.110260135009435,151.284748184893,0.204576010639812,0.259221444111461,0.294315428242997,0.160748115299974,0.0476714655373896,0.214273829987454,0.283666878833637,0.317346440303277,0.145260159216128,0.050770801552737,241.859840500289,232.348093973747,101,v7.4.6,gap_tied_weak_links_phase3_seed,/Users/asewaket/Documents/LTSpice Superconducting Circuit/matlab_v7_4_6_files/outputs/v7_4_6_as006_gap_weaklink_v800_phase3_seed_101/AS006_v7_4_6_gap_weaklink_scores.csv
AS006,contact_relaxed_a3_7_g0_1_p0_2,"contact-relaxed SNS links, alpha=3.7, tau=0.1, p=0.2",contact_relaxation,contact_relaxed,shape,3.7,0,0.1,0.2,0.820000000000002,0.1,0.2,7.98573358446827e-08,7.55284565896468e-07,0.0465829561762536,84.5738628657006,0.204587237536935,0.254370646118035,0.293793484640826,0.164161789332939,0.0492247067790192,0.221411997458716,0.294461101014254,0.331953962588503,0.142079758707695,0.0540797533648278,235.334046958883,225.152580985856,101,v7.4.6,gap_tied_weak_links_phase3_seed,/Users/asewaket/Documents/LTSpice Superconducting Circuit/matlab_v7_4_6_files/outputs/v7_4_6_as006_gap_weaklink_v800_phase3_seed_101/AS006_v7_4_6_gap_weaklink_scores.csv
AS006,combined_a3_3_g0_4_p0_3,"combined weak-link classes, alpha=3.3, tau=0.4, p=0.3",combined,boundary_constriction,shape,3.3,1,0.4,0.3,0.81986928104575,0.4,0.300217864923747,3.70824475342536e-07,4.21060244515827e-07,0.0928307285466638,134.948635090694,0.204679459656061,0.26019235469924,0.295538278281713,0.158287882819481,0.0481531030637176,0.212950415448147,0.281483416163704,0.315701175477427,0.145041211682706,0.0494900893881529,242.420666080552,234.576471583002,101,v7.4.6,gap_tied_weak_links_phase3_seed,/Users/asewaket/Documents/LTSpice Superconducting Circuit/matlab_v7_4_6_files/outputs/v7_4_6_as006_gap_weaklink_v800_phase3_seed_101/AS006_v7_4_6_gap_weaklink_scores.csv
AS006,crack_tunnel_a3_3_g0_05_p0_05,"tunnel/crack-like links, alpha=3.3, tau=0.05, p=0.05",tear_lane,crack_tunnel,shape,3.3,1,0.05,0.05,0.951982570806101,0.05,0.0505446623093682,4.89041870457442e-08,3.73579847547532e-07,0.118059557913355,163.138686336025,0.204704986746352,0.256088844928915,0.291285644208274,0.167789737398218,0.0479490396905928,0.20946154289942,0.263606014222436,0.298111012858536,0.162695644095963,0.0586378726522736,241.375347172039,248.013408443424,101,v7.4.6,gap_tied_weak_links_phase3_seed,/Users/asewaket/Documents/LTSpice Superconducting Circuit/matlab_v7_4_6_files/outputs/v7_4_6_as006_gap_weaklink_v800_phase3_seed_101/AS006_v7_4_6_gap_weaklink_scores.csv
AS006,boundary_sns_a3_7_g0_2_p0_2,"SNS-like boundary constriction, alpha=3.7, tau=0.2, p=0.2",boundary_lane,boundary_constriction,shape,3.7,0,0.2,0.2,0.822919389978212,0.2,0.221350762527233,2.0664908537905e-07,3.52794089345236e-07,0.126200277405259,161.579975897013,0.204730695613221,0.258226200467755,0.287442402648588,0.171180899189586,0.0484269489763384,0.214175076230192,0.284924643485266,0.312182326798066,0.151428924258574,0.05034551044586,240.076900167765,231.894464770613,101,v7.4.6,gap_tied_weak_links_phase3_seed,/Users/asewaket/Documents/LTSpice Superconducting Circuit/matlab_v7_4_6_files/outputs/v7_4_6_as006_gap_weaklink_v800_phase3_seed_101/AS006_v7_4_6_gap_weaklink_scores.csv
AS006,combined_a4_1_g0_1_p0_05,"combined weak-link classes, alpha=4.1, tau=0.1, p=0.05",combined,boundary_constriction,shape,4.1,0.999999999999997,0.1,0.05,0.954901960784314,0.1,0.0501089324618736,1.26133271509258e-07,4.69240248143082e-07,0.148644194335187,161.370792350102,0.204733713587097,0.258569660320856,0.28541031505376,0.173358723188912,0.0489324522844105,0.211951947442699,0.281974120672083,0.306882001903213,0.154860141924406,0.0471669358052829,238.424307202155,236.387955792588,101,v7.4.6,gap_tied_weak_links_phase3_seed,/Users/asewaket/Documents/LTSpice Superconducting Circuit/matlab_v7_4_6_files/outputs/v7_4_6_as006_gap_weaklink_v800_phase3_seed_101/AS006_v7_4_6_gap_weaklink_scores.csv
AS006,contact_relaxed_a4_1_g0_05_p0_2,"contact-relaxed SNS links, alpha=4.1, tau=0.05, p=0.2",contact_relaxation,contact_relaxed,shape,4.1,0.999999999999997,0.05,0.2,0.810000000000002,0.05,0.2,5.09232847483292e-08,9.63257053552834e-07,0.0516189514385513,73.4829718544659,0.204750772528707,0.25519768040825,0.289970269322487,0.169551864894928,0.0491683798022731,0.222576359605103,0.298803739555943,0.331351463080842,0.143869799285748,0.0543757489709155,233.848047008362,223.495435816018,101,v7.4.6,gap_tied_weak_links_phase3_seed,/Users/asewaket/Documents/LTSpice Superconducting Circuit/matlab_v7_4_6_files/outputs/v7_4_6_as006_gap_weaklink_v800_phase3_seed_101/AS006_v7_4_6_gap_weaklink_scores.csv
AS006,crack_tunnel_a4_1_g0_2_p0_1,"tunnel/crack-like links, alpha=4.1, tau=0.2, p=0.1",tear_lane,crack_tunnel,shape,4.1,0.999999999999997,0.2,0.1,0.919825708061001,0.2,0.100217864923747,2.33818287058407e-07,4.63811610211079e-07,0.135503829403622,154.499668544028,0.204827904390697,0.260307703939932,0.286962885004963,0.170152343111231,0.0489563403658286,0.209978499407773,0.272637808632376,0.298207231045594,0.160686702628396,0.054533655791205,239.048581309488,245.887382529607,101,v7.4.6,gap_tied_weak_links_phase3_seed,/Users/asewaket/Documents/LTSpice Superconducting Circuit/matlab_v7_4_6_files/outputs/v7_4_6_as006_gap_weaklink_v800_phase3_seed_101/AS006_v7_4_6_gap_weaklink_scores.csv
AS006,combined_a3_3_g0_2_p0_05,"combined weak-link classes, alpha=3.3, tau=0.2, p=0.05",combined,boundary_constriction,shape,3.3,1,0.2,0.05,0.959912854030501,0.2,0.0501089324618736,1.98266859999551e-07,3.68795597987446e-07,0.119640449099053,165.258779801241,0.204940396578366,0.258362127928261,0.292209027326437,0.166347910050113,0.0470391695796596,0.211353490535813,0.276973521721381,0.309571073370911,0.152595469595763,0.0473002155638855,241.07981619213,237.899261864111,101,v7.4.6,gap_tied_weak_links_phase3_seed,/Users/asewaket/Documents/LTSpice Superconducting Circuit/matlab_v7_4_6_files/outputs/v7_4_6_as006_gap_weaklink_v800_phase3_seed_101/AS006_v7_4_6_gap_weaklink_scores.csv
AS006,contact_relaxed_a4_1_g0_1_p0_3,"contact-relaxed SNS links, alpha=4.1, tau=0.1, p=0.3",contact_relaxation,contact_relaxed,shape,4.1,0.999999999999997,0.1,0.3,0.72980392156863,0.1,0.300217864923747,2.25512470693697e-07,1.71699493354353e-06,0.0548447305676866,35.817138501624,0.204954703883364,0.255038518969153,0.304952666511432,0.149696150074163,0.0489476464599587,0.216167530724926,0.280375826314719,0.32893060623803,0.138116149423812,0.0521880796135916,241.55785425289,232.218672130596,101,v7.4.6,gap_tied_weak_links_phase3_seed,/Users/asewaket/Documents/LTSpice Superconducting Circuit/matlab_v7_4_6_files/outputs/v7_4_6_as006_gap_weaklink_v800_phase3_seed_101/AS006_v7_4_6_gap_weaklink_scores.csv
AS006,combined_a4_1_g0_4_p0_3,"combined weak-link classes, alpha=4.1, tau=0.4, p=0.3",combined,boundary_constriction,shape,4.1,0.999999999999997,0.4,0.3,0.81986928104575,0.4,0.300217864923747,4.60721317849817e-07,5.23135455307542e-07,0.115335147588279,134.948635090694,0.204995575604461,0.264026819382553,0.29182848509166,0.161622002522734,0.0482237065759293,0.214972159572361,0.29039191888817,0.316562088515216,0.144807565247157,0.0494757675130609,240.207980304831,232.527942558514,101,v7.4.6,gap_tied_weak_links_phase3_seed,/Users/asewaket/Documents/LTSpice Superconducting Circuit/matlab_v7_4_6_files/outputs/v7_4_6_as006_gap_weaklink_v800_phase3_seed_101/AS006_v7_4_6_gap_weaklink_scores.csv
AS006,combined_a3_7_g0_4_p0_3,"combined weak-link classes, alpha=3.7, tau=0.4, p=0.3",combined,boundary_constriction,shape,3.7,0,0.4,0.3,0.81986928104575,0.4,0.300217864923747,4.15772896596177e-07,4.72097849911684e-07,0.104082938067472,134.948635090694,0.205066529166276,0.263040573582393,0.294025833097686,0.159680600869592,0.0481461132410466,0.214107497454048,0.286559209282742,0.316209941584866,0.144907256522054,0.0494768095614141,241.462550463836,233.655780448337,101,v7.4.6,gap_tied_weak_links_phase3_seed,/Users/asewaket/Documents/LTSpice Superconducting Circuit/matlab_v7_4_6_files/outputs/v7_4_6_as006_gap_weaklink_v800_phase3_seed_101/AS006_v7_4_6_gap_weaklink_scores.csv
AS006,boundary_sns_a4_1_g0_1_p0_2,"SNS-like boundary constriction, alpha=4.1, tau=0.1, p=0.2",boundary_lane,boundary_constriction,shape,4.1,0.999999999999997,0.1,0.2,0.800784313725492,0.1,0.221350762527233,1.15393035290959e-07,3.90238301596505e-07,0.13984355063826,160.322164014335,0.205070598735868,0.256917032019014,0.284035699818701,0.175697721404548,0.0517513352219175,0.208566200837801,0.27172915855706,0.297431112574909,0.162919046511688,0.0469485904862436,239.914007814247,242.486016142327,101,v7.4.6,gap_tied_weak_links_phase3_seed,/Users/asewaket/Documents/LTSpice Superconducting Circuit/matlab_v7_4_6_files/outputs/v7_4_6_as006_gap_weaklink_v800_phase3_seed_101/AS006_v7_4_6_gap_weaklink_scores.csv
AS006,crack_tunnel_a3_3_g0_4_p0_3,"tunnel/crack-like links, alpha=3.3, tau=0.4, p=0.3",tear_lane,crack_tunnel,shape,3.3,1,0.4,0.3,0.819869281045749,0.4,0.300217864923747,3.46746970265223e-07,4.11051594671396e-07,0.0815570698037585,128.914407310697,0.205099764408286,0.26253287540958,0.297841185921002,0.154122289476894,0.049091009423979,0.207275141382549,0.269006288253356,0.30380247843553,0.149820809550825,0.0484390694586793,243.541026115715,246.723223375642,101,v7.4.6,gap_tied_weak_links_phase3_seed,/Users/asewaket/Documents/LTSpice Superconducting Circuit/matlab_v7_4_6_files/outputs/v7_4_6_as006_gap_weaklink_v800_phase3_seed_101/AS006_v7_4_6_gap_weaklink_scores.csv
AS006,boundary_sns_a3_3_g0_4_p0_3,"SNS-like boundary constriction, alpha=3.3, tau=0.4, p=0.3",boundary_lane,boundary_constriction,shape,3.3,1,0.4,0.3,0.810457516339867,0.4,0.315904139433551,3.46563140214428e-07,3.58594449665932e-07,0.0970775405250188,153.837378890052,0.205155511942848,0.262061186774989,0.295124889715282,0.159766944387167,0.047539135453548,0.216821489476113,0.288818499909405,0.320505757583072,0.143727637887878,0.0547443243409375,242.391398390678,229.852839032925,101,v7.4.6,gap_tied_weak_links_phase3_seed,/Users/asewaket/Documents/LTSpice Superconducting Circuit/matlab_v7_4_6_files/outputs/v7_4_6_as006_gap_weaklink_v800_phase3_seed_101/AS006_v7_4_6_gap_weaklink_scores.csv
AS006,combined_a3_7_g0_4_p0_2,"combined weak-link classes, alpha=3.7, tau=0.4, p=0.2",combined,boundary_constriction,shape,3.7,0,0.4,0.2,0.879999999999999,0.4,0.2,4.40919385635324e-07,4.4043643562718e-07,0.123624999859064,151.284748184893,0.205250727511006,0.263237366921316,0.293081265615165,0.161955722791278,0.0476794023180783,0.215566623830438,0.289487956773506,0.317771764131497,0.145182203781867,0.05076682042123,241.073496638149,231.594993001786,101,v7.4.6,gap_tied_weak_links_phase3_seed,/Users/asewaket/Documents/LTSpice Superconducting Circuit/matlab_v7_4_6_files/outputs/v7_4_6_as006_gap_weaklink_v800_phase3_seed_101/AS006_v7_4_6_gap_weaklink_scores.csv
AS006,boundary_sns_a4_1_g0_2_p0_2,"SNS-like boundary constriction, alpha=4.1, tau=0.2, p=0.2",boundary_lane,boundary_constriction,shape,4.1,0.999999999999997,0.2,0.2,0.822919389978212,0.2,0.221350762527233,2.2898952704165e-07,3.90933990896073e-07,0.13984355063826,161.579975897013,0.205264407995862,0.261159030375713,0.287033925064951,0.171616973921856,0.0483324233376137,0.214966220862855,0.28864490178495,0.312374368511054,0.151355675182014,0.0503364636574628,239.840192181575,231.57182934626,101,v7.4.6,gap_tied_weak_links_phase3_seed,/Users/asewaket/Documents/LTSpice Superconducting Circuit/matlab_v7_4_6_files/outputs/v7_4_6_as006_gap_weaklink_v800_phase3_seed_101/AS006_v7_4_6_gap_weaklink_scores.csv
AS006,contact_relaxed_a3_3_g0_2_p0_2,"contact-relaxed SNS links, alpha=3.3, tau=0.2, p=0.2",contact_relaxation,contact_relaxed,shape,3.3,1,0.2,0.2,0.839999999999998,0.2,0.2,1.16034931274286e-07,5.48724746257365e-07,0.0415469609139559,103.82559932855,0.205330321589509,0.256680765729802,0.299369224659109,0.157830999769437,0.0487859493525087,0.220889255351211,0.292653034718236,0.333673028123293,0.139875569730017,0.0530209806595355,237.073186869238,227.103671062445,101,v7.4.6,gap_tied_weak_links_phase3_seed,/Users/asewaket/Documents/LTSpice Superconducting Circuit/matlab_v7_4_6_files/outputs/v7_4_6_as006_gap_weaklink_v800_phase3_seed_101/AS006_v7_4_6_gap_weaklink_scores.csv
AS006,crack_tunnel_a3_3_g0_4_p0_2,"tunnel/crack-like links, alpha=3.3, tau=0.4, p=0.2",tear_lane,crack_tunnel,shape,3.3,1,0.4,0.2,0.879738562091502,0.4,0.200435729847495,3.43677188618191e-07,3.92661460924767e-07,0.0895180180761103,143.838083075584,0.205366451596891,0.262843012098718,0.296930176566032,0.157029101300775,0.0480750602692138,0.209916060311952,0.276252349334969,0.30961672765359,0.147941316502525,0.0465720332028529,242.770493130021,241.040965861619,101,v7.4.6,gap_tied_weak_links_phase3_seed,/Users/asewaket/Documents/LTSpice Superconducting Circuit/matlab_v7_4_6_files/outputs/v7_4_6_as006_gap_weaklink_v800_phase3_seed_101/AS006_v7_4_6_gap_weaklink_scores.csv
AS006,combined_a4_1_g0_4_p0_2,"combined weak-link classes, alpha=4.1, tau=0.4, p=0.2",combined,boundary_constriction,shape,4.1,0.999999999999997,0.4,0.2,0.879999999999999,0.4,0.2,4.88586346244548e-07,4.88051185424713e-07,0.136989864708692,151.284748184893,0.205403251066289,0.264971545364316,0.291322544686157,0.163579738380004,0.0477555837913513,0.216459467085576,0.29352412461211,0.318065357575884,0.145114828463309,0.0507652994788385,240.047205442257,230.699680077879,101,v7.4.6,gap_tied_weak_links_phase3_seed,/Users/asewaket/Documents/LTSpice Superconducting Circuit/matlab_v7_4_6_files/outputs/v7_4_6_as006_gap_weaklink_v800_phase3_seed_101/AS006_v7_4_6_gap_weaklink_scores.csv
AS006,contact_relaxed_a4_1_g0_1_p0_2,"contact-relaxed SNS links, alpha=4.1, tau=0.1, p=0.2",contact_relaxation,contact_relaxed,shape,4.1,0.999999999999997,0.1,0.2,0.820000000000002,0.1,0.2,8.84905613414051e-08,8.36936951398788e-07,0.0516189514385513,84.5738628657006,0.205427666253948,0.258495436034743,0.293086749867713,0.165112835446803,0.0493500386579976,0.222859593463627,0.300496118168818,0.332773091121472,0.141902096145728,0.0540713195045789,234.547411796185,224.528145679029,101,v7.4.6,gap_tied_weak_links_phase3_seed,/Users/asewaket/Documents/LTSpice Superconducting Circuit/matlab_v7_4_6_files/outputs/v7_4_6_as006_gap_weaklink_v800_phase3_seed_101/AS006_v7_4_6_gap_weaklink_scores.csv
AS006,combined_a3_3_g0_4_p0_1,"combined weak-link classes, alpha=3.3, tau=0.4, p=0.1",combined,boundary_constriction,shape,3.3,1,0.4,0.1,0.939869281045751,0.4,0.100217864923747,3.79319167677718e-07,3.76760915518009e-07,0.115417704883439,162.885879842229,0.205556163059247,0.261670196600687,0.296152565665221,0.160651195801468,0.0470296340295775,0.21327387677699,0.282710813296377,0.315879385858321,0.146796466857856,0.0473740617641918,242.085661653799,235.011869830652,101,v7.4.6,gap_tied_weak_links_phase3_seed,/Users/asewaket/Documents/LTSpice Superconducting Circuit/matlab_v7_4_6_files/outputs/v7_4_6_as006_gap_weaklink_v800_phase3_seed_101/AS006_v7_4_6_gap_weaklink_scores.csv
AS006,boundary_sns_a4_1_g0_4_p0_3,"SNS-like boundary constriction, alpha=4.1, tau=0.4, p=0.3",boundary_lane,boundary_constriction,shape,4.1,0.999999999999997,0.4,0.3,0.810457516339867,0.4,0.315904139433551,4.30578446933077e-07,4.45526437463733e-07,0.120611489743205,153.837378890052,0.205624392245255,0.266481376619527,0.291710285037228,0.16289535020914,0.0475283980301739,0.218793068511073,0.297724703685325,0.321115438085351,0.14363579994345,0.0547438722913655,240.536256287959,227.981576100123,101,v7.4.6,gap_tied_weak_links_phase3_seed,/Users/asewaket/Documents/LTSpice Superconducting Circuit/matlab_v7_4_6_files/outputs/v7_4_6_as006_gap_weaklink_v800_phase3_seed_101/AS006_v7_4_6_gap_weaklink_scores.csv
AS006,boundary_sns_a3_7_g0_4_p0_3,"SNS-like boundary constriction, alpha=3.7, tau=0.4, p=0.3",boundary_lane,boundary_constriction,shape,3.7,0,0.4,0.3,0.810457516339867,0.4,0.315904139433551,3.88570793573752e-07,4.02060443564832e-07,0.108844515134112,153.837378890052,0.205670654718665,0.265392782361581,0.293797037346974,0.161043251289611,0.0475116117625246,0.217992608361748,0.294043810953064,0.320904244377295,0.14366968595282,0.054749695754384,241.63255775193,229.020567773021,101,v7.4.6,gap_tied_weak_links_phase3_seed,/Users/asewaket/Documents/LTSpice Superconducting Circuit/matlab_v7_4_6_files/outputs/v7_4_6_as006_gap_weaklink_v800_phase3_seed_101/AS006_v7_4_6_gap_weaklink_scores.csv
AS006,combined_a3_7_g0_2_p0_05,"combined weak-link classes, alpha=3.7, tau=0.2, p=0.05",combined,boundary_constriction,shape,3.7,0,0.2,0.05,0.959912854030501,0.2,0.0501089324618736,2.22299206666164e-07,4.13498094713197e-07,0.13414232171712,165.258779801241,0.205736998094881,0.262321404286828,0.291168173902759,0.167488047556092,0.0474592224126344,0.212587832270256,0.28254086713642,0.309933445367337,0.152502027878991,0.0473872299732836,239.858142908115,237.758020363592,101,v7.4.6,gap_tied_weak_links_phase3_seed,/Users/asewaket/Documents/LTSpice Superconducting Circuit/matlab_v7_4_6_files/outputs/v7_4_6_as006_gap_weaklink_v800_phase3_seed_101/AS006_v7_4_6_gap_weaklink_scores.csv
AS006,crack_tunnel_a3_7_g0_05_p0_05,"tunnel/crack-like links, alpha=3.7, tau=0.05, p=0.05",tear_lane,crack_tunnel,shape,3.7,0,0.05,0.05,0.951982570806101,0.05,0.0505446623093682,5.48319672937131e-08,4.1886225331087e-07,0.132369807357398,163.138686336025,0.205834427643197,0.260980051236712,0.290873270819102,0.168566187445301,0.0484561287392171,0.210792077555867,0.269488207309266,0.29858936222269,0.16262909311272,0.0586544301894631,240.428388721473,248.072834638929,101,v7.4.6,gap_tied_weak_links_phase3_seed,/Users/asewaket/Documents/LTSpice Superconducting Circuit/matlab_v7_4_6_files/outputs/v7_4_6_as006_gap_weaklink_v800_phase3_seed_101/AS006_v7_4_6_gap_weaklink_scores.csv
AS006,crack_tunnel_a3_3_g0_1_p0_05,"tunnel/crack-like links, alpha=3.3, tau=0.1, p=0.05",tear_lane,crack_tunnel,shape,3.3,1,0.1,0.05,0.954509803921569,0.1,0.0505446623093682,9.6717614882408e-08,3.69413684242761e-07,0.118059557913355,164.978527244991,0.205846941425995,0.260187572499637,0.294215757434039,0.165324158367947,0.0475143611608368,0.210682203033773,0.268085293101334,0.301435413770674,0.160077615019503,0.057716729194473,241.813269044476,247.16258985241,101,v7.4.6,gap_tied_weak_links_phase3_seed,/Users/asewaket/Documents/LTSpice Superconducting Circuit/matlab_v7_4_6_files/outputs/v7_4_6_as006_gap_weaklink_v800_phase3_seed_101/AS006_v7_4_6_gap_weaklink_scores.csv
AS006,crack_tunnel_a3_7_g0_4_p0_3,"tunnel/crack-like links, alpha=3.7, tau=0.4, p=0.3",tear_lane,crack_tunnel,shape,3.7,0,0.4,0.3,0.819869281045749,0.4,0.300217864923747,3.88776906054947e-07,4.60876030389141e-07,0.0914427752345172,128.914407310697,0.205948619994507,0.266925983710266,0.296892599445988,0.155119993772736,0.0493550750158676,0.208627257864737,0.274925374220553,0.30431627362258,0.149723792777567,0.0485026952916565,242.737228689148,246.131785063608,101,v7.4.6,gap_tied_weak_links_phase3_seed,/Users/asewaket/Documents/LTSpice Superconducting Circuit/matlab_v7_4_6_files/outputs/v7_4_6_as006_gap_weaklink_v800_phase3_seed_101/AS006_v7_4_6_gap_weaklink_scores.csv
AS006,crack_tunnel_a4_1_g0_4_p0_3,"tunnel/crack-like links, alpha=4.1, tau=0.4, p=0.3",tear_lane,crack_tunnel,shape,4.1,0.999999999999997,0.4,0.3,0.819869281045749,0.4,0.300217864923747,4.30806841844671e-07,5.10700466106886e-07,0.101328480665276,128.914407310697,0.206027417498441,0.268501082958215,0.29476699834167,0.156933361671406,0.0496270553468103,0.209549961187817,0.279079295557287,0.304611777919344,0.149666897702163,0.0485162768952423,241.467940176879,245.091834359931,101,v7.4.6,gap_tied_weak_links_phase3_seed,/Users/asewaket/Documents/LTSpice Superconducting Circuit/matlab_v7_4_6_files/outputs/v7_4_6_as006_gap_weaklink_v800_phase3_seed_101/AS006_v7_4_6_gap_weaklink_scores.csv
AS006,contact_relaxed_a3_7_g0_2_p0_3,"contact-relaxed SNS links, alpha=3.7, tau=0.2, p=0.3",contact_relaxation,contact_relaxed,shape,3.7,0,0.2,0.3,0.759825708061001,0.2,0.300217864923747,2.2747337172314e-07,8.72593019946493e-07,0.0494940251464489,64.0882993679369,0.206056958008803,0.259473883425508,0.305186540949498,0.150107726938626,0.0490998012836012,0.218493700565203,0.2879394563828,0.33205985619617,0.137369646094731,0.0517122404815054,239.934037073692,231.169047810443,101,v7.4.6,gap_tied_weak_links_phase3_seed,/Users/asewaket/Documents/LTSpice Superconducting Circuit/matlab_v7_4_6_files/outputs/v7_4_6_as006_gap_weaklink_v800_phase3_seed_101/AS006_v7_4_6_gap_weaklink_scores.csv
AS006,boundary_sns_a3_7_g0_05_p0_2,"SNS-like boundary constriction, alpha=3.7, tau=0.05, p=0.2",boundary_lane,boundary_constriction,shape,3.7,0,0.05,0.2,0.78971677559913,0.05,0.221350762527233,5.0894086821658e-08,3.44229128777323e-07,0.126200277405259,164.018829690827,0.206068271260148,0.254299196818536,0.285702697929894,0.17525178549308,0.0569977062385365,0.211951042905449,0.240763822653563,0.272389584952784,0.195281248578977,0.0982080574825869,241.086083318795,272.338106865602,101,v7.4.6,gap_tied_weak_links_phase3_seed,/Users/asewaket/Documents/LTSpice Superconducting Circuit/matlab_v7_4_6_files/outputs/v7_4_6_as006_gap_weaklink_v800_phase3_seed_101/AS006_v7_4_6_gap_weaklink_scores.csv
AS006,combined_a4_1_g0_2_p0_05,"combined weak-link classes, alpha=4.1, tau=0.2, p=0.05",combined,boundary_constriction,shape,4.1,0.999999999999997,0.2,0.05,0.959912854030501,0.2,0.0501089324618736,2.46331553332776e-07,4.58200591438948e-07,0.148644194335187,165.258779801241,0.206237361933929,0.264686579302273,0.290139817492685,0.168520798273902,0.0481045519127919,0.213398140170515,0.286335742811786,0.310119849952741,0.152431318464514,0.0474060725428508,238.695127549204,237.742419921553,101,v7.4.6,gap_tied_weak_links_phase3_seed,/Users/asewaket/Documents/LTSpice Superconducting Circuit/matlab_v7_4_6_files/outputs/v7_4_6_as006_gap_weaklink_v800_phase3_seed_101/AS006_v7_4_6_gap_weaklink_scores.csv
AS006,contact_relaxed_a3_7_g0_2_p0_2,"contact-relaxed SNS links, alpha=3.7, tau=0.2, p=0.2",contact_relaxation,contact_relaxed,shape,3.7,0,0.2,0.2,0.839999999999998,0.2,0.2,1.30099771428745e-07,6.15236836712804e-07,0.0465829561762536,103.82559932855,0.206358862179924,0.261715196159485,0.298681245793626,0.15872489309409,0.0489808182336747,0.222557443269459,0.299648323490669,0.334573032371501,0.13972786243433,0.0529762581635849,236.207734304027,226.514447729595,101,v7.4.6,gap_tied_weak_links_phase3_seed,/Users/asewaket/Documents/LTSpice Superconducting Circuit/matlab_v7_4_6_files/outputs/v7_4_6_as006_gap_weaklink_v800_phase3_seed_101/AS006_v7_4_6_gap_weaklink_scores.csv
AS006,crack_tunnel_a3_7_g0_4_p0_2,"tunnel/crack-like links, alpha=3.7, tau=0.4, p=0.2",tear_lane,crack_tunnel,shape,3.7,0,0.4,0.2,0.879738562091502,0.4,0.200435729847495,3.85335029662821e-07,4.40256789521708e-07,0.100368686933821,143.838083075584,0.206399086266827,0.267391156477238,0.296415069603124,0.157683654726581,0.0487733346432053,0.211188012089294,0.281862211519758,0.310072570064151,0.147848349191732,0.0466404148247844,241.919909934766,240.973570000999,101,v7.4.6,gap_tied_weak_links_phase3_seed,/Users/asewaket/Documents/LTSpice Superconducting Circuit/matlab_v7_4_6_files/outputs/v7_4_6_as006_gap_weaklink_v800_phase3_seed_101/AS006_v7_4_6_gap_weaklink_scores.csv
AS006,combined_a3_7_g0_4_p0_1,"combined weak-link classes, alpha=3.7, tau=0.4, p=0.1",combined,boundary_constriction,shape,3.7,0,0.4,0.1,0.939869281045751,0.4,0.100217864923747,4.25297248608351e-07,4.22428905277768e-07,0.129407729717795,162.885879842229,0.206420918171051,0.266075372214296,0.295344539483954,0.161543452213745,0.0472469592768579,0.214566349412178,0.288471992457162,0.316304313167993,0.146728805875506,0.0474161992153589,241.305223666586,234.629280380598,101,v7.4.6,gap_tied_weak_links_phase3_seed,/Users/asewaket/Documents/LTSpice Superconducting Circuit/matlab_v7_4_6_files/outputs/v7_4_6_as006_gap_weaklink_v800_phase3_seed_101/AS006_v7_4_6_gap_weaklink_scores.csv
AS006,crack_tunnel_a4_1_g0_05_p0_05,"tunnel/crack-like links, alpha=4.1, tau=0.05, p=0.05",tear_lane,crack_tunnel,shape,4.1,0.999999999999997,0.05,0.05,0.951982570806101,0.05,0.0505446623093682,6.07597475416821e-08,4.64144659074207e-07,0.146680056801441,163.138686336025,0.206600014913583,0.264089883884226,0.290292283700098,0.16934282582435,0.0492201619280803,0.211678088001354,0.273580161439374,0.298851067552184,0.162585327928485,0.0585892504404659,239.443251208519,248.222180308061,101,v7.4.6,gap_tied_weak_links_phase3_seed,/Users/asewaket/Documents/LTSpice Superconducting Circuit/matlab_v7_4_6_files/outputs/v7_4_6_as006_gap_weaklink_v800_phase3_seed_101/AS006_v7_4_6_gap_weaklink_scores.csv
AS006,crack_tunnel_a4_1_g0_4_p0_2,"tunnel/crack-like links, alpha=4.1, tau=0.4, p=0.2",tear_lane,crack_tunnel,shape,4.1,0.999999999999997,0.4,0.2,0.879738562091502,0.4,0.200435729847495,4.2699287070745e-07,4.87852118118649e-07,0.111219355791531,143.838083075584,0.206630436104254,0.269229291973456,0.294756541734411,0.159144818414199,0.0491679174948466,0.212059638293222,0.285810214693679,0.310332811603803,0.147793456122871,0.046663736312187,240.807496665515,240.265594007316,101,v7.4.6,gap_tied_weak_links_phase3_seed,/Users/asewaket/Documents/LTSpice Superconducting Circuit/matlab_v7_4_6_files/outputs/v7_4_6_as006_gap_weaklink_v800_phase3_seed_101/AS006_v7_4_6_gap_weaklink_scores.csv
AS006,combined_a4_1_g0_4_p0_1,"combined weak-link classes, alpha=4.1, tau=0.4, p=0.1",combined,boundary_constriction,shape,4.1,0.999999999999997,0.4,0.1,0.939869281045751,0.4,0.100217864923747,4.71275329538983e-07,4.68096895037526e-07,0.143397754552151,162.885879842229,0.206734392950356,0.268228741913666,0.293928451985337,0.162857709851896,0.0474962945489024,0.215440789402268,0.292472621577685,0.316538512260799,0.146687539106638,0.0474295050939605,240.290003797034,234.077426505381,101,v7.4.6,gap_tied_weak_links_phase3_seed,/Users/asewaket/Documents/LTSpice Superconducting Circuit/matlab_v7_4_6_files/outputs/v7_4_6_as006_gap_weaklink_v800_phase3_seed_101/AS006_v7_4_6_gap_weaklink_scores.csv
AS006,crack_tunnel_a3_7_g0_1_p0_05,"tunnel/crack-like links, alpha=3.7, tau=0.1, p=0.05",tear_lane,crack_tunnel,shape,3.7,0,0.1,0.05,0.954509803921569,0.1,0.0505446623093682,1.08440962140882e-07,4.14191100514611e-07,0.132369807357398,164.978527244991,0.206861164434258,0.264842018218131,0.293746453476514,0.166032698535474,0.0478666371999169,0.21192818845068,0.273709813820862,0.301836841477773,0.160006450143528,0.0577085931670233,240.834769045353,247.283044904784,101,v7.4.6,gap_tied_weak_links_phase3_seed,/Users/asewaket/Documents/LTSpice Superconducting Circuit/matlab_v7_4_6_files/outputs/v7_4_6_as006_gap_weaklink_v800_phase3_seed_101/AS006_v7_4_6_gap_weaklink_scores.csv
AS006,contact_relaxed_a4_1_g0_2_p0_2,"contact-relaxed SNS links, alpha=4.1, tau=0.2, p=0.2",contact_relaxation,contact_relaxed,shape,4.1,0.999999999999997,0.2,0.2,0.839999999999998,0.2,0.2,1.44164611583204e-07,6.81748927168242e-07,0.0516189514385513,103.82559932855,0.206999298188628,0.265131654838122,0.297855996895276,0.159628350836534,0.0490814029926171,0.223795837653413,0.304871842768327,0.335229124836636,0.139613528529285,0.0529394663730204,235.452232913975,225.918249905663,101,v7.4.6,gap_tied_weak_links_phase3_seed,/Users/asewaket/Documents/LTSpice Superconducting Circuit/matlab_v7_4_6_files/outputs/v7_4_6_as006_gap_weaklink_v800_phase3_seed_101/AS006_v7_4_6_gap_weaklink_scores.csv
AS006,boundary_sns_a4_1_g0_05_p0_2,"SNS-like boundary constriction, alpha=4.1, tau=0.05, p=0.2",boundary_lane,boundary_constriction,shape,4.1,0.999999999999997,0.05,0.2,0.78971677559913,0.05,0.221350762527233,5.63961502618373e-08,3.81443088645141e-07,0.13984355063826,164.018829690827,0.207073136482863,0.25798525423672,0.285912349719171,0.175386429782433,0.0578007789410032,0.212552858319618,0.244489514323316,0.272816618227718,0.19497743582227,0.0971239005984332,240.914385587198,272.226097685828,101,v7.4.6,gap_tied_weak_links_phase3_seed,/Users/asewaket/Documents/LTSpice Superconducting Circuit/matlab_v7_4_6_files/outputs/v7_4_6_as006_gap_weaklink_v800_phase3_seed_101/AS006_v7_4_6_gap_weaklink_scores.csv
AS006,crack_tunnel_a4_1_g0_1_p0_05,"tunnel/crack-like links, alpha=4.1, tau=0.1, p=0.05",tear_lane,crack_tunnel,shape,4.1,0.999999999999997,0.1,0.05,0.954509803921569,0.1,0.0505446623093682,1.20164309399355e-07,4.58968516786461e-07,0.146680056801441,164.978527244991,0.207497150910438,0.267561855583571,0.292942598607684,0.16691096101287,0.0486356501390823,0.212746383210846,0.277585942552266,0.302038775988229,0.159949759855787,0.0576409157028269,239.634532179454,247.495359419955,101,v7.4.6,gap_tied_weak_links_phase3_seed,/Users/asewaket/Documents/LTSpice Superconducting Circuit/matlab_v7_4_6_files/outputs/v7_4_6_as006_gap_weaklink_v800_phase3_seed_101/AS006_v7_4_6_gap_weaklink_scores.csv
AS006,boundary_sns_a3_3_g0_05_p0_1,"SNS-like boundary constriction, alpha=3.3, tau=0.05, p=0.1",boundary_lane,boundary_constriction,shape,3.3,1,0.05,0.1,0.879956427015252,0.05,0.12636165577342,4.84588927886041e-08,3.2962166087008e-07,0.126424386386224,170.825657322939,0.207620453328665,0.264758587823624,0.297462419941949,0.162299807373903,0.04990968470391,0.209482286384982,0.269411846209176,0.301669077807412,0.159012132487787,0.0513135339430268,242.772220890739,249.04845427273,101,v7.4.6,gap_tied_weak_links_phase3_seed,/Users/asewaket/Documents/LTSpice Superconducting Circuit/matlab_v7_4_6_files/outputs/v7_4_6_as006_gap_weaklink_v800_phase3_seed_101/AS006_v7_4_6_gap_weaklink_scores.csv
AS006,boundary_sns_a3_3_g0_1_p0_1,"SNS-like boundary constriction, alpha=3.3, tau=0.1, p=0.1",boundary_lane,boundary_constriction,shape,3.3,1,0.1,0.1,0.886274509803923,0.1,0.12636165577342,9.78619689080609e-08,3.32832869997775e-07,0.126424386386224,169.177512084028,0.207644447800893,0.265946467448177,0.297713257433314,0.161900620456023,0.0489017954779608,0.21508987088846,0.286354573990174,0.316932366487712,0.148327078319653,0.0490542911990645,242.007406282915,235.415006287722,101,v7.4.6,gap_tied_weak_links_phase3_seed,/Users/asewaket/Documents/LTSpice Superconducting Circuit/matlab_v7_4_6_files/outputs/v7_4_6_as006_gap_weaklink_v800_phase3_seed_101/AS006_v7_4_6_gap_weaklink_scores.csv
AS006,crack_tunnel_a3_3_g0_2_p0_05,"tunnel/crack-like links, alpha=3.3, tau=0.2, p=0.05",tear_lane,crack_tunnel,shape,3.3,1,0.2,0.05,0.959564270152505,0.2,0.0505446623093682,1.89660262731617e-07,3.62204426232601e-07,0.118059557913355,168.262233027983,0.207800874007714,0.26710489175093,0.299348379814156,0.160671986419479,0.0471998305885195,0.212419486948056,0.275628640770053,0.307236876532495,0.155193157509073,0.0548128131520213,242.635324057111,245.670932753592,101,v7.4.6,gap_tied_weak_links_phase3_seed,/Users/asewaket/Documents/LTSpice Superconducting Circuit/matlab_v7_4_6_files/outputs/v7_4_6_as006_gap_weaklink_v800_phase3_seed_101/AS006_v7_4_6_gap_weaklink_scores.csv
AS006,crack_tunnel_a3_3_g0_4_p0_1,"tunnel/crack-like links, alpha=3.3, tau=0.4, p=0.1",tear_lane,crack_tunnel,shape,3.3,1,0.4,0.1,0.939869281045751,0.4,0.100217864923747,3.54853318889151e-07,3.69763778640929e-07,0.109064057812671,163.876709064277,0.207869178932156,0.268918128185535,0.300652082753907,0.15772672002286,0.0471282216273344,0.212535873529678,0.280674616601412,0.311700683512701,0.150010423921996,0.0490155249972569,242.52316894799,242.748734689604,101,v7.4.6,gap_tied_weak_links_phase3_seed,/Users/asewaket/Documents/LTSpice Superconducting Circuit/matlab_v7_4_6_files/outputs/v7_4_6_as006_gap_weaklink_v800_phase3_seed_101/AS006_v7_4_6_gap_weaklink_scores.csv
AS006,contact_relaxed_a4_1_g0_2_p0_3,"contact-relaxed SNS links, alpha=4.1, tau=0.2, p=0.3",contact_relaxation,contact_relaxed,shape,4.1,0.999999999999997,0.2,0.3,0.759825708061001,0.2,0.300217864923747,2.520650875851e-07,9.66927400481249e-07,0.0548447305676866,64.0882993679369,0.207902502043956,0.267371247304725,0.306363034538166,0.149587989541017,0.0490209655469958,0.220157933897655,0.29522409933718,0.332670082940287,0.137355801757056,0.0516981728092736,240.247835349565,231.404968998497,101,v7.4.6,gap_tied_weak_links_phase3_seed,/Users/asewaket/Documents/LTSpice Superconducting Circuit/matlab_v7_4_6_files/outputs/v7_4_6_as006_gap_weaklink_v800_phase3_seed_101/AS006_v7_4_6_gap_weaklink_scores.csv
AS006,boundary_sns_a3_3_g0_4_p0_2,"SNS-like boundary constriction, alpha=3.3, tau=0.4, p=0.2",boundary_lane,boundary_constriction,shape,3.3,1,0.4,0.2,0.867189542483658,0.4,0.221350762527233,3.54412379012718e-07,3.51144688679216e-07,0.112557004172258,168.056128808336,0.207995952779656,0.268502294708924,0.299655759522793,0.159534718900672,0.0476614913986269,0.217976123314952,0.292977204813146,0.322720451655418,0.144771210175417,0.0511786086453602,241.977284501875,232.084156087106,101,v7.4.6,gap_tied_weak_links_phase3_seed,/Users/asewaket/Documents/LTSpice Superconducting Circuit/matlab_v7_4_6_files/outputs/v7_4_6_as006_gap_weaklink_v800_phase3_seed_101/AS006_v7_4_6_gap_weaklink_scores.csv
AS006,boundary_sns_a3_3_g0_2_p0_1,"SNS-like boundary constriction, alpha=3.3, tau=0.2, p=0.1",boundary_lane,boundary_constriction,shape,3.3,1,0.2,0.1,0.898910675381263,0.2,0.12636165577342,1.94003750894598e-07,3.30903784696897e-07,0.126424386386224,170.677570419812,0.208348101197999,0.269023761619602,0.299819540005185,0.159861018095319,0.0482062767421719,0.21847826885352,0.293955631530154,0.32339934535964,0.144815688252881,0.0514672480419726,241.467822085477,232.052397543338,101,v7.4.6,gap_tied_weak_links_phase3_seed,/Users/asewaket/Documents/LTSpice Superconducting Circuit/matlab_v7_4_6_files/outputs/v7_4_6_as006_gap_weaklink_v800_phase3_seed_101/AS006_v7_4_6_gap_weaklink_scores.csv
AS006,boundary_sns_a3_7_g0_4_p0_2,"SNS-like boundary constriction, alpha=3.7, tau=0.4, p=0.2",boundary_lane,boundary_constriction,shape,3.7,0,0.4,0.2,0.867189542483658,0.4,0.221350762527233,3.97371455256684e-07,3.93707681246394e-07,0.126200277405259,168.056128808336,0.208522098002929,0.271838546484572,0.298549990511585,0.160552047056446,0.04761940131424,0.219072215456285,0.29793924193891,0.323065380867075,0.144696380236252,0.0511869435298191,241.339068225602,231.369832142312,101,v7.4.6,gap_tied_weak_links_phase3_seed,/Users/asewaket/Documents/LTSpice Superconducting Circuit/matlab_v7_4_6_files/outputs/v7_4_6_as006_gap_weaklink_v800_phase3_seed_101/AS006_v7_4_6_gap_weaklink_scores.csv
AS006,boundary_sns_a4_1_g0_4_p0_2,"SNS-like boundary constriction, alpha=4.1, tau=0.4, p=0.2",boundary_lane,boundary_constriction,shape,4.1,0.999999999999997,0.4,0.2,0.867189542483658,0.4,0.221350762527233,4.40330531500649e-07,4.36270673813571e-07,0.13984355063826,168.056128808336,0.208536859227649,0.27311749697097,0.296793821387806,0.162050841125591,0.0476140603316242,0.219818469353501,0.301418395481768,0.323247206958228,0.144649269421023,0.0511797523325583,240.416686390421,230.47026967535,101,v7.4.6,gap_tied_weak_links_phase3_seed,/Users/asewaket/Documents/LTSpice Superconducting Circuit/matlab_v7_4_6_files/outputs/v7_4_6_as006_gap_weaklink_v800_phase3_seed_101/AS006_v7_4_6_gap_weaklink_scores.csv
AS006,crack_tunnel_a3_7_g0_2_p0_05,"tunnel/crack-like links, alpha=3.7, tau=0.2, p=0.05",tear_lane,crack_tunnel,shape,3.7,0,0.2,0.05,0.959564270152505,0.2,0.0505446623093682,2.12649385486964e-07,4.06107993048674e-07,0.132369807357398,168.262233027983,0.208655903661873,0.271384540395791,0.298810888952779,0.161268328598632,0.0473905114979237,0.213551759785877,0.280888073120002,0.307584305405924,0.15507463735823,0.0547548946512272,241.608282383301,245.840013408121,101,v7.4.6,gap_tied_weak_links_phase3_seed,/Users/asewaket/Documents/LTSpice Superconducting Circuit/matlab_v7_4_6_files/outputs/v7_4_6_as006_gap_weaklink_v800_phase3_seed_101/AS006_v7_4_6_gap_weaklink_scores.csv
AS006,crack_tunnel_a3_7_g0_4_p0_1,"tunnel/crack-like links, alpha=3.7, tau=0.4, p=0.1",tear_lane,crack_tunnel,shape,3.7,0,0.4,0.1,0.939869281045751,0.4,0.100217864923747,3.97865842390867e-07,4.14583630597405e-07,0.122283943608147,163.876709064277,0.208880460717092,0.273291145183553,0.300396626944947,0.158078072579467,0.0478194705239183,0.213647680869256,0.285748189757351,0.312060554655066,0.149884832288193,0.0490282035823237,241.541451849362,243.147614435741,101,v7.4.6,gap_tied_weak_links_phase3_seed,/Users/asewaket/Documents/LTSpice Superconducting Circuit/matlab_v7_4_6_files/outputs/v7_4_6_as006_gap_weaklink_v800_phase3_seed_101/AS006_v7_4_6_gap_weaklink_scores.csv
AS006,boundary_sns_a3_7_g0_1_p0_1,"SNS-like boundary constriction, alpha=3.7, tau=0.1, p=0.1",boundary_lane,boundary_constriction,shape,3.7,0,0.1,0.1,0.886274509803923,0.1,0.12636165577342,1.09724025745402e-07,3.73176248179324e-07,0.141748554433039,169.177512084028,0.208970331151615,0.27155434768161,0.298686744427021,0.161346349233535,0.048912568787259,0.216238605237566,0.291372595702767,0.317334033938255,0.148301782779748,0.0491086426184297,242.32091046508,235.676027162603,101,v7.4.6,gap_tied_weak_links_phase3_seed,/Users/asewaket/Documents/LTSpice Superconducting Circuit/matlab_v7_4_6_files/outputs/v7_4_6_as006_gap_weaklink_v800_phase3_seed_101/AS006_v7_4_6_gap_weaklink_scores.csv
AS006,crack_tunnel_a4_1_g0_2_p0_05,"tunnel/crack-like links, alpha=4.1, tau=0.2, p=0.05",tear_lane,crack_tunnel,shape,4.1,0.999999999999997,0.2,0.05,0.959564270152505,0.2,0.0505446623093682,2.35638508242312e-07,4.50011559864747e-07,0.146680056801441,168.262233027983,0.209128292991272,0.273663210399923,0.297794389694301,0.162192686117535,0.0480972149444907,0.21429865324593,0.28451161023583,0.307757899629218,0.154986642566017,0.0546720284351651,240.215897721243,246.078125249265,101,v7.4.6,gap_tied_weak_links_phase3_seed,/Users/asewaket/Documents/LTSpice Superconducting Circuit/matlab_v7_4_6_files/outputs/v7_4_6_as006_gap_weaklink_v800_phase3_seed_101/AS006_v7_4_6_gap_weaklink_scores.csv
AS006,boundary_sns_a3_7_g0_05_p0_1,"SNS-like boundary constriction, alpha=3.7, tau=0.05, p=0.1",boundary_lane,boundary_constriction,shape,3.7,0,0.05,0.1,0.879956427015252,0.05,0.12636165577342,5.43326979751015e-08,3.69575801581605e-07,0.141748554433039,170.825657322939,0.209141799487888,0.270552027872251,0.298649751149037,0.161691497602207,0.0504055330536179,0.210625657389998,0.274610684642735,0.302280322831284,0.158840466571911,0.0509764541376203,243.007158996647,249.390880661639,101,v7.4.6,gap_tied_weak_links_phase3_seed,/Users/asewaket/Documents/LTSpice Superconducting Circuit/matlab_v7_4_6_files/outputs/v7_4_6_as006_gap_weaklink_v800_phase3_seed_101/AS006_v7_4_6_gap_weaklink_scores.csv
AS006,crack_tunnel_a4_1_g0_4_p0_1,"tunnel/crack-like links, alpha=4.1, tau=0.4, p=0.1",tear_lane,crack_tunnel,shape,4.1,0.999999999999997,0.4,0.1,0.939869281045751,0.4,0.100217864923747,4.40878365892582e-07,4.59403482553881e-07,0.135503829403622,163.876709064277,0.209345977435251,0.275348956620932,0.299323801759561,0.159020452719551,0.0487887115766541,0.214385132018777,0.289227838971366,0.312251478107713,0.149801489044945,0.0490058731278416,240.280086302246,243.196260738096,101,v7.4.6,gap_tied_weak_links_phase3_seed,/Users/asewaket/Documents/LTSpice Superconducting Circuit/matlab_v7_4_6_files/outputs/v7_4_6_as006_gap_weaklink_v800_phase3_seed_101/AS006_v7_4_6_gap_weaklink_scores.csv
AS006,boundary_sns_a3_7_g0_2_p0_1,"SNS-like boundary constriction, alpha=3.7, tau=0.2, p=0.1",boundary_lane,boundary_constriction,shape,3.7,0,0.2,0.1,0.898910675381263,0.2,0.12636165577342,2.1751935706364e-07,3.71013334357127e-07,0.141748554433039,170.677570419812,0.209636894405817,0.274534326327737,0.300807399005342,0.159245776861363,0.0481799763652974,0.219564764888101,0.29881203344434,0.323755485378482,0.144774029714996,0.0514721544400731,241.818282346553,232.335882330704,101,v7.4.6,gap_tied_weak_links_phase3_seed,/Users/asewaket/Documents/LTSpice Superconducting Circuit/matlab_v7_4_6_files/outputs/v7_4_6_as006_gap_weaklink_v800_phase3_seed_101/AS006_v7_4_6_gap_weaklink_scores.csv
AS006,combined_a3_3_g0_4_p0_05,"combined weak-link classes, alpha=3.3, tau=0.4, p=0.05",combined,boundary_constriction,shape,3.3,1,0.4,0.05,0.969934640522876,0.4,0.0501089324618736,3.81050769208495e-07,3.63570595730514e-07,0.119640449099053,171.973616148884,0.209782564624775,0.274139861404608,0.304833898634539,0.155441648303331,0.0470115787296597,0.215165948629385,0.28843652042704,0.318330614369897,0.146643333838008,0.0470104802750556,243.061871267432,239.911215662466,101,v7.4.6,gap_tied_weak_links_phase3_seed,/Users/asewaket/Documents/LTSpice Superconducting Circuit/matlab_v7_4_6_files/outputs/v7_4_6_as006_gap_weaklink_v800_phase3_seed_101/AS006_v7_4_6_gap_weaklink_scores.csv
AS006,boundary_sns_a4_1_g0_1_p0_1,"SNS-like boundary constriction, alpha=4.1, tau=0.1, p=0.1",boundary_lane,boundary_constriction,shape,4.1,0.999999999999997,0.1,0.1,0.886274509803923,0.1,0.12636165577342,1.21586082582742e-07,4.13519626360872e-07,0.157072722479854,169.177512084028,0.209872351635632,0.27546411161261,0.299333889583672,0.160937489230846,0.048891478255567,0.217015960120089,0.29487812917755,0.317556739038993,0.14828296366524,0.0491236735231087,242.555652171784,235.869534957605,101,v7.4.6,gap_tied_weak_links_phase3_seed,/Users/asewaket/Documents/LTSpice Superconducting Circuit/matlab_v7_4_6_files/outputs/v7_4_6_as006_gap_weaklink_v800_phase3_seed_101/AS006_v7_4_6_gap_weaklink_scores.csv
AS006,combined_a4_1_g0_4_p0_05,"combined weak-link classes, alpha=4.1, tau=0.4, p=0.05",combined,boundary_constriction,shape,4.1,0.999999999999997,0.4,0.05,0.969934640522876,0.4,0.0501089324618736,4.73426713259039e-07,4.51708921968214e-07,0.148644194335187,171.973616148884,0.210055055806719,0.277401195903773,0.300635840264915,0.158904466149865,0.0481307799788899,0.217011922200675,0.296871030610527,0.318845360610892,0.146521270509177,0.0470576111873142,239.741138488446,238.717458539179,101,v7.4.6,gap_tied_weak_links_phase3_seed,/Users/asewaket/Documents/LTSpice Superconducting Circuit/matlab_v7_4_6_files/outputs/v7_4_6_as006_gap_weaklink_v800_phase3_seed_101/AS006_v7_4_6_gap_weaklink_scores.csv
AS006,combined_a3_7_g0_4_p0_05,"combined weak-link classes, alpha=3.7, tau=0.4, p=0.05",combined,boundary_constriction,shape,3.7,0,0.4,0.05,0.969934640522876,0.4,0.0501089324618736,4.27238741233767e-07,4.07639758849364e-07,0.13414232171712,171.973616148884,0.210105417594622,0.27667475987644,0.302902240655655,0.157049291783929,0.0474617922193597,0.216275750547438,0.293441290436626,0.318668268992128,0.146568445960088,0.0470574341142317,241.46145168551,239.336857301791,101,v7.4.6,gap_tied_weak_links_phase3_seed,/Users/asewaket/Documents/LTSpice Superconducting Circuit/matlab_v7_4_6_files/outputs/v7_4_6_as006_gap_weaklink_v800_phase3_seed_101/AS006_v7_4_6_gap_weaklink_scores.csv
AS006,contact_relaxed_a3_3_g0_4_p0_3,"contact-relaxed SNS links, alpha=3.3, tau=0.4, p=0.3",contact_relaxation,contact_relaxed,shape,3.3,1,0.4,0.3,0.819869281045749,0.4,0.300217864923747,2.41414168631107e-07,5.06573198073138e-07,0.0441433197252112,107.718120861101,0.21021570048936,0.273151703553416,0.312072022760182,0.146761616622024,0.0483487382855359,0.221950065398673,0.299057244111282,0.336658394858906,0.13654203992128,0.0508633419773962,241.074777720852,232.129162944964,101,v7.4.6,gap_tied_weak_links_phase3_seed,/Users/asewaket/Documents/LTSpice Superconducting Circuit/matlab_v7_4_6_files/outputs/v7_4_6_as006_gap_weaklink_v800_phase3_seed_101/AS006_v7_4_6_gap_weaklink_scores.csv
AS006,boundary_sns_a4_1_g0_05_p0_1,"SNS-like boundary constriction, alpha=4.1, tau=0.05, p=0.1",boundary_lane,boundary_constriction,shape,4.1,0.999999999999997,0.05,0.1,0.879956427015252,0.05,0.12636165577342,6.0206503161599e-08,4.0952994229313e-07,0.157072722479854,170.825657322939,0.210221664744372,0.274635238006597,0.299482557562923,0.161250886508963,0.0508150018439419,0.211391525988269,0.278253701985874,0.302675157753325,0.158721727903679,0.0506202420075516,243.172705728171,249.663781321266,101,v7.4.6,gap_tied_weak_links_phase3_seed,/Users/asewaket/Documents/LTSpice Superconducting Circuit/matlab_v7_4_6_files/outputs/v7_4_6_as006_gap_weaklink_v800_phase3_seed_101/AS006_v7_4_6_gap_weaklink_scores.csv
AS006,contact_relaxed_a3_7_g0_4_p0_2,"contact-relaxed SNS links, alpha=3.7, tau=0.4, p=0.2",contact_relaxation,contact_relaxed,shape,3.7,0,0.4,0.2,0.879999999999998,0.4,0.2,2.01640071209074e-07,4.94033971348197e-07,0.0465829561762536,133.978198481106,0.210386130099424,0.276115151086178,0.307245741138122,0.151907018208702,0.0482516796583508,0.224936081298711,0.309010028207633,0.338420518522046,0.137680310039759,0.0513340833226455,238.244033447769,228.893517641219,101,v7.4.6,gap_tied_weak_links_phase3_seed,/Users/asewaket/Documents/LTSpice Superconducting Circuit/matlab_v7_4_6_files/outputs/v7_4_6_as006_gap_weaklink_v800_phase3_seed_101/AS006_v7_4_6_gap_weaklink_scores.csv
AS006,contact_relaxed_a4_1_g0_4_p0_2,"contact-relaxed SNS links, alpha=4.1, tau=0.4, p=0.2",contact_relaxation,contact_relaxed,shape,4.1,0.999999999999997,0.4,0.2,0.879999999999998,0.4,0.2,2.23438997826271e-07,5.47443049331786e-07,0.0516189514385513,133.978198481106,0.21041378536565,0.277738750747114,0.305170476445667,0.153453451232982,0.0484650282599929,0.225927927368762,0.313385559552234,0.338801577464785,0.137634369894335,0.0513083543602829,236.959215069558,227.937595368372,101,v7.4.6,gap_tied_weak_links_phase3_seed,/Users/asewaket/Documents/LTSpice Superconducting Circuit/matlab_v7_4_6_files/outputs/v7_4_6_as006_gap_weaklink_v800_phase3_seed_101/AS006_v7_4_6_gap_weaklink_scores.csv
AS006,contact_relaxed_a3_3_g0_4_p0_2,"contact-relaxed SNS links, alpha=3.3, tau=0.4, p=0.2",contact_relaxation,contact_relaxed,shape,3.3,1,0.4,0.2,0.879999999999998,0.4,0.2,1.79841144591877e-07,4.40624893364608e-07,0.0415469609139559,133.978198481106,0.210455174150362,0.274259650078729,0.310158456745015,0.149798875350162,0.0479903271816023,0.223592625008019,0.303230121709905,0.337826248356184,0.137737087294922,0.0513657095882153,240.071870201055,230.277236882952,101,v7.4.6,gap_tied_weak_links_phase3_seed,/Users/asewaket/Documents/LTSpice Superconducting Circuit/matlab_v7_4_6_files/outputs/v7_4_6_as006_gap_weaklink_v800_phase3_seed_101/AS006_v7_4_6_gap_weaklink_scores.csv
AS006,boundary_sns_a4_1_g0_2_p0_1,"SNS-like boundary constriction, alpha=4.1, tau=0.2, p=0.1",boundary_lane,boundary_constriction,shape,4.1,0.999999999999997,0.2,0.1,0.898910675381263,0.2,0.12636165577342,2.41034963232683e-07,4.11122884017356e-07,0.157072722479854,170.677570419812,0.210548476274393,0.278485669231264,0.301566900050704,0.158718925775648,0.0481159798324103,0.220303401146132,0.302214630902903,0.323948777159246,0.144745399360012,0.0514602655990619,242.142288942944,232.576933826688,101,v7.4.6,gap_tied_weak_links_phase3_seed,/Users/asewaket/Documents/LTSpice Superconducting Circuit/matlab_v7_4_6_files/outputs/v7_4_6_as006_gap_weaklink_v800_phase3_seed_101/AS006_v7_4_6_gap_weaklink_scores.csv
AS006,boundary_sns_a3_3_g0_4_p0_1,"SNS-like boundary constriction, alpha=3.3, tau=0.4, p=0.1",boundary_lane,boundary_constriction,shape,3.3,1,0.4,0.1,0.924183006535947,0.4,0.12636165577342,3.77945935358046e-07,3.52136359155786e-07,0.126424386386224,175.221298906955,0.211084884588151,0.27786448652418,0.306995911399444,0.153873948812906,0.0479746554514149,0.221027173986436,0.301228253038697,0.329279207877836,0.141579846510655,0.05069419496895,242.05627998967,232.87316224643,101,v7.4.6,gap_tied_weak_links_phase3_seed,/Users/asewaket/Documents/LTSpice Superconducting Circuit/matlab_v7_4_6_files/outputs/v7_4_6_as006_gap_weaklink_v800_phase3_seed_101/AS006_v7_4_6_gap_weaklink_scores.csv
AS006,contact_relaxed_a3_7_g0_4_p0_3,"contact-relaxed SNS links, alpha=3.7, tau=0.4, p=0.3",contact_relaxation,contact_relaxed,shape,3.7,0,0.4,0.3,0.819869281045749,0.4,0.300217864923747,2.70676492101545e-07,5.67976009960791e-07,0.0494940251464489,107.718120861101,0.21144039952528,0.279009840352118,0.311716519393865,0.147213536010678,0.0486713283216741,0.223522477950163,0.30592376373897,0.337237816057168,0.136540010999389,0.0508474341625652,240.445067423989,231.913671950486,101,v7.4.6,gap_tied_weak_links_phase3_seed,/Users/asewaket/Documents/LTSpice Superconducting Circuit/matlab_v7_4_6_files/outputs/v7_4_6_as006_gap_weaklink_v800_phase3_seed_101/AS006_v7_4_6_gap_weaklink_scores.csv
AS006,contact_relaxed_a4_1_g0_1_p0_1,"contact-relaxed SNS links, alpha=4.1, tau=0.1, p=0.1",contact_relaxation,contact_relaxed,shape,4.1,0.999999999999997,0.1,0.1,0.909803921568628,0.1,0.100217864923747,5.39070615665479e-08,6.17069097312863e-07,0.0467657086278145,123.614567452175,0.211520741050566,0.28190502331261,0.306989866587032,0.151710394765186,0.0488284219564331,0.231126906872432,0.324729320808691,0.347500133960064,0.135557646783656,0.0533329206437868,234.43688710508,224.327824429984,101,v7.4.6,gap_tied_weak_links_phase3_seed,/Users/asewaket/Documents/LTSpice Superconducting Circuit/matlab_v7_4_6_files/outputs/v7_4_6_as006_gap_weaklink_v800_phase3_seed_101/AS006_v7_4_6_gap_weaklink_scores.csv
AS006,crack_tunnel_a3_3_g0_4_p0_05,"tunnel/crack-like links, alpha=3.3, tau=0.4, p=0.05",tear_lane,crack_tunnel,shape,3.3,1,0.4,0.05,0.969673202614379,0.4,0.0505446623093682,3.66592451858052e-07,3.58311280274452e-07,0.118059557913355,174.104290266471,0.211538737025353,0.279223981752324,0.308934017827705,0.152718453237097,0.0469371056295859,0.215695862187454,0.288591685710439,0.317787215902887,0.147291575793153,0.0496455276553392,244.143235682259,243.28953339224,101,v7.4.6,gap_tied_weak_links_phase3_seed,/Users/asewaket/Documents/LTSpice Superconducting Circuit/matlab_v7_4_6_files/outputs/v7_4_6_as006_gap_weaklink_v800_phase3_seed_101/AS006_v7_4_6_gap_weaklink_scores.csv
AS006,contact_relaxed_a4_1_g0_4_p0_3,"contact-relaxed SNS links, alpha=4.1, tau=0.4, p=0.3",contact_relaxation,contact_relaxed,shape,4.1,0.999999999999997,0.4,0.3,0.819869281045749,0.4,0.300217864923747,2.99938815571982e-07,6.29378821848444e-07,0.0548447305676866,107.718120861101,0.211585681391898,0.281571895961912,0.30970228397159,0.148577345773269,0.0486558318307089,0.224686198846587,0.311040386258543,0.337643834378971,0.136542528339752,0.050835737386504,239.330494976349,230.831299548191,101,v7.4.6,gap_tied_weak_links_phase3_seed,/Users/asewaket/Documents/LTSpice Superconducting Circuit/matlab_v7_4_6_files/outputs/v7_4_6_as006_gap_weaklink_v800_phase3_seed_101/AS006_v7_4_6_gap_weaklink_scores.csv
AS006,contact_relaxed_a4_1_g0_2_p0_1,"contact-relaxed SNS links, alpha=4.1, tau=0.2, p=0.1",contact_relaxation,contact_relaxed,shape,4.1,0.999999999999997,0.2,0.1,0.919825708061001,0.2,0.100217864923747,9.63051627651276e-08,5.51198100277489e-07,0.0467657086278145,138.387141599423,0.211628766631546,0.28205282130745,0.307613653861314,0.151113281384734,0.0488755158620592,0.228977044865772,0.320896746817682,0.344347924602213,0.135724953598035,0.0517234174597651,235.521382290765,226.61901903632,101,v7.4.6,gap_tied_weak_links_phase3_seed,/Users/asewaket/Documents/LTSpice Superconducting Circuit/matlab_v7_4_6_files/outputs/v7_4_6_as006_gap_weaklink_v800_phase3_seed_101/AS006_v7_4_6_gap_weaklink_scores.csv
AS006,contact_relaxed_a4_1_g0_05_p0_1,"contact-relaxed SNS links, alpha=4.1, tau=0.05, p=0.1",contact_relaxation,contact_relaxed,shape,4.1,0.999999999999997,0.05,0.1,0.904793028322441,0.05,0.100217864923747,2.9236003654008e-08,6.69323604720812e-07,0.0467657086278145,113.963901787464,0.2123287961606,0.284547641644732,0.308104606074145,0.151545920064826,0.0484808784474788,0.233810108543623,0.330078933328484,0.351315563169204,0.135626777738565,0.0546359016703157,233.821549627928,222.537580233687,101,v7.4.6,gap_tied_weak_links_phase3_seed,/Users/asewaket/Documents/LTSpice Superconducting Circuit/matlab_v7_4_6_files/outputs/v7_4_6_as006_gap_weaklink_v800_phase3_seed_101/AS006_v7_4_6_gap_weaklink_scores.csv
AS006,contact_relaxed_a3_7_g0_1_p0_1,"contact-relaxed SNS links, alpha=3.7, tau=0.1, p=0.1",contact_relaxation,contact_relaxed,shape,3.7,0,0.1,0.1,0.909803921568628,0.1,0.100217864923747,4.86478360478603e-08,5.56867234160389e-07,0.0422032004690033,123.614567452175,0.212346651194804,0.282793442174084,0.310950854112533,0.148993561680628,0.0485338670022194,0.2301269236224,0.320651184673802,0.346959592761429,0.135623384753399,0.0532749151639509,236.654413334246,226.172818493082,101,v7.4.6,gap_tied_weak_links_phase3_seed,/Users/asewaket/Documents/LTSpice Superconducting Circuit/matlab_v7_4_6_files/outputs/v7_4_6_as006_gap_weaklink_v800_phase3_seed_101/AS006_v7_4_6_gap_weaklink_scores.csv
AS006,crack_tunnel_a3_7_g0_4_p0_05,"tunnel/crack-like links, alpha=3.7, tau=0.4, p=0.05",tear_lane,crack_tunnel,shape,3.7,0,0.4,0.05,0.969673202614379,0.4,0.0505446623093682,4.11027900568119e-07,4.01742950610749e-07,0.132369807357398,174.104290266471,0.212382635726122,0.283327290071089,0.308651269341367,0.153046890256521,0.0471375543914762,0.216739625320935,0.293387285323428,0.318122210601779,0.147204782266043,0.0495909948955796,243.148649116903,243.696081922785,101,v7.4.6,gap_tied_weak_links_phase3_seed,/Users/asewaket/Documents/LTSpice Superconducting Circuit/matlab_v7_4_6_files/outputs/v7_4_6_as006_gap_weaklink_v800_phase3_seed_101/AS006_v7_4_6_gap_weaklink_scores.csv
AS006,boundary_sns_a3_7_g0_4_p0_1,"SNS-like boundary constriction, alpha=3.7, tau=0.4, p=0.1",boundary_lane,boundary_constriction,shape,3.7,0,0.4,0.1,0.924183006535947,0.4,0.12636165577342,4.23757563886294e-07,3.94819554204972e-07,0.141748554433039,175.221298906955,0.212416347854946,0.283301901945464,0.308138483367055,0.153242790058862,0.0479840038633414,0.222068928213858,0.305857819637726,0.329618404391299,0.141561391208694,0.0507028747359201,242.462629385009,233.24872498929,101,v7.4.6,gap_tied_weak_links_phase3_seed,/Users/asewaket/Documents/LTSpice Superconducting Circuit/matlab_v7_4_6_files/outputs/v7_4_6_as006_gap_weaklink_v800_phase3_seed_101/AS006_v7_4_6_gap_weaklink_scores.csv
AS006,combined_a4_1_g0_7_p0_2,"combined weak-link classes, alpha=4.1, tau=0.7, p=0.2",combined,boundary_constriction,shape,4.1,0.999999999999997,0.7,0.2,0.939999999999999,0.7,0.2,7.53831326798021e-07,4.55214002748313e-07,0.136989864708692,171.593305462986,0.21247996611427,0.286014859697433,0.307896584868765,0.151822375492326,0.0477879779881708,0.223651630092324,0.312312796918323,0.332887957420842,0.139047419533509,0.0495821536399363,240.519059156611,232.10075645703,101,v7.4.6,gap_tied_weak_links_phase3_seed,/Users/asewaket/Documents/LTSpice Superconducting Circuit/matlab_v7_4_6_files/outputs/v7_4_6_as006_gap_weaklink_v800_phase3_seed_101/AS006_v7_4_6_gap_weaklink_scores.csv
AS006,boundary_sns_a4_1_g0_7_p0_3,"SNS-like boundary constriction, alpha=4.1, tau=0.7, p=0.3",boundary_lane,boundary_constriction,shape,4.1,0.999999999999997,0.7,0.3,0.905228758169932,0.7,0.315904139433551,6.75779099287161e-07,4.51724362909164e-07,0.120611489743205,171.532908560001,0.212507119529672,0.286626667403148,0.308399528734361,0.15092501809188,0.0475534823452319,0.224453479205531,0.313673859220038,0.334163394634389,0.138286512692362,0.050949455331986,241.030827933599,230.987454682513,101,v7.4.6,gap_tied_weak_links_phase3_seed,/Users/asewaket/Documents/LTSpice Superconducting Circuit/matlab_v7_4_6_files/outputs/v7_4_6_as006_gap_weaklink_v800_phase3_seed_101/AS006_v7_4_6_gap_weaklink_scores.csv
AS006,combined_a4_1_g0_7_p0_3,"combined weak-link classes, alpha=4.1, tau=0.7, p=0.3",combined,boundary_constriction,shape,4.1,0.999999999999997,0.7,0.3,0.909934640522874,0.7,0.300217864923747,6.63322157732996e-07,4.72000909882594e-07,0.115335147588279,164.028890763482,0.21251781192496,0.286195256012159,0.308657355599882,0.150450530695519,0.0481802679434468,0.223122010272282,0.311284971703054,0.332546507666796,0.138609506766634,0.0491068077831712,240.573685967875,233.138039880741,101,v7.4.6,gap_tied_weak_links_phase3_seed,/Users/asewaket/Documents/LTSpice Superconducting Circuit/matlab_v7_4_6_files/outputs/v7_4_6_as006_gap_weaklink_v800_phase3_seed_101/AS006_v7_4_6_gap_weaklink_scores.csv
AS006,crack_tunnel_a4_1_g0_4_p0_05,"tunnel/crack-like links, alpha=4.1, tau=0.4, p=0.05",tear_lane,crack_tunnel,shape,4.1,0.999999999999997,0.4,0.05,0.969673202614379,0.4,0.0505446623093682,4.55463349278186e-07,4.45174620947046e-07,0.146680056801441,174.104290266471,0.212732843540234,0.285092140256508,0.307423941543771,0.15401929420778,0.0480560619833405,0.217439784436352,0.29670890099237,0.318294883133767,0.147150179818241,0.0495362509324987,241.493970818515,244.006995730922,101,v7.4.6,gap_tied_weak_links_phase3_seed,/Users/asewaket/Documents/LTSpice Superconducting Circuit/matlab_v7_4_6_files/outputs/v7_4_6_as006_gap_weaklink_v800_phase3_seed_101/AS006_v7_4_6_gap_weaklink_scores.csv
AS006,contact_relaxed_a3_7_g0_2_p0_1,"contact-relaxed SNS links, alpha=3.7, tau=0.2, p=0.1",contact_relaxation,contact_relaxed,shape,3.7,0,0.2,0.1,0.919825708061001,0.2,0.100217864923747,8.69095371295054e-08,4.97422675860173e-07,0.0422032004690033,138.387141599423,0.212861501821903,0.28416932755709,0.312510821081564,0.147837586595014,0.0484472614159223,0.228043850907816,0.317075142114412,0.343828660910335,0.13578489004969,0.0517128432694714,238.265687282203,228.795284881238,101,v7.4.6,gap_tied_weak_links_phase3_seed,/Users/asewaket/Documents/LTSpice Superconducting Circuit/matlab_v7_4_6_files/outputs/v7_4_6_as006_gap_weaklink_v800_phase3_seed_101/AS006_v7_4_6_gap_weaklink_scores.csv
AS006,boundary_sns_a4_1_g0_4_p0_1,"SNS-like boundary constriction, alpha=4.1, tau=0.4, p=0.1",boundary_lane,boundary_constriction,shape,4.1,0.999999999999997,0.4,0.1,0.924183006535947,0.4,0.12636165577342,4.69569192414542e-07,4.37502749254158e-07,0.157072722479854,175.221298906955,0.213077414342123,0.286448811019904,0.308291132324422,0.153218929906383,0.0479051167399916,0.222779636927564,0.309107084547669,0.329800444566084,0.14155525573193,0.0506962524345892,242.511143885581,233.192850589685,101,v7.4.6,gap_tied_weak_links_phase3_seed,/Users/asewaket/Documents/LTSpice Superconducting Circuit/matlab_v7_4_6_files/outputs/v7_4_6_as006_gap_weaklink_v800_phase3_seed_101/AS006_v7_4_6_gap_weaklink_scores.csv
AS006,contact_relaxed_a3_7_g0_05_p0_1,"contact-relaxed SNS links, alpha=3.7, tau=0.05, p=0.1",contact_relaxation,contact_relaxed,shape,3.7,0,0.05,0.1,0.904793028322441,0.05,0.100217864923747,2.63837106145926e-08,6.0402374084561e-07,0.0422032004690033,113.963901787464,0.213090571845338,0.285206201331981,0.31186515079564,0.149042436609244,0.0481795982407855,0.232847167598535,0.326058722735656,0.350848008675764,0.135706256474087,0.0545602794818233,235.907543673816,224.247906029313,101,v7.4.6,gap_tied_weak_links_phase3_seed,/Users/asewaket/Documents/LTSpice Superconducting Circuit/matlab_v7_4_6_files/outputs/v7_4_6_as006_gap_weaklink_v800_phase3_seed_101/AS006_v7_4_6_gap_weaklink_scores.csv
AS006,combined_a4_1_g0_7_p0_1,"combined weak-link classes, alpha=4.1, tau=0.7, p=0.1",combined,boundary_constriction,shape,4.1,0.999999999999997,0.7,0.1,0.969934640522875,0.7,0.100217864923747,7.59812793217703e-07,4.47740412520812e-07,0.143397754552151,176.802984134966,0.213198637414217,0.287801637623195,0.309392612902962,0.151357897986972,0.0475571043839922,0.222720329060165,0.311080462423345,0.331485666681781,0.139690707089225,0.047807882322833,240.970531307249,234.219847389188,101,v7.4.6,gap_tied_weak_links_phase3_seed,/Users/asewaket/Documents/LTSpice Superconducting Circuit/matlab_v7_4_6_files/outputs/v7_4_6_as006_gap_weaklink_v800_phase3_seed_101/AS006_v7_4_6_gap_weaklink_scores.csv
AS006,contact_relaxed_a4_1_g0_4_p0_1,"contact-relaxed SNS links, alpha=4.1, tau=0.4, p=0.1",contact_relaxation,contact_relaxed,shape,4.1,0.999999999999997,0.4,0.1,0.939869281045751,0.4,0.100217864923747,1.68232904413433e-07,4.84691803900887e-07,0.0467657086278145,158.439827723369,0.213601969462361,0.288230692754779,0.311900791617139,0.148633508231922,0.0481608839371314,0.228270485231489,0.320916648064892,0.342984976813417,0.135924014677155,0.0503070503226298,237.917198991138,229.328706851181,101,v7.4.6,gap_tied_weak_links_phase3_seed,/Users/asewaket/Documents/LTSpice Superconducting Circuit/matlab_v7_4_6_files/outputs/v7_4_6_as006_gap_weaklink_v800_phase3_seed_101/AS006_v7_4_6_gap_weaklink_scores.csv
AS006,crack_tunnel_a4_1_g0_7_p0_3,"tunnel/crack-like links, alpha=4.1, tau=0.7, p=0.3",tear_lane,crack_tunnel,shape,4.1,0.999999999999997,0.7,0.3,0.909934640522874,0.7,0.300217864923747,6.09347803679651e-07,4.69490189048165e-07,0.101328480665276,159.498589485757,0.213636281956102,0.290015459865699,0.311939720770391,0.147081465450059,0.0484196067540516,0.220845436621784,0.308107551563713,0.329250487762131,0.138382058693053,0.0469537045951616,241.827002102099,237.910936527568,101,v7.4.6,gap_tied_weak_links_phase3_seed,/Users/asewaket/Documents/LTSpice Superconducting Circuit/matlab_v7_4_6_files/outputs/v7_4_6_as006_gap_weaklink_v800_phase3_seed_101/AS006_v7_4_6_gap_weaklink_scores.csv
AS006,contact_relaxed_a3_3_g0_1_p0_1,"contact-relaxed SNS links, alpha=3.3, tau=0.1, p=0.1",contact_relaxation,contact_relaxed,shape,3.3,1,0.1,0.1,0.909803921568628,0.1,0.100217864923747,4.33886105291727e-08,4.96665371007914e-07,0.0376406923101922,123.614567452175,0.213672463943224,0.284172343787744,0.316568733557435,0.145564703402154,0.0482388129501712,0.228782181736241,0.315162128405616,0.346235539251491,0.135711485496608,0.0531972297147223,239.735516525538,228.838480894282,101,v7.4.6,gap_tied_weak_links_phase3_seed,/Users/asewaket/Documents/LTSpice Superconducting Circuit/matlab_v7_4_6_files/outputs/v7_4_6_as006_gap_weaklink_v800_phase3_seed_101/AS006_v7_4_6_gap_weaklink_scores.csv
AS006,boundary_sns_a4_1_g0_7_p0_2,"SNS-like boundary constriction, alpha=4.1, tau=0.7, p=0.2",boundary_lane,boundary_constriction,shape,4.1,0.999999999999997,0.7,0.2,0.933594771241829,0.7,0.221350762527233,7.25207054044316e-07,4.43212385812031e-07,0.13984355063826,178.570281670606,0.213719459540695,0.288975460526714,0.310138193265984,0.151428006010441,0.0475949914482365,0.224897904212422,0.314882372034758,0.334727661174164,0.139108311216696,0.0499483529516956,241.012219299059,231.918987983381,101,v7.4.6,gap_tied_weak_links_phase3_seed,/Users/asewaket/Documents/LTSpice Superconducting Circuit/matlab_v7_4_6_files/outputs/v7_4_6_as006_gap_weaklink_v800_phase3_seed_101/AS006_v7_4_6_gap_weaklink_scores.csv
AS006,combined_a3_7_g0_7_p0_2,"combined weak-link classes, alpha=3.7, tau=0.7, p=0.2",combined,boundary_constriction,shape,3.7,0,0.7,0.2,0.939999999999999,0.7,0.2,6.80286807110409e-07,4.10802880528965e-07,0.123624999859064,171.593305462986,0.213730543335965,0.2881471417868,0.312589330937328,0.148705757318228,0.0475920491049167,0.222940742570098,0.309125516963328,0.332654503604213,0.139085988271702,0.0495753292401617,242.986160393638,234.213835442318,101,v7.4.6,gap_tied_weak_links_phase3_seed,/Users/asewaket/Documents/LTSpice Superconducting Circuit/matlab_v7_4_6_files/outputs/v7_4_6_as006_gap_weaklink_v800_phase3_seed_101/AS006_v7_4_6_gap_weaklink_scores.csv
AS006,crack_tunnel_a4_1_g0_7_p0_2,"tunnel/crack-like links, alpha=4.1, tau=0.7, p=0.2",tear_lane,crack_tunnel,shape,4.1,0.999999999999997,0.7,0.2,0.93986928104575,0.7,0.200435729847495,6.43492557404712e-07,4.59770398427764e-07,0.111219355791531,167.027903865914,0.213749392241763,0.289816888417114,0.311584586224563,0.148280738946722,0.0483061232153112,0.221244687807765,0.308639830062546,0.329562959669691,0.139049981284624,0.0470359529485386,241.669335911369,237.398409630578,101,v7.4.6,gap_tied_weak_links_phase3_seed,/Users/asewaket/Documents/LTSpice Superconducting Circuit/matlab_v7_4_6_files/outputs/v7_4_6_as006_gap_weaklink_v800_phase3_seed_101/AS006_v7_4_6_gap_weaklink_scores.csv
AS006,boundary_sns_a3_3_g0_05_p0_05,"SNS-like boundary constriction, alpha=3.3, tau=0.05, p=0.05",boundary_lane,boundary_constriction,shape,3.3,1,0.05,0.05,0.939978213507626,0.05,0.0631808278867102,4.80648474469436e-08,3.37573358979599e-07,0.131740453535826,179.478493359135,0.213800289969092,0.284617181359866,0.313462243083622,0.150280825434659,0.0479743112959288,0.219115918408925,0.297869137992437,0.326149850934353,0.143276683459705,0.0478523605924402,245.082500007445,238.782558833155,101,v7.4.6,gap_tied_weak_links_phase3_seed,/Users/asewaket/Documents/LTSpice Superconducting Circuit/matlab_v7_4_6_files/outputs/v7_4_6_as006_gap_weaklink_v800_phase3_seed_101/AS006_v7_4_6_gap_weaklink_scores.csv
AS006,boundary_sns_a3_3_g0_1_p0_05,"SNS-like boundary constriction, alpha=3.3, tau=0.1, p=0.05",boundary_lane,boundary_constriction,shape,3.3,1,0.1,0.05,0.943137254901961,0.1,0.0631808278867102,9.63927645776123e-08,3.38497166309673e-07,0.131740453535826,178.988670801495,0.213815384653417,0.285140936772789,0.313599995499726,0.15001445335654,0.0476179276741035,0.221959964495703,0.303323875512933,0.331040146625161,0.141263793886575,0.0505759480133335,244.620899444624,234.878822246037,101,v7.4.6,gap_tied_weak_links_phase3_seed,/Users/asewaket/Documents/LTSpice Superconducting Circuit/matlab_v7_4_6_files/outputs/v7_4_6_as006_gap_weaklink_v800_phase3_seed_101/AS006_v7_4_6_gap_weaklink_scores.csv
AS006,boundary_sns_a3_7_g0_7_p0_3,"SNS-like boundary constriction, alpha=3.7, tau=0.7, p=0.3",boundary_lane,boundary_constriction,shape,3.7,0,0.7,0.3,0.905228758169932,0.7,0.315904139433551,6.09849431064024e-07,4.07653693357051e-07,0.108844515134112,171.532908560001,0.213859125403007,0.288914217790224,0.313335119634796,0.147718385358829,0.0473969681653838,0.223749662491702,0.310452125630809,0.333985915808641,0.138299449062178,0.0509465228348568,243.572950302601,233.179165419939,101,v7.4.6,gap_tied_weak_links_phase3_seed,/Users/asewaket/Documents/LTSpice Superconducting Circuit/matlab_v7_4_6_files/outputs/v7_4_6_as006_gap_weaklink_v800_phase3_seed_101/AS006_v7_4_6_gap_weaklink_scores.csv
AS006,combined_a3_7_g0_7_p0_3,"combined weak-link classes, alpha=3.7, tau=0.7, p=0.3",combined,boundary_constriction,shape,3.7,0,0.7,0.3,0.909934640522874,0.7,0.300217864923747,5.98607800880997e-07,4.25952040625756e-07,0.104082938067472,164.028890763482,0.213940922165909,0.288744532877442,0.313699878780473,0.147249692269986,0.0479231747487946,0.222418047979075,0.308143172093068,0.332295233842697,0.138657419059566,0.0491086347531271,243.234865215202,235.384855958444,101,v7.4.6,gap_tied_weak_links_phase3_seed,/Users/asewaket/Documents/LTSpice Superconducting Circuit/matlab_v7_4_6_files/outputs/v7_4_6_as006_gap_weaklink_v800_phase3_seed_101/AS006_v7_4_6_gap_weaklink_scores.csv
AS006,combined_a3_3_g0_7_p0_2,"combined weak-link classes, alpha=3.3, tau=0.7, p=0.2",combined,boundary_constriction,shape,3.3,1,0.7,0.2,0.939999999999999,0.7,0.2,6.06742287422797e-07,3.66391758309618e-07,0.110260135009435,171.593305462986,0.214271732950937,0.287580110519474,0.316019582830989,0.146548304166995,0.0475589040722354,0.22190114738007,0.30452605205453,0.332289473341794,0.139129524354356,0.0495612010547365,244.792427076729,235.940744584465,101,v7.4.6,gap_tied_weak_links_phase3_seed,/Users/asewaket/Documents/LTSpice Superconducting Circuit/matlab_v7_4_6_files/outputs/v7_4_6_as006_gap_weaklink_v800_phase3_seed_101/AS006_v7_4_6_gap_weaklink_scores.csv
AS006,combined_a3_7_g0_7_p0_1,"combined weak-link classes, alpha=3.7, tau=0.7, p=0.1",combined,boundary_constriction,shape,3.7,0,0.7,0.1,0.969934640522875,0.7,0.100217864923747,6.8568471583061e-07,4.04058421055367e-07,0.129407729717795,176.802984134966,0.21428219495505,0.289458215042185,0.31374317759273,0.148478112395711,0.0473045584511469,0.222009462050577,0.307844597746041,0.331296400699739,0.139706649714785,0.0478006991388184,243.350556767257,236.091760707245,101,v7.4.6,gap_tied_weak_links_phase3_seed,/Users/asewaket/Documents/LTSpice Superconducting Circuit/matlab_v7_4_6_files/outputs/v7_4_6_as006_gap_weaklink_v800_phase3_seed_101/AS006_v7_4_6_gap_weaklink_scores.csv
AS006,contact_relaxed_a3_3_g0_05_p0_1,"contact-relaxed SNS links, alpha=3.3, tau=0.05, p=0.1",contact_relaxation,contact_relaxed,shape,3.3,1,0.05,0.1,0.904793028322441,0.05,0.100217864923747,2.35314175751771e-08,5.38723876970409e-07,0.0376406923101922,113.963901787464,0.214341965399668,0.286254381603952,0.317286221989803,0.14584736293453,0.047895353244069,0.231548562840552,0.320577380112767,0.350235828695478,0.135811218823969,0.0544887103429447,238.84160054388,226.751725366616,101,v7.4.6,gap_tied_weak_links_phase3_seed,/Users/asewaket/Documents/LTSpice Superconducting Circuit/matlab_v7_4_6_files/outputs/v7_4_6_as006_gap_weaklink_v800_phase3_seed_101/AS006_v7_4_6_gap_weaklink_scores.csv
AS006,boundary_sns_a3_3_g0_7_p0_3,"SNS-like boundary constriction, alpha=3.3, tau=0.7, p=0.3",boundary_lane,boundary_constriction,shape,3.3,1,0.7,0.3,0.905228758169932,0.7,0.315904139433551,5.43919762840886e-07,3.63583023804937e-07,0.0970775405250188,171.532908560001,0.214425046329759,0.288384460969008,0.31676457790442,0.145603343909207,0.0473985794605404,0.22272798073684,0.305923060946773,0.333649835402679,0.138323524500358,0.0509252251572889,245.319700813307,234.922732496758,101,v7.4.6,gap_tied_weak_links_phase3_seed,/Users/asewaket/Documents/LTSpice Superconducting Circuit/matlab_v7_4_6_files/outputs/v7_4_6_as006_gap_weaklink_v800_phase3_seed_101/AS006_v7_4_6_gap_weaklink_scores.csv
AS006,contact_relaxed_a3_3_g0_2_p0_1,"contact-relaxed SNS links, alpha=3.3, tau=0.2, p=0.1",contact_relaxation,contact_relaxed,shape,3.3,1,0.2,0.1,0.919825708061001,0.2,0.100217864923747,7.75139114938832e-08,4.43647251442857e-07,0.0376406923101922,138.387141599423,0.214503851371628,0.286353676966336,0.318711949746362,0.14418064281174,0.0481938643209927,0.226760751389385,0.311827593375405,0.343123754537401,0.135853658812231,0.0516925196157786,241.633919812662,231.727720600675,101,v7.4.6,gap_tied_weak_links_phase3_seed,/Users/asewaket/Documents/LTSpice Superconducting Circuit/matlab_v7_4_6_files/outputs/v7_4_6_as006_gap_weaklink_v800_phase3_seed_101/AS006_v7_4_6_gap_weaklink_scores.csv
AS006,combined_a3_3_g0_7_p0_1,"combined weak-link classes, alpha=3.3, tau=0.7, p=0.1",combined,boundary_constriction,shape,3.3,1,0.7,0.1,0.969934640522875,0.7,0.100217864923747,6.11556638443517e-07,3.60376429589922e-07,0.115417704883439,176.802984134966,0.214613058411962,0.28837588016085,0.316769599154062,0.146532646570662,0.0471768051660249,0.220951166662606,0.303167401144094,0.330943048825857,0.139733994851892,0.0477706031588233,245.060029225169,237.553591113916,101,v7.4.6,gap_tied_weak_links_phase3_seed,/Users/asewaket/Documents/LTSpice Superconducting Circuit/matlab_v7_4_6_files/outputs/v7_4_6_as006_gap_weaklink_v800_phase3_seed_101/AS006_v7_4_6_gap_weaklink_scores.csv
AS006,boundary_sns_a3_3_g0_2_p0_05,"SNS-like boundary constriction, alpha=3.3, tau=0.2, p=0.05",boundary_lane,boundary_constriction,shape,3.3,1,0.2,0.05,0.949455337690632,0.2,0.0631808278867102,1.91798740090248e-07,3.3676453988432e-07,0.131740453535826,179.909553092059,0.214618846608273,0.287540598921982,0.315483801657148,0.148625891821169,0.0476746164429096,0.22311878087311,0.306128602788034,0.333344430793044,0.140202122917625,0.0508598940426553,244.514701860741,234.634389634432,101,v7.4.6,gap_tied_weak_links_phase3_seed,/Users/asewaket/Documents/LTSpice Superconducting Circuit/matlab_v7_4_6_files/outputs/v7_4_6_as006_gap_weaklink_v800_phase3_seed_101/AS006_v7_4_6_gap_weaklink_scores.csv
AS006,combined_a3_3_g0_7_p0_3,"combined weak-link classes, alpha=3.3, tau=0.7, p=0.3",combined,boundary_constriction,shape,3.3,1,0.7,0.3,0.909934640522874,0.7,0.300217864923747,5.33893444028997e-07,3.79903171368917e-07,0.0928307285466638,164.028890763482,0.214653853935132,0.288692019573863,0.317342671027109,0.145099842558115,0.047852772606712,0.221445132108402,0.303837884978305,0.331929287966335,0.138717114401092,0.0491151286212513,245.181913570773,237.163935007517,101,v7.4.6,gap_tied_weak_links_phase3_seed,/Users/asewaket/Documents/LTSpice Superconducting Circuit/matlab_v7_4_6_files/outputs/v7_4_6_as006_gap_weaklink_v800_phase3_seed_101/AS006_v7_4_6_gap_weaklink_scores.csv
AS006,crack_tunnel_a3_7_g0_7_p0_2,"tunnel/crack-like links, alpha=3.7, tau=0.7, p=0.2",tear_lane,crack_tunnel,shape,3.7,0,0.7,0.2,0.93986928104575,0.7,0.200435729847495,5.80712795706691e-07,4.14914749800665e-07,0.100368686933821,167.027903865914,0.214682447191434,0.29103603338244,0.31557710332407,0.14579218484625,0.0478760406997951,0.220509556906119,0.305357894879562,0.32933276731524,0.13906560440114,0.0470255413479372,243.948924533727,239.069541665955,101,v7.4.6,gap_tied_weak_links_phase3_seed,/Users/asewaket/Documents/LTSpice Superconducting Circuit/matlab_v7_4_6_files/outputs/v7_4_6_as006_gap_weaklink_v800_phase3_seed_101/AS006_v7_4_6_gap_weaklink_scores.csv
AS006,crack_tunnel_a3_7_g0_7_p0_3,"tunnel/crack-like links, alpha=3.7, tau=0.7, p=0.3",tear_lane,crack_tunnel,shape,3.7,0,0.7,0.3,0.909934640522874,0.7,0.300217864923747,5.49899237467002e-07,4.23686268165417e-07,0.0914427752345172,159.498589485757,0.214728552983611,0.291589332236822,0.316316947835356,0.144420092453205,0.0479736584028539,0.220081379757188,0.30475929256464,0.328986525462064,0.138385590605377,0.0469391984059661,244.297107909791,239.772989928506,101,v7.4.6,gap_tied_weak_links_phase3_seed,/Users/asewaket/Documents/LTSpice Superconducting Circuit/matlab_v7_4_6_files/outputs/v7_4_6_as006_gap_weaklink_v800_phase3_seed_101/AS006_v7_4_6_gap_weaklink_scores.csv
AS006,crack_tunnel_a3_3_g0_7_p0_2,"tunnel/crack-like links, alpha=3.3, tau=0.7, p=0.2",tear_lane,crack_tunnel,shape,3.3,1,0.7,0.2,0.93986928104575,0.7,0.200435729847495,5.1793303400867e-07,3.70059101173566e-07,0.0895180180761103,167.027903865914,0.214786736790514,0.289412793531105,0.318047787778041,0.144255428541413,0.0476179761331293,0.219435913519664,0.300705030796073,0.328924594958402,0.139094915596111,0.0469878511299039,245.485626811489,240.232369034385,101,v7.4.6,gap_tied_weak_links_phase3_seed,/Users/asewaket/Documents/LTSpice Superconducting Circuit/matlab_v7_4_6_files/outputs/v7_4_6_as006_gap_weaklink_v800_phase3_seed_101/AS006_v7_4_6_gap_weaklink_scores.csv
AS006,combined_a4_1_g0_7_p0_05,"combined weak-link classes, alpha=4.1, tau=0.7, p=0.05",combined,boundary_constriction,shape,4.1,0.999999999999997,0.7,0.05,0.984967320261438,0.7,0.0501089324618736,7.8755409271542e-07,4.39908493848387e-07,0.148644194335187,180.914026190708,0.214828159626934,0.291847476488797,0.312786020866401,0.149653459473029,0.0478509607883841,0.223060107309211,0.312363919022211,0.332289539003514,0.13963143490985,0.0468906306303824,240.94609398641,236.601289224339,101,v7.4.6,gap_tied_weak_links_phase3_seed,/Users/asewaket/Documents/LTSpice Superconducting Circuit/matlab_v7_4_6_files/outputs/v7_4_6_as006_gap_weaklink_v800_phase3_seed_101/AS006_v7_4_6_gap_weaklink_scores.csv
AS006,crack_tunnel_a4_1_g0_7_p0_1,"tunnel/crack-like links, alpha=4.1, tau=0.7, p=0.1",tear_lane,crack_tunnel,shape,4.1,0.999999999999997,0.7,0.1,0.969934640522875,0.7,0.100217864923747,7.14761101139123e-07,4.44490888354931e-07,0.135503829403622,176.894024134347,0.214903456872443,0.291950275769016,0.313173882716962,0.148953925110945,0.0483203074498345,0.221747696471491,0.309502767739404,0.329881348825738,0.14018186494197,0.0467160229955447,241.447074339262,238.695580760809,101,v7.4.6,gap_tied_weak_links_phase3_seed,/Users/asewaket/Documents/LTSpice Superconducting Circuit/matlab_v7_4_6_files/outputs/v7_4_6_as006_gap_weaklink_v800_phase3_seed_101/AS006_v7_4_6_gap_weaklink_scores.csv
AS006,boundary_sns_a3_7_g0_05_p0_05,"SNS-like boundary constriction, alpha=3.7, tau=0.05, p=0.05",boundary_lane,boundary_constriction,shape,3.7,0,0.05,0.05,0.939978213507626,0.05,0.0631808278867102,5.38908895617246e-08,3.78491341886217e-07,0.14770899335835,179.478493359135,0.214944968849907,0.289577164597852,0.314162645812962,0.150007371742301,0.0478538348011238,0.220191000136201,0.302528372969419,0.326535280479261,0.143246455867687,0.0479318170382697,245.394435731344,238.784112329666,101,v7.4.6,gap_tied_weak_links_phase3_seed,/Users/asewaket/Documents/LTSpice Superconducting Circuit/matlab_v7_4_6_files/outputs/v7_4_6_as006_gap_weaklink_v800_phase3_seed_101/AS006_v7_4_6_gap_weaklink_scores.csv
AS006,boundary_sns_a3_7_g0_7_p0_2,"SNS-like boundary constriction, alpha=3.7, tau=0.7, p=0.2",boundary_lane,boundary_constriction,shape,3.7,0,0.7,0.2,0.933594771241829,0.7,0.221350762527233,6.54455146332675e-07,3.99972153049882e-07,0.126200277405259,178.570281670606,0.214949197515309,0.290969054477462,0.314726608385819,0.148440575862551,0.0474546485957073,0.224213608401545,0.311733107946481,0.334559987224846,0.139126993722302,0.0499462142648865,243.38167280444,233.985389821406,101,v7.4.6,gap_tied_weak_links_phase3_seed,/Users/asewaket/Documents/LTSpice Superconducting Circuit/matlab_v7_4_6_files/outputs/v7_4_6_as006_gap_weaklink_v800_phase3_seed_101/AS006_v7_4_6_gap_weaklink_scores.csv
AS006,crack_tunnel_a3_3_g0_7_p0_3,"tunnel/crack-like links, alpha=3.3, tau=0.7, p=0.3",tear_lane,crack_tunnel,shape,3.3,1,0.7,0.3,0.909934640522874,0.7,0.300217864923747,4.90450671254353e-07,3.77882347282669e-07,0.0815570698037585,159.498589485757,0.214968964917386,0.290209022759753,0.31908294177793,0.14275967502014,0.0477910599406251,0.21896818781108,0.300010663181884,0.328533947942685,0.13839897887109,0.0468971433849526,245.925181420653,241.157638106676,101,v7.4.6,gap_tied_weak_links_phase3_seed,/Users/asewaket/Documents/LTSpice Superconducting Circuit/matlab_v7_4_6_files/outputs/v7_4_6_as006_gap_weaklink_v800_phase3_seed_101/AS006_v7_4_6_gap_weaklink_scores.csv
AS006,boundary_sns_a3_7_g0_1_p0_05,"SNS-like boundary constriction, alpha=3.7, tau=0.1, p=0.05",boundary_lane,boundary_constriction,shape,3.7,0,0.1,0.05,0.943137254901961,0.1,0.0631808278867102,1.08076736041565e-07,3.79527125862361e-07,0.14770899335835,178.988670801495,0.215073545008153,0.290352098447537,0.314560956093883,0.14956120379933,0.0475824486797694,0.222992072359926,0.307912212344836,0.331369366946831,0.141248246944828,0.0505914486168057,244.973792964888,235.137700377353,101,v7.4.6,gap_tied_weak_links_phase3_seed,/Users/asewaket/Documents/LTSpice Superconducting Circuit/matlab_v7_4_6_files/outputs/v7_4_6_as006_gap_weaklink_v800_phase3_seed_101/AS006_v7_4_6_gap_weaklink_scores.csv
AS006,boundary_sns_a4_1_g0_05_p0_05,"SNS-like boundary constriction, alpha=4.1, tau=0.05, p=0.05",boundary_lane,boundary_constriction,shape,4.1,0.999999999999997,0.05,0.05,0.939978213507626,0.05,0.0631808278867102,5.97169316765057e-08,4.19409324792835e-07,0.163677533180875,179.478493359135,0.215290858314811,0.292182419580991,0.313782875895421,0.150297312247021,0.0472801988672988,0.220929940393188,0.305810669959594,0.326757095543931,0.143228710605497,0.0479782265475933,245.67563559984,237.956425479087,101,v7.4.6,gap_tied_weak_links_phase3_seed,/Users/asewaket/Documents/LTSpice Superconducting Circuit/matlab_v7_4_6_files/outputs/v7_4_6_as006_gap_weaklink_v800_phase3_seed_101/AS006_v7_4_6_gap_weaklink_scores.csv
AS006,contact_relaxed_a4_1_g0_7_p0_3,"contact-relaxed SNS links, alpha=4.1, tau=0.7, p=0.3",contact_relaxation,contact_relaxed,shape,4.1,0.999999999999997,0.7,0.3,0.909934640522874,0.7,0.300217864923747,3.65355396942782e-07,4.83757368510924e-07,0.0548447305676866,154.754740862941,0.215348082469576,0.293847000046904,0.315399293485322,0.146348975793193,0.0480084289601707,0.228169001181361,0.321960872933864,0.342289516192496,0.136044932795574,0.0498213136416055,239.734754717535,231.36235643755,101,v7.4.6,gap_tied_weak_links_phase3_seed,/Users/asewaket/Documents/LTSpice Superconducting Circuit/matlab_v7_4_6_files/outputs/v7_4_6_as006_gap_weaklink_v800_phase3_seed_101/AS006_v7_4_6_gap_weaklink_scores.csv
AS006,contact_relaxed_a4_1_g0_7_p0_2,"contact-relaxed SNS links, alpha=4.1, tau=0.7, p=0.2",contact_relaxation,contact_relaxed,shape,4.1,0.999999999999997,0.7,0.2,0.939999999999999,0.7,0.2,3.15258241942819e-07,4.63210986874695e-07,0.0516189514385513,166.174625207991,0.215406732576548,0.293465716784774,0.315306112450864,0.14718208189736,0.047804646937254,0.228399084182546,0.321984709135799,0.342563047060662,0.136488772202142,0.0499144141680957,239.738568135705,230.987892537174,101,v7.4.6,gap_tied_weak_links_phase3_seed,/Users/asewaket/Documents/LTSpice Superconducting Circuit/matlab_v7_4_6_files/outputs/v7_4_6_as006_gap_weaklink_v800_phase3_seed_101/AS006_v7_4_6_gap_weaklink_scores.csv
AS006,boundary_sns_a3_3_g0_7_p0_2,"SNS-like boundary constriction, alpha=3.3, tau=0.7, p=0.2",boundary_lane,boundary_constriction,shape,3.3,1,0.7,0.2,0.933594771241829,0.7,0.221350762527233,5.83703238621035e-07,3.56731920287733e-07,0.112557004172258,178.570281670606,0.215422429848389,0.290233207368648,0.317898312422264,0.146471745349064,0.047467213448003,0.223214216645376,0.307271878506536,0.334241648395305,0.139159858575528,0.0499264968091494,245.004242870007,235.620352806182,101,v7.4.6,gap_tied_weak_links_phase3_seed,/Users/asewaket/Documents/LTSpice Superconducting Circuit/matlab_v7_4_6_files/outputs/v7_4_6_as006_gap_weaklink_v800_phase3_seed_101/AS006_v7_4_6_gap_weaklink_scores.csv
AS006,boundary_sns_a4_1_g0_1_p0_05,"SNS-like boundary constriction, alpha=4.1, tau=0.1, p=0.05",boundary_lane,boundary_constriction,shape,4.1,0.999999999999997,0.1,0.05,0.943137254901961,0.1,0.0631808278867102,1.19760707505518e-07,4.20557085415048e-07,0.163677533180875,178.988670801495,0.215622967869826,0.293393553850449,0.314625850555867,0.1495606286628,0.0471752611974109,0.223693997114856,0.311129581003069,0.331545658546417,0.141238942266561,0.0505868242817811,245.294291817569,234.74142571862,101,v7.4.6,gap_tied_weak_links_phase3_seed,/Users/asewaket/Documents/LTSpice Superconducting Circuit/matlab_v7_4_6_files/outputs/v7_4_6_as006_gap_weaklink_v800_phase3_seed_101/AS006_v7_4_6_gap_weaklink_scores.csv
AS006,crack_tunnel_a3_3_g0_7_p0_1,"tunnel/crack-like links, alpha=3.3, tau=0.7, p=0.1",tear_lane,crack_tunnel,shape,3.3,1,0.7,0.1,0.969934640522875,0.7,0.100217864923747,5.7529552042905e-07,3.57760958919822e-07,0.109064057812671,176.894024134347,0.215660631856119,0.291185722041283,0.319023896711497,0.145303303227699,0.0471964889595714,0.220066939746703,0.301929970475903,0.329344653529493,0.140278636471643,0.046703288991448,245.404749692065,240.770028866602,101,v7.4.6,gap_tied_weak_links_phase3_seed,/Users/asewaket/Documents/LTSpice Superconducting Circuit/matlab_v7_4_6_files/outputs/v7_4_6_as006_gap_weaklink_v800_phase3_seed_101/AS006_v7_4_6_gap_weaklink_scores.csv
AS006,crack_tunnel_a3_7_g0_7_p0_1,"tunnel/crack-like links, alpha=3.7, tau=0.7, p=0.1",tear_lane,crack_tunnel,shape,3.7,0,0.7,0.1,0.969934640522875,0.7,0.100217864923747,6.45028310784087e-07,4.01125923637376e-07,0.122283943608147,176.894024134347,0.215677495922199,0.292940080366777,0.316832942444774,0.146668110097021,0.0476546123445842,0.221066684405689,0.306374756501745,0.329693352325159,0.140218702276353,0.0467219211122304,243.763408689581,240.008112297985,101,v7.4.6,gap_tied_weak_links_phase3_seed,/Users/asewaket/Documents/LTSpice Superconducting Circuit/matlab_v7_4_6_files/outputs/v7_4_6_as006_gap_weaklink_v800_phase3_seed_101/AS006_v7_4_6_gap_weaklink_scores.csv
AS006,contact_relaxed_a3_7_g0_4_p0_1,"contact-relaxed SNS links, alpha=3.7, tau=0.4, p=0.1",contact_relaxation,contact_relaxed,shape,3.7,0,0.4,0.1,0.939869281045751,0.4,0.100217864923747,1.51819938129196e-07,4.37404798642264e-07,0.0422032004690033,158.439827723369,0.215812036236063,0.292562556843633,0.318793425796848,0.144564547256465,0.0479034451216138,0.227453693835105,0.317432350619127,0.342611728345086,0.135956528854289,0.0503199328846356,241.485852189161,232.407208206718,101,v7.4.6,gap_tied_weak_links_phase3_seed,/Users/asewaket/Documents/LTSpice Superconducting Circuit/matlab_v7_4_6_files/outputs/v7_4_6_as006_gap_weaklink_v800_phase3_seed_101/AS006_v7_4_6_gap_weaklink_scores.csv
AS006,boundary_sns_a3_7_g0_2_p0_05,"SNS-like boundary constriction, alpha=3.7, tau=0.2, p=0.05",boundary_lane,boundary_constriction,shape,3.7,0,0.2,0.05,0.949455337690632,0.2,0.0631808278867102,2.15047072222399e-07,3.77584484112723e-07,0.14770899335835,179.909553092059,0.215886192935156,0.292741760086108,0.316505115542617,0.148133030565729,0.0476389641829294,0.224124585184055,0.310631483225822,0.33366143769634,0.140175817151945,0.0508641552859277,244.898597584157,234.930644752104,101,v7.4.6,gap_tied_weak_links_phase3_seed,/Users/asewaket/Documents/LTSpice Superconducting Circuit/matlab_v7_4_6_files/outputs/v7_4_6_as006_gap_weaklink_v800_phase3_seed_101/AS006_v7_4_6_gap_weaklink_scores.csv
AS006,combined_a3_7_g0_7_p0_05,"combined weak-link classes, alpha=3.7, tau=0.7, p=0.05",combined,boundary_constriction,shape,3.7,0,0.7,0.05,0.984967320261438,0.7,0.0501089324618736,7.10719547084647e-07,3.9699059200952e-07,0.13414232171712,180.914026190708,0.216191753351402,0.294239401110938,0.317736799243681,0.146581644012745,0.0474529119536988,0.222387386274254,0.309277158819326,0.332122101693526,0.139643979878231,0.0468911197404842,243.709752312221,238.651433678521,101,v7.4.6,gap_tied_weak_links_phase3_seed,/Users/asewaket/Documents/LTSpice Superconducting Circuit/matlab_v7_4_6_files/outputs/v7_4_6_as006_gap_weaklink_v800_phase3_seed_101/AS006_v7_4_6_gap_weaklink_scores.csv
AS006,boundary_sns_a4_1_g0_7_p0_1,"SNS-like boundary constriction, alpha=4.1, tau=0.7, p=0.1",boundary_lane,boundary_constriction,shape,4.1,0.999999999999997,0.7,0.1,0.962091503267973,0.7,0.12636165577342,7.9035366393617e-07,4.37060438502439e-07,0.157072722479854,182.180994734237,0.216208608795673,0.295626702081209,0.316052490866996,0.147661198375282,0.0477479849108126,0.226229548394114,0.318087079232535,0.337525361786973,0.138115125693198,0.049747372494335,242.310308154897,233.561016240755,101,v7.4.6,gap_tied_weak_links_phase3_seed,/Users/asewaket/Documents/LTSpice Superconducting Circuit/matlab_v7_4_6_files/outputs/v7_4_6_as006_gap_weaklink_v800_phase3_seed_101/AS006_v7_4_6_gap_weaklink_scores.csv
AS006,boundary_sns_a4_1_g0_2_p0_05,"SNS-like boundary constriction, alpha=4.1, tau=0.2, p=0.05",boundary_lane,boundary_constriction,shape,4.1,0.999999999999997,0.2,0.05,0.949455337690632,0.2,0.0631808278867102,2.3829540435455e-07,4.18404428341125e-07,0.163677533180875,179.909553092059,0.216462289221593,0.29572286865982,0.316572847875754,0.148131770855953,0.047421380095635,0.224807525941935,0.313782463652083,0.333830764964515,0.140160411266716,0.0508508132862955,245.029812535723,234.724311501707,101,v7.4.6,gap_tied_weak_links_phase3_seed,/Users/asewaket/Documents/LTSpice Superconducting Circuit/matlab_v7_4_6_files/outputs/v7_4_6_as006_gap_weaklink_v800_phase3_seed_101/AS006_v7_4_6_gap_weaklink_scores.csv
AS006,shuffled_tau_control,"same weak-link histogram, shuffled positions",shuffled,boundary_constriction,shape,3.7,0,0.01,0.08,0.920627450980392,0.01,0.0801742919389978,4.6697012812571e-09,4.27815278598387e-07,0.0520622656231332,160.668096907273,0.216576408113679,0.295019663876939,0.319325667535516,0.145694866643346,0.0469238752001239,0.220774033404384,0.292004476205526,0.316056874109504,0.149849307253841,0.0714545270574593,242.796325808021,256.75476881849,101,v7.4.6,gap_tied_weak_links_phase3_seed,/Users/asewaket/Documents/LTSpice Superconducting Circuit/matlab_v7_4_6_files/outputs/v7_4_6_as006_gap_weaklink_v800_phase3_seed_101/AS006_v7_4_6_gap_weaklink_scores.csv
AS006,contact_relaxed_a4_1_g0_2_p0_05,"contact-relaxed SNS links, alpha=4.1, tau=0.2, p=0.05",contact_relaxation,contact_relaxed,shape,4.1,0.999999999999997,0.2,0.05,0.959564270152505,0.2,0.0505446623093682,7.82733957444832e-08,4.84740955074342e-07,0.0436106880672633,161.004970812482,0.216635610385317,0.29674509540924,0.318088430167215,0.145259195812019,0.0482042089596955,0.23270286904805,0.329636365219518,0.349630051014494,0.134912442825118,0.0533848372139705,238.952734313536,227.977677486506,101,v7.4.6,gap_tied_weak_links_phase3_seed,/Users/asewaket/Documents/LTSpice Superconducting Circuit/matlab_v7_4_6_files/outputs/v7_4_6_as006_gap_weaklink_v800_phase3_seed_101/AS006_v7_4_6_gap_weaklink_scores.csv
AS006,boundary_sns_a3_3_g0_7_p0_1,"SNS-like boundary constriction, alpha=3.3, tau=0.7, p=0.1",boundary_lane,boundary_constriction,shape,3.3,1,0.7,0.1,0.962091503267973,0.7,0.12636165577342,6.36138314875454e-07,3.51780352940987e-07,0.126424386386224,182.180994734237,0.216641131901063,0.293525124458359,0.320478475879039,0.144930980781547,0.0476794762817023,0.224578168721037,0.310698622378598,0.337048009357096,0.138096251021835,0.0497378910743778,244.67310959303,235.758012267154,101,v7.4.6,gap_tied_weak_links_phase3_seed,/Users/asewaket/Documents/LTSpice Superconducting Circuit/matlab_v7_4_6_files/outputs/v7_4_6_as006_gap_weaklink_v800_phase3_seed_101/AS006_v7_4_6_gap_weaklink_scores.csv
AS006,boundary_sns_a3_3_g0_4_p0_05,"SNS-like boundary constriction, alpha=3.3, tau=0.4, p=0.05",boundary_lane,boundary_constriction,shape,3.3,1,0.4,0.05,0.962091503267973,0.4,0.0631808278867102,3.78730388668073e-07,3.45392222980712e-07,0.131740453535826,182.221583721388,0.216649278555381,0.293077003139909,0.320208686080947,0.145543171951605,0.0478752240558338,0.224350195536704,0.309645219036273,0.336191005862071,0.13879797075774,0.0502740349414475,245.045362972256,235.904713803437,101,v7.4.6,gap_tied_weak_links_phase3_seed,/Users/asewaket/Documents/LTSpice Superconducting Circuit/matlab_v7_4_6_files/outputs/v7_4_6_as006_gap_weaklink_v800_phase3_seed_101/AS006_v7_4_6_gap_weaklink_scores.csv
AS006,combined_a3_3_g0_7_p0_05,"combined weak-link classes, alpha=3.3, tau=0.7, p=0.05",combined,boundary_constriction,shape,3.3,1,0.7,0.05,0.984967320261438,0.7,0.0501089324618736,6.33885001453875e-07,3.54072690170653e-07,0.119640449099053,180.914026190708,0.216829920710287,0.29401429943489,0.321389426242707,0.144443256284988,0.0471497378355744,0.221393977439346,0.304858089112985,0.33180667944713,0.139668642970489,0.0468643053381575,245.897093256408,240.214684542514,101,v7.4.6,gap_tied_weak_links_phase3_seed,/Users/asewaket/Documents/LTSpice Superconducting Circuit/matlab_v7_4_6_files/outputs/v7_4_6_as006_gap_weaklink_v800_phase3_seed_101/AS006_v7_4_6_gap_weaklink_scores.csv
AS006,boundary_sns_a3_7_g0_7_p0_1,"SNS-like boundary constriction, alpha=3.7, tau=0.7, p=0.1",boundary_lane,boundary_constriction,shape,3.7,0,0.7,0.1,0.962091503267973,0.7,0.12636165577342,7.13245989405812e-07,3.94420395721713e-07,0.141748554433039,182.180994734237,0.216925314774662,0.296119339585941,0.319176661271886,0.145788974286693,0.0477118592032045,0.225558887922999,0.315033425812973,0.337359234991088,0.138105106041975,0.0497509700151506,243.899366492312,235.033120131607,101,v7.4.6,gap_tied_weak_links_phase3_seed,/Users/asewaket/Documents/LTSpice Superconducting Circuit/matlab_v7_4_6_files/outputs/v7_4_6_as006_gap_weaklink_v800_phase3_seed_101/AS006_v7_4_6_gap_weaklink_scores.csv
AS006,crack_tunnel_a4_1_g0_7_p0_05,"tunnel/crack-like links, alpha=4.1, tau=0.7, p=0.05",tear_lane,crack_tunnel,shape,4.1,0.999999999999997,0.7,0.05,0.984836601307189,0.7,0.0505446623093682,7.62720429632118e-07,4.37420374770423e-07,0.146680056801441,181.943094944701,0.216955145816615,0.297237073480923,0.317739345458892,0.146770950692702,0.0480311126832142,0.223083156695262,0.312563460211537,0.332359773319971,0.139616578263392,0.046701997125583,242.452297503048,239.654989589183,101,v7.4.6,gap_tied_weak_links_phase3_seed,/Users/asewaket/Documents/LTSpice Superconducting Circuit/matlab_v7_4_6_files/outputs/v7_4_6_as006_gap_weaklink_v800_phase3_seed_101/AS006_v7_4_6_gap_weaklink_scores.csv
AS006,contact_relaxed_a3_7_g0_7_p0_3,"contact-relaxed SNS links, alpha=3.7, tau=0.7, p=0.3",contact_relaxation,contact_relaxed,shape,3.7,0,0.7,0.3,0.909934640522874,0.7,0.300217864923747,3.29710967972755e-07,4.3656152768059e-07,0.0494940251464489,154.754740862941,0.217063504372627,0.296555110318394,0.321130153220785,0.143227026986987,0.0477508596746347,0.227332956695827,0.318269662020788,0.342012322422871,0.136035361726509,0.049829355060188,242.726161386329,233.881648618655,101,v7.4.6,gap_tied_weak_links_phase3_seed,/Users/asewaket/Documents/LTSpice Superconducting Circuit/matlab_v7_4_6_files/outputs/v7_4_6_as006_gap_weaklink_v800_phase3_seed_101/AS006_v7_4_6_gap_weaklink_scores.csv
AS006,contact_relaxed_a4_1_g0_1_p0_05,"contact-relaxed SNS links, alpha=4.1, tau=0.1, p=0.05",contact_relaxation,contact_relaxed,shape,4.1,0.999999999999997,0.1,0.05,0.954509803921569,0.1,0.0505446623093682,4.12138506329434e-08,5.10468240916004e-07,0.0436106880672633,152.890419163611,0.217129905870971,0.297748810795389,0.318876159572503,0.144805332325113,0.0488607739011972,0.234639480213453,0.333003712377978,0.35268791501011,0.134514799141804,0.0548463384943403,238.039783178298,226.83996649353,101,v7.4.6,gap_tied_weak_links_phase3_seed,/Users/asewaket/Documents/LTSpice Superconducting Circuit/matlab_v7_4_6_files/outputs/v7_4_6_as006_gap_weaklink_v800_phase3_seed_101/AS006_v7_4_6_gap_weaklink_scores.csv
AS006,contact_relaxed_a3_7_g0_7_p0_2,"contact-relaxed SNS links, alpha=3.7, tau=0.7, p=0.2",contact_relaxation,contact_relaxed,shape,3.7,0,0.7,0.2,0.939999999999999,0.7,0.2,2.84501340289861e-07,4.18019671082042e-07,0.0465829561762536,166.174625207991,0.217162170205528,0.296374236360225,0.321050628841424,0.144016675304036,0.0475771700648787,0.227624790402579,0.31849615024698,0.342325148120903,0.136505610765015,0.0499267790980663,242.725153609369,233.499110588882,101,v7.4.6,gap_tied_weak_links_phase3_seed,/Users/asewaket/Documents/LTSpice Superconducting Circuit/matlab_v7_4_6_files/outputs/v7_4_6_as006_gap_weaklink_v800_phase3_seed_101/AS006_v7_4_6_gap_weaklink_scores.csv
AS006,contact_relaxed_a4_1_g0_05_p0_05,"contact-relaxed SNS links, alpha=4.1, tau=0.05, p=0.05",contact_relaxation,contact_relaxed,shape,4.1,0.999999999999997,0.05,0.05,0.9519825708061,0.05,0.0505446623093682,2.13162032365568e-08,5.28038249378012e-07,0.0436106880672633,147.803124897279,0.217240252106282,0.298338957421094,0.318976716563566,0.144781599148585,0.0486760501883439,0.236215812874916,0.336022269238028,0.355176714247364,0.134278214655665,0.0556497768840831,237.3003262944,225.429494206723,101,v7.4.6,gap_tied_weak_links_phase3_seed,/Users/asewaket/Documents/LTSpice Superconducting Circuit/matlab_v7_4_6_files/outputs/v7_4_6_as006_gap_weaklink_v800_phase3_seed_101/AS006_v7_4_6_gap_weaklink_scores.csv
AS006,contact_relaxed_a4_1_g0_7_p0_1,"contact-relaxed SNS links, alpha=4.1, tau=0.7, p=0.1",contact_relaxation,contact_relaxed,shape,4.1,0.999999999999997,0.7,0.1,0.969934640522875,0.7,0.100217864923747,2.63391882598459e-07,4.40327458058996e-07,0.0467657086278145,177.096903013817,0.217402858055866,0.298851719667614,0.319544965181773,0.144796370546392,0.0479634183606275,0.229002211550019,0.324063793257178,0.343733889400728,0.135920171701679,0.0495127434145459,240.845376546506,232.659882713756,101,v7.4.6,gap_tied_weak_links_phase3_seed,/Users/asewaket/Documents/LTSpice Superconducting Circuit/matlab_v7_4_6_files/outputs/v7_4_6_as006_gap_weaklink_v800_phase3_seed_101/AS006_v7_4_6_gap_weaklink_scores.csv
AS006,contact_relaxed_a4_1_g0_4_p0_05,"contact-relaxed SNS links, alpha=4.1, tau=0.4, p=0.05",contact_relaxation,contact_relaxed,shape,4.1,0.999999999999997,0.4,0.05,0.969673202614379,0.4,0.0505446623093682,1.46364453305483e-07,4.54039725561814e-07,0.0436106880672633,172.20582610904,0.217413336291036,0.298896733339495,0.319670028466909,0.144604626466492,0.0479916152154783,0.230904862511771,0.327104141336366,0.346755824712966,0.135340544799569,0.0514217969753359,240.367482219005,230.554574432675,101,v7.4.6,gap_tied_weak_links_phase3_seed,/Users/asewaket/Documents/LTSpice Superconducting Circuit/matlab_v7_4_6_files/outputs/v7_4_6_as006_gap_weaklink_v800_phase3_seed_101/AS006_v7_4_6_gap_weaklink_scores.csv
AS006,crack_tunnel_a3_3_g0_7_p0_05,"tunnel/crack-like links, alpha=3.3, tau=0.7, p=0.05",tear_lane,crack_tunnel,shape,3.3,1,0.7,0.05,0.984836601307189,0.7,0.0505446623093682,6.13896931167315e-07,3.52070057742048e-07,0.118059557913355,181.943094944701,0.217594871056497,0.296048001278917,0.323098817359616,0.14362604287818,0.0469708700265138,0.221446079875082,0.30514602680674,0.331868279029936,0.139667640470556,0.046730333678085,246.342411363896,241.312874678017,101,v7.4.6,gap_tied_weak_links_phase3_seed,/Users/asewaket/Documents/LTSpice Superconducting Circuit/matlab_v7_4_6_files/outputs/v7_4_6_as006_gap_weaklink_v800_phase3_seed_101/AS006_v7_4_6_gap_weaklink_scores.csv
AS006,boundary_sns_a4_1_g0_4_p0_05,"SNS-like boundary constriction, alpha=4.1, tau=0.4, p=0.05",boundary_lane,boundary_constriction,shape,4.1,0.999999999999997,0.4,0.05,0.962091503267973,0.4,0.0631808278867102,4.7054381622397e-07,4.29123670976036e-07,0.163677533180875,182.221583721388,0.217596868952903,0.298880833563989,0.319220856713451,0.146252915492529,0.0476508675863264,0.225999905640909,0.317092772967562,0.336664090910956,0.138782562205109,0.0502663933864224,244.527112543234,235.080927804179,101,v7.4.6,gap_tied_weak_links_phase3_seed,/Users/asewaket/Documents/LTSpice Superconducting Circuit/matlab_v7_4_6_files/outputs/v7_4_6_as006_gap_weaklink_v800_phase3_seed_101/AS006_v7_4_6_gap_weaklink_scores.csv
AS006,contact_relaxed_a3_3_g0_4_p0_1,"contact-relaxed SNS links, alpha=3.3, tau=0.4, p=0.1",contact_relaxation,contact_relaxed,shape,3.3,1,0.4,0.1,0.939869281045751,0.4,0.100217864923747,1.35406971844958e-07,3.90117793383641e-07,0.0376406923101922,158.439827723369,0.2176971357904,0.295212687636125,0.325063818675746,0.14135931418697,0.0477121658996095,0.226365661296436,0.312858540127634,0.342079969182127,0.135993428613899,0.0503380345184474,244.846500194301,235.316407954545,101,v7.4.6,gap_tied_weak_links_phase3_seed,/Users/asewaket/Documents/LTSpice Superconducting Circuit/matlab_v7_4_6_files/outputs/v7_4_6_as006_gap_weaklink_v800_phase3_seed_101/AS006_v7_4_6_gap_weaklink_scores.csv
AS006,crack_tunnel_a3_7_g0_7_p0_05,"tunnel/crack-like links, alpha=3.7, tau=0.7, p=0.05",tear_lane,crack_tunnel,shape,3.7,0,0.7,0.05,0.984836601307189,0.7,0.0505446623093682,6.88308680399716e-07,3.94745216256235e-07,0.132369807357398,181.943094944701,0.217813346486037,0.298346999883083,0.321485119322992,0.144602378687434,0.0473678003725739,0.222419357508956,0.309501231719266,0.332189899757137,0.139634420587987,0.0467202055155403,244.894020981123,240.920052805434,101,v7.4.6,gap_tied_weak_links_phase3_seed,/Users/asewaket/Documents/LTSpice Superconducting Circuit/matlab_v7_4_6_files/outputs/v7_4_6_as006_gap_weaklink_v800_phase3_seed_101/AS006_v7_4_6_gap_weaklink_scores.csv
AS006,boundary_sns_a3_7_g0_4_p0_05,"SNS-like boundary constriction, alpha=3.7, tau=0.4, p=0.05",boundary_lane,boundary_constriction,shape,3.7,0,0.4,0.05,0.962091503267973,0.4,0.0631808278867102,4.24637102446021e-07,3.87257946978374e-07,0.14770899335835,182.221583721388,0.217927770921556,0.298251657986362,0.32132381392487,0.145057990661572,0.0477480339259333,0.22533224061014,0.314024571538441,0.336500452941544,0.138785490096686,0.0502789762436992,245.540876041866,236.183354941946,101,v7.4.6,gap_tied_weak_links_phase3_seed,/Users/asewaket/Documents/LTSpice Superconducting Circuit/matlab_v7_4_6_files/outputs/v7_4_6_as006_gap_weaklink_v800_phase3_seed_101/AS006_v7_4_6_gap_weaklink_scores.csv
AS006,contact_relaxed_a3_3_g0_7_p0_3,"contact-relaxed SNS links, alpha=3.3, tau=0.7, p=0.3",contact_relaxation,contact_relaxed,shape,3.3,1,0.7,0.3,0.909934640522874,0.7,0.300217864923747,2.94066539002727e-07,3.89365686850256e-07,0.0441433197252112,154.754740862941,0.218185508597476,0.296920140852755,0.32583684955722,0.140933274694449,0.0476263220414302,0.226193302916717,0.313257079828344,0.341621493475414,0.136023272203558,0.0498427309188176,245.230316509581,236.082130960925,101,v7.4.6,gap_tied_weak_links_phase3_seed,/Users/asewaket/Documents/LTSpice Superconducting Circuit/matlab_v7_4_6_files/outputs/v7_4_6_as006_gap_weaklink_v800_phase3_seed_101/AS006_v7_4_6_gap_weaklink_scores.csv
AS006,contact_relaxed_a3_7_g0_1_p0_05,"contact-relaxed SNS links, alpha=3.7, tau=0.1, p=0.05",contact_relaxation,contact_relaxed,shape,3.7,0,0.1,0.05,0.954509803921569,0.1,0.0505446623093682,3.71929871565587e-08,4.60666461314442e-07,0.0393559867924083,152.890419163611,0.218269782919721,0.299505145222082,0.323300008650452,0.142384791114271,0.0480877653453933,0.23387539550867,0.329694595465427,0.352404224395467,0.134522047427362,0.0548224301016543,240.679368037472,228.48743909958,101,v7.4.6,gap_tied_weak_links_phase3_seed,/Users/asewaket/Documents/LTSpice Superconducting Circuit/matlab_v7_4_6_files/outputs/v7_4_6_as006_gap_weaklink_v800_phase3_seed_101/AS006_v7_4_6_gap_weaklink_scores.csv
AS006,contact_relaxed_a3_7_g0_05_p0_05,"contact-relaxed SNS links, alpha=3.7, tau=0.05, p=0.05",contact_relaxation,contact_relaxed,shape,3.7,0,0.05,0.05,0.9519825708061,0.05,0.0505446623093682,1.92365736525025e-08,4.76522322609426e-07,0.0393559867924083,147.803124897279,0.218358278887548,0.299976408105026,0.323260450690965,0.142452606614423,0.0480434393554996,0.235483352376824,0.332781032854664,0.354937303779779,0.134297794190272,0.0556232046770028,239.766818646298,227.063536810889,101,v7.4.6,gap_tied_weak_links_phase3_seed,/Users/asewaket/Documents/LTSpice Superconducting Circuit/matlab_v7_4_6_files/outputs/v7_4_6_as006_gap_weaklink_v800_phase3_seed_101/AS006_v7_4_6_gap_weaklink_scores.csv
AS006,boundary_sns_a4_1_g0_7_p0_05,"SNS-like boundary constriction, alpha=4.1, tau=0.7, p=0.05",boundary_lane,boundary_constriction,shape,4.1,0.999999999999997,0.7,0.05,0.981045751633987,0.7,0.0631808278867102,8.0812735927975e-07,4.29760370135228e-07,0.163677533180875,185.677006515841,0.218492967730096,0.301573140686379,0.32133116105291,0.144679759230441,0.0477124670834581,0.227826996595982,0.321814333826506,0.340758978483483,0.137085383665374,0.0496357072255902,243.26941176457,234.529636450506,101,v7.4.6,gap_tied_weak_links_phase3_seed,/Users/asewaket/Documents/LTSpice Superconducting Circuit/matlab_v7_4_6_files/outputs/v7_4_6_as006_gap_weaklink_v800_phase3_seed_101/AS006_v7_4_6_gap_weaklink_scores.csv
AS006,contact_relaxed_a3_3_g0_7_p0_2,"contact-relaxed SNS links, alpha=3.3, tau=0.7, p=0.2",contact_relaxation,contact_relaxed,shape,3.3,1,0.7,0.2,0.939999999999999,0.7,0.2,2.53744438636903e-07,3.72828355289389e-07,0.0415469609139559,166.174625207991,0.218548034947252,0.29756787016814,0.326176730007466,0.141513463063601,0.047471198225552,0.226585981947457,0.313892269880754,0.341970888879401,0.136519777779667,0.0499388620929963,245.411398885486,235.881281117829,101,v7.4.6,gap_tied_weak_links_phase3_seed,/Users/asewaket/Documents/LTSpice Superconducting Circuit/matlab_v7_4_6_files/outputs/v7_4_6_as006_gap_weaklink_v800_phase3_seed_101/AS006_v7_4_6_gap_weaklink_scores.csv
AS006,contact_relaxed_a3_7_g0_2_p0_05,"contact-relaxed SNS links, alpha=3.7, tau=0.2, p=0.05",contact_relaxation,contact_relaxed,shape,3.7,0,0.2,0.05,0.959564270152505,0.2,0.0505446623093682,7.06369668913629e-08,4.37449154579285e-07,0.0393559867924083,161.004970812482,0.218703613267205,0.300475130515389,0.324317098438375,0.142001276304985,0.0479864181722523,0.231961079947594,0.326418109976643,0.349334243255025,0.134936224242528,0.053382083761873,242.136510085589,230.737532605956,101,v7.4.6,gap_tied_weak_links_phase3_seed,/Users/asewaket/Documents/LTSpice Superconducting Circuit/matlab_v7_4_6_files/outputs/v7_4_6_as006_gap_weaklink_v800_phase3_seed_101/AS006_v7_4_6_gap_weaklink_scores.csv
AS006,contact_relaxed_a4_1_g0_7_p0_05,"contact-relaxed SNS links, alpha=4.1, tau=0.7, p=0.05",contact_relaxation,contact_relaxed,shape,4.1,0.999999999999997,0.7,0.05,0.984836601307189,0.7,0.0505446623093682,2.41622659957274e-07,4.30717166743716e-07,0.0436106880672633,182.550843112644,0.218952228734937,0.302965236680753,0.322706399138916,0.143361957393421,0.0478572617590523,0.230040715225584,0.326456006939303,0.345308545019988,0.135649294841661,0.0498959968515639,241.841567528471,233.120611959586,101,v7.4.6,gap_tied_weak_links_phase3_seed,/Users/asewaket/Documents/LTSpice Superconducting Circuit/matlab_v7_4_6_files/outputs/v7_4_6_as006_gap_weaklink_v800_phase3_seed_101/AS006_v7_4_6_gap_weaklink_scores.csv
AS006,contact_relaxed_a3_3_g0_1_p0_05,"contact-relaxed SNS links, alpha=3.3, tau=0.1, p=0.05",contact_relaxation,contact_relaxed,shape,3.3,1,0.1,0.05,0.954509803921569,0.1,0.0505446623093682,3.3172123680174e-08,4.10864681712881e-07,0.0351012855175534,152.890419163611,0.219592331045564,0.300952950673781,0.328320724845499,0.139962179893693,0.0474947112072981,0.232878667843581,0.325401157377235,0.35202398189482,0.13452124759788,0.0547986540273837,243.657644398704,230.453818341599,101,v7.4.6,gap_tied_weak_links_phase3_seed,/Users/asewaket/Documents/LTSpice Superconducting Circuit/matlab_v7_4_6_files/outputs/v7_4_6_as006_gap_weaklink_v800_phase3_seed_101/AS006_v7_4_6_gap_weaklink_scores.csv
AS006,contact_relaxed_a3_7_g0_4_p0_05,"contact-relaxed SNS links, alpha=3.7, tau=0.4, p=0.05",contact_relaxation,contact_relaxed,shape,3.7,0,0.4,0.05,0.969673202614379,0.4,0.0505446623093682,1.32084994446412e-07,4.09743166970418e-07,0.0393559867924083,172.20582610904,0.219634775405815,0.303175058550274,0.326172856683768,0.141339207717763,0.0475223096350055,0.230249576681454,0.324203925608822,0.346506858074065,0.135373081541157,0.051440604242389,243.906687725707,233.225930067183,101,v7.4.6,gap_tied_weak_links_phase3_seed,/Users/asewaket/Documents/LTSpice Superconducting Circuit/matlab_v7_4_6_files/outputs/v7_4_6_as006_gap_weaklink_v800_phase3_seed_101/AS006_v7_4_6_gap_weaklink_scores.csv
AS006,contact_relaxed_a3_3_g0_05_p0_05,"contact-relaxed SNS links, alpha=3.3, tau=0.05, p=0.05",contact_relaxation,contact_relaxed,shape,3.3,1,0.05,0.05,0.9519825708061,0.05,0.0505446623093682,1.71569440684481e-08,4.25006395840839e-07,0.0351012855175534,147.803124897279,0.219868994948656,0.30180744545836,0.328675729166546,0.139871814485549,0.0475152351365267,0.234514236223158,0.328509703608762,0.354614750064622,0.134307424799026,0.0556013838951575,242.832395653613,229.226851548528,101,v7.4.6,gap_tied_weak_links_phase3_seed,/Users/asewaket/Documents/LTSpice Superconducting Circuit/matlab_v7_4_6_files/outputs/v7_4_6_as006_gap_weaklink_v800_phase3_seed_101/AS006_v7_4_6_gap_weaklink_scores.csv
AS006,contact_relaxed_a3_7_g0_7_p0_1,"contact-relaxed SNS links, alpha=3.7, tau=0.7, p=0.1",contact_relaxation,contact_relaxed,shape,3.7,0,0.7,0.1,0.969934640522875,0.7,0.100217864923747,2.37695113564463e-07,3.97368681662996e-07,0.0422032004690033,177.096903013817,0.219908362129236,0.303654303425454,0.3266443537309,0.141266647351768,0.0476765790019402,0.228325444309167,0.321080225588558,0.343487897749368,0.135932506449183,0.0495275418344035,244.523981821082,235.766587863727,101,v7.4.6,gap_tied_weak_links_phase3_seed,/Users/asewaket/Documents/LTSpice Superconducting Circuit/matlab_v7_4_6_files/outputs/v7_4_6_as006_gap_weaklink_v800_phase3_seed_101/AS006_v7_4_6_gap_weaklink_scores.csv
AS006,boundary_sns_a3_3_g0_7_p0_05,"SNS-like boundary constriction, alpha=3.3, tau=0.7, p=0.05",boundary_lane,boundary_constriction,shape,3.3,1,0.7,0.05,0.981045751633987,0.7,0.0631808278867102,6.50443972103213e-07,3.45904688157623e-07,0.131740453535826,185.677006515841,0.219961353868087,0.301803317147147,0.327870309856394,0.141326077804963,0.047572812688393,0.22623138812806,0.31462511812855,0.340312602354128,0.137073711623488,0.0496426288626648,246.711594948912,237.611878357601,101,v7.4.6,gap_tied_weak_links_phase3_seed,/Users/asewaket/Documents/LTSpice Superconducting Circuit/matlab_v7_4_6_files/outputs/v7_4_6_as006_gap_weaklink_v800_phase3_seed_101/AS006_v7_4_6_gap_weaklink_scores.csv
AS006,boundary_sns_a3_7_g0_7_p0_05,"SNS-like boundary constriction, alpha=3.7, tau=0.7, p=0.05",boundary_lane,boundary_constriction,shape,3.7,0,0.7,0.05,0.981045751633987,0.7,0.0631808278867102,7.29285665691482e-07,3.87832529146426e-07,0.14770899335835,185.677006515841,0.220010327651343,0.303873606291589,0.326144266814547,0.142226631640011,0.0476422754896541,0.227179668997053,0.318843432366073,0.340605540868417,0.137078011174441,0.0496477021314126,245.696608788222,236.736805969095,101,v7.4.6,gap_tied_weak_links_phase3_seed,/Users/asewaket/Documents/LTSpice Superconducting Circuit/matlab_v7_4_6_files/outputs/v7_4_6_as006_gap_weaklink_v800_phase3_seed_101/AS006_v7_4_6_gap_weaklink_scores.csv
AS006,contact_relaxed_a3_3_g0_2_p0_05,"contact-relaxed SNS links, alpha=3.3, tau=0.2, p=0.05",contact_relaxation,contact_relaxed,shape,3.3,1,0.2,0.05,0.959564270152505,0.2,0.0505446623093682,6.30005380382426e-08,3.90157354084227e-07,0.0351012855175534,161.004970812482,0.220126842104163,0.301952265021833,0.32935913529704,0.139690299345085,0.0476905845478035,0.230979533126819,0.322164529025402,0.348950204978618,0.134949941985782,0.0533828504138811,244.92140685381,232.937444847378,101,v7.4.6,gap_tied_weak_links_phase3_seed,/Users/asewaket/Documents/LTSpice Superconducting Circuit/matlab_v7_4_6_files/outputs/v7_4_6_as006_gap_weaklink_v800_phase3_seed_101/AS006_v7_4_6_gap_weaklink_scores.csv
AS006,uniform_tau_control,"same mean weak transparency, spatially uniform",uniform,boundary_constriction,shape,3.7,0,0.01,0.08,0.920627450980405,0.920627450980392,1,3.81654300001933e-07,3.81654300001933e-07,0.0502176639272416,174.084664613835,0.220963967003611,0.307499394494018,0.328898379000781,0.139503220672843,0.0473692514316173,0.229130345567953,0.323912699418755,0.344894603777012,0.135268192355596,0.0490882313667468,244.971155426734,236.17037473212,101,v7.4.6,gap_tied_weak_links_phase3_seed,/Users/asewaket/Documents/LTSpice Superconducting Circuit/matlab_v7_4_6_files/outputs/v7_4_6_as006_gap_weaklink_v800_phase3_seed_101/AS006_v7_4_6_gap_weaklink_scores.csv
AS006,contact_relaxed_a3_3_g0_4_p0_05,"contact-relaxed SNS links, alpha=3.3, tau=0.4, p=0.05",contact_relaxation,contact_relaxed,shape,3.3,1,0.4,0.05,0.969673202614379,0.4,0.0505446623093682,1.1780553558734e-07,3.65446608379021e-07,0.0351012855175534,172.20582610904,0.220993545172937,0.304518424023946,0.330867617974129,0.139299947032634,0.0473060365952195,0.229347913120651,0.320240318903128,0.346157871380524,0.135406251210419,0.0514651577711875,246.522010122333,235.281991293587,101,v7.4.6,gap_tied_weak_links_phase3_seed,/Users/asewaket/Documents/LTSpice Superconducting Circuit/matlab_v7_4_6_files/outputs/v7_4_6_as006_gap_weaklink_v800_phase3_seed_101/AS006_v7_4_6_gap_weaklink_scores.csv
AS006,contact_relaxed_a3_7_g0_7_p0_05,"contact-relaxed SNS links, alpha=3.7, tau=0.7, p=0.05",contact_relaxation,contact_relaxed,shape,3.7,0,0.7,0.05,0.984836601307189,0.7,0.0505446623093682,2.18049717522418e-07,3.88695979744329e-07,0.0393559867924083,182.550843112644,0.22134592324646,0.307411736139366,0.329334687532173,0.140294669618378,0.0476138398886584,0.229430790895028,0.323689782950973,0.345117607794166,0.135671851811932,0.0499185431194615,245.262561619843,236.013159770273,101,v7.4.6,gap_tied_weak_links_phase3_seed,/Users/asewaket/Documents/LTSpice Superconducting Circuit/matlab_v7_4_6_files/outputs/v7_4_6_as006_gap_weaklink_v800_phase3_seed_101/AS006_v7_4_6_gap_weaklink_scores.csv
AS006,contact_relaxed_a3_3_g0_7_p0_1,"contact-relaxed SNS links, alpha=3.3, tau=0.7, p=0.1",contact_relaxation,contact_relaxed,shape,3.3,1,0.7,0.1,0.969934640522875,0.7,0.100217864923747,2.11998344530467e-07,3.54409905266997e-07,0.0376406923101922,177.096903013817,0.221359265582628,0.305150987247484,0.331570169765696,0.139146517897145,0.047464396204257,0.227399113299937,0.317038154989682,0.343133905671093,0.135941129089101,0.0495466652242156,247.2305761846,237.979531966417,101,v7.4.6,gap_tied_weak_links_phase3_seed,/Users/asewaket/Documents/LTSpice Superconducting Circuit/matlab_v7_4_6_files/outputs/v7_4_6_as006_gap_weaklink_v800_phase3_seed_101/AS006_v7_4_6_gap_weaklink_scores.csv
AS006,bulk_AB_reference,"bulk AB reference: no weak-link mask",none,bulk_sns,shape,3.7,0,NaN,0,1,NaN,0,NaN,3.81654329633688e-07,NaN,189.093482833326,0.222322729008595,0.309749283897187,0.331283996202371,0.139636615318684,0.0475715986432832,0.229077190811861,0.323499398412276,0.344623157983265,0.135676316327325,0.0492006337671586,246.077547808426,237.430927854402,101,v7.4.6,gap_tied_weak_links_phase3_seed,/Users/asewaket/Documents/LTSpice Superconducting Circuit/matlab_v7_4_6_files/outputs/v7_4_6_as006_gap_weaklink_v800_phase3_seed_101/AS006_v7_4_6_gap_weaklink_scores.csv
AS006,contact_relaxed_a3_3_g0_7_p0_05,"contact-relaxed SNS links, alpha=3.3, tau=0.7, p=0.05",contact_relaxation,contact_relaxed,shape,3.3,1,0.7,0.05,0.984836601307189,0.7,0.0505446623093682,1.94476775087562e-07,3.46674792744942e-07,0.0351012855175534,182.550843112644,0.222552806460481,0.308261329508572,0.333647662048862,0.138564155760773,0.0474140995073584,0.22854955556698,0.319725122485943,0.344835334160204,0.135693957113613,0.0499433741765835,247.65022875431,237.916318397375,101,v7.4.6,gap_tied_weak_links_phase3_seed,/Users/asewaket/Documents/LTSpice Superconducting Circuit/matlab_v7_4_6_files/outputs/v7_4_6_as006_gap_weaklink_v800_phase3_seed_101/AS006_v7_4_6_gap_weaklink_scores.csv
AS006,central_lane_gap_control,"central-lane topology with same gap-derived links",central_lane,boundary_constriction,shape,3.7,0,0.01,0.08,0.920627450980392,0.01,0.472222222222222,1.60156286944637e-05,0.00061186585049218,0.129936907181052,0.10813643013277,0.353917290370015,0.517443843989698,0.527492526252182,0.224723801648588,0.0481259348583226,0.343409849416099,0.505734459290406,0.514118567384977,0.212177250552821,0.0463857316753525,256.054445404594,256.054445404594,101,v7.4.6,gap_tied_weak_links_phase3_seed,/Users/asewaket/Documents/LTSpice Superconducting Circuit/matlab_v7_4_6_files/outputs/v7_4_6_as006_gap_weaklink_v800_phase3_seed_101/AS006_v7_4_6_gap_weaklink_scores.csv
