device,caseName,description,topology,linkClass,calibrationMode,alphaGap,alphaPriorPenalty,gammaW,pW,meanW,minW,activeWeakLinkFraction,medianWeakIc_A,medianAllIc_A,medianWeakDelta_meV,normalScaleApplied,shapeScore,shapeFullMap,shapeLowBias,shapeZeroBias,shapeAsymmetry,conductanceScore,conductanceFullMap,conductanceLowBias,conductanceZeroBias,conductanceAsymmetry,modelRN_top_4_10,modelRN_bottom_3_9,seed,sourceVersion,sourceRole,sourceFile
AS006,contact_relaxed_a3_3_g0_05_p0_3,"contact-relaxed SNS links, alpha=3.3, tau=0.05, p=0.3",contact_relaxation,contact_relaxed,conductance,3.3,1,0.05,0.3,0.714793028322441,0.05,0.300217864923747,3.67831846916896e-08,5.60276563081112e-07,0.0438156555126881,90.166520394461,0.171061592307314,0.133442504064351,0.285094776629499,0.139417729853738,0.048677436053422,2.19777148763332,3.24581369163343,2.49605231632028,2.61624104519309,0.10465088648132,1177.33125252475,1124.23458227411,404,v7.4.6,gap_tied_weak_links_phase3_seed,/Users/asewaket/Documents/LTSpice Superconducting Circuit/matlab_v7_4_6_files/outputs/v7_4_6_as006_gap_weaklink_v800_phase3_seed_404/AS006_v7_4_6_gap_weaklink_scores.csv
AS006,central_lane_gap_control,"central-lane topology with same gap-derived links",central_lane,boundary_constriction,conductance,3.7,0,0.01,0.08,0.920627450980392,0.01,0.472222222222222,1.07064339015609e-08,4.19177912119694e-07,0.121950506942512,160.835721140767,0.172033788201094,0.0695717021543324,0.139322833824442,0.398925075840032,0.0481259348583226,1120.48781033793,1394.92367110004,1401.43092025535,1373.94505694852,37.5799489570691,347907.208339638,347907.208339638,404,v7.4.6,gap_tied_weak_links_phase3_seed,/Users/asewaket/Documents/LTSpice Superconducting Circuit/matlab_v7_4_6_files/outputs/v7_4_6_as006_gap_weaklink_v800_phase3_seed_404/AS006_v7_4_6_gap_weaklink_scores.csv
AS006,contact_relaxed_a3_7_g0_05_p0_3,"contact-relaxed SNS links, alpha=3.7, tau=0.05, p=0.3",contact_relaxation,contact_relaxed,conductance,3.7,0,0.05,0.3,0.714793028322441,0.05,0.300217864923747,4.12417525331066e-08,6.28188873757611e-07,0.0491266440596806,90.166520394461,0.17702868498825,0.143613498683874,0.298466037709037,0.136022666949619,0.049186026579534,2.17784753452873,3.238760185977,2.45871326908771,2.59552974968714,0.103317078654244,1185.3646556984,1134.46737351959,404,v7.4.6,gap_tied_weak_links_phase3_seed,/Users/asewaket/Documents/LTSpice Superconducting Circuit/matlab_v7_4_6_files/outputs/v7_4_6_as006_gap_weaklink_v800_phase3_seed_404/AS006_v7_4_6_gap_weaklink_scores.csv
AS006,contact_relaxed_a4_1_g0_05_p0_3,"contact-relaxed SNS links, alpha=4.1, tau=0.05, p=0.3",contact_relaxation,contact_relaxed,conductance,4.1,0.999999999999997,0.05,0.3,0.714793028322441,0.05,0.300217864923747,4.57003203745235e-08,6.96101184434109e-07,0.054437632606673,90.166520394461,0.182527204895208,0.153434624069863,0.309889073213605,0.133786411931316,0.0496625073682234,2.1606887994574,3.22991934442398,2.42752364732837,2.57855035344678,0.102170328229905,1192.6471875569,1143.71372959429,404,v7.4.6,gap_tied_weak_links_phase3_seed,/Users/asewaket/Documents/LTSpice Superconducting Circuit/matlab_v7_4_6_files/outputs/v7_4_6_as006_gap_weaklink_v800_phase3_seed_404/AS006_v7_4_6_gap_weaklink_scores.csv
AS006,contact_relaxed_a3_3_g0_05_p0_2,"contact-relaxed SNS links, alpha=3.3, tau=0.05, p=0.2",contact_relaxation,contact_relaxed,conductance,3.3,1,0.05,0.2,0.810000000000002,0.05,0.2,2.76632951599649e-08,5.11189768076156e-07,0.0409859890417269,112.765827044288,0.195902514818026,0.209254683912034,0.297266296731614,0.161671107368426,0.047952986687238,0.26719165905645,0.305241165803493,0.251881272042983,0.420609189651232,0.0641634163394989,362.521109545778,342.604083707751,404,v7.4.6,gap_tied_weak_links_phase3_seed,/Users/asewaket/Documents/LTSpice Superconducting Circuit/matlab_v7_4_6_files/outputs/v7_4_6_as006_gap_weaklink_v800_phase3_seed_404/AS006_v7_4_6_gap_weaklink_scores.csv
AS006,anisotropic_gap_control,"anisotropic weak-link transparency",anisotropic,anisotropic,conductance,3.7,0,0.01,0.08,0.920627450980392,0.01,0.0801742919389978,1.14070602791497e-08,4.22150143083555e-07,0.117840491238476,160.835721140767,0.197638503577622,0.235105132090083,0.271909884302945,0.184356264066452,0.0467997581848113,0.199808221152632,0.191579657879353,0.21889543848521,0.301664835882237,0.0473133856818909,298.519203332187,289.311260635089,404,v7.4.6,gap_tied_weak_links_phase3_seed,/Users/asewaket/Documents/LTSpice Superconducting Circuit/matlab_v7_4_6_files/outputs/v7_4_6_as006_gap_weaklink_v800_phase3_seed_404/AS006_v7_4_6_gap_weaklink_scores.csv
AS006,combined_a3_3_g0_1_p0_3,"combined weak-link classes, alpha=3.3, tau=0.1, p=0.3",combined,boundary_constriction,conductance,3.3,1,0.1,0.3,0.729803921568629,0.1,0.300217864923747,1.24620901805822e-07,4.90943457796681e-07,0.0906222115741721,99.2340236466985,0.19789828595913,0.234250185691111,0.276949677142576,0.175692476416037,0.0509637135849862,0.202032905296746,0.250728788835512,0.293012383500987,0.16037449224717,0.0461959512125269,240.236534701467,239.66700205071,404,v7.4.6,gap_tied_weak_links_phase3_seed,/Users/asewaket/Documents/LTSpice Superconducting Circuit/matlab_v7_4_6_files/outputs/v7_4_6_as006_gap_weaklink_v800_phase3_seed_404/AS006_v7_4_6_gap_weaklink_scores.csv
AS006,combined_a3_3_g0_1_p0_2,"combined weak-link classes, alpha=3.3, tau=0.1, p=0.2",combined,boundary_constriction,conductance,3.3,1,0.1,0.2,0.820000000000001,0.1,0.2,1.21569077294657e-07,4.37285112900826e-07,0.108064440960143,121.632519203133,0.198011463360623,0.236825015073771,0.275194739994669,0.178502547450037,0.0485133224261258,0.209005909240448,0.265895889050028,0.303481022317218,0.154012903810411,0.0555257383340676,240.011874248485,228.659069014319,404,v7.4.6,gap_tied_weak_links_phase3_seed,/Users/asewaket/Documents/LTSpice Superconducting Circuit/matlab_v7_4_6_files/outputs/v7_4_6_as006_gap_weaklink_v800_phase3_seed_404/AS006_v7_4_6_gap_weaklink_scores.csv
AS006,contact_relaxed_a3_3_g0_1_p0_3,"contact-relaxed SNS links, alpha=3.3, tau=0.1, p=0.3",contact_relaxation,contact_relaxed,conductance,3.3,1,0.1,0.3,0.72980392156863,0.1,0.300217864923747,6.68442465758427e-08,5.09081324077424e-07,0.0438156555126881,99.2340236466985,0.198115334768644,0.186691652591567,0.333987915845326,0.132730392732021,0.0534931776073076,0.955999360817665,1.4400484621361,0.996529137077197,1.21918864304639,0.0720365482591427,696.054783058899,676.487784366201,404,v7.4.6,gap_tied_weak_links_phase3_seed,/Users/asewaket/Documents/LTSpice Superconducting Circuit/matlab_v7_4_6_files/outputs/v7_4_6_as006_gap_weaklink_v800_phase3_seed_404/AS006_v7_4_6_gap_weaklink_scores.csv
AS006,contact_relaxed_a3_7_g0_05_p0_2,"contact-relaxed SNS links, alpha=3.7, tau=0.05, p=0.2",contact_relaxation,contact_relaxed,conductance,3.7,0,0.05,0.2,0.810000000000002,0.05,0.2,3.10164218460213e-08,5.73152164206599e-07,0.0459539877134514,112.765827044288,0.198372805540506,0.220771575128144,0.297772251798619,0.161977868384923,0.0475186764456501,0.263925962113938,0.291645711219182,0.251208683637045,0.419535305431865,0.063949771195848,362.180692014945,341.564045896313,404,v7.4.6,gap_tied_weak_links_phase3_seed,/Users/asewaket/Documents/LTSpice Superconducting Circuit/matlab_v7_4_6_files/outputs/v7_4_6_as006_gap_weaklink_v800_phase3_seed_404/AS006_v7_4_6_gap_weaklink_scores.csv
AS006,combined_a3_3_g0_05_p0_3,"combined weak-link classes, alpha=3.3, tau=0.05, p=0.3",combined,boundary_constriction,conductance,3.3,1,0.05,0.3,0.714793028322442,0.05,0.300217864923747,6.85766372183942e-08,5.40314680959792e-07,0.0906222115741721,90.166520394461,0.198661694626148,0.235204685920739,0.279935464457649,0.170849307564077,0.0546550899540196,0.198148415378124,0.227573329389343,0.27054416892072,0.181675696433075,0.0626218313486735,244.98548768488,261.310346070497,404,v7.4.6,gap_tied_weak_links_phase3_seed,/Users/asewaket/Documents/LTSpice Superconducting Circuit/matlab_v7_4_6_files/outputs/v7_4_6_as006_gap_weaklink_v800_phase3_seed_404/AS006_v7_4_6_gap_weaklink_scores.csv
AS006,crack_tunnel_a3_3_g0_05_p0_3,"tunnel/crack-like links, alpha=3.3, tau=0.05, p=0.3",tear_lane,crack_tunnel,conductance,3.3,1,0.05,0.3,0.714793028322442,0.05,0.300217864923747,6.10606698919165e-08,5.14246440413774e-07,0.0779012821528996,90.166520394461,0.198859920762556,0.239642367564958,0.277624662062808,0.172244660743364,0.0535082517087002,0.230733094784038,0.225950707272447,0.246378402581451,0.245831629587303,0.189263025146073,246.734852597707,307.426655622364,404,v7.4.6,gap_tied_weak_links_phase3_seed,/Users/asewaket/Documents/LTSpice Superconducting Circuit/matlab_v7_4_6_files/outputs/v7_4_6_as006_gap_weaklink_v800_phase3_seed_404/AS006_v7_4_6_gap_weaklink_scores.csv
AS006,crack_tunnel_a3_3_g0_05_p0_2,"tunnel/crack-like links, alpha=3.3, tau=0.05, p=0.2",tear_lane,crack_tunnel,conductance,3.3,1,0.05,0.2,0.809586056644881,0.05,0.200435729847495,5.3057827963698e-08,4.65049677697981e-07,0.0863971031008055,112.765827044288,0.199357902549813,0.243268910898968,0.270674248722417,0.185428527402122,0.0480550073332134,0.229165318637779,0.294455233785842,0.320406459708353,0.151541827107155,0.101232771029491,240.403151974047,210.103961205376,404,v7.4.6,gap_tied_weak_links_phase3_seed,/Users/asewaket/Documents/LTSpice Superconducting Circuit/matlab_v7_4_6_files/outputs/v7_4_6_as006_gap_weaklink_v800_phase3_seed_404/AS006_v7_4_6_gap_weaklink_scores.csv
AS006,combined_a3_7_g0_1_p0_2,"combined weak-link classes, alpha=3.7, tau=0.1, p=0.2",combined,boundary_constriction,conductance,3.7,0,0.1,0.2,0.820000000000001,0.1,0.2,1.36304723027342e-07,4.90289369010017e-07,0.121163161076524,121.632519203133,0.199404580707121,0.24224287985164,0.276382651788225,0.177804320827482,0.0488549820202178,0.210317043507174,0.271100473046255,0.304401513025887,0.153780905888484,0.0555559643337085,240.038229147681,228.925901228145,404,v7.4.6,gap_tied_weak_links_phase3_seed,/Users/asewaket/Documents/LTSpice Superconducting Circuit/matlab_v7_4_6_files/outputs/v7_4_6_as006_gap_weaklink_v800_phase3_seed_404/AS006_v7_4_6_gap_weaklink_scores.csv
AS006,combined_a3_7_g0_1_p0_3,"combined weak-link classes, alpha=3.7, tau=0.1, p=0.3",combined,boundary_constriction,conductance,3.7,0,0.1,0.3,0.729803921568629,0.1,0.300217864923747,1.39726465661073e-07,5.5045175571143e-07,0.101606722068011,99.2340236466985,0.199463902806445,0.242601226167558,0.27901554563482,0.174115479904107,0.0487967331235998,0.203823483718626,0.258065357275642,0.294062310142736,0.160128421694308,0.046282491449816,241.736323255109,239.291638674153,404,v7.4.6,gap_tied_weak_links_phase3_seed,/Users/asewaket/Documents/LTSpice Superconducting Circuit/matlab_v7_4_6_files/outputs/v7_4_6_as006_gap_weaklink_v800_phase3_seed_404/AS006_v7_4_6_gap_weaklink_scores.csv
AS006,combined_a3_3_g0_05_p0_1,"combined weak-link classes, alpha=3.3, tau=0.05, p=0.1",combined,boundary_constriction,conductance,3.3,1,0.05,0.1,0.904793028322441,0.05,0.100217864923747,5.61928158396517e-08,4.28268920193892e-07,0.109248329264255,137.947903273594,0.199587515659803,0.242421882388056,0.276049837904568,0.180409684587712,0.046916373843325,0.214023020318388,0.276845346422351,0.309202681240493,0.152995156438338,0.0609211174508016,240.277853975422,223.97744681275,404,v7.4.6,gap_tied_weak_links_phase3_seed,/Users/asewaket/Documents/LTSpice Superconducting Circuit/matlab_v7_4_6_files/outputs/v7_4_6_as006_gap_weaklink_v800_phase3_seed_404/AS006_v7_4_6_gap_weaklink_scores.csv
AS006,combined_a3_3_g0_05_p0_2,"combined weak-link classes, alpha=3.3, tau=0.05, p=0.2",combined,boundary_constriction,conductance,3.3,1,0.05,0.2,0.810000000000001,0.05,0.2,6.5563981199473e-08,4.71668512405488e-07,0.108064440960143,112.765827044288,0.199717981811083,0.239622139611481,0.278751397893475,0.172824260895387,0.0551224970111188,0.200561218304804,0.248080948819567,0.286883294435917,0.164686377316685,0.0468214057957393,243.605690552282,244.160651293777,404,v7.4.6,gap_tied_weak_links_phase3_seed,/Users/asewaket/Documents/LTSpice Superconducting Circuit/matlab_v7_4_6_files/outputs/v7_4_6_as006_gap_weaklink_v800_phase3_seed_404/AS006_v7_4_6_gap_weaklink_scores.csv
AS006,crack_tunnel_a3_3_g0_1_p0_3,"tunnel/crack-like links, alpha=3.3, tau=0.1, p=0.3",tear_lane,crack_tunnel,conductance,3.3,1,0.1,0.3,0.72980392156863,0.1,0.300217864923747,1.10962509324635e-07,4.67257201244104e-07,0.0779012821528996,99.2340236466985,0.199774105594931,0.242820960032163,0.277573938129714,0.174779163966018,0.0518212212579697,0.210487476159711,0.224575536448401,0.252801497209549,0.215224918559926,0.116428076033538,247.40530718073,282.143509538724,404,v7.4.6,gap_tied_weak_links_phase3_seed,/Users/asewaket/Documents/LTSpice Superconducting Circuit/matlab_v7_4_6_files/outputs/v7_4_6_as006_gap_weaklink_v800_phase3_seed_404/AS006_v7_4_6_gap_weaklink_scores.csv
AS006,contact_relaxed_a3_3_g0_1_p0_2,"contact-relaxed SNS links, alpha=3.3, tau=0.1, p=0.2",contact_relaxation,contact_relaxed,conductance,3.3,1,0.1,0.2,0.820000000000002,0.1,0.2,5.12934267566062e-08,4.73925372518312e-07,0.0409859890417269,121.632519203133,0.200009691477849,0.224993274525537,0.303311974126354,0.156860165742428,0.0481840209645531,0.227008367115188,0.237602112959673,0.228711809050065,0.349062059275057,0.0608664826848339,339.029431387818,321.538999426161,404,v7.4.6,gap_tied_weak_links_phase3_seed,/Users/asewaket/Documents/LTSpice Superconducting Circuit/matlab_v7_4_6_files/outputs/v7_4_6_as006_gap_weaklink_v800_phase3_seed_404/AS006_v7_4_6_gap_weaklink_scores.csv
AS006,crack_tunnel_a3_7_g0_05_p0_2,"tunnel/crack-like links, alpha=3.7, tau=0.05, p=0.2",tear_lane,crack_tunnel,conductance,3.7,0,0.05,0.2,0.809586056644881,0.05,0.200435729847495,5.94890798380856e-08,5.21419335600766e-07,0.0968694792342364,112.765827044288,0.200183959453326,0.24826412367393,0.272185788754864,0.183966971994948,0.046371828278004,0.229839714146835,0.298807038159214,0.320813976763606,0.151342843619688,0.099788518714039,242.06988461469,209.721260370309,404,v7.4.6,gap_tied_weak_links_phase3_seed,/Users/asewaket/Documents/LTSpice Superconducting Circuit/matlab_v7_4_6_files/outputs/v7_4_6_as006_gap_weaklink_v800_phase3_seed_404/AS006_v7_4_6_gap_weaklink_scores.csv
AS006,combined_a4_1_g0_1_p0_2,"combined weak-link classes, alpha=4.1, tau=0.1, p=0.2",combined,boundary_constriction,conductance,4.1,0.999999999999997,0.1,0.2,0.820000000000001,0.1,0.2,1.51040368760028e-07,5.43293625119208e-07,0.134261881192904,121.632519203133,0.200359889119043,0.246879982083694,0.278092863005491,0.176290302149608,0.0478940755649024,0.211237265488061,0.274765458992012,0.305043605799622,0.153604144265469,0.0555893779671187,241.131351855464,228.960948203258,404,v7.4.6,gap_tied_weak_links_phase3_seed,/Users/asewaket/Documents/LTSpice Superconducting Circuit/matlab_v7_4_6_files/outputs/v7_4_6_as006_gap_weaklink_v800_phase3_seed_404/AS006_v7_4_6_gap_weaklink_scores.csv
AS006,combined_a4_1_g0_1_p0_3,"combined weak-link classes, alpha=4.1, tau=0.1, p=0.3",combined,boundary_constriction,conductance,4.1,0.999999999999997,0.1,0.3,0.729803921568629,0.1,0.300217864923747,1.54832029516324e-07,6.09960053626179e-07,0.11259123256185,99.2340236466985,0.200371027123556,0.245571771461337,0.277594428359481,0.176104726009275,0.0503622070157579,0.205083365255533,0.263330886049125,0.294750555179924,0.159955645554898,0.0463279117200529,240.039711277706,238.873124940933,404,v7.4.6,gap_tied_weak_links_phase3_seed,/Users/asewaket/Documents/LTSpice Superconducting Circuit/matlab_v7_4_6_files/outputs/v7_4_6_as006_gap_weaklink_v800_phase3_seed_404/AS006_v7_4_6_gap_weaklink_scores.csv
AS006,contact_relaxed_a4_1_g0_05_p0_2,"contact-relaxed SNS links, alpha=4.1, tau=0.05, p=0.2",contact_relaxation,contact_relaxed,conductance,4.1,0.999999999999997,0.05,0.2,0.810000000000002,0.05,0.2,3.43695485320776e-08,6.35114560337042e-07,0.0509219863851758,112.765827044288,0.200581384040114,0.231058865049796,0.297726185380618,0.162699847511128,0.0474524213457849,0.261063898240774,0.27941157717274,0.250754300361529,0.418641012022931,0.0637866233697896,361.237411231152,340.569716941346,404,v7.4.6,gap_tied_weak_links_phase3_seed,/Users/asewaket/Documents/LTSpice Superconducting Circuit/matlab_v7_4_6_files/outputs/v7_4_6_as006_gap_weaklink_v800_phase3_seed_404/AS006_v7_4_6_gap_weaklink_scores.csv
AS006,combined_a3_7_g0_05_p0_1,"combined weak-link classes, alpha=3.7, tau=0.05, p=0.1",combined,boundary_constriction,conductance,3.7,0,0.05,0.1,0.904793028322441,0.05,0.100217864923747,6.3004066244458e-08,4.80180304459819e-07,0.122490550993256,137.947903273594,0.200751358653763,0.24707080304212,0.276938923835439,0.180008868046245,0.0470317884568679,0.215152943517975,0.281461216771705,0.310013782062238,0.152814681803453,0.0607610299549385,240.277608545598,224.074024066419,404,v7.4.6,gap_tied_weak_links_phase3_seed,/Users/asewaket/Documents/LTSpice Superconducting Circuit/matlab_v7_4_6_files/outputs/v7_4_6_as006_gap_weaklink_v800_phase3_seed_404/AS006_v7_4_6_gap_weaklink_scores.csv
AS006,combined_a3_7_g0_05_p0_3,"combined weak-link classes, alpha=3.7, tau=0.05, p=0.3",combined,boundary_constriction,conductance,3.7,0,0.05,0.3,0.714793028322442,0.05,0.300217864923747,7.68889568812299e-08,6.05807369560979e-07,0.101606722068011,90.166520394461,0.200762544994888,0.244954756742155,0.282341877826962,0.169209220373569,0.0532481565681425,0.200025093312473,0.235880278226228,0.271869915980252,0.180987575976341,0.0622383654002695,246.040976806824,261.296550875825,404,v7.4.6,gap_tied_weak_links_phase3_seed,/Users/asewaket/Documents/LTSpice Superconducting Circuit/matlab_v7_4_6_files/outputs/v7_4_6_as006_gap_weaklink_v800_phase3_seed_404/AS006_v7_4_6_gap_weaklink_scores.csv
AS006,crack_tunnel_a3_3_g0_1_p0_2,"tunnel/crack-like links, alpha=3.3, tau=0.1, p=0.2",tear_lane,crack_tunnel,conductance,3.3,1,0.1,0.2,0.819607843137257,0.1,0.200435729847495,9.83801024709163e-08,4.31148773912278e-07,0.0863971031008055,121.632519203133,0.200955805346258,0.2485438198222,0.277313674059334,0.179259478506943,0.0468619291715757,0.20943206099122,0.269645404654889,0.298265891719388,0.160254868222092,0.0552310045146674,244.376267817785,231.081259757846,404,v7.4.6,gap_tied_weak_links_phase3_seed,/Users/asewaket/Documents/LTSpice Superconducting Circuit/matlab_v7_4_6_files/outputs/v7_4_6_as006_gap_weaklink_v800_phase3_seed_404/AS006_v7_4_6_gap_weaklink_scores.csv
AS006,crack_tunnel_a3_7_g0_1_p0_3,"tunnel/crack-like links, alpha=3.7, tau=0.1, p=0.3",tear_lane,crack_tunnel,conductance,3.7,0,0.1,0.3,0.72980392156863,0.1,0.300217864923747,1.24412510454894e-07,5.23894437758541e-07,0.0873438618077965,99.2340236466985,0.201134504075288,0.249764283211381,0.279278578496237,0.173439837132161,0.0503709283814437,0.211420987578636,0.229320823286859,0.253323449012559,0.214766589872111,0.116009841494207,248.535672044904,281.974462753024,404,v7.4.6,gap_tied_weak_links_phase3_seed,/Users/asewaket/Documents/LTSpice Superconducting Circuit/matlab_v7_4_6_files/outputs/v7_4_6_as006_gap_weaklink_v800_phase3_seed_404/AS006_v7_4_6_gap_weaklink_scores.csv
AS006,crack_tunnel_a4_1_g0_05_p0_2,"tunnel/crack-like links, alpha=4.1, tau=0.05, p=0.2",tear_lane,crack_tunnel,conductance,4.1,0.999999999999997,0.05,0.2,0.809586056644881,0.05,0.200435729847495,6.59203317124732e-08,5.77788993503552e-07,0.107341855367667,112.765827044288,0.201360681181657,0.252959479875299,0.274913294872339,0.181131671329831,0.0463310708441058,0.23014009182317,0.301175317346956,0.321050038495311,0.151170148827811,0.098724888367334,244.704668715916,209.695390218336,404,v7.4.6,gap_tied_weak_links_phase3_seed,/Users/asewaket/Documents/LTSpice Superconducting Circuit/matlab_v7_4_6_files/outputs/v7_4_6_as006_gap_weaklink_v800_phase3_seed_404/AS006_v7_4_6_gap_weaklink_scores.csv
AS006,combined_a4_1_g0_05_p0_1,"combined weak-link classes, alpha=4.1, tau=0.05, p=0.1",combined,boundary_constriction,conductance,4.1,0.999999999999997,0.05,0.1,0.904793028322441,0.05,0.100217864923747,6.98153166492643e-08,5.32091688725745e-07,0.135732772722257,137.947903273594,0.201542000222926,0.250292428916333,0.277963927988385,0.179265901695539,0.046898321099199,0.215864431547615,0.284297687578791,0.310589272374264,0.152670613463886,0.0606549766744674,240.677126151577,224.145013986242,404,v7.4.6,gap_tied_weak_links_phase3_seed,/Users/asewaket/Documents/LTSpice Superconducting Circuit/matlab_v7_4_6_files/outputs/v7_4_6_as006_gap_weaklink_v800_phase3_seed_404/AS006_v7_4_6_gap_weaklink_scores.csv
AS006,combined_a3_3_g0_2_p0_3,"combined weak-link classes, alpha=3.3, tau=0.2, p=0.3",combined,boundary_constriction,conductance,3.3,1,0.2,0.3,0.759825708061,0.2,0.300217864923747,2.16426084964838e-07,4.32105704714893e-07,0.0906222115741721,114.2804345297,0.20174627310026,0.248678562610587,0.286657194631833,0.168661461065519,0.0475758859531048,0.210439999960552,0.272764837955412,0.309972571164421,0.150365497536525,0.0490262903889572,240.722530408301,232.748264301566,404,v7.4.6,gap_tied_weak_links_phase3_seed,/Users/asewaket/Documents/LTSpice Superconducting Circuit/matlab_v7_4_6_files/outputs/v7_4_6_as006_gap_weaklink_v800_phase3_seed_404/AS006_v7_4_6_gap_weaklink_scores.csv
AS006,contact_relaxed_a3_7_g0_1_p0_2,"contact-relaxed SNS links, alpha=3.7, tau=0.1, p=0.2",contact_relaxation,contact_relaxed,conductance,3.7,0,0.1,0.2,0.820000000000002,0.1,0.2,5.7510811818013e-08,5.31370872217502e-07,0.0459539877134514,121.632519203133,0.201897238805744,0.235539911268581,0.301884085954678,0.158670231544388,0.0473113429089688,0.225003532569298,0.228848675270245,0.228716935585422,0.348123517022333,0.0607599540238422,337.865017815463,318.9209684541,404,v7.4.6,gap_tied_weak_links_phase3_seed,/Users/asewaket/Documents/LTSpice Superconducting Circuit/matlab_v7_4_6_files/outputs/v7_4_6_as006_gap_weaklink_v800_phase3_seed_404/AS006_v7_4_6_gap_weaklink_scores.csv
AS006,crack_tunnel_a3_7_g0_1_p0_2,"tunnel/crack-like links, alpha=3.7, tau=0.1, p=0.2",tear_lane,crack_tunnel,conductance,3.7,0,0.1,0.2,0.819607843137257,0.1,0.200435729847495,1.10304963376482e-07,4.83409231356191e-07,0.0968694792342364,121.632519203133,0.201909092435647,0.252570273488992,0.277800108362379,0.179121255331467,0.0469234298907458,0.210423893577328,0.274032346767357,0.298838791850502,0.160109455316148,0.0549824162357195,244.317794212569,231.087779817233,404,v7.4.6,gap_tied_weak_links_phase3_seed,/Users/asewaket/Documents/LTSpice Superconducting Circuit/matlab_v7_4_6_files/outputs/v7_4_6_as006_gap_weaklink_v800_phase3_seed_404/AS006_v7_4_6_gap_weaklink_scores.csv
AS006,combined_a3_3_g0_1_p0_1,"combined weak-link classes, alpha=3.3, tau=0.1, p=0.1",combined,boundary_constriction,conductance,3.3,1,0.1,0.1,0.909803921568628,0.1,0.100217864923747,1.07153776538846e-07,4.08331843557546e-07,0.109248329264255,144.683302343692,0.201953157665876,0.248873805718908,0.282119272426645,0.176364734165886,0.0467273381564844,0.214199545972935,0.280391008320853,0.312233154065467,0.151875578220367,0.0543542291537938,240.144659481867,226.743156928192,404,v7.4.6,gap_tied_weak_links_phase3_seed,/Users/asewaket/Documents/LTSpice Superconducting Circuit/matlab_v7_4_6_files/outputs/v7_4_6_as006_gap_weaklink_v800_phase3_seed_404/AS006_v7_4_6_gap_weaklink_scores.csv
AS006,crack_tunnel_a3_7_g0_05_p0_3,"tunnel/crack-like links, alpha=3.7, tau=0.05, p=0.3",tear_lane,crack_tunnel,conductance,3.7,0,0.05,0.3,0.714793028322442,0.05,0.300217864923747,6.84619632121488e-08,5.7657934228211e-07,0.0873438618077965,90.166520394461,0.201997988255588,0.251540692769919,0.284447568638232,0.166405953060727,0.0526585620652038,0.231268436032012,0.22956894610161,0.24697293378195,0.245081665265644,0.188218518357984,249.963553075458,310.479377048375,404,v7.4.6,gap_tied_weak_links_phase3_seed,/Users/asewaket/Documents/LTSpice Superconducting Circuit/matlab_v7_4_6_files/outputs/v7_4_6_as006_gap_weaklink_v800_phase3_seed_404/AS006_v7_4_6_gap_weaklink_scores.csv
AS006,combined_a4_1_g0_05_p0_3,"combined weak-link classes, alpha=4.1, tau=0.05, p=0.3",combined,boundary_constriction,conductance,4.1,0.999999999999997,0.05,0.3,0.714793028322442,0.05,0.300217864923747,8.52012765440655e-08,6.71300058162166e-07,0.11259123256185,90.166520394461,0.202051881814899,0.249560927273216,0.282010280506713,0.170124261888867,0.0545251635534497,0.201267236406509,0.241480792380516,0.272820943413371,0.180437438349732,0.0618719407414673,245.042663595144,260.907692988747,404,v7.4.6,gap_tied_weak_links_phase3_seed,/Users/asewaket/Documents/LTSpice Superconducting Circuit/matlab_v7_4_6_files/outputs/v7_4_6_as006_gap_weaklink_v800_phase3_seed_404/AS006_v7_4_6_gap_weaklink_scores.csv
AS006,combined_a3_3_g0_2_p0_2,"combined weak-link classes, alpha=3.3, tau=0.2, p=0.2",combined,boundary_constriction,conductance,3.3,1,0.2,0.2,0.839999999999999,0.2,0.2,2.19821986904155e-07,3.97348958666823e-07,0.108064440960143,134.533886594308,0.202277052139784,0.250310206345882,0.285853294895526,0.170822193871256,0.0473040459467991,0.215764223630935,0.282349916266897,0.316610280887577,0.148056202878956,0.0573329567358244,240.291392399572,226.401942610221,404,v7.4.6,gap_tied_weak_links_phase3_seed,/Users/asewaket/Documents/LTSpice Superconducting Circuit/matlab_v7_4_6_files/outputs/v7_4_6_as006_gap_weaklink_v800_phase3_seed_404/AS006_v7_4_6_gap_weaklink_scores.csv
AS006,combined_a3_7_g0_05_p0_2,"combined weak-link classes, alpha=3.7, tau=0.05, p=0.2",combined,boundary_constriction,conductance,3.7,0,0.05,0.2,0.810000000000001,0.05,0.2,7.35111304357728e-08,5.28840453303123e-07,0.121163161076524,112.765827044288,0.202290205246147,0.249300574125286,0.283534810437027,0.168792475305422,0.0549739397088727,0.202065261587043,0.254050068931815,0.28800175507206,0.164232713947031,0.0469822751935051,245.537183424078,245.900226901288,404,v7.4.6,gap_tied_weak_links_phase3_seed,/Users/asewaket/Documents/LTSpice Superconducting Circuit/matlab_v7_4_6_files/outputs/v7_4_6_as006_gap_weaklink_v800_phase3_seed_404/AS006_v7_4_6_gap_weaklink_scores.csv
AS006,combined_a4_1_g0_05_p0_2,"combined weak-link classes, alpha=4.1, tau=0.05, p=0.2",combined,boundary_constriction,conductance,4.1,0.999999999999997,0.05,0.2,0.810000000000001,0.05,0.2,8.14582796720725e-08,5.86012394200757e-07,0.134261881192904,112.765827044288,0.202468052738548,0.253381070978939,0.284197559402632,0.168279036187027,0.0512646685254106,0.203114335990824,0.258231123002798,0.288816179797064,0.163866225118708,0.0470794609080779,246.797741391632,244.57031794726,404,v7.4.6,gap_tied_weak_links_phase3_seed,/Users/asewaket/Documents/LTSpice Superconducting Circuit/matlab_v7_4_6_files/outputs/v7_4_6_as006_gap_weaklink_v800_phase3_seed_404/AS006_v7_4_6_gap_weaklink_scores.csv
AS006,crack_tunnel_a4_1_g0_1_p0_2,"tunnel/crack-like links, alpha=4.1, tau=0.1, p=0.2",tear_lane,crack_tunnel,conductance,4.1,0.999999999999997,0.1,0.2,0.819607843137257,0.1,0.200435729847495,1.22229824282048e-07,5.35669688800103e-07,0.107341855367667,121.632519203133,0.202476757086719,0.254906828649082,0.278133731718275,0.178968398184038,0.0470324285474821,0.211008347111202,0.276622727218058,0.299196028470864,0.159993871766148,0.0548336188062546,244.236343249284,231.165357883014,404,v7.4.6,gap_tied_weak_links_phase3_seed,/Users/asewaket/Documents/LTSpice Superconducting Circuit/matlab_v7_4_6_files/outputs/v7_4_6_as006_gap_weaklink_v800_phase3_seed_404/AS006_v7_4_6_gap_weaklink_scores.csv
AS006,crack_tunnel_a4_1_g0_1_p0_3,"tunnel/crack-like links, alpha=4.1, tau=0.1, p=0.3",tear_lane,crack_tunnel,conductance,4.1,0.999999999999997,0.1,0.3,0.72980392156863,0.1,0.300217864923747,1.37862511585153e-07,5.80531674272977e-07,0.0967864414626934,99.2340236466985,0.202913583369887,0.2569647498839,0.283218155406427,0.16978871543635,0.0497355007088518,0.211968892283092,0.23230855692472,0.253636784871345,0.21441708502437,0.115650174685425,250.63641858336,283.599523785869,404,v7.4.6,gap_tied_weak_links_phase3_seed,/Users/asewaket/Documents/LTSpice Superconducting Circuit/matlab_v7_4_6_files/outputs/v7_4_6_as006_gap_weaklink_v800_phase3_seed_404/AS006_v7_4_6_gap_weaklink_scores.csv
AS006,combined_a3_7_g0_1_p0_1,"combined weak-link classes, alpha=3.7, tau=0.1, p=0.1",combined,boundary_constriction,conductance,3.7,0,0.1,0.1,0.909803921568628,0.1,0.100217864923747,1.20142113089009e-07,4.57826612473612e-07,0.122490550993256,144.683302343692,0.202944512937329,0.25279559130297,0.282541691004841,0.176406832187234,0.0469704738911633,0.2152451267389,0.284608848593277,0.312904990917027,0.151773306853849,0.0543164174291158,239.838650129022,226.81780725661,404,v7.4.6,gap_tied_weak_links_phase3_seed,/Users/asewaket/Documents/LTSpice Superconducting Circuit/matlab_v7_4_6_files/outputs/v7_4_6_as006_gap_weaklink_v800_phase3_seed_404/AS006_v7_4_6_gap_weaklink_scores.csv
AS006,combined_a3_7_g0_2_p0_3,"combined weak-link classes, alpha=3.7, tau=0.2, p=0.3",combined,boundary_constriction,conductance,3.7,0,0.2,0.3,0.759825708061,0.2,0.300217864923747,2.42659549809061e-07,4.84482153771243e-07,0.101606722068011,114.2804345297,0.202953276562672,0.254233668079874,0.286674230440451,0.169046107308003,0.0475451773276915,0.211914182286584,0.27899830142296,0.310643658409133,0.150298010293321,0.0490736949273284,240.481222435544,232.412301647057,404,v7.4.6,gap_tied_weak_links_phase3_seed,/Users/asewaket/Documents/LTSpice Superconducting Circuit/matlab_v7_4_6_files/outputs/v7_4_6_as006_gap_weaklink_v800_phase3_seed_404/AS006_v7_4_6_gap_weaklink_scores.csv
AS006,combined_a3_7_g0_2_p0_2,"combined weak-link classes, alpha=3.7, tau=0.2, p=0.2",combined,boundary_constriction,conductance,3.7,0,0.2,0.2,0.839999999999999,0.2,0.2,2.4646707622587e-07,4.45512468808256e-07,0.121163161076524,134.533886594308,0.203216781259455,0.254415332837271,0.286024232942207,0.171021796559765,0.0473489201114366,0.216885991700101,0.286953174080252,0.31725134213774,0.147981417033377,0.0573101643874858,240.093318175315,226.195919879641,404,v7.4.6,gap_tied_weak_links_phase3_seed,/Users/asewaket/Documents/LTSpice Superconducting Circuit/matlab_v7_4_6_files/outputs/v7_4_6_as006_gap_weaklink_v800_phase3_seed_404/AS006_v7_4_6_gap_weaklink_scores.csv
AS006,combined_a4_1_g0_1_p0_1,"combined weak-link classes, alpha=4.1, tau=0.1, p=0.1",combined,boundary_constriction,conductance,4.1,0.999999999999997,0.1,0.1,0.909803921568628,0.1,0.100217864923747,1.33130449639172e-07,5.07321381389678e-07,0.135732772722257,144.683302343692,0.203542198556824,0.255072281142161,0.282736266821164,0.176502636421117,0.047221949178524,0.215899527102004,0.287225861825293,0.313350088863861,0.151692329328714,0.0542937065120759,239.497481030208,226.91598993122,404,v7.4.6,gap_tied_weak_links_phase3_seed,/Users/asewaket/Documents/LTSpice Superconducting Circuit/matlab_v7_4_6_files/outputs/v7_4_6_as006_gap_weaklink_v800_phase3_seed_404/AS006_v7_4_6_gap_weaklink_scores.csv
AS006,combined_a4_1_g0_2_p0_3,"combined weak-link classes, alpha=4.1, tau=0.2, p=0.3",combined,boundary_constriction,conductance,4.1,0.999999999999997,0.2,0.3,0.759825708061,0.2,0.300217864923747,2.68893014653284e-07,5.36858602827594e-07,0.11259123256185,114.2804345297,0.203700246707198,0.257937121110608,0.28632315705902,0.169592408318857,0.0475080771735248,0.212970291417223,0.283599941429237,0.311050555790524,0.150253907222628,0.0490956589951753,240.16289450016,232.038296382575,404,v7.4.6,gap_tied_weak_links_phase3_seed,/Users/asewaket/Documents/LTSpice Superconducting Circuit/matlab_v7_4_6_files/outputs/v7_4_6_as006_gap_weaklink_v800_phase3_seed_404/AS006_v7_4_6_gap_weaklink_scores.csv
AS006,combined_a4_1_g0_2_p0_2,"combined weak-link classes, alpha=4.1, tau=0.2, p=0.2",combined,boundary_constriction,conductance,4.1,0.999999999999997,0.2,0.2,0.839999999999999,0.2,0.2,2.73112165547586e-07,4.93675978949689e-07,0.134261881192904,134.533886594308,0.203776045712782,0.257001302193267,0.285905410634692,0.171338729681306,0.0473710456582997,0.217655155349097,0.290168490216798,0.317654203203463,0.147929867516188,0.0573000965273935,239.848465806195,225.974643757717,404,v7.4.6,gap_tied_weak_links_phase3_seed,/Users/asewaket/Documents/LTSpice Superconducting Circuit/matlab_v7_4_6_files/outputs/v7_4_6_as006_gap_weaklink_v800_phase3_seed_404/AS006_v7_4_6_gap_weaklink_scores.csv
AS006,crack_tunnel_a3_3_g0_2_p0_3,"tunnel/crack-like links, alpha=3.3, tau=0.2, p=0.3",tear_lane,crack_tunnel,conductance,3.3,1,0.2,0.3,0.759825708061,0.2,0.300217864923747,1.92705887399407e-07,4.12483642424674e-07,0.0779012821528996,114.2804345297,0.204184781998217,0.258807910828906,0.289351258743071,0.165293311483081,0.0491346570079534,0.201923763551297,0.237104984252142,0.265839254433554,0.192372985085345,0.0668289068889415,254.048552045419,268.120988331337,404,v7.4.6,gap_tied_weak_links_phase3_seed,/Users/asewaket/Documents/LTSpice Superconducting Circuit/matlab_v7_4_6_files/outputs/v7_4_6_as006_gap_weaklink_v800_phase3_seed_404/AS006_v7_4_6_gap_weaklink_scores.csv
AS006,contact_relaxed_a3_7_g0_1_p0_3,"contact-relaxed SNS links, alpha=3.7, tau=0.1, p=0.3",contact_relaxation,contact_relaxed,conductance,3.7,0,0.1,0.3,0.72980392156863,0.1,0.300217864923747,7.49465794941267e-08,5.70788151238324e-07,0.0491266440596806,99.2340236466985,0.204242072589459,0.200421799515532,0.342171213245339,0.132712264876121,0.0560986091572687,0.945888902070899,1.41826559149003,0.984935169524466,1.21269188366849,0.0716775176110429,698.165464188694,683.596123715147,404,v7.4.6,gap_tied_weak_links_phase3_seed,/Users/asewaket/Documents/LTSpice Superconducting Circuit/matlab_v7_4_6_files/outputs/v7_4_6_as006_gap_weaklink_v800_phase3_seed_404/AS006_v7_4_6_gap_weaklink_scores.csv
AS006,contact_relaxed_a4_1_g0_1_p0_2,"contact-relaxed SNS links, alpha=4.1, tau=0.1, p=0.2",contact_relaxation,contact_relaxed,conductance,4.1,0.999999999999997,0.1,0.2,0.820000000000002,0.1,0.2,6.37281968794198e-08,5.88816371916691e-07,0.0509219863851758,121.632519203133,0.204246593075565,0.246094796771248,0.302139039277555,0.159171970711035,0.0474298864820613,0.22382492613258,0.223867101154946,0.228755976627506,0.347395240890264,0.06069051929699,337.113116397213,318.408686046692,404,v7.4.6,gap_tied_weak_links_phase3_seed,/Users/asewaket/Documents/LTSpice Superconducting Circuit/matlab_v7_4_6_files/outputs/v7_4_6_as006_gap_weaklink_v800_phase3_seed_404/AS006_v7_4_6_gap_weaklink_scores.csv
AS006,crack_tunnel_a4_1_g0_05_p0_3,"tunnel/crack-like links, alpha=4.1, tau=0.05, p=0.3",tear_lane,crack_tunnel,conductance,4.1,0.999999999999997,0.05,0.3,0.714793028322442,0.05,0.300217864923747,7.58632565323811e-08,6.38912244150447e-07,0.0967864414626934,90.166520394461,0.20429607674586,0.260351334521842,0.289995197746736,0.161896773394557,0.0512664864074721,0.231549547494191,0.231843554044699,0.247378807358285,0.244497574336945,0.187369302628076,252.953122475268,312.642629575288,404,v7.4.6,gap_tied_weak_links_phase3_seed,/Users/asewaket/Documents/LTSpice Superconducting Circuit/matlab_v7_4_6_files/outputs/v7_4_6_as006_gap_weaklink_v800_phase3_seed_404/AS006_v7_4_6_gap_weaklink_scores.csv
AS006,boundary_sns_a3_3_g0_1_p0_3,"SNS-like boundary constriction, alpha=3.3, tau=0.1, p=0.3",boundary_lane,boundary_constriction,conductance,3.3,1,0.1,0.3,0.715686274509806,0.1,0.315904139433551,1.35063751448475e-07,4.6233933844874e-07,0.0954175313069339,99.2340236466985,0.204333019012358,0.258104258410066,0.281346749863692,0.177614655408818,0.0491857051292421,0.321573327104323,0.467953098675093,0.481692144465614,0.194518311583438,0.0538043945524024,170.176025146983,161.805709455979,404,v7.4.6,gap_tied_weak_links_phase3_seed,/Users/asewaket/Documents/LTSpice Superconducting Circuit/matlab_v7_4_6_files/outputs/v7_4_6_as006_gap_weaklink_v800_phase3_seed_404/AS006_v7_4_6_gap_weaklink_scores.csv
AS006,boundary_sns_a3_7_g0_1_p0_3,"SNS-like boundary constriction, alpha=3.7, tau=0.1, p=0.3",boundary_lane,boundary_constriction,conductance,3.7,0,0.1,0.3,0.715686274509806,0.1,0.315904139433551,1.51435115260411e-07,5.18380470381921e-07,0.106983292677471,99.2340236466985,0.204538926503573,0.259332063329554,0.281362025777486,0.177639008379099,0.0489302636038373,0.32206238697543,0.469787753732476,0.481907545032365,0.194651510963764,0.0538715886333296,170.232508380229,161.650464617252,404,v7.4.6,gap_tied_weak_links_phase3_seed,/Users/asewaket/Documents/LTSpice Superconducting Circuit/matlab_v7_4_6_files/outputs/v7_4_6_as006_gap_weaklink_v800_phase3_seed_404/AS006_v7_4_6_gap_weaklink_scores.csv
AS006,boundary_sns_a4_1_g0_1_p0_3,"SNS-like boundary constriction, alpha=4.1, tau=0.1, p=0.3",boundary_lane,boundary_constriction,conductance,4.1,0.999999999999997,0.1,0.3,0.715686274509806,0.1,0.315904139433551,1.67806479072348e-07,5.74421602315101e-07,0.118549054048009,99.2340236466985,0.204656079512531,0.26012787551213,0.2810787377839,0.177923886100126,0.0488598733035422,0.322521371697456,0.471687664978228,0.482036990175941,0.194750262965879,0.0539166319938089,170.133527449657,161.493516975687,404,v7.4.6,gap_tied_weak_links_phase3_seed,/Users/asewaket/Documents/LTSpice Superconducting Circuit/matlab_v7_4_6_files/outputs/v7_4_6_as006_gap_weaklink_v800_phase3_seed_404/AS006_v7_4_6_gap_weaklink_scores.csv
AS006,crack_tunnel_a3_3_g0_2_p0_2,"tunnel/crack-like links, alpha=3.3, tau=0.2, p=0.2",tear_lane,crack_tunnel,conductance,3.3,1,0.2,0.2,0.839651416122003,0.2,0.200435729847495,1.7789153358937e-07,3.89944238519638e-07,0.0863971031008055,134.533886594308,0.204747217050032,0.259919529957433,0.288866819986724,0.168893080204551,0.0471832700602724,0.204798207383934,0.260563187038081,0.289480326386055,0.168283084965241,0.0464834224994422,250.254845209144,245.147789525848,404,v7.4.6,gap_tied_weak_links_phase3_seed,/Users/asewaket/Documents/LTSpice Superconducting Circuit/matlab_v7_4_6_files/outputs/v7_4_6_as006_gap_weaklink_v800_phase3_seed_404/AS006_v7_4_6_gap_weaklink_scores.csv
AS006,combined_a3_3_g0_2_p0_1,"combined weak-link classes, alpha=3.3, tau=0.2, p=0.1",combined,boundary_constriction,conductance,3.3,1,0.2,0.1,0.919825708061002,0.2,0.100217864923747,2.02288653314438e-07,3.85431579766638e-07,0.109248329264255,153.279603123759,0.205348248775185,0.259160040228036,0.290500400955568,0.170165749945336,0.0464983145439732,0.216048696252969,0.287556453013355,0.317591222117017,0.149570112460417,0.0499397489711894,240.512699740494,229.230325247177,404,v7.4.6,gap_tied_weak_links_phase3_seed,/Users/asewaket/Documents/LTSpice Superconducting Circuit/matlab_v7_4_6_files/outputs/v7_4_6_as006_gap_weaklink_v800_phase3_seed_404/AS006_v7_4_6_gap_weaklink_scores.csv
AS006,crack_tunnel_a3_7_g0_2_p0_3,"tunnel/crack-like links, alpha=3.7, tau=0.2, p=0.3",tear_lane,crack_tunnel,conductance,3.7,0,0.2,0.3,0.759825708061,0.2,0.300217864923747,2.16064176781153e-07,4.6248165968827e-07,0.0873438618077965,114.2804345297,0.205403566490918,0.263725359169009,0.289946515202078,0.165065550336465,0.0495541337613615,0.202858641096805,0.241491070439784,0.266248054093263,0.19205962276085,0.0667935119299716,253.905537827536,268.324242029289,404,v7.4.6,gap_tied_weak_links_phase3_seed,/Users/asewaket/Documents/LTSpice Superconducting Circuit/matlab_v7_4_6_files/outputs/v7_4_6_as006_gap_weaklink_v800_phase3_seed_404/AS006_v7_4_6_gap_weaklink_scores.csv
AS006,contact_relaxed_a3_3_g0_2_p0_3,"contact-relaxed SNS links, alpha=3.3, tau=0.2, p=0.3",contact_relaxation,contact_relaxed,conductance,3.3,1,0.2,0.3,0.759825708061001,0.2,0.300217864923747,1.1608677500485e-07,4.42061760287061e-07,0.0438156555126881,114.2804345297,0.205504944069619,0.227847285300966,0.327955728399575,0.13956648517787,0.0512968038755386,0.365843720387873,0.484683207468167,0.344199217735872,0.545903991011802,0.0598067746686705,429.217166276009,414.553789077245,404,v7.4.6,gap_tied_weak_links_phase3_seed,/Users/asewaket/Documents/LTSpice Superconducting Circuit/matlab_v7_4_6_files/outputs/v7_4_6_as006_gap_weaklink_v800_phase3_seed_404/AS006_v7_4_6_gap_weaklink_scores.csv
AS006,crack_tunnel_a3_7_g0_2_p0_2,"tunnel/crack-like links, alpha=3.7, tau=0.2, p=0.2",tear_lane,crack_tunnel,conductance,3.7,0,0.2,0.2,0.839651416122003,0.2,0.200435729847495,1.99454143721415e-07,4.37210206825048e-07,0.0968694792342364,134.533886594308,0.205792245757044,0.264037384455154,0.289337615675993,0.168732450355682,0.0476674539524779,0.20576765549005,0.264696101007538,0.289959631580518,0.168096090204388,0.04659270842132,249.936723508282,245.445915551361,404,v7.4.6,gap_tied_weak_links_phase3_seed,/Users/asewaket/Documents/LTSpice Superconducting Circuit/matlab_v7_4_6_files/outputs/v7_4_6_as006_gap_weaklink_v800_phase3_seed_404/AS006_v7_4_6_gap_weaklink_scores.csv
AS006,crack_tunnel_a3_3_g0_05_p0_1,"tunnel/crack-like links, alpha=3.3, tau=0.05, p=0.1",tear_lane,crack_tunnel,conductance,3.3,1,0.05,0.1,0.904793028322441,0.05,0.100217864923747,5.18557162764726e-08,4.27305938852313e-07,0.104531876030701,137.947903273594,0.205797123845576,0.25954947613504,0.286746953029707,0.175457043841949,0.0483076704884158,0.226078174460603,0.311436186608698,0.33620186274298,0.142122759569049,0.0529479764327923,221.567129763051,227.572155899705,404,v7.4.6,gap_tied_weak_links_phase3_seed,/Users/asewaket/Documents/LTSpice Superconducting Circuit/matlab_v7_4_6_files/outputs/v7_4_6_as006_gap_weaklink_v800_phase3_seed_404/AS006_v7_4_6_gap_weaklink_scores.csv
AS006,boundary_sns_a3_3_g0_2_p0_3,"SNS-like boundary constriction, alpha=3.3, tau=0.2, p=0.3",boundary_lane,boundary_constriction,conductance,3.3,1,0.2,0.3,0.747276688453157,0.2,0.315904139433551,2.34561927598665e-07,4.09727740149912e-07,0.0954175313069339,114.2804345297,0.205914311425664,0.264562919729535,0.287845086388511,0.171245542277597,0.0472228083718925,0.293714171054289,0.426567662182657,0.442776887277572,0.166147120385457,0.0594597398712148,189.658001797165,175.848264742231,404,v7.4.6,gap_tied_weak_links_phase3_seed,/Users/asewaket/Documents/LTSpice Superconducting Circuit/matlab_v7_4_6_files/outputs/v7_4_6_as006_gap_weaklink_v800_phase3_seed_404/AS006_v7_4_6_gap_weaklink_scores.csv
AS006,boundary_sns_a4_1_g0_2_p0_3,"SNS-like boundary constriction, alpha=4.1, tau=0.2, p=0.3",boundary_lane,boundary_constriction,conductance,4.1,0.999999999999997,0.2,0.3,0.747276688453157,0.2,0.315904139433551,2.91425425198341e-07,5.09055677155951e-07,0.118549054048009,114.2804345297,0.205944825952429,0.265471860317388,0.286318483949995,0.172747240619954,0.047260871757322,0.294624427503641,0.430228359012487,0.443149074456675,0.166322343409945,0.0594799689441062,188.937185888822,175.232539406734,404,v7.4.6,gap_tied_weak_links_phase3_seed,/Users/asewaket/Documents/LTSpice Superconducting Circuit/matlab_v7_4_6_files/outputs/v7_4_6_as006_gap_weaklink_v800_phase3_seed_404/AS006_v7_4_6_gap_weaklink_scores.csv
AS006,crack_tunnel_a4_1_g0_2_p0_3,"tunnel/crack-like links, alpha=4.1, tau=0.2, p=0.3",tear_lane,crack_tunnel,conductance,4.1,0.999999999999997,0.2,0.3,0.759825708061,0.2,0.300217864923747,2.394224661629e-07,5.12479676951867e-07,0.0967864414626934,114.2804345297,0.20595967679594,0.266146230886659,0.289870021843996,0.165293245663656,0.0497630577864791,0.203357791455771,0.243953075187185,0.26648480172993,0.191826971250944,0.0667037650006125,253.620718752545,268.1781508074,404,v7.4.6,gap_tied_weak_links_phase3_seed,/Users/asewaket/Documents/LTSpice Superconducting Circuit/matlab_v7_4_6_files/outputs/v7_4_6_as006_gap_weaklink_v800_phase3_seed_404/AS006_v7_4_6_gap_weaklink_scores.csv
AS006,boundary_sns_a3_3_g0_05_p0_3,"SNS-like boundary constriction, alpha=3.3, tau=0.05, p=0.3",boundary_lane,boundary_constriction,conductance,3.3,1,0.05,0.3,0.699891067538129,0.05,0.315904139433551,7.43231492488265e-08,5.08834017811778e-07,0.0954175313069339,90.166520394461,0.205976222543041,0.264202286828735,0.287191212407041,0.172081491790156,0.0479923394364533,0.337519604383263,0.49149702423868,0.503947797303803,0.212590518826862,0.048454203862403,158.312361092227,161.218306598037,404,v7.4.6,gap_tied_weak_links_phase3_seed,/Users/asewaket/Documents/LTSpice Superconducting Circuit/matlab_v7_4_6_files/outputs/v7_4_6_as006_gap_weaklink_v800_phase3_seed_404/AS006_v7_4_6_gap_weaklink_scores.csv
AS006,boundary_sns_a3_7_g0_2_p0_3,"SNS-like boundary constriction, alpha=3.7, tau=0.2, p=0.3",boundary_lane,boundary_constriction,conductance,3.7,0,0.2,0.3,0.747276688453157,0.2,0.315904139433551,2.62993676398503e-07,4.59391708652932e-07,0.106983292677471,114.2804345297,0.205993139556662,0.265226176775093,0.287187934520615,0.171925073446006,0.0472542937896328,0.29420258787135,0.428434135931921,0.443023946260126,0.166252178042307,0.0594716749167244,189.325223227907,175.55355338861,404,v7.4.6,gap_tied_weak_links_phase3_seed,/Users/asewaket/Documents/LTSpice Superconducting Circuit/matlab_v7_4_6_files/outputs/v7_4_6_as006_gap_weaklink_v800_phase3_seed_404/AS006_v7_4_6_gap_weaklink_scores.csv
AS006,boundary_sns_a3_7_g0_05_p0_3,"SNS-like boundary constriction, alpha=3.7, tau=0.05, p=0.3",boundary_lane,boundary_constriction,conductance,3.7,0,0.05,0.3,0.699891067538129,0.05,0.315904139433551,8.33320158244418e-08,5.7051086845563e-07,0.106983292677471,90.166520394461,0.206002739310712,0.263000290423771,0.284768545785455,0.174760674732026,0.0502176075902076,0.338053396995393,0.493584019285113,0.504228433291487,0.212793745491118,0.0482910255678539,156.599463109281,161.114292995074,404,v7.4.6,gap_tied_weak_links_phase3_seed,/Users/asewaket/Documents/LTSpice Superconducting Circuit/matlab_v7_4_6_files/outputs/v7_4_6_as006_gap_weaklink_v800_phase3_seed_404/AS006_v7_4_6_gap_weaklink_scores.csv
AS006,combined_a3_7_g0_2_p0_1,"combined weak-link classes, alpha=3.7, tau=0.2, p=0.1",combined,boundary_constriction,conductance,3.7,0,0.2,0.1,0.919825708061002,0.2,0.100217864923747,2.26808490079824e-07,4.32150559132291e-07,0.122490550993256,153.279603123759,0.20616797440238,0.262642880900635,0.290630481800373,0.170303439176858,0.0467143489895394,0.216979306264736,0.291444910118484,0.318065670649607,0.149492820498286,0.0499706719455282,240.067450918316,229.36363609861,404,v7.4.6,gap_tied_weak_links_phase3_seed,/Users/asewaket/Documents/LTSpice Superconducting Circuit/matlab_v7_4_6_files/outputs/v7_4_6_as006_gap_weaklink_v800_phase3_seed_404/AS006_v7_4_6_gap_weaklink_scores.csv
AS006,boundary_sns_a4_1_g0_05_p0_3,"SNS-like boundary constriction, alpha=4.1, tau=0.05, p=0.3",boundary_lane,boundary_constriction,conductance,4.1,0.999999999999997,0.05,0.3,0.699891067538129,0.05,0.315904139433551,9.23408824000571e-08,6.32187719099481e-07,0.118549054048009,90.166520394461,0.206287678297421,0.260747618987303,0.281615327239436,0.178402853746923,0.054860382647138,0.338550732455363,0.495658984426278,0.504431910763651,0.212952402806158,0.0481483305064491,154.443995744756,161.007907330146,404,v7.4.6,gap_tied_weak_links_phase3_seed,/Users/asewaket/Documents/LTSpice Superconducting Circuit/matlab_v7_4_6_files/outputs/v7_4_6_as006_gap_weaklink_v800_phase3_seed_404/AS006_v7_4_6_gap_weaklink_scores.csv
AS006,crack_tunnel_a4_1_g0_2_p0_2,"tunnel/crack-like links, alpha=4.1, tau=0.2, p=0.2",tear_lane,crack_tunnel,conductance,4.1,0.999999999999997,0.2,0.2,0.839651416122003,0.2,0.200435729847495,2.2101675385346e-07,4.84476175130459e-07,0.107341855367667,134.533886594308,0.206354674906368,0.266217725454418,0.289440608691364,0.168778257569777,0.0480617619053161,0.206315763801778,0.26706173309617,0.290244984851191,0.167953778046482,0.0466461398650338,249.600529055902,245.587301184343,404,v7.4.6,gap_tied_weak_links_phase3_seed,/Users/asewaket/Documents/LTSpice Superconducting Circuit/matlab_v7_4_6_files/outputs/v7_4_6_as006_gap_weaklink_v800_phase3_seed_404/AS006_v7_4_6_gap_weaklink_scores.csv
AS006,contact_relaxed_a3_3_g0_2_p0_2,"contact-relaxed SNS links, alpha=3.3, tau=0.2, p=0.2",contact_relaxation,contact_relaxed,conductance,3.3,1,0.2,0.2,0.839999999999998,0.2,0.2,9.27491039306877e-08,4.28477452283197e-07,0.0409859890417269,134.533886594308,0.20646114177254,0.25178344033839,0.309975843472347,0.152639114092078,0.0472656498326065,0.19738147815387,0.198892622622792,0.236727401744922,0.253286498850897,0.0571336915293243,305.189336147936,288.808291025875,404,v7.4.6,gap_tied_weak_links_phase3_seed,/Users/asewaket/Documents/LTSpice Superconducting Circuit/matlab_v7_4_6_files/outputs/v7_4_6_as006_gap_weaklink_v800_phase3_seed_404/AS006_v7_4_6_gap_weaklink_scores.csv
AS006,crack_tunnel_a3_7_g0_05_p0_1,"tunnel/crack-like links, alpha=3.7, tau=0.05, p=0.1",tear_lane,crack_tunnel,conductance,3.7,0,0.05,0.1,0.904793028322441,0.05,0.100217864923747,5.81412576433177e-08,4.79100598107138e-07,0.117202406458665,137.947903273594,0.20655226090592,0.26224583520861,0.286939260122767,0.175705147198644,0.0487403301078454,0.22693417569933,0.314668691872516,0.336743964507735,0.142111134448655,0.0530613306747794,221.178175561815,227.65261893907,404,v7.4.6,gap_tied_weak_links_phase3_seed,/Users/asewaket/Documents/LTSpice Superconducting Circuit/matlab_v7_4_6_files/outputs/v7_4_6_as006_gap_weaklink_v800_phase3_seed_404/AS006_v7_4_6_gap_weaklink_scores.csv
AS006,combined_a4_1_g0_2_p0_1,"combined weak-link classes, alpha=4.1, tau=0.2, p=0.1",combined,boundary_constriction,conductance,4.1,0.999999999999997,0.2,0.1,0.919825708061002,0.2,0.100217864923747,2.5132832684521e-07,4.78869538497944e-07,0.135732772722257,153.279603123759,0.206619619551617,0.264595938877374,0.290454213136988,0.170596652020947,0.0469614708647982,0.217563795171506,0.29394563118077,0.318344922386473,0.149431069846304,0.0499808931925541,239.538962013758,229.460717781541,404,v7.4.6,gap_tied_weak_links_phase3_seed,/Users/asewaket/Documents/LTSpice Superconducting Circuit/matlab_v7_4_6_files/outputs/v7_4_6_as006_gap_weaklink_v800_phase3_seed_404/AS006_v7_4_6_gap_weaklink_scores.csv
AS006,crack_tunnel_a3_3_g0_1_p0_1,"tunnel/crack-like links, alpha=3.3, tau=0.1, p=0.1",tear_lane,crack_tunnel,conductance,3.3,1,0.1,0.1,0.909803921568628,0.1,0.100217864923747,9.88833848441895e-08,4.07413691602132e-07,0.104531876030701,144.683302343692,0.206668282532566,0.26258813438275,0.289900046296862,0.172803362778694,0.0474239937872055,0.221373722312072,0.300482448021242,0.326183792879091,0.146523704176881,0.0524098957796094,228.276664859784,232.655547236404,404,v7.4.6,gap_tied_weak_links_phase3_seed,/Users/asewaket/Documents/LTSpice Superconducting Circuit/matlab_v7_4_6_files/outputs/v7_4_6_as006_gap_weaklink_v800_phase3_seed_404/AS006_v7_4_6_gap_weaklink_scores.csv
AS006,crack_tunnel_a4_1_g0_05_p0_1,"tunnel/crack-like links, alpha=4.1, tau=0.05, p=0.1",tear_lane,crack_tunnel,conductance,4.1,0.999999999999997,0.05,0.1,0.904793028322441,0.05,0.100217864923747,6.44267990101629e-08,5.30895257361964e-07,0.129872936886629,137.947903273594,0.20701794155829,0.263865580771557,0.286922364150442,0.175964428102164,0.0491544546289124,0.227483691552716,0.316865388713785,0.33705397223304,0.142099451097151,0.0530843037705376,220.813279580599,227.720173534143,404,v7.4.6,gap_tied_weak_links_phase3_seed,/Users/asewaket/Documents/LTSpice Superconducting Circuit/matlab_v7_4_6_files/outputs/v7_4_6_as006_gap_weaklink_v800_phase3_seed_404/AS006_v7_4_6_gap_weaklink_scores.csv
AS006,contact_relaxed_a4_1_g0_2_p0_3,"contact-relaxed SNS links, alpha=4.1, tau=0.2, p=0.3",contact_relaxation,contact_relaxed,conductance,4.1,0.999999999999997,0.2,0.3,0.759825708061001,0.2,0.300217864923747,1.44229023490874e-07,5.49228247629378e-07,0.054437632606673,114.2804345297,0.20717427669618,0.243131773067367,0.319152704972776,0.145171632010561,0.0527578366979748,0.353215733884044,0.435848781579808,0.338322656868146,0.542714601168928,0.0597719868599987,418.731379655222,406.126861996797,404,v7.4.6,gap_tied_weak_links_phase3_seed,/Users/asewaket/Documents/LTSpice Superconducting Circuit/matlab_v7_4_6_files/outputs/v7_4_6_as006_gap_weaklink_v800_phase3_seed_404/AS006_v7_4_6_gap_weaklink_scores.csv
AS006,combined_a3_3_g0_05_p0_05,"combined weak-link classes, alpha=3.3, tau=0.05, p=0.05",combined,boundary_constriction,conductance,3.3,1,0.05,0.05,0.95239651416122,0.05,0.0501089324618736,5.1150656387214e-08,3.86807181332875e-07,0.113267133871323,160.835721140767,0.207364052847396,0.263103765873766,0.292138340886264,0.171728136646464,0.047814231004173,0.216572863958134,0.288924284903692,0.316798933327389,0.152286259722519,0.0491840769108997,239.936687016034,231.763729444061,404,v7.4.6,gap_tied_weak_links_phase3_seed,/Users/asewaket/Documents/LTSpice Superconducting Circuit/matlab_v7_4_6_files/outputs/v7_4_6_as006_gap_weaklink_v800_phase3_seed_404/AS006_v7_4_6_gap_weaklink_scores.csv
AS006,crack_tunnel_a3_7_g0_1_p0_1,"tunnel/crack-like links, alpha=3.7, tau=0.1, p=0.1",tear_lane,crack_tunnel,conductance,3.7,0,0.1,0.1,0.909803921568628,0.1,0.100217864923747,1.10869249673788e-07,4.56797169372088e-07,0.117202406458665,144.683302343692,0.207400901128069,0.265348860824336,0.289955503916036,0.173090586525667,0.0478702798058651,0.222222404876542,0.30383941737723,0.326667613419294,0.146487676185512,0.0524946882898263,227.769357052383,232.786454193445,404,v7.4.6,gap_tied_weak_links_phase3_seed,/Users/asewaket/Documents/LTSpice Superconducting Circuit/matlab_v7_4_6_files/outputs/v7_4_6_as006_gap_weaklink_v800_phase3_seed_404/AS006_v7_4_6_gap_weaklink_scores.csv
AS006,contact_relaxed_a3_7_g0_2_p0_3,"contact-relaxed SNS links, alpha=3.7, tau=0.2, p=0.3",contact_relaxation,contact_relaxed,conductance,3.7,0,0.2,0.3,0.759825708061001,0.2,0.300217864923747,1.30157899247862e-07,4.9564500395822e-07,0.0491266440596806,114.2804345297,0.20763913742203,0.238165563401378,0.325755813423672,0.14142364154428,0.0531778982869949,0.358884616947142,0.457810404459888,0.340986287153257,0.544082675808821,0.059783332996597,424.825264262615,412.659458181285,404,v7.4.6,gap_tied_weak_links_phase3_seed,/Users/asewaket/Documents/LTSpice Superconducting Circuit/matlab_v7_4_6_files/outputs/v7_4_6_as006_gap_weaklink_v800_phase3_seed_404/AS006_v7_4_6_gap_weaklink_scores.csv
AS006,contact_relaxed_a3_7_g0_2_p0_2,"contact-relaxed SNS links, alpha=3.7, tau=0.2, p=0.2",contact_relaxation,contact_relaxed,conductance,3.7,0,0.2,0.2,0.839999999999998,0.2,0.2,1.0399141955865e-07,4.80414113166009e-07,0.0459539877134514,134.533886594308,0.20779556602146,0.259807432456744,0.307540909481992,0.15489236386953,0.0473583512201578,0.198228611817179,0.203015111563152,0.237147652925007,0.252801088208123,0.0571181946438269,303.043251366051,286.918837335859,404,v7.4.6,gap_tied_weak_links_phase3_seed,/Users/asewaket/Documents/LTSpice Superconducting Circuit/matlab_v7_4_6_files/outputs/v7_4_6_as006_gap_weaklink_v800_phase3_seed_404/AS006_v7_4_6_gap_weaklink_scores.csv
AS006,crack_tunnel_a4_1_g0_1_p0_1,"tunnel/crack-like links, alpha=4.1, tau=0.1, p=0.1",tear_lane,crack_tunnel,conductance,4.1,0.999999999999997,0.1,0.1,0.909803921568628,0.1,0.100217864923747,1.22855114503387e-07,5.06180647142043e-07,0.129872936886629,144.683302343692,0.207817845845352,0.266879056879647,0.289805708986768,0.173390608380359,0.0483119211448194,0.222730911167199,0.305996395095229,0.326927692569104,0.146447229281542,0.0524756621429076,227.292369961922,232.89356395765,404,v7.4.6,gap_tied_weak_links_phase3_seed,/Users/asewaket/Documents/LTSpice Superconducting Circuit/matlab_v7_4_6_files/outputs/v7_4_6_as006_gap_weaklink_v800_phase3_seed_404/AS006_v7_4_6_gap_weaklink_scores.csv
AS006,combined_a3_7_g0_05_p0_05,"combined weak-link classes, alpha=3.7, tau=0.05, p=0.05",combined,boundary_constriction,conductance,3.7,0,0.05,0.05,0.95239651416122,0.05,0.0501089324618736,5.73507359493006e-08,4.33692900282315e-07,0.126996483431484,160.835721140767,0.208118733209303,0.265970646344108,0.291639757366613,0.172590128036634,0.0485157842650411,0.217506764112769,0.292894095358987,0.3172466862376,0.152250765535186,0.0491445673700742,238.934255160686,231.819349193876,404,v7.4.6,gap_tied_weak_links_phase3_seed,/Users/asewaket/Documents/LTSpice Superconducting Circuit/matlab_v7_4_6_files/outputs/v7_4_6_as006_gap_weaklink_v800_phase3_seed_404/AS006_v7_4_6_gap_weaklink_scores.csv
AS006,contact_relaxed_a4_1_g0_1_p0_3,"contact-relaxed SNS links, alpha=4.1, tau=0.1, p=0.3",contact_relaxation,contact_relaxed,conductance,4.1,0.999999999999997,0.1,0.3,0.72980392156863,0.1,0.300217864923747,8.30489124124107e-08,6.32494978399223e-07,0.054437632606673,99.2340236466985,0.208359581268033,0.211798431710535,0.347059074152403,0.13294804987434,0.0564610325200002,0.936198042358367,1.39239243817557,0.975785463183583,1.2076540576148,0.0714056410264927,699.658610835445,685.856018853714,404,v7.4.6,gap_tied_weak_links_phase3_seed,/Users/asewaket/Documents/LTSpice Superconducting Circuit/matlab_v7_4_6_files/outputs/v7_4_6_as006_gap_weaklink_v800_phase3_seed_404/AS006_v7_4_6_gap_weaklink_scores.csv
AS006,combined_a3_3_g0_1_p0_05,"combined weak-link classes, alpha=3.3, tau=0.1, p=0.05",combined,boundary_constriction,conductance,3.3,1,0.1,0.05,0.954901960784314,0.1,0.0501089324618736,1.00722904649813e-07,3.80839128908941e-07,0.113267133871323,163.356144969482,0.208404050765856,0.267051270274337,0.295016552257244,0.169433550641999,0.046898078802267,0.216766652718542,0.290833447688587,0.317787744537674,0.151795501409441,0.047126886201392,240.273750197309,233.246176002669,404,v7.4.6,gap_tied_weak_links_phase3_seed,/Users/asewaket/Documents/LTSpice Superconducting Circuit/matlab_v7_4_6_files/outputs/v7_4_6_as006_gap_weaklink_v800_phase3_seed_404/AS006_v7_4_6_gap_weaklink_scores.csv
AS006,combined_a4_1_g0_05_p0_05,"combined weak-link classes, alpha=4.1, tau=0.05, p=0.05",combined,boundary_constriction,conductance,4.1,0.999999999999997,0.05,0.05,0.95239651416122,0.05,0.0501089324618736,6.35508155113871e-08,4.80578619231754e-07,0.140725832991644,160.835721140767,0.208573133348902,0.267553090663016,0.291157706741379,0.173281060284778,0.0491852639281097,0.218079168029971,0.295391693671586,0.317501491167148,0.152221869899756,0.049099199561065,238.148391460776,231.864262914337,404,v7.4.6,gap_tied_weak_links_phase3_seed,/Users/asewaket/Documents/LTSpice Superconducting Circuit/matlab_v7_4_6_files/outputs/v7_4_6_as006_gap_weaklink_v800_phase3_seed_404/AS006_v7_4_6_gap_weaklink_scores.csv
AS006,crack_tunnel_a3_3_g0_2_p0_1,"tunnel/crack-like links, alpha=3.3, tau=0.2, p=0.1",tear_lane,crack_tunnel,conductance,3.3,1,0.2,0.1,0.919825708061001,0.2,0.100217864923747,1.86675518133071e-07,3.84564920052917e-07,0.104531876030701,153.279603123759,0.20870427277448,0.269539828852076,0.296145424355628,0.167150351128426,0.0467891034874421,0.219236958298405,0.296548379796952,0.322130419377743,0.148519149965187,0.0502592403275401,234.63696252327,235.987415752484,404,v7.4.6,gap_tied_weak_links_phase3_seed,/Users/asewaket/Documents/LTSpice Superconducting Circuit/matlab_v7_4_6_files/outputs/v7_4_6_as006_gap_weaklink_v800_phase3_seed_404/AS006_v7_4_6_gap_weaklink_scores.csv
AS006,combined_a3_7_g0_1_p0_05,"combined weak-link classes, alpha=3.7, tau=0.1, p=0.05",combined,boundary_constriction,conductance,3.7,0,0.1,0.05,0.954901960784314,0.1,0.0501089324618736,1.12931741577064e-07,4.27001447564571e-07,0.126996483431484,163.356144969482,0.209008600059891,0.269567300324509,0.294349679988129,0.170336350343824,0.0474433220659385,0.217645387709962,0.294576195973719,0.318164687777954,0.151761820960764,0.0471602627637175,239.078770030913,233.405983184627,404,v7.4.6,gap_tied_weak_links_phase3_seed,/Users/asewaket/Documents/LTSpice Superconducting Circuit/matlab_v7_4_6_files/outputs/v7_4_6_as006_gap_weaklink_v800_phase3_seed_404/AS006_v7_4_6_gap_weaklink_scores.csv
AS006,boundary_sns_a3_3_g0_1_p0_2,"SNS-like boundary constriction, alpha=3.3, tau=0.1, p=0.2",boundary_lane,boundary_constriction,conductance,3.3,1,0.1,0.2,0.800784313725492,0.1,0.221350762527233,1.25937496446436e-07,4.22395441527146e-07,0.110840552687223,121.632519203133,0.209212947815382,0.269286767646427,0.292086638354696,0.172884511599166,0.0495207148108097,0.301675172552779,0.443006592224631,0.456708295984581,0.174718494880547,0.0477316339655633,179.880776488121,176.58899860307,404,v7.4.6,gap_tied_weak_links_phase3_seed,/Users/asewaket/Documents/LTSpice Superconducting Circuit/matlab_v7_4_6_files/outputs/v7_4_6_as006_gap_weaklink_v800_phase3_seed_404/AS006_v7_4_6_gap_weaklink_scores.csv
AS006,contact_relaxed_a4_1_g0_2_p0_2,"contact-relaxed SNS links, alpha=4.1, tau=0.2, p=0.2",contact_relaxation,contact_relaxed,conductance,4.1,0.999999999999997,0.2,0.2,0.839999999999998,0.2,0.2,1.15233735186612e-07,5.32350774048821e-07,0.0509219863851758,134.533886594308,0.209321700785936,0.267149145245944,0.307050214097775,0.155661933858337,0.0475440666897113,0.198990274458254,0.206785300171104,0.237433265391582,0.252434719916516,0.0571144577892529,302.166520823154,286.390404711222,404,v7.4.6,gap_tied_weak_links_phase3_seed,/Users/asewaket/Documents/LTSpice Superconducting Circuit/matlab_v7_4_6_files/outputs/v7_4_6_as006_gap_weaklink_v800_phase3_seed_404/AS006_v7_4_6_gap_weaklink_scores.csv
AS006,crack_tunnel_a3_7_g0_2_p0_1,"tunnel/crack-like links, alpha=3.7, tau=0.2, p=0.1",tear_lane,crack_tunnel,conductance,3.7,0,0.2,0.1,0.919825708061001,0.2,0.100217864923747,2.09302853664352e-07,4.311788497563e-07,0.117202406458665,153.279603123759,0.209327202233086,0.272138430927905,0.296030653674179,0.167419729689574,0.0471692741957421,0.220012537414799,0.299806668533916,0.322533765338832,0.148414975830897,0.050303209408501,233.954135289234,236.208840198212,404,v7.4.6,gap_tied_weak_links_phase3_seed,/Users/asewaket/Documents/LTSpice Superconducting Circuit/matlab_v7_4_6_files/outputs/v7_4_6_as006_gap_weaklink_v800_phase3_seed_404/AS006_v7_4_6_gap_weaklink_scores.csv
AS006,combined_a4_1_g0_1_p0_05,"combined weak-link classes, alpha=4.1, tau=0.1, p=0.05",combined,boundary_constriction,conductance,4.1,0.999999999999997,0.1,0.05,0.954901960784314,0.1,0.0501089324618736,1.25140578504314e-07,4.731637662202e-07,0.140725832991644,163.356144969482,0.209351783106448,0.270834686611982,0.293704201519095,0.171081175364686,0.0480904070559817,0.218162507035575,0.296875320520245,0.318359256660617,0.151723841581275,0.0471537135249574,238.129250594087,233.520692954582,404,v7.4.6,gap_tied_weak_links_phase3_seed,/Users/asewaket/Documents/LTSpice Superconducting Circuit/matlab_v7_4_6_files/outputs/v7_4_6_as006_gap_weaklink_v800_phase3_seed_404/AS006_v7_4_6_gap_weaklink_scores.csv
AS006,boundary_sns_a3_7_g0_1_p0_2,"SNS-like boundary constriction, alpha=3.7, tau=0.1, p=0.2",boundary_lane,boundary_constriction,conductance,3.7,0,0.1,0.2,0.800784313725492,0.1,0.221350762527233,1.41202647530853e-07,4.73594888984982e-07,0.124275771194766,121.632519203133,0.20945711005973,0.270655772926829,0.291973451951878,0.173020840454407,0.0494001858880253,0.302173937840224,0.44504195166948,0.456885204449049,0.174821273388675,0.0477520380099587,179.837556074559,176.441386904002,404,v7.4.6,gap_tied_weak_links_phase3_seed,/Users/asewaket/Documents/LTSpice Superconducting Circuit/matlab_v7_4_6_files/outputs/v7_4_6_as006_gap_weaklink_v800_phase3_seed_404/AS006_v7_4_6_gap_weaklink_scores.csv
AS006,boundary_sns_a4_1_g0_1_p0_2,"SNS-like boundary constriction, alpha=4.1, tau=0.1, p=0.2",boundary_lane,boundary_constriction,conductance,4.1,0.999999999999997,0.1,0.2,0.800784313725492,0.1,0.221350762527233,1.56467798615269e-07,5.24794336442818e-07,0.137710989702308,121.632519203133,0.209622415396725,0.271763721764297,0.2917620645056,0.173183199028493,0.0492857435489119,0.30259806428117,0.446884302162541,0.456975328932442,0.174896755902305,0.0477782487336568,179.788256207292,176.289624453626,404,v7.4.6,gap_tied_weak_links_phase3_seed,/Users/asewaket/Documents/LTSpice Superconducting Circuit/matlab_v7_4_6_files/outputs/v7_4_6_as006_gap_weaklink_v800_phase3_seed_404/AS006_v7_4_6_gap_weaklink_scores.csv
AS006,crack_tunnel_a4_1_g0_2_p0_1,"tunnel/crack-like links, alpha=4.1, tau=0.2, p=0.1",tear_lane,crack_tunnel,conductance,4.1,0.999999999999997,0.2,0.1,0.919825708061001,0.2,0.100217864923747,2.31930189195633e-07,4.77792779459684e-07,0.129872936886629,153.279603123759,0.209676574697675,0.273536541203832,0.295767855556042,0.167700987234752,0.0476263510180307,0.220458048907139,0.301837877860004,0.322741476484609,0.148325556398746,0.0502478373291943,233.316211324562,236.419897847357,404,v7.4.6,gap_tied_weak_links_phase3_seed,/Users/asewaket/Documents/LTSpice Superconducting Circuit/matlab_v7_4_6_files/outputs/v7_4_6_as006_gap_weaklink_v800_phase3_seed_404/AS006_v7_4_6_gap_weaklink_scores.csv
AS006,boundary_sns_a3_3_g0_2_p0_2,"SNS-like boundary constriction, alpha=3.3, tau=0.2, p=0.2",boundary_lane,boundary_constriction,conductance,3.3,1,0.2,0.2,0.822919389978212,0.2,0.221350762527233,2.2772099049079e-07,3.84406520065134e-07,0.110840552687223,134.533886594308,0.209759563758432,0.273023875249157,0.29584500122904,0.168593629443168,0.0473031545882232,0.280449202132733,0.409537206966114,0.425509421484455,0.155285671601772,0.0539602265975363,197.139647972838,186.415676837852,404,v7.4.6,gap_tied_weak_links_phase3_seed,/Users/asewaket/Documents/LTSpice Superconducting Circuit/matlab_v7_4_6_files/outputs/v7_4_6_as006_gap_weaklink_v800_phase3_seed_404/AS006_v7_4_6_gap_weaklink_scores.csv
AS006,boundary_sns_a3_7_g0_2_p0_2,"SNS-like boundary constriction, alpha=3.7, tau=0.2, p=0.2",boundary_lane,boundary_constriction,conductance,3.7,0,0.2,0.2,0.822919389978212,0.2,0.221350762527233,2.55323534792704e-07,4.31001249769999e-07,0.124275771194766,134.533886594308,0.209921443431449,0.274110619435065,0.29538503168012,0.169013347902657,0.0473061074036516,0.280954674750568,0.4116252768198,0.425718043090779,0.155354715198316,0.0539481275262826,196.903077591329,186.172449145129,404,v7.4.6,gap_tied_weak_links_phase3_seed,/Users/asewaket/Documents/LTSpice Superconducting Circuit/matlab_v7_4_6_files/outputs/v7_4_6_as006_gap_weaklink_v800_phase3_seed_404/AS006_v7_4_6_gap_weaklink_scores.csv
AS006,combined_a3_3_g0_4_p0_2,"combined weak-link classes, alpha=3.3, tau=0.4, p=0.2",combined,boundary_constriction,conductance,3.3,1,0.4,0.2,0.879999999999999,0.4,0.2,3.86458587580053e-07,3.93675103695575e-07,0.108064440960143,153.048772662985,0.209946950940592,0.274089608760366,0.30322515159886,0.158238786620268,0.0472026473692537,0.222352276942622,0.301630729622768,0.329805787758936,0.142962800583228,0.0542670257831694,241.756150773961,229.07441512269,404,v7.4.6,gap_tied_weak_links_phase3_seed,/Users/asewaket/Documents/LTSpice Superconducting Circuit/matlab_v7_4_6_files/outputs/v7_4_6_as006_gap_weaklink_v800_phase3_seed_404/AS006_v7_4_6_gap_weaklink_scores.csv
AS006,boundary_sns_a4_1_g0_2_p0_2,"SNS-like boundary constriction, alpha=4.1, tau=0.2, p=0.2",boundary_lane,boundary_constriction,conductance,4.1,0.999999999999997,0.2,0.2,0.822919389978212,0.2,0.221350762527233,2.82926079094618e-07,4.77595979474864e-07,0.137710989702308,134.533886594308,0.209951376390668,0.274729857860776,0.294739186247711,0.169548448628351,0.0472978873736307,0.281352844443436,0.413399315353705,0.425817137275137,0.155400535964353,0.0539342466765415,196.620248931376,185.903678933579,404,v7.4.6,gap_tied_weak_links_phase3_seed,/Users/asewaket/Documents/LTSpice Superconducting Circuit/matlab_v7_4_6_files/outputs/v7_4_6_as006_gap_weaklink_v800_phase3_seed_404/AS006_v7_4_6_gap_weaklink_scores.csv
AS006,combined_a3_3_g0_4_p0_3,"combined weak-link classes, alpha=3.3, tau=0.4, p=0.3",combined,boundary_constriction,conductance,3.3,1,0.4,0.3,0.81986928104575,0.4,0.300217864923747,3.57769247170582e-07,4.18480323775514e-07,0.0906222115741721,138.263795610979,0.210272449749926,0.275464407657462,0.305120395699168,0.155598784973303,0.0474386674019933,0.219593934093248,0.297571119225114,0.326610321192675,0.143137139405198,0.0499090648974471,242.374573835729,233.200880023424,404,v7.4.6,gap_tied_weak_links_phase3_seed,/Users/asewaket/Documents/LTSpice Superconducting Circuit/matlab_v7_4_6_files/outputs/v7_4_6_as006_gap_weaklink_v800_phase3_seed_404/AS006_v7_4_6_gap_weaklink_scores.csv
AS006,combined_a3_7_g0_4_p0_2,"combined weak-link classes, alpha=3.7, tau=0.4, p=0.2",combined,boundary_constriction,conductance,3.7,0,0.4,0.2,0.879999999999999,0.4,0.2,4.33302052741272e-07,4.41393298082918e-07,0.121163161076524,153.048772662985,0.210451067610942,0.276719697300391,0.302572178506122,0.158942248358285,0.0473565179207523,0.223260644306236,0.30543019870862,0.330243490617343,0.142932416117821,0.0542813940949367,241.161363459912,228.669879603553,404,v7.4.6,gap_tied_weak_links_phase3_seed,/Users/asewaket/Documents/LTSpice Superconducting Circuit/matlab_v7_4_6_files/outputs/v7_4_6_as006_gap_weaklink_v800_phase3_seed_404/AS006_v7_4_6_gap_weaklink_scores.csv
AS006,combined_a4_1_g0_4_p0_2,"combined weak-link classes, alpha=4.1, tau=0.4, p=0.2",combined,boundary_constriction,conductance,4.1,0.999999999999997,0.4,0.2,0.879999999999999,0.4,0.2,4.8014551790249e-07,4.8911149247026e-07,0.134261881192904,153.048772662985,0.210489712048688,0.277636269997686,0.301279878720645,0.16005951703441,0.0474981061916144,0.223870152085877,0.308059205912719,0.330496069677044,0.142907262056844,0.054289355010785,240.317159248974,228.073720451827,404,v7.4.6,gap_tied_weak_links_phase3_seed,/Users/asewaket/Documents/LTSpice Superconducting Circuit/matlab_v7_4_6_files/outputs/v7_4_6_as006_gap_weaklink_v800_phase3_seed_404/AS006_v7_4_6_gap_weaklink_scores.csv
AS006,boundary_sns_a4_1_g0_4_p0_3,"SNS-like boundary constriction, alpha=4.1, tau=0.4, p=0.3",boundary_lane,boundary_constriction,conductance,4.1,0.999999999999997,0.4,0.3,0.810457516339867,0.4,0.315904139433551,4.81749022981755e-07,5.04626762433503e-07,0.118549054048009,138.263795610979,0.210539565643287,0.279390034886374,0.299545001700702,0.161524158182196,0.0471988426260884,0.262514160466556,0.381893327637806,0.397630528345296,0.142421171182285,0.056797586112851,211.523712363461,198.199575488258,404,v7.4.6,gap_tied_weak_links_phase3_seed,/Users/asewaket/Documents/LTSpice Superconducting Circuit/matlab_v7_4_6_files/outputs/v7_4_6_as006_gap_weaklink_v800_phase3_seed_404/AS006_v7_4_6_gap_weaklink_scores.csv
AS006,combined_a3_3_g0_2_p0_05,"combined weak-link classes, alpha=3.3, tau=0.2, p=0.05",combined,boundary_constriction,conductance,3.3,1,0.2,0.05,0.959912854030501,0.2,0.0501089324618736,1.96415240939269e-07,3.71328693924285e-07,0.113267133871323,167.540006926547,0.210608690071353,0.274540551398294,0.300872774746232,0.164272768550385,0.0466345824645842,0.218330829290458,0.295751675631924,0.321266539650401,0.149654471013241,0.0466179376656137,241.21553082998,234.74565765528,404,v7.4.6,gap_tied_weak_links_phase3_seed,/Users/asewaket/Documents/LTSpice Superconducting Circuit/matlab_v7_4_6_files/outputs/v7_4_6_as006_gap_weaklink_v800_phase3_seed_404/AS006_v7_4_6_gap_weaklink_scores.csv
AS006,combined_a4_1_g0_4_p0_3,"combined weak-link classes, alpha=4.1, tau=0.4, p=0.3",combined,boundary_constriction,conductance,4.1,0.999999999999997,0.4,0.3,0.81986928104575,0.4,0.300217864923747,4.44501185878602e-07,5.19930099236245e-07,0.11259123256185,138.263795610979,0.210801118970362,0.279580795245328,0.302520042517503,0.157833017909401,0.0477234528141001,0.221349069433636,0.30520300341343,0.32728524802329,0.143085258690891,0.0499365863503774,240.622436106595,231.900065314073,404,v7.4.6,gap_tied_weak_links_phase3_seed,/Users/asewaket/Documents/LTSpice Superconducting Circuit/matlab_v7_4_6_files/outputs/v7_4_6_as006_gap_weaklink_v800_phase3_seed_404/AS006_v7_4_6_gap_weaklink_scores.csv
AS006,combined_a3_7_g0_4_p0_3,"combined weak-link classes, alpha=3.7, tau=0.4, p=0.3",combined,boundary_constriction,conductance,3.7,0,0.4,0.3,0.81986928104575,0.4,0.300217864923747,4.01135216524592e-07,4.69205211505879e-07,0.101606722068011,138.263795610979,0.210823112558263,0.278565074963465,0.304226642211629,0.156447723509376,0.0475942095707777,0.220637121584183,0.302055197656627,0.32703397412528,0.143108071058808,0.0499358667215409,241.654550219688,232.700972367572,404,v7.4.6,gap_tied_weak_links_phase3_seed,/Users/asewaket/Documents/LTSpice Superconducting Circuit/matlab_v7_4_6_files/outputs/v7_4_6_as006_gap_weaklink_v800_phase3_seed_404/AS006_v7_4_6_gap_weaklink_scores.csv
AS006,crack_tunnel_a3_3_g0_05_p0_05,"tunnel/crack-like links, alpha=3.3, tau=0.05, p=0.05",tear_lane,crack_tunnel,conductance,3.3,1,0.05,0.05,0.951982570806101,0.05,0.0505446623093682,4.82733466216513e-08,3.867214698814e-07,0.111301828529915,160.835721140767,0.21090283824419,0.274558943370765,0.300512996116728,0.165400507509679,0.0473068702588117,0.222279629405433,0.30260210573144,0.327241866618973,0.147394092869161,0.051880158626072,233.578114880649,236.35026287561,404,v7.4.6,gap_tied_weak_links_phase3_seed,/Users/asewaket/Documents/LTSpice Superconducting Circuit/matlab_v7_4_6_files/outputs/v7_4_6_as006_gap_weaklink_v800_phase3_seed_404/AS006_v7_4_6_gap_weaklink_scores.csv
AS006,combined_a3_7_g0_2_p0_05,"combined weak-link classes, alpha=3.7, tau=0.2, p=0.05",combined,boundary_constriction,conductance,3.7,0,0.2,0.05,0.959912854030501,0.2,0.0501089324618736,2.20223148931907e-07,4.16338232581774e-07,0.126996483431484,167.540006926547,0.210908901383651,0.276372915918263,0.299834681696061,0.165283982220987,0.0468559202556518,0.219107551377503,0.299129088751242,0.321583395025224,0.149567202236842,0.046678724046077,239.841361496233,234.798215510386,404,v7.4.6,gap_tied_weak_links_phase3_seed,/Users/asewaket/Documents/LTSpice Superconducting Circuit/matlab_v7_4_6_files/outputs/v7_4_6_as006_gap_weaklink_v800_phase3_seed_404/AS006_v7_4_6_gap_weaklink_scores.csv
AS006,boundary_sns_a3_3_g0_05_p0_2,"SNS-like boundary constriction, alpha=3.3, tau=0.05, p=0.2",boundary_lane,boundary_constriction,conductance,3.3,1,0.05,0.2,0.78971677559913,0.05,0.221350762527233,6.79199335313684e-08,4.55608077371599e-07,0.110840552687223,112.765827044288,0.211001196855576,0.270700087381006,0.293431152452955,0.172923057027414,0.0546475588199362,0.318677189885194,0.464355414603117,0.476833306473189,0.18966917264923,0.057485782683233,163.987669153067,178.077438535691,404,v7.4.6,gap_tied_weak_links_phase3_seed,/Users/asewaket/Documents/LTSpice Superconducting Circuit/matlab_v7_4_6_files/outputs/v7_4_6_as006_gap_weaklink_v800_phase3_seed_404/AS006_v7_4_6_gap_weaklink_scores.csv
AS006,combined_a4_1_g0_2_p0_05,"combined weak-link classes, alpha=4.1, tau=0.2, p=0.05",combined,boundary_constriction,conductance,4.1,0.999999999999997,0.2,0.05,0.959912854030501,0.2,0.0501089324618736,2.44031056924546e-07,4.61347771239263e-07,0.140725832991644,167.540006926547,0.211025806678233,0.27702946043585,0.298802396871255,0.166222041964915,0.0474178259744781,0.219551995327378,0.301172748339875,0.321740489540009,0.149490004442285,0.0466788660491441,238.560784804563,234.914097812585,404,v7.4.6,gap_tied_weak_links_phase3_seed,/Users/asewaket/Documents/LTSpice Superconducting Circuit/matlab_v7_4_6_files/outputs/v7_4_6_as006_gap_weaklink_v800_phase3_seed_404/AS006_v7_4_6_gap_weaklink_scores.csv
AS006,boundary_sns_a3_7_g0_4_p0_3,"SNS-like boundary constriction, alpha=3.7, tau=0.4, p=0.3",boundary_lane,boundary_constriction,conductance,3.7,0,0.4,0.3,0.810457516339867,0.4,0.315904139433551,4.34749118300609e-07,4.55394883171698e-07,0.106983292677471,138.263795610979,0.21113591252326,0.280678037616278,0.301961953872662,0.159582445983819,0.0470900482430888,0.262102701909821,0.380126752512368,0.397492203221416,0.142390056039009,0.0567878313504957,212.70450245187,199.102504421695,404,v7.4.6,gap_tied_weak_links_phase3_seed,/Users/asewaket/Documents/LTSpice Superconducting Circuit/matlab_v7_4_6_files/outputs/v7_4_6_as006_gap_weaklink_v800_phase3_seed_404/AS006_v7_4_6_gap_weaklink_scores.csv
AS006,crack_tunnel_a3_7_g0_05_p0_05,"tunnel/crack-like links, alpha=3.7, tau=0.05, p=0.05",tear_lane,crack_tunnel,conductance,3.7,0,0.05,0.05,0.951982570806101,0.05,0.0505446623093682,5.41246613636697e-08,4.33596799563995e-07,0.124792959260814,160.835721140767,0.211306297132111,0.275965856742214,0.299344515909236,0.166765437052184,0.048255929761949,0.223091035048323,0.305810828132476,0.327663541812486,0.147375566550687,0.0520136907489313,231.937387560058,236.454400861822,404,v7.4.6,gap_tied_weak_links_phase3_seed,/Users/asewaket/Documents/LTSpice Superconducting Circuit/matlab_v7_4_6_files/outputs/v7_4_6_as006_gap_weaklink_v800_phase3_seed_404/AS006_v7_4_6_gap_weaklink_scores.csv
AS006,boundary_sns_a3_3_g0_4_p0_3,"SNS-like boundary constriction, alpha=3.3, tau=0.4, p=0.3",boundary_lane,boundary_constriction,conductance,3.3,1,0.4,0.3,0.810457516339867,0.4,0.315904139433551,3.87749213619462e-07,4.06163003909893e-07,0.0954175313069339,138.263795610979,0.211405789184006,0.280870611744784,0.303691500501681,0.158173108937666,0.0469818221252203,0.261560870083221,0.378007608189842,0.397205811312639,0.142332933491557,0.0567704055646981,213.60981266397,199.817146374715,404,v7.4.6,gap_tied_weak_links_phase3_seed,/Users/asewaket/Documents/LTSpice Superconducting Circuit/matlab_v7_4_6_files/outputs/v7_4_6_as006_gap_weaklink_v800_phase3_seed_404/AS006_v7_4_6_gap_weaklink_scores.csv
AS006,boundary_sns_a3_7_g0_05_p0_2,"SNS-like boundary constriction, alpha=3.7, tau=0.05, p=0.2",boundary_lane,boundary_constriction,conductance,3.7,0,0.05,0.2,0.78971677559913,0.05,0.221350762527233,7.61526527472918e-08,5.10833298871187e-07,0.124275771194766,112.765827044288,0.211451353719536,0.272466899785971,0.293598575790383,0.172916979536117,0.0548461367583904,0.319186249628849,0.466618277697147,0.47709347380694,0.18984150621808,0.0570975085123533,164.005836497402,177.974034042474,404,v7.4.6,gap_tied_weak_links_phase3_seed,/Users/asewaket/Documents/LTSpice Superconducting Circuit/matlab_v7_4_6_files/outputs/v7_4_6_as006_gap_weaklink_v800_phase3_seed_404/AS006_v7_4_6_gap_weaklink_scores.csv
AS006,combined_a3_3_g0_4_p0_1,"combined weak-link classes, alpha=3.3, tau=0.4, p=0.1",combined,boundary_constriction,conductance,3.3,1,0.4,0.1,0.939869281045751,0.4,0.100217864923747,3.7499158398452e-07,3.79261872806097e-07,0.109248329264255,165.372908730435,0.211498503719008,0.278500499964351,0.305335985897385,0.158475335357469,0.0465598741134277,0.220945654377972,0.30183309899117,0.32782171459825,0.144658431746982,0.0483841326680244,242.089284120115,232.302654700566,404,v7.4.6,gap_tied_weak_links_phase3_seed,/Users/asewaket/Documents/LTSpice Superconducting Circuit/matlab_v7_4_6_files/outputs/v7_4_6_as006_gap_weaklink_v800_phase3_seed_404/AS006_v7_4_6_gap_weaklink_scores.csv
AS006,crack_tunnel_a3_3_g0_4_p0_2,"tunnel/crack-like links, alpha=3.3, tau=0.4, p=0.2",tear_lane,crack_tunnel,conductance,3.3,1,0.4,0.2,0.879738562091502,0.4,0.200435729847495,3.12742650458221e-07,3.77217531938128e-07,0.0863971031008055,153.048772662985,0.211524289400873,0.280132232145501,0.306642080389598,0.155121509767505,0.0469636869676876,0.208964762648609,0.273262236300009,0.299813358953427,0.160354164204946,0.0464454935183568,253.990068805313,248.92336636773,404,v7.4.6,gap_tied_weak_links_phase3_seed,/Users/asewaket/Documents/LTSpice Superconducting Circuit/matlab_v7_4_6_files/outputs/v7_4_6_as006_gap_weaklink_v800_phase3_seed_404/AS006_v7_4_6_gap_weaklink_scores.csv
AS006,crack_tunnel_a4_1_g0_05_p0_05,"tunnel/crack-like links, alpha=4.1, tau=0.05, p=0.05",tear_lane,crack_tunnel,conductance,4.1,0.999999999999997,0.05,0.05,0.951982570806101,0.05,0.0505446623093682,5.9975976105688e-08,4.80472129246588e-07,0.138284089991712,160.835721140767,0.211605456426715,0.276671813357918,0.298505107174095,0.167726829440384,0.0493129944205131,0.223564266981858,0.307789075371513,0.327897723407866,0.147355271953543,0.0520171536320806,230.767989278615,236.584887528268,404,v7.4.6,gap_tied_weak_links_phase3_seed,/Users/asewaket/Documents/LTSpice Superconducting Circuit/matlab_v7_4_6_files/outputs/v7_4_6_as006_gap_weaklink_v800_phase3_seed_404/AS006_v7_4_6_gap_weaklink_scores.csv
AS006,boundary_sns_a4_1_g0_05_p0_2,"SNS-like boundary constriction, alpha=4.1, tau=0.05, p=0.2",boundary_lane,boundary_constriction,conductance,4.1,0.999999999999997,0.05,0.2,0.78971677559913,0.05,0.221350762527233,8.43853719632153e-08,5.66058520370775e-07,0.137710989702308,112.765827044288,0.211808126878576,0.273943113815899,0.29365266833575,0.172949104875351,0.0550189698952286,0.319646824692085,0.468652035438182,0.477266110639628,0.189979760689496,0.0568916935410218,164.009645696111,177.871569581393,404,v7.4.6,gap_tied_weak_links_phase3_seed,/Users/asewaket/Documents/LTSpice Superconducting Circuit/matlab_v7_4_6_files/outputs/v7_4_6_as006_gap_weaklink_v800_phase3_seed_404/AS006_v7_4_6_gap_weaklink_scores.csv
AS006,crack_tunnel_a3_3_g0_4_p0_3,"tunnel/crack-like links, alpha=3.3, tau=0.4, p=0.3",tear_lane,crack_tunnel,conductance,3.3,1,0.4,0.3,0.819869281045749,0.4,0.300217864923747,3.18557905214733e-07,3.89544624919683e-07,0.0779012821528996,138.263795610979,0.211825073791052,0.281732138619085,0.308444769316184,0.151894639389948,0.047746584795418,0.205141258121773,0.262746798649869,0.289219620140755,0.167504911677716,0.0474440171155289,257.818369524057,257.859409796192,404,v7.4.6,gap_tied_weak_links_phase3_seed,/Users/asewaket/Documents/LTSpice Superconducting Circuit/matlab_v7_4_6_files/outputs/v7_4_6_as006_gap_weaklink_v800_phase3_seed_404/AS006_v7_4_6_gap_weaklink_scores.csv
AS006,crack_tunnel_a3_3_g0_1_p0_05,"tunnel/crack-like links, alpha=3.3, tau=0.1, p=0.05",tear_lane,crack_tunnel,conductance,3.3,1,0.1,0.05,0.954509803921569,0.1,0.0505446623093682,9.5057073209238e-08,3.80754739900431e-07,0.111301828529915,163.356144969482,0.211876765650789,0.277688369276484,0.303233518326853,0.163277383661387,0.0469400723287336,0.222669566953072,0.303671476993339,0.328086570490584,0.14702808709774,0.0517397505413249,235.043206883443,236.681267204686,404,v7.4.6,gap_tied_weak_links_phase3_seed,/Users/asewaket/Documents/LTSpice Superconducting Circuit/matlab_v7_4_6_files/outputs/v7_4_6_as006_gap_weaklink_v800_phase3_seed_404/AS006_v7_4_6_gap_weaklink_scores.csv
AS006,combined_a3_7_g0_4_p0_1,"combined weak-link classes, alpha=3.7, tau=0.4, p=0.1",combined,boundary_constriction,conductance,3.7,0,0.4,0.1,0.939869281045751,0.4,0.100217864923747,4.20445109315977e-07,4.25233008903806e-07,0.122490550993256,165.372908730435,0.212031159007927,0.281099669954935,0.304917407764484,0.158930162517527,0.0467879583499437,0.221757304224871,0.305295768978651,0.328181752683028,0.144591427762476,0.0484334002473079,241.391739786059,232.272505459766,404,v7.4.6,gap_tied_weak_links_phase3_seed,/Users/asewaket/Documents/LTSpice Superconducting Circuit/matlab_v7_4_6_files/outputs/v7_4_6_as006_gap_weaklink_v800_phase3_seed_404/AS006_v7_4_6_gap_weaklink_scores.csv
AS006,combined_a4_1_g0_4_p0_1,"combined weak-link classes, alpha=4.1, tau=0.4, p=0.1",combined,boundary_constriction,conductance,4.1,0.999999999999997,0.4,0.1,0.939869281045751,0.4,0.100217864923747,4.65898634647434e-07,4.71204145001514e-07,0.135732772722257,165.372908730435,0.212101280201397,0.281893363925172,0.303821903995487,0.159847691051134,0.0471150912757916,0.222262703751003,0.307524089748026,0.328382547394794,0.144539824427471,0.0484451905317609,240.364753211654,232.062800831367,404,v7.4.6,gap_tied_weak_links_phase3_seed,/Users/asewaket/Documents/LTSpice Superconducting Circuit/matlab_v7_4_6_files/outputs/v7_4_6_as006_gap_weaklink_v800_phase3_seed_404/AS006_v7_4_6_gap_weaklink_scores.csv
AS006,crack_tunnel_a3_7_g0_1_p0_05,"tunnel/crack-like links, alpha=3.7, tau=0.1, p=0.05",tear_lane,crack_tunnel,conductance,3.7,0,0.1,0.05,0.954509803921569,0.1,0.0505446623093682,1.06579142689146e-07,4.26906829585332e-07,0.124792959260814,163.356144969482,0.212189159742732,0.279177452101738,0.302145335476831,0.164433982851429,0.0474715309631831,0.223435875157251,0.306808842549874,0.328442757973158,0.147008167708154,0.0518354971481609,233.488063562891,236.851060210771,404,v7.4.6,gap_tied_weak_links_phase3_seed,/Users/asewaket/Documents/LTSpice Superconducting Circuit/matlab_v7_4_6_files/outputs/v7_4_6_as006_gap_weaklink_v800_phase3_seed_404/AS006_v7_4_6_gap_weaklink_scores.csv
AS006,crack_tunnel_a4_1_g0_1_p0_05,"tunnel/crack-like links, alpha=4.1, tau=0.1, p=0.05",tear_lane,crack_tunnel,conductance,4.1,0.999999999999997,0.1,0.05,0.954509803921569,0.1,0.0505446623093682,1.18101212169053e-07,4.73058919270233e-07,0.138284089991712,163.356144969482,0.212330635481167,0.279540258064582,0.300971569289982,0.165578629135082,0.0484393866649302,0.223872406081088,0.308742122321721,0.32862209088981,0.146978535420868,0.0518080797504685,232.0430620528,236.994912834059,404,v7.4.6,gap_tied_weak_links_phase3_seed,/Users/asewaket/Documents/LTSpice Superconducting Circuit/matlab_v7_4_6_files/outputs/v7_4_6_as006_gap_weaklink_v800_phase3_seed_404/AS006_v7_4_6_gap_weaklink_scores.csv
AS006,crack_tunnel_a3_7_g0_4_p0_2,"tunnel/crack-like links, alpha=3.7, tau=0.4, p=0.2",tear_lane,crack_tunnel,conductance,3.7,0,0.4,0.2,0.879738562091502,0.4,0.200435729847495,3.50650850513763e-07,4.22940869142749e-07,0.0968694792342364,153.048772662985,0.212457101393287,0.283633409607563,0.306992215322354,0.155069813957844,0.0475784530974457,0.209788227063213,0.276796936023775,0.300221112166849,0.160183716317667,0.0465276076032207,253.439330396239,249.377907515522,404,v7.4.6,gap_tied_weak_links_phase3_seed,/Users/asewaket/Documents/LTSpice Superconducting Circuit/matlab_v7_4_6_files/outputs/v7_4_6_as006_gap_weaklink_v800_phase3_seed_404/AS006_v7_4_6_gap_weaklink_scores.csv
AS006,contact_relaxed_a3_3_g0_4_p0_3,"contact-relaxed SNS links, alpha=3.3, tau=0.4, p=0.3",contact_relaxation,contact_relaxed,conductance,3.3,1,0.4,0.3,0.819869281045749,0.4,0.300217864923747,1.91900519323692e-07,3.95224191514589e-07,0.0438156555126881,138.263795610979,0.212563525290121,0.274425909155417,0.31912895192179,0.146070336027227,0.0473281313980242,0.197210646699604,0.211755667552715,0.244338668118521,0.233714366589108,0.0545619385015058,302.102443604727,287.177913322323,404,v7.4.6,gap_tied_weak_links_phase3_seed,/Users/asewaket/Documents/LTSpice Superconducting Circuit/matlab_v7_4_6_files/outputs/v7_4_6_as006_gap_weaklink_v800_phase3_seed_404/AS006_v7_4_6_gap_weaklink_scores.csv
AS006,crack_tunnel_a4_1_g0_4_p0_2,"tunnel/crack-like links, alpha=4.1, tau=0.4, p=0.2",tear_lane,crack_tunnel,conductance,4.1,0.999999999999997,0.4,0.2,0.879738562091502,0.4,0.200435729847495,3.88559050569305e-07,4.68664206347371e-07,0.107341855367667,153.048772662985,0.212769044056751,0.284888386575916,0.306452010418817,0.155576340980153,0.0481953892497169,0.210247982534987,0.278812269297145,0.30046055022425,0.160057321547232,0.0465500285513139,252.60724010221,249.398340849126,404,v7.4.6,gap_tied_weak_links_phase3_seed,/Users/asewaket/Documents/LTSpice Superconducting Circuit/matlab_v7_4_6_files/outputs/v7_4_6_as006_gap_weaklink_v800_phase3_seed_404/AS006_v7_4_6_gap_weaklink_scores.csv
AS006,crack_tunnel_a3_7_g0_4_p0_3,"tunnel/crack-like links, alpha=3.7, tau=0.4, p=0.3",tear_lane,crack_tunnel,conductance,3.7,0,0.4,0.3,0.819869281045749,0.4,0.300217864923747,3.57170984634701e-07,4.36762155212978e-07,0.0873438618077965,138.263795610979,0.212881819305353,0.285593534574899,0.309007531453471,0.151755015505071,0.0483586125269556,0.205963148462277,0.266334988470322,0.289620450347945,0.167302142037134,0.0475172881857443,257.482073917024,258.28577561674,404,v7.4.6,gap_tied_weak_links_phase3_seed,/Users/asewaket/Documents/LTSpice Superconducting Circuit/matlab_v7_4_6_files/outputs/v7_4_6_as006_gap_weaklink_v800_phase3_seed_404/AS006_v7_4_6_gap_weaklink_scores.csv
AS006,crack_tunnel_a4_1_g0_4_p0_3,"tunnel/crack-like links, alpha=4.1, tau=0.4, p=0.3",tear_lane,crack_tunnel,conductance,4.1,0.999999999999997,0.4,0.3,0.819869281045749,0.4,0.300217864923747,3.95784064054669e-07,4.83979685506273e-07,0.0967864414626934,138.263795610979,0.213064834765065,0.286671984810978,0.308179116462001,0.152461874002795,0.0487613927023532,0.206418473888984,0.268365948181346,0.289868611829343,0.167153555669425,0.0475144059754411,256.678520528081,257.938984929944,404,v7.4.6,gap_tied_weak_links_phase3_seed,/Users/asewaket/Documents/LTSpice Superconducting Circuit/matlab_v7_4_6_files/outputs/v7_4_6_as006_gap_weaklink_v800_phase3_seed_404/AS006_v7_4_6_gap_weaklink_scores.csv
AS006,boundary_sns_a3_3_g0_1_p0_1,"SNS-like boundary constriction, alpha=3.3, tau=0.1, p=0.1",boundary_lane,boundary_constriction,conductance,3.3,1,0.1,0.1,0.886274509803923,0.1,0.12636165577342,1.16816030767137e-07,3.96915649583672e-07,0.124490717801411,144.683302343692,0.213135017776245,0.282799555703976,0.304922040070176,0.161385824907038,0.0475296819206457,0.27342154526229,0.398628182367217,0.415701676356866,0.150162605354741,0.0532983536262906,204.394119127522,194.04152273659,404,v7.4.6,gap_tied_weak_links_phase3_seed,/Users/asewaket/Documents/LTSpice Superconducting Circuit/matlab_v7_4_6_files/outputs/v7_4_6_as006_gap_weaklink_v800_phase3_seed_404/AS006_v7_4_6_gap_weaklink_scores.csv
AS006,boundary_sns_a4_1_g0_4_p0_2,"SNS-like boundary constriction, alpha=4.1, tau=0.4, p=0.2",boundary_lane,boundary_constriction,conductance,4.1,0.999999999999997,0.4,0.2,0.867189542483658,0.4,0.221350762527233,4.97398892878453e-07,4.851122689546e-07,0.137710989702308,153.048772662985,0.213154754597458,0.284959481999217,0.304382703809363,0.160737421529611,0.0472227824096753,0.258044270458443,0.376078716857391,0.391096091678881,0.140580438851849,0.0539989264319723,214.995662118069,203.318799139697,404,v7.4.6,gap_tied_weak_links_phase3_seed,/Users/asewaket/Documents/LTSpice Superconducting Circuit/matlab_v7_4_6_files/outputs/v7_4_6_as006_gap_weaklink_v800_phase3_seed_404/AS006_v7_4_6_gap_weaklink_scores.csv
AS006,boundary_sns_a3_3_g0_05_p0_1,"SNS-like boundary constriction, alpha=3.3, tau=0.05, p=0.1",boundary_lane,boundary_constriction,conductance,3.3,1,0.05,0.1,0.879956427015252,0.05,0.12636165577342,6.12598259813747e-08,4.16295322878242e-07,0.124490717801411,137.947903273594,0.213503146511296,0.282778160894363,0.305254615988455,0.161381448463259,0.04881518310325,0.28198813363829,0.413808004088569,0.430358552232577,0.157212766759538,0.046489239246451,194.160710114731,192.628175458272,404,v7.4.6,gap_tied_weak_links_phase3_seed,/Users/asewaket/Documents/LTSpice Superconducting Circuit/matlab_v7_4_6_files/outputs/v7_4_6_as006_gap_weaklink_v800_phase3_seed_404/AS006_v7_4_6_gap_weaklink_scores.csv
AS006,crack_tunnel_a3_3_g0_4_p0_1,"tunnel/crack-like links, alpha=3.3, tau=0.4, p=0.1",tear_lane,crack_tunnel,conductance,3.3,1,0.4,0.1,0.939869281045751,0.4,0.100217864923747,3.46048812372291e-07,3.7255230012225e-07,0.104531876030701,165.372908730435,0.213556152900179,0.284557249797045,0.309262171306108,0.156314118992212,0.0466220661778982,0.220973138516115,0.303179305013367,0.327330745155631,0.145316879729498,0.0472114838829801,240.60899346608,237.825337257388,404,v7.4.6,gap_tied_weak_links_phase3_seed,/Users/asewaket/Documents/LTSpice Superconducting Circuit/matlab_v7_4_6_files/outputs/v7_4_6_as006_gap_weaklink_v800_phase3_seed_404/AS006_v7_4_6_gap_weaklink_scores.csv
AS006,crack_tunnel_a3_3_g0_2_p0_05,"tunnel/crack-like links, alpha=3.3, tau=0.2, p=0.05",tear_lane,crack_tunnel,conductance,3.3,1,0.2,0.05,0.959564270152505,0.2,0.0505446623093682,1.85366555921784e-07,3.71246412304742e-07,0.111301828529915,167.540006926547,0.213579148192484,0.283158702180528,0.307773058486754,0.159425119510337,0.0468527870421533,0.223550561971844,0.306931869281397,0.330645694818502,0.145463249917161,0.0503619122489928,237.199079654342,236.508868998355,404,v7.4.6,gap_tied_weak_links_phase3_seed,/Users/asewaket/Documents/LTSpice Superconducting Circuit/matlab_v7_4_6_files/outputs/v7_4_6_as006_gap_weaklink_v800_phase3_seed_404/AS006_v7_4_6_gap_weaklink_scores.csv
AS006,boundary_sns_a3_3_g0_2_p0_1,"SNS-like boundary constriction, alpha=3.3, tau=0.2, p=0.1",boundary_lane,boundary_constriction,conductance,3.3,1,0.2,0.1,0.898910675381263,0.2,0.12636165577342,2.20529395348519e-07,3.74939033791232e-07,0.124490717801411,153.279603123759,0.213584587891081,0.284483565512198,0.306586681803823,0.15977014059822,0.0472000050387412,0.261244407061513,0.378734655210057,0.396979081778277,0.142661950307282,0.05444654910142,213.481072978613,201.612707160741,404,v7.4.6,gap_tied_weak_links_phase3_seed,/Users/asewaket/Documents/LTSpice Superconducting Circuit/matlab_v7_4_6_files/outputs/v7_4_6_as006_gap_weaklink_v800_phase3_seed_404/AS006_v7_4_6_gap_weaklink_scores.csv
AS006,boundary_sns_a3_7_g0_4_p0_2,"SNS-like boundary constriction, alpha=3.7, tau=0.4, p=0.2",boundary_lane,boundary_constriction,conductance,3.7,0,0.4,0.2,0.867189542483658,0.4,0.221350762527233,4.48872171622019e-07,4.37784242715127e-07,0.124275771194766,153.048772662985,0.213590408382457,0.285704257058387,0.306335395081887,0.159232894094485,0.0471197258424915,0.257645179778547,0.374313332335484,0.390974276288862,0.14056517147274,0.0540011187108153,215.973879762565,204.073646906965,404,v7.4.6,gap_tied_weak_links_phase3_seed,/Users/asewaket/Documents/LTSpice Superconducting Circuit/matlab_v7_4_6_files/outputs/v7_4_6_as006_gap_weaklink_v800_phase3_seed_404/AS006_v7_4_6_gap_weaklink_scores.csv
AS006,boundary_sns_a3_3_g0_4_p0_2,"SNS-like boundary constriction, alpha=3.3, tau=0.4, p=0.2",boundary_lane,boundary_constriction,conductance,3.3,1,0.4,0.2,0.867189542483658,0.4,0.221350762527233,4.00345450365584e-07,3.90456216475654e-07,0.110840552687223,153.048772662985,0.213705114897565,0.285350306656124,0.307678399538934,0.158181389818833,0.0470113313650236,0.257092286711296,0.372042296535812,0.390718714799946,0.140532926593117,0.0539952278793666,216.707468710048,204.651823663379,404,v7.4.6,gap_tied_weak_links_phase3_seed,/Users/asewaket/Documents/LTSpice Superconducting Circuit/matlab_v7_4_6_files/outputs/v7_4_6_as006_gap_weaklink_v800_phase3_seed_404/AS006_v7_4_6_gap_weaklink_scores.csv
AS006,crack_tunnel_a4_1_g0_2_p0_05,"tunnel/crack-like links, alpha=4.1, tau=0.2, p=0.05",tear_lane,crack_tunnel,conductance,4.1,0.999999999999997,0.2,0.05,0.959564270152505,0.2,0.0505446623093682,2.30303902811914e-07,4.61245542560437e-07,0.138284089991712,167.540006926547,0.213710966970835,0.284762436420114,0.305439185037838,0.161382504225992,0.0475456943353552,0.224626217503757,0.3117115329296,0.331096542006727,0.145320726881287,0.0503496974758059,234.126132613379,236.93435616473,404,v7.4.6,gap_tied_weak_links_phase3_seed,/Users/asewaket/Documents/LTSpice Superconducting Circuit/matlab_v7_4_6_files/outputs/v7_4_6_as006_gap_weaklink_v800_phase3_seed_404/AS006_v7_4_6_gap_weaklink_scores.csv
AS006,crack_tunnel_a3_7_g0_2_p0_05,"tunnel/crack-like links, alpha=3.7, tau=0.2, p=0.05",tear_lane,crack_tunnel,conductance,3.7,0,0.2,0.05,0.959564270152505,0.2,0.0505446623093682,2.07835229366849e-07,4.1624597743259e-07,0.124792959260814,167.540006926547,0.213749771266047,0.284633756613306,0.306784403805264,0.160278835187989,0.0468938490727274,0.224236511546303,0.309877997178339,0.330949029106422,0.145388828510671,0.0504077239785986,235.783730696796,236.69998791934,404,v7.4.6,gap_tied_weak_links_phase3_seed,/Users/asewaket/Documents/LTSpice Superconducting Circuit/matlab_v7_4_6_files/outputs/v7_4_6_as006_gap_weaklink_v800_phase3_seed_404/AS006_v7_4_6_gap_weaklink_scores.csv
AS006,boundary_sns_a3_7_g0_1_p0_1,"SNS-like boundary constriction, alpha=3.7, tau=0.1, p=0.1",boundary_lane,boundary_constriction,conductance,3.7,0,0.1,0.1,0.886274509803923,0.1,0.12636165577342,1.30975549648002e-07,4.45026637411995e-07,0.13958050177734,144.683302343692,0.213843656423103,0.285471458598744,0.305874701357397,0.160719536476539,0.0475666755456504,0.273922399522515,0.400658492619348,0.415923835132593,0.150225695978135,0.0533046735385232,204.704537046622,194.359130446838,404,v7.4.6,gap_tied_weak_links_phase3_seed,/Users/asewaket/Documents/LTSpice Superconducting Circuit/matlab_v7_4_6_files/outputs/v7_4_6_as006_gap_weaklink_v800_phase3_seed_404/AS006_v7_4_6_gap_weaklink_scores.csv
AS006,crack_tunnel_a3_7_g0_4_p0_1,"tunnel/crack-like links, alpha=3.7, tau=0.4, p=0.1",tear_lane,crack_tunnel,conductance,3.7,0,0.4,0.1,0.939869281045751,0.4,0.100217864923747,3.87994122962871e-07,4.17710154682522e-07,0.117202406458665,165.372908730435,0.214086438951143,0.286850774207894,0.309057683962131,0.156550127823555,0.0470428138346504,0.221661539060367,0.306124730615688,0.327678246746516,0.145201487246462,0.0472441738216674,239.704575569064,238.218876909973,404,v7.4.6,gap_tied_weak_links_phase3_seed,/Users/asewaket/Documents/LTSpice Superconducting Circuit/matlab_v7_4_6_files/outputs/v7_4_6_as006_gap_weaklink_v800_phase3_seed_404/AS006_v7_4_6_gap_weaklink_scores.csv
AS006,boundary_sns_a3_7_g0_05_p0_1,"SNS-like boundary constriction, alpha=3.7, tau=0.05, p=0.1",boundary_lane,boundary_constriction,conductance,3.7,0,0.05,0.1,0.879956427015252,0.05,0.12636165577342,6.86852594336625e-08,4.66755362014999e-07,0.13958050177734,137.947903273594,0.214284933623454,0.285504243983322,0.306235543718087,0.160779484611772,0.0490338668625821,0.282563626336058,0.415969138124988,0.430668713909048,0.157349155808737,0.0464922994535487,194.401344075016,192.917103033829,404,v7.4.6,gap_tied_weak_links_phase3_seed,/Users/asewaket/Documents/LTSpice Superconducting Circuit/matlab_v7_4_6_files/outputs/v7_4_6_as006_gap_weaklink_v800_phase3_seed_404/AS006_v7_4_6_gap_weaklink_scores.csv
AS006,boundary_sns_a3_7_g0_2_p0_1,"SNS-like boundary constriction, alpha=3.7, tau=0.2, p=0.1",boundary_lane,boundary_constriction,conductance,3.7,0,0.2,0.1,0.898910675381263,0.2,0.12636165577342,2.4726023114834e-07,4.20386189402291e-07,0.13958050177734,153.279603123759,0.214302285675922,0.287195360320588,0.307521913340815,0.159110365550557,0.0472647627744,0.26175398791211,0.38083268034094,0.397221486378598,0.14269479889423,0.0544311594392759,213.783464308751,201.94924520904,404,v7.4.6,gap_tied_weak_links_phase3_seed,/Users/asewaket/Documents/LTSpice Superconducting Circuit/matlab_v7_4_6_files/outputs/v7_4_6_as006_gap_weaklink_v800_phase3_seed_404/AS006_v7_4_6_gap_weaklink_scores.csv
AS006,crack_tunnel_a4_1_g0_4_p0_1,"tunnel/crack-like links, alpha=4.1, tau=0.4, p=0.1",tear_lane,crack_tunnel,conductance,4.1,0.999999999999997,0.4,0.1,0.939869281045751,0.4,0.100217864923747,4.29939433553452e-07,4.62868009242795e-07,0.129872936886629,165.372908730435,0.214329748449705,0.287743372457705,0.308418860017215,0.157058447655687,0.0478493051910854,0.222059338480779,0.307969477802994,0.327852997492252,0.145109882634836,0.0471971156959133,238.588234498804,238.56159466978,404,v7.4.6,gap_tied_weak_links_phase3_seed,/Users/asewaket/Documents/LTSpice Superconducting Circuit/matlab_v7_4_6_files/outputs/v7_4_6_as006_gap_weaklink_v800_phase3_seed_404/AS006_v7_4_6_gap_weaklink_scores.csv
AS006,boundary_sns_a4_1_g0_1_p0_1,"SNS-like boundary constriction, alpha=4.1, tau=0.1, p=0.1",boundary_lane,boundary_constriction,conductance,4.1,0.999999999999997,0.1,0.1,0.886274509803923,0.1,0.12636165577342,1.45135068528867e-07,4.93137625240319e-07,0.154670285753269,144.683302343692,0.214336352688712,0.287427121485702,0.306419565616349,0.160303086041201,0.0476415445777449,0.274303316627629,0.402345535066256,0.416020010520758,0.150265916769275,0.0533036336989679,204.857337862069,194.588797079361,404,v7.4.6,gap_tied_weak_links_phase3_seed,/Users/asewaket/Documents/LTSpice Superconducting Circuit/matlab_v7_4_6_files/outputs/v7_4_6_as006_gap_weaklink_v800_phase3_seed_404/AS006_v7_4_6_gap_weaklink_scores.csv
AS006,contact_relaxed_a3_7_g0_4_p0_3,"contact-relaxed SNS links, alpha=3.7, tau=0.4, p=0.3",contact_relaxation,contact_relaxed,conductance,3.7,0,0.4,0.3,0.819869281045749,0.4,0.300217864923747,2.15161188332624e-07,4.43130154122418e-07,0.0491266440596806,138.263795610979,0.214392378906242,0.283187889841693,0.319194537021453,0.14634790272786,0.0472486864921501,0.197997113455548,0.216111134748083,0.244391859901531,0.233305209105317,0.0545571663203323,301.885768418926,286.81069041711,404,v7.4.6,gap_tied_weak_links_phase3_seed,/Users/asewaket/Documents/LTSpice Superconducting Circuit/matlab_v7_4_6_files/outputs/v7_4_6_as006_gap_weaklink_v800_phase3_seed_404/AS006_v7_4_6_gap_weaklink_scores.csv
AS006,boundary_sns_a4_1_g0_2_p0_1,"SNS-like boundary constriction, alpha=4.1, tau=0.2, p=0.1",boundary_lane,boundary_constriction,conductance,4.1,0.999999999999997,0.2,0.1,0.898910675381263,0.2,0.12636165577342,2.7399106694816e-07,4.65833345013349e-07,0.154670285753269,153.279603123759,0.214860241139396,0.289335293303276,0.308284451379258,0.158526689609112,0.0473097604686136,0.262118368276926,0.382468857301755,0.397327813380466,0.142710147061501,0.0544116268401803,214.044590060772,202.273712035593,404,v7.4.6,gap_tied_weak_links_phase3_seed,/Users/asewaket/Documents/LTSpice Superconducting Circuit/matlab_v7_4_6_files/outputs/v7_4_6_as006_gap_weaklink_v800_phase3_seed_404/AS006_v7_4_6_gap_weaklink_scores.csv
AS006,boundary_sns_a4_1_g0_05_p0_1,"SNS-like boundary constriction, alpha=4.1, tau=0.05, p=0.1",boundary_lane,boundary_constriction,conductance,4.1,0.999999999999997,0.05,0.1,0.879956427015252,0.05,0.12636165577342,7.61106928859503e-08,5.17215401151756e-07,0.154670285753269,137.947903273594,0.214916241683323,0.287735977890862,0.306921334589393,0.160334409155871,0.0493148835494791,0.283040037340625,0.417887757971151,0.430842482904625,0.157457406821655,0.0465163251218136,194.548019514448,193.168969731556,404,v7.4.6,gap_tied_weak_links_phase3_seed,/Users/asewaket/Documents/LTSpice Superconducting Circuit/matlab_v7_4_6_files/outputs/v7_4_6_as006_gap_weaklink_v800_phase3_seed_404/AS006_v7_4_6_gap_weaklink_scores.csv
AS006,contact_relaxed_a3_7_g0_4_p0_2,"contact-relaxed SNS links, alpha=3.7, tau=0.4, p=0.2",contact_relaxation,contact_relaxed,conductance,3.7,0,0.4,0.2,0.879999999999998,0.4,0.2,1.82822372270719e-07,4.35755300731159e-07,0.0459539877134514,153.048772662985,0.215234924581234,0.287969886789896,0.31697739338724,0.148986530351219,0.0472611347495815,0.20730337899703,0.261725863069797,0.290682726734975,0.169818082366035,0.0538236571716039,268.486631494609,255.078935278423,404,v7.4.6,gap_tied_weak_links_phase3_seed,/Users/asewaket/Documents/LTSpice Superconducting Circuit/matlab_v7_4_6_files/outputs/v7_4_6_as006_gap_weaklink_v800_phase3_seed_404/AS006_v7_4_6_gap_weaklink_scores.csv
AS006,combined_a4_1_g0_4_p0_05,"combined weak-link classes, alpha=4.1, tau=0.4, p=0.05",combined,boundary_constriction,conductance,4.1,0.999999999999997,0.4,0.05,0.969934640522876,0.4,0.0501089324618736,4.68286980165173e-07,4.58912166197628e-07,0.140725832991644,174.614997636749,0.215256173228738,0.290088255253835,0.310265991480288,0.156494910612248,0.0476084875340395,0.223268428640403,0.310999842575708,0.330316323934297,0.144530476776714,0.0466256377703927,240.071958784637,236.494058510003,404,v7.4.6,gap_tied_weak_links_phase3_seed,/Users/asewaket/Documents/LTSpice Superconducting Circuit/matlab_v7_4_6_files/outputs/v7_4_6_as006_gap_weaklink_v800_phase3_seed_404/AS006_v7_4_6_gap_weaklink_scores.csv
AS006,contact_relaxed_a4_1_g0_4_p0_2,"contact-relaxed SNS links, alpha=4.1, tau=0.4, p=0.2",contact_relaxation,contact_relaxed,conductance,4.1,0.999999999999997,0.4,0.2,0.879999999999998,0.4,0.2,2.02586953056743e-07,4.82863981891284e-07,0.0509219863851758,153.048772662985,0.215390769503493,0.290269402755683,0.3148987486024,0.150459830465133,0.0475368466261676,0.208229306290886,0.265988068574828,0.290958566658233,0.169731280132583,0.053816871061967,266.951352457845,254.103532879315,404,v7.4.6,gap_tied_weak_links_phase3_seed,/Users/asewaket/Documents/LTSpice Superconducting Circuit/matlab_v7_4_6_files/outputs/v7_4_6_as006_gap_weaklink_v800_phase3_seed_404/AS006_v7_4_6_gap_weaklink_scores.csv
AS006,combined_a3_3_g0_4_p0_05,"combined weak-link classes, alpha=3.3, tau=0.4, p=0.05",combined,boundary_constriction,conductance,3.3,1,0.4,0.05,0.969934640522876,0.4,0.0501089324618736,3.76913910864652e-07,3.69368328890774e-07,0.113267133871323,174.614997636749,0.215476725698501,0.28951351867793,0.313573639151682,0.154041299958844,0.0465646163505762,0.22220703273634,0.306327015712452,0.329877541658938,0.144681654546752,0.0465703818826643,243.33522516038,236.849827165043,404,v7.4.6,gap_tied_weak_links_phase3_seed,/Users/asewaket/Documents/LTSpice Superconducting Circuit/matlab_v7_4_6_files/outputs/v7_4_6_as006_gap_weaklink_v800_phase3_seed_404/AS006_v7_4_6_gap_weaklink_scores.csv
AS006,combined_a3_7_g0_4_p0_05,"combined weak-link classes, alpha=3.7, tau=0.4, p=0.05",combined,boundary_constriction,conductance,3.7,0,0.4,0.05,0.969934640522876,0.4,0.0501089324618736,4.22600445514912e-07,4.14140247544201e-07,0.126996483431484,174.614997636749,0.215644965747025,0.290864227120897,0.312467498443913,0.1548891907494,0.0469309909006309,0.222878403361083,0.309218385095627,0.330171729268955,0.144597306007418,0.0466264729798438,241.903472886241,236.928740431118,404,v7.4.6,gap_tied_weak_links_phase3_seed,/Users/asewaket/Documents/LTSpice Superconducting Circuit/matlab_v7_4_6_files/outputs/v7_4_6_as006_gap_weaklink_v800_phase3_seed_404/AS006_v7_4_6_gap_weaklink_scores.csv
AS006,contact_relaxed_a3_3_g0_4_p0_2,"contact-relaxed SNS links, alpha=3.3, tau=0.4, p=0.2",contact_relaxation,contact_relaxed,conductance,3.3,1,0.4,0.2,0.879999999999998,0.4,0.2,1.63057791484696e-07,3.88646619571034e-07,0.0409859890417269,153.048772662985,0.215859904811438,0.286569459224017,0.321826856767166,0.145969895825209,0.0470706957091202,0.205981029361333,0.255665367965322,0.290278415625288,0.169938699468713,0.0538291771611955,271.547380721475,257.588288347261,404,v7.4.6,gap_tied_weak_links_phase3_seed,/Users/asewaket/Documents/LTSpice Superconducting Circuit/matlab_v7_4_6_files/outputs/v7_4_6_as006_gap_weaklink_v800_phase3_seed_404/AS006_v7_4_6_gap_weaklink_scores.csv
AS006,boundary_sns_a3_3_g0_4_p0_1,"SNS-like boundary constriction, alpha=3.3, tau=0.4, p=0.1",boundary_lane,boundary_constriction,conductance,3.3,1,0.4,0.1,0.924183006535947,0.4,0.12636165577342,4.08805268718389e-07,3.82335678900787e-07,0.124490717801411,165.372908730435,0.216042109513484,0.291810431409203,0.313582208589389,0.154065874996608,0.0470489073810272,0.248750867498131,0.35799096986871,0.377573227363332,0.137738829005277,0.0528366834795156,224.55482058564,212.940878467579,404,v7.4.6,gap_tied_weak_links_phase3_seed,/Users/asewaket/Documents/LTSpice Superconducting Circuit/matlab_v7_4_6_files/outputs/v7_4_6_as006_gap_weaklink_v800_phase3_seed_404/AS006_v7_4_6_gap_weaklink_scores.csv
AS006,contact_relaxed_a4_1_g0_4_p0_3,"contact-relaxed SNS links, alpha=4.1, tau=0.4, p=0.3",contact_relaxation,contact_relaxed,conductance,4.1,0.999999999999997,0.4,0.3,0.819869281045749,0.4,0.300217864923747,2.38421857341557e-07,4.91036116730247e-07,0.054437632606673,138.263795610979,0.216050782803735,0.290286552958208,0.3199281643985,0.146190275513097,0.0473552289717231,0.198666718336805,0.219777944881066,0.244423448810726,0.233009488682072,0.0545527505315985,301.950153263916,287.106550716249,404,v7.4.6,gap_tied_weak_links_phase3_seed,/Users/asewaket/Documents/LTSpice Superconducting Circuit/matlab_v7_4_6_files/outputs/v7_4_6_as006_gap_weaklink_v800_phase3_seed_404/AS006_v7_4_6_gap_weaklink_scores.csv
AS006,boundary_sns_a3_7_g0_4_p0_1,"SNS-like boundary constriction, alpha=3.7, tau=0.4, p=0.1",boundary_lane,boundary_constriction,conductance,3.7,0,0.4,0.1,0.924183006535947,0.4,0.12636165577342,4.58357422502436e-07,4.28679397555428e-07,0.13958050177734,165.372908730435,0.216422217187156,0.293607613307028,0.31356557697603,0.154163390722865,0.0470594745171172,0.249294262016281,0.360219585754405,0.377832263875559,0.137754197944089,0.0528525151146606,224.483426815681,212.819931252972,404,v7.4.6,gap_tied_weak_links_phase3_seed,/Users/asewaket/Documents/LTSpice Superconducting Circuit/matlab_v7_4_6_files/outputs/v7_4_6_as006_gap_weaklink_v800_phase3_seed_404/AS006_v7_4_6_gap_weaklink_scores.csv
AS006,boundary_sns_a4_1_g0_4_p0_1,"SNS-like boundary constriction, alpha=4.1, tau=0.4, p=0.1",boundary_lane,boundary_constriction,conductance,4.1,0.999999999999997,0.4,0.1,0.924183006535947,0.4,0.12636165577342,5.07909576286483e-07,4.75023116210069e-07,0.154670285753269,165.372908730435,0.216874094133942,0.295372678059375,0.31399634643701,0.15389979226189,0.0471294460182068,0.249665246424128,0.361874453998446,0.377943997518068,0.137757467034869,0.0528529486719876,224.569123795152,213.036766839933,404,v7.4.6,gap_tied_weak_links_phase3_seed,/Users/asewaket/Documents/LTSpice Superconducting Circuit/matlab_v7_4_6_files/outputs/v7_4_6_as006_gap_weaklink_v800_phase3_seed_404/AS006_v7_4_6_gap_weaklink_scores.csv
AS006,crack_tunnel_a4_1_g0_4_p0_05,"tunnel/crack-like links, alpha=4.1, tau=0.4, p=0.05",tear_lane,crack_tunnel,conductance,4.1,0.999999999999997,0.4,0.05,0.969673202614379,0.4,0.0505446623093682,4.41945056204019e-07,4.57216949771946e-07,0.138284089991712,174.614997636749,0.217093047372597,0.295211689203377,0.314717219975676,0.153751201373247,0.0473094109856144,0.226757307078182,0.318699261801893,0.337305800688756,0.141850118902532,0.0474894737555275,237.379315029797,236.831877594397,404,v7.4.6,gap_tied_weak_links_phase3_seed,/Users/asewaket/Documents/LTSpice Superconducting Circuit/matlab_v7_4_6_files/outputs/v7_4_6_as006_gap_weaklink_v800_phase3_seed_404/AS006_v7_4_6_gap_weaklink_scores.csv
AS006,crack_tunnel_a3_3_g0_4_p0_05,"tunnel/crack-like links, alpha=3.3, tau=0.4, p=0.05",tear_lane,crack_tunnel,conductance,3.3,1,0.4,0.05,0.969673202614379,0.4,0.0505446623093682,3.55711874505674e-07,3.6800388640181e-07,0.111301828529915,174.614997636749,0.217152423882676,0.293969012135876,0.317099454915519,0.15210165621144,0.0467419909110468,0.2257649661252,0.314317060664288,0.336878608780188,0.141983756818451,0.0474905085733201,240.526543009161,236.355560744139,404,v7.4.6,gap_tied_weak_links_phase3_seed,/Users/asewaket/Documents/LTSpice Superconducting Circuit/matlab_v7_4_6_files/outputs/v7_4_6_as006_gap_weaklink_v800_phase3_seed_404/AS006_v7_4_6_gap_weaklink_scores.csv
AS006,crack_tunnel_a3_7_g0_4_p0_05,"tunnel/crack-like links, alpha=3.7, tau=0.4, p=0.05",tear_lane,crack_tunnel,conductance,3.7,0,0.4,0.05,0.969673202614379,0.4,0.0505446623093682,3.98828465354846e-07,4.12610418086878e-07,0.124792959260814,174.614997636749,0.217285363748026,0.295387863190862,0.316271584441808,0.152685064477113,0.0467073521797138,0.226388687211698,0.316985539811882,0.337166705187545,0.141910429821282,0.0475281248918012,239.198001555796,236.628530899963,404,v7.4.6,gap_tied_weak_links_phase3_seed,/Users/asewaket/Documents/LTSpice Superconducting Circuit/matlab_v7_4_6_files/outputs/v7_4_6_as006_gap_weaklink_v800_phase3_seed_404/AS006_v7_4_6_gap_weaklink_scores.csv
AS006,boundary_sns_a4_1_g0_7_p0_3,"SNS-like boundary constriction, alpha=4.1, tau=0.7, p=0.3",boundary_lane,boundary_constriction,conductance,4.1,0.999999999999997,0.7,0.3,0.905228758169932,0.7,0.315904139433551,6.96744063624112e-07,4.71266572488107e-07,0.118549054048009,167.299286598914,0.217676624462505,0.298703115830284,0.317417116485513,0.149432633606838,0.0474092606240425,0.243176487836764,0.350210908736117,0.367247141802216,0.135955523516565,0.0530446278981154,230.878528261827,219.35430041048,404,v7.4.6,gap_tied_weak_links_phase3_seed,/Users/asewaket/Documents/LTSpice Superconducting Circuit/matlab_v7_4_6_files/outputs/v7_4_6_as006_gap_weaklink_v800_phase3_seed_404/AS006_v7_4_6_gap_weaklink_scores.csv
AS006,contact_relaxed_a4_1_g0_1_p0_1,"contact-relaxed SNS links, alpha=4.1, tau=0.1, p=0.1",contact_relaxation,contact_relaxed,conductance,4.1,0.999999999999997,0.1,0.1,0.909803921568628,0.1,0.100217864923747,4.88951468481263e-08,5.42317736405087e-07,0.0443989196717039,144.683302343692,0.217979010923785,0.294654639673748,0.323228026217269,0.144998326004647,0.0483434615591491,0.209313201825354,0.265514907338276,0.294802644486776,0.165775493792059,0.0579271066965605,269.990327788747,255.665209328598,404,v7.4.6,gap_tied_weak_links_phase3_seed,/Users/asewaket/Documents/LTSpice Superconducting Circuit/matlab_v7_4_6_files/outputs/v7_4_6_as006_gap_weaklink_v800_phase3_seed_404/AS006_v7_4_6_gap_weaklink_scores.csv
AS006,combined_a4_1_g0_7_p0_2,"combined weak-link classes, alpha=4.1, tau=0.7, p=0.2",combined,boundary_constriction,conductance,4.1,0.999999999999997,0.7,0.2,0.939999999999999,0.7,0.2,7.37930970650138e-07,4.65231846087152e-07,0.134261881192904,174.270967055721,0.218177406111869,0.299263126466838,0.318686706282428,0.149034152961811,0.0476294768959931,0.230635662147079,0.325581314854006,0.344210902711398,0.138624915882529,0.051946771283284,241.324136966138,230.63031049114,404,v7.4.6,gap_tied_weak_links_phase3_seed,/Users/asewaket/Documents/LTSpice Superconducting Circuit/matlab_v7_4_6_files/outputs/v7_4_6_as006_gap_weaklink_v800_phase3_seed_404/AS006_v7_4_6_gap_weaklink_scores.csv
AS006,boundary_sns_a3_7_g0_05_p0_05,"SNS-like boundary constriction, alpha=3.7, tau=0.05, p=0.05",boundary_lane,boundary_constriction,conductance,3.7,0,0.05,0.05,0.939978213507626,0.05,0.0631808278867102,5.89592666505871e-08,4.27527599770577e-07,0.145175220954239,160.835721140767,0.21832634827233,0.298635631638214,0.317939561684511,0.152099406729624,0.0464776183635096,0.265379644301178,0.387434623121996,0.403483380297709,0.144481247785452,0.052766123131088,216.128258132004,203.054825433661,404,v7.4.6,gap_tied_weak_links_phase3_seed,/Users/asewaket/Documents/LTSpice Superconducting Circuit/matlab_v7_4_6_files/outputs/v7_4_6_as006_gap_weaklink_v800_phase3_seed_404/AS006_v7_4_6_gap_weaklink_scores.csv
AS006,boundary_sns_a4_1_g0_05_p0_05,"SNS-like boundary constriction, alpha=4.1, tau=0.05, p=0.05",boundary_lane,boundary_constriction,conductance,4.1,0.999999999999997,0.05,0.05,0.939978213507626,0.05,0.0631808278867102,6.53332414236235e-08,4.73746799745775e-07,0.160869839435778,160.835721140767,0.218383776473912,0.299342754375768,0.317343646678513,0.152537734364991,0.0465525783501562,0.265790255389818,0.389182575649958,0.403610370534514,0.144514178723462,0.0528078294594057,215.604552213949,202.971629765821,404,v7.4.6,gap_tied_weak_links_phase3_seed,/Users/asewaket/Documents/LTSpice Superconducting Circuit/matlab_v7_4_6_files/outputs/v7_4_6_as006_gap_weaklink_v800_phase3_seed_404/AS006_v7_4_6_gap_weaklink_scores.csv
AS006,contact_relaxed_a4_1_g0_05_p0_1,"contact-relaxed SNS links, alpha=4.1, tau=0.05, p=0.1",contact_relaxation,contact_relaxed,conductance,4.1,0.999999999999997,0.05,0.1,0.904793028322441,0.05,0.100217864923747,2.56412426238045e-08,5.68796764290245e-07,0.0443989196717039,137.947903273594,0.218438127946672,0.295700516361967,0.323931294000058,0.145056705877564,0.0482894765243362,0.20678712292428,0.254397543143719,0.283147585300022,0.177764765888204,0.0618238398423877,278.197554262959,261.509996572029,404,v7.4.6,gap_tied_weak_links_phase3_seed,/Users/asewaket/Documents/LTSpice Superconducting Circuit/matlab_v7_4_6_files/outputs/v7_4_6_as006_gap_weaklink_v800_phase3_seed_404/AS006_v7_4_6_gap_weaklink_scores.csv
AS006,boundary_sns_a3_3_g0_05_p0_05,"SNS-like boundary constriction, alpha=3.3, tau=0.05, p=0.05",boundary_lane,boundary_constriction,conductance,3.3,1,0.05,0.05,0.939978213507626,0.05,0.0631808278867102,5.25852918775506e-08,3.8130839979538e-07,0.129480602472699,160.835721140767,0.218534559953471,0.298281406079263,0.319214673549306,0.151203207393009,0.046761705735546,0.264841648963603,0.385295403071573,0.403242357931515,0.144432677089014,0.0526978690050248,216.131234974867,204.271934944533,404,v7.4.6,gap_tied_weak_links_phase3_seed,/Users/asewaket/Documents/LTSpice Superconducting Circuit/matlab_v7_4_6_files/outputs/v7_4_6_as006_gap_weaklink_v800_phase3_seed_404/AS006_v7_4_6_gap_weaklink_scores.csv
AS006,contact_relaxed_a3_7_g0_1_p0_1,"contact-relaxed SNS links, alpha=3.7, tau=0.1, p=0.1",contact_relaxation,contact_relaxed,conductance,3.7,0,0.1,0.1,0.909803921568628,0.1,0.100217864923747,4.41248886190408e-08,4.89408688950932e-07,0.0400673177525133,144.683302343692,0.218581688313631,0.294154128251865,0.326742524022433,0.143006298289197,0.0481970234155373,0.208265465654476,0.261152220746388,0.294135139225111,0.165966670804898,0.0579802753759233,272.328045025705,257.711036168688,404,v7.4.6,gap_tied_weak_links_phase3_seed,/Users/asewaket/Documents/LTSpice Superconducting Circuit/matlab_v7_4_6_files/outputs/v7_4_6_as006_gap_weaklink_v800_phase3_seed_404/AS006_v7_4_6_gap_weaklink_scores.csv
AS006,contact_relaxed_a4_1_g0_2_p0_1,"contact-relaxed SNS links, alpha=4.1, tau=0.2, p=0.1",contact_relaxation,contact_relaxed,conductance,4.1,0.999999999999997,0.2,0.1,0.919825708061001,0.2,0.100217864923747,9.23059711846312e-08,5.11903211018177e-07,0.0443989196717039,153.279603123759,0.218583938396691,0.297114799808645,0.32337035115547,0.145266389041241,0.0483237913511871,0.217637754521225,0.291217946412346,0.317708625890308,0.148987872011575,0.0547458908712699,256.997893527235,244.841832588536,404,v7.4.6,gap_tied_weak_links_phase3_seed,/Users/asewaket/Documents/LTSpice Superconducting Circuit/matlab_v7_4_6_files/outputs/v7_4_6_as006_gap_weaklink_v800_phase3_seed_404/AS006_v7_4_6_gap_weaklink_scores.csv
AS006,combined_a4_1_g0_7_p0_3,"combined weak-link classes, alpha=4.1, tau=0.7, p=0.3",combined,boundary_constriction,conductance,4.1,0.999999999999997,0.7,0.3,0.909934640522874,0.7,0.300217864923747,6.42873255077723e-07,4.73899434760775e-07,0.11259123256185,167.299286598914,0.218593267857992,0.300630892625603,0.319920045873262,0.147647941947722,0.0479154389514953,0.229790459647993,0.324720168342477,0.343377108498598,0.138326089258808,0.0504145784514285,241.472736668565,232.428843963953,404,v7.4.6,gap_tied_weak_links_phase3_seed,/Users/asewaket/Documents/LTSpice Superconducting Circuit/matlab_v7_4_6_files/outputs/v7_4_6_as006_gap_weaklink_v800_phase3_seed_404/AS006_v7_4_6_gap_weaklink_scores.csv
AS006,boundary_sns_a3_7_g0_1_p0_05,"SNS-like boundary constriction, alpha=3.7, tau=0.1, p=0.05",boundary_lane,boundary_constriction,conductance,3.7,0,0.1,0.05,0.943137254901961,0.1,0.0631808278867102,1.16099166902469e-07,4.20931271544929e-07,0.145175220954239,163.356144969482,0.218735124602728,0.299876545979979,0.319043600266379,0.151228027040456,0.0464377427669288,0.262501296505105,0.382103836493511,0.398390303898304,0.142833824096313,0.0546773340895882,219.350342130841,205.115727383947,404,v7.4.6,gap_tied_weak_links_phase3_seed,/Users/asewaket/Documents/LTSpice Superconducting Circuit/matlab_v7_4_6_files/outputs/v7_4_6_as006_gap_weaklink_v800_phase3_seed_404/AS006_v7_4_6_gap_weaklink_scores.csv
AS006,boundary_sns_a4_1_g0_7_p0_2,"SNS-like boundary constriction, alpha=4.1, tau=0.7, p=0.2",boundary_lane,boundary_constriction,conductance,4.1,0.999999999999997,0.7,0.2,0.933594771241829,0.7,0.221350762527233,7.64447514631683e-07,4.65454202623906e-07,0.137710989702308,174.270967055721,0.218737812066319,0.300592843520835,0.318922638666253,0.150024402163979,0.0474510964398447,0.242941016500213,0.35021115764202,0.366752620070737,0.136414978888348,0.0521581161248202,231.284745780176,220.467867212,404,v7.4.6,gap_tied_weak_links_phase3_seed,/Users/asewaket/Documents/LTSpice Superconducting Circuit/matlab_v7_4_6_files/outputs/v7_4_6_as006_gap_weaklink_v800_phase3_seed_404/AS006_v7_4_6_gap_weaklink_scores.csv
AS006,boundary_sns_a3_3_g0_1_p0_05,"SNS-like boundary constriction, alpha=3.3, tau=0.1, p=0.05",boundary_lane,boundary_constriction,conductance,3.3,1,0.1,0.05,0.943137254901961,0.1,0.0631808278867102,1.03547905615716e-07,3.75425188134666e-07,0.129480602472699,163.356144969482,0.218803714873982,0.299215357013981,0.320025914837163,0.150540456281647,0.0465822960388331,0.261998413568314,0.380006234750102,0.398170394893618,0.142802050329089,0.0546850791162729,219.530068394377,205.908076455555,404,v7.4.6,gap_tied_weak_links_phase3_seed,/Users/asewaket/Documents/LTSpice Superconducting Circuit/matlab_v7_4_6_files/outputs/v7_4_6_as006_gap_weaklink_v800_phase3_seed_404/AS006_v7_4_6_gap_weaklink_scores.csv
AS006,boundary_sns_a4_1_g0_1_p0_05,"SNS-like boundary constriction, alpha=4.1, tau=0.1, p=0.05",boundary_lane,boundary_constriction,conductance,4.1,0.999999999999997,0.1,0.05,0.943137254901961,0.1,0.0631808278867102,1.28650428189223e-07,4.66437354955191e-07,0.160869839435778,163.356144969482,0.218804189160771,0.300557719214307,0.318451545160336,0.151642292071794,0.0466201574692186,0.262875256138121,0.383784833519595,0.398497458988461,0.142849212729238,0.0546593780296531,218.691034167428,205.17835493203,404,v7.4.6,gap_tied_weak_links_phase3_seed,/Users/asewaket/Documents/LTSpice Superconducting Circuit/matlab_v7_4_6_files/outputs/v7_4_6_as006_gap_weaklink_v800_phase3_seed_404/AS006_v7_4_6_gap_weaklink_scores.csv
AS006,contact_relaxed_a3_7_g0_05_p0_1,"contact-relaxed SNS links, alpha=3.7, tau=0.05, p=0.1",contact_relaxation,contact_relaxed,conductance,3.7,0,0.05,0.1,0.904793028322441,0.05,0.100217864923747,2.31396579775797e-08,5.13304397042416e-07,0.0400673177525133,137.947903273594,0.218903844173853,0.294529431208251,0.327087756407586,0.143369737028412,0.0483740446622259,0.205818056127322,0.250092906992435,0.282580901468776,0.178008598533786,0.061970047906585,280.237970679076,263.499066106431,404,v7.4.6,gap_tied_weak_links_phase3_seed,/Users/asewaket/Documents/LTSpice Superconducting Circuit/matlab_v7_4_6_files/outputs/v7_4_6_as006_gap_weaklink_v800_phase3_seed_404/AS006_v7_4_6_gap_weaklink_scores.csv
AS006,combined_a4_1_g0_7_p0_1,"combined weak-link classes, alpha=4.1, tau=0.7, p=0.1",combined,boundary_constriction,conductance,4.1,0.999999999999997,0.7,0.1,0.969934640522875,0.7,0.100217864923747,7.50212590456224e-07,4.54442731790297e-07,0.135732772722257,179.725418353853,0.218916619773917,0.301106633987507,0.320021025367676,0.148881693205195,0.0473375539821509,0.229403920209327,0.32438929363935,0.342585892955449,0.13917849089913,0.0491318811113381,241.664684015545,232.920156324325,404,v7.4.6,gap_tied_weak_links_phase3_seed,/Users/asewaket/Documents/LTSpice Superconducting Circuit/matlab_v7_4_6_files/outputs/v7_4_6_as006_gap_weaklink_v800_phase3_seed_404/AS006_v7_4_6_gap_weaklink_scores.csv
AS006,contact_relaxed_a3_7_g0_2_p0_1,"contact-relaxed SNS links, alpha=3.7, tau=0.2, p=0.1",contact_relaxation,contact_relaxed,conductance,3.7,0,0.2,0.1,0.919825708061001,0.2,0.100217864923747,8.33005105812525e-08,4.61961434333477e-07,0.0400673177525133,153.279603123759,0.219322691045976,0.297156096014266,0.327159427150621,0.143115560066608,0.0480339116187691,0.216637297796654,0.28700040978053,0.317280425143378,0.148976849666667,0.0547242731184964,259.331661599928,246.717371446003,404,v7.4.6,gap_tied_weak_links_phase3_seed,/Users/asewaket/Documents/LTSpice Superconducting Circuit/matlab_v7_4_6_files/outputs/v7_4_6_as006_gap_weaklink_v800_phase3_seed_404/AS006_v7_4_6_gap_weaklink_scores.csv
AS006,boundary_sns_a3_7_g0_7_p0_3,"SNS-like boundary constriction, alpha=3.7, tau=0.7, p=0.3",boundary_lane,boundary_constriction,conductance,3.7,0,0.7,0.3,0.905228758169932,0.7,0.315904139433551,6.28769033026638e-07,4.25289345903901e-07,0.106983292677471,167.299286598914,0.219348930580106,0.302360805198249,0.322208761567577,0.146663518941912,0.0471891162816311,0.242784602490254,0.348506235923295,0.367105540670216,0.135959204714473,0.0530330744620057,233.337139483276,221.290067446029,404,v7.4.6,gap_tied_weak_links_phase3_seed,/Users/asewaket/Documents/LTSpice Superconducting Circuit/matlab_v7_4_6_files/outputs/v7_4_6_as006_gap_weaklink_v800_phase3_seed_404/AS006_v7_4_6_gap_weaklink_scores.csv
AS006,combined_a3_7_g0_7_p0_2,"combined weak-link classes, alpha=3.7, tau=0.7, p=0.2",combined,boundary_constriction,conductance,3.7,0,0.7,0.2,0.939999999999999,0.7,0.2,6.65937705220857e-07,4.19843373298161e-07,0.121163161076524,174.270967055721,0.219426483463408,0.301704326957065,0.322633437062609,0.146743095299396,0.0473907063761658,0.230185523111191,0.323636327753022,0.34402982309836,0.138642845895492,0.0519355400114369,243.497013512939,232.320426030876,404,v7.4.6,gap_tied_weak_links_phase3_seed,/Users/asewaket/Documents/LTSpice Superconducting Circuit/matlab_v7_4_6_files/outputs/v7_4_6_as006_gap_weaklink_v800_phase3_seed_404/AS006_v7_4_6_gap_weaklink_scores.csv
AS006,contact_relaxed_a3_3_g0_1_p0_1,"contact-relaxed SNS links, alpha=3.3, tau=0.1, p=0.1",contact_relaxation,contact_relaxed,conductance,3.3,1,0.1,0.1,0.909803921568628,0.1,0.100217864923747,3.93546303899553e-08,4.36499641496777e-07,0.0357357158333227,144.683302343692,0.219616455775407,0.293733231181456,0.331911739523097,0.140478740961572,0.0479050773281938,0.20684827754501,0.255157423504647,0.293276863170616,0.166229121355685,0.058063051977216,275.807773653352,260.603589838957,404,v7.4.6,gap_tied_weak_links_phase3_seed,/Users/asewaket/Documents/LTSpice Superconducting Circuit/matlab_v7_4_6_files/outputs/v7_4_6_as006_gap_weaklink_v800_phase3_seed_404/AS006_v7_4_6_gap_weaklink_scores.csv
AS006,boundary_sns_a4_1_g0_2_p0_05,"SNS-like boundary constriction, alpha=4.1, tau=0.2, p=0.05",boundary_lane,boundary_constriction,conductance,4.1,0.999999999999997,0.2,0.05,0.949455337690632,0.2,0.0631808278867102,2.50875458145091e-07,4.54789334040362e-07,0.160869839435778,167.540006926547,0.219635707930369,0.302757316041492,0.320555822946931,0.15009171028465,0.0468338955974144,0.257339582918555,0.374962901897263,0.390162159855656,0.140189944274108,0.0537138026054807,222.698464538824,210.056518399493,404,v7.4.6,gap_tied_weak_links_phase3_seed,/Users/asewaket/Documents/LTSpice Superconducting Circuit/matlab_v7_4_6_files/outputs/v7_4_6_as006_gap_weaklink_v800_phase3_seed_404/AS006_v7_4_6_gap_weaklink_scores.csv
AS006,boundary_sns_a3_7_g0_2_p0_05,"SNS-like boundary constriction, alpha=3.7, tau=0.2, p=0.05",boundary_lane,boundary_constriction,conductance,3.7,0,0.2,0.05,0.949455337690632,0.2,0.0631808278867102,2.26399803691911e-07,4.10419642914473e-07,0.145175220954239,167.540006926547,0.21966505346136,0.302349631321168,0.321397040535491,0.149552405920002,0.0465903076485198,0.256971146998598,0.373309236613845,0.39004971414837,0.140182928892223,0.0537308375042168,223.465445122802,210.111030276789,404,v7.4.6,gap_tied_weak_links_phase3_seed,/Users/asewaket/Documents/LTSpice Superconducting Circuit/matlab_v7_4_6_files/outputs/v7_4_6_as006_gap_weaklink_v800_phase3_seed_404/AS006_v7_4_6_gap_weaklink_scores.csv
AS006,boundary_sns_a3_3_g0_2_p0_05,"SNS-like boundary constriction, alpha=3.3, tau=0.2, p=0.05",boundary_lane,boundary_constriction,conductance,3.3,1,0.2,0.05,0.949455337690632,0.2,0.0631808278867102,2.01924149238732e-07,3.66049951788584e-07,0.129480602472699,167.540006926547,0.21973593929738,0.301665880857749,0.322377373997323,0.148917203281471,0.0467069070319949,0.256464059251946,0.371200847744857,0.389820126040688,0.140161665974187,0.0537321454759329,223.762284305098,210.813327144075,404,v7.4.6,gap_tied_weak_links_phase3_seed,/Users/asewaket/Documents/LTSpice Superconducting Circuit/matlab_v7_4_6_files/outputs/v7_4_6_as006_gap_weaklink_v800_phase3_seed_404/AS006_v7_4_6_gap_weaklink_scores.csv
AS006,contact_relaxed_a3_3_g0_05_p0_1,"contact-relaxed SNS links, alpha=3.3, tau=0.05, p=0.1",contact_relaxation,contact_relaxed,conductance,3.3,1,0.05,0.1,0.904793028322441,0.05,0.100217864923747,2.06380733313549e-08,4.57812029794587e-07,0.0357357158333227,137.947903273594,0.21974945263273,0.293184077189614,0.331849071513435,0.141164044850201,0.0483722547627722,0.204503962366717,0.244158868515683,0.281908788917266,0.178302270426978,0.0621427246789634,283.332894031693,266.345446999493,404,v7.4.6,gap_tied_weak_links_phase3_seed,/Users/asewaket/Documents/LTSpice Superconducting Circuit/matlab_v7_4_6_files/outputs/v7_4_6_as006_gap_weaklink_v800_phase3_seed_404/AS006_v7_4_6_gap_weaklink_scores.csv
AS006,combined_a3_3_g0_7_p0_2,"combined weak-link classes, alpha=3.3, tau=0.7, p=0.2",combined,boundary_constriction,conductance,3.3,1,0.7,0.2,0.939999999999999,0.7,0.2,5.93944439791575e-07,3.74454900509171e-07,0.108064440960143,174.270967055721,0.219802512358211,0.301530949551564,0.324818852789675,0.145480777972566,0.0471976473918525,0.229492903107882,0.32078859846687,0.343684573034008,0.138661456413668,0.0519010937459411,244.848261863969,233.336313451722,404,v7.4.6,gap_tied_weak_links_phase3_seed,/Users/asewaket/Documents/LTSpice Superconducting Circuit/matlab_v7_4_6_files/outputs/v7_4_6_as006_gap_weaklink_v800_phase3_seed_404/AS006_v7_4_6_gap_weaklink_scores.csv
AS006,combined_a3_7_g0_7_p0_3,"combined weak-link classes, alpha=3.7, tau=0.7, p=0.3",combined,boundary_constriction,conductance,3.7,0,0.7,0.3,0.909934640522874,0.7,0.300217864923747,5.80153913118921e-07,4.27665343564601e-07,0.101606722068011,167.299286598914,0.21998115029301,0.303298382776994,0.324194685785881,0.145306009667941,0.0476341564778389,0.229326518155417,0.322693962934797,0.343197805688788,0.138340552231473,0.0504167775975689,243.811943493897,234.257085988431,404,v7.4.6,gap_tied_weak_links_phase3_seed,/Users/asewaket/Documents/LTSpice Superconducting Circuit/matlab_v7_4_6_files/outputs/v7_4_6_as006_gap_weaklink_v800_phase3_seed_404/AS006_v7_4_6_gap_weaklink_scores.csv
AS006,combined_a3_7_g0_7_p0_1,"combined weak-link classes, alpha=3.7, tau=0.7, p=0.1",combined,boundary_constriction,conductance,3.7,0,0.7,0.1,0.969934640522875,0.7,0.100217864923747,6.77021118216592e-07,4.10106855518073e-07,0.122490550993256,179.725418353853,0.220066118073322,0.303410288122347,0.323669046057046,0.146779059733759,0.0470256469772349,0.229001619069255,0.322639847504014,0.342418278468284,0.139207534044755,0.0491268429668204,243.83032464698,234.35748228458,404,v7.4.6,gap_tied_weak_links_phase3_seed,/Users/asewaket/Documents/LTSpice Superconducting Circuit/matlab_v7_4_6_files/outputs/v7_4_6_as006_gap_weaklink_v800_phase3_seed_404/AS006_v7_4_6_gap_weaklink_scores.csv
AS006,crack_tunnel_a4_1_g0_7_p0_2,"tunnel/crack-like links, alpha=4.1, tau=0.7, p=0.2",tear_lane,crack_tunnel,conductance,4.1,0.999999999999997,0.7,0.2,0.93986928104575,0.7,0.200435729847495,5.9717262090476e-07,4.51415133174448e-07,0.107341855367667,174.270967055721,0.220099700067024,0.304351902830079,0.32353388083872,0.145602436357907,0.0479592605898991,0.222007698599621,0.308887217534629,0.327978808811298,0.143413906692417,0.0479209766781842,249.139537275539,242.606014523052,404,v7.4.6,gap_tied_weak_links_phase3_seed,/Users/asewaket/Documents/LTSpice Superconducting Circuit/matlab_v7_4_6_files/outputs/v7_4_6_as006_gap_weaklink_v800_phase3_seed_404/AS006_v7_4_6_gap_weaklink_scores.csv
AS006,boundary_sns_a3_3_g0_7_p0_3,"SNS-like boundary constriction, alpha=3.3, tau=0.7, p=0.3",boundary_lane,boundary_constriction,conductance,3.3,1,0.7,0.3,0.905228758169932,0.7,0.315904139433551,5.60794002429163e-07,3.79312119319696e-07,0.0954175313069339,167.299286598914,0.220200052274208,0.303599019129965,0.325176103853065,0.145048009657609,0.047033048426202,0.242218686086272,0.346225042130265,0.366813981426141,0.1359541628961,0.0530012171852253,234.949480334486,222.574983150274,404,v7.4.6,gap_tied_weak_links_phase3_seed,/Users/asewaket/Documents/LTSpice Superconducting Circuit/matlab_v7_4_6_files/outputs/v7_4_6_as006_gap_weaklink_v800_phase3_seed_404/AS006_v7_4_6_gap_weaklink_scores.csv
AS006,boundary_sns_a3_7_g0_7_p0_2,"SNS-like boundary constriction, alpha=3.7, tau=0.7, p=0.2",boundary_lane,boundary_constriction,conductance,3.7,0,0.7,0.2,0.933594771241829,0.7,0.221350762527233,6.89867269301763e-07,4.20044036514257e-07,0.124275771194766,174.270967055721,0.220240870327221,0.303832621908866,0.32331532191325,0.147474675987336,0.0472265713948822,0.242553936515569,0.348504092211479,0.366619867530444,0.13642495865053,0.0521496238749251,233.562976452127,222.254534388286,404,v7.4.6,gap_tied_weak_links_phase3_seed,/Users/asewaket/Documents/LTSpice Superconducting Circuit/matlab_v7_4_6_files/outputs/v7_4_6_as006_gap_weaklink_v800_phase3_seed_404/AS006_v7_4_6_gap_weaklink_scores.csv
AS006,combined_a3_3_g0_7_p0_1,"combined weak-link classes, alpha=3.3, tau=0.7, p=0.1",combined,boundary_constriction,conductance,3.3,1,0.7,0.1,0.969934640522875,0.7,0.100217864923747,6.03829645976961e-07,3.65770979245849e-07,0.109248329264255,179.725418353853,0.220334542832609,0.303029488997086,0.325540298176975,0.145701645260232,0.0468206467809642,0.228351225136813,0.319938695624555,0.342099859264933,0.139244434604856,0.0490871330898069,245.107413564666,235.146071041125,404,v7.4.6,gap_tied_weak_links_phase3_seed,/Users/asewaket/Documents/LTSpice Superconducting Circuit/matlab_v7_4_6_files/outputs/v7_4_6_as006_gap_weaklink_v800_phase3_seed_404/AS006_v7_4_6_gap_weaklink_scores.csv
AS006,combined_a3_3_g0_7_p0_3,"combined weak-link classes, alpha=3.3, tau=0.7, p=0.3",combined,boundary_constriction,conductance,3.3,1,0.7,0.3,0.909934640522874,0.7,0.300217864923747,5.17434571160118e-07,3.81431252368428e-07,0.0906222115741721,167.299286598914,0.220401855319372,0.303153973205134,0.326524993504129,0.144046797778533,0.0473780675363336,0.228620018351467,0.319761093468365,0.342862300011349,0.138353575589726,0.0503880037819497,245.276381856612,235.291685185894,404,v7.4.6,gap_tied_weak_links_phase3_seed,/Users/asewaket/Documents/LTSpice Superconducting Circuit/matlab_v7_4_6_files/outputs/v7_4_6_as006_gap_weaklink_v800_phase3_seed_404/AS006_v7_4_6_gap_weaklink_scores.csv
AS006,crack_tunnel_a3_3_g0_7_p0_2,"tunnel/crack-like links, alpha=3.3, tau=0.7, p=0.2",tear_lane,crack_tunnel,conductance,3.3,1,0.7,0.2,0.93986928104575,0.7,0.200435729847495,4.80651133898953e-07,3.63334131579434e-07,0.0863971031008055,174.270967055721,0.220447792858294,0.303878767412667,0.326715920907741,0.143768482961956,0.0468967315878099,0.220933772996316,0.304499217846569,0.327346495192274,0.14356245527119,0.0478602114595427,251.988146938164,243.500513723865,404,v7.4.6,gap_tied_weak_links_phase3_seed,/Users/asewaket/Documents/LTSpice Superconducting Circuit/matlab_v7_4_6_files/outputs/v7_4_6_as006_gap_weaklink_v800_phase3_seed_404/AS006_v7_4_6_gap_weaklink_scores.csv
AS006,crack_tunnel_a4_1_g0_7_p0_3,"tunnel/crack-like links, alpha=4.1, tau=0.7, p=0.3",tear_lane,crack_tunnel,conductance,4.1,0.999999999999997,0.7,0.3,0.909934640522874,0.7,0.300217864923747,5.72414647362054e-07,4.54754035800507e-07,0.0967864414626934,167.299286598914,0.220453586371276,0.305830449972548,0.324729201212968,0.14398920344585,0.048174875453826,0.220158860341857,0.305317394155607,0.324219359769675,0.144210178765697,0.0478303044996268,251.352951759834,245.195608105873,404,v7.4.6,gap_tied_weak_links_phase3_seed,/Users/asewaket/Documents/LTSpice Superconducting Circuit/matlab_v7_4_6_files/outputs/v7_4_6_as006_gap_weaklink_v800_phase3_seed_404/AS006_v7_4_6_gap_weaklink_scores.csv
AS006,boundary_sns_a4_1_g0_7_p0_1,"SNS-like boundary constriction, alpha=4.1, tau=0.7, p=0.1",boundary_lane,boundary_constriction,conductance,4.1,0.999999999999997,0.7,0.1,0.962091503267973,0.7,0.12636165577342,8.17860647373983e-07,4.55171816974886e-07,0.154670285753269,179.725418353853,0.220462995521953,0.305061238099719,0.323072923721328,0.14769845674624,0.047253052064922,0.240910698451428,0.346573689358489,0.36332931699939,0.136411969025868,0.0516385368673844,234.720315386757,223.818313995299,404,v7.4.6,gap_tied_weak_links_phase3_seed,/Users/asewaket/Documents/LTSpice Superconducting Circuit/matlab_v7_4_6_files/outputs/v7_4_6_as006_gap_weaklink_v800_phase3_seed_404/AS006_v7_4_6_gap_weaklink_scores.csv
AS006,crack_tunnel_a4_1_g0_7_p0_1,"tunnel/crack-like links, alpha=4.1, tau=0.7, p=0.1",tear_lane,crack_tunnel,conductance,4.1,0.999999999999997,0.7,0.1,0.969934640522875,0.7,0.100217864923747,6.92309339840631e-07,4.52825412842652e-07,0.129872936886629,179.725418353853,0.220563556064013,0.304749786344274,0.323536274350159,0.147076991167573,0.0480332749035481,0.228401662779203,0.32316977665038,0.341436474644947,0.13936679740245,0.0471162098639119,241.844004858978,237.018510486475,404,v7.4.6,gap_tied_weak_links_phase3_seed,/Users/asewaket/Documents/LTSpice Superconducting Circuit/matlab_v7_4_6_files/outputs/v7_4_6_as006_gap_weaklink_v800_phase3_seed_404/AS006_v7_4_6_gap_weaklink_scores.csv
AS006,contact_relaxed_a3_3_g0_2_p0_1,"contact-relaxed SNS links, alpha=3.3, tau=0.2, p=0.1",contact_relaxation,contact_relaxed,conductance,3.3,1,0.2,0.1,0.919825708061001,0.2,0.100217864923747,7.42950499778739e-08,4.12019657648777e-07,0.0357357158333227,153.279603123759,0.22062069209498,0.297670986661595,0.332691506779777,0.140380162070928,0.0477471343600346,0.215282669874705,0.28135154199591,0.316650451756139,0.148977542680784,0.0547015884533909,262.699119705775,249.539877937402,404,v7.4.6,gap_tied_weak_links_phase3_seed,/Users/asewaket/Documents/LTSpice Superconducting Circuit/matlab_v7_4_6_files/outputs/v7_4_6_as006_gap_weaklink_v800_phase3_seed_404/AS006_v7_4_6_gap_weaklink_scores.csv
AS006,combined_a4_1_g0_7_p0_05,"combined weak-link classes, alpha=4.1, tau=0.7, p=0.05",combined,boundary_constriction,conductance,4.1,0.999999999999997,0.7,0.05,0.984967320261438,0.7,0.0501089324618736,7.78101542370916e-07,4.45581325231579e-07,0.140725832991644,183.905788118584,0.220626841884857,0.305024710284885,0.323548550029582,0.1474234388325,0.0476202380470067,0.229546622216261,0.325349575180055,0.343258146437664,0.139189180412494,0.0476953041197194,241.839355783807,235.346616357708,404,v7.4.6,gap_tied_weak_links_phase3_seed,/Users/asewaket/Documents/LTSpice Superconducting Circuit/matlab_v7_4_6_files/outputs/v7_4_6_as006_gap_weaklink_v800_phase3_seed_404/AS006_v7_4_6_gap_weaklink_scores.csv
AS006,contact_relaxed_a4_1_g0_4_p0_1,"contact-relaxed SNS links, alpha=4.1, tau=0.4, p=0.1",contact_relaxation,contact_relaxed,conductance,4.1,0.999999999999997,0.4,0.1,0.939869281045751,0.4,0.100217864923747,1.71111734536837e-07,4.75703985651794e-07,0.0443989196717039,165.372908730435,0.220629270073146,0.304505344221376,0.325354361300381,0.14485881820388,0.0481973511138365,0.230277623877721,0.323810242254639,0.3441347164313,0.138211382455006,0.0525778953104322,244.399362982808,233.868958287386,404,v7.4.6,gap_tied_weak_links_phase3_seed,/Users/asewaket/Documents/LTSpice Superconducting Circuit/matlab_v7_4_6_files/outputs/v7_4_6_as006_gap_weaklink_v800_phase3_seed_404/AS006_v7_4_6_gap_weaklink_scores.csv
AS006,crack_tunnel_a3_3_g0_7_p0_3,"tunnel/crack-like links, alpha=3.3, tau=0.7, p=0.3",tear_lane,crack_tunnel,conductance,3.3,1,0.7,0.3,0.909934640522874,0.7,0.300217864923747,4.60723984462141e-07,3.66021541010164e-07,0.0779012821528996,167.299286598914,0.220813850546834,0.305357919952434,0.328011588360558,0.142075145367165,0.0470971214418012,0.219018706195005,0.300815050528939,0.323501984421051,0.144305399645334,0.0477682581525765,254.23630807673,246.272985049425,404,v7.4.6,gap_tied_weak_links_phase3_seed,/Users/asewaket/Documents/LTSpice Superconducting Circuit/matlab_v7_4_6_files/outputs/v7_4_6_as006_gap_weaklink_v800_phase3_seed_404/AS006_v7_4_6_gap_weaklink_scores.csv
AS006,boundary_sns_a4_1_g0_4_p0_05,"SNS-like boundary constriction, alpha=4.1, tau=0.4, p=0.05",boundary_lane,boundary_constriction,conductance,4.1,0.999999999999997,0.4,0.05,0.962091503267973,0.4,0.0631808278867102,4.81421144394109e-07,4.62404102304419e-07,0.160869839435778,174.614997636749,0.22090220437024,0.306084230445387,0.323781883177977,0.147830251707392,0.0470206812101127,0.249656156403907,0.36225357545367,0.378132009016498,0.137487088754804,0.0524373298434898,228.855549441601,217.15510840697,404,v7.4.6,gap_tied_weak_links_phase3_seed,/Users/asewaket/Documents/LTSpice Superconducting Circuit/matlab_v7_4_6_files/outputs/v7_4_6_as006_gap_weaklink_v800_phase3_seed_404/AS006_v7_4_6_gap_weaklink_scores.csv
AS006,crack_tunnel_a3_7_g0_7_p0_2,"tunnel/crack-like links, alpha=3.7, tau=0.7, p=0.2",tear_lane,crack_tunnel,conductance,3.7,0,0.7,0.2,0.93986928104575,0.7,0.200435729847495,5.38911877401857e-07,4.07374632376941e-07,0.0968694792342364,174.270967055721,0.22093246734872,0.30585815339625,0.326399686215303,0.144077890229431,0.047507369683783,0.221606112842515,0.307216889326859,0.327745457382941,0.143477348402576,0.0479124389623475,251.024062685937,243.742106976291,404,v7.4.6,gap_tied_weak_links_phase3_seed,/Users/asewaket/Documents/LTSpice Superconducting Circuit/matlab_v7_4_6_files/outputs/v7_4_6_as006_gap_weaklink_v800_phase3_seed_404/AS006_v7_4_6_gap_weaklink_scores.csv
AS006,boundary_sns_a3_3_g0_7_p0_2,"SNS-like boundary constriction, alpha=3.3, tau=0.7, p=0.2",boundary_lane,boundary_constriction,conductance,3.3,1,0.7,0.2,0.933594771241829,0.7,0.221350762527233,6.15287023971843e-07,3.74633870404607e-07,0.110840552687223,174.270967055721,0.220954084268103,0.304717639323373,0.325995046155114,0.146001302324103,0.0470598233405626,0.241985736003518,0.346165621658709,0.366345443450193,0.136429895784139,0.0521211625908709,235.043822049507,223.4193634144,404,v7.4.6,gap_tied_weak_links_phase3_seed,/Users/asewaket/Documents/LTSpice Superconducting Circuit/matlab_v7_4_6_files/outputs/v7_4_6_as006_gap_weaklink_v800_phase3_seed_404/AS006_v7_4_6_gap_weaklink_scores.csv
AS006,crack_tunnel_a3_3_g0_7_p0_1,"tunnel/crack-like links, alpha=3.3, tau=0.7, p=0.1",tear_lane,crack_tunnel,conductance,3.3,1,0.7,0.1,0.969934640522875,0.7,0.100217864923747,5.57224590603435e-07,3.64469234727013e-07,0.104531876030701,179.725418353853,0.221033548393112,0.30479240212298,0.326992644993945,0.145162619683479,0.046684936498829,0.22743672002757,0.319002428117692,0.340958452630591,0.13952183799868,0.0471015824182709,245.168040510655,237.451265479673,404,v7.4.6,gap_tied_weak_links_phase3_seed,/Users/asewaket/Documents/LTSpice Superconducting Circuit/matlab_v7_4_6_files/outputs/v7_4_6_as006_gap_weaklink_v800_phase3_seed_404/AS006_v7_4_6_gap_weaklink_scores.csv
AS006,contact_relaxed_a4_1_g0_7_p0_2,"contact-relaxed SNS links, alpha=4.1, tau=0.7, p=0.2",contact_relaxation,contact_relaxed,conductance,4.1,0.999999999999997,0.7,0.2,0.939999999999999,0.7,0.2,3.11353915294855e-07,4.52213597798947e-07,0.0509219863851758,174.270967055721,0.221051706628656,0.307043435518102,0.325505310175696,0.144931585237722,0.0474163232705559,0.22746404320847,0.319315180770235,0.337550159833147,0.140342882959695,0.0518636518644889,247.893775582924,236.726893052508,404,v7.4.6,gap_tied_weak_links_phase3_seed,/Users/asewaket/Documents/LTSpice Superconducting Circuit/matlab_v7_4_6_files/outputs/v7_4_6_as006_gap_weaklink_v800_phase3_seed_404/AS006_v7_4_6_gap_weaklink_scores.csv
AS006,boundary_sns_a3_7_g0_7_p0_1,"SNS-like boundary constriction, alpha=3.7, tau=0.7, p=0.1",boundary_lane,boundary_constriction,conductance,3.7,0,0.7,0.1,0.962091503267973,0.7,0.12636165577342,7.38069364703351e-07,4.10764810440751e-07,0.13958050177734,179.725418353853,0.221198683156119,0.306323691744318,0.325576039799047,0.146295264494716,0.0470425737695504,0.240540509675013,0.344921757675127,0.363220635803405,0.136411088806803,0.0516308170354741,236.150078105625,224.76667659777,404,v7.4.6,gap_tied_weak_links_phase3_seed,/Users/asewaket/Documents/LTSpice Superconducting Circuit/matlab_v7_4_6_files/outputs/v7_4_6_as006_gap_weaklink_v800_phase3_seed_404/AS006_v7_4_6_gap_weaklink_scores.csv
AS006,crack_tunnel_a3_7_g0_7_p0_1,"tunnel/crack-like links, alpha=3.7, tau=0.7, p=0.1",tear_lane,crack_tunnel,conductance,3.7,0,0.7,0.1,0.969934640522875,0.7,0.100217864923747,6.24766965222033e-07,4.08647323784832e-07,0.117202406458665,179.725418353853,0.221336108869051,0.306297977081371,0.3263984771982,0.145532647895204,0.0472694222980268,0.228034319826218,0.32151001268838,0.341274371843636,0.139434672535944,0.047138095046418,243.939351474005,237.804187431876,404,v7.4.6,gap_tied_weak_links_phase3_seed,/Users/asewaket/Documents/LTSpice Superconducting Circuit/matlab_v7_4_6_files/outputs/v7_4_6_as006_gap_weaklink_v800_phase3_seed_404/AS006_v7_4_6_gap_weaklink_scores.csv
AS006,boundary_sns_a3_7_g0_4_p0_05,"SNS-like boundary constriction, alpha=3.7, tau=0.4, p=0.05",boundary_lane,boundary_constriction,conductance,3.7,0,0.4,0.05,0.962091503267973,0.4,0.0631808278867102,4.34453227867854e-07,4.17291506957647e-07,0.145175220954239,174.614997636749,0.221351934794064,0.306690572015481,0.325611121900914,0.146784275645396,0.0467692940714931,0.249287372778325,0.360603013152765,0.378020040569236,0.137483581389419,0.0524443030059226,230.042014101869,217.689982869196,404,v7.4.6,gap_tied_weak_links_phase3_seed,/Users/asewaket/Documents/LTSpice Superconducting Circuit/matlab_v7_4_6_files/outputs/v7_4_6_as006_gap_weaklink_v800_phase3_seed_404/AS006_v7_4_6_gap_weaklink_scores.csv
AS006,crack_tunnel_a3_7_g0_7_p0_3,"tunnel/crack-like links, alpha=3.7, tau=0.7, p=0.3",tear_lane,crack_tunnel,conductance,3.7,0,0.7,0.3,0.909934640522874,0.7,0.300217864923747,5.16569315912098e-07,4.10387788405335e-07,0.0873438618077965,167.299286598914,0.221367765836638,0.307501861699629,0.32777421978997,0.142403761639158,0.0477273808021675,0.219730301511784,0.303627085353664,0.323937820806882,0.144248695644725,0.0478223662373046,253.334637661471,246.48086386611,404,v7.4.6,gap_tied_weak_links_phase3_seed,/Users/asewaket/Documents/LTSpice Superconducting Circuit/matlab_v7_4_6_files/outputs/v7_4_6_as006_gap_weaklink_v800_phase3_seed_404/AS006_v7_4_6_gap_weaklink_scores.csv
AS006,crack_tunnel_a4_1_g0_7_p0_05,"tunnel/crack-like links, alpha=4.1, tau=0.7, p=0.05",tear_lane,crack_tunnel,conductance,4.1,0.999999999999997,0.7,0.05,0.984836601307189,0.7,0.0505446623093682,7.34332032366684e-07,4.45581325231579e-07,0.138284089991712,183.905788118584,0.221732503510573,0.307832395906208,0.326062383350241,0.146239645821218,0.047421393507213,0.23106868963506,0.328952631128624,0.346591547679676,0.13829326461473,0.0469890278388278,240.906763951201,235.491109092045,404,v7.4.6,gap_tied_weak_links_phase3_seed,/Users/asewaket/Documents/LTSpice Superconducting Circuit/matlab_v7_4_6_files/outputs/v7_4_6_as006_gap_weaklink_v800_phase3_seed_404/AS006_v7_4_6_gap_weaklink_scores.csv
AS006,boundary_sns_a3_3_g0_4_p0_05,"SNS-like boundary constriction, alpha=3.3, tau=0.4, p=0.05",boundary_lane,boundary_constriction,conductance,3.3,1,0.4,0.05,0.962091503267973,0.4,0.0631808278867102,3.874853113416e-07,3.72178911610874e-07,0.129480602472699,174.614997636749,0.221735377383582,0.306700200902708,0.327333885142278,0.145818058589393,0.0468698137794733,0.24876213712653,0.358426584776854,0.377783487685554,0.137467500234881,0.0524286221124751,230.741508970856,218.694912222405,404,v7.4.6,gap_tied_weak_links_phase3_seed,/Users/asewaket/Documents/LTSpice Superconducting Circuit/matlab_v7_4_6_files/outputs/v7_4_6_as006_gap_weaklink_v800_phase3_seed_404/AS006_v7_4_6_gap_weaklink_scores.csv
AS006,boundary_sns_a3_3_g0_7_p0_1,"SNS-like boundary constriction, alpha=3.3, tau=0.7, p=0.1",boundary_lane,boundary_constriction,conductance,3.3,1,0.7,0.1,0.962091503267973,0.7,0.12636165577342,6.58278082032718e-07,3.66357803906615e-07,0.124490717801411,179.725418353853,0.221763459795119,0.306715479935485,0.327805868652803,0.145077405354183,0.0470947922049791,0.239982637979107,0.342618351848172,0.362967805806809,0.136400526529403,0.0516005197236928,237.204075546752,225.950656928504,404,v7.4.6,gap_tied_weak_links_phase3_seed,/Users/asewaket/Documents/LTSpice Superconducting Circuit/matlab_v7_4_6_files/outputs/v7_4_6_as006_gap_weaklink_v800_phase3_seed_404/AS006_v7_4_6_gap_weaklink_scores.csv
AS006,contact_relaxed_a3_7_g0_4_p0_1,"contact-relaxed SNS links, alpha=3.7, tau=0.4, p=0.1",contact_relaxation,contact_relaxed,conductance,3.7,0,0.4,0.1,0.939869281045751,0.4,0.100217864923747,1.54417906777146e-07,4.29293840710156e-07,0.0400673177525133,165.372908730435,0.221764782762231,0.305998001022918,0.329772616164291,0.142578079528055,0.0475012350906584,0.229507705363394,0.32042382796584,0.343912027302305,0.138159207276896,0.0525696419759774,247.165585149262,235.50767877069,404,v7.4.6,gap_tied_weak_links_phase3_seed,/Users/asewaket/Documents/LTSpice Superconducting Circuit/matlab_v7_4_6_files/outputs/v7_4_6_as006_gap_weaklink_v800_phase3_seed_404/AS006_v7_4_6_gap_weaklink_scores.csv
AS006,contact_relaxed_a4_1_g0_1_p0_05,"contact-relaxed SNS links, alpha=4.1, tau=0.1, p=0.05",contact_relaxation,contact_relaxed,conductance,4.1,0.999999999999997,0.1,0.05,0.954509803921569,0.1,0.0505446623093682,4.01301305770911e-08,4.96316828105076e-07,0.0414806700502256,163.356144969482,0.221832422918817,0.30714051988788,0.328785892890966,0.142692656249552,0.0482804618350728,0.227998368727652,0.319363232657167,0.340723154616579,0.138463572049155,0.0512836253406342,247.103196780195,237.598745304501,404,v7.4.6,gap_tied_weak_links_phase3_seed,/Users/asewaket/Documents/LTSpice Superconducting Circuit/matlab_v7_4_6_files/outputs/v7_4_6_as006_gap_weaklink_v800_phase3_seed_404/AS006_v7_4_6_gap_weaklink_scores.csv
AS006,shuffled_tau_control,"same weak-link histogram, shuffled positions",shuffled,boundary_constriction,conductance,3.7,0,0.01,0.08,0.920627450980392,0.01,0.0801742919389978,4.59220126035427e-09,4.37129526069456e-07,0.0504420906847273,160.835721140767,0.221902499045027,0.30828356632315,0.327024764768531,0.14603402080786,0.0463930645472283,0.234251818344946,0.325371808446442,0.343574578197442,0.141371875248439,0.0679169273722159,234.533743893339,245.658001381353,404,v7.4.6,gap_tied_weak_links_phase3_seed,/Users/asewaket/Documents/LTSpice Superconducting Circuit/matlab_v7_4_6_files/outputs/v7_4_6_as006_gap_weaklink_v800_phase3_seed_404/AS006_v7_4_6_gap_weaklink_scores.csv
AS006,contact_relaxed_a4_1_g0_2_p0_05,"contact-relaxed SNS links, alpha=4.1, tau=0.2, p=0.05",contact_relaxation,contact_relaxed,conductance,4.1,0.999999999999997,0.2,0.05,0.959564270152505,0.2,0.0505446623093682,7.82559765688635e-08,4.83922647551709e-07,0.0414806700502256,167.540006926547,0.222059479447611,0.307587441354098,0.32901986245569,0.142880451531862,0.0483246321716729,0.233462558393291,0.330625520666169,0.351414017103304,0.136210612908606,0.0514494752337482,242.201765653836,232.719570638276,404,v7.4.6,gap_tied_weak_links_phase3_seed,/Users/asewaket/Documents/LTSpice Superconducting Circuit/matlab_v7_4_6_files/outputs/v7_4_6_as006_gap_weaklink_v800_phase3_seed_404/AS006_v7_4_6_gap_weaklink_scores.csv
AS006,combined_a3_7_g0_7_p0_05,"combined weak-link classes, alpha=3.7, tau=0.7, p=0.05",combined,boundary_constriction,conductance,3.7,0,0.7,0.05,0.984967320261438,0.7,0.0501089324618736,7.02189196773753e-07,4.02109976428499e-07,0.126996483431484,183.905788118584,0.222101922364831,0.308177764636484,0.327945334289886,0.145086989431197,0.0470687753913741,0.22918055608595,0.323716982777084,0.343120994206043,0.139225962095274,0.0476916051729978,244.55716832666,236.941552087715,404,v7.4.6,gap_tied_weak_links_phase3_seed,/Users/asewaket/Documents/LTSpice Superconducting Circuit/matlab_v7_4_6_files/outputs/v7_4_6_as006_gap_weaklink_v800_phase3_seed_404/AS006_v7_4_6_gap_weaklink_scores.csv
AS006,contact_relaxed_a4_1_g0_05_p0_05,"contact-relaxed SNS links, alpha=4.1, tau=0.05, p=0.05",contact_relaxation,contact_relaxed,conductance,4.1,0.999999999999997,0.05,0.05,0.9519825708061,0.05,0.0505446623093682,2.03795008400467e-08,5.04094508033863e-07,0.0414806700502256,160.835721140767,0.222151670906392,0.308117723438923,0.329189695254881,0.142637476686034,0.0482618185394551,0.224759040829722,0.312515000151895,0.333528818273876,0.141090032481918,0.0512422314150353,250.765325855405,241.181368823805,404,v7.4.6,gap_tied_weak_links_phase3_seed,/Users/asewaket/Documents/LTSpice Superconducting Circuit/matlab_v7_4_6_files/outputs/v7_4_6_as006_gap_weaklink_v800_phase3_seed_404/AS006_v7_4_6_gap_weaklink_scores.csv
AS006,contact_relaxed_a4_1_g0_7_p0_3,"contact-relaxed SNS links, alpha=4.1, tau=0.7, p=0.3",contact_relaxation,contact_relaxed,conductance,4.1,0.999999999999997,0.7,0.3,0.909934640522874,0.7,0.300217864923747,3.44824806727747e-07,4.50755895196681e-07,0.054437632606673,167.299286598914,0.222275026758818,0.310103812326131,0.328569174074956,0.142923710745669,0.0476206284046982,0.22078457934807,0.304229515810219,0.322823929453663,0.14609887568783,0.0521279097764349,256.588044822793,245.238737721237,404,v7.4.6,gap_tied_weak_links_phase3_seed,/Users/asewaket/Documents/LTSpice Superconducting Circuit/matlab_v7_4_6_files/outputs/v7_4_6_as006_gap_weaklink_v800_phase3_seed_404/AS006_v7_4_6_gap_weaklink_scores.csv
AS006,combined_a3_3_g0_7_p0_05,"combined weak-link classes, alpha=3.3, tau=0.7, p=0.05",combined,boundary_constriction,conductance,3.3,1,0.7,0.05,0.984967320261438,0.7,0.0501089324618736,6.26276851176591e-07,3.58638627625418e-07,0.113267133871323,183.905788118584,0.222465281452409,0.308158092660712,0.32997827711609,0.144030308503795,0.0466684440184307,0.228591546458143,0.321253884791141,0.342839608158472,0.139273248786001,0.0476429722397458,246.230809075014,237.482984293314,404,v7.4.6,gap_tied_weak_links_phase3_seed,/Users/asewaket/Documents/LTSpice Superconducting Circuit/matlab_v7_4_6_files/outputs/v7_4_6_as006_gap_weaklink_v800_phase3_seed_404/AS006_v7_4_6_gap_weaklink_scores.csv
AS006,contact_relaxed_a4_1_g0_4_p0_05,"contact-relaxed SNS links, alpha=4.1, tau=0.4, p=0.05",contact_relaxation,contact_relaxed,conductance,4.1,0.999999999999997,0.4,0.05,0.969673202614379,0.4,0.0505446623093682,1.50170455388556e-07,4.64315235346446e-07,0.0414806700502256,174.614997636749,0.222509255482525,0.309715226972251,0.329000323766668,0.143378931490998,0.0478568194849554,0.23909892983305,0.342684070571082,0.361084063828173,0.135583456996152,0.0514341456496733,238.002570429285,228.037914367059,404,v7.4.6,gap_tied_weak_links_phase3_seed,/Users/asewaket/Documents/LTSpice Superconducting Circuit/matlab_v7_4_6_files/outputs/v7_4_6_as006_gap_weaklink_v800_phase3_seed_404/AS006_v7_4_6_gap_weaklink_scores.csv
AS006,contact_relaxed_a3_7_g0_7_p0_2,"contact-relaxed SNS links, alpha=3.7, tau=0.7, p=0.2",contact_relaxation,contact_relaxed,conductance,3.7,0,0.7,0.2,0.939999999999999,0.7,0.2,2.80977923558772e-07,4.08095198013684e-07,0.0459539877134514,174.270967055721,0.222565297919827,0.309736193003481,0.330121708991827,0.142645174040326,0.0470708383095496,0.226930559454741,0.317023814438083,0.337346117066736,0.14031970666244,0.0518736446407849,250.588234966224,238.657160419877,404,v7.4.6,gap_tied_weak_links_phase3_seed,/Users/asewaket/Documents/LTSpice Superconducting Circuit/matlab_v7_4_6_files/outputs/v7_4_6_as006_gap_weaklink_v800_phase3_seed_404/AS006_v7_4_6_gap_weaklink_scores.csv
AS006,boundary_sns_a4_1_g0_7_p0_05,"SNS-like boundary constriction, alpha=4.1, tau=0.7, p=0.05",boundary_lane,boundary_constriction,conductance,4.1,0.999999999999997,0.7,0.05,0.981045751633987,0.7,0.0631808278867102,7.99925154551385e-07,4.45363978695365e-07,0.160869839435778,183.905788118584,0.222580435045815,0.310366776707332,0.327921400871033,0.145176400471794,0.0472024464076956,0.241855104246779,0.348542068498409,0.365050821845944,0.13627609311599,0.0515493981100986,236.192840413616,225.182291471049,404,v7.4.6,gap_tied_weak_links_phase3_seed,/Users/asewaket/Documents/LTSpice Superconducting Circuit/matlab_v7_4_6_files/outputs/v7_4_6_as006_gap_weaklink_v800_phase3_seed_404/AS006_v7_4_6_gap_weaklink_scores.csv
AS006,crack_tunnel_a3_7_g0_7_p0_05,"tunnel/crack-like links, alpha=3.7, tau=0.7, p=0.05",tear_lane,crack_tunnel,conductance,3.7,0,0.7,0.05,0.984836601307189,0.7,0.0505446623093682,6.62689882867495e-07,4.02109976428499e-07,0.124792959260814,183.905788118584,0.222780492520082,0.309922512051731,0.329425102718469,0.144521884513885,0.0468336651490013,0.230705477475499,0.327324571472501,0.346455876898285,0.138336260373428,0.0469847058662115,243.263115868869,236.457262619277,404,v7.4.6,gap_tied_weak_links_phase3_seed,/Users/asewaket/Documents/LTSpice Superconducting Circuit/matlab_v7_4_6_files/outputs/v7_4_6_as006_gap_weaklink_v800_phase3_seed_404/AS006_v7_4_6_gap_weaklink_scores.csv
AS006,contact_relaxed_a3_7_g0_7_p0_3,"contact-relaxed SNS links, alpha=3.7, tau=0.7, p=0.3",contact_relaxation,contact_relaxed,conductance,3.7,0,0.7,0.3,0.909934640522874,0.7,0.300217864923747,3.11183362168942e-07,4.06779710299444e-07,0.0491266440596806,167.299286598914,0.222822811594033,0.310511764888845,0.331078958312763,0.141665361224802,0.0471324145029854,0.220237740409777,0.30191730966812,0.322587924339231,0.146086326618273,0.0521346165142678,258.437889026769,246.130194688192,404,v7.4.6,gap_tied_weak_links_phase3_seed,/Users/asewaket/Documents/LTSpice Superconducting Circuit/matlab_v7_4_6_files/outputs/v7_4_6_as006_gap_weaklink_v800_phase3_seed_404/AS006_v7_4_6_gap_weaklink_scores.csv
AS006,crack_tunnel_a3_3_g0_7_p0_05,"tunnel/crack-like links, alpha=3.3, tau=0.7, p=0.05",tear_lane,crack_tunnel,conductance,3.3,1,0.7,0.05,0.984836601307189,0.7,0.0505446623093682,5.91047733368306e-07,3.58638627625418e-07,0.111301828529915,183.905788118584,0.222857356315691,0.309188583054676,0.330710849142172,0.143856128616775,0.0465340517540077,0.230127650620722,0.324907935041533,0.346178523125422,0.138386575048481,0.0469346837819886,244.694662266198,236.519606804433,404,v7.4.6,gap_tied_weak_links_phase3_seed,/Users/asewaket/Documents/LTSpice Superconducting Circuit/matlab_v7_4_6_files/outputs/v7_4_6_as006_gap_weaklink_v800_phase3_seed_404/AS006_v7_4_6_gap_weaklink_scores.csv
AS006,contact_relaxed_a3_7_g0_1_p0_05,"contact-relaxed SNS links, alpha=3.7, tau=0.1, p=0.05",contact_relaxation,contact_relaxed,conductance,3.7,0,0.1,0.05,0.954509803921569,0.1,0.0505446623093682,3.62149958866432e-08,4.47895674143605e-07,0.0374337754111792,163.356144969482,0.222973872572034,0.308855597393759,0.3329319891905,0.140704667887773,0.0475019495233192,0.22726818862306,0.316359806560029,0.340335633044419,0.138482960255434,0.0512900784082471,249.894967098577,239.160458527841,404,v7.4.6,gap_tied_weak_links_phase3_seed,/Users/asewaket/Documents/LTSpice Superconducting Circuit/matlab_v7_4_6_files/outputs/v7_4_6_as006_gap_weaklink_v800_phase3_seed_404/AS006_v7_4_6_gap_weaklink_scores.csv
AS006,contact_relaxed_a4_1_g0_7_p0_1,"contact-relaxed SNS links, alpha=4.1, tau=0.7, p=0.1",contact_relaxation,contact_relaxed,conductance,4.1,0.999999999999997,0.7,0.1,0.969934640522875,0.7,0.100217864923747,2.75532418594619e-07,4.49756080638999e-07,0.0443989196717039,179.725418353853,0.223018567549539,0.311491858106563,0.329409858329649,0.143517740737001,0.0477365516429959,0.237237753806285,0.339686650451306,0.356938054556788,0.136311019745001,0.0514717484244911,240.213805687336,229.985442690215,404,v7.4.6,gap_tied_weak_links_phase3_seed,/Users/asewaket/Documents/LTSpice Superconducting Circuit/matlab_v7_4_6_files/outputs/v7_4_6_as006_gap_weaklink_v800_phase3_seed_404/AS006_v7_4_6_gap_weaklink_scores.csv
AS006,bulk_AB_reference,"bulk AB reference: no weak-link mask",none,bulk_sns,conductance,3.7,0,NaN,0,1,NaN,0,NaN,4.61989603364645e-07,NaN,160.835721140767,0.223071055320166,0.31185774995062,0.328928342713508,0.144262201393645,0.0475451751595181,0.29340442824434,0.431423072247904,0.444694297226356,0.165531508710431,0.0504696629396342,201.293857547777,192.785844225801,404,v7.4.6,gap_tied_weak_links_phase3_seed,/Users/asewaket/Documents/LTSpice Superconducting Circuit/matlab_v7_4_6_files/outputs/v7_4_6_as006_gap_weaklink_v800_phase3_seed_404/AS006_v7_4_6_gap_weaklink_scores.csv
AS006,contact_relaxed_a3_3_g0_4_p0_1,"contact-relaxed SNS links, alpha=3.3, tau=0.4, p=0.1",contact_relaxation,contact_relaxed,conductance,3.3,1,0.4,0.1,0.939869281045751,0.4,0.100217864923747,1.37724079017454e-07,3.82883695768517e-07,0.0357357158333227,165.372908730435,0.223300097011282,0.307491585540344,0.335205964570156,0.14015294879874,0.0472072755198673,0.228471901328314,0.315967063647187,0.343565256482769,0.138088680286467,0.052542393791452,250.253099154256,237.929101039645,404,v7.4.6,gap_tied_weak_links_phase3_seed,/Users/asewaket/Documents/LTSpice Superconducting Circuit/matlab_v7_4_6_files/outputs/v7_4_6_as006_gap_weaklink_v800_phase3_seed_404/AS006_v7_4_6_gap_weaklink_scores.csv
AS006,contact_relaxed_a3_7_g0_2_p0_05,"contact-relaxed SNS links, alpha=3.7, tau=0.2, p=0.05",contact_relaxation,contact_relaxed,conductance,3.7,0,0.2,0.05,0.959564270152505,0.2,0.0505446623093682,7.0621247147511e-08,4.36710681936908e-07,0.0374337754111792,167.540006926547,0.22335537513635,0.309562973224596,0.333456208981061,0.140763669191326,0.0477109502511415,0.232737675980695,0.327611197534444,0.351114835538887,0.136155457952257,0.0514318977356597,244.891833622365,234.475582824426,404,v7.4.6,gap_tied_weak_links_phase3_seed,/Users/asewaket/Documents/LTSpice Superconducting Circuit/matlab_v7_4_6_files/outputs/v7_4_6_as006_gap_weaklink_v800_phase3_seed_404/AS006_v7_4_6_gap_weaklink_scores.csv
AS006,contact_relaxed_a3_3_g0_7_p0_3,"contact-relaxed SNS links, alpha=3.3, tau=0.7, p=0.3",contact_relaxation,contact_relaxed,conductance,3.3,1,0.7,0.3,0.909934640522874,0.7,0.300217864923747,2.77541917610138e-07,3.62803525402206e-07,0.0438156555126881,167.299286598914,0.223385703109658,0.310140522442007,0.333988838788807,0.140307994635625,0.0469225319313389,0.219400661150155,0.298348651670186,0.322241224498734,0.146071255210556,0.0521434421946094,260.357135819942,247.466848941642,404,v7.4.6,gap_tied_weak_links_phase3_seed,/Users/asewaket/Documents/LTSpice Superconducting Circuit/matlab_v7_4_6_files/outputs/v7_4_6_as006_gap_weaklink_v800_phase3_seed_404/AS006_v7_4_6_gap_weaklink_scores.csv
AS006,contact_relaxed_a3_7_g0_05_p0_05,"contact-relaxed SNS links, alpha=3.7, tau=0.05, p=0.05",contact_relaxation,contact_relaxed,conductance,3.7,0,0.05,0.05,0.9519825708061,0.05,0.0505446623093682,1.83912568556519e-08,4.5491455603056e-07,0.0374337754111792,160.835721140767,0.223413592390563,0.309926310332605,0.333593716182058,0.140617442635162,0.047580845007654,0.224059120921958,0.309490178571211,0.333210499503462,0.141132354698169,0.0512716085348078,253.624150995638,242.921294748844,404,v7.4.6,gap_tied_weak_links_phase3_seed,/Users/asewaket/Documents/LTSpice Superconducting Circuit/matlab_v7_4_6_files/outputs/v7_4_6_as006_gap_weaklink_v800_phase3_seed_404/AS006_v7_4_6_gap_weaklink_scores.csv
AS006,contact_relaxed_a4_1_g0_7_p0_05,"contact-relaxed SNS links, alpha=4.1, tau=0.7, p=0.05",contact_relaxation,contact_relaxed,conductance,4.1,0.999999999999997,0.7,0.05,0.984836601307189,0.7,0.0505446623093682,2.49521912642465e-07,4.43256204164768e-07,0.0414806700502256,183.905788118584,0.223803304321902,0.313387014863612,0.331093910927152,0.142894983883766,0.0475964327686754,0.239738010260097,0.344711300550035,0.361673761025239,0.135881185830112,0.0511981866686397,238.791091498656,228.604588914291,404,v7.4.6,gap_tied_weak_links_phase3_seed,/Users/asewaket/Documents/LTSpice Superconducting Circuit/matlab_v7_4_6_files/outputs/v7_4_6_as006_gap_weaklink_v800_phase3_seed_404/AS006_v7_4_6_gap_weaklink_scores.csv
AS006,boundary_sns_a3_7_g0_7_p0_05,"SNS-like boundary constriction, alpha=3.7, tau=0.7, p=0.05",boundary_lane,boundary_constriction,conductance,3.7,0,0.7,0.05,0.981045751633987,0.7,0.0631808278867102,7.21883676058567e-07,4.01913834432403e-07,0.145175220954239,183.905788118584,0.224005111358656,0.31317201451186,0.331922260904888,0.143237449530116,0.0469427737852195,0.241488461218736,0.346905946595261,0.364941662076533,0.136272241397768,0.0515481491172756,238.397568088878,226.739651161619,404,v7.4.6,gap_tied_weak_links_phase3_seed,/Users/asewaket/Documents/LTSpice Superconducting Circuit/matlab_v7_4_6_files/outputs/v7_4_6_as006_gap_weaklink_v800_phase3_seed_404/AS006_v7_4_6_gap_weaklink_scores.csv
AS006,contact_relaxed_a3_7_g0_4_p0_05,"contact-relaxed SNS links, alpha=3.7, tau=0.4, p=0.05",contact_relaxation,contact_relaxed,conductance,3.7,0,0.4,0.05,0.969673202614379,0.4,0.0505446623093682,1.35519679253087e-07,4.19016187995574e-07,0.0374337754111792,174.614997636749,0.224198309238746,0.312731731189871,0.334139347091877,0.141011346145397,0.0472517749113283,0.238498319115622,0.340065153704671,0.360901802239208,0.135538437279831,0.0514252413550349,241.016137570217,229.93337049651,404,v7.4.6,gap_tied_weak_links_phase3_seed,/Users/asewaket/Documents/LTSpice Superconducting Circuit/matlab_v7_4_6_files/outputs/v7_4_6_as006_gap_weaklink_v800_phase3_seed_404/AS006_v7_4_6_gap_weaklink_scores.csv
AS006,uniform_tau_control,"same mean weak transparency, spatially uniform",uniform,boundary_constriction,conductance,3.7,0,0.01,0.08,0.920627450980405,0.920627450980392,1,4.25320310925036e-07,4.25320310925036e-07,0.0492266618303399,160.835721140767,0.224440883887544,0.316249170125051,0.333190709078866,0.140225287767528,0.047589898715245,0.265472755785788,0.388792004115707,0.40413502243855,0.144507445512498,0.050701178655146,220.58540436643,211.36967718876,404,v7.4.6,gap_tied_weak_links_phase3_seed,/Users/asewaket/Documents/LTSpice Superconducting Circuit/matlab_v7_4_6_files/outputs/v7_4_6_as006_gap_weaklink_v800_phase3_seed_404/AS006_v7_4_6_gap_weaklink_scores.csv
AS006,contact_relaxed_a3_3_g0_7_p0_2,"contact-relaxed SNS links, alpha=3.3, tau=0.7, p=0.2",contact_relaxation,contact_relaxed,conductance,3.3,1,0.7,0.2,0.939999999999999,0.7,0.2,2.50601931822688e-07,3.63976798228421e-07,0.0409859890417269,174.270967055721,0.224523412161631,0.312509879162074,0.335872052651679,0.140212392289914,0.0470655991432504,0.226141666118923,0.313652376688011,0.337033099772937,0.140290224867619,0.0518852482194418,253.599815774944,241.486316997753,404,v7.4.6,gap_tied_weak_links_phase3_seed,/Users/asewaket/Documents/LTSpice Superconducting Circuit/matlab_v7_4_6_files/outputs/v7_4_6_as006_gap_weaklink_v800_phase3_seed_404/AS006_v7_4_6_gap_weaklink_scores.csv
AS006,contact_relaxed_a3_3_g0_1_p0_05,"contact-relaxed SNS links, alpha=3.3, tau=0.1, p=0.05",contact_relaxation,contact_relaxed,conductance,3.3,1,0.1,0.05,0.954509803921569,0.1,0.0505446623093682,3.22998611961953e-08,3.99474520182134e-07,0.0333868807721328,163.356144969482,0.224884278501265,0.311401883627006,0.338729587394134,0.138427470158728,0.0472083932411747,0.226302012578387,0.31243838679676,0.339797752787562,0.138518386232539,0.0512776259262673,253.26432167463,241.894417832326,404,v7.4.6,gap_tied_weak_links_phase3_seed,/Users/asewaket/Documents/LTSpice Superconducting Circuit/matlab_v7_4_6_files/outputs/v7_4_6_as006_gap_weaklink_v800_phase3_seed_404/AS006_v7_4_6_gap_weaklink_scores.csv
AS006,contact_relaxed_a3_7_g0_7_p0_1,"contact-relaxed SNS links, alpha=3.7, tau=0.7, p=0.1",contact_relaxation,contact_relaxed,conductance,3.7,0,0.7,0.1,0.969934640522875,0.7,0.100217864923747,2.48651207024412e-07,4.05877438625438e-07,0.0400673177525133,179.725418353853,0.225052164541814,0.315428218170021,0.334992934350722,0.141065472245775,0.0472631291180666,0.236763128121239,0.337595470530779,0.356796179952655,0.136284380952556,0.0514713789675749,243.350242346262,232.172587762844,404,v7.4.6,gap_tied_weak_links_phase3_seed,/Users/asewaket/Documents/LTSpice Superconducting Circuit/matlab_v7_4_6_files/outputs/v7_4_6_as006_gap_weaklink_v800_phase3_seed_404/AS006_v7_4_6_gap_weaklink_scores.csv
AS006,boundary_sns_a3_3_g0_7_p0_05,"SNS-like boundary constriction, alpha=3.3, tau=0.7, p=0.05",boundary_lane,boundary_constriction,conductance,3.3,1,0.7,0.05,0.981045751633987,0.7,0.0631808278867102,6.43842197565749e-07,3.58463690169441e-07,0.129480602472699,183.905788118584,0.225075360462064,0.31463373961812,0.335180925093591,0.141784158275343,0.046946245934236,0.240946240506454,0.344653057277847,0.364706758463296,0.136257022837216,0.0515200393971371,239.972496003767,228.356800526159,404,v7.4.6,gap_tied_weak_links_phase3_seed,/Users/asewaket/Documents/LTSpice Superconducting Circuit/matlab_v7_4_6_files/outputs/v7_4_6_as006_gap_weaklink_v800_phase3_seed_404/AS006_v7_4_6_gap_weaklink_scores.csv
AS006,contact_relaxed_a3_3_g0_2_p0_05,"contact-relaxed SNS links, alpha=3.3, tau=0.2, p=0.05",contact_relaxation,contact_relaxed,conductance,3.3,1,0.2,0.05,0.959564270152505,0.2,0.0505446623093682,6.29865177261584e-08,3.89498716322107e-07,0.0333868807721328,167.540006926547,0.225137658594666,0.312023492908455,0.339012228246766,0.138508935374934,0.0472572314143654,0.231800720026839,0.323857551390185,0.350656187380673,0.136088003877781,0.0513877159806079,248.154201572236,236.899370383934,404,v7.4.6,gap_tied_weak_links_phase3_seed,/Users/asewaket/Documents/LTSpice Superconducting Circuit/matlab_v7_4_6_files/outputs/v7_4_6_as006_gap_weaklink_v800_phase3_seed_404/AS006_v7_4_6_gap_weaklink_scores.csv
AS006,contact_relaxed_a3_3_g0_05_p0_05,"contact-relaxed SNS links, alpha=3.3, tau=0.05, p=0.05",contact_relaxation,contact_relaxed,conductance,3.3,1,0.05,0.05,0.9519825708061,0.05,0.0505446623093682,1.64030128712571e-08,4.05734604027256e-07,0.0333868807721328,160.835721140767,0.225284836059351,0.312121146789453,0.339299729048073,0.138467417018464,0.0474442364000933,0.223117052149417,0.305487725597632,0.332767112987444,0.141181272244261,0.0512784971161002,256.809322560212,245.748308683457,404,v7.4.6,gap_tied_weak_links_phase3_seed,/Users/asewaket/Documents/LTSpice Superconducting Circuit/matlab_v7_4_6_files/outputs/v7_4_6_as006_gap_weaklink_v800_phase3_seed_404/AS006_v7_4_6_gap_weaklink_scores.csv
AS006,contact_relaxed_a3_7_g0_7_p0_05,"contact-relaxed SNS links, alpha=3.7, tau=0.7, p=0.05",contact_relaxation,contact_relaxed,conductance,3.7,0,0.7,0.05,0.984836601307189,0.7,0.0505446623093682,2.25178311409054e-07,4.00011696441376e-07,0.0374337754111792,183.905788118584,0.226120563718556,0.317931202693823,0.337088025008007,0.14039512440561,0.0472736666279314,0.239303478480681,0.342802969350008,0.361540298269241,0.135859784414542,0.0511941705640508,241.97142911179,231.08298905411,404,v7.4.6,gap_tied_weak_links_phase3_seed,/Users/asewaket/Documents/LTSpice Superconducting Circuit/matlab_v7_4_6_files/outputs/v7_4_6_as006_gap_weaklink_v800_phase3_seed_404/AS006_v7_4_6_gap_weaklink_scores.csv
AS006,contact_relaxed_a3_3_g0_4_p0_05,"contact-relaxed SNS links, alpha=3.3, tau=0.4, p=0.05",contact_relaxation,contact_relaxed,conductance,3.3,1,0.4,0.05,0.969673202614379,0.4,0.0505446623093682,1.20868903117618e-07,3.73717140644701e-07,0.0333868807721328,174.614997636749,0.226451012732013,0.316107327124057,0.340372143143856,0.138647412227238,0.0471872207502146,0.237685217014981,0.33667647805867,0.360594032136795,0.135462927983703,0.051381390797213,244.145240031861,232.860513916894,404,v7.4.6,gap_tied_weak_links_phase3_seed,/Users/asewaket/Documents/LTSpice Superconducting Circuit/matlab_v7_4_6_files/outputs/v7_4_6_as006_gap_weaklink_v800_phase3_seed_404/AS006_v7_4_6_gap_weaklink_scores.csv
AS006,contact_relaxed_a3_3_g0_7_p0_1,"contact-relaxed SNS links, alpha=3.3, tau=0.7, p=0.1",contact_relaxation,contact_relaxed,conductance,3.3,1,0.7,0.1,0.969934640522875,0.7,0.100217864923747,2.21769995454206e-07,3.61998796611878e-07,0.0357357158333227,179.725418353853,0.227220274626846,0.318785150798362,0.340827660092847,0.138939120744989,0.04719391624215,0.236065537852981,0.334663084358308,0.356530888218261,0.136234461144559,0.0514424740939406,246.317272538484,234.904927852883,404,v7.4.6,gap_tied_weak_links_phase3_seed,/Users/asewaket/Documents/LTSpice Superconducting Circuit/matlab_v7_4_6_files/outputs/v7_4_6_as006_gap_weaklink_v800_phase3_seed_404/AS006_v7_4_6_gap_weaklink_scores.csv
AS006,contact_relaxed_a3_3_g0_7_p0_05,"contact-relaxed SNS links, alpha=3.3, tau=0.7, p=0.05",contact_relaxation,contact_relaxed,conductance,3.3,1,0.7,0.05,0.984836601307189,0.7,0.0505446623093682,2.00834710175643e-07,3.56767188717984e-07,0.0333868807721328,183.905788118584,0.228259856674975,0.321328520775357,0.342665600649362,0.138473239809239,0.0472144117015874,0.238665963639181,0.340159814040035,0.361282374379461,0.135816153508416,0.0511556571062912,244.762174326133,233.716240551807,404,v7.4.6,gap_tied_weak_links_phase3_seed,/Users/asewaket/Documents/LTSpice Superconducting Circuit/matlab_v7_4_6_files/outputs/v7_4_6_as006_gap_weaklink_v800_phase3_seed_404/AS006_v7_4_6_gap_weaklink_scores.csv
AS006,combined_a3_3_g0_1_p0_3,"combined weak-link classes, alpha=3.3, tau=0.1, p=0.3",combined,boundary_constriction,shape,3.3,1,0.1,0.3,0.729803921568629,0.1,0.300217864923747,1.24620901805822e-07,4.90943457796681e-07,0.0906222115741721,99.2340236466985,0.19789828595913,0.234250185691111,0.276949677142576,0.175692476416037,0.0509637135849862,0.202032905296746,0.250728788835512,0.293012383500987,0.16037449224717,0.0461959512125269,240.236534701467,239.66700205071,404,v7.4.6,gap_tied_weak_links_phase3_seed,/Users/asewaket/Documents/LTSpice Superconducting Circuit/matlab_v7_4_6_files/outputs/v7_4_6_as006_gap_weaklink_v800_phase3_seed_404/AS006_v7_4_6_gap_weaklink_scores.csv
AS006,combined_a3_3_g0_1_p0_2,"combined weak-link classes, alpha=3.3, tau=0.1, p=0.2",combined,boundary_constriction,shape,3.3,1,0.1,0.2,0.820000000000001,0.1,0.2,1.21569077294657e-07,4.37285112900826e-07,0.108064440960143,121.632519203133,0.198011463360623,0.236825015073771,0.275194739994669,0.178502547450037,0.0485133224261258,0.209005909240448,0.265895889050028,0.303481022317218,0.154012903810411,0.0555257383340676,240.011874248485,228.659069014319,404,v7.4.6,gap_tied_weak_links_phase3_seed,/Users/asewaket/Documents/LTSpice Superconducting Circuit/matlab_v7_4_6_files/outputs/v7_4_6_as006_gap_weaklink_v800_phase3_seed_404/AS006_v7_4_6_gap_weaklink_scores.csv
AS006,combined_a3_3_g0_05_p0_3,"combined weak-link classes, alpha=3.3, tau=0.05, p=0.3",combined,boundary_constriction,shape,3.3,1,0.05,0.3,0.714793028322442,0.05,0.300217864923747,6.85766372183942e-08,5.40314680959792e-07,0.0906222115741721,90.166520394461,0.198661694626148,0.235204685920739,0.279935464457649,0.170849307564077,0.0546550899540196,0.198148415378124,0.227573329389343,0.27054416892072,0.181675696433075,0.0626218313486735,244.98548768488,261.310346070497,404,v7.4.6,gap_tied_weak_links_phase3_seed,/Users/asewaket/Documents/LTSpice Superconducting Circuit/matlab_v7_4_6_files/outputs/v7_4_6_as006_gap_weaklink_v800_phase3_seed_404/AS006_v7_4_6_gap_weaklink_scores.csv
AS006,crack_tunnel_a3_3_g0_05_p0_3,"tunnel/crack-like links, alpha=3.3, tau=0.05, p=0.3",tear_lane,crack_tunnel,shape,3.3,1,0.05,0.3,0.714793028322442,0.05,0.300217864923747,6.15838920333068e-08,5.1865296140727e-07,0.0779012821528996,89.4004577387102,0.199004547620265,0.240656346779701,0.278237726452162,0.171642062974657,0.0528977913120204,0.229920931186566,0.227060980638163,0.248496647697986,0.24008643251179,0.187566501183455,245.12203224748,304.89123563318,404,v7.4.6,gap_tied_weak_links_phase3_seed,/Users/asewaket/Documents/LTSpice Superconducting Circuit/matlab_v7_4_6_files/outputs/v7_4_6_as006_gap_weaklink_v800_phase3_seed_404/AS006_v7_4_6_gap_weaklink_scores.csv
AS006,crack_tunnel_a3_3_g0_05_p0_2,"tunnel/crack-like links, alpha=3.3, tau=0.05, p=0.2",tear_lane,crack_tunnel,shape,3.3,1,0.05,0.2,0.809586056644881,0.05,0.200435729847495,5.3255380707979e-08,4.66781219368309e-07,0.0863971031008055,112.347518165494,0.199381259825338,0.243390605187527,0.270677876065227,0.185429568518225,0.048042450177234,0.229974685421888,0.296580634507654,0.322313656462815,0.150648596073028,0.100933148700574,239.508195167969,209.324884535047,404,v7.4.6,gap_tied_weak_links_phase3_seed,/Users/asewaket/Documents/LTSpice Superconducting Circuit/matlab_v7_4_6_files/outputs/v7_4_6_as006_gap_weaklink_v800_phase3_seed_404/AS006_v7_4_6_gap_weaklink_scores.csv
AS006,combined_a3_7_g0_1_p0_2,"combined weak-link classes, alpha=3.7, tau=0.1, p=0.2",combined,boundary_constriction,shape,3.7,0,0.1,0.2,0.820000000000001,0.1,0.2,1.36304723027342e-07,4.90289369010017e-07,0.121163161076524,121.632519203133,0.199404580707121,0.24224287985164,0.276382651788225,0.177804320827482,0.0488549820202178,0.210317043507174,0.271100473046255,0.304401513025887,0.153780905888484,0.0555559643337085,240.038229147681,228.925901228145,404,v7.4.6,gap_tied_weak_links_phase3_seed,/Users/asewaket/Documents/LTSpice Superconducting Circuit/matlab_v7_4_6_files/outputs/v7_4_6_as006_gap_weaklink_v800_phase3_seed_404/AS006_v7_4_6_gap_weaklink_scores.csv
AS006,combined_a3_7_g0_1_p0_3,"combined weak-link classes, alpha=3.7, tau=0.1, p=0.3",combined,boundary_constriction,shape,3.7,0,0.1,0.3,0.729803921568629,0.1,0.300217864923747,1.39726465661073e-07,5.5045175571143e-07,0.101606722068011,99.2340236466985,0.199463902806445,0.242601226167558,0.27901554563482,0.174115479904107,0.0487967331235998,0.203823483718626,0.258065357275642,0.294062310142736,0.160128421694308,0.046282491449816,241.736323255109,239.291638674153,404,v7.4.6,gap_tied_weak_links_phase3_seed,/Users/asewaket/Documents/LTSpice Superconducting Circuit/matlab_v7_4_6_files/outputs/v7_4_6_as006_gap_weaklink_v800_phase3_seed_404/AS006_v7_4_6_gap_weaklink_scores.csv
AS006,combined_a3_3_g0_05_p0_1,"combined weak-link classes, alpha=3.3, tau=0.05, p=0.1",combined,boundary_constriction,shape,3.3,1,0.05,0.1,0.904793028322441,0.05,0.100217864923747,5.61928158396517e-08,4.28268920193892e-07,0.109248329264255,137.947903273594,0.199587515659803,0.242421882388056,0.276049837904568,0.180409684587712,0.046916373843325,0.214023020318388,0.276845346422351,0.309202681240493,0.152995156438338,0.0609211174508016,240.277853975422,223.97744681275,404,v7.4.6,gap_tied_weak_links_phase3_seed,/Users/asewaket/Documents/LTSpice Superconducting Circuit/matlab_v7_4_6_files/outputs/v7_4_6_as006_gap_weaklink_v800_phase3_seed_404/AS006_v7_4_6_gap_weaklink_scores.csv
AS006,anisotropic_gap_control,"anisotropic weak-link transparency",anisotropic,anisotropic,shape,3.7,0,0.01,0.08,0.920627450980392,0.01,0.0801742919389978,1.42005828438932e-08,5.25532252194449e-07,0.117840491238476,129.196300339336,0.199645419138743,0.244190754116732,0.271973338804807,0.184761147213798,0.0471315646513262,0.207439731008967,0.269620904170064,0.296407344343316,0.161093457645285,0.047498076217361,239.313993022015,232.45015285098,404,v7.4.6,gap_tied_weak_links_phase3_seed,/Users/asewaket/Documents/LTSpice Superconducting Circuit/matlab_v7_4_6_files/outputs/v7_4_6_as006_gap_weaklink_v800_phase3_seed_404/AS006_v7_4_6_gap_weaklink_scores.csv
AS006,combined_a3_3_g0_05_p0_2,"combined weak-link classes, alpha=3.3, tau=0.05, p=0.2",combined,boundary_constriction,shape,3.3,1,0.05,0.2,0.810000000000001,0.05,0.2,6.5563981199473e-08,4.71668512405488e-07,0.108064440960143,112.765827044288,0.199717981811083,0.239622139611481,0.278751397893475,0.172824260895387,0.0551224970111188,0.200561218304804,0.248080948819567,0.286883294435917,0.164686377316685,0.0468214057957393,243.605690552282,244.160651293777,404,v7.4.6,gap_tied_weak_links_phase3_seed,/Users/asewaket/Documents/LTSpice Superconducting Circuit/matlab_v7_4_6_files/outputs/v7_4_6_as006_gap_weaklink_v800_phase3_seed_404/AS006_v7_4_6_gap_weaklink_scores.csv
AS006,crack_tunnel_a3_3_g0_1_p0_3,"tunnel/crack-like links, alpha=3.3, tau=0.1, p=0.3",tear_lane,crack_tunnel,shape,3.3,1,0.1,0.3,0.72980392156863,0.1,0.300217864923747,1.14161385773913e-07,4.80727499148436e-07,0.0779012821528996,96.4534216151227,0.19988630774517,0.243921338417175,0.277325269398354,0.17510999613185,0.0513034836967448,0.211632308572219,0.234925920744989,0.264104212280587,0.198234415400928,0.113260231373921,240.474412698499,273.777833753308,404,v7.4.6,gap_tied_weak_links_phase3_seed,/Users/asewaket/Documents/LTSpice Superconducting Circuit/matlab_v7_4_6_files/outputs/v7_4_6_as006_gap_weaklink_v800_phase3_seed_404/AS006_v7_4_6_gap_weaklink_scores.csv
AS006,crack_tunnel_a3_7_g0_05_p0_2,"tunnel/crack-like links, alpha=3.7, tau=0.05, p=0.2",tear_lane,crack_tunnel,shape,3.7,0,0.05,0.2,0.809586056644881,0.05,0.200435729847495,5.97105783695522e-08,5.23360761109922e-07,0.0968694792342364,112.347518165494,0.200221877160793,0.248456600733728,0.272299884701877,0.183840011723418,0.0463279721876825,0.230641476183933,0.300881778478357,0.322720666128979,0.150450256730794,0.0995016158021026,241.284994615963,208.943771931832,404,v7.4.6,gap_tied_weak_links_phase3_seed,/Users/asewaket/Documents/LTSpice Superconducting Circuit/matlab_v7_4_6_files/outputs/v7_4_6_as006_gap_weaklink_v800_phase3_seed_404/AS006_v7_4_6_gap_weaklink_scores.csv
AS006,combined_a4_1_g0_1_p0_2,"combined weak-link classes, alpha=4.1, tau=0.1, p=0.2",combined,boundary_constriction,shape,4.1,0.999999999999997,0.1,0.2,0.820000000000001,0.1,0.2,1.51040368760028e-07,5.43293625119208e-07,0.134261881192904,121.632519203133,0.200359889119043,0.246879982083694,0.278092863005491,0.176290302149608,0.0478940755649024,0.211237265488061,0.274765458992012,0.305043605799622,0.153604144265469,0.0555893779671187,241.131351855464,228.960948203258,404,v7.4.6,gap_tied_weak_links_phase3_seed,/Users/asewaket/Documents/LTSpice Superconducting Circuit/matlab_v7_4_6_files/outputs/v7_4_6_as006_gap_weaklink_v800_phase3_seed_404/AS006_v7_4_6_gap_weaklink_scores.csv
AS006,combined_a4_1_g0_1_p0_3,"combined weak-link classes, alpha=4.1, tau=0.1, p=0.3",combined,boundary_constriction,shape,4.1,0.999999999999997,0.1,0.3,0.729803921568629,0.1,0.300217864923747,1.54832029516324e-07,6.09960053626179e-07,0.11259123256185,99.2340236466985,0.200371027123556,0.245571771461337,0.277594428359481,0.176104726009275,0.0503622070157579,0.205083365255533,0.263330886049125,0.294750555179924,0.159955645554898,0.0463279117200529,240.039711277706,238.873124940933,404,v7.4.6,gap_tied_weak_links_phase3_seed,/Users/asewaket/Documents/LTSpice Superconducting Circuit/matlab_v7_4_6_files/outputs/v7_4_6_as006_gap_weaklink_v800_phase3_seed_404/AS006_v7_4_6_gap_weaklink_scores.csv
AS006,combined_a3_7_g0_05_p0_1,"combined weak-link classes, alpha=3.7, tau=0.05, p=0.1",combined,boundary_constriction,shape,3.7,0,0.05,0.1,0.904793028322441,0.05,0.100217864923747,6.3004066244458e-08,4.80180304459819e-07,0.122490550993256,137.947903273594,0.200751358653763,0.24707080304212,0.276938923835439,0.180008868046245,0.0470317884568679,0.215152943517975,0.281461216771705,0.310013782062238,0.152814681803453,0.0607610299549385,240.277608545598,224.074024066419,404,v7.4.6,gap_tied_weak_links_phase3_seed,/Users/asewaket/Documents/LTSpice Superconducting Circuit/matlab_v7_4_6_files/outputs/v7_4_6_as006_gap_weaklink_v800_phase3_seed_404/AS006_v7_4_6_gap_weaklink_scores.csv
AS006,combined_a3_7_g0_05_p0_3,"combined weak-link classes, alpha=3.7, tau=0.05, p=0.3",combined,boundary_constriction,shape,3.7,0,0.05,0.3,0.714793028322442,0.05,0.300217864923747,7.68889568812299e-08,6.05807369560979e-07,0.101606722068011,90.166520394461,0.200762544994888,0.244954756742155,0.282341877826962,0.169209220373569,0.0532481565681425,0.200025093312473,0.235880278226228,0.271869915980252,0.180987575976341,0.0622383654002695,246.040976806824,261.296550875825,404,v7.4.6,gap_tied_weak_links_phase3_seed,/Users/asewaket/Documents/LTSpice Superconducting Circuit/matlab_v7_4_6_files/outputs/v7_4_6_as006_gap_weaklink_v800_phase3_seed_404/AS006_v7_4_6_gap_weaklink_scores.csv
AS006,crack_tunnel_a3_3_g0_1_p0_2,"tunnel/crack-like links, alpha=3.3, tau=0.1, p=0.2",tear_lane,crack_tunnel,shape,3.3,1,0.1,0.2,0.819607843137257,0.1,0.200435729847495,1.00307307945393e-07,4.39594712232409e-07,0.0863971031008055,119.295592196676,0.201080460731743,0.249181029410494,0.277313440820056,0.179302641120593,0.046794451412382,0.21321390651384,0.280462115239343,0.308117929135279,0.153114831060824,0.0550075025170894,239.70220845935,226.557395146855,404,v7.4.6,gap_tied_weak_links_phase3_seed,/Users/asewaket/Documents/LTSpice Superconducting Circuit/matlab_v7_4_6_files/outputs/v7_4_6_as006_gap_weaklink_v800_phase3_seed_404/AS006_v7_4_6_gap_weaklink_scores.csv
AS006,crack_tunnel_a4_1_g0_05_p0_2,"tunnel/crack-like links, alpha=4.1, tau=0.05, p=0.2",tear_lane,crack_tunnel,shape,4.1,0.999999999999997,0.05,0.2,0.809586056644881,0.05,0.200435729847495,6.61657760311254e-08,5.79940302851535e-07,0.107341855367667,112.347518165494,0.201444336810365,0.253214746689212,0.275120522230858,0.180913817450164,0.0464037516459094,0.230936078605297,0.303210662507177,0.322955981545327,0.150278260593413,0.0984489370732173,244.005627849515,208.917993087314,404,v7.4.6,gap_tied_weak_links_phase3_seed,/Users/asewaket/Documents/LTSpice Superconducting Circuit/matlab_v7_4_6_files/outputs/v7_4_6_as006_gap_weaklink_v800_phase3_seed_404/AS006_v7_4_6_gap_weaklink_scores.csv
AS006,crack_tunnel_a3_7_g0_1_p0_3,"tunnel/crack-like links, alpha=3.7, tau=0.1, p=0.3",tear_lane,crack_tunnel,shape,3.7,0,0.1,0.3,0.72980392156863,0.1,0.300217864923747,1.27999129504084e-07,5.38997499045216e-07,0.0873438618077965,96.4534216151227,0.20145313606963,0.251305436402388,0.279881576973107,0.17287981465443,0.0500677159247881,0.212627828263956,0.239751264923087,0.264689275838268,0.197847483442077,0.112872289377126,241.955761357901,274.191783863656,404,v7.4.6,gap_tied_weak_links_phase3_seed,/Users/asewaket/Documents/LTSpice Superconducting Circuit/matlab_v7_4_6_files/outputs/v7_4_6_as006_gap_weaklink_v800_phase3_seed_404/AS006_v7_4_6_gap_weaklink_scores.csv
AS006,combined_a4_1_g0_05_p0_1,"combined weak-link classes, alpha=4.1, tau=0.05, p=0.1",combined,boundary_constriction,shape,4.1,0.999999999999997,0.05,0.1,0.904793028322441,0.05,0.100217864923747,6.98153166492643e-08,5.32091688725745e-07,0.135732772722257,137.947903273594,0.201542000222926,0.250292428916333,0.277963927988385,0.179265901695539,0.046898321099199,0.215864431547615,0.284297687578791,0.310589272374264,0.152670613463886,0.0606549766744674,240.677126151577,224.145013986242,404,v7.4.6,gap_tied_weak_links_phase3_seed,/Users/asewaket/Documents/LTSpice Superconducting Circuit/matlab_v7_4_6_files/outputs/v7_4_6_as006_gap_weaklink_v800_phase3_seed_404/AS006_v7_4_6_gap_weaklink_scores.csv
AS006,combined_a3_3_g0_2_p0_3,"combined weak-link classes, alpha=3.3, tau=0.2, p=0.3",combined,boundary_constriction,shape,3.3,1,0.2,0.3,0.759825708061,0.2,0.300217864923747,2.16426084964838e-07,4.32105704714893e-07,0.0906222115741721,114.2804345297,0.20174627310026,0.248678562610587,0.286657194631833,0.168661461065519,0.0475758859531048,0.210439999960552,0.272764837955412,0.309972571164421,0.150365497536525,0.0490262903889572,240.722530408301,232.748264301566,404,v7.4.6,gap_tied_weak_links_phase3_seed,/Users/asewaket/Documents/LTSpice Superconducting Circuit/matlab_v7_4_6_files/outputs/v7_4_6_as006_gap_weaklink_v800_phase3_seed_404/AS006_v7_4_6_gap_weaklink_scores.csv
AS006,crack_tunnel_a3_7_g0_05_p0_3,"tunnel/crack-like links, alpha=3.7, tau=0.05, p=0.3",tear_lane,crack_tunnel,shape,3.7,0,0.05,0.3,0.714793028322442,0.05,0.300217864923747,6.90486062191622e-08,5.81519987032394e-07,0.0873438618077965,89.4004577387102,0.201897580140854,0.25211889865748,0.284725391765722,0.16610577101829,0.0514673526839138,0.230505359045323,0.230801411287499,0.249131748062397,0.239362310276389,0.186541936984435,248.41271045111,307.417047497516,404,v7.4.6,gap_tied_weak_links_phase3_seed,/Users/asewaket/Documents/LTSpice Superconducting Circuit/matlab_v7_4_6_files/outputs/v7_4_6_as006_gap_weaklink_v800_phase3_seed_404/AS006_v7_4_6_gap_weaklink_scores.csv
AS006,combined_a3_3_g0_1_p0_1,"combined weak-link classes, alpha=3.3, tau=0.1, p=0.1",combined,boundary_constriction,shape,3.3,1,0.1,0.1,0.909803921568628,0.1,0.100217864923747,1.07153776538846e-07,4.08331843557546e-07,0.109248329264255,144.683302343692,0.201953157665876,0.248873805718908,0.282119272426645,0.176364734165886,0.0467273381564844,0.214199545972935,0.280391008320853,0.312233154065467,0.151875578220367,0.0543542291537938,240.144659481867,226.743156928192,404,v7.4.6,gap_tied_weak_links_phase3_seed,/Users/asewaket/Documents/LTSpice Superconducting Circuit/matlab_v7_4_6_files/outputs/v7_4_6_as006_gap_weaklink_v800_phase3_seed_404/AS006_v7_4_6_gap_weaklink_scores.csv
AS006,crack_tunnel_a3_7_g0_1_p0_2,"tunnel/crack-like links, alpha=3.7, tau=0.1, p=0.2",tear_lane,crack_tunnel,shape,3.7,0,0.1,0.2,0.819607843137257,0.1,0.200435729847495,1.12465769514531e-07,4.92878919775731e-07,0.0968694792342364,119.295592196676,0.202006835370936,0.252989857690843,0.277832260976771,0.179115564291017,0.0469434070907163,0.214176208576421,0.284653774736744,0.308684945408772,0.152998847277425,0.0547800545832293,239.597419790425,226.655658290546,404,v7.4.6,gap_tied_weak_links_phase3_seed,/Users/asewaket/Documents/LTSpice Superconducting Circuit/matlab_v7_4_6_files/outputs/v7_4_6_as006_gap_weaklink_v800_phase3_seed_404/AS006_v7_4_6_gap_weaklink_scores.csv
AS006,combined_a4_1_g0_05_p0_3,"combined weak-link classes, alpha=4.1, tau=0.05, p=0.3",combined,boundary_constriction,shape,4.1,0.999999999999997,0.05,0.3,0.714793028322442,0.05,0.300217864923747,8.52012765440655e-08,6.71300058162166e-07,0.11259123256185,90.166520394461,0.202051881814899,0.249560927273216,0.282010280506713,0.170124261888867,0.0545251635534497,0.201267236406509,0.241480792380516,0.272820943413371,0.180437438349732,0.0618719407414673,245.042663595144,260.907692988747,404,v7.4.6,gap_tied_weak_links_phase3_seed,/Users/asewaket/Documents/LTSpice Superconducting Circuit/matlab_v7_4_6_files/outputs/v7_4_6_as006_gap_weaklink_v800_phase3_seed_404/AS006_v7_4_6_gap_weaklink_scores.csv
AS006,combined_a3_3_g0_2_p0_2,"combined weak-link classes, alpha=3.3, tau=0.2, p=0.2",combined,boundary_constriction,shape,3.3,1,0.2,0.2,0.839999999999999,0.2,0.2,2.19821986904155e-07,3.97348958666823e-07,0.108064440960143,134.533886594308,0.202277052139784,0.250310206345882,0.285853294895526,0.170822193871256,0.0473040459467991,0.215764223630935,0.282349916266897,0.316610280887577,0.148056202878956,0.0573329567358244,240.291392399572,226.401942610221,404,v7.4.6,gap_tied_weak_links_phase3_seed,/Users/asewaket/Documents/LTSpice Superconducting Circuit/matlab_v7_4_6_files/outputs/v7_4_6_as006_gap_weaklink_v800_phase3_seed_404/AS006_v7_4_6_gap_weaklink_scores.csv
AS006,combined_a3_7_g0_05_p0_2,"combined weak-link classes, alpha=3.7, tau=0.05, p=0.2",combined,boundary_constriction,shape,3.7,0,0.05,0.2,0.810000000000001,0.05,0.2,7.35111304357728e-08,5.28840453303123e-07,0.121163161076524,112.765827044288,0.202290205246147,0.249300574125286,0.283534810437027,0.168792475305422,0.0549739397088727,0.202065261587043,0.254050068931815,0.28800175507206,0.164232713947031,0.0469822751935051,245.537183424078,245.900226901288,404,v7.4.6,gap_tied_weak_links_phase3_seed,/Users/asewaket/Documents/LTSpice Superconducting Circuit/matlab_v7_4_6_files/outputs/v7_4_6_as006_gap_weaklink_v800_phase3_seed_404/AS006_v7_4_6_gap_weaklink_scores.csv
AS006,combined_a4_1_g0_05_p0_2,"combined weak-link classes, alpha=4.1, tau=0.05, p=0.2",combined,boundary_constriction,shape,4.1,0.999999999999997,0.05,0.2,0.810000000000001,0.05,0.2,8.14582796720725e-08,5.86012394200757e-07,0.134261881192904,112.765827044288,0.202468052738548,0.253381070978939,0.284197559402632,0.168279036187027,0.0512646685254106,0.203114335990824,0.258231123002798,0.288816179797064,0.163866225118708,0.0470794609080779,246.797741391632,244.57031794726,404,v7.4.6,gap_tied_weak_links_phase3_seed,/Users/asewaket/Documents/LTSpice Superconducting Circuit/matlab_v7_4_6_files/outputs/v7_4_6_as006_gap_weaklink_v800_phase3_seed_404/AS006_v7_4_6_gap_weaklink_scores.csv
AS006,crack_tunnel_a4_1_g0_1_p0_2,"tunnel/crack-like links, alpha=4.1, tau=0.1, p=0.2",tear_lane,crack_tunnel,shape,4.1,0.999999999999997,0.1,0.2,0.819607843137257,0.1,0.200435729847495,1.2462423108367e-07,5.46163127319054e-07,0.107341855367667,119.295592196676,0.202540219646778,0.255196369401216,0.278177635325301,0.178934766360477,0.0470254090628029,0.214745067129944,0.287136215268789,0.309035104749384,0.152906868022342,0.054644102041584,239.553482460847,226.724561221667,404,v7.4.6,gap_tied_weak_links_phase3_seed,/Users/asewaket/Documents/LTSpice Superconducting Circuit/matlab_v7_4_6_files/outputs/v7_4_6_as006_gap_weaklink_v800_phase3_seed_404/AS006_v7_4_6_gap_weaklink_scores.csv
AS006,combined_a3_7_g0_1_p0_1,"combined weak-link classes, alpha=3.7, tau=0.1, p=0.1",combined,boundary_constriction,shape,3.7,0,0.1,0.1,0.909803921568628,0.1,0.100217864923747,1.20142113089009e-07,4.57826612473612e-07,0.122490550993256,144.683302343692,0.202944512937329,0.25279559130297,0.282541691004841,0.176406832187234,0.0469704738911633,0.2152451267389,0.284608848593277,0.312904990917027,0.151773306853849,0.0543164174291158,239.838650129022,226.81780725661,404,v7.4.6,gap_tied_weak_links_phase3_seed,/Users/asewaket/Documents/LTSpice Superconducting Circuit/matlab_v7_4_6_files/outputs/v7_4_6_as006_gap_weaklink_v800_phase3_seed_404/AS006_v7_4_6_gap_weaklink_scores.csv
AS006,combined_a3_7_g0_2_p0_3,"combined weak-link classes, alpha=3.7, tau=0.2, p=0.3",combined,boundary_constriction,shape,3.7,0,0.2,0.3,0.759825708061,0.2,0.300217864923747,2.42659549809061e-07,4.84482153771243e-07,0.101606722068011,114.2804345297,0.202953276562672,0.254233668079874,0.286674230440451,0.169046107308003,0.0475451773276915,0.211914182286584,0.27899830142296,0.310643658409133,0.150298010293321,0.0490736949273284,240.481222435544,232.412301647057,404,v7.4.6,gap_tied_weak_links_phase3_seed,/Users/asewaket/Documents/LTSpice Superconducting Circuit/matlab_v7_4_6_files/outputs/v7_4_6_as006_gap_weaklink_v800_phase3_seed_404/AS006_v7_4_6_gap_weaklink_scores.csv
AS006,boundary_sns_a3_3_g0_1_p0_3,"SNS-like boundary constriction, alpha=3.3, tau=0.1, p=0.3",boundary_lane,boundary_constriction,shape,3.3,1,0.1,0.3,0.715686274509806,0.1,0.315904139433551,9.59063128020662e-08,3.28298753280822e-07,0.0954175313069339,139.750128155912,0.203009033277633,0.252214826778281,0.281117523682902,0.177374305489072,0.0491567913034641,0.214565581101861,0.28194217206374,0.309895772204478,0.153517413464305,0.0566713652573459,239.822967300502,228.2399854258,404,v7.4.6,gap_tied_weak_links_phase3_seed,/Users/asewaket/Documents/LTSpice Superconducting Circuit/matlab_v7_4_6_files/outputs/v7_4_6_as006_gap_weaklink_v800_phase3_seed_404/AS006_v7_4_6_gap_weaklink_scores.csv
AS006,crack_tunnel_a4_1_g0_1_p0_3,"tunnel/crack-like links, alpha=4.1, tau=0.1, p=0.3",tear_lane,crack_tunnel,shape,4.1,0.999999999999997,0.1,0.3,0.72980392156863,0.1,0.300217864923747,1.41836873234255e-07,5.97267498941996e-07,0.0967864414626934,96.4534216151227,0.203202143533499,0.258324245953616,0.283920138051306,0.1691397871897,0.0494014961369721,0.213200297710707,0.24270601988581,0.265045267101518,0.19755378252088,0.112524023088966,244.088342813925,275.811795001026,404,v7.4.6,gap_tied_weak_links_phase3_seed,/Users/asewaket/Documents/LTSpice Superconducting Circuit/matlab_v7_4_6_files/outputs/v7_4_6_as006_gap_weaklink_v800_phase3_seed_404/AS006_v7_4_6_gap_weaklink_scores.csv
AS006,combined_a3_7_g0_2_p0_2,"combined weak-link classes, alpha=3.7, tau=0.2, p=0.2",combined,boundary_constriction,shape,3.7,0,0.2,0.2,0.839999999999999,0.2,0.2,2.4646707622587e-07,4.45512468808256e-07,0.121163161076524,134.533886594308,0.203216781259455,0.254415332837271,0.286024232942207,0.171021796559765,0.0473489201114366,0.216885991700101,0.286953174080252,0.31725134213774,0.147981417033377,0.0573101643874858,240.093318175315,226.195919879641,404,v7.4.6,gap_tied_weak_links_phase3_seed,/Users/asewaket/Documents/LTSpice Superconducting Circuit/matlab_v7_4_6_files/outputs/v7_4_6_as006_gap_weaklink_v800_phase3_seed_404/AS006_v7_4_6_gap_weaklink_scores.csv
AS006,boundary_sns_a3_3_g0_05_p0_3,"SNS-like boundary constriction, alpha=3.3, tau=0.05, p=0.3",boundary_lane,boundary_constriction,shape,3.3,1,0.05,0.3,0.699891067538129,0.05,0.315904139433551,4.77620821727624e-08,3.26990613512071e-07,0.0954175313069339,140.309204449771,0.203372645467089,0.254101285528552,0.284087188354409,0.174030210737092,0.0480715987653095,0.205088674091449,0.254099713883658,0.284196132114487,0.174515973912832,0.0558554579821924,244.821406434207,251.208516029498,404,v7.4.6,gap_tied_weak_links_phase3_seed,/Users/asewaket/Documents/LTSpice Superconducting Circuit/matlab_v7_4_6_files/outputs/v7_4_6_as006_gap_weaklink_v800_phase3_seed_404/AS006_v7_4_6_gap_weaklink_scores.csv
AS006,combined_a4_1_g0_1_p0_1,"combined weak-link classes, alpha=4.1, tau=0.1, p=0.1",combined,boundary_constriction,shape,4.1,0.999999999999997,0.1,0.1,0.909803921568628,0.1,0.100217864923747,1.33130449639172e-07,5.07321381389678e-07,0.135732772722257,144.683302343692,0.203542198556824,0.255072281142161,0.282736266821164,0.176502636421117,0.047221949178524,0.215899527102004,0.287225861825293,0.313350088863861,0.151692329328714,0.0542937065120759,239.497481030208,226.91598993122,404,v7.4.6,gap_tied_weak_links_phase3_seed,/Users/asewaket/Documents/LTSpice Superconducting Circuit/matlab_v7_4_6_files/outputs/v7_4_6_as006_gap_weaklink_v800_phase3_seed_404/AS006_v7_4_6_gap_weaklink_scores.csv
AS006,combined_a4_1_g0_2_p0_3,"combined weak-link classes, alpha=4.1, tau=0.2, p=0.3",combined,boundary_constriction,shape,4.1,0.999999999999997,0.2,0.3,0.759825708061,0.2,0.300217864923747,2.68893014653284e-07,5.36858602827594e-07,0.11259123256185,114.2804345297,0.203700246707198,0.257937121110608,0.28632315705902,0.169592408318857,0.0475080771735248,0.212970291417223,0.283599941429237,0.311050555790524,0.150253907222628,0.0490956589951753,240.16289450016,232.038296382575,404,v7.4.6,gap_tied_weak_links_phase3_seed,/Users/asewaket/Documents/LTSpice Superconducting Circuit/matlab_v7_4_6_files/outputs/v7_4_6_as006_gap_weaklink_v800_phase3_seed_404/AS006_v7_4_6_gap_weaklink_scores.csv
AS006,combined_a4_1_g0_2_p0_2,"combined weak-link classes, alpha=4.1, tau=0.2, p=0.2",combined,boundary_constriction,shape,4.1,0.999999999999997,0.2,0.2,0.839999999999999,0.2,0.2,2.73112165547586e-07,4.93675978949689e-07,0.134261881192904,134.533886594308,0.203776045712782,0.257001302193267,0.285905410634692,0.171338729681306,0.0473710456582997,0.217655155349097,0.290168490216798,0.317654203203463,0.147929867516188,0.0573000965273935,239.848465806195,225.974643757717,404,v7.4.6,gap_tied_weak_links_phase3_seed,/Users/asewaket/Documents/LTSpice Superconducting Circuit/matlab_v7_4_6_files/outputs/v7_4_6_as006_gap_weaklink_v800_phase3_seed_404/AS006_v7_4_6_gap_weaklink_scores.csv
AS006,boundary_sns_a3_7_g0_1_p0_3,"SNS-like boundary constriction, alpha=3.7, tau=0.1, p=0.3",boundary_lane,boundary_constriction,shape,3.7,0,0.1,0.3,0.715686274509806,0.1,0.315904139433551,1.07531320414438e-07,3.68092541557286e-07,0.106983292677471,139.750128155912,0.20385560503079,0.255948997398435,0.281537365843989,0.177269806168538,0.0490513798178639,0.215525454611349,0.285783668566522,0.310409332873283,0.15346039373516,0.0568017797930262,239.918566184966,228.105253885117,404,v7.4.6,gap_tied_weak_links_phase3_seed,/Users/asewaket/Documents/LTSpice Superconducting Circuit/matlab_v7_4_6_files/outputs/v7_4_6_as006_gap_weaklink_v800_phase3_seed_404/AS006_v7_4_6_gap_weaklink_scores.csv
AS006,boundary_sns_a4_1_g0_1_p0_3,"SNS-like boundary constriction, alpha=4.1, tau=0.1, p=0.3",boundary_lane,boundary_constriction,shape,4.1,0.999999999999997,0.1,0.3,0.715686274509806,0.1,0.315904139433551,1.19156328026809e-07,4.07886329833749e-07,0.118549054048009,139.750128155912,0.204279686180397,0.257910737303447,0.281697638046808,0.177254701569894,0.0489484500542576,0.21607362557565,0.287947056505496,0.310709090709048,0.153408961924847,0.0569189602258625,239.962025716091,227.963485783847,404,v7.4.6,gap_tied_weak_links_phase3_seed,/Users/asewaket/Documents/LTSpice Superconducting Circuit/matlab_v7_4_6_files/outputs/v7_4_6_as006_gap_weaklink_v800_phase3_seed_404/AS006_v7_4_6_gap_weaklink_scores.csv
AS006,contact_relaxed_a3_3_g0_05_p0_3,"contact-relaxed SNS links, alpha=3.3, tau=0.05, p=0.3",contact_relaxation,contact_relaxed,shape,3.3,1,0.05,0.3,0.714793028322441,0.05,0.300217864923747,1.69083938942175e-07,2.57546400554439e-06,0.0438156555126881,19.6151792620038,0.204399261044637,0.244422228765963,0.311159998388609,0.148880877659365,0.0469429822029487,0.218078188522383,0.272001878274664,0.33866820593443,0.137167083831908,0.0542608491621141,241.766550501683,228.336918911947,404,v7.4.6,gap_tied_weak_links_phase3_seed,/Users/asewaket/Documents/LTSpice Superconducting Circuit/matlab_v7_4_6_files/outputs/v7_4_6_as006_gap_weaklink_v800_phase3_seed_404/AS006_v7_4_6_gap_weaklink_scores.csv
AS006,crack_tunnel_a4_1_g0_05_p0_3,"tunnel/crack-like links, alpha=4.1, tau=0.05, p=0.3",tear_lane,crack_tunnel,shape,4.1,0.999999999999997,0.05,0.3,0.714793028322442,0.05,0.300217864923747,7.65133204050176e-08,6.44387012657518e-07,0.0967864414626934,89.4004577387102,0.204586411488038,0.260799794366552,0.290246317658573,0.161764463362853,0.0519956279675714,0.230814964969484,0.233133432199869,0.249564516719034,0.238799339785441,0.185704313657441,250.607962804162,310.456836456861,404,v7.4.6,gap_tied_weak_links_phase3_seed,/Users/asewaket/Documents/LTSpice Superconducting Circuit/matlab_v7_4_6_files/outputs/v7_4_6_as006_gap_weaklink_v800_phase3_seed_404/AS006_v7_4_6_gap_weaklink_scores.csv
AS006,contact_relaxed_a3_3_g0_05_p0_2,"contact-relaxed SNS links, alpha=3.3, tau=0.05, p=0.2",contact_relaxation,contact_relaxed,shape,3.3,1,0.05,0.2,0.810000000000002,0.05,0.2,4.22481446271898e-08,7.80703062622726e-07,0.0409859890417269,73.8369550902383,0.204597142837638,0.250237919340587,0.297844731572114,0.163244008134529,0.0474645044282426,0.223482533539383,0.291933345081467,0.338266809838621,0.141324120697101,0.0568572545264829,235.822766385418,222.365400374946,404,v7.4.6,gap_tied_weak_links_phase3_seed,/Users/asewaket/Documents/LTSpice Superconducting Circuit/matlab_v7_4_6_files/outputs/v7_4_6_as006_gap_weaklink_v800_phase3_seed_404/AS006_v7_4_6_gap_weaklink_scores.csv
AS006,crack_tunnel_a3_3_g0_2_p0_3,"tunnel/crack-like links, alpha=3.3, tau=0.2, p=0.3",tear_lane,crack_tunnel,shape,3.3,1,0.2,0.3,0.759825708061,0.2,0.300217864923747,2.02824938906737e-07,4.34143298390324e-07,0.0779012821528996,108.578918682984,0.204702874918097,0.260984393451653,0.289571378113739,0.165195373350929,0.0492858527511291,0.208330513726016,0.261896276008712,0.289797543963404,0.16636339029286,0.0646563528193386,241.333704190642,254.834105125962,404,v7.4.6,gap_tied_weak_links_phase3_seed,/Users/asewaket/Documents/LTSpice Superconducting Circuit/matlab_v7_4_6_files/outputs/v7_4_6_as006_gap_weaklink_v800_phase3_seed_404/AS006_v7_4_6_gap_weaklink_scores.csv
AS006,boundary_sns_a3_7_g0_05_p0_3,"SNS-like boundary constriction, alpha=3.7, tau=0.05, p=0.3",boundary_lane,boundary_constriction,shape,3.7,0,0.05,0.3,0.699891067538129,0.05,0.315904139433551,5.35514254664306e-08,3.66625839392322e-07,0.106983292677471,140.309204449771,0.204713248719811,0.259628130202576,0.285982222366079,0.172632688342412,0.0476783638278243,0.206082359052107,0.258504229221701,0.284983051552779,0.174210129070692,0.0554245644831046,246.057490075571,251.117742490438,404,v7.4.6,gap_tied_weak_links_phase3_seed,/Users/asewaket/Documents/LTSpice Superconducting Circuit/matlab_v7_4_6_files/outputs/v7_4_6_as006_gap_weaklink_v800_phase3_seed_404/AS006_v7_4_6_gap_weaklink_scores.csv
AS006,crack_tunnel_a3_3_g0_2_p0_2,"tunnel/crack-like links, alpha=3.3, tau=0.2, p=0.2",tear_lane,crack_tunnel,shape,3.3,1,0.2,0.2,0.839651416122003,0.2,0.200435729847495,1.85093583721154e-07,4.05731375196425e-07,0.0863971031008055,129.299130336438,0.205075458521762,0.261313245386058,0.288962697817167,0.168868876740716,0.0472932301168128,0.212092682724591,0.282092668736724,0.309301951221114,0.152441213907984,0.0465408128643031,240.433239717165,235.671331897894,404,v7.4.6,gap_tied_weak_links_phase3_seed,/Users/asewaket/Documents/LTSpice Superconducting Circuit/matlab_v7_4_6_files/outputs/v7_4_6_as006_gap_weaklink_v800_phase3_seed_404/AS006_v7_4_6_gap_weaklink_scores.csv
AS006,boundary_sns_a3_3_g0_2_p0_3,"SNS-like boundary constriction, alpha=3.3, tau=0.2, p=0.3",boundary_lane,boundary_constriction,shape,3.3,1,0.2,0.3,0.747276688453157,0.2,0.315904139433551,1.85349743968152e-07,3.23764954146241e-07,0.0954175313069339,144.623016121919,0.205170748459431,0.26087714941134,0.288303302962526,0.170640460779162,0.0471452367274393,0.221837342946067,0.296603958324035,0.322884820691248,0.147052027917576,0.0637192852996447,240.428623327781,222.941214239288,404,v7.4.6,gap_tied_weak_links_phase3_seed,/Users/asewaket/Documents/LTSpice Superconducting Circuit/matlab_v7_4_6_files/outputs/v7_4_6_as006_gap_weaklink_v800_phase3_seed_404/AS006_v7_4_6_gap_weaklink_scores.csv
AS006,crack_tunnel_a3_3_g0_05_p0_1,"tunnel/crack-like links, alpha=3.3, tau=0.05, p=0.1",tear_lane,crack_tunnel,shape,3.3,1,0.05,0.1,0.904793028322441,0.05,0.100217864923747,4.80411208861013e-08,3.95872581420051e-07,0.104531876030701,148.901341208284,0.205345465789439,0.257570057421919,0.286859975401578,0.175120697481697,0.0482514427203908,0.210216414349734,0.26880622456417,0.297573182271297,0.165681409839992,0.0544210159097418,239.398990390589,245.815214589622,404,v7.4.6,gap_tied_weak_links_phase3_seed,/Users/asewaket/Documents/LTSpice Superconducting Circuit/matlab_v7_4_6_files/outputs/v7_4_6_as006_gap_weaklink_v800_phase3_seed_404/AS006_v7_4_6_gap_weaklink_scores.csv
AS006,combined_a3_3_g0_2_p0_1,"combined weak-link classes, alpha=3.3, tau=0.2, p=0.1",combined,boundary_constriction,shape,3.3,1,0.2,0.1,0.919825708061002,0.2,0.100217864923747,2.02288653314438e-07,3.85431579766638e-07,0.109248329264255,153.279603123759,0.205348248775185,0.259160040228036,0.290500400955568,0.170165749945336,0.0464983145439732,0.216048696252969,0.287556453013355,0.317591222117017,0.149570112460417,0.0499397489711894,240.512699740494,229.230325247177,404,v7.4.6,gap_tied_weak_links_phase3_seed,/Users/asewaket/Documents/LTSpice Superconducting Circuit/matlab_v7_4_6_files/outputs/v7_4_6_as006_gap_weaklink_v800_phase3_seed_404/AS006_v7_4_6_gap_weaklink_scores.csv
AS006,crack_tunnel_a3_7_g0_2_p0_3,"tunnel/crack-like links, alpha=3.7, tau=0.2, p=0.3",tear_lane,crack_tunnel,shape,3.7,0,0.2,0.3,0.759825708061,0.2,0.300217864923747,2.27409779986342e-07,4.86766728498242e-07,0.0873438618077965,108.578918682984,0.205677521639267,0.264944728516869,0.289930465906119,0.165139025446656,0.0496407825354374,0.209237655138315,0.265884777038569,0.290272260924644,0.166165169968417,0.0646205795743565,241.140287408212,254.900068275578,404,v7.4.6,gap_tied_weak_links_phase3_seed,/Users/asewaket/Documents/LTSpice Superconducting Circuit/matlab_v7_4_6_files/outputs/v7_4_6_as006_gap_weaklink_v800_phase3_seed_404/AS006_v7_4_6_gap_weaklink_scores.csv
AS006,boundary_sns_a3_7_g0_2_p0_3,"SNS-like boundary constriction, alpha=3.7, tau=0.2, p=0.3",boundary_lane,boundary_constriction,shape,3.7,0,0.2,0.3,0.747276688453157,0.2,0.315904139433551,2.07816379600655e-07,3.63009191012452e-07,0.106983292677471,144.623016121919,0.205785162248494,0.263695527705223,0.288222872274651,0.170902223422562,0.0472124777784054,0.222625182535482,0.299930297273024,0.323287767173087,0.146991663638958,0.0637024433027851,240.229787992041,222.731286062229,404,v7.4.6,gap_tied_weak_links_phase3_seed,/Users/asewaket/Documents/LTSpice Superconducting Circuit/matlab_v7_4_6_files/outputs/v7_4_6_as006_gap_weaklink_v800_phase3_seed_404/AS006_v7_4_6_gap_weaklink_scores.csv
AS006,boundary_sns_a4_1_g0_05_p0_3,"SNS-like boundary constriction, alpha=4.1, tau=0.05, p=0.3",boundary_lane,boundary_constriction,shape,4.1,0.999999999999997,0.05,0.3,0.699891067538129,0.05,0.315904139433551,5.93407687600987e-08,4.06261065272573e-07,0.118549054048009,140.309204449771,0.205844304215516,0.26403665549309,0.28836068649006,0.170618541033637,0.0472804879348386,0.206621169392238,0.261021483801969,0.285509306733461,0.173972074395958,0.0549779833807155,248.054620138393,251.024700339,404,v7.4.6,gap_tied_weak_links_phase3_seed,/Users/asewaket/Documents/LTSpice Superconducting Circuit/matlab_v7_4_6_files/outputs/v7_4_6_as006_gap_weaklink_v800_phase3_seed_404/AS006_v7_4_6_gap_weaklink_scores.csv
AS006,crack_tunnel_a3_7_g0_2_p0_2,"tunnel/crack-like links, alpha=3.7, tau=0.2, p=0.2",tear_lane,crack_tunnel,shape,3.7,0,0.2,0.2,0.839651416122003,0.2,0.200435729847495,2.07529169626749e-07,4.54910935826295e-07,0.0968694792342364,129.299130336438,0.206013801466223,0.264909424527782,0.28940600298811,0.168709909394036,0.0478116908315946,0.213008604502521,0.285857192861026,0.309792333598373,0.152328041396386,0.0466391941089439,240.115658987811,235.976854433938,404,v7.4.6,gap_tied_weak_links_phase3_seed,/Users/asewaket/Documents/LTSpice Superconducting Circuit/matlab_v7_4_6_files/outputs/v7_4_6_as006_gap_weaklink_v800_phase3_seed_404/AS006_v7_4_6_gap_weaklink_scores.csv
AS006,boundary_sns_a4_1_g0_2_p0_3,"SNS-like boundary constriction, alpha=4.1, tau=0.2, p=0.3",boundary_lane,boundary_constriction,shape,4.1,0.999999999999997,0.2,0.3,0.747276688453157,0.2,0.315904139433551,2.30283015233158e-07,4.02253427878663e-07,0.118549054048009,144.623016121919,0.206014980401261,0.264957228594676,0.287852266091138,0.171313861424032,0.047233880972097,0.223085490603486,0.301906558205061,0.323506925945647,0.146939474434848,0.0637094313639274,239.9611769972,222.474196722957,404,v7.4.6,gap_tied_weak_links_phase3_seed,/Users/asewaket/Documents/LTSpice Superconducting Circuit/matlab_v7_4_6_files/outputs/v7_4_6_as006_gap_weaklink_v800_phase3_seed_404/AS006_v7_4_6_gap_weaklink_scores.csv
AS006,crack_tunnel_a4_1_g0_2_p0_3,"tunnel/crack-like links, alpha=4.1, tau=0.2, p=0.3",tear_lane,crack_tunnel,shape,4.1,0.999999999999997,0.2,0.3,0.759825708061,0.2,0.300217864923747,2.51994621065946e-07,5.39390158606159e-07,0.0967864414626934,108.578918682984,0.206074470259826,0.2667234720655,0.289658144774873,0.165516788860959,0.0498511398014059,0.209732272687776,0.268149207568755,0.290555355482906,0.166018201311107,0.0645175321361564,240.789556253341,254.683757942233,404,v7.4.6,gap_tied_weak_links_phase3_seed,/Users/asewaket/Documents/LTSpice Superconducting Circuit/matlab_v7_4_6_files/outputs/v7_4_6_as006_gap_weaklink_v800_phase3_seed_404/AS006_v7_4_6_gap_weaklink_scores.csv
AS006,combined_a3_7_g0_2_p0_1,"combined weak-link classes, alpha=3.7, tau=0.2, p=0.1",combined,boundary_constriction,shape,3.7,0,0.2,0.1,0.919825708061002,0.2,0.100217864923747,2.26808490079824e-07,4.32150559132291e-07,0.122490550993256,153.279603123759,0.20616797440238,0.262642880900635,0.290630481800373,0.170303439176858,0.0467143489895394,0.216979306264736,0.291444910118484,0.318065670649607,0.149492820498286,0.0499706719455282,240.067450918316,229.36363609861,404,v7.4.6,gap_tied_weak_links_phase3_seed,/Users/asewaket/Documents/LTSpice Superconducting Circuit/matlab_v7_4_6_files/outputs/v7_4_6_as006_gap_weaklink_v800_phase3_seed_404/AS006_v7_4_6_gap_weaklink_scores.csv
AS006,crack_tunnel_a3_7_g0_05_p0_1,"tunnel/crack-like links, alpha=3.7, tau=0.05, p=0.1",tear_lane,crack_tunnel,shape,3.7,0,0.05,0.1,0.904793028322441,0.05,0.100217864923747,5.38642870541136e-08,4.43857136743694e-07,0.117202406458665,148.901341208284,0.206192922124537,0.260915654191893,0.286929853848199,0.17554452102209,0.0484910609188296,0.211214915292478,0.272726921006362,0.298173356393371,0.165588424051442,0.0545587517033278,238.993523353084,245.688439313146,404,v7.4.6,gap_tied_weak_links_phase3_seed,/Users/asewaket/Documents/LTSpice Superconducting Circuit/matlab_v7_4_6_files/outputs/v7_4_6_as006_gap_weaklink_v800_phase3_seed_404/AS006_v7_4_6_gap_weaklink_scores.csv
AS006,contact_relaxed_a3_7_g0_05_p0_2,"contact-relaxed SNS links, alpha=3.7, tau=0.05, p=0.2",contact_relaxation,contact_relaxed,shape,3.7,0,0.05,0.2,0.810000000000002,0.05,0.2,4.73691318547279e-08,8.75333736880026e-07,0.0459539877134514,73.8369550902383,0.206361691797255,0.258208746684664,0.297486275220268,0.164343649999175,0.0475691681671759,0.225856896048626,0.30170538681451,0.339556157415041,0.141241454764668,0.0568039994964631,234.965837567361,221.6722991682,404,v7.4.6,gap_tied_weak_links_phase3_seed,/Users/asewaket/Documents/LTSpice Superconducting Circuit/matlab_v7_4_6_files/outputs/v7_4_6_as006_gap_weaklink_v800_phase3_seed_404/AS006_v7_4_6_gap_weaklink_scores.csv
AS006,crack_tunnel_a3_3_g0_1_p0_1,"tunnel/crack-like links, alpha=3.3, tau=0.1, p=0.1",tear_lane,crack_tunnel,shape,3.3,1,0.1,0.1,0.909803921568628,0.1,0.100217864923747,9.42687978785432e-08,3.88400933150797e-07,0.104531876030701,151.765748457008,0.206385255645182,0.261332407508481,0.289998065355213,0.172593923630122,0.0473548518081554,0.21177722698816,0.274055378652689,0.302180383567105,0.162212425440799,0.0532495532446804,239.631355121829,244.117941323461,404,v7.4.6,gap_tied_weak_links_phase3_seed,/Users/asewaket/Documents/LTSpice Superconducting Circuit/matlab_v7_4_6_files/outputs/v7_4_6_as006_gap_weaklink_v800_phase3_seed_404/AS006_v7_4_6_gap_weaklink_scores.csv
AS006,crack_tunnel_a4_1_g0_2_p0_2,"tunnel/crack-like links, alpha=4.1, tau=0.2, p=0.2",tear_lane,crack_tunnel,shape,4.1,0.999999999999997,0.2,0.2,0.839651416122003,0.2,0.200435729847495,2.29964755532343e-07,5.04090496456165e-07,0.107341855367667,129.299130336438,0.206433587791013,0.2666110870546,0.289313722865636,0.168910863025729,0.0481192581034416,0.213537574665536,0.288067915527584,0.310080865027035,0.152240484386105,0.0466778385201532,239.767728142794,235.978616031339,404,v7.4.6,gap_tied_weak_links_phase3_seed,/Users/asewaket/Documents/LTSpice Superconducting Circuit/matlab_v7_4_6_files/outputs/v7_4_6_as006_gap_weaklink_v800_phase3_seed_404/AS006_v7_4_6_gap_weaklink_scores.csv
AS006,contact_relaxed_a3_3_g0_1_p0_2,"contact-relaxed SNS links, alpha=3.3, tau=0.1, p=0.2",contact_relaxation,contact_relaxed,shape,3.3,1,0.1,0.2,0.820000000000002,0.1,0.2,7.30968228332765e-08,6.75377746851432e-07,0.0409859890417269,85.3518453079358,0.206536820455323,0.257222752231595,0.302019104365729,0.159575367615415,0.0474587078857254,0.225090924862455,0.297681561235232,0.341260882001932,0.139708402805572,0.0559310160666949,236.169580593137,223.093803421551,404,v7.4.6,gap_tied_weak_links_phase3_seed,/Users/asewaket/Documents/LTSpice Superconducting Circuit/matlab_v7_4_6_files/outputs/v7_4_6_as006_gap_weaklink_v800_phase3_seed_404/AS006_v7_4_6_gap_weaklink_scores.csv
AS006,combined_a4_1_g0_2_p0_1,"combined weak-link classes, alpha=4.1, tau=0.2, p=0.1",combined,boundary_constriction,shape,4.1,0.999999999999997,0.2,0.1,0.919825708061002,0.2,0.100217864923747,2.5132832684521e-07,4.78869538497944e-07,0.135732772722257,153.279603123759,0.206619619551617,0.264595938877374,0.290454213136988,0.170596652020947,0.0469614708647982,0.217563795171506,0.29394563118077,0.318344922386473,0.149431069846304,0.0499808931925541,239.538962013758,229.460717781541,404,v7.4.6,gap_tied_weak_links_phase3_seed,/Users/asewaket/Documents/LTSpice Superconducting Circuit/matlab_v7_4_6_files/outputs/v7_4_6_as006_gap_weaklink_v800_phase3_seed_404/AS006_v7_4_6_gap_weaklink_scores.csv
AS006,contact_relaxed_a3_3_g0_1_p0_3,"contact-relaxed SNS links, alpha=3.3, tau=0.1, p=0.3",contact_relaxation,contact_relaxed,shape,3.3,1,0.1,0.3,0.72980392156863,0.1,0.300217864923747,1.80707155126822e-07,1.37625364208194e-06,0.0438156555126881,36.7070332145822,0.206720989917318,0.254528739874935,0.311766574844467,0.149089513149332,0.0471228122971709,0.221279358882469,0.284313672155472,0.341029590527421,0.136930806080516,0.0541178312332384,240.731683072608,227.769287940275,404,v7.4.6,gap_tied_weak_links_phase3_seed,/Users/asewaket/Documents/LTSpice Superconducting Circuit/matlab_v7_4_6_files/outputs/v7_4_6_as006_gap_weaklink_v800_phase3_seed_404/AS006_v7_4_6_gap_weaklink_scores.csv
AS006,crack_tunnel_a4_1_g0_05_p0_1,"tunnel/crack-like links, alpha=4.1, tau=0.05, p=0.1",tear_lane,crack_tunnel,shape,4.1,0.999999999999997,0.05,0.1,0.904793028322441,0.05,0.100217864923747,5.96874532221259e-08,4.91841692067337e-07,0.129872936886629,148.901341208284,0.206757986451629,0.262932084630663,0.286976286026647,0.175802573303933,0.0488961304509337,0.211818937739282,0.275116255531843,0.298547839788757,0.165514172390032,0.0546269980467009,238.593869481743,245.759288952046,404,v7.4.6,gap_tied_weak_links_phase3_seed,/Users/asewaket/Documents/LTSpice Superconducting Circuit/matlab_v7_4_6_files/outputs/v7_4_6_as006_gap_weaklink_v800_phase3_seed_404/AS006_v7_4_6_gap_weaklink_scores.csv
AS006,contact_relaxed_a3_7_g0_05_p0_3,"contact-relaxed SNS links, alpha=3.7, tau=0.05, p=0.3",contact_relaxation,contact_relaxed,shape,3.7,0,0.05,0.3,0.714793028322441,0.05,0.300217864923747,1.89578961844256e-07,2.88764146076189e-06,0.0491266440596806,19.6151792620038,0.207158719369509,0.256587059286646,0.312140300556211,0.14880580277284,0.0469537581214828,0.220993273202219,0.284579203247064,0.339654482638487,0.13738885794348,0.0542557457173307,241.793182353723,228.381869908449,404,v7.4.6,gap_tied_weak_links_phase3_seed,/Users/asewaket/Documents/LTSpice Superconducting Circuit/matlab_v7_4_6_files/outputs/v7_4_6_as006_gap_weaklink_v800_phase3_seed_404/AS006_v7_4_6_gap_weaklink_scores.csv
AS006,contact_relaxed_a4_1_g0_05_p0_2,"contact-relaxed SNS links, alpha=4.1, tau=0.05, p=0.2",contact_relaxation,contact_relaxed,shape,4.1,0.999999999999997,0.05,0.2,0.810000000000002,0.05,0.2,5.24901190822661e-08,9.69964411137326e-07,0.0509219863851758,73.8369550902383,0.207165368167163,0.26250935914111,0.296005684106441,0.166234777752067,0.0475140623183484,0.227577462941588,0.308687525661251,0.340531176878307,0.141196388660805,0.0567747436836438,233.835469703921,220.507485916793,404,v7.4.6,gap_tied_weak_links_phase3_seed,/Users/asewaket/Documents/LTSpice Superconducting Circuit/matlab_v7_4_6_files/outputs/v7_4_6_as006_gap_weaklink_v800_phase3_seed_404/AS006_v7_4_6_gap_weaklink_scores.csv
AS006,crack_tunnel_a3_7_g0_1_p0_1,"tunnel/crack-like links, alpha=3.7, tau=0.1, p=0.1",tear_lane,crack_tunnel,shape,3.7,0,0.1,0.1,0.909803921568628,0.1,0.100217864923747,1.05695318833518e-07,4.35479834138772e-07,0.117202406458665,151.765748457008,0.207206992696296,0.264577494561687,0.29002526601873,0.172952382079587,0.0477227757875297,0.212715503726182,0.277856084594042,0.302691942456737,0.162123821684966,0.0533557576313699,239.115607034677,244.159113602427,404,v7.4.6,gap_tied_weak_links_phase3_seed,/Users/asewaket/Documents/LTSpice Superconducting Circuit/matlab_v7_4_6_files/outputs/v7_4_6_as006_gap_weaklink_v800_phase3_seed_404/AS006_v7_4_6_gap_weaklink_scores.csv
AS006,combined_a3_3_g0_05_p0_05,"combined weak-link classes, alpha=3.3, tau=0.05, p=0.05",combined,boundary_constriction,shape,3.3,1,0.05,0.05,0.95239651416122,0.05,0.0501089324618736,5.1150656387214e-08,3.86807181332875e-07,0.113267133871323,160.835721140767,0.207364052847396,0.263103765873766,0.292138340886264,0.171728136646464,0.047814231004173,0.216572863958134,0.288924284903692,0.316798933327389,0.152286259722519,0.0491840769108997,239.936687016034,231.763729444061,404,v7.4.6,gap_tied_weak_links_phase3_seed,/Users/asewaket/Documents/LTSpice Superconducting Circuit/matlab_v7_4_6_files/outputs/v7_4_6_as006_gap_weaklink_v800_phase3_seed_404/AS006_v7_4_6_gap_weaklink_scores.csv
AS006,crack_tunnel_a4_1_g0_1_p0_1,"tunnel/crack-like links, alpha=4.1, tau=0.1, p=0.1",tear_lane,crack_tunnel,shape,4.1,0.999999999999997,0.1,0.1,0.909803921568628,0.1,0.100217864923747,1.17121839788493e-07,4.82558735126748e-07,0.129872936886629,151.765748457008,0.2076970868708,0.266391508616911,0.289927847162721,0.173240704308221,0.0481693128170531,0.213251453339511,0.280128036784584,0.302978441178971,0.162042831131995,0.0533634189347793,238.606788653456,244.290219643677,404,v7.4.6,gap_tied_weak_links_phase3_seed,/Users/asewaket/Documents/LTSpice Superconducting Circuit/matlab_v7_4_6_files/outputs/v7_4_6_as006_gap_weaklink_v800_phase3_seed_404/AS006_v7_4_6_gap_weaklink_scores.csv
AS006,combined_a3_7_g0_05_p0_05,"combined weak-link classes, alpha=3.7, tau=0.05, p=0.05",combined,boundary_constriction,shape,3.7,0,0.05,0.05,0.95239651416122,0.05,0.0501089324618736,5.73507359493006e-08,4.33692900282315e-07,0.126996483431484,160.835721140767,0.208118733209303,0.265970646344108,0.291639757366613,0.172590128036634,0.0485157842650411,0.217506764112769,0.292894095358987,0.3172466862376,0.152250765535186,0.0491445673700742,238.934255160686,231.819349193876,404,v7.4.6,gap_tied_weak_links_phase3_seed,/Users/asewaket/Documents/LTSpice Superconducting Circuit/matlab_v7_4_6_files/outputs/v7_4_6_as006_gap_weaklink_v800_phase3_seed_404/AS006_v7_4_6_gap_weaklink_scores.csv
AS006,boundary_sns_a3_3_g0_1_p0_2,"SNS-like boundary constriction, alpha=3.3, tau=0.1, p=0.2",boundary_lane,boundary_constriction,shape,3.3,1,0.1,0.2,0.800784313725492,0.1,0.221350762527233,9.44453726184011e-08,3.16770588530103e-07,0.110840552687223,162.189999681691,0.208133362662323,0.264300006907245,0.291957075611929,0.172699125808334,0.0495680168230776,0.214784348741846,0.285383044287079,0.312205774449659,0.155735972171761,0.0475086289205456,239.969026878301,235.763797789186,404,v7.4.6,gap_tied_weak_links_phase3_seed,/Users/asewaket/Documents/LTSpice Superconducting Circuit/matlab_v7_4_6_files/outputs/v7_4_6_as006_gap_weaklink_v800_phase3_seed_404/AS006_v7_4_6_gap_weaklink_scores.csv
AS006,contact_relaxed_a3_7_g0_1_p0_2,"contact-relaxed SNS links, alpha=3.7, tau=0.1, p=0.2",contact_relaxation,contact_relaxed,shape,3.7,0,0.1,0.2,0.820000000000002,0.1,0.2,8.19570437827646e-08,7.57241716166757e-07,0.0459539877134514,85.3518453079358,0.208324518876736,0.265087131936384,0.302087028994641,0.160178512607468,0.0476600209473363,0.227259925472674,0.306669223942144,0.342296590917065,0.139752135799333,0.0559211995671964,235.597043083405,222.772585604637,404,v7.4.6,gap_tied_weak_links_phase3_seed,/Users/asewaket/Documents/LTSpice Superconducting Circuit/matlab_v7_4_6_files/outputs/v7_4_6_as006_gap_weaklink_v800_phase3_seed_404/AS006_v7_4_6_gap_weaklink_scores.csv
AS006,combined_a3_3_g0_1_p0_05,"combined weak-link classes, alpha=3.3, tau=0.1, p=0.05",combined,boundary_constriction,shape,3.3,1,0.1,0.05,0.954901960784314,0.1,0.0501089324618736,1.00722904649813e-07,3.80839128908941e-07,0.113267133871323,163.356144969482,0.208404050765856,0.267051270274337,0.295016552257244,0.169433550641999,0.046898078802267,0.216766652718542,0.290833447688587,0.317787744537674,0.151795501409441,0.047126886201392,240.273750197309,233.246176002669,404,v7.4.6,gap_tied_weak_links_phase3_seed,/Users/asewaket/Documents/LTSpice Superconducting Circuit/matlab_v7_4_6_files/outputs/v7_4_6_as006_gap_weaklink_v800_phase3_seed_404/AS006_v7_4_6_gap_weaklink_scores.csv
AS006,crack_tunnel_a3_3_g0_2_p0_1,"tunnel/crack-like links, alpha=3.3, tau=0.2, p=0.1",tear_lane,crack_tunnel,shape,3.3,1,0.2,0.1,0.919825708061001,0.2,0.100217864923747,1.82250797800733e-07,3.7544967967282e-07,0.104531876030701,157.00095515436,0.208565674451325,0.268910763536842,0.296169414518341,0.167102157369647,0.0467434366006278,0.214356140511538,0.283360603751798,0.310082092007037,0.156178543493025,0.0505532584272952,240.449559940072,241.680865945285,404,v7.4.6,gap_tied_weak_links_phase3_seed,/Users/asewaket/Documents/LTSpice Superconducting Circuit/matlab_v7_4_6_files/outputs/v7_4_6_as006_gap_weaklink_v800_phase3_seed_404/AS006_v7_4_6_gap_weaklink_scores.csv
AS006,combined_a4_1_g0_05_p0_05,"combined weak-link classes, alpha=4.1, tau=0.05, p=0.05",combined,boundary_constriction,shape,4.1,0.999999999999997,0.05,0.05,0.95239651416122,0.05,0.0501089324618736,6.35508155113871e-08,4.80578619231754e-07,0.140725832991644,160.835721140767,0.208573133348902,0.267553090663016,0.291157706741379,0.173281060284778,0.0491852639281097,0.218079168029971,0.295391693671586,0.317501491167148,0.152221869899756,0.049099199561065,238.148391460776,231.864262914337,404,v7.4.6,gap_tied_weak_links_phase3_seed,/Users/asewaket/Documents/LTSpice Superconducting Circuit/matlab_v7_4_6_files/outputs/v7_4_6_as006_gap_weaklink_v800_phase3_seed_404/AS006_v7_4_6_gap_weaklink_scores.csv
AS006,boundary_sns_a3_3_g0_05_p0_2,"SNS-like boundary constriction, alpha=3.3, tau=0.05, p=0.2",boundary_lane,boundary_constriction,shape,3.3,1,0.05,0.2,0.78971677559913,0.05,0.221350762527233,4.62741640841276e-08,3.10407885199274e-07,0.110840552687223,165.514550701197,0.20879361339502,0.263814002098531,0.292995955868519,0.172306644245559,0.0520278367997121,0.212324581459655,0.257774415640138,0.287172525995719,0.180524624776893,0.0756407901945098,241.49408205584,261.659774871232,404,v7.4.6,gap_tied_weak_links_phase3_seed,/Users/asewaket/Documents/LTSpice Superconducting Circuit/matlab_v7_4_6_files/outputs/v7_4_6_as006_gap_weaklink_v800_phase3_seed_404/AS006_v7_4_6_gap_weaklink_scores.csv
AS006,boundary_sns_a3_7_g0_1_p0_2,"SNS-like boundary constriction, alpha=3.7, tau=0.1, p=0.2",boundary_lane,boundary_constriction,shape,3.7,0,0.1,0.2,0.800784313725492,0.1,0.221350762527233,1.05893296572147e-07,3.55167023503448e-07,0.124275771194766,162.189999681691,0.208832210009819,0.267397019704802,0.292127529674177,0.172794264884488,0.0495480223088745,0.215611296099127,0.288855956885128,0.312598711050939,0.155683679610542,0.0475481797581854,239.904342081714,235.629238182125,404,v7.4.6,gap_tied_weak_links_phase3_seed,/Users/asewaket/Documents/LTSpice Superconducting Circuit/matlab_v7_4_6_files/outputs/v7_4_6_as006_gap_weaklink_v800_phase3_seed_404/AS006_v7_4_6_gap_weaklink_scores.csv
AS006,combined_a3_7_g0_1_p0_05,"combined weak-link classes, alpha=3.7, tau=0.1, p=0.05",combined,boundary_constriction,shape,3.7,0,0.1,0.05,0.954901960784314,0.1,0.0501089324618736,1.12931741577064e-07,4.27001447564571e-07,0.126996483431484,163.356144969482,0.209008600059891,0.269567300324509,0.294349679988129,0.170336350343824,0.0474433220659385,0.217645387709962,0.294576195973719,0.318164687777954,0.151761820960764,0.0471602627637175,239.078770030913,233.405983184627,404,v7.4.6,gap_tied_weak_links_phase3_seed,/Users/asewaket/Documents/LTSpice Superconducting Circuit/matlab_v7_4_6_files/outputs/v7_4_6_as006_gap_weaklink_v800_phase3_seed_404/AS006_v7_4_6_gap_weaklink_scores.csv
AS006,boundary_sns_a3_3_g0_2_p0_2,"SNS-like boundary constriction, alpha=3.3, tau=0.2, p=0.2",boundary_lane,boundary_constriction,shape,3.3,1,0.2,0.2,0.822919389978212,0.2,0.221350762527233,1.87066246366523e-07,3.15778903966741e-07,0.110840552687223,163.77187496351,0.209141982188317,0.269812822285764,0.296140614017665,0.168277350650646,0.0473043258116005,0.222272022614649,0.300632828273683,0.325745327046057,0.147974754175604,0.0557045197494577,240.231712966687,227.212302230444,404,v7.4.6,gap_tied_weak_links_phase3_seed,/Users/asewaket/Documents/LTSpice Superconducting Circuit/matlab_v7_4_6_files/outputs/v7_4_6_as006_gap_weaklink_v800_phase3_seed_404/AS006_v7_4_6_gap_weaklink_scores.csv
AS006,contact_relaxed_a4_1_g0_1_p0_2,"contact-relaxed SNS links, alpha=4.1, tau=0.1, p=0.2",contact_relaxation,contact_relaxed,shape,4.1,0.999999999999997,0.1,0.2,0.820000000000002,0.1,0.2,9.08172647322526e-08,8.39105685482082e-07,0.0509219863851758,85.3518453079358,0.209170038369328,0.269510392334401,0.300987512359106,0.161516655724098,0.0477158332286809,0.228817253814131,0.313120467611204,0.343023740876819,0.139800257048151,0.0559239336148273,234.715488832484,221.971038924689,404,v7.4.6,gap_tied_weak_links_phase3_seed,/Users/asewaket/Documents/LTSpice Superconducting Circuit/matlab_v7_4_6_files/outputs/v7_4_6_as006_gap_weaklink_v800_phase3_seed_404/AS006_v7_4_6_gap_weaklink_scores.csv
AS006,contact_relaxed_a3_7_g0_1_p0_3,"contact-relaxed SNS links, alpha=3.7, tau=0.1, p=0.3",contact_relaxation,contact_relaxed,shape,3.7,0,0.1,0.3,0.72980392156863,0.1,0.300217864923747,2.02611052717952e-07,1.5430722653646e-06,0.0491266440596806,36.7070332145822,0.209195061619136,0.265702010078312,0.312487910789019,0.14908428573802,0.0470640969640605,0.223932860195923,0.295854655133425,0.341873491717989,0.137133659271729,0.0541139612500489,240.769607560301,227.696524283561,404,v7.4.6,gap_tied_weak_links_phase3_seed,/Users/asewaket/Documents/LTSpice Superconducting Circuit/matlab_v7_4_6_files/outputs/v7_4_6_as006_gap_weaklink_v800_phase3_seed_404/AS006_v7_4_6_gap_weaklink_scores.csv
AS006,boundary_sns_a4_1_g0_1_p0_2,"SNS-like boundary constriction, alpha=4.1, tau=0.1, p=0.2",boundary_lane,boundary_constriction,shape,4.1,0.999999999999997,0.1,0.2,0.800784313725492,0.1,0.221350762527233,1.17341220525892e-07,3.93563458476794e-07,0.137710989702308,162.189999681691,0.209201627032816,0.269187848448304,0.292150229651763,0.17286780033946,0.0494726344008656,0.21610631159072,0.291004395492248,0.312811815182377,0.15562737077386,0.0475722724248661,239.869414250355,235.492041472962,404,v7.4.6,gap_tied_weak_links_phase3_seed,/Users/asewaket/Documents/LTSpice Superconducting Circuit/matlab_v7_4_6_files/outputs/v7_4_6_as006_gap_weaklink_v800_phase3_seed_404/AS006_v7_4_6_gap_weaklink_scores.csv
AS006,crack_tunnel_a3_7_g0_2_p0_1,"tunnel/crack-like links, alpha=3.7, tau=0.2, p=0.1",tear_lane,crack_tunnel,shape,3.7,0,0.2,0.1,0.919825708061001,0.2,0.100217864923747,2.04341803594761e-07,4.20958731754374e-07,0.117202406458665,157.00095515436,0.209246473225448,0.271788676657368,0.296086257251737,0.167358866976692,0.0470941555584692,0.215167104392608,0.286821726724802,0.310487894746448,0.156041348849948,0.0506082933695202,239.763665666019,241.904042057507,404,v7.4.6,gap_tied_weak_links_phase3_seed,/Users/asewaket/Documents/LTSpice Superconducting Circuit/matlab_v7_4_6_files/outputs/v7_4_6_as006_gap_weaklink_v800_phase3_seed_404/AS006_v7_4_6_gap_weaklink_scores.csv
AS006,contact_relaxed_a3_3_g0_2_p0_2,"contact-relaxed SNS links, alpha=3.3, tau=0.2, p=0.2",contact_relaxation,contact_relaxed,shape,3.3,1,0.2,0.2,0.839999999999998,0.2,0.2,1.18558741925555e-07,5.47711466022636e-07,0.0409859890417269,105.246540468268,0.209317650207854,0.267893066451757,0.306475978770393,0.155922096929148,0.0474596005778924,0.227648506292913,0.307370657717261,0.344827776569022,0.138224064095549,0.0546431846320805,236.281594277544,223.840159945197,404,v7.4.6,gap_tied_weak_links_phase3_seed,/Users/asewaket/Documents/LTSpice Superconducting Circuit/matlab_v7_4_6_files/outputs/v7_4_6_as006_gap_weaklink_v800_phase3_seed_404/AS006_v7_4_6_gap_weaklink_scores.csv
AS006,contact_relaxed_a4_1_g0_05_p0_3,"contact-relaxed SNS links, alpha=4.1, tau=0.05, p=0.3",contact_relaxation,contact_relaxed,shape,4.1,0.999999999999997,0.05,0.3,0.714793028322441,0.05,0.300217864923747,2.10073984746338e-07,3.1998189159794e-06,0.054437632606673,19.6151792620038,0.209348389679182,0.266369237167102,0.312872063098324,0.148753627653661,0.0469045662396627,0.223288712176099,0.294555305265498,0.340392679204104,0.137560340824086,0.0542506409777063,241.876616199415,228.35777669868,404,v7.4.6,gap_tied_weak_links_phase3_seed,/Users/asewaket/Documents/LTSpice Superconducting Circuit/matlab_v7_4_6_files/outputs/v7_4_6_as006_gap_weaklink_v800_phase3_seed_404/AS006_v7_4_6_gap_weaklink_scores.csv
AS006,combined_a4_1_g0_1_p0_05,"combined weak-link classes, alpha=4.1, tau=0.1, p=0.05",combined,boundary_constriction,shape,4.1,0.999999999999997,0.1,0.05,0.954901960784314,0.1,0.0501089324618736,1.25140578504314e-07,4.731637662202e-07,0.140725832991644,163.356144969482,0.209351783106448,0.270834686611982,0.293704201519095,0.171081175364686,0.0480904070559817,0.218162507035575,0.296875320520245,0.318359256660617,0.151723841581275,0.0471537135249574,238.129250594087,233.520692954582,404,v7.4.6,gap_tied_weak_links_phase3_seed,/Users/asewaket/Documents/LTSpice Superconducting Circuit/matlab_v7_4_6_files/outputs/v7_4_6_as006_gap_weaklink_v800_phase3_seed_404/AS006_v7_4_6_gap_weaklink_scores.csv
AS006,crack_tunnel_a4_1_g0_2_p0_1,"tunnel/crack-like links, alpha=4.1, tau=0.2, p=0.1",tear_lane,crack_tunnel,shape,4.1,0.999999999999997,0.2,0.1,0.919825708061001,0.2,0.100217864923747,2.26432809388789e-07,4.66467783835928e-07,0.129872936886629,157.00095515436,0.209619112096112,0.273310055261044,0.295835691492769,0.16763978254527,0.0475233169255807,0.215619266598106,0.288903932442371,0.310698226174706,0.155926474492999,0.0505624116261736,239.111294118619,242.114556060548,404,v7.4.6,gap_tied_weak_links_phase3_seed,/Users/asewaket/Documents/LTSpice Superconducting Circuit/matlab_v7_4_6_files/outputs/v7_4_6_as006_gap_weaklink_v800_phase3_seed_404/AS006_v7_4_6_gap_weaklink_scores.csv
AS006,boundary_sns_a3_7_g0_2_p0_2,"SNS-like boundary constriction, alpha=3.7, tau=0.2, p=0.2",boundary_lane,boundary_constriction,shape,3.7,0,0.2,0.2,0.822919389978212,0.2,0.221350762527233,2.09740942895799e-07,3.54055134750588e-07,0.124275771194766,163.77187496351,0.209675657327955,0.272413680860593,0.29604958352241,0.168457143246577,0.0473064055567422,0.222989393304514,0.30381218617978,0.3260505505361,0.147893759228065,0.0556791178695338,240.076561623694,227.022179610004,404,v7.4.6,gap_tied_weak_links_phase3_seed,/Users/asewaket/Documents/LTSpice Superconducting Circuit/matlab_v7_4_6_files/outputs/v7_4_6_as006_gap_weaklink_v800_phase3_seed_404/AS006_v7_4_6_gap_weaklink_scores.csv
AS006,boundary_sns_a3_7_g0_05_p0_2,"SNS-like boundary constriction, alpha=3.7, tau=0.05, p=0.2",boundary_lane,boundary_constriction,shape,3.7,0,0.05,0.2,0.78971677559913,0.05,0.221350762527233,5.18831536700825e-08,3.48033083405246e-07,0.124275771194766,165.514550701197,0.209818576296438,0.267239803395693,0.293137103517735,0.172667497000122,0.0530287756803114,0.213073796569909,0.261727004714118,0.287803901426653,0.180249319232026,0.0746735015987518,241.057763854405,261.566258903389,404,v7.4.6,gap_tied_weak_links_phase3_seed,/Users/asewaket/Documents/LTSpice Superconducting Circuit/matlab_v7_4_6_files/outputs/v7_4_6_as006_gap_weaklink_v800_phase3_seed_404/AS006_v7_4_6_gap_weaklink_scores.csv
AS006,boundary_sns_a4_1_g0_2_p0_2,"SNS-like boundary constriction, alpha=4.1, tau=0.2, p=0.2",boundary_lane,boundary_constriction,shape,4.1,0.999999999999997,0.2,0.2,0.822919389978212,0.2,0.221350762527233,2.32415639425074e-07,3.92331365534435e-07,0.137710989702308,163.77187496351,0.209904512029594,0.273763473681212,0.295732830055221,0.16874126222485,0.0473000560890572,0.223427308886963,0.305841562566859,0.326204334665139,0.147822650092893,0.0556590835878485,239.871620368793,226.798497040003,404,v7.4.6,gap_tied_weak_links_phase3_seed,/Users/asewaket/Documents/LTSpice Superconducting Circuit/matlab_v7_4_6_files/outputs/v7_4_6_as006_gap_weaklink_v800_phase3_seed_404/AS006_v7_4_6_gap_weaklink_scores.csv
AS006,combined_a3_3_g0_4_p0_2,"combined weak-link classes, alpha=3.3, tau=0.4, p=0.2",combined,boundary_constriction,shape,3.3,1,0.4,0.2,0.879999999999999,0.4,0.2,3.86458587580053e-07,3.93675103695575e-07,0.108064440960143,153.048772662985,0.209946950940592,0.274089608760366,0.30322515159886,0.158238786620268,0.0472026473692537,0.222352276942622,0.301630729622768,0.329805787758936,0.142962800583228,0.0542670257831694,241.756150773961,229.07441512269,404,v7.4.6,gap_tied_weak_links_phase3_seed,/Users/asewaket/Documents/LTSpice Superconducting Circuit/matlab_v7_4_6_files/outputs/v7_4_6_as006_gap_weaklink_v800_phase3_seed_404/AS006_v7_4_6_gap_weaklink_scores.csv
AS006,contact_relaxed_a3_3_g0_2_p0_3,"contact-relaxed SNS links, alpha=3.3, tau=0.2, p=0.3",contact_relaxation,contact_relaxed,shape,3.3,1,0.2,0.3,0.759825708061001,0.2,0.300217864923747,2.02235406280032e-07,7.70118212766135e-07,0.0438156555126881,65.5990330018475,0.210186880098461,0.26935276350689,0.313114667894479,0.149059204344994,0.0473069627388341,0.225778532993504,0.301526070884463,0.34448873881732,0.136617555999468,0.0537393561534123,239.481918184567,227.112688687493,404,v7.4.6,gap_tied_weak_links_phase3_seed,/Users/asewaket/Documents/LTSpice Superconducting Circuit/matlab_v7_4_6_files/outputs/v7_4_6_as006_gap_weaklink_v800_phase3_seed_404/AS006_v7_4_6_gap_weaklink_scores.csv
AS006,combined_a3_3_g0_4_p0_3,"combined weak-link classes, alpha=3.3, tau=0.4, p=0.3",combined,boundary_constriction,shape,3.3,1,0.4,0.3,0.81986928104575,0.4,0.300217864923747,3.57769247170582e-07,4.18480323775514e-07,0.0906222115741721,138.263795610979,0.210272449749926,0.275464407657462,0.305120395699168,0.155598784973303,0.0474386674019933,0.219593934093248,0.297571119225114,0.326610321192675,0.143137139405198,0.0499090648974471,242.374573835729,233.200880023424,404,v7.4.6,gap_tied_weak_links_phase3_seed,/Users/asewaket/Documents/LTSpice Superconducting Circuit/matlab_v7_4_6_files/outputs/v7_4_6_as006_gap_weaklink_v800_phase3_seed_404/AS006_v7_4_6_gap_weaklink_scores.csv
AS006,combined_a3_7_g0_4_p0_2,"combined weak-link classes, alpha=3.7, tau=0.4, p=0.2",combined,boundary_constriction,shape,3.7,0,0.4,0.2,0.879999999999999,0.4,0.2,4.33302052741272e-07,4.41393298082918e-07,0.121163161076524,153.048772662985,0.210451067610942,0.276719697300391,0.302572178506122,0.158942248358285,0.0473565179207523,0.223260644306236,0.30543019870862,0.330243490617343,0.142932416117821,0.0542813940949367,241.161363459912,228.669879603553,404,v7.4.6,gap_tied_weak_links_phase3_seed,/Users/asewaket/Documents/LTSpice Superconducting Circuit/matlab_v7_4_6_files/outputs/v7_4_6_as006_gap_weaklink_v800_phase3_seed_404/AS006_v7_4_6_gap_weaklink_scores.csv
AS006,boundary_sns_a4_1_g0_05_p0_2,"SNS-like boundary constriction, alpha=4.1, tau=0.05, p=0.2",boundary_lane,boundary_constriction,shape,4.1,0.999999999999997,0.05,0.2,0.78971677559913,0.05,0.221350762527233,5.74921432560374e-08,3.85658281611219e-07,0.137710989702308,165.514550701197,0.2104587859803,0.26934077288815,0.293298374655404,0.172809142102111,0.0536695737387555,0.213463868524172,0.264116919617539,0.288219991296001,0.18001475611657,0.0737989930896094,240.864556829927,261.479222052773,404,v7.4.6,gap_tied_weak_links_phase3_seed,/Users/asewaket/Documents/LTSpice Superconducting Circuit/matlab_v7_4_6_files/outputs/v7_4_6_as006_gap_weaklink_v800_phase3_seed_404/AS006_v7_4_6_gap_weaklink_scores.csv
AS006,combined_a4_1_g0_4_p0_2,"combined weak-link classes, alpha=4.1, tau=0.4, p=0.2",combined,boundary_constriction,shape,4.1,0.999999999999997,0.4,0.2,0.879999999999999,0.4,0.2,4.8014551790249e-07,4.8911149247026e-07,0.134261881192904,153.048772662985,0.210489712048688,0.277636269997686,0.301279878720645,0.16005951703441,0.0474981061916144,0.223870152085877,0.308059205912719,0.330496069677044,0.142907262056844,0.054289355010785,240.317159248974,228.073720451827,404,v7.4.6,gap_tied_weak_links_phase3_seed,/Users/asewaket/Documents/LTSpice Superconducting Circuit/matlab_v7_4_6_files/outputs/v7_4_6_as006_gap_weaklink_v800_phase3_seed_404/AS006_v7_4_6_gap_weaklink_scores.csv
AS006,combined_a3_3_g0_2_p0_05,"combined weak-link classes, alpha=3.3, tau=0.2, p=0.05",combined,boundary_constriction,shape,3.3,1,0.2,0.05,0.959912854030501,0.2,0.0501089324618736,1.96415240939269e-07,3.71328693924285e-07,0.113267133871323,167.540006926547,0.210608690071353,0.274540551398294,0.300872774746232,0.164272768550385,0.0466345824645842,0.218330829290458,0.295751675631924,0.321266539650401,0.149654471013241,0.0466179376656137,241.21553082998,234.74565765528,404,v7.4.6,gap_tied_weak_links_phase3_seed,/Users/asewaket/Documents/LTSpice Superconducting Circuit/matlab_v7_4_6_files/outputs/v7_4_6_as006_gap_weaklink_v800_phase3_seed_404/AS006_v7_4_6_gap_weaklink_scores.csv
AS006,crack_tunnel_a3_3_g0_05_p0_05,"tunnel/crack-like links, alpha=3.3, tau=0.05, p=0.05",tear_lane,crack_tunnel,shape,3.3,1,0.05,0.05,0.951982570806101,0.05,0.0505446623093682,4.67635273842402e-08,3.74626192557393e-07,0.111301828529915,166.028504479071,0.210769557427516,0.273936196283042,0.30073603907061,0.165140277150027,0.0471981760434356,0.215748672115151,0.285045528352198,0.311342682789116,0.157184197305664,0.0523678907105254,241.441524797102,243.978535716331,404,v7.4.6,gap_tied_weak_links_phase3_seed,/Users/asewaket/Documents/LTSpice Superconducting Circuit/matlab_v7_4_6_files/outputs/v7_4_6_as006_gap_weaklink_v800_phase3_seed_404/AS006_v7_4_6_gap_weaklink_scores.csv
AS006,combined_a4_1_g0_4_p0_3,"combined weak-link classes, alpha=4.1, tau=0.4, p=0.3",combined,boundary_constriction,shape,4.1,0.999999999999997,0.4,0.3,0.81986928104575,0.4,0.300217864923747,4.44501185878602e-07,5.19930099236245e-07,0.11259123256185,138.263795610979,0.210801118970362,0.279580795245328,0.302520042517503,0.157833017909401,0.0477234528141001,0.221349069433636,0.30520300341343,0.32728524802329,0.143085258690891,0.0499365863503774,240.622436106595,231.900065314073,404,v7.4.6,gap_tied_weak_links_phase3_seed,/Users/asewaket/Documents/LTSpice Superconducting Circuit/matlab_v7_4_6_files/outputs/v7_4_6_as006_gap_weaklink_v800_phase3_seed_404/AS006_v7_4_6_gap_weaklink_scores.csv
AS006,combined_a3_7_g0_4_p0_3,"combined weak-link classes, alpha=3.7, tau=0.4, p=0.3",combined,boundary_constriction,shape,3.7,0,0.4,0.3,0.81986928104575,0.4,0.300217864923747,4.01135216524592e-07,4.69205211505879e-07,0.101606722068011,138.263795610979,0.210823112558263,0.278565074963465,0.304226642211629,0.156447723509376,0.0475942095707777,0.220637121584183,0.302055197656627,0.32703397412528,0.143108071058808,0.0499358667215409,241.654550219688,232.700972367572,404,v7.4.6,gap_tied_weak_links_phase3_seed,/Users/asewaket/Documents/LTSpice Superconducting Circuit/matlab_v7_4_6_files/outputs/v7_4_6_as006_gap_weaklink_v800_phase3_seed_404/AS006_v7_4_6_gap_weaklink_scores.csv
AS006,combined_a3_7_g0_2_p0_05,"combined weak-link classes, alpha=3.7, tau=0.2, p=0.05",combined,boundary_constriction,shape,3.7,0,0.2,0.05,0.959912854030501,0.2,0.0501089324618736,2.20223148931907e-07,4.16338232581774e-07,0.126996483431484,167.540006926547,0.210908901383651,0.276372915918263,0.299834681696061,0.165283982220987,0.0468559202556518,0.219107551377503,0.299129088751242,0.321583395025224,0.149567202236842,0.046678724046077,239.841361496233,234.798215510386,404,v7.4.6,gap_tied_weak_links_phase3_seed,/Users/asewaket/Documents/LTSpice Superconducting Circuit/matlab_v7_4_6_files/outputs/v7_4_6_as006_gap_weaklink_v800_phase3_seed_404/AS006_v7_4_6_gap_weaklink_scores.csv
AS006,contact_relaxed_a3_7_g0_2_p0_2,"contact-relaxed SNS links, alpha=3.7, tau=0.2, p=0.2",contact_relaxation,contact_relaxed,shape,3.7,0,0.2,0.2,0.839999999999998,0.2,0.2,1.32929498522592e-07,6.14100734631441e-07,0.0459539877134514,105.246540468268,0.21094946511294,0.275053244921933,0.306824925316591,0.156058135793431,0.0476777915969416,0.229443747157632,0.315056888190348,0.345506844176758,0.138302553466507,0.0546466784553531,236.003373240942,223.845296408333,404,v7.4.6,gap_tied_weak_links_phase3_seed,/Users/asewaket/Documents/LTSpice Superconducting Circuit/matlab_v7_4_6_files/outputs/v7_4_6_as006_gap_weaklink_v800_phase3_seed_404/AS006_v7_4_6_gap_weaklink_scores.csv
AS006,combined_a4_1_g0_2_p0_05,"combined weak-link classes, alpha=4.1, tau=0.2, p=0.05",combined,boundary_constriction,shape,4.1,0.999999999999997,0.2,0.05,0.959912854030501,0.2,0.0501089324618736,2.44031056924546e-07,4.61347771239263e-07,0.140725832991644,167.540006926547,0.211025806678233,0.27702946043585,0.298802396871255,0.166222041964915,0.0474178259744781,0.219551995327378,0.301172748339875,0.321740489540009,0.149490004442285,0.0466788660491441,238.560784804563,234.914097812585,404,v7.4.6,gap_tied_weak_links_phase3_seed,/Users/asewaket/Documents/LTSpice Superconducting Circuit/matlab_v7_4_6_files/outputs/v7_4_6_as006_gap_weaklink_v800_phase3_seed_404/AS006_v7_4_6_gap_weaklink_scores.csv
AS006,boundary_sns_a4_1_g0_4_p0_3,"SNS-like boundary constriction, alpha=4.1, tau=0.4, p=0.3",boundary_lane,boundary_constriction,shape,4.1,0.999999999999997,0.4,0.3,0.810457516339867,0.4,0.315904139433551,4.25447453579173e-07,4.45651492464712e-07,0.118549054048009,156.560928709244,0.211208203067254,0.280906910952,0.302144443902094,0.159447197174414,0.0470723310875871,0.226726861223762,0.313558315144311,0.333716608969684,0.142181469119986,0.0583450888775669,240.940444447175,225.503810841015,404,v7.4.6,gap_tied_weak_links_phase3_seed,/Users/asewaket/Documents/LTSpice Superconducting Circuit/matlab_v7_4_6_files/outputs/v7_4_6_as006_gap_weaklink_v800_phase3_seed_404/AS006_v7_4_6_gap_weaklink_scores.csv
AS006,boundary_sns_a3_3_g0_4_p0_3,"SNS-like boundary constriction, alpha=3.3, tau=0.4, p=0.3",boundary_lane,boundary_constriction,shape,3.3,1,0.4,0.3,0.810457516339867,0.4,0.315904139433551,3.42433316295432e-07,3.58695103691109e-07,0.0954175313069339,156.560928709244,0.211220632295144,0.279458718715975,0.304505102166774,0.157486468183163,0.0469024287389381,0.225636581273603,0.308932112132599,0.333189864899702,0.142281525648297,0.0583166236005672,242.412297446854,226.685853862862,404,v7.4.6,gap_tied_weak_links_phase3_seed,/Users/asewaket/Documents/LTSpice Superconducting Circuit/matlab_v7_4_6_files/outputs/v7_4_6_as006_gap_weaklink_v800_phase3_seed_404/AS006_v7_4_6_gap_weaklink_scores.csv
AS006,crack_tunnel_a3_7_g0_05_p0_05,"tunnel/crack-like links, alpha=3.7, tau=0.05, p=0.05",tear_lane,crack_tunnel,shape,3.7,0,0.05,0.05,0.951982570806101,0.05,0.0505446623093682,5.24318337338451e-08,4.20035428018895e-07,0.124792959260814,166.028504479071,0.211244363782906,0.27577573960251,0.299664939363761,0.166425548036716,0.0480005003795435,0.216624928601692,0.288545816364349,0.311789231557158,0.157137866785108,0.0525253379376965,239.820995661866,244.083168177148,404,v7.4.6,gap_tied_weak_links_phase3_seed,/Users/asewaket/Documents/LTSpice Superconducting Circuit/matlab_v7_4_6_files/outputs/v7_4_6_as006_gap_weaklink_v800_phase3_seed_404/AS006_v7_4_6_gap_weaklink_scores.csv
AS006,contact_relaxed_a4_1_g0_1_p0_3,"contact-relaxed SNS links, alpha=4.1, tau=0.1, p=0.3",contact_relaxation,contact_relaxed,shape,4.1,0.999999999999997,0.1,0.3,0.72980392156863,0.1,0.300217864923747,2.24514950309082e-07,1.70989088864726e-06,0.054437632606673,36.7070332145822,0.211315738533182,0.274855760995706,0.313550900153155,0.148767681145186,0.0470492549706985,0.225950935051677,0.304648045336773,0.342505421429396,0.137290595576203,0.0541088979499179,241.016502578535,227.909940550084,404,v7.4.6,gap_tied_weak_links_phase3_seed,/Users/asewaket/Documents/LTSpice Superconducting Circuit/matlab_v7_4_6_files/outputs/v7_4_6_as006_gap_weaklink_v800_phase3_seed_404/AS006_v7_4_6_gap_weaklink_scores.csv
AS006,boundary_sns_a3_7_g0_4_p0_3,"SNS-like boundary constriction, alpha=3.7, tau=0.4, p=0.3",boundary_lane,boundary_constriction,shape,3.7,0,0.4,0.3,0.810457516339867,0.4,0.315904139433551,3.83940384937302e-07,4.02173298077911e-07,0.106983292677471,156.560928709244,0.21145964417335,0.28105058179527,0.303712728920412,0.158201055012698,0.0469990446948865,0.226311827901338,0.311756690993466,0.333537310724875,0.1422259690545,0.0583296934265693,241.843057510258,226.22007355356,404,v7.4.6,gap_tied_weak_links_phase3_seed,/Users/asewaket/Documents/LTSpice Superconducting Circuit/matlab_v7_4_6_files/outputs/v7_4_6_as006_gap_weaklink_v800_phase3_seed_404/AS006_v7_4_6_gap_weaklink_scores.csv
AS006,combined_a3_3_g0_4_p0_1,"combined weak-link classes, alpha=3.3, tau=0.4, p=0.1",combined,boundary_constriction,shape,3.3,1,0.4,0.1,0.939869281045751,0.4,0.100217864923747,3.7499158398452e-07,3.79261872806097e-07,0.109248329264255,165.372908730435,0.211498503719008,0.278500499964351,0.305335985897385,0.158475335357469,0.0465598741134277,0.220945654377972,0.30183309899117,0.32782171459825,0.144658431746982,0.0483841326680244,242.089284120115,232.302654700566,404,v7.4.6,gap_tied_weak_links_phase3_seed,/Users/asewaket/Documents/LTSpice Superconducting Circuit/matlab_v7_4_6_files/outputs/v7_4_6_as006_gap_weaklink_v800_phase3_seed_404/AS006_v7_4_6_gap_weaklink_scores.csv
AS006,crack_tunnel_a4_1_g0_05_p0_05,"tunnel/crack-like links, alpha=4.1, tau=0.05, p=0.05",tear_lane,crack_tunnel,shape,4.1,0.999999999999997,0.05,0.05,0.951982570806101,0.05,0.0505446623093682,5.810014008345e-08,4.65444663480397e-07,0.138284089991712,166.028504479071,0.211529896226273,0.276481852568086,0.298680001694622,0.167529626420473,0.0490655925720997,0.217126216674864,0.29063440193221,0.312044610422167,0.157096818825559,0.0525475896713695,238.47005060569,244.192409048925,404,v7.4.6,gap_tied_weak_links_phase3_seed,/Users/asewaket/Documents/LTSpice Superconducting Circuit/matlab_v7_4_6_files/outputs/v7_4_6_as006_gap_weaklink_v800_phase3_seed_404/AS006_v7_4_6_gap_weaklink_scores.csv
AS006,crack_tunnel_a3_3_g0_1_p0_05,"tunnel/crack-like links, alpha=3.3, tau=0.1, p=0.05",tear_lane,crack_tunnel,shape,3.3,1,0.1,0.05,0.954509803921569,0.1,0.0505446623093682,9.24875474572766e-08,3.70462406291527e-07,0.111301828529915,167.894570225424,0.211776063495052,0.277142959762838,0.303412080884475,0.163085197195966,0.0469097196696333,0.216979763513871,0.288594502705049,0.31438026706496,0.155185988064134,0.0521563624204573,241.818016880242,243.256935472052,404,v7.4.6,gap_tied_weak_links_phase3_seed,/Users/asewaket/Documents/LTSpice Superconducting Circuit/matlab_v7_4_6_files/outputs/v7_4_6_as006_gap_weaklink_v800_phase3_seed_404/AS006_v7_4_6_gap_weaklink_scores.csv
AS006,crack_tunnel_a3_3_g0_4_p0_2,"tunnel/crack-like links, alpha=3.3, tau=0.4, p=0.2",tear_lane,crack_tunnel,shape,3.3,1,0.4,0.2,0.879738562091502,0.4,0.200435729847495,3.27095060559661e-07,3.94528828327976e-07,0.0863971031008055,146.333236368971,0.21184907052633,0.281476428908157,0.306715183789638,0.155120016501821,0.0471173314643492,0.217985328191087,0.297552185949573,0.322451331004518,0.145277534847907,0.0464877071880728,242.69018181683,238.11822824756,404,v7.4.6,gap_tied_weak_links_phase3_seed,/Users/asewaket/Documents/LTSpice Superconducting Circuit/matlab_v7_4_6_files/outputs/v7_4_6_as006_gap_weaklink_v800_phase3_seed_404/AS006_v7_4_6_gap_weaklink_scores.csv
AS006,contact_relaxed_a4_1_g0_2_p0_2,"contact-relaxed SNS links, alpha=4.1, tau=0.2, p=0.2",contact_relaxation,contact_relaxed,shape,4.1,0.999999999999997,0.2,0.2,0.839999999999998,0.2,0.2,1.47300255119629e-07,6.80490003240245e-07,0.0509219863851758,105.246540468268,0.211919286043374,0.279576741516091,0.306560518055653,0.156518292356998,0.0478909166571372,0.230711112552072,0.320490643669101,0.345975633097513,0.138366001479839,0.0546500593208162,235.538918027991,223.658090788333,404,v7.4.6,gap_tied_weak_links_phase3_seed,/Users/asewaket/Documents/LTSpice Superconducting Circuit/matlab_v7_4_6_files/outputs/v7_4_6_as006_gap_weaklink_v800_phase3_seed_404/AS006_v7_4_6_gap_weaklink_scores.csv
AS006,boundary_sns_a3_3_g0_05_p0_1,"SNS-like boundary constriction, alpha=3.3, tau=0.05, p=0.1",boundary_lane,boundary_constriction,shape,3.3,1,0.05,0.1,0.879956427015252,0.05,0.12636165577342,4.90468412154411e-08,3.33301152473854e-07,0.124490717801411,172.297834878211,0.211987610647988,0.277227933440881,0.30369882632187,0.162226647904808,0.0484538638547794,0.21672858382478,0.291509255881582,0.31749051727355,0.152120273320589,0.0463749163628691,242.076217015394,240.207039424527,404,v7.4.6,gap_tied_weak_links_phase3_seed,/Users/asewaket/Documents/LTSpice Superconducting Circuit/matlab_v7_4_6_files/outputs/v7_4_6_as006_gap_weaklink_v800_phase3_seed_404/AS006_v7_4_6_gap_weaklink_scores.csv
AS006,combined_a3_7_g0_4_p0_1,"combined weak-link classes, alpha=3.7, tau=0.4, p=0.1",combined,boundary_constriction,shape,3.7,0,0.4,0.1,0.939869281045751,0.4,0.100217864923747,4.20445109315977e-07,4.25233008903806e-07,0.122490550993256,165.372908730435,0.212031159007927,0.281099669954935,0.304917407764484,0.158930162517527,0.0467879583499437,0.221757304224871,0.305295768978651,0.328181752683028,0.144591427762476,0.0484334002473079,241.391739786059,232.272505459766,404,v7.4.6,gap_tied_weak_links_phase3_seed,/Users/asewaket/Documents/LTSpice Superconducting Circuit/matlab_v7_4_6_files/outputs/v7_4_6_as006_gap_weaklink_v800_phase3_seed_404/AS006_v7_4_6_gap_weaklink_scores.csv
AS006,combined_a4_1_g0_4_p0_1,"combined weak-link classes, alpha=4.1, tau=0.4, p=0.1",combined,boundary_constriction,shape,4.1,0.999999999999997,0.4,0.1,0.939869281045751,0.4,0.100217864923747,4.65898634647434e-07,4.71204145001514e-07,0.135732772722257,165.372908730435,0.212101280201397,0.281893363925172,0.303821903995487,0.159847691051134,0.0471150912757916,0.222262703751003,0.307524089748026,0.328382547394794,0.144539824427471,0.0484451905317609,240.364753211654,232.062800831367,404,v7.4.6,gap_tied_weak_links_phase3_seed,/Users/asewaket/Documents/LTSpice Superconducting Circuit/matlab_v7_4_6_files/outputs/v7_4_6_as006_gap_weaklink_v800_phase3_seed_404/AS006_v7_4_6_gap_weaklink_scores.csv
AS006,boundary_sns_a3_3_g0_1_p0_1,"SNS-like boundary constriction, alpha=3.3, tau=0.1, p=0.1",boundary_lane,boundary_constriction,shape,3.3,1,0.1,0.1,0.886274509803923,0.1,0.12636165577342,9.88280892760297e-08,3.35796508360252e-07,0.124490717801411,171.017462969115,0.212134916731821,0.278780170290025,0.303972184254594,0.16198981598079,0.0474558209475539,0.224378901915702,0.30645410084888,0.330720201633919,0.145725201668947,0.0545235537840888,241.288242036552,229.018092442817,404,v7.4.6,gap_tied_weak_links_phase3_seed,/Users/asewaket/Documents/LTSpice Superconducting Circuit/matlab_v7_4_6_files/outputs/v7_4_6_as006_gap_weaklink_v800_phase3_seed_404/AS006_v7_4_6_gap_weaklink_scores.csv
AS006,crack_tunnel_a3_7_g0_1_p0_05,"tunnel/crack-like links, alpha=3.7, tau=0.1, p=0.05",tear_lane,crack_tunnel,shape,3.7,0,0.1,0.05,0.954509803921569,0.1,0.0505446623093682,1.0369815927028e-07,4.15366940387469e-07,0.124792959260814,167.894570225424,0.212162681185776,0.279035625213371,0.302439814606734,0.164153298451261,0.0473164820896476,0.217797776540305,0.291970343486138,0.314753306658806,0.155142319326083,0.0522723534048732,240.332956486242,243.40880386748,404,v7.4.6,gap_tied_weak_links_phase3_seed,/Users/asewaket/Documents/LTSpice Superconducting Circuit/matlab_v7_4_6_files/outputs/v7_4_6_as006_gap_weaklink_v800_phase3_seed_404/AS006_v7_4_6_gap_weaklink_scores.csv
AS006,crack_tunnel_a3_3_g0_4_p0_3,"tunnel/crack-like links, alpha=3.3, tau=0.4, p=0.3",tear_lane,crack_tunnel,shape,3.3,1,0.4,0.3,0.819869281045749,0.4,0.300217864923747,3.3720991205485e-07,4.12353002579107e-07,0.0779012821528996,130.616045146702,0.212266755565943,0.283528535733485,0.308605455969304,0.151860567695405,0.0479199845306923,0.215735968637324,0.292834293782038,0.317701956676944,0.146114145430106,0.0472244434322988,243.455619558599,243.710484042994,404,v7.4.6,gap_tied_weak_links_phase3_seed,/Users/asewaket/Documents/LTSpice Superconducting Circuit/matlab_v7_4_6_files/outputs/v7_4_6_as006_gap_weaklink_v800_phase3_seed_404/AS006_v7_4_6_gap_weaklink_scores.csv
AS006,crack_tunnel_a4_1_g0_1_p0_05,"tunnel/crack-like links, alpha=4.1, tau=0.1, p=0.05",tear_lane,crack_tunnel,shape,4.1,0.999999999999997,0.1,0.05,0.954509803921569,0.1,0.0505446623093682,1.14908771083283e-07,4.60271474483412e-07,0.138284089991712,167.894570225424,0.212297979467911,0.279469095387975,0.301212039959997,0.165350488133085,0.04821162185523,0.218252370796887,0.293980342233939,0.314945033715377,0.15509550230651,0.0522583248654475,238.780287930542,243.551353248055,404,v7.4.6,gap_tied_weak_links_phase3_seed,/Users/asewaket/Documents/LTSpice Superconducting Circuit/matlab_v7_4_6_files/outputs/v7_4_6_as006_gap_weaklink_v800_phase3_seed_404/AS006_v7_4_6_gap_weaklink_scores.csv
AS006,contact_relaxed_a3_7_g0_2_p0_3,"contact-relaxed SNS links, alpha=3.7, tau=0.2, p=0.3",contact_relaxation,contact_relaxed,shape,3.7,0,0.2,0.3,0.759825708061001,0.2,0.300217864923747,2.2674878885943e-07,8.63465874919606e-07,0.0491266440596806,65.5990330018475,0.212300927302073,0.278739699107172,0.31389771097918,0.148919543687812,0.0472945135798613,0.227927833699535,0.310896136612891,0.345151476157525,0.136792933282684,0.053736782005762,239.582810774724,227.191488693708,404,v7.4.6,gap_tied_weak_links_phase3_seed,/Users/asewaket/Documents/LTSpice Superconducting Circuit/matlab_v7_4_6_files/outputs/v7_4_6_as006_gap_weaklink_v800_phase3_seed_404/AS006_v7_4_6_gap_weaklink_scores.csv
AS006,crack_tunnel_a3_7_g0_4_p0_2,"tunnel/crack-like links, alpha=3.7, tau=0.4, p=0.2",tear_lane,crack_tunnel,shape,3.7,0,0.4,0.2,0.879738562091502,0.4,0.200435729847495,3.66742946688105e-07,4.42350504488943e-07,0.0968694792342364,146.333236368971,0.212650149834967,0.284332650476944,0.306916634770945,0.155167645387654,0.0478544311141678,0.21875879205962,0.300706648334663,0.322879934562332,0.145192380327932,0.0465569510694434,242.049620286224,238.553928605427,404,v7.4.6,gap_tied_weak_links_phase3_seed,/Users/asewaket/Documents/LTSpice Superconducting Circuit/matlab_v7_4_6_files/outputs/v7_4_6_as006_gap_weaklink_v800_phase3_seed_404/AS006_v7_4_6_gap_weaklink_scores.csv
AS006,crack_tunnel_a4_1_g0_4_p0_2,"tunnel/crack-like links, alpha=4.1, tau=0.4, p=0.2",tear_lane,crack_tunnel,shape,4.1,0.999999999999997,0.4,0.2,0.879738562091502,0.4,0.200435729847495,4.06390832816548e-07,4.9017218064991e-07,0.107341855367667,146.333236368971,0.212678920843722,0.28479367234985,0.305837827498398,0.156041458938742,0.0483329100731372,0.219213236749629,0.302618181311797,0.323128151952387,0.145126398272543,0.0465657386789934,241.120820330785,238.222984516777,404,v7.4.6,gap_tied_weak_links_phase3_seed,/Users/asewaket/Documents/LTSpice Superconducting Circuit/matlab_v7_4_6_files/outputs/v7_4_6_as006_gap_weaklink_v800_phase3_seed_404/AS006_v7_4_6_gap_weaklink_scores.csv
AS006,boundary_sns_a3_3_g0_2_p0_1,"SNS-like boundary constriction, alpha=3.3, tau=0.2, p=0.1",boundary_lane,boundary_constriction,shape,3.3,1,0.2,0.1,0.898910675381263,0.2,0.12636165577342,1.9555896482341e-07,3.32484878962397e-07,0.124490717801411,172.851488688679,0.212855120747797,0.28155713799122,0.30590448929969,0.160245155584092,0.0470791649931926,0.226958255841728,0.312324135263965,0.33568293923178,0.143582091637472,0.0555443857422189,240.560808307941,227.042739179323,404,v7.4.6,gap_tied_weak_links_phase3_seed,/Users/asewaket/Documents/LTSpice Superconducting Circuit/matlab_v7_4_6_files/outputs/v7_4_6_as006_gap_weaklink_v800_phase3_seed_404/AS006_v7_4_6_gap_weaklink_scores.csv
AS006,crack_tunnel_a4_1_g0_4_p0_3,"tunnel/crack-like links, alpha=4.1, tau=0.4, p=0.3",tear_lane,crack_tunnel,shape,4.1,0.999999999999997,0.4,0.3,0.819869281045749,0.4,0.300217864923747,4.18957769522692e-07,5.12317366840708e-07,0.0967864414626934,130.616045146702,0.212880061615568,0.286400745692473,0.307219705933335,0.153160328950005,0.0489146658145265,0.216985271837353,0.297938827734557,0.31842540604671,0.145988971284381,0.0472568567649913,241.903408509994,243.255866763725,404,v7.4.6,gap_tied_weak_links_phase3_seed,/Users/asewaket/Documents/LTSpice Superconducting Circuit/matlab_v7_4_6_files/outputs/v7_4_6_as006_gap_weaklink_v800_phase3_seed_404/AS006_v7_4_6_gap_weaklink_scores.csv
AS006,crack_tunnel_a3_7_g0_4_p0_3,"tunnel/crack-like links, alpha=3.7, tau=0.4, p=0.3",tear_lane,crack_tunnel,shape,3.7,0,0.4,0.3,0.819869281045749,0.4,0.300217864923747,3.78083840788771e-07,4.62335184709908e-07,0.0873438618077965,130.616045146702,0.213043770869791,0.2863398280929,0.308731612455218,0.152000897402329,0.048597582706511,0.216518342866465,0.296002444141406,0.318146935875916,0.146042110818531,0.0472794938849002,242.921030338297,243.94967730365,404,v7.4.6,gap_tied_weak_links_phase3_seed,/Users/asewaket/Documents/LTSpice Superconducting Circuit/matlab_v7_4_6_files/outputs/v7_4_6_as006_gap_weaklink_v800_phase3_seed_404/AS006_v7_4_6_gap_weaklink_scores.csv
AS006,boundary_sns_a3_7_g0_05_p0_1,"SNS-like boundary constriction, alpha=3.7, tau=0.05, p=0.1",boundary_lane,boundary_constriction,shape,3.7,0,0.05,0.1,0.879956427015252,0.05,0.12636165577342,5.49919128779188e-08,3.73701292167655e-07,0.13958050177734,172.297834878211,0.213085364953992,0.281250990179674,0.304962610408351,0.161513029639612,0.0485999793261533,0.217549945538392,0.294816242043814,0.318013910508262,0.15203995603949,0.0463591972093274,242.479901877027,240.552143367848,404,v7.4.6,gap_tied_weak_links_phase3_seed,/Users/asewaket/Documents/LTSpice Superconducting Circuit/matlab_v7_4_6_files/outputs/v7_4_6_as006_gap_weaklink_v800_phase3_seed_404/AS006_v7_4_6_gap_weaklink_scores.csv
AS006,boundary_sns_a3_7_g0_1_p0_1,"SNS-like boundary constriction, alpha=3.7, tau=0.1, p=0.1",boundary_lane,boundary_constriction,shape,3.7,0,0.1,0.1,0.886274509803923,0.1,0.12636165577342,1.10807251612518e-07,3.76499115434222e-07,0.13958050177734,171.017462969115,0.213146616332988,0.282602102982239,0.3051605353395,0.161230008492279,0.0475625312232284,0.225096425614846,0.309460503937064,0.331050669777615,0.145716833185228,0.0545369105448043,241.675883181188,229.484275408133,404,v7.4.6,gap_tied_weak_links_phase3_seed,/Users/asewaket/Documents/LTSpice Superconducting Circuit/matlab_v7_4_6_files/outputs/v7_4_6_as006_gap_weaklink_v800_phase3_seed_404/AS006_v7_4_6_gap_weaklink_scores.csv
AS006,boundary_sns_a3_3_g0_4_p0_2,"SNS-like boundary constriction, alpha=3.3, tau=0.4, p=0.2",boundary_lane,boundary_constriction,shape,3.3,1,0.4,0.2,0.867189542483658,0.4,0.221350762527233,3.59138742747057e-07,3.50267386715115e-07,0.110840552687223,170.609217348676,0.213488330239488,0.283903332965034,0.308244526603797,0.157732196085745,0.0469451515685777,0.226428988080754,0.311742386984627,0.335160051496355,0.143190171518391,0.0548847489025341,241.954257286973,228.434345992792,404,v7.4.6,gap_tied_weak_links_phase3_seed,/Users/asewaket/Documents/LTSpice Superconducting Circuit/matlab_v7_4_6_files/outputs/v7_4_6_as006_gap_weaklink_v800_phase3_seed_404/AS006_v7_4_6_gap_weaklink_scores.csv
AS006,crack_tunnel_a3_3_g0_2_p0_05,"tunnel/crack-like links, alpha=3.3, tau=0.2, p=0.05",tear_lane,crack_tunnel,shape,3.3,1,0.2,0.05,0.959564270152505,0.2,0.0505446623093682,1.81369556942005e-07,3.63241346213667e-07,0.111301828529915,171.232232060955,0.213509207905363,0.282714433506459,0.307873308288093,0.159337383434218,0.0468815872234226,0.21887322427397,0.294989968960156,0.31970050390803,0.151417408132233,0.0506285104053472,242.59677516748,241.689026296107,404,v7.4.6,gap_tied_weak_links_phase3_seed,/Users/asewaket/Documents/LTSpice Superconducting Circuit/matlab_v7_4_6_files/outputs/v7_4_6_as006_gap_weaklink_v800_phase3_seed_404/AS006_v7_4_6_gap_weaklink_scores.csv
AS006,crack_tunnel_a3_3_g0_4_p0_1,"tunnel/crack-like links, alpha=3.3, tau=0.4, p=0.1",tear_lane,crack_tunnel,shape,3.3,1,0.4,0.1,0.939869281045751,0.4,0.100217864923747,3.4347861585647e-07,3.6978525515778e-07,0.104531876030701,166.610368223423,0.213521576748916,0.284389243599266,0.309275541235518,0.15630025168155,0.0466111283812214,0.219326374942659,0.299092362015229,0.323550657082774,0.147270626604727,0.0472375795473044,242.451332081156,239.590698804067,404,v7.4.6,gap_tied_weak_links_phase3_seed,/Users/asewaket/Documents/LTSpice Superconducting Circuit/matlab_v7_4_6_files/outputs/v7_4_6_as006_gap_weaklink_v800_phase3_seed_404/AS006_v7_4_6_gap_weaklink_scores.csv
AS006,boundary_sns_a4_1_g0_4_p0_2,"SNS-like boundary constriction, alpha=4.1, tau=0.4, p=0.2",boundary_lane,boundary_constriction,shape,4.1,0.999999999999997,0.4,0.2,0.867189542483658,0.4,0.221350762527233,4.46202680382707e-07,4.35180692585445e-07,0.137710989702308,170.609217348676,0.213602741478534,0.28582563908783,0.306258846303567,0.159293556163102,0.0471181420697205,0.227495631001525,0.316466996255914,0.335600466258397,0.143057507524027,0.0548884583944817,240.699539002523,227.434814341398,404,v7.4.6,gap_tied_weak_links_phase3_seed,/Users/asewaket/Documents/LTSpice Superconducting Circuit/matlab_v7_4_6_files/outputs/v7_4_6_as006_gap_weaklink_v800_phase3_seed_404/AS006_v7_4_6_gap_weaklink_scores.csv
AS006,crack_tunnel_a4_1_g0_2_p0_05,"tunnel/crack-like links, alpha=4.1, tau=0.2, p=0.05",tear_lane,crack_tunnel,shape,4.1,0.999999999999997,0.2,0.05,0.959564270152505,0.2,0.0505446623093682,2.25337934382491e-07,4.51299854386677e-07,0.138284089991712,171.232232060955,0.21372944231551,0.284806120112245,0.305716679022062,0.161157195139113,0.0473904092528066,0.219986624281862,0.299980330120685,0.320157924903607,0.15123218592002,0.0506361903072865,239.585066118855,242.141608076586,404,v7.4.6,gap_tied_weak_links_phase3_seed,/Users/asewaket/Documents/LTSpice Superconducting Circuit/matlab_v7_4_6_files/outputs/v7_4_6_as006_gap_weaklink_v800_phase3_seed_404/AS006_v7_4_6_gap_weaklink_scores.csv
AS006,crack_tunnel_a3_7_g0_2_p0_05,"tunnel/crack-like links, alpha=3.7, tau=0.2, p=0.05",tear_lane,crack_tunnel,shape,3.7,0,0.2,0.05,0.959564270152505,0.2,0.0505446623093682,2.03353745662248e-07,4.07270600300172e-07,0.124792959260814,171.232232060955,0.21375346052298,0.284526639171357,0.307004994351809,0.1601025809449,0.0468536971467526,0.219590629092658,0.298104700618161,0.320007771189834,0.151318529733937,0.0506866830954945,241.264560797126,241.87272312126,404,v7.4.6,gap_tied_weak_links_phase3_seed,/Users/asewaket/Documents/LTSpice Superconducting Circuit/matlab_v7_4_6_files/outputs/v7_4_6_as006_gap_weaklink_v800_phase3_seed_404/AS006_v7_4_6_gap_weaklink_scores.csv
AS006,boundary_sns_a3_7_g0_4_p0_2,"SNS-like boundary constriction, alpha=3.7, tau=0.4, p=0.2",boundary_lane,boundary_constriction,shape,3.7,0,0.4,0.2,0.867189542483658,0.4,0.221350762527233,4.02670711564882e-07,3.9272403965028e-07,0.124275771194766,170.609217348676,0.213762305403938,0.285647736719933,0.307575268743035,0.158293782250291,0.0470398421865799,0.227087030823299,0.314609281560611,0.335453522198162,0.143115606895712,0.0548877000894606,241.465024723855,228.040192629964,404,v7.4.6,gap_tied_weak_links_phase3_seed,/Users/asewaket/Documents/LTSpice Superconducting Circuit/matlab_v7_4_6_files/outputs/v7_4_6_as006_gap_weaklink_v800_phase3_seed_404/AS006_v7_4_6_gap_weaklink_scores.csv
AS006,boundary_sns_a4_1_g0_1_p0_1,"SNS-like boundary constriction, alpha=4.1, tau=0.1, p=0.1",boundary_lane,boundary_constriction,shape,4.1,0.999999999999997,0.1,0.1,0.886274509803923,0.1,0.12636165577342,1.22786413949007e-07,4.17201722508192e-07,0.154670285753269,171.017462969115,0.213768942430637,0.285041769709531,0.305889383272953,0.160724852325661,0.0475904563089087,0.225541777100647,0.311413194353619,0.3312168828755,0.145699622513476,0.0545416179756464,241.949412974266,229.767694252054,404,v7.4.6,gap_tied_weak_links_phase3_seed,/Users/asewaket/Documents/LTSpice Superconducting Circuit/matlab_v7_4_6_files/outputs/v7_4_6_as006_gap_weaklink_v800_phase3_seed_404/AS006_v7_4_6_gap_weaklink_scores.csv
AS006,boundary_sns_a3_7_g0_2_p0_1,"SNS-like boundary constriction, alpha=3.7, tau=0.2, p=0.1",boundary_lane,boundary_constriction,shape,3.7,0,0.2,0.1,0.898910675381263,0.2,0.12636165577342,2.19263081771702e-07,3.72786076412385e-07,0.13958050177734,172.851488688679,0.213860148270031,0.285289993175207,0.307139478486188,0.159403889964728,0.0472617983682103,0.227614983872001,0.315168766909486,0.335976874463393,0.143540168888266,0.0555214110292487,240.930147396586,227.604312314653,404,v7.4.6,gap_tied_weak_links_phase3_seed,/Users/asewaket/Documents/LTSpice Superconducting Circuit/matlab_v7_4_6_files/outputs/v7_4_6_as006_gap_weaklink_v800_phase3_seed_404/AS006_v7_4_6_gap_weaklink_scores.csv
AS006,boundary_sns_a4_1_g0_05_p0_1,"SNS-like boundary constriction, alpha=4.1, tau=0.05, p=0.1",boundary_lane,boundary_constriction,shape,4.1,0.999999999999997,0.05,0.1,0.879956427015252,0.05,0.12636165577342,6.09369845403965e-08,4.14101431861455e-07,0.154670285753269,172.297834878211,0.213867916749313,0.284029605270818,0.305931433136099,0.1609187501385,0.0487815328144468,0.218073846011639,0.296988881794273,0.318340311276604,0.151972490225942,0.0463191907474377,242.782814657234,240.890929584242,404,v7.4.6,gap_tied_weak_links_phase3_seed,/Users/asewaket/Documents/LTSpice Superconducting Circuit/matlab_v7_4_6_files/outputs/v7_4_6_as006_gap_weaklink_v800_phase3_seed_404/AS006_v7_4_6_gap_weaklink_scores.csv
AS006,contact_relaxed_a4_1_g0_2_p0_3,"contact-relaxed SNS links, alpha=4.1, tau=0.2, p=0.3",contact_relaxation,contact_relaxed,shape,4.1,0.999999999999997,0.2,0.3,0.759825708061001,0.2,0.300217864923747,2.51262171438827e-07,9.56813537073077e-07,0.054437632606673,65.5990330018475,0.213928244871406,0.285766016413244,0.31470562284105,0.148686713931605,0.0472819755574428,0.229481554364555,0.317636962115107,0.345646313986917,0.136925050107993,0.0537334475955734,239.764676594392,227.350098200486,404,v7.4.6,gap_tied_weak_links_phase3_seed,/Users/asewaket/Documents/LTSpice Superconducting Circuit/matlab_v7_4_6_files/outputs/v7_4_6_as006_gap_weaklink_v800_phase3_seed_404/AS006_v7_4_6_gap_weaklink_scores.csv
AS006,crack_tunnel_a3_7_g0_4_p0_1,"tunnel/crack-like links, alpha=3.7, tau=0.4, p=0.1",tear_lane,crack_tunnel,shape,3.7,0,0.4,0.1,0.939869281045751,0.4,0.100217864923747,3.85112387475436e-07,4.14607710328421e-07,0.117202406458665,166.610368223423,0.214065005697452,0.286763604331003,0.309083158108396,0.156528600346779,0.0470051470330911,0.220023218849236,0.302092943818085,0.323897430485511,0.147143739323472,0.0472729729241098,241.561189862615,239.972492936316,404,v7.4.6,gap_tied_weak_links_phase3_seed,/Users/asewaket/Documents/LTSpice Superconducting Circuit/matlab_v7_4_6_files/outputs/v7_4_6_as006_gap_weaklink_v800_phase3_seed_404/AS006_v7_4_6_gap_weaklink_scores.csv
AS006,crack_tunnel_a4_1_g0_4_p0_1,"tunnel/crack-like links, alpha=4.1, tau=0.4, p=0.1",tear_lane,crack_tunnel,shape,4.1,0.999999999999997,0.4,0.1,0.939869281045751,0.4,0.100217864923747,4.26746159094402e-07,4.59430165499061e-07,0.129872936886629,166.610368223423,0.214308269240061,0.287693405008049,0.308451936864825,0.157030421666993,0.0477690245950706,0.220421469189868,0.303948519809125,0.324071949694039,0.147044007058742,0.0472279053522202,240.451366349366,240.306146843958,404,v7.4.6,gap_tied_weak_links_phase3_seed,/Users/asewaket/Documents/LTSpice Superconducting Circuit/matlab_v7_4_6_files/outputs/v7_4_6_as006_gap_weaklink_v800_phase3_seed_404/AS006_v7_4_6_gap_weaklink_scores.csv
AS006,boundary_sns_a4_1_g0_2_p0_1,"SNS-like boundary constriction, alpha=4.1, tau=0.2, p=0.1",boundary_lane,boundary_constriction,shape,4.1,0.999999999999997,0.2,0.1,0.898910675381263,0.2,0.12636165577342,2.42967198719994e-07,4.13087273862372e-07,0.154670285753269,172.851488688679,0.214476989555434,0.287709009079466,0.307939220350777,0.158814391099335,0.047264314209674,0.228017510712638,0.317001271995943,0.336119387527942,0.143501915739367,0.0554999587191393,241.269342704588,227.916329509852,404,v7.4.6,gap_tied_weak_links_phase3_seed,/Users/asewaket/Documents/LTSpice Superconducting Circuit/matlab_v7_4_6_files/outputs/v7_4_6_as006_gap_weaklink_v800_phase3_seed_404/AS006_v7_4_6_gap_weaklink_scores.csv
AS006,contact_relaxed_a3_3_g0_4_p0_2,"contact-relaxed SNS links, alpha=3.3, tau=0.4, p=0.2",contact_relaxation,contact_relaxed,shape,3.3,1,0.4,0.2,0.879999999999998,0.4,0.2,1.83221849812122e-07,4.36707451466473e-07,0.0409859890417269,136.205342787771,0.21523514729402,0.287882943172949,0.317197749738882,0.148773092972766,0.0472303650381511,0.231075143137762,0.320341473118528,0.348959912727738,0.137051321472432,0.0530402434561988,239.139452281683,227.146195331395,404,v7.4.6,gap_tied_weak_links_phase3_seed,/Users/asewaket/Documents/LTSpice Superconducting Circuit/matlab_v7_4_6_files/outputs/v7_4_6_as006_gap_weaklink_v800_phase3_seed_404/AS006_v7_4_6_gap_weaklink_scores.csv
AS006,combined_a4_1_g0_4_p0_05,"combined weak-link classes, alpha=4.1, tau=0.4, p=0.05",combined,boundary_constriction,shape,4.1,0.999999999999997,0.4,0.05,0.969934640522876,0.4,0.0501089324618736,4.68286980165173e-07,4.58912166197628e-07,0.140725832991644,174.614997636749,0.215256173228738,0.290088255253835,0.310265991480288,0.156494910612248,0.0476084875340395,0.223268428640403,0.310999842575708,0.330316323934297,0.144530476776714,0.0466256377703927,240.071958784637,236.494058510003,404,v7.4.6,gap_tied_weak_links_phase3_seed,/Users/asewaket/Documents/LTSpice Superconducting Circuit/matlab_v7_4_6_files/outputs/v7_4_6_as006_gap_weaklink_v800_phase3_seed_404/AS006_v7_4_6_gap_weaklink_scores.csv
AS006,contact_relaxed_a3_7_g0_4_p0_2,"contact-relaxed SNS links, alpha=3.7, tau=0.4, p=0.2",contact_relaxation,contact_relaxed,shape,3.7,0,0.4,0.2,0.879999999999998,0.4,0.2,2.05430558880258e-07,4.89641688007864e-07,0.0459539877134514,136.205342787771,0.215262972926325,0.290069760978445,0.31453028066993,0.150646180739404,0.0475093865565484,0.232364849001136,0.325949096608567,0.349392077154574,0.137124003154699,0.0530340094332366,237.455178590225,225.988457286927,404,v7.4.6,gap_tied_weak_links_phase3_seed,/Users/asewaket/Documents/LTSpice Superconducting Circuit/matlab_v7_4_6_files/outputs/v7_4_6_as006_gap_weaklink_v800_phase3_seed_404/AS006_v7_4_6_gap_weaklink_scores.csv
AS006,combined_a3_3_g0_4_p0_05,"combined weak-link classes, alpha=3.3, tau=0.4, p=0.05",combined,boundary_constriction,shape,3.3,1,0.4,0.05,0.969934640522876,0.4,0.0501089324618736,3.76913910864652e-07,3.69368328890774e-07,0.113267133871323,174.614997636749,0.215476725698501,0.28951351867793,0.313573639151682,0.154041299958844,0.0465646163505762,0.22220703273634,0.306327015712452,0.329877541658938,0.144681654546752,0.0465703818826643,243.33522516038,236.849827165043,404,v7.4.6,gap_tied_weak_links_phase3_seed,/Users/asewaket/Documents/LTSpice Superconducting Circuit/matlab_v7_4_6_files/outputs/v7_4_6_as006_gap_weaklink_v800_phase3_seed_404/AS006_v7_4_6_gap_weaklink_scores.csv
AS006,combined_a3_7_g0_4_p0_05,"combined weak-link classes, alpha=3.7, tau=0.4, p=0.05",combined,boundary_constriction,shape,3.7,0,0.4,0.05,0.969934640522876,0.4,0.0501089324618736,4.22600445514912e-07,4.14140247544201e-07,0.126996483431484,174.614997636749,0.215644965747025,0.290864227120897,0.312467498443913,0.1548891907494,0.0469309909006309,0.222878403361083,0.309218385095627,0.330171729268955,0.144597306007418,0.0466264729798438,241.903472886241,236.928740431118,404,v7.4.6,gap_tied_weak_links_phase3_seed,/Users/asewaket/Documents/LTSpice Superconducting Circuit/matlab_v7_4_6_files/outputs/v7_4_6_as006_gap_weaklink_v800_phase3_seed_404/AS006_v7_4_6_gap_weaklink_scores.csv
AS006,contact_relaxed_a4_1_g0_4_p0_2,"contact-relaxed SNS links, alpha=4.1, tau=0.4, p=0.2",contact_relaxation,contact_relaxed,shape,4.1,0.999999999999997,0.4,0.2,0.879999999999998,0.4,0.2,2.27639267948395e-07,5.42575924549255e-07,0.0509219863851758,136.205342787771,0.215665165996793,0.292461052075126,0.3136187978539,0.151398284671103,0.0477840258256357,0.233251200218464,0.329790868111681,0.349692961992001,0.137180821138435,0.0530264230715916,236.695476599167,225.647428181076,404,v7.4.6,gap_tied_weak_links_phase3_seed,/Users/asewaket/Documents/LTSpice Superconducting Circuit/matlab_v7_4_6_files/outputs/v7_4_6_as006_gap_weaklink_v800_phase3_seed_404/AS006_v7_4_6_gap_weaklink_scores.csv
AS006,contact_relaxed_a3_3_g0_4_p0_3,"contact-relaxed SNS links, alpha=3.3, tau=0.4, p=0.3",contact_relaxation,contact_relaxed,shape,3.3,1,0.4,0.3,0.819869281045749,0.4,0.300217864923747,2.41182668692399e-07,4.96722080676079e-07,0.0438156555126881,110.011612050165,0.215769836479364,0.289639015718463,0.319353769859219,0.146370832445635,0.0473775288676783,0.230740481322274,0.319862200852972,0.348866330573163,0.136317453658241,0.0529273101825585,240.073105686713,228.30501441824,404,v7.4.6,gap_tied_weak_links_phase3_seed,/Users/asewaket/Documents/LTSpice Superconducting Circuit/matlab_v7_4_6_files/outputs/v7_4_6_as006_gap_weaklink_v800_phase3_seed_404/AS006_v7_4_6_gap_weaklink_scores.csv
AS006,boundary_sns_a3_3_g0_4_p0_1,"SNS-like boundary constriction, alpha=3.3, tau=0.4, p=0.1",boundary_lane,boundary_constriction,shape,3.3,1,0.4,0.1,0.924183006535947,0.4,0.12636165577342,3.80322973158041e-07,3.55697573565554e-07,0.124490717801411,177.757645905324,0.215853827265823,0.290691591351492,0.313792743851838,0.153889665185178,0.047078161755433,0.228784844704835,0.318202323278384,0.34059515599814,0.141118191222939,0.0532826382203728,241.472584982191,229.079367969241,404,v7.4.6,gap_tied_weak_links_phase3_seed,/Users/asewaket/Documents/LTSpice Superconducting Circuit/matlab_v7_4_6_files/outputs/v7_4_6_as006_gap_weaklink_v800_phase3_seed_404/AS006_v7_4_6_gap_weaklink_scores.csv
AS006,boundary_sns_a3_7_g0_4_p0_1,"SNS-like boundary constriction, alpha=3.7, tau=0.4, p=0.1",boundary_lane,boundary_constriction,shape,3.7,0,0.4,0.1,0.924183006535947,0.4,0.12636165577342,4.26422727480228e-07,3.9881243096744e-07,0.13958050177734,177.757645905324,0.216267031084776,0.292816272996365,0.313654491427759,0.154084905413841,0.0470173906616345,0.229411058220672,0.320844257060438,0.340882316388053,0.14109274899023,0.0533010441260416,241.401038647733,228.791340230142,404,v7.4.6,gap_tied_weak_links_phase3_seed,/Users/asewaket/Documents/LTSpice Superconducting Circuit/matlab_v7_4_6_files/outputs/v7_4_6_as006_gap_weaklink_v800_phase3_seed_404/AS006_v7_4_6_gap_weaklink_scores.csv
AS006,boundary_sns_a4_1_g0_4_p0_1,"SNS-like boundary constriction, alpha=4.1, tau=0.4, p=0.1",boundary_lane,boundary_constriction,shape,4.1,0.999999999999997,0.4,0.1,0.924183006535947,0.4,0.12636165577342,4.72522481802414e-07,4.41927288369325e-07,0.154670285753269,177.757645905324,0.216742835200068,0.294705632306623,0.314061042976966,0.153852837848442,0.0470856711734749,0.229799502882548,0.322568774125964,0.341017337418495,0.141073405133166,0.0533066433879551,241.479811530248,228.984820287085,404,v7.4.6,gap_tied_weak_links_phase3_seed,/Users/asewaket/Documents/LTSpice Superconducting Circuit/matlab_v7_4_6_files/outputs/v7_4_6_as006_gap_weaklink_v800_phase3_seed_404/AS006_v7_4_6_gap_weaklink_scores.csv
AS006,crack_tunnel_a3_3_g0_4_p0_05,"tunnel/crack-like links, alpha=3.3, tau=0.4, p=0.05",tear_lane,crack_tunnel,shape,3.3,1,0.4,0.05,0.969673202614379,0.4,0.0505446623093682,3.50602025527686e-07,3.62717461017673e-07,0.111301828529915,177.159923798749,0.217106527733639,0.293683250976942,0.31713716128884,0.152074209690945,0.0467665933221039,0.222423953584349,0.306424296042628,0.32954234872003,0.145153556747307,0.0475544156849309,244.128405336425,239.764827612769,404,v7.4.6,gap_tied_weak_links_phase3_seed,/Users/asewaket/Documents/LTSpice Superconducting Circuit/matlab_v7_4_6_files/outputs/v7_4_6_as006_gap_weaklink_v800_phase3_seed_404/AS006_v7_4_6_gap_weaklink_scores.csv
AS006,crack_tunnel_a4_1_g0_4_p0_05,"tunnel/crack-like links, alpha=4.1, tau=0.4, p=0.05",tear_lane,crack_tunnel,shape,4.1,0.999999999999997,0.4,0.05,0.969673202614379,0.4,0.0505446623093682,4.35596455958641e-07,4.50648966718927e-07,0.138284089991712,177.159923798749,0.217134085904677,0.295313559248426,0.31496312971846,0.153580463005471,0.0471958145108162,0.223432308645713,0.31091302564752,0.329971096559525,0.144989925212919,0.0475616920857267,241.084939417436,240.283965467766,404,v7.4.6,gap_tied_weak_links_phase3_seed,/Users/asewaket/Documents/LTSpice Superconducting Circuit/matlab_v7_4_6_files/outputs/v7_4_6_as006_gap_weaklink_v800_phase3_seed_404/AS006_v7_4_6_gap_weaklink_scores.csv
AS006,crack_tunnel_a3_7_g0_4_p0_05,"tunnel/crack-like links, alpha=3.7, tau=0.4, p=0.05",tear_lane,crack_tunnel,shape,3.7,0,0.4,0.05,0.969673202614379,0.4,0.0505446623093682,3.93099240743164e-07,4.066832138683e-07,0.124792959260814,177.159923798749,0.217300389706782,0.295343532019131,0.316422820470747,0.152584183935538,0.0466882507715472,0.223063524239752,0.30918896499717,0.329831038153538,0.145062385406887,0.0475963576742891,242.878617173862,240.044965022246,404,v7.4.6,gap_tied_weak_links_phase3_seed,/Users/asewaket/Documents/LTSpice Superconducting Circuit/matlab_v7_4_6_files/outputs/v7_4_6_as006_gap_weaklink_v800_phase3_seed_404/AS006_v7_4_6_gap_weaklink_scores.csv
AS006,contact_relaxed_a3_7_g0_4_p0_3,"contact-relaxed SNS links, alpha=3.7, tau=0.4, p=0.3",contact_relaxation,contact_relaxed,shape,3.7,0,0.4,0.3,0.819869281045749,0.4,0.300217864923747,2.70416931564205e-07,5.56930817727725e-07,0.0491266440596806,110.011612050165,0.217331699802886,0.296000238582727,0.320284606174684,0.146116844288266,0.0475141442656739,0.232128308145154,0.325807925535626,0.349339098701901,0.136454304131371,0.0529223122976041,240.19561900823,228.642399515922,404,v7.4.6,gap_tied_weak_links_phase3_seed,/Users/asewaket/Documents/LTSpice Superconducting Circuit/matlab_v7_4_6_files/outputs/v7_4_6_as006_gap_weaklink_v800_phase3_seed_404/AS006_v7_4_6_gap_weaklink_scores.csv
AS006,contact_relaxed_a4_1_g0_1_p0_1,"contact-relaxed SNS links, alpha=4.1, tau=0.1, p=0.1",contact_relaxation,contact_relaxed,shape,4.1,0.999999999999997,0.1,0.1,0.909803921568628,0.1,0.100217864923747,5.5423182902164e-08,6.14723076489102e-07,0.0443989196717039,127.641736618676,0.217586876116012,0.295396109877625,0.320363705256367,0.146768333291339,0.0484413698896159,0.237753256158881,0.335201024328639,0.358524209103082,0.135812707684759,0.0563820059294265,236.509862699964,224.060947895621,404,v7.4.6,gap_tied_weak_links_phase3_seed,/Users/asewaket/Documents/LTSpice Superconducting Circuit/matlab_v7_4_6_files/outputs/v7_4_6_as006_gap_weaklink_v800_phase3_seed_404/AS006_v7_4_6_gap_weaklink_scores.csv
AS006,contact_relaxed_a3_7_g0_1_p0_1,"contact-relaxed SNS links, alpha=3.7, tau=0.1, p=0.1",contact_relaxation,contact_relaxed,shape,3.7,0,0.1,0.1,0.909803921568628,0.1,0.100217864923747,5.00160431068309e-08,5.54750093416995e-07,0.0400673177525133,127.641736618676,0.217853015045722,0.294651430469071,0.322717145025733,0.145223963560155,0.0483286865143132,0.236729840353331,0.331188381307274,0.357913222834108,0.135765534418627,0.0564057624764058,237.951887634427,225.323986831728,404,v7.4.6,gap_tied_weak_links_phase3_seed,/Users/asewaket/Documents/LTSpice Superconducting Circuit/matlab_v7_4_6_files/outputs/v7_4_6_as006_gap_weaklink_v800_phase3_seed_404/AS006_v7_4_6_gap_weaklink_scores.csv
AS006,contact_relaxed_a4_1_g0_2_p0_1,"contact-relaxed SNS links, alpha=4.1, tau=0.2, p=0.1",contact_relaxation,contact_relaxed,shape,4.1,0.999999999999997,0.2,0.1,0.919825708061001,0.2,0.100217864923747,9.94297641552657e-08,5.51409783014505e-07,0.0443989196717039,142.297658546584,0.218043369480858,0.296806049360257,0.320886199993597,0.146729799485668,0.0484476986981549,0.235978323304488,0.33316697283477,0.355830684737104,0.135898990656657,0.0541472070769181,237.255775948356,226.162148554488,404,v7.4.6,gap_tied_weak_links_phase3_seed,/Users/asewaket/Documents/LTSpice Superconducting Circuit/matlab_v7_4_6_files/outputs/v7_4_6_as006_gap_weaklink_v800_phase3_seed_404/AS006_v7_4_6_gap_weaklink_scores.csv
AS006,contact_relaxed_a4_1_g0_05_p0_1,"contact-relaxed SNS links, alpha=4.1, tau=0.05, p=0.1",contact_relaxation,contact_relaxed,shape,4.1,0.999999999999997,0.05,0.1,0.904793028322441,0.05,0.100217864923747,2.99658145139786e-08,6.64728249911301e-07,0.0443989196717039,118.039696722855,0.218119768961782,0.29714006734375,0.320900086531155,0.146805431304396,0.0483768369051424,0.240341509773876,0.339431322147852,0.361548598361258,0.136404136824594,0.0590610085585839,236.219391319336,222.199045649363,404,v7.4.6,gap_tied_weak_links_phase3_seed,/Users/asewaket/Documents/LTSpice Superconducting Circuit/matlab_v7_4_6_files/outputs/v7_4_6_as006_gap_weaklink_v800_phase3_seed_404/AS006_v7_4_6_gap_weaklink_scores.csv
AS006,combined_a4_1_g0_7_p0_2,"combined weak-link classes, alpha=4.1, tau=0.7, p=0.2",combined,boundary_constriction,shape,4.1,0.999999999999997,0.7,0.2,0.939999999999999,0.7,0.2,7.37930970650138e-07,4.65231846087152e-07,0.134261881192904,174.270967055721,0.218177406111869,0.299263126466838,0.318686706282428,0.149034152961811,0.0476294768959931,0.230635662147079,0.325581314854006,0.344210902711398,0.138624915882529,0.051946771283284,241.324136966138,230.63031049114,404,v7.4.6,gap_tied_weak_links_phase3_seed,/Users/asewaket/Documents/LTSpice Superconducting Circuit/matlab_v7_4_6_files/outputs/v7_4_6_as006_gap_weaklink_v800_phase3_seed_404/AS006_v7_4_6_gap_weaklink_scores.csv
AS006,contact_relaxed_a3_7_g0_05_p0_1,"contact-relaxed SNS links, alpha=3.7, tau=0.05, p=0.1",contact_relaxation,contact_relaxed,shape,3.7,0,0.05,0.1,0.904793028322441,0.05,0.100217864923747,2.70423204150538e-08,5.99876713334589e-07,0.0400673177525133,118.039696722855,0.218269761395336,0.296154630761752,0.322820549942183,0.145591323374992,0.0482690595973692,0.239410145923591,0.335665776812431,0.360957815608127,0.136434808363372,0.059165265037087,237.466602266788,223.231200747136,404,v7.4.6,gap_tied_weak_links_phase3_seed,/Users/asewaket/Documents/LTSpice Superconducting Circuit/matlab_v7_4_6_files/outputs/v7_4_6_as006_gap_weaklink_v800_phase3_seed_404/AS006_v7_4_6_gap_weaklink_scores.csv
AS006,boundary_sns_a3_3_g0_05_p0_05,"SNS-like boundary constriction, alpha=3.3, tau=0.05, p=0.05",boundary_lane,boundary_constriction,shape,3.3,1,0.05,0.05,0.939978213507626,0.05,0.0631808278867102,4.65263840968915e-08,3.37373825166971e-07,0.129480602472699,181.780585461156,0.218302477738838,0.29651747406731,0.319598983755522,0.150879920622581,0.0470967922764887,0.229044233518106,0.318361897648707,0.340915976164499,0.141509204039158,0.0533698066050009,244.120404168855,231.581902384701,404,v7.4.6,gap_tied_weak_links_phase3_seed,/Users/asewaket/Documents/LTSpice Superconducting Circuit/matlab_v7_4_6_files/outputs/v7_4_6_as006_gap_weaklink_v800_phase3_seed_404/AS006_v7_4_6_gap_weaklink_scores.csv
AS006,contact_relaxed_a4_1_g0_4_p0_3,"contact-relaxed SNS links, alpha=4.1, tau=0.4, p=0.3",contact_relaxation,contact_relaxed,shape,4.1,0.999999999999997,0.4,0.3,0.819869281045749,0.4,0.300217864923747,2.99651194436011e-07,6.1713955477937e-07,0.054437632606673,110.011612050165,0.218318691469476,0.299932362873397,0.320733681928468,0.146079366576649,0.0477779428783519,0.233052344696647,0.32969736451154,0.349687093840468,0.136554911864335,0.0529183049204557,240.057385848745,228.892167835189,404,v7.4.6,gap_tied_weak_links_phase3_seed,/Users/asewaket/Documents/LTSpice Superconducting Circuit/matlab_v7_4_6_files/outputs/v7_4_6_as006_gap_weaklink_v800_phase3_seed_404/AS006_v7_4_6_gap_weaklink_scores.csv
AS006,boundary_sns_a3_3_g0_1_p0_05,"SNS-like boundary constriction, alpha=3.3, tau=0.1, p=0.05",boundary_lane,boundary_constriction,shape,3.3,1,0.1,0.05,0.943137254901961,0.1,0.0631808278867102,9.31506191528228e-08,3.37728595400982e-07,0.129480602472699,181.589632306105,0.218367459207289,0.297209257756676,0.319880326365428,0.150553898222078,0.0466450943626744,0.23123119319416,0.322193651083576,0.344289070487335,0.140632974452501,0.0556652234687608,243.896234696901,229.024580063149,404,v7.4.6,gap_tied_weak_links_phase3_seed,/Users/asewaket/Documents/LTSpice Superconducting Circuit/matlab_v7_4_6_files/outputs/v7_4_6_as006_gap_weaklink_v800_phase3_seed_404/AS006_v7_4_6_gap_weaklink_scores.csv
AS006,boundary_sns_a4_1_g0_7_p0_3,"SNS-like boundary constriction, alpha=4.1, tau=0.7, p=0.3",boundary_lane,boundary_constriction,shape,4.1,0.999999999999997,0.7,0.3,0.905228758169932,0.7,0.315904139433551,6.67835403776429e-07,4.51713216022063e-07,0.118549054048009,174.541188034057,0.218397365746114,0.300376002426404,0.319435550949322,0.148234042178181,0.0473060594201255,0.231543965641296,0.327101560344565,0.345431780475217,0.138239184215691,0.05331367176067,241.943782189053,229.681237222941,404,v7.4.6,gap_tied_weak_links_phase3_seed,/Users/asewaket/Documents/LTSpice Superconducting Circuit/matlab_v7_4_6_files/outputs/v7_4_6_as006_gap_weaklink_v800_phase3_seed_404/AS006_v7_4_6_gap_weaklink_scores.csv
AS006,boundary_sns_a4_1_g0_05_p0_05,"SNS-like boundary constriction, alpha=4.1, tau=0.05, p=0.05",boundary_lane,boundary_constriction,shape,4.1,0.999999999999997,0.05,0.05,0.939978213507626,0.05,0.0631808278867102,5.78055075143197e-08,4.19161419146842e-07,0.160869839435778,181.780585461156,0.218451524929225,0.298982437350172,0.318225360784286,0.15193308477418,0.0464644499557264,0.230162793657747,0.32292509562779,0.341405202038268,0.141524940156796,0.0535235938979839,244.465144651176,229.563804699524,404,v7.4.6,gap_tied_weak_links_phase3_seed,/Users/asewaket/Documents/LTSpice Superconducting Circuit/matlab_v7_4_6_files/outputs/v7_4_6_as006_gap_weaklink_v800_phase3_seed_404/AS006_v7_4_6_gap_weaklink_scores.csv
AS006,boundary_sns_a3_7_g0_05_p0_05,"SNS-like boundary constriction, alpha=3.7, tau=0.05, p=0.05",boundary_lane,boundary_constriction,shape,3.7,0,0.05,0.05,0.939978213507626,0.05,0.0631808278867102,5.21659458056056e-08,3.78267622156906e-07,0.145175220954239,181.780585461156,0.218518583849773,0.298343129581756,0.319093583404858,0.151324252567688,0.0466807029989996,0.229724955013435,0.321108762415237,0.341232981226987,0.141520029309237,0.0534582588681627,244.332891292264,230.636097902536,404,v7.4.6,gap_tied_weak_links_phase3_seed,/Users/asewaket/Documents/LTSpice Superconducting Circuit/matlab_v7_4_6_files/outputs/v7_4_6_as006_gap_weaklink_v800_phase3_seed_404/AS006_v7_4_6_gap_weaklink_scores.csv
AS006,combined_a4_1_g0_7_p0_3,"combined weak-link classes, alpha=4.1, tau=0.7, p=0.3",combined,boundary_constriction,shape,4.1,0.999999999999997,0.7,0.3,0.909934640522874,0.7,0.300217864923747,6.42873255077723e-07,4.73899434760775e-07,0.11259123256185,167.299286598914,0.218593267857992,0.300630892625603,0.319920045873262,0.147647941947722,0.0479154389514953,0.229790459647993,0.324720168342477,0.343377108498598,0.138326089258808,0.0504145784514285,241.472736668565,232.428843963953,404,v7.4.6,gap_tied_weak_links_phase3_seed,/Users/asewaket/Documents/LTSpice Superconducting Circuit/matlab_v7_4_6_files/outputs/v7_4_6_as006_gap_weaklink_v800_phase3_seed_404/AS006_v7_4_6_gap_weaklink_scores.csv
AS006,contact_relaxed_a3_3_g0_1_p0_1,"contact-relaxed SNS links, alpha=3.3, tau=0.1, p=0.1",contact_relaxation,contact_relaxed,shape,3.3,1,0.1,0.1,0.909803921568628,0.1,0.100217864923747,4.46089033114978e-08,4.94777110344887e-07,0.0357357158333227,127.641736618676,0.218595312876822,0.294345703062999,0.326777097730455,0.142894370353303,0.0481529773511863,0.235340736069223,0.32566883933248,0.357106425533973,0.135719506903971,0.0564492126992182,240.337526341926,227.404059122402,404,v7.4.6,gap_tied_weak_links_phase3_seed,/Users/asewaket/Documents/LTSpice Superconducting Circuit/matlab_v7_4_6_files/outputs/v7_4_6_as006_gap_weaklink_v800_phase3_seed_404/AS006_v7_4_6_gap_weaklink_scores.csv
AS006,contact_relaxed_a3_3_g0_05_p0_1,"contact-relaxed SNS links, alpha=3.3, tau=0.05, p=0.1",contact_relaxation,contact_relaxed,shape,3.3,1,0.05,0.1,0.904793028322441,0.05,0.100217864923747,2.41188263161291e-08,5.35025176757877e-07,0.0357357158333227,118.039696722855,0.21874628973877,0.295027355130153,0.32605825071183,0.143779194185767,0.0483781620857847,0.238109739696673,0.330285072602802,0.360229175537575,0.136456493874737,0.0592919513463864,239.278719944707,225.018442922259,404,v7.4.6,gap_tied_weak_links_phase3_seed,/Users/asewaket/Documents/LTSpice Superconducting Circuit/matlab_v7_4_6_files/outputs/v7_4_6_as006_gap_weaklink_v800_phase3_seed_404/AS006_v7_4_6_gap_weaklink_scores.csv
AS006,contact_relaxed_a3_7_g0_2_p0_1,"contact-relaxed SNS links, alpha=3.7, tau=0.2, p=0.1",contact_relaxation,contact_relaxed,shape,3.7,0,0.2,0.1,0.919825708061001,0.2,0.100217864923747,8.97292993596301e-08,4.97613706622846e-07,0.0400673177525133,142.297658546584,0.218751956513166,0.297018030345204,0.324445225159799,0.144590696594081,0.048224237448375,0.23499277620376,0.329087043863787,0.35542956698472,0.135798133221396,0.05412742840501,239.232916377596,227.813968262458,404,v7.4.6,gap_tied_weak_links_phase3_seed,/Users/asewaket/Documents/LTSpice Superconducting Circuit/matlab_v7_4_6_files/outputs/v7_4_6_as006_gap_weaklink_v800_phase3_seed_404/AS006_v7_4_6_gap_weaklink_scores.csv
AS006,boundary_sns_a3_7_g0_1_p0_05,"SNS-like boundary constriction, alpha=3.7, tau=0.1, p=0.05",boundary_lane,boundary_constriction,shape,3.7,0,0.1,0.05,0.943137254901961,0.1,0.0631808278867102,1.04441603292559e-07,3.78665394843526e-07,0.145175220954239,181.589632306105,0.218867356326185,0.299592717272013,0.319986112241673,0.150619242059496,0.0464943153616112,0.231854355087121,0.324829908798495,0.34456329885139,0.140640795945327,0.0556550987155202,244.170176966837,228.633641455624,404,v7.4.6,gap_tied_weak_links_phase3_seed,/Users/asewaket/Documents/LTSpice Superconducting Circuit/matlab_v7_4_6_files/outputs/v7_4_6_as006_gap_weaklink_v800_phase3_seed_404/AS006_v7_4_6_gap_weaklink_scores.csv
AS006,boundary_sns_a4_1_g0_1_p0_05,"SNS-like boundary constriction, alpha=4.1, tau=0.1, p=0.05",boundary_lane,boundary_constriction,shape,4.1,0.999999999999997,0.1,0.05,0.943137254901961,0.1,0.0631808278867102,1.15732587432295e-07,4.19602194286069e-07,0.160869839435778,181.589632306105,0.218901967601901,0.300395479054088,0.319326518440341,0.151076949351012,0.0464467649960529,0.232244521155212,0.32656138504954,0.34469906658705,0.140638719559309,0.0556394547500445,243.916578157328,228.156869534577,404,v7.4.6,gap_tied_weak_links_phase3_seed,/Users/asewaket/Documents/LTSpice Superconducting Circuit/matlab_v7_4_6_files/outputs/v7_4_6_as006_gap_weaklink_v800_phase3_seed_404/AS006_v7_4_6_gap_weaklink_scores.csv
AS006,combined_a4_1_g0_7_p0_1,"combined weak-link classes, alpha=4.1, tau=0.7, p=0.1",combined,boundary_constriction,shape,4.1,0.999999999999997,0.7,0.1,0.969934640522875,0.7,0.100217864923747,7.50212590456224e-07,4.54442731790297e-07,0.135732772722257,179.725418353853,0.218916619773917,0.301106633987507,0.320021025367676,0.148881693205195,0.0473375539821509,0.229403920209327,0.32438929363935,0.342585892955449,0.13917849089913,0.0491318811113381,241.664684015545,232.920156324325,404,v7.4.6,gap_tied_weak_links_phase3_seed,/Users/asewaket/Documents/LTSpice Superconducting Circuit/matlab_v7_4_6_files/outputs/v7_4_6_as006_gap_weaklink_v800_phase3_seed_404/AS006_v7_4_6_gap_weaklink_scores.csv
AS006,boundary_sns_a3_3_g0_2_p0_05,"SNS-like boundary constriction, alpha=3.3, tau=0.2, p=0.05",boundary_lane,boundary_constriction,shape,3.3,1,0.2,0.05,0.949455337690632,0.2,0.0631808278867102,1.85107827372579e-07,3.35565169103732e-07,0.129480602472699,182.76036104082,0.219263816883336,0.299775049711421,0.322010666803307,0.149081142560583,0.0466739395987422,0.231538005092345,0.323728004216139,0.345462787698123,0.140003366921078,0.0543979341225208,243.975500739754,229.844537605025,404,v7.4.6,gap_tied_weak_links_phase3_seed,/Users/asewaket/Documents/LTSpice Superconducting Circuit/matlab_v7_4_6_files/outputs/v7_4_6_as006_gap_weaklink_v800_phase3_seed_404/AS006_v7_4_6_gap_weaklink_scores.csv
AS006,boundary_sns_a4_1_g0_7_p0_2,"SNS-like boundary constriction, alpha=4.1, tau=0.7, p=0.2",boundary_lane,boundary_constriction,shape,4.1,0.999999999999997,0.7,0.2,0.933594771241829,0.7,0.221350762527233,7.34004496622675e-07,4.46918161363212e-07,0.137710989702308,181.498898509732,0.21936835966283,0.302047415759839,0.320711135107015,0.148958087157004,0.0473522871707795,0.231904340801438,0.328088085107826,0.345928740315184,0.138953939917191,0.0523658984513044,241.833746603277,230.353436323253,404,v7.4.6,gap_tied_weak_links_phase3_seed,/Users/asewaket/Documents/LTSpice Superconducting Circuit/matlab_v7_4_6_files/outputs/v7_4_6_as006_gap_weaklink_v800_phase3_seed_404/AS006_v7_4_6_gap_weaklink_scores.csv
AS006,combined_a3_7_g0_7_p0_2,"combined weak-link classes, alpha=3.7, tau=0.7, p=0.2",combined,boundary_constriction,shape,3.7,0,0.7,0.2,0.939999999999999,0.7,0.2,6.65937705220857e-07,4.19843373298161e-07,0.121163161076524,174.270967055721,0.219426483463408,0.301704326957065,0.322633437062609,0.146743095299396,0.0473907063761658,0.230185523111191,0.323636327753022,0.34402982309836,0.138642845895492,0.0519355400114369,243.497013512939,232.320426030876,404,v7.4.6,gap_tied_weak_links_phase3_seed,/Users/asewaket/Documents/LTSpice Superconducting Circuit/matlab_v7_4_6_files/outputs/v7_4_6_as006_gap_weaklink_v800_phase3_seed_404/AS006_v7_4_6_gap_weaklink_scores.csv
AS006,boundary_sns_a4_1_g0_2_p0_05,"SNS-like boundary constriction, alpha=4.1, tau=0.2, p=0.05",boundary_lane,boundary_constriction,shape,4.1,0.999999999999997,0.2,0.05,0.949455337690632,0.2,0.0631808278867102,2.29982452190174e-07,4.16914301007667e-07,0.160869839435778,182.76036104082,0.219766254556852,0.302785440841007,0.321413758178871,0.14956733846766,0.0466125820456533,0.232511483933844,0.327943499887927,0.345858138540257,0.139980212885999,0.0543869112283433,243.701185082815,229.229791806057,404,v7.4.6,gap_tied_weak_links_phase3_seed,/Users/asewaket/Documents/LTSpice Superconducting Circuit/matlab_v7_4_6_files/outputs/v7_4_6_as006_gap_weaklink_v800_phase3_seed_404/AS006_v7_4_6_gap_weaklink_scores.csv
AS006,crack_tunnel_a4_1_g0_7_p0_2,"tunnel/crack-like links, alpha=4.1, tau=0.7, p=0.2",tear_lane,crack_tunnel,shape,4.1,0.999999999999997,0.7,0.2,0.93986928104575,0.7,0.200435729847495,6.12469404528048e-07,4.6297828824004e-07,0.107341855367667,169.918447149969,0.219775334863734,0.303639646977247,0.322590232994359,0.146111749107393,0.0480644332170515,0.228032791762271,0.322444444409597,0.340948141285197,0.138509204877455,0.047923761055843,242.380266620505,236.168552158112,404,v7.4.6,gap_tied_weak_links_phase3_seed,/Users/asewaket/Documents/LTSpice Superconducting Circuit/matlab_v7_4_6_files/outputs/v7_4_6_as006_gap_weaklink_v800_phase3_seed_404/AS006_v7_4_6_gap_weaklink_scores.csv
AS006,boundary_sns_a3_7_g0_7_p0_3,"SNS-like boundary constriction, alpha=3.7, tau=0.7, p=0.3",boundary_lane,boundary_constriction,shape,3.7,0,0.7,0.3,0.905228758169932,0.7,0.315904139433551,6.02680730237265e-07,4.0764363397113e-07,0.106983292677471,174.541188034057,0.219782493565069,0.303196361877333,0.323507846512411,0.145959920645226,0.0471274737447616,0.231162637704413,0.325439507764858,0.345280688498782,0.138268234417252,0.0532971828627731,244.144070224047,231.419872356112,404,v7.4.6,gap_tied_weak_links_phase3_seed,/Users/asewaket/Documents/LTSpice Superconducting Circuit/matlab_v7_4_6_files/outputs/v7_4_6_as006_gap_weaklink_v800_phase3_seed_404/AS006_v7_4_6_gap_weaklink_scores.csv
AS006,combined_a3_3_g0_7_p0_2,"combined weak-link classes, alpha=3.3, tau=0.7, p=0.2",combined,boundary_constriction,shape,3.3,1,0.7,0.2,0.939999999999999,0.7,0.2,5.93944439791575e-07,3.74454900509171e-07,0.108064440960143,174.270967055721,0.219802512358211,0.301530949551564,0.324818852789675,0.145480777972566,0.0471976473918525,0.229492903107882,0.32078859846687,0.343684573034008,0.138661456413668,0.0519010937459411,244.848261863969,233.336313451722,404,v7.4.6,gap_tied_weak_links_phase3_seed,/Users/asewaket/Documents/LTSpice Superconducting Circuit/matlab_v7_4_6_files/outputs/v7_4_6_as006_gap_weaklink_v800_phase3_seed_404/AS006_v7_4_6_gap_weaklink_scores.csv
AS006,contact_relaxed_a3_3_g0_2_p0_1,"contact-relaxed SNS links, alpha=3.3, tau=0.2, p=0.1",contact_relaxation,contact_relaxed,shape,3.3,1,0.2,0.1,0.919825708061001,0.2,0.100217864923747,8.00288345639944e-08,4.43817630231187e-07,0.0357357158333227,142.297658546584,0.219805833596394,0.297425739915711,0.329287658264966,0.141961753980856,0.0478978336265,0.233686123276704,0.323745153828945,0.354855745370824,0.135667990505868,0.0541029200232964,241.99043688656,230.061597747733,404,v7.4.6,gap_tied_weak_links_phase3_seed,/Users/asewaket/Documents/LTSpice Superconducting Circuit/matlab_v7_4_6_files/outputs/v7_4_6_as006_gap_weaklink_v800_phase3_seed_404/AS006_v7_4_6_gap_weaklink_scores.csv
AS006,boundary_sns_a3_7_g0_2_p0_05,"SNS-like boundary constriction, alpha=3.7, tau=0.2, p=0.05",boundary_lane,boundary_constriction,shape,3.7,0,0.2,0.05,0.949455337690632,0.2,0.0631808278867102,2.07545139781376e-07,3.76239735055699e-07,0.145175220954239,182.76036104082,0.219835512812092,0.302279881915174,0.322315719974187,0.149004193747604,0.0465899300059546,0.232136861496908,0.326269195647993,0.34572779170595,0.139993928851657,0.0543990652865613,244.229915963801,229.663981703897,404,v7.4.6,gap_tied_weak_links_phase3_seed,/Users/asewaket/Documents/LTSpice Superconducting Circuit/matlab_v7_4_6_files/outputs/v7_4_6_as006_gap_weaklink_v800_phase3_seed_404/AS006_v7_4_6_gap_weaklink_scores.csv
AS006,combined_a3_7_g0_7_p0_3,"combined weak-link classes, alpha=3.7, tau=0.7, p=0.3",combined,boundary_constriction,shape,3.7,0,0.7,0.3,0.909934640522874,0.7,0.300217864923747,5.80153913118921e-07,4.27665343564601e-07,0.101606722068011,167.299286598914,0.21998115029301,0.303298382776994,0.324194685785881,0.145306009667941,0.0476341564778389,0.229326518155417,0.322693962934797,0.343197805688788,0.138340552231473,0.0504167775975689,243.811943493897,234.257085988431,404,v7.4.6,gap_tied_weak_links_phase3_seed,/Users/asewaket/Documents/LTSpice Superconducting Circuit/matlab_v7_4_6_files/outputs/v7_4_6_as006_gap_weaklink_v800_phase3_seed_404/AS006_v7_4_6_gap_weaklink_scores.csv
AS006,crack_tunnel_a4_1_g0_7_p0_3,"tunnel/crack-like links, alpha=4.1, tau=0.7, p=0.3",tear_lane,crack_tunnel,shape,4.1,0.999999999999997,0.7,0.3,0.909934640522874,0.7,0.300217864923747,5.91290466686524e-07,4.69749904715465e-07,0.0967864414626934,161.95857626301,0.219983957769445,0.30479802698018,0.32340650791317,0.144678345564403,0.0483124410634905,0.227836052766922,0.322661826218022,0.340887665873966,0.137703299922155,0.0478358974344549,242.587775967263,236.822527963606,404,v7.4.6,gap_tied_weak_links_phase3_seed,/Users/asewaket/Documents/LTSpice Superconducting Circuit/matlab_v7_4_6_files/outputs/v7_4_6_as006_gap_weaklink_v800_phase3_seed_404/AS006_v7_4_6_gap_weaklink_scores.csv
AS006,combined_a3_7_g0_7_p0_1,"combined weak-link classes, alpha=3.7, tau=0.7, p=0.1",combined,boundary_constriction,shape,3.7,0,0.7,0.1,0.969934640522875,0.7,0.100217864923747,6.77021118216592e-07,4.10106855518073e-07,0.122490550993256,179.725418353853,0.220066118073322,0.303410288122347,0.323669046057046,0.146779059733759,0.0470256469772349,0.229001619069255,0.322639847504014,0.342418278468284,0.139207534044755,0.0491268429668204,243.83032464698,234.35748228458,404,v7.4.6,gap_tied_weak_links_phase3_seed,/Users/asewaket/Documents/LTSpice Superconducting Circuit/matlab_v7_4_6_files/outputs/v7_4_6_as006_gap_weaklink_v800_phase3_seed_404/AS006_v7_4_6_gap_weaklink_scores.csv
AS006,boundary_sns_a3_3_g0_7_p0_3,"SNS-like boundary constriction, alpha=3.3, tau=0.7, p=0.3",boundary_lane,boundary_constriction,shape,3.3,1,0.7,0.3,0.905228758169932,0.7,0.315904139433551,5.37526056698101e-07,3.63574051920197e-07,0.0954175313069339,174.541188034057,0.220263883457172,0.303385068820757,0.325701680076625,0.144767961919665,0.0469964559314283,0.230568603974252,0.322991994005799,0.344976780890881,0.138304199838424,0.0532614095083917,245.436004531835,232.454446414535,404,v7.4.6,gap_tied_weak_links_phase3_seed,/Users/asewaket/Documents/LTSpice Superconducting Circuit/matlab_v7_4_6_files/outputs/v7_4_6_as006_gap_weaklink_v800_phase3_seed_404/AS006_v7_4_6_gap_weaklink_scores.csv
AS006,combined_a3_3_g0_7_p0_1,"combined weak-link classes, alpha=3.3, tau=0.7, p=0.1",combined,boundary_constriction,shape,3.3,1,0.7,0.1,0.969934640522875,0.7,0.100217864923747,6.03829645976961e-07,3.65770979245849e-07,0.109248329264255,179.725418353853,0.220334542832609,0.303029488997086,0.325540298176975,0.145701645260232,0.0468206467809642,0.228351225136813,0.319938695624555,0.342099859264933,0.139244434604856,0.0490871330898069,245.107413564666,235.146071041125,404,v7.4.6,gap_tied_weak_links_phase3_seed,/Users/asewaket/Documents/LTSpice Superconducting Circuit/matlab_v7_4_6_files/outputs/v7_4_6_as006_gap_weaklink_v800_phase3_seed_404/AS006_v7_4_6_gap_weaklink_scores.csv
AS006,contact_relaxed_a4_1_g0_4_p0_1,"contact-relaxed SNS links, alpha=4.1, tau=0.4, p=0.1",contact_relaxation,contact_relaxed,shape,4.1,0.999999999999997,0.4,0.1,0.939869281045751,0.4,0.100217864923747,1.74533344213301e-07,4.85216327776338e-07,0.0443989196717039,162.130883275141,0.220368996333034,0.304057916685815,0.324466828576173,0.145331463951425,0.0483057850317728,0.235545438767182,0.334846439033906,0.354324526759012,0.136274736409407,0.0524694124619748,239.110020466601,228.938553037319,404,v7.4.6,gap_tied_weak_links_phase3_seed,/Users/asewaket/Documents/LTSpice Superconducting Circuit/matlab_v7_4_6_files/outputs/v7_4_6_as006_gap_weaklink_v800_phase3_seed_404/AS006_v7_4_6_gap_weaklink_scores.csv
AS006,combined_a3_3_g0_7_p0_3,"combined weak-link classes, alpha=3.3, tau=0.7, p=0.3",combined,boundary_constriction,shape,3.3,1,0.7,0.3,0.909934640522874,0.7,0.300217864923747,5.17434571160118e-07,3.81431252368428e-07,0.0906222115741721,167.299286598914,0.220401855319372,0.303153973205134,0.326524993504129,0.144046797778533,0.0473780675363336,0.228620018351467,0.319761093468365,0.342862300011349,0.138353575589726,0.0503880037819497,245.276381856612,235.291685185894,404,v7.4.6,gap_tied_weak_links_phase3_seed,/Users/asewaket/Documents/LTSpice Superconducting Circuit/matlab_v7_4_6_files/outputs/v7_4_6_as006_gap_weaklink_v800_phase3_seed_404/AS006_v7_4_6_gap_weaklink_scores.csv
AS006,crack_tunnel_a4_1_g0_7_p0_1,"tunnel/crack-like links, alpha=4.1, tau=0.7, p=0.1",tear_lane,crack_tunnel,shape,4.1,0.999999999999997,0.7,0.1,0.969934640522875,0.7,0.100217864923747,6.91609491461317e-07,4.52367656297921e-07,0.129872936886629,179.907284774585,0.220574515144813,0.304775015097756,0.323570865929757,0.147057828844824,0.0480262591932056,0.228152064680056,0.322625138923833,0.340919137783842,0.139528738331632,0.0471157704401848,242.110598760541,237.270027274105,404,v7.4.6,gap_tied_weak_links_phase3_seed,/Users/asewaket/Documents/LTSpice Superconducting Circuit/matlab_v7_4_6_files/outputs/v7_4_6_as006_gap_weaklink_v800_phase3_seed_404/AS006_v7_4_6_gap_weaklink_scores.csv
AS006,crack_tunnel_a3_3_g0_7_p0_2,"tunnel/crack-like links, alpha=3.3, tau=0.7, p=0.2",tear_lane,crack_tunnel,shape,3.3,1,0.7,0.2,0.93986928104575,0.7,0.200435729847495,4.92963179254283e-07,3.72641061266373e-07,0.0863971031008055,169.918447149969,0.220591121981216,0.304440920590962,0.326745091834655,0.143778047996419,0.0469882186089484,0.226962329508785,0.31818129998105,0.340306960921423,0.138575799185948,0.0478734169679505,245.574061650592,237.510025699896,404,v7.4.6,gap_tied_weak_links_phase3_seed,/Users/asewaket/Documents/LTSpice Superconducting Circuit/matlab_v7_4_6_files/outputs/v7_4_6_as006_gap_weaklink_v800_phase3_seed_404/AS006_v7_4_6_gap_weaklink_scores.csv
AS006,boundary_sns_a3_7_g0_7_p0_2,"SNS-like boundary constriction, alpha=3.7, tau=0.7, p=0.2",boundary_lane,boundary_constriction,shape,3.7,0,0.7,0.2,0.933594771241829,0.7,0.221350762527233,6.62394301830219e-07,4.03316389522898e-07,0.124275771194766,181.498898509732,0.220607330486427,0.304513656811447,0.32445312199364,0.1468517388753,0.047165358537695,0.231525508835382,0.326407175444734,0.345788761127315,0.138989507314023,0.0523531526168469,243.875159267962,231.956491876442,404,v7.4.6,gap_tied_weak_links_phase3_seed,/Users/asewaket/Documents/LTSpice Superconducting Circuit/matlab_v7_4_6_files/outputs/v7_4_6_as006_gap_weaklink_v800_phase3_seed_404/AS006_v7_4_6_gap_weaklink_scores.csv
AS006,combined_a4_1_g0_7_p0_05,"combined weak-link classes, alpha=4.1, tau=0.7, p=0.05",combined,boundary_constriction,shape,4.1,0.999999999999997,0.7,0.05,0.984967320261438,0.7,0.0501089324618736,7.78101542370916e-07,4.45581325231579e-07,0.140725832991644,183.905788118584,0.220626841884857,0.305024710284885,0.323548550029582,0.1474234388325,0.0476202380470067,0.229546622216261,0.325349575180055,0.343258146437664,0.139189180412494,0.0476953041197194,241.839355783807,235.346616357708,404,v7.4.6,gap_tied_weak_links_phase3_seed,/Users/asewaket/Documents/LTSpice Superconducting Circuit/matlab_v7_4_6_files/outputs/v7_4_6_as006_gap_weaklink_v800_phase3_seed_404/AS006_v7_4_6_gap_weaklink_scores.csv
AS006,contact_relaxed_a4_1_g0_7_p0_2,"contact-relaxed SNS links, alpha=4.1, tau=0.7, p=0.2",contact_relaxation,contact_relaxed,shape,4.1,0.999999999999997,0.7,0.2,0.939999999999999,0.7,0.2,3.20964520463971e-07,4.66172138633211e-07,0.0509219863851758,169.052790746416,0.220652203908641,0.306233071336603,0.324297412127064,0.145568401669719,0.0475469748970897,0.235291927984433,0.335857405707022,0.353188835765289,0.136637826329725,0.0517244887137319,239.779325174308,229.179858588863,404,v7.4.6,gap_tied_weak_links_phase3_seed,/Users/asewaket/Documents/LTSpice Superconducting Circuit/matlab_v7_4_6_files/outputs/v7_4_6_as006_gap_weaklink_v800_phase3_seed_404/AS006_v7_4_6_gap_weaklink_scores.csv
AS006,boundary_sns_a4_1_g0_7_p0_1,"SNS-like boundary constriction, alpha=4.1, tau=0.7, p=0.1",boundary_lane,boundary_constriction,shape,4.1,0.999999999999997,0.7,0.1,0.962091503267973,0.7,0.12636165577342,7.94125924416159e-07,4.4196250435079e-07,0.154670285753269,185.097026158049,0.220730888767995,0.305622683487175,0.323898652253047,0.147234326876183,0.0471662103147407,0.232957960399401,0.330628287772938,0.348242271218053,0.138376341516482,0.0517671126968708,242.225121457138,230.806451582006,404,v7.4.6,gap_tied_weak_links_phase3_seed,/Users/asewaket/Documents/LTSpice Superconducting Circuit/matlab_v7_4_6_files/outputs/v7_4_6_as006_gap_weaklink_v800_phase3_seed_404/AS006_v7_4_6_gap_weaklink_scores.csv
AS006,crack_tunnel_a3_7_g0_7_p0_2,"tunnel/crack-like links, alpha=3.7, tau=0.7, p=0.2",tear_lane,crack_tunnel,shape,3.7,0,0.7,0.2,0.93986928104575,0.7,0.200435729847495,5.52716291891166e-07,4.17809674753206e-07,0.0968694792342364,169.918447149969,0.220828228793722,0.305730991090662,0.325943946651687,0.144318124267086,0.0476105909036379,0.227621452390452,0.32076623419071,0.340712366372441,0.138539339281478,0.0479202125079279,244.431312125146,237.505920839828,404,v7.4.6,gap_tied_weak_links_phase3_seed,/Users/asewaket/Documents/LTSpice Superconducting Circuit/matlab_v7_4_6_files/outputs/v7_4_6_as006_gap_weaklink_v800_phase3_seed_404/AS006_v7_4_6_gap_weaklink_scores.csv
AS006,boundary_sns_a3_3_g0_7_p0_2,"SNS-like boundary constriction, alpha=3.3, tau=0.7, p=0.2",boundary_lane,boundary_constriction,shape,3.3,1,0.7,0.2,0.933594771241829,0.7,0.221350762527233,5.90784107037763e-07,3.59714617682585e-07,0.110840552687223,181.498898509732,0.220989322172724,0.304440789614882,0.326450586398676,0.145756153416367,0.0470221032805952,0.23092978465129,0.323899759176377,0.345505158318014,0.139035203676293,0.05232113242818,245.071640010936,232.897264438028,404,v7.4.6,gap_tied_weak_links_phase3_seed,/Users/asewaket/Documents/LTSpice Superconducting Circuit/matlab_v7_4_6_files/outputs/v7_4_6_as006_gap_weaklink_v800_phase3_seed_404/AS006_v7_4_6_gap_weaklink_scores.csv
AS006,crack_tunnel_a3_3_g0_7_p0_3,"tunnel/crack-like links, alpha=3.3, tau=0.7, p=0.3",tear_lane,crack_tunnel,shape,3.3,1,0.7,0.3,0.909934640522874,0.7,0.300217864923747,4.75916717089153e-07,3.78091386722204e-07,0.0779012821528996,161.95857626301,0.221024434661117,0.30614223127249,0.328099326124565,0.142074105762296,0.0472134891122351,0.226691259123798,0.318320866245451,0.340149554905014,0.137668654023194,0.0477878907607704,246.010583874616,238.526821497337,404,v7.4.6,gap_tied_weak_links_phase3_seed,/Users/asewaket/Documents/LTSpice Superconducting Circuit/matlab_v7_4_6_files/outputs/v7_4_6_as006_gap_weaklink_v800_phase3_seed_404/AS006_v7_4_6_gap_weaklink_scores.csv
AS006,crack_tunnel_a3_3_g0_7_p0_1,"tunnel/crack-like links, alpha=3.3, tau=0.7, p=0.1",tear_lane,crack_tunnel,shape,3.3,1,0.7,0.1,0.969934640522875,0.7,0.100217864923747,5.5666129800545e-07,3.64100796532473e-07,0.104531876030701,179.907284774585,0.221027795601058,0.304769829982543,0.326990202789699,0.145163326051811,0.0466821355760115,0.227186888805804,0.318453476446419,0.340441297608026,0.13968645218768,0.0471006315339571,245.422073661359,237.685202744603,404,v7.4.6,gap_tied_weak_links_phase3_seed,/Users/asewaket/Documents/LTSpice Superconducting Circuit/matlab_v7_4_6_files/outputs/v7_4_6_as006_gap_weaklink_v800_phase3_seed_404/AS006_v7_4_6_gap_weaklink_scores.csv
AS006,crack_tunnel_a3_7_g0_7_p0_3,"tunnel/crack-like links, alpha=3.7, tau=0.7, p=0.3",tear_lane,crack_tunnel,shape,3.7,0,0.7,0.3,0.909934640522874,0.7,0.300217864923747,5.33603591887839e-07,4.23920645718835e-07,0.0873438618077965,161.95857626301,0.22120892771117,0.307292386659479,0.3271339843324,0.142729114431768,0.0478563862749596,0.227391607147153,0.320966435567695,0.34059798664252,0.137688477483983,0.047834526688681,244.815188414824,238.381140383353,404,v7.4.6,gap_tied_weak_links_phase3_seed,/Users/asewaket/Documents/LTSpice Superconducting Circuit/matlab_v7_4_6_files/outputs/v7_4_6_as006_gap_weaklink_v800_phase3_seed_404/AS006_v7_4_6_gap_weaklink_scores.csv
AS006,boundary_sns_a4_1_g0_4_p0_05,"SNS-like boundary constriction, alpha=4.1, tau=0.4, p=0.05",boundary_lane,boundary_constriction,shape,4.1,0.999999999999997,0.4,0.05,0.962091503267973,0.4,0.0631808278867102,4.53756927165682e-07,4.35832673769504e-07,0.160869839435778,185.26075737454,0.221215315861394,0.306660690665216,0.324901615480308,0.147198350329379,0.0468401236394913,0.233109754319803,0.330265726575992,0.347896939299522,0.138951879252844,0.0527735521828066,243.587591678216,230.70313034379,404,v7.4.6,gap_tied_weak_links_phase3_seed,/Users/asewaket/Documents/LTSpice Superconducting Circuit/matlab_v7_4_6_files/outputs/v7_4_6_as006_gap_weaklink_v800_phase3_seed_404/AS006_v7_4_6_gap_weaklink_scores.csv
AS006,crack_tunnel_a3_7_g0_7_p0_1,"tunnel/crack-like links, alpha=3.7, tau=0.7, p=0.1",tear_lane,crack_tunnel,shape,3.7,0,0.7,0.1,0.969934640522875,0.7,0.100217864923747,6.24135394733384e-07,4.08234226415197e-07,0.117202406458665,179.907284774585,0.22133929135943,0.306301967100465,0.326415067946458,0.145523715699997,0.047263476165389,0.227785100208958,0.320965988573768,0.340757108203037,0.139597705390986,0.0471374413769774,244.20087924859,238.047218807854,404,v7.4.6,gap_tied_weak_links_phase3_seed,/Users/asewaket/Documents/LTSpice Superconducting Circuit/matlab_v7_4_6_files/outputs/v7_4_6_as006_gap_weaklink_v800_phase3_seed_404/AS006_v7_4_6_gap_weaklink_scores.csv
AS006,boundary_sns_a3_3_g0_4_p0_05,"SNS-like boundary constriction, alpha=3.3, tau=0.4, p=0.05",boundary_lane,boundary_constriction,shape,3.3,1,0.4,0.05,0.962091503267973,0.4,0.0631808278867102,3.65218990157744e-07,3.50792152058382e-07,0.129480602472699,185.26075737454,0.221368802306788,0.305316424853303,0.326988210858143,0.145959469100247,0.0468488813035817,0.232157000789527,0.326190462940782,0.347510612378222,0.138957509570062,0.0527540823823846,244.683130414222,231.905414502725,404,v7.4.6,gap_tied_weak_links_phase3_seed,/Users/asewaket/Documents/LTSpice Superconducting Circuit/matlab_v7_4_6_files/outputs/v7_4_6_as006_gap_weaklink_v800_phase3_seed_404/AS006_v7_4_6_gap_weaklink_scores.csv
AS006,boundary_sns_a3_7_g0_7_p0_1,"SNS-like boundary constriction, alpha=3.7, tau=0.7, p=0.1",boundary_lane,boundary_constriction,shape,3.7,0,0.7,0.1,0.962091503267973,0.7,0.12636165577342,7.16650224473119e-07,3.98844211243396e-07,0.13958050177734,185.097026158049,0.221404590124156,0.306647298368859,0.326236201096896,0.145943990665407,0.0470323120005967,0.232587817001954,0.328991731897277,0.348123741701591,0.138379808271511,0.0517560447953177,243.547108748637,231.78870020144,404,v7.4.6,gap_tied_weak_links_phase3_seed,/Users/asewaket/Documents/LTSpice Superconducting Circuit/matlab_v7_4_6_files/outputs/v7_4_6_as006_gap_weaklink_v800_phase3_seed_404/AS006_v7_4_6_gap_weaklink_scores.csv
AS006,contact_relaxed_a3_7_g0_4_p0_1,"contact-relaxed SNS links, alpha=3.7, tau=0.4, p=0.1",contact_relaxation,contact_relaxed,shape,3.7,0,0.4,0.1,0.939869281045751,0.4,0.100217864923747,1.57505700875418e-07,4.37878149456696e-07,0.0400673177525133,162.130883275141,0.221520875881468,0.305680375316398,0.328912711131345,0.14299043837375,0.047588711643899,0.234779490197883,0.331487227814182,0.354102902865462,0.136213635253498,0.0524630990938006,241.823542007579,230.556249071447,404,v7.4.6,gap_tied_weak_links_phase3_seed,/Users/asewaket/Documents/LTSpice Superconducting Circuit/matlab_v7_4_6_files/outputs/v7_4_6_as006_gap_weaklink_v800_phase3_seed_404/AS006_v7_4_6_gap_weaklink_scores.csv
AS006,contact_relaxed_a4_1_g0_1_p0_05,"contact-relaxed SNS links, alpha=4.1, tau=0.1, p=0.05",contact_relaxation,contact_relaxed,shape,4.1,0.999999999999997,0.1,0.05,0.954509803921569,0.1,0.0505446623093682,4.14005701211636e-08,5.12029224644679e-07,0.0414806700502256,158.343312882168,0.221557172991417,0.306686664103759,0.327749879789965,0.143220127192883,0.0485117522297846,0.236264238335179,0.336637400362686,0.356823596928007,0.135263228463647,0.0511634611096346,238.85196332864,229.936370189563,404,v7.4.6,gap_tied_weak_links_phase3_seed,/Users/asewaket/Documents/LTSpice Superconducting Circuit/matlab_v7_4_6_files/outputs/v7_4_6_as006_gap_weaklink_v800_phase3_seed_404/AS006_v7_4_6_gap_weaklink_scores.csv
AS006,boundary_sns_a3_7_g0_4_p0_05,"SNS-like boundary constriction, alpha=3.7, tau=0.4, p=0.05",boundary_lane,boundary_constriction,shape,3.7,0,0.4,0.05,0.962091503267973,0.4,0.0631808278867102,4.09487958661713e-07,3.93312412913943e-07,0.145175220954239,185.26075737454,0.221647115685086,0.307063680677093,0.326646644675321,0.146227938037128,0.0467553470201148,0.232740538795163,0.328633017831338,0.347771351256117,0.138956358400503,0.05277436344564,244.602245232645,231.447475683331,404,v7.4.6,gap_tied_weak_links_phase3_seed,/Users/asewaket/Documents/LTSpice Superconducting Circuit/matlab_v7_4_6_files/outputs/v7_4_6_as006_gap_weaklink_v800_phase3_seed_404/AS006_v7_4_6_gap_weaklink_scores.csv
AS006,contact_relaxed_a4_1_g0_05_p0_05,"contact-relaxed SNS links, alpha=4.1, tau=0.05, p=0.05",contact_relaxation,contact_relaxed,shape,4.1,0.999999999999997,0.05,0.05,0.9519825708061,0.05,0.0505446623093682,2.13536801874212e-08,5.28191195323009e-07,0.0414806700502256,153.498211330738,0.221665407424186,0.307320202204714,0.327495909966386,0.143467084343126,0.0485551370461345,0.236856193099783,0.338274885172538,0.357606410742067,0.135311273418962,0.051055769754057,238.299649600457,229.544144271205,404,v7.4.6,gap_tied_weak_links_phase3_seed,/Users/asewaket/Documents/LTSpice Superconducting Circuit/matlab_v7_4_6_files/outputs/v7_4_6_as006_gap_weaklink_v800_phase3_seed_404/AS006_v7_4_6_gap_weaklink_scores.csv
AS006,contact_relaxed_a4_1_g0_7_p0_3,"contact-relaxed SNS links, alpha=4.1, tau=0.7, p=0.3",contact_relaxation,contact_relaxed,shape,4.1,0.999999999999997,0.7,0.3,0.909934640522874,0.7,0.300217864923747,3.65881428230801e-07,4.78281166262578e-07,0.054437632606673,157.671146212892,0.221698023685397,0.309052181995742,0.326705211520921,0.14384506127501,0.0478974896758673,0.23534583265964,0.336242648925992,0.353258553064442,0.136352958082413,0.0518428489064168,240.698842856904,230.440191698612,404,v7.4.6,gap_tied_weak_links_phase3_seed,/Users/asewaket/Documents/LTSpice Superconducting Circuit/matlab_v7_4_6_files/outputs/v7_4_6_as006_gap_weaklink_v800_phase3_seed_404/AS006_v7_4_6_gap_weaklink_scores.csv
AS006,boundary_sns_a3_3_g0_7_p0_1,"SNS-like boundary constriction, alpha=3.3, tau=0.7, p=0.1",boundary_lane,boundary_constriction,shape,3.3,1,0.7,0.1,0.962091503267973,0.7,0.12636165577342,6.39174524530079e-07,3.55725918136002e-07,0.124490717801411,185.097026158049,0.221796386271687,0.306519241036197,0.3281368245231,0.14489970797598,0.0470986124368394,0.232002517994537,0.326562858275019,0.347858884024215,0.13837919679428,0.0517226886624409,244.46222220171,232.887579622861,404,v7.4.6,gap_tied_weak_links_phase3_seed,/Users/asewaket/Documents/LTSpice Superconducting Circuit/matlab_v7_4_6_files/outputs/v7_4_6_as006_gap_weaklink_v800_phase3_seed_404/AS006_v7_4_6_gap_weaklink_scores.csv
AS006,crack_tunnel_a4_1_g0_7_p0_05,"tunnel/crack-like links, alpha=4.1, tau=0.7, p=0.05",tear_lane,crack_tunnel,shape,4.1,0.999999999999997,0.7,0.05,0.984836601307189,0.7,0.0505446623093682,7.29600957414741e-07,4.42710582088233e-07,0.138284089991712,185.098319541196,0.221808684312332,0.308006572776749,0.326294778536579,0.146116048553231,0.0473759256543625,0.229442447901837,0.325477366206944,0.343289708810138,0.139193983495117,0.0469854035156009,242.624797688041,237.08742023004,404,v7.4.6,gap_tied_weak_links_phase3_seed,/Users/asewaket/Documents/LTSpice Superconducting Circuit/matlab_v7_4_6_files/outputs/v7_4_6_as006_gap_weaklink_v800_phase3_seed_404/AS006_v7_4_6_gap_weaklink_scores.csv
AS006,contact_relaxed_a4_1_g0_2_p0_05,"contact-relaxed SNS links, alpha=4.1, tau=0.2, p=0.05",contact_relaxation,contact_relaxed,shape,4.1,0.999999999999997,0.2,0.05,0.959564270152505,0.2,0.0505446623093682,7.89665412939645e-08,4.88316668022787e-07,0.0414806700502256,166.03243147732,0.221938972577396,0.30738148418996,0.328633909201331,0.143070978435959,0.0483653145497413,0.235930587228183,0.335650414942299,0.356075040836627,0.135565774761043,0.0514139812832132,239.8073257626,230.467493119436,404,v7.4.6,gap_tied_weak_links_phase3_seed,/Users/asewaket/Documents/LTSpice Superconducting Circuit/matlab_v7_4_6_files/outputs/v7_4_6_as006_gap_weaklink_v800_phase3_seed_404/AS006_v7_4_6_gap_weaklink_scores.csv
AS006,contact_relaxed_a3_7_g0_7_p0_2,"contact-relaxed SNS links, alpha=3.7, tau=0.7, p=0.2",contact_relaxation,contact_relaxed,shape,3.7,0,0.7,0.2,0.939999999999999,0.7,0.2,2.89650908711389e-07,4.20691929986069e-07,0.0459539877134514,169.052790746416,0.22207615163417,0.308875069270817,0.328715908266761,0.143297510218107,0.0471309616605662,0.234755985629424,0.333573845994068,0.352988246728596,0.136594174223939,0.0517339325980829,242.332154539197,230.914462357113,404,v7.4.6,gap_tied_weak_links_phase3_seed,/Users/asewaket/Documents/LTSpice Superconducting Circuit/matlab_v7_4_6_files/outputs/v7_4_6_as006_gap_weaklink_v800_phase3_seed_404/AS006_v7_4_6_gap_weaklink_scores.csv
AS006,combined_a3_7_g0_7_p0_05,"combined weak-link classes, alpha=3.7, tau=0.7, p=0.05",combined,boundary_constriction,shape,3.7,0,0.7,0.05,0.984967320261438,0.7,0.0501089324618736,7.02189196773753e-07,4.02109976428499e-07,0.126996483431484,183.905788118584,0.222101922364831,0.308177764636484,0.327945334289886,0.145086989431197,0.0470687753913741,0.22918055608595,0.323716982777084,0.343120994206043,0.139225962095274,0.0476916051729978,244.55716832666,236.941552087715,404,v7.4.6,gap_tied_weak_links_phase3_seed,/Users/asewaket/Documents/LTSpice Superconducting Circuit/matlab_v7_4_6_files/outputs/v7_4_6_as006_gap_weaklink_v800_phase3_seed_404/AS006_v7_4_6_gap_weaklink_scores.csv
AS006,shuffled_tau_control,"same weak-link histogram, shuffled positions",shuffled,boundary_constriction,shape,3.7,0,0.01,0.08,0.920627450980392,0.01,0.0801742919389978,4.44447654133086e-09,4.23067678002618e-07,0.0504420906847273,166.181550170012,0.222238617941,0.308866669690727,0.328015157534416,0.14552212685704,0.0463972357577484,0.227001654272273,0.308078846807527,0.327041262013786,0.148116570814863,0.0694615025111354,242.906978754305,254.249672580968,404,v7.4.6,gap_tied_weak_links_phase3_seed,/Users/asewaket/Documents/LTSpice Superconducting Circuit/matlab_v7_4_6_files/outputs/v7_4_6_as006_gap_weaklink_v800_phase3_seed_404/AS006_v7_4_6_gap_weaklink_scores.csv
AS006,contact_relaxed_a3_7_g0_7_p0_3,"contact-relaxed SNS links, alpha=3.7, tau=0.7, p=0.3",contact_relaxation,contact_relaxed,shape,3.7,0,0.7,0.3,0.909934640522874,0.7,0.300217864923747,3.30185679135113e-07,4.31619589066229e-07,0.0491266440596806,157.671146212892,0.22243488068056,0.31012372688327,0.329557707491083,0.142383236131447,0.047345643245827,0.234796749762263,0.333992875883033,0.353021510353446,0.136283787518404,0.0518484954117437,242.588809100088,231.422829839483,404,v7.4.6,gap_tied_weak_links_phase3_seed,/Users/asewaket/Documents/LTSpice Superconducting Circuit/matlab_v7_4_6_files/outputs/v7_4_6_as006_gap_weaklink_v800_phase3_seed_404/AS006_v7_4_6_gap_weaklink_scores.csv
AS006,combined_a3_3_g0_7_p0_05,"combined weak-link classes, alpha=3.3, tau=0.7, p=0.05",combined,boundary_constriction,shape,3.3,1,0.7,0.05,0.984967320261438,0.7,0.0501089324618736,6.26276851176591e-07,3.58638627625418e-07,0.113267133871323,183.905788118584,0.222465281452409,0.308158092660712,0.32997827711609,0.144030308503795,0.0466684440184307,0.228591546458143,0.321253884791141,0.342839608158472,0.139273248786001,0.0476429722397458,246.230809075014,237.482984293314,404,v7.4.6,gap_tied_weak_links_phase3_seed,/Users/asewaket/Documents/LTSpice Superconducting Circuit/matlab_v7_4_6_files/outputs/v7_4_6_as006_gap_weaklink_v800_phase3_seed_404/AS006_v7_4_6_gap_weaklink_scores.csv
AS006,contact_relaxed_a3_7_g0_1_p0_05,"contact-relaxed SNS links, alpha=3.7, tau=0.1, p=0.05",contact_relaxation,contact_relaxed,shape,3.7,0,0.1,0.05,0.954509803921569,0.1,0.0505446623093682,3.73614901093427e-08,4.62075153947637e-07,0.0374337754111792,158.343312882168,0.222512277886191,0.308122433775636,0.331505564366561,0.141329377578297,0.0476424960409698,0.235531568801476,0.333642597406181,0.356443708060483,0.13525326337526,0.0511721782762799,241.390965577465,231.238918797389,404,v7.4.6,gap_tied_weak_links_phase3_seed,/Users/asewaket/Documents/LTSpice Superconducting Circuit/matlab_v7_4_6_files/outputs/v7_4_6_as006_gap_weaklink_v800_phase3_seed_404/AS006_v7_4_6_gap_weaklink_scores.csv
AS006,contact_relaxed_a4_1_g0_4_p0_05,"contact-relaxed SNS links, alpha=4.1, tau=0.4, p=0.05",contact_relaxation,contact_relaxed,shape,4.1,0.999999999999997,0.4,0.05,0.969673202614379,0.4,0.0505446623093682,1.48505539850908e-07,4.591674474697e-07,0.0414806700502256,176.572629809687,0.222686602135049,0.310065037940467,0.329533202479906,0.143121014298856,0.0477836005213728,0.235999554463164,0.33655208302691,0.3553504684337,0.136082600941494,0.0514791183530665,240.982784517858,230.788238097175,404,v7.4.6,gap_tied_weak_links_phase3_seed,/Users/asewaket/Documents/LTSpice Superconducting Circuit/matlab_v7_4_6_files/outputs/v7_4_6_as006_gap_weaklink_v800_phase3_seed_404/AS006_v7_4_6_gap_weaklink_scores.csv
AS006,contact_relaxed_a3_7_g0_05_p0_05,"contact-relaxed SNS links, alpha=3.7, tau=0.05, p=0.05",contact_relaxation,contact_relaxed,shape,3.7,0,0.05,0.05,0.9519825708061,0.05,0.0505446623093682,1.92703943154777e-08,4.76660346998813e-07,0.0374337754111792,153.498211330738,0.222740601021963,0.308932308182228,0.331489701857454,0.141512888918979,0.0477726075283174,0.236153947230998,0.335276918821186,0.357285018604426,0.135323890504217,0.051089171645786,240.852461237106,230.981527467882,404,v7.4.6,gap_tied_weak_links_phase3_seed,/Users/asewaket/Documents/LTSpice Superconducting Circuit/matlab_v7_4_6_files/outputs/v7_4_6_as006_gap_weaklink_v800_phase3_seed_404/AS006_v7_4_6_gap_weaklink_scores.csv
AS006,crack_tunnel_a3_7_g0_7_p0_05,"tunnel/crack-like links, alpha=3.7, tau=0.7, p=0.05",tear_lane,crack_tunnel,shape,3.7,0,0.7,0.05,0.984836601307189,0.7,0.0505446623093682,6.58420376203547e-07,3.99519305786942e-07,0.124792959260814,185.098319541196,0.222820633486152,0.309985438112362,0.329565830162202,0.144452501242904,0.0468118999809172,0.229081217624312,0.323855386114077,0.343153546611227,0.139241964367218,0.0469795399788104,244.947141879588,238.025429303757,404,v7.4.6,gap_tied_weak_links_phase3_seed,/Users/asewaket/Documents/LTSpice Superconducting Circuit/matlab_v7_4_6_files/outputs/v7_4_6_as006_gap_weaklink_v800_phase3_seed_404/AS006_v7_4_6_gap_weaklink_scores.csv
AS006,crack_tunnel_a3_3_g0_7_p0_05,"tunnel/crack-like links, alpha=3.3, tau=0.7, p=0.05",tear_lane,crack_tunnel,shape,3.3,1,0.7,0.05,0.984836601307189,0.7,0.0505446623093682,5.87239794992353e-07,3.56328029485651e-07,0.111301828529915,185.098319541196,0.222823158534608,0.309045967050999,0.330693824315795,0.143861297101909,0.0465290116920153,0.228499012823568,0.321409804957196,0.342875546615794,0.139299668651394,0.0469284667687627,246.308899202931,238.020457033175,404,v7.4.6,gap_tied_weak_links_phase3_seed,/Users/asewaket/Documents/LTSpice Superconducting Circuit/matlab_v7_4_6_files/outputs/v7_4_6_as006_gap_weaklink_v800_phase3_seed_404/AS006_v7_4_6_gap_weaklink_scores.csv
AS006,boundary_sns_a4_1_g0_7_p0_05,"SNS-like boundary constriction, alpha=4.1, tau=0.7, p=0.05",boundary_lane,boundary_constriction,shape,4.1,0.999999999999997,0.7,0.05,0.981045751633987,0.7,0.0631808278867102,7.79023997123675e-07,4.33727111698023e-07,0.160869839435778,188.839967095773,0.222963167687246,0.31119349881979,0.328975253464622,0.144649607807302,0.0471036362942248,0.234620900913958,0.334259406913119,0.351496377574023,0.137650753104057,0.0516629955220597,243.146034578451,231.610128570791,404,v7.4.6,gap_tied_weak_links_phase3_seed,/Users/asewaket/Documents/LTSpice Superconducting Circuit/matlab_v7_4_6_files/outputs/v7_4_6_as006_gap_weaklink_v800_phase3_seed_404/AS006_v7_4_6_gap_weaklink_scores.csv
AS006,contact_relaxed_a3_3_g0_4_p0_1,"contact-relaxed SNS links, alpha=3.3, tau=0.4, p=0.1",contact_relaxation,contact_relaxed,shape,3.3,1,0.4,0.1,0.939869281045751,0.4,0.100217864923747,1.40478057537535e-07,3.90539971137053e-07,0.0357357158333227,162.130883275141,0.223074382816578,0.30735732768987,0.334388035381757,0.140484569691295,0.0472298123608261,0.233758339118379,0.327111726045874,0.353762061041667,0.136126435077334,0.0524383188764346,244.911532701469,232.891180124448,404,v7.4.6,gap_tied_weak_links_phase3_seed,/Users/asewaket/Documents/LTSpice Superconducting Circuit/matlab_v7_4_6_files/outputs/v7_4_6_as006_gap_weaklink_v800_phase3_seed_404/AS006_v7_4_6_gap_weaklink_scores.csv
AS006,contact_relaxed_a3_3_g0_7_p0_3,"contact-relaxed SNS links, alpha=3.3, tau=0.7, p=0.3",contact_relaxation,contact_relaxed,shape,3.3,1,0.7,0.3,0.909934640522874,0.7,0.300217864923747,2.94489930039425e-07,3.8495801186988e-07,0.0438156555126881,157.671146212892,0.223084086208471,0.310345381275671,0.332516927627495,0.140947544468375,0.0469859958330971,0.234001330425475,0.330742943154745,0.352671899673398,0.136185064688641,0.051856553683381,244.525325307072,232.570483302273,404,v7.4.6,gap_tied_weak_links_phase3_seed,/Users/asewaket/Documents/LTSpice Superconducting Circuit/matlab_v7_4_6_files/outputs/v7_4_6_as006_gap_weaklink_v800_phase3_seed_404/AS006_v7_4_6_gap_weaklink_scores.csv
AS006,contact_relaxed_a4_1_g0_7_p0_1,"contact-relaxed SNS links, alpha=4.1, tau=0.7, p=0.1",contact_relaxation,contact_relaxed,shape,4.1,0.999999999999997,0.7,0.1,0.969934640522875,0.7,0.100217864923747,2.74306515063656e-07,4.47755018222679e-07,0.0443989196717039,180.528629407417,0.223103931026395,0.311673942594898,0.329643223817799,0.143408064740925,0.0477099899297754,0.236020772452502,0.337263916267339,0.35464612765337,0.136575272807506,0.0514901315923903,241.420073152771,231.100608492797,404,v7.4.6,gap_tied_weak_links_phase3_seed,/Users/asewaket/Documents/LTSpice Superconducting Circuit/matlab_v7_4_6_files/outputs/v7_4_6_as006_gap_weaklink_v800_phase3_seed_404/AS006_v7_4_6_gap_weaklink_scores.csv
AS006,contact_relaxed_a3_7_g0_2_p0_05,"contact-relaxed SNS links, alpha=3.7, tau=0.2, p=0.05",contact_relaxation,contact_relaxed,shape,3.7,0,0.2,0.05,0.959564270152505,0.2,0.0505446623093682,7.12624884847973e-08,4.40676017483978e-07,0.0374337754111792,166.03243147732,0.223221749738987,0.309349938742468,0.33304219300962,0.140944475597608,0.0477543776886196,0.235205006420513,0.332630972464916,0.355779349333656,0.135505969232784,0.0513977367627703,242.44836274031,232.198668104023,404,v7.4.6,gap_tied_weak_links_phase3_seed,/Users/asewaket/Documents/LTSpice Superconducting Circuit/matlab_v7_4_6_files/outputs/v7_4_6_as006_gap_weaklink_v800_phase3_seed_404/AS006_v7_4_6_gap_weaklink_scores.csv
AS006,contact_relaxed_a4_1_g0_7_p0_05,"contact-relaxed SNS links, alpha=4.1, tau=0.7, p=0.05",contact_relaxation,contact_relaxed,shape,4.1,0.999999999999997,0.7,0.05,0.984836601307189,0.7,0.0505446623093682,2.4638966017591e-07,4.37692002110899e-07,0.0414806700502256,186.243708297688,0.224078684819486,0.313969946418403,0.331806770231358,0.142575459173028,0.047542305807865,0.236253886321887,0.33787273665813,0.355188161174584,0.136457269129128,0.0512458264843726,242.21517452692,231.794242177475,404,v7.4.6,gap_tied_weak_links_phase3_seed,/Users/asewaket/Documents/LTSpice Superconducting Circuit/matlab_v7_4_6_files/outputs/v7_4_6_as006_gap_weaklink_v800_phase3_seed_404/AS006_v7_4_6_gap_weaklink_scores.csv
AS006,contact_relaxed_a3_3_g0_7_p0_2,"contact-relaxed SNS links, alpha=3.3, tau=0.7, p=0.2",contact_relaxation,contact_relaxed,shape,3.3,1,0.7,0.2,0.939999999999999,0.7,0.2,2.58337296958806e-07,3.75211721338926e-07,0.0409859890417269,169.052790746416,0.224140301299582,0.312115263709228,0.334668950400745,0.140680108431926,0.0470654440474702,0.233987284220554,0.330333701906851,0.352678933608407,0.136535623558332,0.0517450559332881,245.397648232547,233.682001857418,404,v7.4.6,gap_tied_weak_links_phase3_seed,/Users/asewaket/Documents/LTSpice Superconducting Circuit/matlab_v7_4_6_files/outputs/v7_4_6_as006_gap_weaklink_v800_phase3_seed_404/AS006_v7_4_6_gap_weaklink_scores.csv
AS006,boundary_sns_a3_7_g0_7_p0_05,"SNS-like boundary constriction, alpha=3.7, tau=0.7, p=0.05",boundary_lane,boundary_constriction,shape,3.7,0,0.7,0.05,0.981045751633987,0.7,0.0631808278867102,7.03021655940878e-07,3.91412271532362e-07,0.145175220954239,188.839967095773,0.224323268091008,0.313746879356001,0.332790072277018,0.142849676885336,0.0469247385075897,0.234257996865759,0.332655857358251,0.35138067403933,0.137647833574249,0.0516581554339055,245.241614203802,233.213042097038,404,v7.4.6,gap_tied_weak_links_phase3_seed,/Users/asewaket/Documents/LTSpice Superconducting Circuit/matlab_v7_4_6_files/outputs/v7_4_6_as006_gap_weaklink_v800_phase3_seed_404/AS006_v7_4_6_gap_weaklink_scores.csv
AS006,contact_relaxed_a3_7_g0_4_p0_05,"contact-relaxed SNS links, alpha=3.7, tau=0.4, p=0.05",contact_relaxation,contact_relaxed,shape,3.7,0,0.4,0.05,0.969673202614379,0.4,0.0505446623093682,1.340171944996e-07,4.14370623326315e-07,0.0374337754111792,176.572629809687,0.224408839476499,0.313091667441649,0.334722331566372,0.14077195676853,0.0472235037390312,0.235397585395317,0.333930985516085,0.355165785801223,0.136038898308168,0.051468193423148,244.032043167423,232.756507030362,404,v7.4.6,gap_tied_weak_links_phase3_seed,/Users/asewaket/Documents/LTSpice Superconducting Circuit/matlab_v7_4_6_files/outputs/v7_4_6_as006_gap_weaklink_v800_phase3_seed_404/AS006_v7_4_6_gap_weaklink_scores.csv
AS006,contact_relaxed_a3_3_g0_1_p0_05,"contact-relaxed SNS links, alpha=3.3, tau=0.1, p=0.05",contact_relaxation,contact_relaxed,shape,3.3,1,0.1,0.05,0.954509803921569,0.1,0.0505446623093682,3.33224100975219e-08,4.12121083250595e-07,0.0333868807721328,158.343312882168,0.224476564968947,0.310999542443859,0.337454174427304,0.138873495541573,0.0472466077261283,0.234574149910897,0.32979000640385,0.355919920162681,0.135247765643735,0.0511611758112746,244.79132745035,233.866698816569,404,v7.4.6,gap_tied_weak_links_phase3_seed,/Users/asewaket/Documents/LTSpice Superconducting Circuit/matlab_v7_4_6_files/outputs/v7_4_6_as006_gap_weaklink_v800_phase3_seed_404/AS006_v7_4_6_gap_weaklink_scores.csv
AS006,contact_relaxed_a3_3_g0_05_p0_05,"contact-relaxed SNS links, alpha=3.3, tau=0.05, p=0.05",contact_relaxation,contact_relaxed,shape,3.3,1,0.05,0.05,0.9519825708061,0.05,0.0505446623093682,1.71871084435341e-08,4.25129498674617e-07,0.0333868807721328,153.498211330738,0.224657530461595,0.311563139124792,0.337345277004634,0.139130748812282,0.0474568424097194,0.2352227397266,0.331368229021172,0.356844977773357,0.135333503678194,0.0510998789107099,244.083223543312,233.592493603283,404,v7.4.6,gap_tied_weak_links_phase3_seed,/Users/asewaket/Documents/LTSpice Superconducting Circuit/matlab_v7_4_6_files/outputs/v7_4_6_as006_gap_weaklink_v800_phase3_seed_404/AS006_v7_4_6_gap_weaklink_scores.csv
AS006,boundary_sns_a3_3_g0_7_p0_05,"SNS-like boundary constriction, alpha=3.3, tau=0.7, p=0.05",boundary_lane,boundary_constriction,shape,3.3,1,0.7,0.05,0.981045751633987,0.7,0.0631808278867102,6.2701931475808e-07,3.49097431366702e-07,0.129480602472699,188.839967095773,0.224990256007676,0.314186017352392,0.335199975575282,0.141764179449815,0.0469600811169757,0.233693503433317,0.330308750861386,0.351134530896634,0.137636755520094,0.0516273928359736,246.411867686456,234.534315392941,404,v7.4.6,gap_tied_weak_links_phase3_seed,/Users/asewaket/Documents/LTSpice Superconducting Circuit/matlab_v7_4_6_files/outputs/v7_4_6_as006_gap_weaklink_v800_phase3_seed_404/AS006_v7_4_6_gap_weaklink_scores.csv
AS006,contact_relaxed_a3_3_g0_2_p0_05,"contact-relaxed SNS links, alpha=3.3, tau=0.2, p=0.05",contact_relaxation,contact_relaxed,shape,3.3,1,0.2,0.05,0.959564270152505,0.2,0.0505446623093682,6.355843567563e-08,3.9303536694517e-07,0.0333868807721328,166.03243147732,0.225032277737879,0.311924077188553,0.338667690295376,0.138633706410752,0.0472767204704948,0.234272763198828,0.328898627270762,0.355327597882859,0.135429763557408,0.0513546879816136,245.724638396369,234.611727891886,404,v7.4.6,gap_tied_weak_links_phase3_seed,/Users/asewaket/Documents/LTSpice Superconducting Circuit/matlab_v7_4_6_files/outputs/v7_4_6_as006_gap_weaklink_v800_phase3_seed_404/AS006_v7_4_6_gap_weaklink_scores.csv
AS006,contact_relaxed_a3_7_g0_7_p0_1,"contact-relaxed SNS links, alpha=3.7, tau=0.7, p=0.1",contact_relaxation,contact_relaxed,shape,3.7,0,0.7,0.1,0.969934640522875,0.7,0.100217864923747,2.47544903837933e-07,4.0407160181071e-07,0.0400673177525133,180.528629407417,0.225142696564631,0.315593608441681,0.335228099590413,0.140972898640672,0.0472545767974099,0.235546068793384,0.335173792113771,0.354503199629281,0.13654941876803,0.0514891790418708,244.561348362128,233.311303252915,404,v7.4.6,gap_tied_weak_links_phase3_seed,/Users/asewaket/Documents/LTSpice Superconducting Circuit/matlab_v7_4_6_files/outputs/v7_4_6_as006_gap_weaklink_v800_phase3_seed_404/AS006_v7_4_6_gap_weaklink_scores.csv
AS006,contact_relaxed_a3_7_g0_7_p0_05,"contact-relaxed SNS links, alpha=3.7, tau=0.7, p=0.05",contact_relaxation,contact_relaxed,shape,3.7,0,0.7,0.05,0.984836601307189,0.7,0.0505446623093682,2.22351644548992e-07,3.94990343368372e-07,0.0374337754111792,186.243708297688,0.226389104573313,0.318426922749207,0.337758457960043,0.140148230600433,0.0472560104367413,0.235819946784931,0.335974803965239,0.355051477544311,0.136436189284748,0.0512396076509354,245.392072158375,234.31751424761,404,v7.4.6,gap_tied_weak_links_phase3_seed,/Users/asewaket/Documents/LTSpice Superconducting Circuit/matlab_v7_4_6_files/outputs/v7_4_6_as006_gap_weaklink_v800_phase3_seed_404/AS006_v7_4_6_gap_weaklink_scores.csv
AS006,contact_relaxed_a3_3_g0_4_p0_05,"contact-relaxed SNS links, alpha=3.3, tau=0.4, p=0.05",contact_relaxation,contact_relaxed,shape,3.3,1,0.4,0.05,0.969673202614379,0.4,0.0505446623093682,1.19528849148292e-07,3.6957379918293e-07,0.0333868807721328,176.572629809687,0.226583609464372,0.316227964025486,0.340781664376082,0.138510424290555,0.0471841402750367,0.234575834476134,0.330506738263235,0.354851988863252,0.135967298809243,0.0514223300951915,247.090990497623,235.669988091754,404,v7.4.6,gap_tied_weak_links_phase3_seed,/Users/asewaket/Documents/LTSpice Superconducting Circuit/matlab_v7_4_6_files/outputs/v7_4_6_as006_gap_weaklink_v800_phase3_seed_404/AS006_v7_4_6_gap_weaklink_scores.csv
AS006,uniform_tau_control,"same mean weak transparency, spatially uniform",uniform,boundary_constriction,shape,3.7,0,0.01,0.08,0.920627450980405,0.920627450980392,1,3.86326473872075e-07,3.86326473872075e-07,0.0492266618303399,177.069664001579,0.226842334005942,0.321155905583347,0.338881473795604,0.138183027853725,0.0472844004868983,0.235710471430921,0.337221634861912,0.354803230459048,0.135524602627633,0.0510193157048177,245.932201009927,235.130636262981,404,v7.4.6,gap_tied_weak_links_phase3_seed,/Users/asewaket/Documents/LTSpice Superconducting Circuit/matlab_v7_4_6_files/outputs/v7_4_6_as006_gap_weaklink_v800_phase3_seed_404/AS006_v7_4_6_gap_weaklink_scores.csv
AS006,contact_relaxed_a3_3_g0_7_p0_1,"contact-relaxed SNS links, alpha=3.3, tau=0.7, p=0.1",contact_relaxation,contact_relaxed,shape,3.3,1,0.7,0.1,0.969934640522875,0.7,0.100217864923747,2.20783292612211e-07,3.60388185398741e-07,0.0357357158333227,180.528629407417,0.227268705185803,0.318830747545871,0.340975491562104,0.138891131388706,0.0471917539135781,0.234845109704956,0.332225632903295,0.354236452051857,0.136501220988607,0.0514595982949777,247.494518765337,236.024849467575,404,v7.4.6,gap_tied_weak_links_phase3_seed,/Users/asewaket/Documents/LTSpice Superconducting Circuit/matlab_v7_4_6_files/outputs/v7_4_6_as006_gap_weaklink_v800_phase3_seed_404/AS006_v7_4_6_gap_weaklink_scores.csv
AS006,bulk_AB_reference,"bulk AB reference: no weak-link mask",none,bulk_sns,shape,3.7,0,NaN,0,1,NaN,0,NaN,3.86326504201989e-07,NaN,192.335835642899,0.227415288492658,0.320954065018748,0.33951428942495,0.139861579913931,0.0471453960584629,0.235992861287489,0.336760409819296,0.355113680042275,0.136594561516384,0.0510117546486876,246.206486979354,235.073149431383,404,v7.4.6,gap_tied_weak_links_phase3_seed,/Users/asewaket/Documents/LTSpice Superconducting Circuit/matlab_v7_4_6_files/outputs/v7_4_6_as006_gap_weaklink_v800_phase3_seed_404/AS006_v7_4_6_gap_weaklink_scores.csv
AS006,contact_relaxed_a3_3_g0_7_p0_05,"contact-relaxed SNS links, alpha=3.3, tau=0.7, p=0.05",contact_relaxation,contact_relaxed,shape,3.3,1,0.7,0.05,0.984836601307189,0.7,0.0505446623093682,1.98313628922074e-07,3.52288684625845e-07,0.0333868807721328,186.243708297688,0.228376352436559,0.321428389351847,0.343027046499598,0.138361524204458,0.0472041362010799,0.235172186662132,0.333290612466664,0.354787598036651,0.136394312750538,0.0511991333416876,248.06552788862,236.857405393114,404,v7.4.6,gap_tied_weak_links_phase3_seed,/Users/asewaket/Documents/LTSpice Superconducting Circuit/matlab_v7_4_6_files/outputs/v7_4_6_as006_gap_weaklink_v800_phase3_seed_404/AS006_v7_4_6_gap_weaklink_scores.csv
AS006,central_lane_gap_control,"central-lane topology with same gap-derived links",central_lane,boundary_constriction,shape,3.7,0,0.01,0.08,0.920627450980392,0.01,0.472222222222222,1.55137473141399e-05,0.000607393672635066,0.121950506942512,0.110996845735267,0.368708539392465,0.537339353186715,0.546785249295712,0.240962578119834,0.0481259348583226,0.339543418366301,0.504556783184324,0.50866757658048,0.20527119285937,0.0464030585571281,272.264329383428,272.264329383428,404,v7.4.6,gap_tied_weak_links_phase3_seed,/Users/asewaket/Documents/LTSpice Superconducting Circuit/matlab_v7_4_6_files/outputs/v7_4_6_as006_gap_weaklink_v800_phase3_seed_404/AS006_v7_4_6_gap_weaklink_scores.csv
