variant_id,device,fold_heldout_device,probe_role,probe,experimental_channel,selected_candidate_id,prediction_type,temperature_K,observed_Rtilde,phase13C_F0_Rtilde,predicted_Rtilde_median,predicted_Rtilde_lower,predicted_Rtilde_upper,prediction_status,device_specific_mechanism_retuned,automatic_probe_fallback_used
F0,AS001,AS001,primary,top_4_10,R1,F0_c001,heldout_LODO_prediction,0.0602,0.962048663149189,0.11,0.11,0.11,0.11,completed,0,0
F0,AS001,AS001,primary,top_4_10,R1,F0_c001,heldout_LODO_prediction,0.0801,0.973325184855328,0.11,0.11,0.11,0.11,completed,0,0
F0,AS001,AS001,primary,top_4_10,R1,F0_c001,heldout_LODO_prediction,0.1,0.985437814801791,0.11,0.11,0.11,0.11,completed,0,0
F0,AS001,AS001,primary,top_4_10,R1,F0_c001,heldout_LODO_prediction,0.12,0.985187135338796,0.11,0.11,0.11,0.11,completed,0,0
F0,AS001,AS001,primary,top_4_10,R1,F0_c001,heldout_LODO_prediction,0.1402,0.99300227915735,0.11,0.11,0.11,0.11,completed,0,0
F0,AS001,AS001,primary,top_4_10,R1,F0_c001,heldout_LODO_prediction,0.1603,0.988583007740285,0.11,0.11,0.11,0.11,completed,0,0
F0,AS001,AS001,primary,top_4_10,R1,F0_c001,heldout_LODO_prediction,0.1801,0.993809911005025,0.11,0.11,0.11,0.11,completed,0,0
F0,AS001,AS001,primary,top_4_10,R1,F0_c001,heldout_LODO_prediction,0.2002,0.996037186488633,0.11,0.11,0.11,0.11,completed,0,0
F0,AS001,AS001,primary,top_4_10,R1,F0_c001,heldout_LODO_prediction,0.22,0.987563543732203,0.11,0.11,0.11,0.11,completed,0,0
F0,AS001,AS001,primary,top_4_10,R1,F0_c001,heldout_LODO_prediction,0.2402,0.994679027279808,0.11,0.11,0.11,0.11,completed,0,0
F0,AS001,AS001,primary,top_4_10,R1,F0_c001,heldout_LODO_prediction,0.2599,0.993182170532501,0.11,0.11,0.11,0.11,completed,0,0
F0,AS001,AS001,primary,top_4_10,R1,F0_c001,heldout_LODO_prediction,0.2798,0.99536779955661,0.11,0.11,0.11,0.11,completed,0,0
F0,AS001,AS001,primary,top_4_10,R1,F0_c001,heldout_LODO_prediction,0.3003,0.994869431552457,0.11,0.11,0.11,0.11,completed,0,0
F0,AS001,AS001,primary,top_4_10,R1,F0_c001,heldout_LODO_prediction,0.3198,0.998157932945021,0.11,0.11,0.11,0.11,completed,0,0
F0,AS001,AS001,primary,top_4_10,R1,F0_c001,heldout_LODO_prediction,0.34,0.99634280795696,0.11,0.11,0.11,0.11,completed,0,0
F0,AS001,AS001,primary,top_4_10,R1,F0_c001,heldout_LODO_prediction,0.3597,0.990268068817317,0.11,0.11,0.11,0.11,completed,0,0
F0,AS001,AS001,primary,top_4_10,R1,F0_c001,heldout_LODO_prediction,0.3803,0.99449691211094,0.11,0.11,0.11,0.11,completed,0,0
F0,AS001,AS001,primary,top_4_10,R1,F0_c001,heldout_LODO_prediction,0.4002,0.993486224005965,0.11,0.11,0.11,0.11,completed,0,0
F0,AS001,AS001,primary,top_4_10,R1,F0_c001,heldout_LODO_prediction,0.42,0.998226516462234,0.11,0.11,0.11,0.11,completed,0,0
F0,AS001,AS001,primary,top_4_10,R1,F0_c001,heldout_LODO_prediction,0.4397,1.00028613073625,0.11,0.11,0.11,0.11,completed,0,0
F0,AS001,AS001,primary,top_4_10,R1,F0_c001,heldout_LODO_prediction,0.4599,0.993245711159143,0.11,0.11,0.11,0.11,completed,0,0
F0,AS001,AS001,primary,top_4_10,R1,F0_c001,heldout_LODO_prediction,0.48,0.997582334248706,0.11,0.11,0.11,0.11,completed,0,0
F0,AS001,AS001,primary,top_4_10,R1,F0_c001,heldout_LODO_prediction,0.5004,0.996864194774457,0.11,0.11,0.11,0.11,completed,0,0
F0,AS001,AS001,primary,top_4_10,R1,F0_c001,heldout_LODO_prediction,0.5207,1.00315714746236,0.11,0.11,0.11,0.11,completed,0,0
F0,AS001,AS001,primary,top_4_10,R1,F0_c001,heldout_LODO_prediction,0.5394,0.997065794258765,0.11,0.11,0.11,0.11,completed,0,0
F0,AS001,AS001,primary,top_4_10,R1,F0_c001,heldout_LODO_prediction,0.5598,0.998425168912424,0.11,0.11,0.11,0.11,completed,0,0
F0,AS001,AS001,primary,top_4_10,R1,F0_c001,heldout_LODO_prediction,0.579,0.999677634457059,0.11,0.11,0.11,0.11,completed,0,0
F0,AS001,AS001,primary,top_4_10,R1,F0_c001,heldout_LODO_prediction,0.5995,0.999891097050075,0.11,0.11,0.11,0.11,completed,0,0
F0,AS001,AS001,primary,top_4_10,R1,F0_c001,heldout_LODO_prediction,0.6189,0.999922300637543,0.11,0.11,0.11,0.11,completed,0,0
F0,AS001,AS001,primary,top_4_10,R1,F0_c001,heldout_LODO_prediction,0.6389,0.996607577028507,0.11,0.11,0.11,0.11,completed,0,0
F0,AS001,AS001,primary,top_4_10,R1,F0_c001,heldout_LODO_prediction,0.6602,1,0.11,0.11,0.11,0.11,completed,0,0
F0,AS001,AS001,primary,top_4_10,R1,F0_c001,heldout_LODO_prediction,0.6796,1.00242240272888,0.11,0.11,0.11,0.11,completed,0,0
F0,AS001,AS001,primary,top_4_10,R1,F0_c001,heldout_LODO_prediction,0.7001,1.00147049794633,0.11,0.11,0.11,0.11,completed,0,0
F0,AS001,AS001,primary,top_4_10,R1,F0_c001,heldout_LODO_prediction,0.7197,0.998740728974933,0.11,0.11,0.11,0.11,completed,0,0
F0,AS001,AS001,primary,top_4_10,R1,F0_c001,heldout_LODO_prediction,0.7395,1.00100639961865,0.11,0.11,0.11,0.11,completed,0,0
F0,AS001,AS001,primary,top_4_10,R1,F0_c001,heldout_LODO_prediction,0.7605,0.993929199821527,0.11,0.11,0.11,0.11,completed,0,0
F0,AS001,AS001,primary,top_4_10,R1,F0_c001,heldout_LODO_prediction,0.7811,0.995374751195326,0.11,0.11,0.11,0.11,completed,0,0
F0,AS001,AS001,primary,top_4_10,R1,F0_c001,heldout_LODO_prediction,0.8005,1.00054877648263,0.11,0.11,0.11,0.11,completed,0,0
F0,AS001,AS001,secondary,bottom_3_9,R2,F0_c001,heldout_LODO_prediction,0.0602,0.968399130321445,0.11,0.11,0.11,0.11,completed,0,0
F0,AS001,AS001,secondary,bottom_3_9,R2,F0_c001,heldout_LODO_prediction,0.0801,0.995167885408499,0.11,0.11,0.11,0.11,completed,0,0
F0,AS001,AS001,secondary,bottom_3_9,R2,F0_c001,heldout_LODO_prediction,0.1,0.999288950086634,0.11,0.11,0.11,0.11,completed,0,0
F0,AS001,AS001,secondary,bottom_3_9,R2,F0_c001,heldout_LODO_prediction,0.12,0.999358392711779,0.11,0.11,0.11,0.11,completed,0,0
F0,AS001,AS001,secondary,bottom_3_9,R2,F0_c001,heldout_LODO_prediction,0.1402,0.999752777285125,0.11,0.11,0.11,0.11,completed,0,0
F0,AS001,AS001,secondary,bottom_3_9,R2,F0_c001,heldout_LODO_prediction,0.1603,0.991274696640507,0.11,0.11,0.11,0.11,completed,0,0
F0,AS001,AS001,secondary,bottom_3_9,R2,F0_c001,heldout_LODO_prediction,0.1801,0.989411577298619,0.11,0.11,0.11,0.11,completed,0,0
F0,AS001,AS001,secondary,bottom_3_9,R2,F0_c001,heldout_LODO_prediction,0.2002,0.999664789098898,0.11,0.11,0.11,0.11,completed,0,0
F0,AS001,AS001,secondary,bottom_3_9,R2,F0_c001,heldout_LODO_prediction,0.22,0.998123719110625,0.11,0.11,0.11,0.11,completed,0,0
F0,AS001,AS001,secondary,bottom_3_9,R2,F0_c001,heldout_LODO_prediction,0.2402,1.00153430649916,0.11,0.11,0.11,0.11,completed,0,0
F0,AS001,AS001,secondary,bottom_3_9,R2,F0_c001,heldout_LODO_prediction,0.2599,1.00492768449045,0.11,0.11,0.11,0.11,completed,0,0
F0,AS001,AS001,secondary,bottom_3_9,R2,F0_c001,heldout_LODO_prediction,0.2798,0.997466682091283,0.11,0.11,0.11,0.11,completed,0,0
F0,AS001,AS001,secondary,bottom_3_9,R2,F0_c001,heldout_LODO_prediction,0.3003,1.00681497120397,0.11,0.11,0.11,0.11,completed,0,0
F0,AS001,AS001,secondary,bottom_3_9,R2,F0_c001,heldout_LODO_prediction,0.3198,1.01392614624405,0.11,0.11,0.11,0.11,completed,0,0
F0,AS001,AS001,secondary,bottom_3_9,R2,F0_c001,heldout_LODO_prediction,0.34,0.998466058006477,0.11,0.11,0.11,0.11,completed,0,0
F0,AS001,AS001,secondary,bottom_3_9,R2,F0_c001,heldout_LODO_prediction,0.3597,1.00645196543901,0.11,0.11,0.11,0.11,completed,0,0
F0,AS001,AS001,secondary,bottom_3_9,R2,F0_c001,heldout_LODO_prediction,0.3803,0.995914247862108,0.11,0.11,0.11,0.11,completed,0,0
F0,AS001,AS001,secondary,bottom_3_9,R2,F0_c001,heldout_LODO_prediction,0.4002,0.996274141745276,0.11,0.11,0.11,0.11,completed,0,0
F0,AS001,AS001,secondary,bottom_3_9,R2,F0_c001,heldout_LODO_prediction,0.42,0.9996717242008,0.11,0.11,0.11,0.11,completed,0,0
F0,AS001,AS001,secondary,bottom_3_9,R2,F0_c001,heldout_LODO_prediction,0.4397,1.00175222506102,0.11,0.11,0.11,0.11,completed,0,0
F0,AS001,AS001,secondary,bottom_3_9,R2,F0_c001,heldout_LODO_prediction,0.4599,1.00065458040491,0.11,0.11,0.11,0.11,completed,0,0
F0,AS001,AS001,secondary,bottom_3_9,R2,F0_c001,heldout_LODO_prediction,0.48,1.00497042100473,0.11,0.11,0.11,0.11,completed,0,0
F0,AS001,AS001,secondary,bottom_3_9,R2,F0_c001,heldout_LODO_prediction,0.5004,0.998805672136412,0.11,0.11,0.11,0.11,completed,0,0
F0,AS001,AS001,secondary,bottom_3_9,R2,F0_c001,heldout_LODO_prediction,0.5207,1.00549392739243,0.11,0.11,0.11,0.11,completed,0,0
F0,AS001,AS001,secondary,bottom_3_9,R2,F0_c001,heldout_LODO_prediction,0.5394,0.998470053115109,0.11,0.11,0.11,0.11,completed,0,0
F0,AS001,AS001,secondary,bottom_3_9,R2,F0_c001,heldout_LODO_prediction,0.5598,0.996750677110899,0.11,0.11,0.11,0.11,completed,0,0
F0,AS001,AS001,secondary,bottom_3_9,R2,F0_c001,heldout_LODO_prediction,0.579,1.00973108343672,0.11,0.11,0.11,0.11,completed,0,0
F0,AS001,AS001,secondary,bottom_3_9,R2,F0_c001,heldout_LODO_prediction,0.5995,0.996748933757202,0.11,0.11,0.11,0.11,completed,0,0
F0,AS001,AS001,secondary,bottom_3_9,R2,F0_c001,heldout_LODO_prediction,0.6189,1.00556661961832,0.11,0.11,0.11,0.11,completed,0,0
F0,AS001,AS001,secondary,bottom_3_9,R2,F0_c001,heldout_LODO_prediction,0.6389,0.999946859262228,0.11,0.11,0.11,0.11,completed,0,0
F0,AS001,AS001,secondary,bottom_3_9,R2,F0_c001,heldout_LODO_prediction,0.6602,1,0.11,0.11,0.11,0.11,completed,0,0
F0,AS001,AS001,secondary,bottom_3_9,R2,F0_c001,heldout_LODO_prediction,0.6796,1.00252445998555,0.11,0.11,0.11,0.11,completed,0,0
F0,AS001,AS001,secondary,bottom_3_9,R2,F0_c001,heldout_LODO_prediction,0.7001,0.999821877998057,0.11,0.11,0.11,0.11,completed,0,0
F0,AS001,AS001,secondary,bottom_3_9,R2,F0_c001,heldout_LODO_prediction,0.7197,0.998655858014555,0.11,0.11,0.11,0.11,completed,0,0
F0,AS001,AS001,secondary,bottom_3_9,R2,F0_c001,heldout_LODO_prediction,0.7395,1.01247267893867,0.11,0.11,0.11,0.11,completed,0,0
F0,AS001,AS001,secondary,bottom_3_9,R2,F0_c001,heldout_LODO_prediction,0.7605,0.997683504027185,0.11,0.11,0.11,0.11,completed,0,0
F0,AS001,AS001,secondary,bottom_3_9,R2,F0_c001,heldout_LODO_prediction,0.7811,1.00228825974997,0.11,0.11,0.11,0.11,completed,0,0
F0,AS001,AS001,secondary,bottom_3_9,R2,F0_c001,heldout_LODO_prediction,0.8005,1.00839149123268,0.11,0.11,0.11,0.11,completed,0,0
F0,AS002,AS002,primary,top_4_10,R1,F0_c001,heldout_LODO_prediction,0.0483,0.933804511524358,0.09008493788914,0.09008493788914,0.09008493788914,0.09008493788914,completed,0,0
F0,AS002,AS002,primary,top_4_10,R1,F0_c001,heldout_LODO_prediction,0.0597,0.95160260607648,0.09008493788914,0.09008493788914,0.09008493788914,0.09008493788914,completed,0,0
F0,AS002,AS002,primary,top_4_10,R1,F0_c001,heldout_LODO_prediction,0.0792,0.982590688842325,0.09008493788914,0.09008493788914,0.09008493788914,0.09008493788914,completed,0,0
F0,AS002,AS002,primary,top_4_10,R1,F0_c001,heldout_LODO_prediction,0.0985,0.992036079099004,0.09008493788914,0.09008493788914,0.09008493788914,0.09008493788914,completed,0,0
F0,AS002,AS002,primary,top_4_10,R1,F0_c001,heldout_LODO_prediction,0.1182,0.99632906626506,0.09008493788914,0.09008493788914,0.09008493788914,0.09008493788914,completed,0,0
F0,AS002,AS002,primary,top_4_10,R1,F0_c001,heldout_LODO_prediction,0.1383,0.995314136982713,0.09008493788914,0.09008493788914,0.09008493788914,0.09008493788914,completed,0,0
F0,AS002,AS002,primary,top_4_10,R1,F0_c001,heldout_LODO_prediction,0.1593,0.996095796228391,0.09008493788914,0.09008493788914,0.09008493788914,0.09008493788914,completed,0,0
F0,AS002,AS002,primary,top_4_10,R1,F0_c001,heldout_LODO_prediction,0.1799,0.996018039549502,0.09008493788914,0.09008493788914,0.09008493788914,0.09008493788914,completed,0,0
F0,AS002,AS002,primary,top_4_10,R1,F0_c001,heldout_LODO_prediction,0.2,0.994925353588265,0.09008493788914,0.09008493788914,0.09008493788914,0.09008493788914,completed,0,0
F0,AS002,AS002,primary,top_4_10,R1,F0_c001,heldout_LODO_prediction,0.2201,0.997814628077527,0.09008493788914,0.09008493788914,0.09008493788914,0.09008493788914,completed,0,0
F0,AS002,AS002,primary,top_4_10,R1,F0_c001,heldout_LODO_prediction,0.2402,0.999607124148769,0.09008493788914,0.09008493788914,0.09008493788914,0.09008493788914,completed,0,0
F0,AS002,AS002,primary,top_4_10,R1,F0_c001,heldout_LODO_prediction,0.2601,0.996484579622839,0.09008493788914,0.09008493788914,0.09008493788914,0.09008493788914,completed,0,0
F0,AS002,AS002,primary,top_4_10,R1,F0_c001,heldout_LODO_prediction,0.28,0.994065937663697,0.09008493788914,0.09008493788914,0.09008493788914,0.09008493788914,completed,0,0
F0,AS002,AS002,primary,top_4_10,R1,F0_c001,heldout_LODO_prediction,0.3005,0.995314136982713,0.09008493788914,0.09008493788914,0.09008493788914,0.09008493788914,completed,0,0
F0,AS002,AS002,primary,top_4_10,R1,F0_c001,heldout_LODO_prediction,0.3205,0.997343995547407,0.09008493788914,0.09008493788914,0.09008493788914,0.09008493788914,completed,0,0
F0,AS002,AS002,primary,top_4_10,R1,F0_c001,heldout_LODO_prediction,0.3399,0.999296097433211,0.09008493788914,0.09008493788914,0.09008493788914,0.09008493788914,completed,0,0
F0,AS002,AS002,primary,top_4_10,R1,F0_c001,heldout_LODO_prediction,0.3606,0.998592194866422,0.09008493788914,0.09008493788914,0.09008493788914,0.09008493788914,completed,0,0
F0,AS002,AS002,primary,top_4_10,R1,F0_c001,heldout_LODO_prediction,0.3801,0.99312876506024,0.09008493788914,0.09008493788914,0.09008493788914,0.09008493788914,completed,0,0
F0,AS002,AS002,primary,top_4_10,R1,F0_c001,heldout_LODO_prediction,0.4,0.998358924829754,0.09008493788914,0.09008493788914,0.09008493788914,0.09008493788914,completed,0,0
F0,AS002,AS002,primary,top_4_10,R1,F0_c001,heldout_LODO_prediction,0.4208,0.997421752226296,0.09008493788914,0.09008493788914,0.09008493788914,0.09008493788914,completed,0,0
F0,AS002,AS002,primary,top_4_10,R1,F0_c001,heldout_LODO_prediction,0.4407,1.00444850052383,0.09008493788914,0.09008493788914,0.09008493788914,0.09008493788914,completed,0,0
F0,AS002,AS002,primary,top_4_10,R1,F0_c001,heldout_LODO_prediction,0.4607,0.996640092980618,0.09008493788914,0.09008493788914,0.09008493788914,0.09008493788914,completed,0,0
F0,AS002,AS002,primary,top_4_10,R1,F0_c001,heldout_LODO_prediction,0.4789,1.00187025275013,0.09008493788914,0.09008493788914,0.09008493788914,0.09008493788914,completed,0,0
F0,AS002,AS002,primary,top_4_10,R1,F0_c001,heldout_LODO_prediction,0.5004,0.997499508905186,0.09008493788914,0.09008493788914,0.09008493788914,0.09008493788914,completed,0,0
F0,AS002,AS002,primary,top_4_10,R1,F0_c001,heldout_LODO_prediction,0.5206,1.00234088528025,0.09008493788914,0.09008493788914,0.09008493788914,0.09008493788914,completed,0,0
F0,AS002,AS002,primary,top_4_10,R1,F0_c001,heldout_LODO_prediction,0.5401,1.00210761524358,0.09008493788914,0.09008493788914,0.09008493788914,0.09008493788914,completed,0,0
F0,AS002,AS002,primary,top_4_10,R1,F0_c001,heldout_LODO_prediction,0.5591,0.994299207700366,0.09008493788914,0.09008493788914,0.09008493788914,0.09008493788914,completed,0,0
F0,AS002,AS002,primary,top_4_10,R1,F0_c001,heldout_LODO_prediction,0.5808,0.999296097433211,0.09008493788914,0.09008493788914,0.09008493788914,0.09008493788914,completed,0,0
F0,AS002,AS002,primary,top_4_10,R1,F0_c001,heldout_LODO_prediction,0.6006,0.999218340754321,0.09008493788914,0.09008493788914,0.09008493788914,0.09008493788914,completed,0,0
F0,AS002,AS002,primary,top_4_10,R1,F0_c001,heldout_LODO_prediction,0.6203,0.99632906626506,0.09008493788914,0.09008493788914,0.09008493788914,0.09008493788914,completed,0,0
F0,AS002,AS002,primary,top_4_10,R1,F0_c001,heldout_LODO_prediction,0.6411,0.991254419853327,0.09008493788914,0.09008493788914,0.09008493788914,0.09008493788914,completed,0,0
F0,AS002,AS002,primary,top_4_10,R1,F0_c001,heldout_LODO_prediction,0.6604,0.997892384756417,0.09008493788914,0.09008493788914,0.09008493788914,0.09008493788914,completed,0,0
F0,AS002,AS002,primary,top_4_10,R1,F0_c001,heldout_LODO_prediction,0.6819,1.00382235463594,0.09008493788914,0.09008493788914,0.09008493788914,0.09008493788914,completed,0,0
F0,AS002,AS002,primary,top_4_10,R1,F0_c001,heldout_LODO_prediction,0.7011,0.998907314038764,0.09008493788914,0.09008493788914,0.09008493788914,0.09008493788914,completed,0,0
F0,AS002,AS002,primary,top_4_10,R1,F0_c001,heldout_LODO_prediction,0.7192,0.997032968831849,0.09008493788914,0.09008493788914,0.09008493788914,0.09008493788914,completed,0,0
F0,AS002,AS002,primary,top_4_10,R1,F0_c001,heldout_LODO_prediction,0.7406,1.00101492928235,0.09008493788914,0.09008493788914,0.09008493788914,0.09008493788914,completed,0,0
F0,AS002,AS002,primary,top_4_10,R1,F0_c001,heldout_LODO_prediction,0.7604,0.998514438187533,0.09008493788914,0.09008493788914,0.09008493788914,0.09008493788914,completed,0,0
F0,AS002,AS002,primary,top_4_10,R1,F0_c001,heldout_LODO_prediction,0.7796,1.00101492928235,0.09008493788914,0.09008493788914,0.09008493788914,0.09008493788914,completed,0,0
F0,AS002,AS002,primary,top_4_10,R1,F0_c001,heldout_LODO_prediction,0.7969,1.00795982844421,0.09008493788914,0.09008493788914,0.09008493788914,0.09008493788914,completed,0,0
F0,AS002,AS002,primary,top_4_10,R1,F0_c001,heldout_LODO_prediction,0.803,0.997814628077527,0.09008493788914,0.09008493788914,0.09008493788914,0.09008493788914,completed,0,0
F0,AS002,AS002,primary,top_4_10,R1,F0_c001,heldout_LODO_prediction,0.8178,1.0027296686747,0.09008493788914,0.09008493788914,0.09008493788914,0.09008493788914,completed,0,0
F0,AS002,AS002,primary,top_4_10,R1,F0_c001,heldout_LODO_prediction,0.8611,0.999218340754321,0.09008493788914,0.09008493788914,0.09008493788914,0.09008493788914,completed,0,0
F0,AS002,AS002,primary,top_4_10,R1,F0_c001,heldout_LODO_prediction,0.8828,0.998436681508643,0.09008493788914,0.09008493788914,0.09008493788914,0.09008493788914,completed,0,0
F0,AS002,AS002,primary,top_4_10,R1,F0_c001,heldout_LODO_prediction,0.901,1,0.09008493788914,0.09008493788914,0.09008493788914,0.09008493788914,completed,0,0
F0,AS002,AS002,primary,top_4_10,R1,F0_c001,heldout_LODO_prediction,0.9204,1.0013259559979,0.09008493788914,0.09008493788914,0.09008493788914,0.09008493788914,completed,0,0
F0,AS002,AS002,primary,top_4_10,R1,F0_c001,heldout_LODO_prediction,0.9416,0.998125654793085,0.09008493788914,0.09008493788914,0.09008493788914,0.09008493788914,completed,0,0
F0,AS002,AS002,primary,top_4_10,R1,F0_c001,heldout_LODO_prediction,0.9603,1.00194800942902,0.09008493788914,0.09008493788914,0.09008493788914,0.09008493788914,completed,0,0
F0,AS002,AS002,primary,top_4_10,R1,F0_c001,heldout_LODO_prediction,0.9801,1.00148146935568,0.09008493788914,0.09008493788914,0.09008493788914,0.09008493788914,completed,0,0
F0,AS002,AS002,primary,top_4_10,R1,F0_c001,heldout_LODO_prediction,1.0007,0.997421752226296,0.09008493788914,0.09008493788914,0.09008493788914,0.09008493788914,completed,0,0
F0,AS003,AS003,primary,bottom_3_9,R2,F0_c001,heldout_LODO_prediction,0.0482,1.01375313749178,0.102725901499408,0.102725901499408,0.102725901499408,0.102725901499408,completed,0,0
F0,AS003,AS003,primary,bottom_3_9,R2,F0_c001,heldout_LODO_prediction,0.0598,1.01343641064165,0.102725901499408,0.102725901499408,0.102725901499408,0.102725901499408,completed,0,0
F0,AS003,AS003,primary,bottom_3_9,R2,F0_c001,heldout_LODO_prediction,0.0791,1.01301640329692,0.102725901499408,0.102725901499408,0.102725901499408,0.102725901499408,completed,0,0
F0,AS003,AS003,primary,bottom_3_9,R2,F0_c001,heldout_LODO_prediction,0.0983,1.01171432603899,0.102725901499408,0.102725901499408,0.102725901499408,0.102725901499408,completed,0,0
F0,AS003,AS003,primary,bottom_3_9,R2,F0_c001,heldout_LODO_prediction,0.1181,1.01071604377296,0.102725901499408,0.102725901499408,0.102725901499408,0.102725901499408,completed,0,0
F0,AS003,AS003,primary,bottom_3_9,R2,F0_c001,heldout_LODO_prediction,0.1386,1.00976595444391,0.102725901499408,0.102725901499408,0.102725901499408,0.102725901499408,completed,0,0
F0,AS003,AS003,primary,bottom_3_9,R2,F0_c001,heldout_LODO_prediction,0.1592,1.0092427168424,0.102725901499408,0.102725901499408,0.102725901499408,0.102725901499408,completed,0,0
F0,AS003,AS003,primary,bottom_3_9,R2,F0_c001,heldout_LODO_prediction,0.1799,1.00908436862089,0.102725901499408,0.102725901499408,0.102725901499408,0.102725901499408,completed,0,0
F0,AS003,AS003,primary,bottom_3_9,R2,F0_c001,heldout_LODO_prediction,0.2001,1.0078244675541,0.102725901499408,0.102725901499408,0.102725901499408,0.102725901499408,completed,0,0
F0,AS003,AS003,primary,bottom_3_9,R2,F0_c001,heldout_LODO_prediction,0.2202,1.0078244675541,0.102725901499408,0.102725901499408,0.102725901499408,0.102725901499408,completed,0,0
F0,AS003,AS003,primary,bottom_3_9,R2,F0_c001,heldout_LODO_prediction,0.2399,1.00734942288958,0.102725901499408,0.102725901499408,0.102725901499408,0.102725901499408,completed,0,0
F0,AS003,AS003,primary,bottom_3_9,R2,F0_c001,heldout_LODO_prediction,0.2602,1.00692945586732,0.102725901499408,0.102725901499408,0.102725901499408,0.102725901499408,completed,0,0
F0,AS003,AS003,primary,bottom_3_9,R2,F0_c001,heldout_LODO_prediction,0.2798,1.00635802532883,0.102725901499408,0.102725901499408,0.102725901499408,0.102725901499408,completed,0,0
F0,AS003,AS003,primary,bottom_3_9,R2,F0_c001,heldout_LODO_prediction,0.3002,1.00646129590807,0.102725901499408,0.102725901499408,0.102725901499408,0.102725901499408,completed,0,0
F0,AS003,AS003,primary,bottom_3_9,R2,F0_c001,heldout_LODO_prediction,0.3202,1.00598625124355,0.102725901499408,0.102725901499408,0.102725901499408,0.102725901499408,completed,0,0
F0,AS003,AS003,primary,bottom_3_9,R2,F0_c001,heldout_LODO_prediction,0.3406,1.00598625124355,0.102725901499408,0.102725901499408,0.102725901499408,0.102725901499408,completed,0,0
F0,AS003,AS003,primary,bottom_3_9,R2,F0_c001,heldout_LODO_prediction,0.3604,1.0046712725345,0.102725901499408,0.102725901499408,0.102725901499408,0.102725901499408,completed,0,0
F0,AS003,AS003,primary,bottom_3_9,R2,F0_c001,heldout_LODO_prediction,0.3797,1.0046712725345,0.102725901499408,0.102725901499408,0.102725901499408,0.102725901499408,completed,0,0
F0,AS003,AS003,primary,bottom_3_9,R2,F0_c001,heldout_LODO_prediction,0.4006,1.003783145553,0.102725901499408,0.102725901499408,0.102725901499408,0.102725901499408,completed,0,0
F0,AS003,AS003,primary,bottom_3_9,R2,F0_c001,heldout_LODO_prediction,0.4195,1.00556628422129,0.102725901499408,0.102725901499408,0.102725901499408,0.102725901499408,completed,0,0
F0,AS003,AS003,primary,bottom_3_9,R2,F0_c001,heldout_LODO_prediction,0.4398,1.00451292431299,0.102725901499408,0.102725901499408,0.102725901499408,0.102725901499408,completed,0,0
F0,AS003,AS003,primary,bottom_3_9,R2,F0_c001,heldout_LODO_prediction,0.4595,1.00446473137601,0.102725901499408,0.102725901499408,0.102725901499408,0.102725901499408,completed,0,0
F0,AS003,AS003,primary,bottom_3_9,R2,F0_c001,heldout_LODO_prediction,0.4801,1.00299140444546,0.102725901499408,0.102725901499408,0.102725901499408,0.102725901499408,completed,0,0
F0,AS003,AS003,primary,bottom_3_9,R2,F0_c001,heldout_LODO_prediction,0.4991,1.00388641613224,0.102725901499408,0.102725901499408,0.102725901499408,0.102725901499408,completed,0,0
F0,AS003,AS003,primary,bottom_3_9,R2,F0_c001,heldout_LODO_prediction,0.5194,1.00346644910998,0.102725901499408,0.102725901499408,0.102725901499408,0.102725901499408,completed,0,0
F0,AS003,AS003,primary,bottom_3_9,R2,F0_c001,heldout_LODO_prediction,0.5404,1.00362479733149,0.102725901499408,0.102725901499408,0.102725901499408,0.102725901499408,completed,0,0
F0,AS003,AS003,primary,bottom_3_9,R2,F0_c001,heldout_LODO_prediction,0.56,1.00330810088847,0.102725901499408,0.102725901499408,0.102725901499408,0.102725901499408,completed,0,0
F0,AS003,AS003,primary,bottom_3_9,R2,F0_c001,heldout_LODO_prediction,0.5804,1.00320483030923,0.102725901499408,0.102725901499408,0.102725901499408,0.102725901499408,completed,0,0
F0,AS003,AS003,primary,bottom_3_9,R2,F0_c001,heldout_LODO_prediction,0.599,1.00310155972998,0.102725901499408,0.102725901499408,0.102725901499408,0.102725901499408,completed,0,0
F0,AS003,AS003,primary,bottom_3_9,R2,F0_c001,heldout_LODO_prediction,0.6194,1.00210327746395,0.102725901499408,0.102725901499408,0.102725901499408,0.102725901499408,completed,0,0
F0,AS003,AS003,primary,bottom_3_9,R2,F0_c001,heldout_LODO_prediction,0.6405,1.00225474098017,0.102725901499408,0.102725901499408,0.102725901499408,0.102725901499408,completed,0,0
F0,AS003,AS003,primary,bottom_3_9,R2,F0_c001,heldout_LODO_prediction,0.6598,1.00225474098017,0.102725901499408,0.102725901499408,0.102725901499408,0.102725901499408,completed,0,0
F0,AS003,AS003,primary,bottom_3_9,R2,F0_c001,heldout_LODO_prediction,0.6807,1.00157315515716,0.102725901499408,0.102725901499408,0.102725901499408,0.102725901499408,completed,0,0
F0,AS003,AS003,primary,bottom_3_9,R2,F0_c001,heldout_LODO_prediction,0.699,1.00210327746395,0.102725901499408,0.102725901499408,0.102725901499408,0.102725901499408,completed,0,0
F0,AS003,AS003,primary,bottom_3_9,R2,F0_c001,heldout_LODO_prediction,0.72,1.00178658102093,0.102725901499408,0.102725901499408,0.102725901499408,0.102725901499408,completed,0,0
F0,AS003,AS003,primary,bottom_3_9,R2,F0_c001,heldout_LODO_prediction,0.7391,1.00104991755565,0.102725901499408,0.102725901499408,0.102725901499408,0.102725901499408,completed,0,0
F0,AS003,AS003,primary,bottom_3_9,R2,F0_c001,heldout_LODO_prediction,0.7596,1.00104991755565,0.102725901499408,0.102725901499408,0.102725901499408,0.102725901499408,completed,0,0
F0,AS003,AS003,primary,bottom_3_9,R2,F0_c001,heldout_LODO_prediction,0.7806,1.00194492924244,0.102725901499408,0.102725901499408,0.102725901499408,0.102725901499408,completed,0,0
F0,AS003,AS003,primary,bottom_3_9,R2,F0_c001,heldout_LODO_prediction,0.7849,1.00031325409038,0.102725901499408,0.102725901499408,0.102725901499408,0.102725901499408,completed,0,0
F0,AS003,AS003,primary,bottom_3_9,R2,F0_c001,heldout_LODO_prediction,0.7987,1.00110499519792,0.102725901499408,0.102725901499408,0.102725901499408,0.102725901499408,completed,0,0
F0,AS003,AS003,primary,bottom_3_9,R2,F0_c001,heldout_LODO_prediction,0.8418,1.00068502817566,0.102725901499408,0.102725901499408,0.102725901499408,0.102725901499408,completed,0,0
F0,AS003,AS003,primary,bottom_3_9,R2,F0_c001,heldout_LODO_prediction,0.8613,0.999418242403587,0.102725901499408,0.102725901499408,0.102725901499408,0.102725901499408,completed,0,0
F0,AS003,AS003,primary,bottom_3_9,R2,F0_c001,heldout_LODO_prediction,0.8779,1.00005163528962,0.102725901499408,0.102725901499408,0.102725901499408,0.102725901499408,completed,0,0
F0,AS003,AS003,primary,bottom_3_9,R2,F0_c001,heldout_LODO_prediction,0.9012,0.999948364710378,0.102725901499408,0.102725901499408,0.102725901499408,0.102725901499408,completed,0,0
F0,AS003,AS003,primary,bottom_3_9,R2,F0_c001,heldout_LODO_prediction,0.9196,0.999948364710378,0.102725901499408,0.102725901499408,0.102725901499408,0.102725901499408,completed,0,0
F0,AS003,AS003,primary,bottom_3_9,R2,F0_c001,heldout_LODO_prediction,0.9407,0.998998275381328,0.102725901499408,0.102725901499408,0.102725901499408,0.102725901499408,completed,0,0
F0,AS003,AS003,primary,bottom_3_9,R2,F0_c001,heldout_LODO_prediction,0.9612,0.998578308359065,0.102725901499408,0.102725901499408,0.102725901499408,0.102725901499408,completed,0,0
F0,AS004,AS004,primary,top_4_10,R1,F0_c001,heldout_LODO_prediction,0.06,0.0163491245559441,0.0766551965314274,0.0766551965314274,0.0766551965314274,0.0766551965314274,completed,0,0
F0,AS004,AS004,primary,top_4_10,R1,F0_c001,heldout_LODO_prediction,0.0801,0.0221247551064739,0.0766551965314274,0.0766551965314274,0.0766551965314274,0.0766551965314274,completed,0,0
F0,AS004,AS004,primary,top_4_10,R1,F0_c001,heldout_LODO_prediction,0.0999,0.00646083482937367,0.0766551965314274,0.0766551965314274,0.0766551965314274,0.0766551965314274,completed,0,0
F0,AS004,AS004,primary,top_4_10,R1,F0_c001,heldout_LODO_prediction,0.1203,0.0117052053498566,0.0766551965314274,0.0766551965314274,0.0766551965314274,0.0766551965314274,completed,0,0
F0,AS004,AS004,primary,top_4_10,R1,F0_c001,heldout_LODO_prediction,0.14,0.0184606662609346,0.0766551965314274,0.0766551965314274,0.0766551965314274,0.0766551965314274,completed,0,0
F0,AS004,AS004,primary,top_4_10,R1,F0_c001,heldout_LODO_prediction,0.1601,0.00842510043351606,0.0766551965314274,0.0766551965314274,0.0766551965314274,0.0766551965314274,completed,0,0
F0,AS004,AS004,primary,top_4_10,R1,F0_c001,heldout_LODO_prediction,0.1801,0.0211614626921217,0.0766551965314274,0.0766551965314274,0.0766551965314274,0.0766551965314274,completed,0,0
F0,AS004,AS004,primary,top_4_10,R1,F0_c001,heldout_LODO_prediction,0.2001,0.120345898469837,0.0766551965314274,0.0766551965314274,0.0766551965314274,0.0766551965314274,completed,0,0
F0,AS004,AS004,primary,top_4_10,R1,F0_c001,heldout_LODO_prediction,0.2202,0.422328914305196,0.0766551965314274,0.0766551965314274,0.0766551965314274,0.0766551965314274,completed,0,0
F0,AS004,AS004,primary,top_4_10,R1,F0_c001,heldout_LODO_prediction,0.2397,0.616052424276574,0.0766551965314274,0.0766551965314274,0.0766551965314274,0.0766551965314274,completed,0,0
F0,AS004,AS004,primary,top_4_10,R1,F0_c001,heldout_LODO_prediction,0.2599,0.787570218056837,0.0766551965314274,0.0766551965314274,0.0766551965314274,0.0766551965314274,completed,0,0
F0,AS004,AS004,primary,top_4_10,R1,F0_c001,heldout_LODO_prediction,0.2796,0.873066906931596,0.0766551965314274,0.0766551965314274,0.0766551965314274,0.0766551965314274,completed,0,0
F0,AS004,AS004,primary,top_4_10,R1,F0_c001,heldout_LODO_prediction,0.2998,0.927241101818192,0.0766551965314274,0.0766551965314274,0.0766551965314274,0.0766551965314274,completed,0,0
F0,AS004,AS004,primary,top_4_10,R1,F0_c001,heldout_LODO_prediction,0.3198,0.968627544574351,0.0766551965314274,0.0766551965314274,0.0766551965314274,0.0766551965314274,completed,0,0
F0,AS004,AS004,primary,top_4_10,R1,F0_c001,heldout_LODO_prediction,0.3401,0.984946659101492,0.0766551965314274,0.0766551965314274,0.0766551965314274,0.0766551965314274,completed,0,0
F0,AS004,AS004,primary,top_4_10,R1,F0_c001,heldout_LODO_prediction,0.3599,1.00302635054138,0.0766551965314274,0.0766551965314274,0.0766551965314274,0.0766551965314274,completed,0,0
F0,AS004,AS004,primary,top_4_10,R1,F0_c001,heldout_LODO_prediction,0.3801,0.992088250846286,0.0766551965314274,0.0766551965314274,0.0766551965314274,0.0766551965314274,completed,0,0
F0,AS004,AS004,primary,top_4_10,R1,F0_c001,heldout_LODO_prediction,0.4001,0.986771685157217,0.0766551965314274,0.0766551965314274,0.0766551965314274,0.0766551965314274,completed,0,0
F0,AS004,AS004,primary,top_4_10,R1,F0_c001,heldout_LODO_prediction,0.4203,0.972041375387201,0.0766551965314274,0.0766551965314274,0.0766551965314274,0.0766551965314274,completed,0,0
F0,AS004,AS004,primary,top_4_10,R1,F0_c001,heldout_LODO_prediction,0.4402,0.978380252774682,0.0766551965314274,0.0766551965314274,0.0766551965314274,0.0766551965314274,completed,0,0
F0,AS004,AS004,primary,top_4_10,R1,F0_c001,heldout_LODO_prediction,0.4604,0.962293300567854,0.0766551965314274,0.0766551965314274,0.0766551965314274,0.0766551965314274,completed,0,0
F0,AS004,AS004,primary,top_4_10,R1,F0_c001,heldout_LODO_prediction,0.4795,0.942005000754996,0.0766551965314274,0.0766551965314274,0.0766551965314274,0.0766551965314274,completed,0,0
F0,AS004,AS004,primary,top_4_10,R1,F0_c001,heldout_LODO_prediction,0.4997,0.95578252565068,0.0766551965314274,0.0766551965314274,0.0766551965314274,0.0766551965314274,completed,0,0
F0,AS004,AS004,primary,top_4_10,R1,F0_c001,heldout_LODO_prediction,0.5194,0.947377728877993,0.0766551965314274,0.0766551965314274,0.0766551965314274,0.0766551965314274,completed,0,0
F0,AS004,AS004,primary,top_4_10,R1,F0_c001,heldout_LODO_prediction,0.5408,0.963199390325209,0.0766551965314274,0.0766551965314274,0.0766551965314274,0.0766551965314274,completed,0,0
F0,AS004,AS004,primary,top_4_10,R1,F0_c001,heldout_LODO_prediction,0.5608,0.969614032338558,0.0766551965314274,0.0766551965314274,0.0766551965314274,0.0766551965314274,completed,0,0
F0,AS004,AS004,primary,top_4_10,R1,F0_c001,heldout_LODO_prediction,0.5801,0.973897986003505,0.0766551965314274,0.0766551965314274,0.0766551965314274,0.0766551965314274,completed,0,0
F0,AS004,AS004,primary,top_4_10,R1,F0_c001,heldout_LODO_prediction,0.6001,0.980627453283256,0.0766551965314274,0.0766551965314274,0.0766551965314274,0.0766551965314274,completed,0,0
F0,AS004,AS004,primary,top_4_10,R1,F0_c001,heldout_LODO_prediction,0.6197,0.983366501416841,0.0766551965314274,0.0766551965314274,0.0766551965314274,0.0766551965314274,completed,0,0
F0,AS004,AS004,primary,top_4_10,R1,F0_c001,heldout_LODO_prediction,0.6394,0.983399924452583,0.0766551965314274,0.0766551965314274,0.0766551965314274,0.0766551965314274,completed,0,0
F0,AS004,AS004,primary,top_4_10,R1,F0_c001,heldout_LODO_prediction,0.6599,1.00804069384992,0.0766551965314274,0.0766551965314274,0.0766551965314274,0.0766551965314274,completed,0,0
F0,AS004,AS004,primary,top_4_10,R1,F0_c001,heldout_LODO_prediction,0.6795,1.00123451781783,0.0766551965314274,0.0766551965314274,0.0766551965314274,0.0766551965314274,completed,0,0
F0,AS004,AS004,primary,top_4_10,R1,F0_c001,heldout_LODO_prediction,0.6995,0.998204227880565,0.0766551965314274,0.0766551965314274,0.0766551965314274,0.0766551965314274,completed,0,0
F0,AS004,AS004,primary,top_4_10,R1,F0_c001,heldout_LODO_prediction,0.719,1,0.0766551965314274,0.0766551965314274,0.0766551965314274,0.0766551965314274,completed,0,0
F0,AS004,AS004,primary,top_4_10,R1,F0_c001,heldout_LODO_prediction,0.7407,1.0066877751729,0.0766551965314274,0.0766551965314274,0.0766551965314274,0.0766551965314274,completed,0,0
F0,AS004,AS004,primary,top_4_10,R1,F0_c001,heldout_LODO_prediction,0.7601,1.00282003429814,0.0766551965314274,0.0766551965314274,0.0766551965314274,0.0766551965314274,completed,0,0
F0,AS004,AS004,primary,top_4_10,R1,F0_c001,heldout_LODO_prediction,0.78,0.997786526767017,0.0766551965314274,0.0766551965314274,0.0766551965314274,0.0766551965314274,completed,0,0
F0,AS004,AS004,primary,top_4_10,R1,F0_c001,heldout_LODO_prediction,0.8,0.99846837600157,0.0766551965314274,0.0766551965314274,0.0766551965314274,0.0766551965314274,completed,0,0
F0,AS004,AS004,primary,top_4_10,R1,F0_c001,heldout_LODO_prediction,0.8197,0.995150781726341,0.0766551965314274,0.0766551965314274,0.0766551965314274,0.0766551965314274,completed,0,0
F0,AS004,AS004,primary,top_4_10,R1,F0_c001,heldout_LODO_prediction,0.8382,0.99503471772094,0.0766551965314274,0.0766551965314274,0.0766551965314274,0.0766551965314274,completed,0,0
F0,AS004,AS004,primary,top_4_10,R1,F0_c001,heldout_LODO_prediction,0.8608,1.01889916985874,0.0766551965314274,0.0766551965314274,0.0766551965314274,0.0766551965314274,completed,0,0
F0,AS004,AS004,primary,top_4_10,R1,F0_c001,heldout_LODO_prediction,0.8805,1.01187429084557,0.0766551965314274,0.0766551965314274,0.0766551965314274,0.0766551965314274,completed,0,0
F0,AS004,AS004,secondary,bottom_3_9,R2,F0_c001,heldout_LODO_prediction,0.06,0.00597616075041147,0.0766551965314274,0.0766551965314274,0.0766551965314274,0.0766551965314274,completed,0,0
F0,AS004,AS004,secondary,bottom_3_9,R2,F0_c001,heldout_LODO_prediction,0.0801,0.00445815084071015,0.0766551965314274,0.0766551965314274,0.0766551965314274,0.0766551965314274,completed,0,0
F0,AS004,AS004,secondary,bottom_3_9,R2,F0_c001,heldout_LODO_prediction,0.0999,0.00604584683539653,0.0766551965314274,0.0766551965314274,0.0766551965314274,0.0766551965314274,completed,0,0
F0,AS004,AS004,secondary,bottom_3_9,R2,F0_c001,heldout_LODO_prediction,0.1203,0.0262368507283366,0.0766551965314274,0.0766551965314274,0.0766551965314274,0.0766551965314274,completed,0,0
F0,AS004,AS004,secondary,bottom_3_9,R2,F0_c001,heldout_LODO_prediction,0.14,0.0337436284888956,0.0766551965314274,0.0766551965314274,0.0766551965314274,0.0766551965314274,completed,0,0
F0,AS004,AS004,secondary,bottom_3_9,R2,F0_c001,heldout_LODO_prediction,0.1601,0.0606116391029956,0.0766551965314274,0.0766551965314274,0.0766551965314274,0.0766551965314274,completed,0,0
F0,AS004,AS004,secondary,bottom_3_9,R2,F0_c001,heldout_LODO_prediction,0.1801,0.142264988562491,0.0766551965314274,0.0766551965314274,0.0766551965314274,0.0766551965314274,completed,0,0
F0,AS004,AS004,secondary,bottom_3_9,R2,F0_c001,heldout_LODO_prediction,0.2001,0.183477377595455,0.0766551965314274,0.0766551965314274,0.0766551965314274,0.0766551965314274,completed,0,0
F0,AS004,AS004,secondary,bottom_3_9,R2,F0_c001,heldout_LODO_prediction,0.2202,0.3257645736428,0.0766551965314274,0.0766551965314274,0.0766551965314274,0.0766551965314274,completed,0,0
F0,AS004,AS004,secondary,bottom_3_9,R2,F0_c001,heldout_LODO_prediction,0.2397,0.464320387072748,0.0766551965314274,0.0766551965314274,0.0766551965314274,0.0766551965314274,completed,0,0
F0,AS004,AS004,secondary,bottom_3_9,R2,F0_c001,heldout_LODO_prediction,0.2599,0.603297604893819,0.0766551965314274,0.0766551965314274,0.0766551965314274,0.0766551965314274,completed,0,0
F0,AS004,AS004,secondary,bottom_3_9,R2,F0_c001,heldout_LODO_prediction,0.2796,0.686325288265254,0.0766551965314274,0.0766551965314274,0.0766551965314274,0.0766551965314274,completed,0,0
F0,AS004,AS004,secondary,bottom_3_9,R2,F0_c001,heldout_LODO_prediction,0.2998,0.700347294527864,0.0766551965314274,0.0766551965314274,0.0766551965314274,0.0766551965314274,completed,0,0
F0,AS004,AS004,secondary,bottom_3_9,R2,F0_c001,heldout_LODO_prediction,0.3198,0.747689718826464,0.0766551965314274,0.0766551965314274,0.0766551965314274,0.0766551965314274,completed,0,0
F0,AS004,AS004,secondary,bottom_3_9,R2,F0_c001,heldout_LODO_prediction,0.3401,0.769522160112632,0.0766551965314274,0.0766551965314274,0.0766551965314274,0.0766551965314274,completed,0,0
F0,AS004,AS004,secondary,bottom_3_9,R2,F0_c001,heldout_LODO_prediction,0.3599,0.80785368927162,0.0766551965314274,0.0766551965314274,0.0766551965314274,0.0766551965314274,completed,0,0
F0,AS004,AS004,secondary,bottom_3_9,R2,F0_c001,heldout_LODO_prediction,0.3801,0.853453519715556,0.0766551965314274,0.0766551965314274,0.0766551965314274,0.0766551965314274,completed,0,0
F0,AS004,AS004,secondary,bottom_3_9,R2,F0_c001,heldout_LODO_prediction,0.4001,0.88840177333201,0.0766551965314274,0.0766551965314274,0.0766551965314274,0.0766551965314274,completed,0,0
F0,AS004,AS004,secondary,bottom_3_9,R2,F0_c001,heldout_LODO_prediction,0.4203,0.913346872570444,0.0766551965314274,0.0766551965314274,0.0766551965314274,0.0766551965314274,completed,0,0
F0,AS004,AS004,secondary,bottom_3_9,R2,F0_c001,heldout_LODO_prediction,0.4402,0.933785910451369,0.0766551965314274,0.0766551965314274,0.0766551965314274,0.0766551965314274,completed,0,0
F0,AS004,AS004,secondary,bottom_3_9,R2,F0_c001,heldout_LODO_prediction,0.4604,0.933980157244377,0.0766551965314274,0.0766551965314274,0.0766551965314274,0.0766551965314274,completed,0,0
F0,AS004,AS004,secondary,bottom_3_9,R2,F0_c001,heldout_LODO_prediction,0.4795,0.94077150899414,0.0766551965314274,0.0766551965314274,0.0766551965314274,0.0766551965314274,completed,0,0
F0,AS004,AS004,secondary,bottom_3_9,R2,F0_c001,heldout_LODO_prediction,0.4997,0.963457849243647,0.0766551965314274,0.0766551965314274,0.0766551965314274,0.0766551965314274,completed,0,0
F0,AS004,AS004,secondary,bottom_3_9,R2,F0_c001,heldout_LODO_prediction,0.5194,0.961185510433705,0.0766551965314274,0.0766551965314274,0.0766551965314274,0.0766551965314274,completed,0,0
F0,AS004,AS004,secondary,bottom_3_9,R2,F0_c001,heldout_LODO_prediction,0.5408,0.970861868981005,0.0766551965314274,0.0766551965314274,0.0766551965314274,0.0766551965314274,completed,0,0
F0,AS004,AS004,secondary,bottom_3_9,R2,F0_c001,heldout_LODO_prediction,0.5608,0.971716381423416,0.0766551965314274,0.0766551965314274,0.0766551965314274,0.0766551965314274,completed,0,0
F0,AS004,AS004,secondary,bottom_3_9,R2,F0_c001,heldout_LODO_prediction,0.5801,0.968671288149577,0.0766551965314274,0.0766551965314274,0.0766551965314274,0.0766551965314274,completed,0,0
F0,AS004,AS004,secondary,bottom_3_9,R2,F0_c001,heldout_LODO_prediction,0.6001,0.989695793958056,0.0766551965314274,0.0766551965314274,0.0766551965314274,0.0766551965314274,completed,0,0
F0,AS004,AS004,secondary,bottom_3_9,R2,F0_c001,heldout_LODO_prediction,0.6197,0.973226940060118,0.0766551965314274,0.0766551965314274,0.0766551965314274,0.0766551965314274,completed,0,0
F0,AS004,AS004,secondary,bottom_3_9,R2,F0_c001,heldout_LODO_prediction,0.6394,0.989827262263897,0.0766551965314274,0.0766551965314274,0.0766551965314274,0.0766551965314274,completed,0,0
F0,AS004,AS004,secondary,bottom_3_9,R2,F0_c001,heldout_LODO_prediction,0.6599,0.990305965806532,0.0766551965314274,0.0766551965314274,0.0766551965314274,0.0766551965314274,completed,0,0
F0,AS004,AS004,secondary,bottom_3_9,R2,F0_c001,heldout_LODO_prediction,0.6795,0.98331377165572,0.0766551965314274,0.0766551965314274,0.0766551965314274,0.0766551965314274,completed,0,0
F0,AS004,AS004,secondary,bottom_3_9,R2,F0_c001,heldout_LODO_prediction,0.6995,0.998746931366054,0.0766551965314274,0.0766551965314274,0.0766551965314274,0.0766551965314274,completed,0,0
F0,AS004,AS004,secondary,bottom_3_9,R2,F0_c001,heldout_LODO_prediction,0.719,0.996313226963759,0.0766551965314274,0.0766551965314274,0.0766551965314274,0.0766551965314274,completed,0,0
F0,AS004,AS004,secondary,bottom_3_9,R2,F0_c001,heldout_LODO_prediction,0.7407,1.00308824558247,0.0766551965314274,0.0766551965314274,0.0766551965314274,0.0766551965314274,completed,0,0
F0,AS004,AS004,secondary,bottom_3_9,R2,F0_c001,heldout_LODO_prediction,0.7601,0.997672444035445,0.0766551965314274,0.0766551965314274,0.0766551965314274,0.0766551965314274,completed,0,0
F0,AS004,AS004,secondary,bottom_3_9,R2,F0_c001,heldout_LODO_prediction,0.78,1,0.0766551965314274,0.0766551965314274,0.0766551965314274,0.0766551965314274,completed,0,0
F0,AS004,AS004,secondary,bottom_3_9,R2,F0_c001,heldout_LODO_prediction,0.8,1.00619352694564,0.0766551965314274,0.0766551965314274,0.0766551965314274,0.0766551965314274,completed,0,0
F0,AS004,AS004,secondary,bottom_3_9,R2,F0_c001,heldout_LODO_prediction,0.8197,0.994130335682866,0.0766551965314274,0.0766551965314274,0.0766551965314274,0.0766551965314274,completed,0,0
F0,AS004,AS004,secondary,bottom_3_9,R2,F0_c001,heldout_LODO_prediction,0.8382,1.01306303194245,0.0766551965314274,0.0766551965314274,0.0766551965314274,0.0766551965314274,completed,0,0
F0,AS004,AS004,secondary,bottom_3_9,R2,F0_c001,heldout_LODO_prediction,0.8608,0.991963793811628,0.0766551965314274,0.0766551965314274,0.0766551965314274,0.0766551965314274,completed,0,0
F0,AS004,AS004,secondary,bottom_3_9,R2,F0_c001,heldout_LODO_prediction,0.8805,1.01371385792446,0.0766551965314274,0.0766551965314274,0.0766551965314274,0.0766551965314274,completed,0,0
F0,AS005,AS005,primary,top_4_10,R1,F0_c001,heldout_LODO_prediction,0.049,0.0484780381697647,0.196684461489482,0.196684461489482,0.196684461489482,0.196684461489484,completed,0,0
F0,AS005,AS005,primary,top_4_10,R1,F0_c001,heldout_LODO_prediction,0.0793,0.0502687407768436,0.196684461489482,0.196684461489482,0.196684461489482,0.196684461489485,completed,0,0
F0,AS005,AS005,primary,top_4_10,R1,F0_c001,heldout_LODO_prediction,0.0993,0.0523342765209464,0.196684461489482,0.196684461489482,0.196684461489482,0.196684461489486,completed,0,0
F0,AS005,AS005,primary,top_4_10,R1,F0_c001,heldout_LODO_prediction,0.1389,0.0626637603852177,0.196684461489483,0.196684461489483,0.196684461489482,0.196684461489488,completed,0,0
F0,AS005,AS005,primary,top_4_10,R1,F0_c001,heldout_LODO_prediction,0.1788,0.0677592299256732,0.196684461489483,0.196684461489483,0.196684461489482,0.196684461489491,completed,0,0
F0,AS005,AS005,primary,top_4_10,R1,F0_c001,heldout_LODO_prediction,0.2002,0.0695494812468128,0.196684461489483,0.196684461489483,0.196684461489482,0.196684461489493,completed,0,0
F0,AS005,AS005,primary,top_4_10,R1,F0_c001,heldout_LODO_prediction,0.2401,0.0716159195627942,0.196684461489484,0.196684461489484,0.196684461489482,0.196684461489499,completed,0,0
F0,AS005,AS005,primary,top_4_10,R1,F0_c001,heldout_LODO_prediction,0.2801,0.0721664884087207,0.196684461489486,0.196684461489486,0.196684461489483,0.196684461489506,completed,0,0
F0,AS005,AS005,primary,top_4_10,R1,F0_c001,heldout_LODO_prediction,0.3201,0.0731308864609705,0.196684461489488,0.196684461489488,0.196684461489483,0.196684461489517,completed,0,0
F0,AS005,AS005,primary,top_4_10,R1,F0_c001,heldout_LODO_prediction,0.3398,0.0731308864609705,0.196684461489489,0.196684461489489,0.196684461489484,0.196684461489525,completed,0,0
F0,AS005,AS005,primary,top_4_10,R1,F0_c001,heldout_LODO_prediction,0.3805,0.0727175085405864,0.196684461489492,0.196684461489492,0.196684461489485,0.196684461489545,completed,0,0
F0,AS005,AS005,primary,top_4_10,R1,F0_c001,heldout_LODO_prediction,0.42,0.0716159195627942,0.196684461489497,0.196684461489497,0.196684461489486,0.196684461489573,completed,0,0
F0,AS005,AS005,primary,top_4_10,R1,F0_c001,heldout_LODO_prediction,0.4394,0.0717535617742758,0.1966844614895,0.1966844614895,0.196684461489487,0.196684461489591,completed,0,0
F0,AS005,AS005,primary,top_4_10,R1,F0_c001,heldout_LODO_prediction,0.4801,0.07120254164241,0.196684461489509,0.196684461489509,0.19668446148949,0.196684461489641,completed,0,0
F0,AS005,AS005,primary,top_4_10,R1,F0_c001,heldout_LODO_prediction,0.521,0.07120254164241,0.196684461489522,0.196684461489522,0.196684461489494,0.196684461489715,completed,0,0
F0,AS005,AS005,primary,top_4_10,R1,F0_c001,heldout_LODO_prediction,0.5407,0.0717535617742758,0.19668446148953,0.19668446148953,0.196684461489497,0.196684461489761,completed,0,0
F0,AS005,AS005,primary,top_4_10,R1,F0_c001,heldout_LODO_prediction,0.581,0.0743701176502444,0.196684461489552,0.196684461489552,0.196684461489503,0.196684461489888,completed,0,0
F0,AS005,AS005,primary,top_4_10,R1,F0_c001,heldout_LODO_prediction,0.6194,0.0796036806881208,0.196684461489583,0.196684461489583,0.196684461489513,0.196684461490063,completed,0,0
F0,AS005,AS005,primary,top_4_10,R1,F0_c001,heldout_LODO_prediction,0.66,0.0844238658056131,0.196684461489629,0.196684461489629,0.196684461489527,0.196684461490329,completed,0,0
F0,AS005,AS005,primary,top_4_10,R1,F0_c001,heldout_LODO_prediction,0.6795,0.0863517593382343,0.196684461489658,0.196684461489658,0.196684461489536,0.196684461490498,completed,0,0
F0,AS005,AS005,primary,top_4_10,R1,F0_c001,heldout_LODO_prediction,0.7197,0.0899327132664528,0.196684461489738,0.196684461489738,0.196684461489561,0.196684461490958,completed,0,0
F0,AS005,AS005,primary,top_4_10,R1,F0_c001,heldout_LODO_prediction,0.76,0.0970941698369504,0.196684461489855,0.196684461489855,0.196684461489597,0.196684461491629,completed,0,0
F0,AS005,AS005,primary,top_4_10,R1,F0_c001,heldout_LODO_prediction,0.7793,0.101914354954443,0.196684461489928,0.196684461489928,0.19668446148962,0.196684461492051,completed,0,0
F0,AS005,AS005,primary,top_4_10,R1,F0_c001,heldout_LODO_prediction,0.8212,0.114034090139854,0.196684461490141,0.196684461490141,0.196684461489686,0.196684461493275,completed,0,0
F0,AS005,AS005,primary,top_4_10,R1,F0_c001,heldout_LODO_prediction,0.8613,0.145435017081173,0.196684461490439,0.196684461490439,0.196684461489778,0.196684461494989,completed,0,0
F0,AS005,AS005,primary,top_4_10,R1,F0_c001,heldout_LODO_prediction,0.8789,0.190332101322719,0.196684461490609,0.196684461490609,0.196684461489831,0.196684461495968,completed,0,0
F0,AS005,AS005,primary,top_4_10,R1,F0_c001,heldout_LODO_prediction,0.919,0.336455780747239,0.196684461491118,0.196684461491118,0.196684461489989,0.196684461498901,completed,0,0
F0,AS005,AS005,primary,top_4_10,R1,F0_c001,heldout_LODO_prediction,0.9475,0.422945182296955,0.196684461491615,0.196684461491615,0.196684461490143,0.196684461501762,completed,0,0
F0,AS005,AS005,primary,top_4_10,R1,F0_c001,heldout_LODO_prediction,0.9494,0.418950850448353,0.196684461491653,0.196684461491653,0.196684461490154,0.196684461501981,completed,0,0
F0,AS005,AS005,primary,top_4_10,R1,F0_c001,heldout_LODO_prediction,0.9522,0.431070585633763,0.19668446149171,0.19668446149171,0.196684461490172,0.196684461502311,completed,0,0
F0,AS005,AS005,primary,top_4_10,R1,F0_c001,heldout_LODO_prediction,0.9549,0.435202108407908,0.196684461491766,0.196684461491766,0.19668446149019,0.196684461502638,completed,0,0
F0,AS005,AS005,primary,top_4_10,R1,F0_c001,heldout_LODO_prediction,0.9614,0.452003483927451,0.196684461491909,0.196684461491909,0.196684461490234,0.196684461503459,completed,0,0
F0,AS005,AS005,primary,top_4_10,R1,F0_c001,heldout_LODO_prediction,0.9619,0.45131752929974,0.19668446149192,0.19668446149192,0.196684461490237,0.196684461503524,completed,0,0
F0,AS005,AS005,primary,top_4_10,R1,F0_c001,heldout_LODO_prediction,0.9678,0.465361547730257,0.196684461492057,0.196684461492057,0.19668446149028,0.196684461504317,completed,0,0
F0,AS005,AS005,primary,top_4_10,R1,F0_c001,heldout_LODO_prediction,0.9734,0.482302821890978,0.196684461492195,0.196684461492195,0.196684461490322,0.196684461505111,completed,0,0
F0,AS005,AS005,primary,top_4_10,R1,F0_c001,heldout_LODO_prediction,0.9789,0.491942289554084,0.196684461492337,0.196684461492337,0.196684461490367,0.196684461505933,completed,0,0
F0,AS005,AS005,primary,top_4_10,R1,F0_c001,heldout_LODO_prediction,0.9867,0.490841151862231,0.196684461492552,0.196684461492552,0.196684461490433,0.196684461507173,completed,0,0
F0,AS005,AS005,primary,top_4_10,R1,F0_c001,heldout_LODO_prediction,0.9975,0.527336645772128,0.196684461492876,0.196684461492876,0.196684461490533,0.196684461509046,completed,0,0
F0,AS005,AS005,primary,top_4_10,R1,F0_c001,heldout_LODO_prediction,1.0034,0.541109892639075,0.196684461493068,0.196684461493068,0.196684461490593,0.196684461510152,completed,0,0
F0,AS005,AS005,primary,top_4_10,R1,F0_c001,heldout_LODO_prediction,1.0123,0.55667474468498,0.196684461493377,0.196684461493377,0.196684461490689,0.19668446151194,completed,0,0
F0,AS005,AS005,primary,top_4_10,R1,F0_c001,heldout_LODO_prediction,1.0322,0.59261966974895,0.196684461494169,0.196684461494169,0.196684461490934,0.196684461516519,completed,0,0
F0,AS005,AS005,primary,top_4_10,R1,F0_c001,heldout_LODO_prediction,1.0578,0.635040548041645,0.196684461495429,0.196684461495429,0.196684461491324,0.196684461523816,completed,0,0
F0,AS005,AS005,primary,top_4_10,R1,F0_c001,heldout_LODO_prediction,1.0741,0.658038079507557,0.196684461496402,0.196684461496402,0.196684461491625,0.196684461529462,completed,0,0
F0,AS005,AS005,primary,top_4_10,R1,F0_c001,heldout_LODO_prediction,1.1076,0.695224040904558,0.196684461498933,0.196684461498933,0.196684461492408,0.196684461544168,completed,0,0
F0,AS005,AS005,primary,top_4_10,R1,F0_c001,heldout_LODO_prediction,1.14,0.71739571910158,0.19668446150226,0.19668446150226,0.196684461493437,0.196684461563557,completed,0,0
F0,AS005,AS005,primary,top_4_10,R1,F0_c001,heldout_LODO_prediction,1.1554,0.72483291138098,0.196684461504231,0.196684461504231,0.196684461494046,0.19668446157507,completed,0,0
F0,AS005,AS005,primary,top_4_10,R1,F0_c001,heldout_LODO_prediction,1.1877,0.737780304979038,0.196684461509409,0.196684461509409,0.196684461495645,0.196684461605422,completed,0,0
F0,AS005,AS005,primary,top_4_10,R1,F0_c001,heldout_LODO_prediction,1.2188,0.751138368781844,0.196684461516112,0.196684461516112,0.196684461497712,0.196684461644899,completed,0,0
F0,AS005,AS005,primary,top_4_10,R1,F0_c001,heldout_LODO_prediction,1.2418,0.757609809151176,0.196684461522488,0.196684461522488,0.196684461499677,0.196684461682623,completed,0,0
F0,AS005,AS005,primary,top_4_10,R1,F0_c001,heldout_LODO_prediction,1.2755,0.770967872953982,0.196684461534701,0.196684461534701,0.196684461503433,0.196684461755315,completed,0,0
F0,AS005,AS005,primary,top_4_10,R1,F0_c001,heldout_LODO_prediction,1.311,0.784605734039145,0.196684461552517,0.196684461552517,0.196684461508901,0.196684461862248,completed,0,0
F0,AS005,AS005,primary,top_4_10,R1,F0_c001,heldout_LODO_prediction,1.3582,0.808018448569198,0.196684461587627,0.196684461587627,0.196684461519639,0.196684462075545,completed,0,0
F0,AS005,AS005,primary,top_4_10,R1,F0_c001,heldout_LODO_prediction,1.3719,0.829639557920294,0.196684461601119,0.196684461601119,0.196684461523753,0.196684462158282,completed,0,0
F0,AS005,AS005,primary,top_4_10,R1,F0_c001,heldout_LODO_prediction,1.4121,0.873707629891376,0.196684461652537,0.196684461652537,0.196684461539379,0.196684462476917,completed,0,0
F0,AS005,AS005,primary,top_4_10,R1,F0_c001,heldout_LODO_prediction,1.4455,0.89092418847506,0.196684461713123,0.196684461713123,0.196684461557695,0.196684462857999,completed,0,0
F0,AS005,AS005,primary,top_4_10,R1,F0_c001,heldout_LODO_prediction,1.4632,0.895193353460686,0.196684461754022,0.196684461754022,0.196684461570009,0.19668446311813,completed,0,0
F0,AS005,AS005,primary,top_4_10,R1,F0_c001,heldout_LODO_prediction,1.4986,0.90125412362527,0.196684461860082,0.196684461860082,0.196684461601777,0.196684463801603,completed,0,0
F0,AS005,AS005,primary,top_4_10,R1,F0_c001,heldout_LODO_prediction,1.5291,0.905248004187933,0.196684461985735,0.196684461985735,0.19668446163915,0.196684464624857,completed,0,0
F0,AS005,AS005,primary,top_4_10,R1,F0_c001,heldout_LODO_prediction,1.55,0.906489040520964,0.196684462096191,0.196684462096191,0.196684461671805,0.196684465358313,completed,0,0
F0,AS005,AS005,primary,top_4_10,R1,F0_c001,heldout_LODO_prediction,1.5867,0.910482921083628,0.196684462354649,0.196684462354649,0.196684461747614,0.196684467102413,completed,0,0
F0,AS005,AS005,primary,top_4_10,R1,F0_c001,heldout_LODO_prediction,1.6222,0.920533058951482,0.196684462712237,0.196684462712237,0.196684461851394,0.196684469563906,completed,0,0
F0,AS005,AS005,primary,top_4_10,R1,F0_c001,heldout_LODO_prediction,1.6598,0.938850755227019,0.19668446325899,0.19668446325899,0.196684462008199,0.196684473403515,completed,0,0
F0,AS005,AS005,primary,top_4_10,R1,F0_c001,heldout_LODO_prediction,1.6788,0.94835483710834,0.196684463625216,0.196684463625216,0.196684462112239,0.196684476012784,completed,0,0
F0,AS005,AS005,primary,top_4_10,R1,F0_c001,heldout_LODO_prediction,1.7137,0.963779790513067,0.196684464514252,0.196684464514252,0.196684462362281,0.196684482434777,completed,0,0
F0,AS005,AS005,primary,top_4_10,R1,F0_c001,heldout_LODO_prediction,1.758,0.970526515305363,0.196684466217324,0.196684466217324,0.196684462834111,0.196684494961949,completed,0,0
F0,AS005,AS005,primary,top_4_10,R1,F0_c001,heldout_LODO_prediction,1.7772,0.97231812048432,0.196684467237084,0.196684467237084,0.196684463113397,0.196684502553037,completed,0,0
F0,AS005,AS005,primary,top_4_10,R1,F0_c001,heldout_LODO_prediction,1.8163,0.974520395868026,0.196684470072581,0.196684470072581,0.196684463881267,0.196684523866793,completed,0,0
F0,AS005,AS005,primary,top_4_10,R1,F0_c001,heldout_LODO_prediction,1.8489,0.977553037380014,0.196684473519758,0.196684473519758,0.196684464802943,0.19668455000874,completed,0,0
F0,AS005,AS005,primary,top_4_10,R1,F0_c001,heldout_LODO_prediction,1.8669,0.979064845276616,0.196684476002983,0.196684476002983,0.196684465461345,0.196684568922046,completed,0,0
F0,AS005,AS005,primary,top_4_10,R1,F0_c001,heldout_LODO_prediction,1.9027,0.980996349096751,0.196684482620551,0.196684482620551,0.196684467200808,0.196684619462365,completed,0,0
F0,AS005,AS005,primary,top_4_10,R1,F0_c001,heldout_LODO_prediction,1.9388,0.982783441416316,0.196684492445119,0.196684492445119,0.19668446975781,0.196684694537462,completed,0,0
F0,AS005,AS005,primary,top_4_10,R1,F0_c001,heldout_LODO_prediction,1.9781,0.984439660813488,0.196684508534815,0.196684508534815,0.196684473910349,0.196684817088617,completed,0,0
F0,AS005,AS005,primary,top_4_10,R1,F0_c001,heldout_LODO_prediction,2.0018,0.985816082928304,0.196684522114671,0.196684522114671,0.196684477397086,0.196684919975993,completed,0,0
F0,AS005,AS005,primary,top_4_10,R1,F0_c001,heldout_LODO_prediction,2.039,0.988158256953188,0.196684551875865,0.196684551875865,0.196684485012406,0.196685143650465,completed,0,0
F0,AS005,AS005,primary,top_4_10,R1,F0_c001,heldout_LODO_prediction,2.077,0.989670064849789,0.196684597551814,0.196684597551814,0.196684496678906,0.196685482579627,completed,0,0
F0,AS005,AS005,primary,top_4_10,R1,F0_c001,heldout_LODO_prediction,2.095,0.990360532336894,0.196684626665638,0.196684626665638,0.196684504117,0.19668569624355,completed,0,0
F0,AS005,AS005,primary,top_4_10,R1,F0_c001,heldout_LODO_prediction,2.133,0.991461670028747,0.196684710181195,0.196684710181195,0.196684525495778,0.196686300809422,completed,0,0
F0,AS005,AS005,primary,top_4_10,R1,F0_c001,heldout_LODO_prediction,2.174,0.9925628077206,0.196684847855044,0.196684847855044,0.196684560917219,0.196687276481522,completed,0,0
F0,AS005,AS005,primary,top_4_10,R1,F0_c001,heldout_LODO_prediction,2.195,0.993253275207704,0.196684945339375,0.196684945339375,0.196684586137317,0.196687955231341,completed,0,0
F0,AS005,AS005,primary,top_4_10,R1,F0_c001,heldout_LODO_prediction,2.234,0.993939229835416,0.196685195053999,0.196685195053999,0.196684651221163,0.196689659832218,completed,0,0
F0,AS005,AS005,primary,top_4_10,R1,F0_c001,heldout_LODO_prediction,2.275,0.993939229835416,0.196685594193331,0.196685594193331,0.196684756470297,0.196692310726785,completed,0,0
F0,AS005,AS005,primary,top_4_10,R1,F0_c001,heldout_LODO_prediction,2.298,0.994629697322521,0.196685904431081,0.196685904431081,0.196684839135838,0.196694325627185,completed,0,0
F0,AS005,AS005,primary,top_4_10,R1,F0_c001,heldout_LODO_prediction,2.338,0.994765083104306,0.196686652693053,0.196686652693053,0.196685040983739,0.196699068684952,completed,0,0
F0,AS005,AS005,primary,top_4_10,R1,F0_c001,heldout_LODO_prediction,2.38,0.99545555059141,0.196687842449459,0.196687842449459,0.196685367482342,0.196706373781817,completed,0,0
F0,AS005,AS005,primary,top_4_10,R1,F0_c001,heldout_LODO_prediction,2.422,0.996421302501478,0.196689648972308,0.196689648972308,0.196685872799641,0.196717101769266,completed,0,0
F0,AS005,AS005,primary,top_4_10,R1,F0_c001,heldout_LODO_prediction,2.441,0.996971871347405,0.196690745024136,0.196690745024136,0.196686183740533,0.196723458410738,completed,0,0
F0,AS005,AS005,primary,top_4_10,R1,F0_c001,heldout_LODO_prediction,2.48,0.997247155770368,0.19669373655628,0.19669373655628,0.196687045272596,0.196740393564348,completed,0,0
F0,AS005,AS005,primary,top_4_10,R1,F0_c001,heldout_LODO_prediction,2.532,0.997933110398079,0.196699912209842,0.196699912209842,0.196688867312907,0.196774071610696,completed,0,0
F0,AS005,AS005,primary,top_4_10,R1,F0_c001,heldout_LODO_prediction,2.562,0.998623577885184,0.196705102794971,0.196705102794971,0.196690431478787,0.196801498936303,completed,0,0
F0,AS005,AS005,primary,top_4_10,R1,F0_c001,heldout_LODO_prediction,2.615,0.998348293462221,0.19671859285491,0.19671859285491,0.196694592942112,0.196870457401301,completed,0,0
F0,AS005,AS005,primary,top_4_10,R1,F0_c001,heldout_LODO_prediction,2.665,0.999034248089932,0.196738748048986,0.196738748048986,0.196700987214319,0.196969658883867,completed,0,0
F0,AS005,AS005,primary,top_4_10,R1,F0_c001,heldout_LODO_prediction,2.687,0.998348293462221,0.196750832542615,0.196750832542615,0.196704893608072,0.197027718357289,completed,0,0
F0,AS005,AS005,primary,top_4_10,R1,F0_c001,heldout_LODO_prediction,2.737,0.999034248089932,0.196788507667812,0.196788507667812,0.196717318732052,0.197204403813553,completed,0,0
F0,AS005,AS005,primary,top_4_10,R1,F0_c001,heldout_LODO_prediction,2.771,0.998348293462221,0.196824921439378,0.196824921439378,0.196729587257489,0.19737106929697,completed,0,0
F0,AS005,AS005,primary,top_4_10,R1,F0_c001,heldout_LODO_prediction,2.829,0.99917414673111,0.196916454130145,0.196916454130145,0.196761161769865,0.197780062196035,completed,0,0
F0,AS005,AS005,primary,top_4_10,R1,F0_c001,heldout_LODO_prediction,2.84,0.999034248089932,0.196939262332328,0.196939262332328,0.196769150235164,0.197880544642363,completed,0,0
F0,AS005,AS005,primary,top_4_10,R1,F0_c001,heldout_LODO_prediction,2.9,0.999449431154074,0.197106316297885,0.197106316297885,0.196828632788594,0.198607171460222,completed,0,0
F0,AS005,AS005,primary,top_4_10,R1,F0_c001,heldout_LODO_prediction,2.945,0.99917414673111,0.197295552695065,0.197295552695065,0.196897390415586,0.199420252424797,completed,0,0
F0,AS005,AS005,primary,top_4_10,R1,F0_c001,heldout_LODO_prediction,2.983,0.999314045372288,0.197516358555891,0.197516358555891,0.196978732203639,0.200364537031502,completed,0,0
F0,AS005,AS005,primary,top_4_10,R1,F0_c001,heldout_LODO_prediction,3.045,0.999449431154074,0.198050322339692,0.198050322339692,0.19717813097353,0.202649901998388,completed,0,0
F0,AS005,AS005,primary,top_4_10,R1,F0_c001,heldout_LODO_prediction,3.117,0.999449431154074,0.199092703080449,0.199092703080449,0.197571789188268,0.207158550894726,completed,0,0
F0,AS005,AS005,primary,top_4_10,R1,F0_c001,heldout_LODO_prediction,3.158,0.999314045372288,0.200002040142106,0.200002040142106,0.197916350531944,0.211146951098927,completed,0,0
F0,AS005,AS005,primary,top_4_10,R1,F0_c001,heldout_LODO_prediction,3.239,0.999589329795252,0.202921230752603,0.202921230752603,0.199018559051578,0.224187279697652,completed,0,0
F0,AS005,AS005,primary,top_4_10,R1,F0_c001,heldout_LODO_prediction,3.316,1,0.208077712086202,0.208077712086202,0.200941896742215,0.247514173960989,completed,0,0
F0,AS005,AS005,primary,top_4_10,R1,F0_c001,heldout_LODO_prediction,3.383,1,0.216022295290654,0.216022295290654,0.203861717195058,0.282896167162465,completed,0,0
F0,AS005,AS005,primary,top_4_10,R1,F0_c001,heldout_LODO_prediction,3.429,0.999589329795252,0.224565509644093,0.224565509644093,0.206971587192009,0.319280977946294,completed,0,0
F0,AS005,AS005,primary,top_4_10,R1,F0_c001,heldout_LODO_prediction,3.526,1,0.257071639923318,0.257071639923318,0.218815675387242,0.438883532126254,completed,0,0
F0,AS005,AS005,primary,top_4_10,R1,F0_c001,heldout_LODO_prediction,3.625,1.00027528442296,0.326484826632592,0.326484826632592,0.245415885217752,0.615420883625042,completed,0,0
F0,AS005,AS005,primary,top_4_10,R1,F0_c001,heldout_LODO_prediction,3.678,1.00027528442296,0.386686421867239,0.386686421867239,0.270826471845185,0.715303011682343,completed,0,0
F0,AS005,AS005,primary,top_4_10,R1,F0_c001,heldout_LODO_prediction,3.773,0.999864614218215,0.538778937983962,0.538778937983962,0.349351304249577,0.863865182578457,completed,0,0
F0,AS005,AS005,primary,top_4_10,R1,F0_c001,heldout_LODO_prediction,3.851,1.0006904674871,0.686294409801334,0.686294409801334,0.455830398100237,0.942422078604531,completed,0,0
F0,AS005,AS005,primary,top_4_10,R1,F0_c001,heldout_LODO_prediction,3.908,1.00013989864118,0.786240423078468,0.786240423078468,0.555998039974548,0.978060963372791,completed,0,0
F0,AS005,AS005,primary,top_4_10,R1,F0_c001,heldout_LODO_prediction,4.013,1.00041518306414,0.919593727994053,0.919593727994053,0.752031380093006,1.01218237777315,completed,0,0
F0,AS005,AS005,primary,top_4_10,R1,F0_c001,heldout_LODO_prediction,4.144,1.00055056884593,0.997283317756064,0.997283317756064,0.924752484718319,1.02157998626097,completed,0,0
F0,AS005,AS005,primary,top_4_10,R1,F0_c001,heldout_LODO_prediction,4.238,1.00027528442296,1.01604116221073,1.01604116221073,0.98536336602907,1.02483669675107,completed,0,0
F0,AS005,AS005,primary,top_4_10,R1,F0_c001,heldout_LODO_prediction,4.292,1.00013989864118,1.02085975941568,1.02085975941568,1.00411402084636,1.02523025688562,completed,0,0
F0,AS005,AS005,primary,top_4_10,R1,F0_c001,heldout_LODO_prediction,4.308,1.0006904674871,1.02073340331444,1.02073340331444,1.00811582351074,1.02495409295602,completed,0,0
F0,AS005,AS005,primary,top_4_10,R1,F0_c001,heldout_LODO_prediction,4.353,1.00055056884593,1.02151064996091,1.02151064996091,1.01521821019166,1.02496044989051,completed,0,0
F0,AS005,AS005,primary,top_4_10,R1,F0_c001,heldout_LODO_prediction,4.371,1.00082585326889,1.02199923550789,1.02199923550789,1.01646272669894,1.02497278850346,completed,0,0
F0,AS005,AS005,primary,top_4_10,R1,F0_c001,heldout_LODO_prediction,4.429,1.00082585326889,1.02270563813277,1.02270563813277,1.01601718706167,1.02524541958257,completed,0,0
F0,AS006,AS006,primary,top_4_10,R1,F0_c001,heldout_LODO_prediction,0.048,0.190112191002937,0.0608703933085871,0.0608703933085871,0.0608703933085871,0.0608703933085871,completed,0,0
F0,AS006,AS006,primary,top_4_10,R1,F0_c001,heldout_LODO_prediction,0.0597,0.200556986498786,0.0608703933085871,0.0608703933085871,0.0608703933085871,0.0608703933085871,completed,0,0
F0,AS006,AS006,primary,top_4_10,R1,F0_c001,heldout_LODO_prediction,0.0792,0.240527304807248,0.0608703933085871,0.0608703933085871,0.0608703933085871,0.0608703933085871,completed,0,0
F0,AS006,AS006,primary,top_4_10,R1,F0_c001,heldout_LODO_prediction,0.0985,0.303629215036316,0.0608703933085871,0.0608703933085871,0.0608703933085871,0.0608703933085871,completed,0,0
F0,AS006,AS006,primary,top_4_10,R1,F0_c001,heldout_LODO_prediction,0.1181,0.412011805443459,0.0608703933085871,0.0608703933085871,0.0608703933085871,0.0608703933085871,completed,0,0
F0,AS006,AS006,primary,top_4_10,R1,F0_c001,heldout_LODO_prediction,0.1384,0.550437345520424,0.0608703933085871,0.0608703933085871,0.0608703933085871,0.0608703933085871,completed,0,0
F0,AS006,AS006,primary,top_4_10,R1,F0_c001,heldout_LODO_prediction,0.1588,0.659889771585421,0.0608703933085871,0.0608703933085871,0.0608703933085871,0.0608703933085871,completed,0,0
F0,AS006,AS006,primary,top_4_10,R1,F0_c001,heldout_LODO_prediction,0.1803,0.763896341070619,0.0608703933085871,0.0608703933085871,0.0608703933085871,0.0608703933085871,completed,0,0
F0,AS006,AS006,primary,top_4_10,R1,F0_c001,heldout_LODO_prediction,0.2005,0.815328648593636,0.0608703933085871,0.0608703933085871,0.0608703933085871,0.0608703933085871,completed,0,0
F0,AS006,AS006,primary,top_4_10,R1,F0_c001,heldout_LODO_prediction,0.2201,0.839453108106101,0.0608703933085871,0.0608703933085871,0.0608703933085871,0.0608703933085871,completed,0,0
F0,AS006,AS006,primary,top_4_10,R1,F0_c001,heldout_LODO_prediction,0.2399,0.857004990576123,0.0608703933085871,0.0608703933085871,0.0608703933085871,0.0608703933085871,completed,0,0
F0,AS006,AS006,primary,top_4_10,R1,F0_c001,heldout_LODO_prediction,0.26,0.871094572595352,0.0608703933085871,0.0608703933085871,0.0608703933085871,0.0608703933085871,completed,0,0
F0,AS006,AS006,primary,top_4_10,R1,F0_c001,heldout_LODO_prediction,0.2804,0.883658780381312,0.0608703933085871,0.0608703933085871,0.0608703933085871,0.0608703933085871,completed,0,0
F0,AS006,AS006,primary,top_4_10,R1,F0_c001,heldout_LODO_prediction,0.2998,0.891492045752062,0.0608703933085871,0.0608703933085871,0.0608703933085871,0.0608703933085871,completed,0,0
F0,AS006,AS006,primary,top_4_10,R1,F0_c001,heldout_LODO_prediction,0.3207,0.898013030093023,0.0608703933085871,0.0608703933085871,0.0608703933085871,0.0608703933085871,completed,0,0
F0,AS006,AS006,primary,top_4_10,R1,F0_c001,heldout_LODO_prediction,0.3404,0.906999682543731,0.0608703933085871,0.0608703933085871,0.0608703933085871,0.0608703933085871,completed,0,0
F0,AS006,AS006,primary,top_4_10,R1,F0_c001,heldout_LODO_prediction,0.3602,0.915579955834449,0.0608703933085871,0.0608703933085871,0.0608703933085871,0.0608703933085871,completed,0,0
F0,AS006,AS006,primary,top_4_10,R1,F0_c001,heldout_LODO_prediction,0.3798,0.923923951758217,0.0608703933085871,0.0608703933085871,0.0608703933085871,0.0608703933085871,completed,0,0
F0,AS006,AS006,primary,top_4_10,R1,F0_c001,heldout_LODO_prediction,0.4003,0.936046321995432,0.0608703933085871,0.0608703933085871,0.0608703933085871,0.0608703933085871,completed,0,0
F0,AS006,AS006,primary,top_4_10,R1,F0_c001,heldout_LODO_prediction,0.4207,0.945453050181036,0.0608703933085871,0.0608703933085871,0.0608703933085871,0.0608703933085871,completed,0,0
F0,AS006,AS006,primary,top_4_10,R1,F0_c001,heldout_LODO_prediction,0.4408,0.955896561111665,0.0608703933085871,0.0608703933085871,0.0608703933085871,0.0608703933085871,completed,0,0
F0,AS006,AS006,primary,top_4_10,R1,F0_c001,heldout_LODO_prediction,0.4601,0.966839625764932,0.0608703933085871,0.0608703933085871,0.0608703933085871,0.0608703933085871,completed,0,0
F0,AS006,AS006,primary,top_4_10,R1,F0_c001,heldout_LODO_prediction,0.4799,0.973846076401016,0.0608703933085871,0.0608703933085871,0.0608703933085871,0.0608703933085871,completed,0,0
F0,AS006,AS006,primary,top_4_10,R1,F0_c001,heldout_LODO_prediction,0.4997,0.979238670071734,0.0608703933085871,0.0608703933085871,0.0608703933085871,0.0608703933085871,completed,0,0
F0,AS006,AS006,primary,top_4_10,R1,F0_c001,heldout_LODO_prediction,0.5197,0.984513629666975,0.0608703933085871,0.0608703933085871,0.0608703933085871,0.0608703933085871,completed,0,0
F0,AS006,AS006,primary,top_4_10,R1,F0_c001,heldout_LODO_prediction,0.5401,0.987324228545714,0.0608703933085871,0.0608703933085871,0.0608703933085871,0.0608703933085871,completed,0,0
F0,AS006,AS006,primary,top_4_10,R1,F0_c001,heldout_LODO_prediction,0.5607,0.990867005017469,0.0608703933085871,0.0608703933085871,0.0608703933085871,0.0608703933085871,completed,0,0
F0,AS006,AS006,primary,top_4_10,R1,F0_c001,heldout_LODO_prediction,0.5804,0.993189984871219,0.0608703933085871,0.0608703933085871,0.0608703933085871,0.0608703933085871,completed,0,0
F0,AS006,AS006,primary,top_4_10,R1,F0_c001,heldout_LODO_prediction,0.6008,0.992795769720558,0.0608703933085871,0.0608703933085871,0.0608703933085871,0.0608703933085871,completed,0,0
F0,AS006,AS006,primary,top_4_10,R1,F0_c001,heldout_LODO_prediction,0.6196,0.993858705859768,0.0608703933085871,0.0608703933085871,0.0608703933085871,0.0608703933085871,completed,0,0
F0,AS006,AS006,primary,top_4_10,R1,F0_c001,heldout_LODO_prediction,0.6394,0.994095028554797,0.0608703933085871,0.0608703933085871,0.0608703933085871,0.0608703933085871,completed,0,0
F0,AS006,AS006,primary,top_4_10,R1,F0_c001,heldout_LODO_prediction,0.6611,0.994606889064554,0.0608703933085871,0.0608703933085871,0.0608703933085871,0.0608703933085871,completed,0,0
F0,AS006,AS006,primary,top_4_10,R1,F0_c001,heldout_LODO_prediction,0.6796,0.995630610084065,0.0608703933085871,0.0608703933085871,0.0608703933085871,0.0608703933085871,completed,0,0
F0,AS006,AS006,primary,top_4_10,R1,F0_c001,heldout_LODO_prediction,0.699,0.996220900833216,0.0608703933085871,0.0608703933085871,0.0608703933085871,0.0608703933085871,completed,0,0
F0,AS006,AS006,primary,top_4_10,R1,F0_c001,heldout_LODO_prediction,0.7193,0.996771976462672,0.0608703933085871,0.0608703933085871,0.0608703933085871,0.0608703933085871,completed,0,0
F0,AS006,AS006,primary,top_4_10,R1,F0_c001,heldout_LODO_prediction,0.7404,0.997283836972426,0.0608703933085871,0.0608703933085871,0.0608703933085871,0.0608703933085871,completed,0,0
F0,AS006,AS006,primary,top_4_10,R1,F0_c001,heldout_LODO_prediction,0.7582,0.998172596834849,0.0608703933085871,0.0608703933085871,0.0608703933085871,0.0608703933085871,completed,0,0
F0,AS006,AS006,primary,top_4_10,R1,F0_c001,heldout_LODO_prediction,0.7816,0.997717267242785,0.0608703933085871,0.0608703933085871,0.0608703933085871,0.0608703933085871,completed,0,0
F0,AS006,AS006,primary,top_4_10,R1,F0_c001,heldout_LODO_prediction,0.7987,0.998229127752538,0.0608703933085871,0.0608703933085871,0.0608703933085871,0.0608703933085871,completed,0,0
F0,AS006,AS006,primary,top_4_10,R1,F0_c001,heldout_LODO_prediction,0.8181,0.998976278980489,0.0608703933085871,0.0608703933085871,0.0608703933085871,0.0608703933085871,completed,0,0
F0,AS006,AS006,primary,top_4_10,R1,F0_c001,heldout_LODO_prediction,0.8437,1.0000392151197,0.0608703933085871,0.0608703933085871,0.0608703933085871,0.0608703933085871,completed,0,0
F0,AS006,AS006,primary,top_4_10,R1,F0_c001,heldout_LODO_prediction,0.8603,0.99795358993781,0.0608703933085871,0.0608703933085871,0.0608703933085871,0.0608703933085871,completed,0,0
F0,AS006,AS006,primary,top_4_10,R1,F0_c001,heldout_LODO_prediction,0.8789,1,0.0608703933085871,0.0608703933085871,0.0608703933085871,0.0608703933085871,completed,0,0
F0,AS006,AS006,primary,top_4_10,R1,F0_c001,heldout_LODO_prediction,0.8973,0.999409709250845,0.0608703933085871,0.0608703933085871,0.0608703933085871,0.0608703933085871,completed,0,0
F0,AS006,AS006,primary,top_4_10,R1,F0_c001,heldout_LODO_prediction,0.9215,1.0000784302394,0.0608703933085871,0.0608703933085871,0.0608703933085871,0.0608703933085871,completed,0,0
F0,AS006,AS006,primary,top_4_10,R1,F0_c001,heldout_LODO_prediction,0.9373,0.999667787846881,0.0608703933085871,0.0608703933085871,0.0608703933085871,0.0608703933085871,completed,0,0
F0,AS006,AS006,primary,top_4_10,R1,F0_c001,heldout_LODO_prediction,0.9587,1.00035396805412,0.0608703933085871,0.0608703933085871,0.0608703933085871,0.0608703933085871,completed,0,0
F0,AS006,AS006,primary,top_4_10,R1,F0_c001,heldout_LODO_prediction,0.9779,1.00118161347514,0.0608703933085871,0.0608703933085871,0.0608703933085871,0.0608703933085871,completed,0,0
F0,AS006,AS006,primary,top_4_10,R1,F0_c001,heldout_LODO_prediction,1.001,1.00177190422429,0.0608703933085871,0.0608703933085871,0.0608703933085871,0.0608703933085871,completed,0,0
F0,AS006,AS006,secondary,bottom_3_9,R2,F0_c001,heldout_LODO_prediction,0.048,0.209964606199736,0.0608703933085871,0.0608703933085871,0.0608703933085871,0.0608703933085871,completed,0,0
F0,AS006,AS006,secondary,bottom_3_9,R2,F0_c001,heldout_LODO_prediction,0.0597,0.226309469118397,0.0608703933085871,0.0608703933085871,0.0608703933085871,0.0608703933085871,completed,0,0
F0,AS006,AS006,secondary,bottom_3_9,R2,F0_c001,heldout_LODO_prediction,0.0792,0.270322822190663,0.0608703933085871,0.0608703933085871,0.0608703933085871,0.0608703933085871,completed,0,0
F0,AS006,AS006,secondary,bottom_3_9,R2,F0_c001,heldout_LODO_prediction,0.0985,0.325599048850246,0.0608703933085871,0.0608703933085871,0.0608703933085871,0.0608703933085871,completed,0,0
F0,AS006,AS006,secondary,bottom_3_9,R2,F0_c001,heldout_LODO_prediction,0.1181,0.40350152042002,0.0608703933085871,0.0608703933085871,0.0608703933085871,0.0608703933085871,completed,0,0
F0,AS006,AS006,secondary,bottom_3_9,R2,F0_c001,heldout_LODO_prediction,0.1384,0.503092951797939,0.0608703933085871,0.0608703933085871,0.0608703933085871,0.0608703933085871,completed,0,0
F0,AS006,AS006,secondary,bottom_3_9,R2,F0_c001,heldout_LODO_prediction,0.1588,0.614578372408278,0.0608703933085871,0.0608703933085871,0.0608703933085871,0.0608703933085871,completed,0,0
F0,AS006,AS006,secondary,bottom_3_9,R2,F0_c001,heldout_LODO_prediction,0.1803,0.755953328974659,0.0608703933085871,0.0608703933085871,0.0608703933085871,0.0608703933085871,completed,0,0
F0,AS006,AS006,secondary,bottom_3_9,R2,F0_c001,heldout_LODO_prediction,0.2005,0.827086462163843,0.0608703933085871,0.0608703933085871,0.0608703933085871,0.0608703933085871,completed,0,0
F0,AS006,AS006,secondary,bottom_3_9,R2,F0_c001,heldout_LODO_prediction,0.2201,0.859745418737565,0.0608703933085871,0.0608703933085871,0.0608703933085871,0.0608703933085871,completed,0,0
F0,AS006,AS006,secondary,bottom_3_9,R2,F0_c001,heldout_LODO_prediction,0.2399,0.886265494656637,0.0608703933085871,0.0608703933085871,0.0608703933085871,0.0608703933085871,completed,0,0
F0,AS006,AS006,secondary,bottom_3_9,R2,F0_c001,heldout_LODO_prediction,0.26,0.910548552270862,0.0608703933085871,0.0608703933085871,0.0608703933085871,0.0608703933085871,completed,0,0
F0,AS006,AS006,secondary,bottom_3_9,R2,F0_c001,heldout_LODO_prediction,0.2804,0.932850825653291,0.0608703933085871,0.0608703933085871,0.0608703933085871,0.0608703933085871,completed,0,0
F0,AS006,AS006,secondary,bottom_3_9,R2,F0_c001,heldout_LODO_prediction,0.2998,0.949692006106156,0.0608703933085871,0.0608703933085871,0.0608703933085871,0.0608703933085871,completed,0,0
F0,AS006,AS006,secondary,bottom_3_9,R2,F0_c001,heldout_LODO_prediction,0.3207,0.962205761906253,0.0608703933085871,0.0608703933085871,0.0608703933085871,0.0608703933085871,completed,0,0
F0,AS006,AS006,secondary,bottom_3_9,R2,F0_c001,heldout_LODO_prediction,0.3404,0.971699748915391,0.0608703933085871,0.0608703933085871,0.0608703933085871,0.0608703933085871,completed,0,0
F0,AS006,AS006,secondary,bottom_3_9,R2,F0_c001,heldout_LODO_prediction,0.3602,0.982682292921219,0.0608703933085871,0.0608703933085871,0.0608703933085871,0.0608703933085871,completed,0,0
F0,AS006,AS006,secondary,bottom_3_9,R2,F0_c001,heldout_LODO_prediction,0.3798,0.991998100711775,0.0608703933085871,0.0608703933085871,0.0608703933085871,0.0608703933085871,completed,0,0
F0,AS006,AS006,secondary,bottom_3_9,R2,F0_c001,heldout_LODO_prediction,0.4003,1.00180123956463,0.0608703933085871,0.0608703933085871,0.0608703933085871,0.0608703933085871,completed,0,0
F0,AS006,AS006,secondary,bottom_3_9,R2,F0_c001,heldout_LODO_prediction,0.4207,1.00525947727809,0.0608703933085871,0.0608703933085871,0.0608703933085871,0.0608703933085871,completed,0,0
F0,AS006,AS006,secondary,bottom_3_9,R2,F0_c001,heldout_LODO_prediction,0.4408,1.00755282661746,0.0608703933085871,0.0608703933085871,0.0608703933085871,0.0608703933085871,completed,0,0
F0,AS006,AS006,secondary,bottom_3_9,R2,F0_c001,heldout_LODO_prediction,0.4601,1.0051927236008,0.0608703933085871,0.0608703933085871,0.0608703933085871,0.0608703933085871,completed,0,0
F0,AS006,AS006,secondary,bottom_3_9,R2,F0_c001,heldout_LODO_prediction,0.4799,1.00368793130233,0.0608703933085871,0.0608703933085871,0.0608703933085871,0.0608703933085871,completed,0,0
F0,AS006,AS006,secondary,bottom_3_9,R2,F0_c001,heldout_LODO_prediction,0.4997,1.00262999086287,0.0608703933085871,0.0608703933085871,0.0608703933085871,0.0608703933085871,completed,0,0
F0,AS006,AS006,secondary,bottom_3_9,R2,F0_c001,heldout_LODO_prediction,0.5197,0.999823035987191,0.0608703933085871,0.0608703933085871,0.0608703933085871,0.0608703933085871,completed,0,0
F0,AS006,AS006,secondary,bottom_3_9,R2,F0_c001,heldout_LODO_prediction,0.5401,1.00073273669155,0.0608703933085871,0.0608703933085871,0.0608703933085871,0.0608703933085871,completed,0,0
F0,AS006,AS006,secondary,bottom_3_9,R2,F0_c001,heldout_LODO_prediction,0.5607,0.999105143982228,0.0608703933085871,0.0608703933085871,0.0608703933085871,0.0608703933085871,completed,0,0
F0,AS006,AS006,secondary,bottom_3_9,R2,F0_c001,heldout_LODO_prediction,0.5804,1.00028477539541,0.0608703933085871,0.0608703933085871,0.0608703933085871,0.0608703933085871,completed,0,0
F0,AS006,AS006,secondary,bottom_3_9,R2,F0_c001,heldout_LODO_prediction,0.6008,0.998291347627563,0.0608703933085871,0.0608703933085871,0.0608703933085871,0.0608703933085871,completed,0,0
F0,AS006,AS006,secondary,bottom_3_9,R2,F0_c001,heldout_LODO_prediction,0.6196,0.998820368586821,0.0608703933085871,0.0608703933085871,0.0608703933085871,0.0608703933085871,completed,0,0
F0,AS006,AS006,secondary,bottom_3_9,R2,F0_c001,heldout_LODO_prediction,0.6394,0.998495063359858,0.0608703933085871,0.0608703933085871,0.0608703933085871,0.0608703933085871,completed,0,0
F0,AS006,AS006,secondary,bottom_3_9,R2,F0_c001,heldout_LODO_prediction,0.6611,0.998331877459119,0.0608703933085871,0.0608703933085871,0.0608703933085871,0.0608703933085871,completed,0,0
F0,AS006,AS006,secondary,bottom_3_9,R2,F0_c001,heldout_LODO_prediction,0.6796,0.999593635109926,0.0608703933085871,0.0608703933085871,0.0608703933085871,0.0608703933085871,completed,0,0
F0,AS006,AS006,secondary,bottom_3_9,R2,F0_c001,heldout_LODO_prediction,0.699,0.999308859714519,0.0608703933085871,0.0608703933085871,0.0608703933085871,0.0608703933085871,completed,0,0
F0,AS006,AS006,secondary,bottom_3_9,R2,F0_c001,heldout_LODO_prediction,0.7193,0.997355961778235,0.0608703933085871,0.0608703933085871,0.0608703933085871,0.0608703933085871,completed,0,0
F0,AS006,AS006,secondary,bottom_3_9,R2,F0_c001,heldout_LODO_prediction,0.7404,0.999349389546075,0.0608703933085871,0.0608703933085871,0.0608703933085871,0.0608703933085871,completed,0,0
F0,AS006,AS006,secondary,bottom_3_9,R2,F0_c001,heldout_LODO_prediction,0.7582,0.999213013878953,0.0608703933085871,0.0608703933085871,0.0608703933085871,0.0608703933085871,completed,0,0
F0,AS006,AS006,secondary,bottom_3_9,R2,F0_c001,heldout_LODO_prediction,0.7816,0.998168691558384,0.0608703933085871,0.0608703933085871,0.0608703933085871,0.0608703933085871,completed,0,0
F0,AS006,AS006,secondary,bottom_3_9,R2,F0_c001,heldout_LODO_prediction,0.7987,1.00081379635466,0.0608703933085871,0.0608703933085871,0.0608703933085871,0.0608703933085871,completed,0,0
F0,AS006,AS006,secondary,bottom_3_9,R2,F0_c001,heldout_LODO_prediction,0.8181,0.999634164941481,0.0608703933085871,0.0608703933085871,0.0608703933085871,0.0608703933085871,completed,0,0
F0,AS006,AS006,secondary,bottom_3_9,R2,F0_c001,heldout_LODO_prediction,0.8437,0.99938991937763,0.0608703933085871,0.0608703933085871,0.0608703933085871,0.0608703933085871,completed,0,0
F0,AS006,AS006,secondary,bottom_3_9,R2,F0_c001,heldout_LODO_prediction,0.8603,0.998739308923709,0.0608703933085871,0.0608703933085871,0.0608703933085871,0.0608703933085871,completed,0,0
F0,AS006,AS006,secondary,bottom_3_9,R2,F0_c001,heldout_LODO_prediction,0.8789,0.999634164941481,0.0608703933085871,0.0608703933085871,0.0608703933085871,0.0608703933085871,completed,0,0
F0,AS006,AS006,secondary,bottom_3_9,R2,F0_c001,heldout_LODO_prediction,0.8973,0.999024084319116,0.0608703933085871,0.0608703933085871,0.0608703933085871,0.0608703933085871,completed,0,0
F0,AS006,AS006,secondary,bottom_3_9,R2,F0_c001,heldout_LODO_prediction,0.9215,1.00044796129614,0.0608703933085871,0.0608703933085871,0.0608703933085871,0.0608703933085871,completed,0,0
F0,AS006,AS006,secondary,bottom_3_9,R2,F0_c001,heldout_LODO_prediction,0.9373,1.00108360614792,0.0608703933085871,0.0608703933085871,0.0608703933085871,0.0608703933085871,completed,0,0
F0,AS006,AS006,secondary,bottom_3_9,R2,F0_c001,heldout_LODO_prediction,0.9587,1.00154653304621,0.0608703933085871,0.0608703933085871,0.0608703933085871,0.0608703933085871,completed,0,0
F0,AS006,AS006,secondary,bottom_3_9,R2,F0_c001,heldout_LODO_prediction,0.9779,1,0.0608703933085871,0.0608703933085871,0.0608703933085871,0.0608703933085871,completed,0,0
F0,AS006,AS006,secondary,bottom_3_9,R2,F0_c001,heldout_LODO_prediction,1.001,1.00126175765081,0.0608703933085871,0.0608703933085871,0.0608703933085871,0.0608703933085871,completed,0,0
FB,AS001,AS001,primary,top_4_10,R1,FB_c009,heldout_LODO_prediction,0.0602,0.962048663149189,0.11,0.199,0.199,0.199,completed,0,0
FB,AS001,AS001,primary,top_4_10,R1,FB_c009,heldout_LODO_prediction,0.0801,0.973325184855328,0.11,0.18943036606781,0.18943036606781,0.18943036606781,completed,0,0
FB,AS001,AS001,primary,top_4_10,R1,FB_c009,heldout_LODO_prediction,0.1,0.985437814801791,0.11,0.179860732135621,0.179860732135621,0.179860732135621,completed,0,0
FB,AS001,AS001,primary,top_4_10,R1,FB_c009,heldout_LODO_prediction,0.12,0.985187135338796,0.11,0.170243009590706,0.170243009590706,0.170243009590706,completed,0,0
FB,AS001,AS001,primary,top_4_10,R1,FB_c009,heldout_LODO_prediction,0.1402,0.99300227915735,0.11,0.160529109820343,0.160529109820343,0.160529109820343,completed,0,0
FB,AS001,AS001,primary,top_4_10,R1,FB_c009,heldout_LODO_prediction,0.1603,0.988583007740285,0.11,0.150863298662704,0.150863298662704,0.150863298662704,completed,0,0
FB,AS001,AS001,primary,top_4_10,R1,FB_c009,heldout_LODO_prediction,0.1801,0.993809911005025,0.11,0.141341753343239,0.141341753343239,0.141341753343239,completed,0,0
FB,AS001,AS001,primary,top_4_10,R1,FB_c009,heldout_LODO_prediction,0.2002,0.996037186488633,0.11,0.1316759421856,0.1316759421856,0.1316759421856,completed,0,0
FB,AS001,AS001,primary,top_4_10,R1,FB_c009,heldout_LODO_prediction,0.22,0.987563543732203,0.11,0.122154396866135,0.122154396866135,0.122154396866135,completed,0,0
FB,AS001,AS001,primary,top_4_10,R1,FB_c009,heldout_LODO_prediction,0.2402,0.994679027279808,0.11,0.112440497095772,0.112440497095772,0.112440497095772,completed,0,0
FB,AS001,AS001,primary,top_4_10,R1,FB_c009,heldout_LODO_prediction,0.2599,0.993182170532501,0.11,0.11,0.11,0.11,completed,0,0
FB,AS001,AS001,primary,top_4_10,R1,FB_c009,heldout_LODO_prediction,0.2798,0.99536779955661,0.11,0.11,0.11,0.11,completed,0,0
FB,AS001,AS001,primary,top_4_10,R1,FB_c009,heldout_LODO_prediction,0.3003,0.994869431552457,0.11,0.11,0.11,0.11,completed,0,0
FB,AS001,AS001,primary,top_4_10,R1,FB_c009,heldout_LODO_prediction,0.3198,0.998157932945021,0.11,0.11,0.11,0.11,completed,0,0
FB,AS001,AS001,primary,top_4_10,R1,FB_c009,heldout_LODO_prediction,0.34,0.99634280795696,0.11,0.11,0.11,0.11,completed,0,0
FB,AS001,AS001,primary,top_4_10,R1,FB_c009,heldout_LODO_prediction,0.3597,0.990268068817317,0.11,0.11,0.11,0.11,completed,0,0
FB,AS001,AS001,primary,top_4_10,R1,FB_c009,heldout_LODO_prediction,0.3803,0.99449691211094,0.11,0.11,0.11,0.11,completed,0,0
FB,AS001,AS001,primary,top_4_10,R1,FB_c009,heldout_LODO_prediction,0.4002,0.993486224005965,0.11,0.11,0.11,0.11,completed,0,0
FB,AS001,AS001,primary,top_4_10,R1,FB_c009,heldout_LODO_prediction,0.42,0.998226516462234,0.11,0.11,0.11,0.11,completed,0,0
FB,AS001,AS001,primary,top_4_10,R1,FB_c009,heldout_LODO_prediction,0.4397,1.00028613073625,0.11,0.11,0.11,0.11,completed,0,0
FB,AS001,AS001,primary,top_4_10,R1,FB_c009,heldout_LODO_prediction,0.4599,0.993245711159143,0.11,0.11,0.11,0.11,completed,0,0
FB,AS001,AS001,primary,top_4_10,R1,FB_c009,heldout_LODO_prediction,0.48,0.997582334248706,0.11,0.11,0.11,0.11,completed,0,0
FB,AS001,AS001,primary,top_4_10,R1,FB_c009,heldout_LODO_prediction,0.5004,0.996864194774457,0.11,0.11,0.11,0.11,completed,0,0
FB,AS001,AS001,primary,top_4_10,R1,FB_c009,heldout_LODO_prediction,0.5207,1.00315714746236,0.11,0.11,0.11,0.11,completed,0,0
FB,AS001,AS001,primary,top_4_10,R1,FB_c009,heldout_LODO_prediction,0.5394,0.997065794258765,0.11,0.11,0.11,0.11,completed,0,0
FB,AS001,AS001,primary,top_4_10,R1,FB_c009,heldout_LODO_prediction,0.5598,0.998425168912424,0.11,0.11,0.11,0.11,completed,0,0
FB,AS001,AS001,primary,top_4_10,R1,FB_c009,heldout_LODO_prediction,0.579,0.999677634457059,0.11,0.11,0.11,0.11,completed,0,0
FB,AS001,AS001,primary,top_4_10,R1,FB_c009,heldout_LODO_prediction,0.5995,0.999891097050075,0.11,0.11,0.11,0.11,completed,0,0
FB,AS001,AS001,primary,top_4_10,R1,FB_c009,heldout_LODO_prediction,0.6189,0.999922300637543,0.11,0.11,0.11,0.11,completed,0,0
FB,AS001,AS001,primary,top_4_10,R1,FB_c009,heldout_LODO_prediction,0.6389,0.996607577028507,0.11,0.11,0.11,0.11,completed,0,0
FB,AS001,AS001,primary,top_4_10,R1,FB_c009,heldout_LODO_prediction,0.6602,1,0.11,0.11,0.11,0.11,completed,0,0
FB,AS001,AS001,primary,top_4_10,R1,FB_c009,heldout_LODO_prediction,0.6796,1.00242240272888,0.11,0.11,0.11,0.11,completed,0,0
FB,AS001,AS001,primary,top_4_10,R1,FB_c009,heldout_LODO_prediction,0.7001,1.00147049794633,0.11,0.111054482417038,0.111054482417038,0.111054482417038,completed,0,0
FB,AS001,AS001,primary,top_4_10,R1,FB_c009,heldout_LODO_prediction,0.7197,0.998740728974933,0.11,0.112996037642397,0.112996037642397,0.112996037642397,completed,0,0
FB,AS001,AS001,primary,top_4_10,R1,FB_c009,heldout_LODO_prediction,0.7395,1.00100639961865,0.11,0.11495740465577,0.11495740465577,0.11495740465577,completed,0,0
FB,AS001,AS001,primary,top_4_10,R1,FB_c009,heldout_LODO_prediction,0.7605,0.993929199821527,0.11,0.117037642397226,0.117037642397226,0.117037642397226,completed,0,0
FB,AS001,AS001,primary,top_4_10,R1,FB_c009,heldout_LODO_prediction,0.7811,0.995374751195326,0.11,0.119078256562655,0.119078256562655,0.119078256562655,completed,0,0
FB,AS001,AS001,primary,top_4_10,R1,FB_c009,heldout_LODO_prediction,0.8005,1.00054877648263,0.11,0.121,0.121,0.121,completed,0,0
FB,AS001,AS001,secondary,bottom_3_9,R2,FB_c009,heldout_LODO_prediction,0.0602,0.968399130321445,0.11,0.199,0.199,0.199,completed,0,0
FB,AS001,AS001,secondary,bottom_3_9,R2,FB_c009,heldout_LODO_prediction,0.0801,0.995167885408499,0.11,0.18943036606781,0.18943036606781,0.18943036606781,completed,0,0
FB,AS001,AS001,secondary,bottom_3_9,R2,FB_c009,heldout_LODO_prediction,0.1,0.999288950086634,0.11,0.179860732135621,0.179860732135621,0.179860732135621,completed,0,0
FB,AS001,AS001,secondary,bottom_3_9,R2,FB_c009,heldout_LODO_prediction,0.12,0.999358392711779,0.11,0.170243009590706,0.170243009590706,0.170243009590706,completed,0,0
FB,AS001,AS001,secondary,bottom_3_9,R2,FB_c009,heldout_LODO_prediction,0.1402,0.999752777285125,0.11,0.160529109820343,0.160529109820343,0.160529109820343,completed,0,0
FB,AS001,AS001,secondary,bottom_3_9,R2,FB_c009,heldout_LODO_prediction,0.1603,0.991274696640507,0.11,0.150863298662704,0.150863298662704,0.150863298662704,completed,0,0
FB,AS001,AS001,secondary,bottom_3_9,R2,FB_c009,heldout_LODO_prediction,0.1801,0.989411577298619,0.11,0.141341753343239,0.141341753343239,0.141341753343239,completed,0,0
FB,AS001,AS001,secondary,bottom_3_9,R2,FB_c009,heldout_LODO_prediction,0.2002,0.999664789098898,0.11,0.1316759421856,0.1316759421856,0.1316759421856,completed,0,0
FB,AS001,AS001,secondary,bottom_3_9,R2,FB_c009,heldout_LODO_prediction,0.22,0.998123719110625,0.11,0.122154396866135,0.122154396866135,0.122154396866135,completed,0,0
FB,AS001,AS001,secondary,bottom_3_9,R2,FB_c009,heldout_LODO_prediction,0.2402,1.00153430649916,0.11,0.112440497095772,0.112440497095772,0.112440497095772,completed,0,0
FB,AS001,AS001,secondary,bottom_3_9,R2,FB_c009,heldout_LODO_prediction,0.2599,1.00492768449045,0.11,0.11,0.11,0.11,completed,0,0
FB,AS001,AS001,secondary,bottom_3_9,R2,FB_c009,heldout_LODO_prediction,0.2798,0.997466682091283,0.11,0.11,0.11,0.11,completed,0,0
FB,AS001,AS001,secondary,bottom_3_9,R2,FB_c009,heldout_LODO_prediction,0.3003,1.00681497120397,0.11,0.11,0.11,0.11,completed,0,0
FB,AS001,AS001,secondary,bottom_3_9,R2,FB_c009,heldout_LODO_prediction,0.3198,1.01392614624405,0.11,0.11,0.11,0.11,completed,0,0
FB,AS001,AS001,secondary,bottom_3_9,R2,FB_c009,heldout_LODO_prediction,0.34,0.998466058006477,0.11,0.11,0.11,0.11,completed,0,0
FB,AS001,AS001,secondary,bottom_3_9,R2,FB_c009,heldout_LODO_prediction,0.3597,1.00645196543901,0.11,0.11,0.11,0.11,completed,0,0
FB,AS001,AS001,secondary,bottom_3_9,R2,FB_c009,heldout_LODO_prediction,0.3803,0.995914247862108,0.11,0.11,0.11,0.11,completed,0,0
FB,AS001,AS001,secondary,bottom_3_9,R2,FB_c009,heldout_LODO_prediction,0.4002,0.996274141745276,0.11,0.11,0.11,0.11,completed,0,0
FB,AS001,AS001,secondary,bottom_3_9,R2,FB_c009,heldout_LODO_prediction,0.42,0.9996717242008,0.11,0.11,0.11,0.11,completed,0,0
FB,AS001,AS001,secondary,bottom_3_9,R2,FB_c009,heldout_LODO_prediction,0.4397,1.00175222506102,0.11,0.11,0.11,0.11,completed,0,0
FB,AS001,AS001,secondary,bottom_3_9,R2,FB_c009,heldout_LODO_prediction,0.4599,1.00065458040491,0.11,0.11,0.11,0.11,completed,0,0
FB,AS001,AS001,secondary,bottom_3_9,R2,FB_c009,heldout_LODO_prediction,0.48,1.00497042100473,0.11,0.11,0.11,0.11,completed,0,0
FB,AS001,AS001,secondary,bottom_3_9,R2,FB_c009,heldout_LODO_prediction,0.5004,0.998805672136412,0.11,0.11,0.11,0.11,completed,0,0
FB,AS001,AS001,secondary,bottom_3_9,R2,FB_c009,heldout_LODO_prediction,0.5207,1.00549392739243,0.11,0.11,0.11,0.11,completed,0,0
FB,AS001,AS001,secondary,bottom_3_9,R2,FB_c009,heldout_LODO_prediction,0.5394,0.998470053115109,0.11,0.11,0.11,0.11,completed,0,0
FB,AS001,AS001,secondary,bottom_3_9,R2,FB_c009,heldout_LODO_prediction,0.5598,0.996750677110899,0.11,0.11,0.11,0.11,completed,0,0
FB,AS001,AS001,secondary,bottom_3_9,R2,FB_c009,heldout_LODO_prediction,0.579,1.00973108343672,0.11,0.11,0.11,0.11,completed,0,0
FB,AS001,AS001,secondary,bottom_3_9,R2,FB_c009,heldout_LODO_prediction,0.5995,0.996748933757202,0.11,0.11,0.11,0.11,completed,0,0
FB,AS001,AS001,secondary,bottom_3_9,R2,FB_c009,heldout_LODO_prediction,0.6189,1.00556661961832,0.11,0.11,0.11,0.11,completed,0,0
FB,AS001,AS001,secondary,bottom_3_9,R2,FB_c009,heldout_LODO_prediction,0.6389,0.999946859262228,0.11,0.11,0.11,0.11,completed,0,0
FB,AS001,AS001,secondary,bottom_3_9,R2,FB_c009,heldout_LODO_prediction,0.6602,1,0.11,0.11,0.11,0.11,completed,0,0
FB,AS001,AS001,secondary,bottom_3_9,R2,FB_c009,heldout_LODO_prediction,0.6796,1.00252445998555,0.11,0.11,0.11,0.11,completed,0,0
FB,AS001,AS001,secondary,bottom_3_9,R2,FB_c009,heldout_LODO_prediction,0.7001,0.999821877998057,0.11,0.111054482417038,0.111054482417038,0.111054482417038,completed,0,0
FB,AS001,AS001,secondary,bottom_3_9,R2,FB_c009,heldout_LODO_prediction,0.7197,0.998655858014555,0.11,0.112996037642397,0.112996037642397,0.112996037642397,completed,0,0
FB,AS001,AS001,secondary,bottom_3_9,R2,FB_c009,heldout_LODO_prediction,0.7395,1.01247267893867,0.11,0.11495740465577,0.11495740465577,0.11495740465577,completed,0,0
FB,AS001,AS001,secondary,bottom_3_9,R2,FB_c009,heldout_LODO_prediction,0.7605,0.997683504027185,0.11,0.117037642397226,0.117037642397226,0.117037642397226,completed,0,0
FB,AS001,AS001,secondary,bottom_3_9,R2,FB_c009,heldout_LODO_prediction,0.7811,1.00228825974997,0.11,0.119078256562655,0.119078256562655,0.119078256562655,completed,0,0
FB,AS001,AS001,secondary,bottom_3_9,R2,FB_c009,heldout_LODO_prediction,0.8005,1.00839149123268,0.11,0.121,0.121,0.121,completed,0,0
FB,AS002,AS002,primary,top_4_10,R1,FB_c009,heldout_LODO_prediction,0.0483,0.933804511524358,0.09008493788914,0.181076444100226,0.181076444100226,0.181076444100226,completed,0,0
FB,AS002,AS002,primary,top_4_10,R1,FB_c009,heldout_LODO_prediction,0.0597,0.95160260607648,0.09008493788914,0.176719857914563,0.176719857914563,0.176719857914563,completed,0,0
FB,AS002,AS002,primary,top_4_10,R1,FB_c009,heldout_LODO_prediction,0.0792,0.982590688842325,0.09008493788914,0.169267802596981,0.169267802596981,0.169267802596981,completed,0,0
FB,AS002,AS002,primary,top_4_10,R1,FB_c009,heldout_LODO_prediction,0.0985,0.992036079099004,0.09008493788914,0.16189217861599,0.16189217861599,0.16189217861599,completed,0,0
FB,AS002,AS002,primary,top_4_10,R1,FB_c009,heldout_LODO_prediction,0.1182,0.99632906626506,0.09008493788914,0.154363691961818,0.154363691961818,0.154363691961818,completed,0,0
FB,AS002,AS002,primary,top_4_10,R1,FB_c009,heldout_LODO_prediction,0.1383,0.995314136982713,0.09008493788914,0.146682342634465,0.146682342634465,0.146682342634465,completed,0,0
FB,AS002,AS002,primary,top_4_10,R1,FB_c009,heldout_LODO_prediction,0.1593,0.996095796228391,0.09008493788914,0.138657052292454,0.138657052292454,0.138657052292454,completed,0,0
FB,AS002,AS002,primary,top_4_10,R1,FB_c009,heldout_LODO_prediction,0.1799,0.996018039549502,0.09008493788914,0.130784624623624,0.130784624623624,0.130784624623624,completed,0,0
FB,AS002,AS002,primary,top_4_10,R1,FB_c009,heldout_LODO_prediction,0.2,0.994925353588265,0.09008493788914,0.123103275296271,0.123103275296271,0.123103275296271,completed,0,0
FB,AS002,AS002,primary,top_4_10,R1,FB_c009,heldout_LODO_prediction,0.2201,0.997814628077527,0.09008493788914,0.115421925968917,0.115421925968917,0.115421925968917,completed,0,0
FB,AS002,AS002,primary,top_4_10,R1,FB_c009,heldout_LODO_prediction,0.2402,0.999607124148769,0.09008493788914,0.107740576641564,0.107740576641564,0.107740576641564,completed,0,0
FB,AS002,AS002,primary,top_4_10,R1,FB_c009,heldout_LODO_prediction,0.2601,0.996484579622839,0.09008493788914,0.100135658650801,0.100135658650801,0.100135658650801,completed,0,0
FB,AS002,AS002,primary,top_4_10,R1,FB_c009,heldout_LODO_prediction,0.28,0.994065937663697,0.09008493788914,0.0925307406600386,0.0925307406600386,0.0925307406600386,completed,0,0
FB,AS002,AS002,primary,top_4_10,R1,FB_c009,heldout_LODO_prediction,0.3005,0.995314136982713,0.09008493788914,0.09008493788914,0.09008493788914,0.09008493788914,completed,0,0
FB,AS002,AS002,primary,top_4_10,R1,FB_c009,heldout_LODO_prediction,0.3205,0.997343995547407,0.09008493788914,0.09008493788914,0.09008493788914,0.09008493788914,completed,0,0
FB,AS002,AS002,primary,top_4_10,R1,FB_c009,heldout_LODO_prediction,0.3399,0.999296097433211,0.09008493788914,0.09008493788914,0.09008493788914,0.09008493788914,completed,0,0
FB,AS002,AS002,primary,top_4_10,R1,FB_c009,heldout_LODO_prediction,0.3606,0.998592194866422,0.09008493788914,0.09008493788914,0.09008493788914,0.09008493788914,completed,0,0
FB,AS002,AS002,primary,top_4_10,R1,FB_c009,heldout_LODO_prediction,0.3801,0.99312876506024,0.09008493788914,0.09008493788914,0.09008493788914,0.09008493788914,completed,0,0
FB,AS002,AS002,primary,top_4_10,R1,FB_c009,heldout_LODO_prediction,0.4,0.998358924829754,0.09008493788914,0.09008493788914,0.09008493788914,0.09008493788914,completed,0,0
FB,AS002,AS002,primary,top_4_10,R1,FB_c009,heldout_LODO_prediction,0.4208,0.997421752226296,0.09008493788914,0.09008493788914,0.09008493788914,0.09008493788914,completed,0,0
FB,AS002,AS002,primary,top_4_10,R1,FB_c009,heldout_LODO_prediction,0.4407,1.00444850052383,0.09008493788914,0.09008493788914,0.09008493788914,0.09008493788914,completed,0,0
FB,AS002,AS002,primary,top_4_10,R1,FB_c009,heldout_LODO_prediction,0.4607,0.996640092980618,0.09008493788914,0.09008493788914,0.09008493788914,0.09008493788914,completed,0,0
FB,AS002,AS002,primary,top_4_10,R1,FB_c009,heldout_LODO_prediction,0.4789,1.00187025275013,0.09008493788914,0.09008493788914,0.09008493788914,0.09008493788914,completed,0,0
FB,AS002,AS002,primary,top_4_10,R1,FB_c009,heldout_LODO_prediction,0.5004,0.997499508905186,0.09008493788914,0.09008493788914,0.09008493788914,0.09008493788914,completed,0,0
FB,AS002,AS002,primary,top_4_10,R1,FB_c009,heldout_LODO_prediction,0.5206,1.00234088528025,0.09008493788914,0.09008493788914,0.09008493788914,0.09008493788914,completed,0,0
FB,AS002,AS002,primary,top_4_10,R1,FB_c009,heldout_LODO_prediction,0.5401,1.00210761524358,0.09008493788914,0.09008493788914,0.09008493788914,0.09008493788914,completed,0,0
FB,AS002,AS002,primary,top_4_10,R1,FB_c009,heldout_LODO_prediction,0.5591,0.994299207700366,0.09008493788914,0.09008493788914,0.09008493788914,0.09008493788914,completed,0,0
FB,AS002,AS002,primary,top_4_10,R1,FB_c009,heldout_LODO_prediction,0.5808,0.999296097433211,0.09008493788914,0.09008493788914,0.09008493788914,0.09008493788914,completed,0,0
FB,AS002,AS002,primary,top_4_10,R1,FB_c009,heldout_LODO_prediction,0.6006,0.999218340754321,0.09008493788914,0.09008493788914,0.09008493788914,0.09008493788914,completed,0,0
FB,AS002,AS002,primary,top_4_10,R1,FB_c009,heldout_LODO_prediction,0.6203,0.99632906626506,0.09008493788914,0.09008493788914,0.09008493788914,0.09008493788914,completed,0,0
FB,AS002,AS002,primary,top_4_10,R1,FB_c009,heldout_LODO_prediction,0.6411,0.991254419853327,0.09008493788914,0.09008493788914,0.09008493788914,0.09008493788914,completed,0,0
FB,AS002,AS002,primary,top_4_10,R1,FB_c009,heldout_LODO_prediction,0.6604,0.997892384756417,0.09008493788914,0.09008493788914,0.09008493788914,0.09008493788914,completed,0,0
FB,AS002,AS002,primary,top_4_10,R1,FB_c009,heldout_LODO_prediction,0.6819,1.00382235463594,0.09008493788914,0.09008493788914,0.09008493788914,0.09008493788914,completed,0,0
FB,AS002,AS002,primary,top_4_10,R1,FB_c009,heldout_LODO_prediction,0.7011,0.998907314038764,0.09008493788914,0.09008493788914,0.09008493788914,0.09008493788914,completed,0,0
FB,AS002,AS002,primary,top_4_10,R1,FB_c009,heldout_LODO_prediction,0.7192,0.997032968831849,0.09008493788914,0.09008493788914,0.09008493788914,0.09008493788914,completed,0,0
FB,AS002,AS002,primary,top_4_10,R1,FB_c009,heldout_LODO_prediction,0.7406,1.00101492928235,0.09008493788914,0.09008493788914,0.09008493788914,0.09008493788914,completed,0,0
FB,AS002,AS002,primary,top_4_10,R1,FB_c009,heldout_LODO_prediction,0.7604,0.998514438187533,0.09008493788914,0.09008493788914,0.09008493788914,0.09008493788914,completed,0,0
FB,AS002,AS002,primary,top_4_10,R1,FB_c009,heldout_LODO_prediction,0.7796,1.00101492928235,0.09008493788914,0.09008493788914,0.09008493788914,0.09008493788914,completed,0,0
FB,AS002,AS002,primary,top_4_10,R1,FB_c009,heldout_LODO_prediction,0.7969,1.00795982844421,0.09008493788914,0.09008493788914,0.09008493788914,0.09008493788914,completed,0,0
FB,AS002,AS002,primary,top_4_10,R1,FB_c009,heldout_LODO_prediction,0.803,0.997814628077527,0.09008493788914,0.09008493788914,0.09008493788914,0.09008493788914,completed,0,0
FB,AS002,AS002,primary,top_4_10,R1,FB_c009,heldout_LODO_prediction,0.8178,1.0027296686747,0.09008493788914,0.09008493788914,0.09008493788914,0.09008493788914,completed,0,0
FB,AS002,AS002,primary,top_4_10,R1,FB_c009,heldout_LODO_prediction,0.8611,0.999218340754321,0.09008493788914,0.0902905076060087,0.0902905076060087,0.0902905076060087,completed,0,0
FB,AS002,AS002,primary,top_4_10,R1,FB_c009,heldout_LODO_prediction,0.8828,0.998436681508643,0.09008493788914,0.0916588704452879,0.0916588704452879,0.0916588704452879,completed,0,0
FB,AS002,AS002,primary,top_4_10,R1,FB_c009,heldout_LODO_prediction,0.901,1,0.09008493788914,0.0928065296008125,0.0928065296008125,0.0928065296008125,completed,0,0
FB,AS002,AS002,primary,top_4_10,R1,FB_c009,heldout_LODO_prediction,0.9204,1.0013259559979,0.09008493788914,0.0940298585907672,0.0940298585907672,0.0940298585907672,completed,0,0
FB,AS002,AS002,primary,top_4_10,R1,FB_c009,heldout_LODO_prediction,0.9416,0.998125654793085,0.09008493788914,0.0953666923323672,0.0953666923323672,0.0953666923323672,completed,0,0
FB,AS002,AS002,primary,top_4_10,R1,FB_c009,heldout_LODO_prediction,0.9603,1.00194800942902,0.09008493788914,0.096545880585571,0.096545880585571,0.096545880585571,completed,0,0
FB,AS002,AS002,primary,top_4_10,R1,FB_c009,heldout_LODO_prediction,0.9801,1.00148146935568,0.09008493788914,0.0977944328536691,0.0977944328536691,0.0977944328536691,completed,0,0
FB,AS002,AS002,primary,top_4_10,R1,FB_c009,heldout_LODO_prediction,1.0007,0.997421752226296,0.09008493788914,0.099093431678054,0.099093431678054,0.099093431678054,completed,0,0
FB,AS003,AS003,primary,bottom_3_9,R2,FB_c009,heldout_LODO_prediction,0.0482,1.01375313749178,0.102725901499408,0.192453311349467,0.192453311349467,0.192453311349467,completed,0,0
FB,AS003,AS003,primary,bottom_3_9,R2,FB_c009,heldout_LODO_prediction,0.0598,1.01343641064165,0.102725901499408,0.18789323268896,0.18789323268896,0.18789323268896,completed,0,0
FB,AS003,AS003,primary,bottom_3_9,R2,FB_c009,heldout_LODO_prediction,0.0791,1.01301640329692,0.102725901499408,0.180306205262427,0.180306205262427,0.180306205262427,completed,0,0
FB,AS003,AS003,primary,bottom_3_9,R2,FB_c009,heldout_LODO_prediction,0.0983,1.01171432603899,0.102725901499408,0.17275848885883,0.17275848885883,0.17275848885883,completed,0,0
FB,AS003,AS003,primary,bottom_3_9,R2,FB_c009,heldout_LODO_prediction,0.1181,1.01071604377296,0.102725901499408,0.16497490631762,0.16497490631762,0.16497490631762,completed,0,0
FB,AS003,AS003,primary,bottom_3_9,R2,FB_c009,heldout_LODO_prediction,0.1386,1.00976595444391,0.102725901499408,0.156916146615862,0.156916146615862,0.156916146615862,completed,0,0
FB,AS003,AS003,primary,bottom_3_9,R2,FB_c009,heldout_LODO_prediction,0.1592,1.0092427168424,0.102725901499408,0.148818075891169,0.148818075891169,0.148818075891169,completed,0,0
FB,AS003,AS003,primary,bottom_3_9,R2,FB_c009,heldout_LODO_prediction,0.1799,1.00908436862089,0.102725901499408,0.14068069414354,0.14068069414354,0.14068069414354,completed,0,0
FB,AS003,AS003,primary,bottom_3_9,R2,FB_c009,heldout_LODO_prediction,0.2001,1.0078244675541,0.102725901499408,0.132739867510589,0.132739867510589,0.132739867510589,completed,0,0
FB,AS003,AS003,primary,bottom_3_9,R2,FB_c009,heldout_LODO_prediction,0.2202,1.0078244675541,0.102725901499408,0.124838351900573,0.124838351900573,0.124838351900573,completed,0,0
FB,AS003,AS003,primary,bottom_3_9,R2,FB_c009,heldout_LODO_prediction,0.2399,1.00734942288958,0.102725901499408,0.117094080382298,0.117094080382298,0.117094080382298,completed,0,0
FB,AS003,AS003,primary,bottom_3_9,R2,FB_c009,heldout_LODO_prediction,0.2602,1.00692945586732,0.102725901499408,0.109113942726411,0.109113942726411,0.109113942726411,completed,0,0
FB,AS003,AS003,primary,bottom_3_9,R2,FB_c009,heldout_LODO_prediction,0.2798,1.00635802532883,0.102725901499408,0.102725901499408,0.102725901499408,0.102725901499408,completed,0,0
FB,AS003,AS003,primary,bottom_3_9,R2,FB_c009,heldout_LODO_prediction,0.3002,1.00646129590807,0.102725901499408,0.102725901499408,0.102725901499408,0.102725901499408,completed,0,0
FB,AS003,AS003,primary,bottom_3_9,R2,FB_c009,heldout_LODO_prediction,0.3202,1.00598625124355,0.102725901499408,0.102725901499408,0.102725901499408,0.102725901499408,completed,0,0
FB,AS003,AS003,primary,bottom_3_9,R2,FB_c009,heldout_LODO_prediction,0.3406,1.00598625124355,0.102725901499408,0.102725901499408,0.102725901499408,0.102725901499408,completed,0,0
FB,AS003,AS003,primary,bottom_3_9,R2,FB_c009,heldout_LODO_prediction,0.3604,1.0046712725345,0.102725901499408,0.102725901499408,0.102725901499408,0.102725901499408,completed,0,0
FB,AS003,AS003,primary,bottom_3_9,R2,FB_c009,heldout_LODO_prediction,0.3797,1.0046712725345,0.102725901499408,0.102725901499408,0.102725901499408,0.102725901499408,completed,0,0
FB,AS003,AS003,primary,bottom_3_9,R2,FB_c009,heldout_LODO_prediction,0.4006,1.003783145553,0.102725901499408,0.102725901499408,0.102725901499408,0.102725901499408,completed,0,0
FB,AS003,AS003,primary,bottom_3_9,R2,FB_c009,heldout_LODO_prediction,0.4195,1.00556628422129,0.102725901499408,0.102725901499408,0.102725901499408,0.102725901499408,completed,0,0
FB,AS003,AS003,primary,bottom_3_9,R2,FB_c009,heldout_LODO_prediction,0.4398,1.00451292431299,0.102725901499408,0.102725901499408,0.102725901499408,0.102725901499408,completed,0,0
FB,AS003,AS003,primary,bottom_3_9,R2,FB_c009,heldout_LODO_prediction,0.4595,1.00446473137601,0.102725901499408,0.102725901499408,0.102725901499408,0.102725901499408,completed,0,0
FB,AS003,AS003,primary,bottom_3_9,R2,FB_c009,heldout_LODO_prediction,0.4801,1.00299140444546,0.102725901499408,0.102725901499408,0.102725901499408,0.102725901499408,completed,0,0
FB,AS003,AS003,primary,bottom_3_9,R2,FB_c009,heldout_LODO_prediction,0.4991,1.00388641613224,0.102725901499408,0.102725901499408,0.102725901499408,0.102725901499408,completed,0,0
FB,AS003,AS003,primary,bottom_3_9,R2,FB_c009,heldout_LODO_prediction,0.5194,1.00346644910998,0.102725901499408,0.102725901499408,0.102725901499408,0.102725901499408,completed,0,0
FB,AS003,AS003,primary,bottom_3_9,R2,FB_c009,heldout_LODO_prediction,0.5404,1.00362479733149,0.102725901499408,0.102725901499408,0.102725901499408,0.102725901499408,completed,0,0
FB,AS003,AS003,primary,bottom_3_9,R2,FB_c009,heldout_LODO_prediction,0.56,1.00330810088847,0.102725901499408,0.102725901499408,0.102725901499408,0.102725901499408,completed,0,0
FB,AS003,AS003,primary,bottom_3_9,R2,FB_c009,heldout_LODO_prediction,0.5804,1.00320483030923,0.102725901499408,0.102725901499408,0.102725901499408,0.102725901499408,completed,0,0
FB,AS003,AS003,primary,bottom_3_9,R2,FB_c009,heldout_LODO_prediction,0.599,1.00310155972998,0.102725901499408,0.102725901499408,0.102725901499408,0.102725901499408,completed,0,0
FB,AS003,AS003,primary,bottom_3_9,R2,FB_c009,heldout_LODO_prediction,0.6194,1.00210327746395,0.102725901499408,0.102725901499408,0.102725901499408,0.102725901499408,completed,0,0
FB,AS003,AS003,primary,bottom_3_9,R2,FB_c009,heldout_LODO_prediction,0.6405,1.00225474098017,0.102725901499408,0.102725901499408,0.102725901499408,0.102725901499408,completed,0,0
FB,AS003,AS003,primary,bottom_3_9,R2,FB_c009,heldout_LODO_prediction,0.6598,1.00225474098017,0.102725901499408,0.102725901499408,0.102725901499408,0.102725901499408,completed,0,0
FB,AS003,AS003,primary,bottom_3_9,R2,FB_c009,heldout_LODO_prediction,0.6807,1.00157315515716,0.102725901499408,0.102725901499408,0.102725901499408,0.102725901499408,completed,0,0
FB,AS003,AS003,primary,bottom_3_9,R2,FB_c009,heldout_LODO_prediction,0.699,1.00210327746395,0.102725901499408,0.102725901499408,0.102725901499408,0.102725901499408,completed,0,0
FB,AS003,AS003,primary,bottom_3_9,R2,FB_c009,heldout_LODO_prediction,0.72,1.00178658102093,0.102725901499408,0.102725901499408,0.102725901499408,0.102725901499408,completed,0,0
FB,AS003,AS003,primary,bottom_3_9,R2,FB_c009,heldout_LODO_prediction,0.7391,1.00104991755565,0.102725901499408,0.102725901499408,0.102725901499408,0.102725901499408,completed,0,0
FB,AS003,AS003,primary,bottom_3_9,R2,FB_c009,heldout_LODO_prediction,0.7596,1.00104991755565,0.102725901499408,0.102725901499408,0.102725901499408,0.102725901499408,completed,0,0
FB,AS003,AS003,primary,bottom_3_9,R2,FB_c009,heldout_LODO_prediction,0.7806,1.00194492924244,0.102725901499408,0.102725901499408,0.102725901499408,0.102725901499408,completed,0,0
FB,AS003,AS003,primary,bottom_3_9,R2,FB_c009,heldout_LODO_prediction,0.7849,1.00031325409038,0.102725901499408,0.102725901499408,0.102725901499408,0.102725901499408,completed,0,0
FB,AS003,AS003,primary,bottom_3_9,R2,FB_c009,heldout_LODO_prediction,0.7987,1.00110499519792,0.102725901499408,0.102725901499408,0.102725901499408,0.102725901499408,completed,0,0
FB,AS003,AS003,primary,bottom_3_9,R2,FB_c009,heldout_LODO_prediction,0.8418,1.00068502817566,0.102725901499408,0.104042323238228,0.104042323238228,0.104042323238228,completed,0,0
FB,AS003,AS003,primary,bottom_3_9,R2,FB_c009,heldout_LODO_prediction,0.8613,0.999418242403587,0.102725901499408,0.10550501405914,0.10550501405914,0.10550501405914,completed,0,0
FB,AS003,AS003,primary,bottom_3_9,R2,FB_c009,heldout_LODO_prediction,0.8779,1.00005163528962,0.102725901499408,0.106750176501557,0.106750176501557,0.106750176501557,completed,0,0
FB,AS003,AS003,primary,bottom_3_9,R2,FB_c009,heldout_LODO_prediction,0.9012,0.999948364710378,0.102725901499408,0.108497904508082,0.108497904508082,0.108497904508082,completed,0,0
FB,AS003,AS003,primary,bottom_3_9,R2,FB_c009,heldout_LODO_prediction,0.9196,0.999948364710378,0.102725901499408,0.109878084564737,0.109878084564737,0.109878084564737,completed,0,0
FB,AS003,AS003,primary,bottom_3_9,R2,FB_c009,heldout_LODO_prediction,0.9407,0.998998275381328,0.102725901499408,0.111460791042749,0.111460791042749,0.111460791042749,completed,0,0
FB,AS003,AS003,primary,bottom_3_9,R2,FB_c009,heldout_LODO_prediction,0.9612,0.998578308359065,0.102725901499408,0.112998491649349,0.112998491649349,0.112998491649349,completed,0,0
FB,AS004,AS004,primary,top_4_10,R1,FB_c009,heldout_LODO_prediction,0.06,0.0163491245559441,0.0766551965314274,0.168989676878285,0.168989676878285,0.168989676878285,completed,0,0
FB,AS004,AS004,primary,top_4_10,R1,FB_c009,heldout_LODO_prediction,0.0801,0.0221247551064739,0.0766551965314274,0.159941910613949,0.159941910613949,0.159941910613949,completed,0,0
FB,AS004,AS004,primary,top_4_10,R1,FB_c009,heldout_LODO_prediction,0.0999,0.00646083482937367,0.0766551965314274,0.151029185637141,0.151029185637141,0.151029185637141,completed,0,0
FB,AS004,AS004,primary,top_4_10,R1,FB_c009,heldout_LODO_prediction,0.1203,0.0117052053498566,0.0766551965314274,0.141846378085278,0.141846378085278,0.141846378085278,completed,0,0
FB,AS004,AS004,primary,top_4_10,R1,FB_c009,heldout_LODO_prediction,0.14,0.0184606662609346,0.0766551965314274,0.132978666870979,0.132978666870979,0.132978666870979,completed,0,0
FB,AS004,AS004,primary,top_4_10,R1,FB_c009,heldout_LODO_prediction,0.1601,0.00842510043351606,0.0766551965314274,0.123930900606643,0.123930900606643,0.123930900606643,completed,0,0
FB,AS004,AS004,primary,top_4_10,R1,FB_c009,heldout_LODO_prediction,0.1801,0.0211614626921217,0.0766551965314274,0.114928148104817,0.114928148104817,0.114928148104817,completed,0,0
FB,AS004,AS004,primary,top_4_10,R1,FB_c009,heldout_LODO_prediction,0.2001,0.120345898469837,0.0766551965314274,0.105925395602991,0.105925395602991,0.105925395602991,completed,0,0
FB,AS004,AS004,primary,top_4_10,R1,FB_c009,heldout_LODO_prediction,0.2202,0.422328914305196,0.0766551965314274,0.096877629338655,0.096877629338655,0.096877629338655,completed,0,0
FB,AS004,AS004,primary,top_4_10,R1,FB_c009,heldout_LODO_prediction,0.2397,0.616052424276574,0.0766551965314274,0.0880999456493742,0.0880999456493742,0.0880999456493742,completed,0,0
FB,AS004,AS004,primary,top_4_10,R1,FB_c009,heldout_LODO_prediction,0.2599,0.787570218056837,0.0766551965314274,0.0790071656225295,0.0790071656225295,0.0790071656225295,completed,0,0
FB,AS004,AS004,primary,top_4_10,R1,FB_c009,heldout_LODO_prediction,0.2796,0.873066906931596,0.0766551965314274,0.0766551965314274,0.0766551965314274,0.0766551965314274,completed,0,0
FB,AS004,AS004,primary,top_4_10,R1,FB_c009,heldout_LODO_prediction,0.2998,0.927241101818192,0.0766551965314274,0.0766551965314274,0.0766551965314274,0.0766551965314274,completed,0,0
FB,AS004,AS004,primary,top_4_10,R1,FB_c009,heldout_LODO_prediction,0.3198,0.968627544574351,0.0766551965314274,0.0766551965314274,0.0766551965314274,0.0766551965314274,completed,0,0
FB,AS004,AS004,primary,top_4_10,R1,FB_c009,heldout_LODO_prediction,0.3401,0.984946659101492,0.0766551965314274,0.0766551965314274,0.0766551965314274,0.0766551965314274,completed,0,0
FB,AS004,AS004,primary,top_4_10,R1,FB_c009,heldout_LODO_prediction,0.3599,1.00302635054138,0.0766551965314274,0.0766551965314274,0.0766551965314274,0.0766551965314274,completed,0,0
FB,AS004,AS004,primary,top_4_10,R1,FB_c009,heldout_LODO_prediction,0.3801,0.992088250846286,0.0766551965314274,0.0766551965314274,0.0766551965314274,0.0766551965314274,completed,0,0
FB,AS004,AS004,primary,top_4_10,R1,FB_c009,heldout_LODO_prediction,0.4001,0.986771685157217,0.0766551965314274,0.0766551965314274,0.0766551965314274,0.0766551965314274,completed,0,0
FB,AS004,AS004,primary,top_4_10,R1,FB_c009,heldout_LODO_prediction,0.4203,0.972041375387201,0.0766551965314274,0.0766551965314274,0.0766551965314274,0.0766551965314274,completed,0,0
FB,AS004,AS004,primary,top_4_10,R1,FB_c009,heldout_LODO_prediction,0.4402,0.978380252774682,0.0766551965314274,0.0766551965314274,0.0766551965314274,0.0766551965314274,completed,0,0
FB,AS004,AS004,primary,top_4_10,R1,FB_c009,heldout_LODO_prediction,0.4604,0.962293300567854,0.0766551965314274,0.0766551965314274,0.0766551965314274,0.0766551965314274,completed,0,0
FB,AS004,AS004,primary,top_4_10,R1,FB_c009,heldout_LODO_prediction,0.4795,0.942005000754996,0.0766551965314274,0.0766551965314274,0.0766551965314274,0.0766551965314274,completed,0,0
FB,AS004,AS004,primary,top_4_10,R1,FB_c009,heldout_LODO_prediction,0.4997,0.95578252565068,0.0766551965314274,0.0766551965314274,0.0766551965314274,0.0766551965314274,completed,0,0
FB,AS004,AS004,primary,top_4_10,R1,FB_c009,heldout_LODO_prediction,0.5194,0.947377728877993,0.0766551965314274,0.0766551965314274,0.0766551965314274,0.0766551965314274,completed,0,0
FB,AS004,AS004,primary,top_4_10,R1,FB_c009,heldout_LODO_prediction,0.5408,0.963199390325209,0.0766551965314274,0.0766551965314274,0.0766551965314274,0.0766551965314274,completed,0,0
FB,AS004,AS004,primary,top_4_10,R1,FB_c009,heldout_LODO_prediction,0.5608,0.969614032338558,0.0766551965314274,0.0766551965314274,0.0766551965314274,0.0766551965314274,completed,0,0
FB,AS004,AS004,primary,top_4_10,R1,FB_c009,heldout_LODO_prediction,0.5801,0.973897986003505,0.0766551965314274,0.0766551965314274,0.0766551965314274,0.0766551965314274,completed,0,0
FB,AS004,AS004,primary,top_4_10,R1,FB_c009,heldout_LODO_prediction,0.6001,0.980627453283256,0.0766551965314274,0.0766551965314274,0.0766551965314274,0.0766551965314274,completed,0,0
FB,AS004,AS004,primary,top_4_10,R1,FB_c009,heldout_LODO_prediction,0.6197,0.983366501416841,0.0766551965314274,0.0766551965314274,0.0766551965314274,0.0766551965314274,completed,0,0
FB,AS004,AS004,primary,top_4_10,R1,FB_c009,heldout_LODO_prediction,0.6394,0.983399924452583,0.0766551965314274,0.0766551965314274,0.0766551965314274,0.0766551965314274,completed,0,0
FB,AS004,AS004,primary,top_4_10,R1,FB_c009,heldout_LODO_prediction,0.6599,1.00804069384992,0.0766551965314274,0.0766551965314274,0.0766551965314274,0.0766551965314274,completed,0,0
FB,AS004,AS004,primary,top_4_10,R1,FB_c009,heldout_LODO_prediction,0.6795,1.00123451781783,0.0766551965314274,0.0766551965314274,0.0766551965314274,0.0766551965314274,completed,0,0
FB,AS004,AS004,primary,top_4_10,R1,FB_c009,heldout_LODO_prediction,0.6995,0.998204227880565,0.0766551965314274,0.0766551965314274,0.0766551965314274,0.0766551965314274,completed,0,0
FB,AS004,AS004,primary,top_4_10,R1,FB_c009,heldout_LODO_prediction,0.719,1,0.0766551965314274,0.0766551965314274,0.0766551965314274,0.0766551965314274,completed,0,0
FB,AS004,AS004,primary,top_4_10,R1,FB_c009,heldout_LODO_prediction,0.7407,1.0066877751729,0.0766551965314274,0.0766551965314274,0.0766551965314274,0.0766551965314274,completed,0,0
FB,AS004,AS004,primary,top_4_10,R1,FB_c009,heldout_LODO_prediction,0.7601,1.00282003429814,0.0766551965314274,0.0768218044133868,0.0768218044133868,0.0768218044133868,completed,0,0
FB,AS004,AS004,primary,top_4_10,R1,FB_c009,heldout_LODO_prediction,0.78,0.997786526767017,0.0766551965314274,0.0780612424885243,0.0780612424885243,0.0780612424885243,completed,0,0
FB,AS004,AS004,primary,top_4_10,R1,FB_c009,heldout_LODO_prediction,0.8,0.99846837600157,0.0766551965314274,0.0793069088956976,0.0793069088956976,0.0793069088956976,completed,0,0
FB,AS004,AS004,primary,top_4_10,R1,FB_c009,heldout_LODO_prediction,0.8197,0.995150781726341,0.0766551965314274,0.0805338903067633,0.0805338903067633,0.0805338903067633,completed,0,0
FB,AS004,AS004,primary,top_4_10,R1,FB_c009,heldout_LODO_prediction,0.8382,0.99503471772094,0.0766551965314274,0.0816861317333986,0.0816861317333986,0.0816861317333986,completed,0,0
FB,AS004,AS004,primary,top_4_10,R1,FB_c009,heldout_LODO_prediction,0.8608,1.01889916985874,0.0766551965314274,0.0830937347735044,0.0830937347735044,0.0830937347735044,completed,0,0
FB,AS004,AS004,primary,top_4_10,R1,FB_c009,heldout_LODO_prediction,0.8805,1.01187429084557,0.0766551965314274,0.0843207161845701,0.0843207161845701,0.0843207161845701,completed,0,0
FB,AS004,AS004,secondary,bottom_3_9,R2,FB_c009,heldout_LODO_prediction,0.06,0.00597616075041147,0.0766551965314274,0.168989676878285,0.168989676878285,0.168989676878285,completed,0,0
FB,AS004,AS004,secondary,bottom_3_9,R2,FB_c009,heldout_LODO_prediction,0.0801,0.00445815084071015,0.0766551965314274,0.159941910613949,0.159941910613949,0.159941910613949,completed,0,0
FB,AS004,AS004,secondary,bottom_3_9,R2,FB_c009,heldout_LODO_prediction,0.0999,0.00604584683539653,0.0766551965314274,0.151029185637141,0.151029185637141,0.151029185637141,completed,0,0
FB,AS004,AS004,secondary,bottom_3_9,R2,FB_c009,heldout_LODO_prediction,0.1203,0.0262368507283366,0.0766551965314274,0.141846378085278,0.141846378085278,0.141846378085278,completed,0,0
FB,AS004,AS004,secondary,bottom_3_9,R2,FB_c009,heldout_LODO_prediction,0.14,0.0337436284888956,0.0766551965314274,0.132978666870979,0.132978666870979,0.132978666870979,completed,0,0
FB,AS004,AS004,secondary,bottom_3_9,R2,FB_c009,heldout_LODO_prediction,0.1601,0.0606116391029956,0.0766551965314274,0.123930900606643,0.123930900606643,0.123930900606643,completed,0,0
FB,AS004,AS004,secondary,bottom_3_9,R2,FB_c009,heldout_LODO_prediction,0.1801,0.142264988562491,0.0766551965314274,0.114928148104817,0.114928148104817,0.114928148104817,completed,0,0
FB,AS004,AS004,secondary,bottom_3_9,R2,FB_c009,heldout_LODO_prediction,0.2001,0.183477377595455,0.0766551965314274,0.105925395602991,0.105925395602991,0.105925395602991,completed,0,0
FB,AS004,AS004,secondary,bottom_3_9,R2,FB_c009,heldout_LODO_prediction,0.2202,0.3257645736428,0.0766551965314274,0.096877629338655,0.096877629338655,0.096877629338655,completed,0,0
FB,AS004,AS004,secondary,bottom_3_9,R2,FB_c009,heldout_LODO_prediction,0.2397,0.464320387072748,0.0766551965314274,0.0880999456493742,0.0880999456493742,0.0880999456493742,completed,0,0
FB,AS004,AS004,secondary,bottom_3_9,R2,FB_c009,heldout_LODO_prediction,0.2599,0.603297604893819,0.0766551965314274,0.0790071656225295,0.0790071656225295,0.0790071656225295,completed,0,0
FB,AS004,AS004,secondary,bottom_3_9,R2,FB_c009,heldout_LODO_prediction,0.2796,0.686325288265254,0.0766551965314274,0.0766551965314274,0.0766551965314274,0.0766551965314274,completed,0,0
FB,AS004,AS004,secondary,bottom_3_9,R2,FB_c009,heldout_LODO_prediction,0.2998,0.700347294527864,0.0766551965314274,0.0766551965314274,0.0766551965314274,0.0766551965314274,completed,0,0
FB,AS004,AS004,secondary,bottom_3_9,R2,FB_c009,heldout_LODO_prediction,0.3198,0.747689718826464,0.0766551965314274,0.0766551965314274,0.0766551965314274,0.0766551965314274,completed,0,0
FB,AS004,AS004,secondary,bottom_3_9,R2,FB_c009,heldout_LODO_prediction,0.3401,0.769522160112632,0.0766551965314274,0.0766551965314274,0.0766551965314274,0.0766551965314274,completed,0,0
FB,AS004,AS004,secondary,bottom_3_9,R2,FB_c009,heldout_LODO_prediction,0.3599,0.80785368927162,0.0766551965314274,0.0766551965314274,0.0766551965314274,0.0766551965314274,completed,0,0
FB,AS004,AS004,secondary,bottom_3_9,R2,FB_c009,heldout_LODO_prediction,0.3801,0.853453519715556,0.0766551965314274,0.0766551965314274,0.0766551965314274,0.0766551965314274,completed,0,0
FB,AS004,AS004,secondary,bottom_3_9,R2,FB_c009,heldout_LODO_prediction,0.4001,0.88840177333201,0.0766551965314274,0.0766551965314274,0.0766551965314274,0.0766551965314274,completed,0,0
FB,AS004,AS004,secondary,bottom_3_9,R2,FB_c009,heldout_LODO_prediction,0.4203,0.913346872570444,0.0766551965314274,0.0766551965314274,0.0766551965314274,0.0766551965314274,completed,0,0
FB,AS004,AS004,secondary,bottom_3_9,R2,FB_c009,heldout_LODO_prediction,0.4402,0.933785910451369,0.0766551965314274,0.0766551965314274,0.0766551965314274,0.0766551965314274,completed,0,0
FB,AS004,AS004,secondary,bottom_3_9,R2,FB_c009,heldout_LODO_prediction,0.4604,0.933980157244377,0.0766551965314274,0.0766551965314274,0.0766551965314274,0.0766551965314274,completed,0,0
FB,AS004,AS004,secondary,bottom_3_9,R2,FB_c009,heldout_LODO_prediction,0.4795,0.94077150899414,0.0766551965314274,0.0766551965314274,0.0766551965314274,0.0766551965314274,completed,0,0
FB,AS004,AS004,secondary,bottom_3_9,R2,FB_c009,heldout_LODO_prediction,0.4997,0.963457849243647,0.0766551965314274,0.0766551965314274,0.0766551965314274,0.0766551965314274,completed,0,0
FB,AS004,AS004,secondary,bottom_3_9,R2,FB_c009,heldout_LODO_prediction,0.5194,0.961185510433705,0.0766551965314274,0.0766551965314274,0.0766551965314274,0.0766551965314274,completed,0,0
FB,AS004,AS004,secondary,bottom_3_9,R2,FB_c009,heldout_LODO_prediction,0.5408,0.970861868981005,0.0766551965314274,0.0766551965314274,0.0766551965314274,0.0766551965314274,completed,0,0
FB,AS004,AS004,secondary,bottom_3_9,R2,FB_c009,heldout_LODO_prediction,0.5608,0.971716381423416,0.0766551965314274,0.0766551965314274,0.0766551965314274,0.0766551965314274,completed,0,0
FB,AS004,AS004,secondary,bottom_3_9,R2,FB_c009,heldout_LODO_prediction,0.5801,0.968671288149577,0.0766551965314274,0.0766551965314274,0.0766551965314274,0.0766551965314274,completed,0,0
FB,AS004,AS004,secondary,bottom_3_9,R2,FB_c009,heldout_LODO_prediction,0.6001,0.989695793958056,0.0766551965314274,0.0766551965314274,0.0766551965314274,0.0766551965314274,completed,0,0
FB,AS004,AS004,secondary,bottom_3_9,R2,FB_c009,heldout_LODO_prediction,0.6197,0.973226940060118,0.0766551965314274,0.0766551965314274,0.0766551965314274,0.0766551965314274,completed,0,0
FB,AS004,AS004,secondary,bottom_3_9,R2,FB_c009,heldout_LODO_prediction,0.6394,0.989827262263897,0.0766551965314274,0.0766551965314274,0.0766551965314274,0.0766551965314274,completed,0,0
FB,AS004,AS004,secondary,bottom_3_9,R2,FB_c009,heldout_LODO_prediction,0.6599,0.990305965806532,0.0766551965314274,0.0766551965314274,0.0766551965314274,0.0766551965314274,completed,0,0
FB,AS004,AS004,secondary,bottom_3_9,R2,FB_c009,heldout_LODO_prediction,0.6795,0.98331377165572,0.0766551965314274,0.0766551965314274,0.0766551965314274,0.0766551965314274,completed,0,0
FB,AS004,AS004,secondary,bottom_3_9,R2,FB_c009,heldout_LODO_prediction,0.6995,0.998746931366054,0.0766551965314274,0.0766551965314274,0.0766551965314274,0.0766551965314274,completed,0,0
FB,AS004,AS004,secondary,bottom_3_9,R2,FB_c009,heldout_LODO_prediction,0.719,0.996313226963759,0.0766551965314274,0.0766551965314274,0.0766551965314274,0.0766551965314274,completed,0,0
FB,AS004,AS004,secondary,bottom_3_9,R2,FB_c009,heldout_LODO_prediction,0.7407,1.00308824558247,0.0766551965314274,0.0766551965314274,0.0766551965314274,0.0766551965314274,completed,0,0
FB,AS004,AS004,secondary,bottom_3_9,R2,FB_c009,heldout_LODO_prediction,0.7601,0.997672444035445,0.0766551965314274,0.0768218044133868,0.0768218044133868,0.0768218044133868,completed,0,0
FB,AS004,AS004,secondary,bottom_3_9,R2,FB_c009,heldout_LODO_prediction,0.78,1,0.0766551965314274,0.0780612424885243,0.0780612424885243,0.0780612424885243,completed,0,0
FB,AS004,AS004,secondary,bottom_3_9,R2,FB_c009,heldout_LODO_prediction,0.8,1.00619352694564,0.0766551965314274,0.0793069088956976,0.0793069088956976,0.0793069088956976,completed,0,0
FB,AS004,AS004,secondary,bottom_3_9,R2,FB_c009,heldout_LODO_prediction,0.8197,0.994130335682866,0.0766551965314274,0.0805338903067633,0.0805338903067633,0.0805338903067633,completed,0,0
FB,AS004,AS004,secondary,bottom_3_9,R2,FB_c009,heldout_LODO_prediction,0.8382,1.01306303194245,0.0766551965314274,0.0816861317333986,0.0816861317333986,0.0816861317333986,completed,0,0
FB,AS004,AS004,secondary,bottom_3_9,R2,FB_c009,heldout_LODO_prediction,0.8608,0.991963793811628,0.0766551965314274,0.0830937347735044,0.0830937347735044,0.0830937347735044,completed,0,0
FB,AS004,AS004,secondary,bottom_3_9,R2,FB_c009,heldout_LODO_prediction,0.8805,1.01371385792446,0.0766551965314274,0.0843207161845701,0.0843207161845701,0.0843207161845701,completed,0,0
FB,AS005,AS005,primary,top_4_10,R1,FB_c009,heldout_LODO_prediction,0.049,0.0484780381697647,0.196684461489482,0.277016015340534,0.277016015340534,0.277016015340536,completed,0,0
FB,AS005,AS005,primary,top_4_10,R1,FB_c009,heldout_LODO_prediction,0.0793,0.0502687407768436,0.196684461489482,0.274793142206573,0.274793142206573,0.274793142206576,completed,0,0
FB,AS005,AS005,primary,top_4_10,R1,FB_c009,heldout_LODO_prediction,0.0993,0.0523342765209464,0.196684461489482,0.27332589921386,0.27332589921386,0.273325899213864,completed,0,0
FB,AS005,AS005,primary,top_4_10,R1,FB_c009,heldout_LODO_prediction,0.1389,0.0626637603852177,0.196684461489483,0.270420758088289,0.270420758088288,0.270420758088293,completed,0,0
FB,AS005,AS005,primary,top_4_10,R1,FB_c009,heldout_LODO_prediction,0.1788,0.0677592299256732,0.196684461489483,0.267493608317826,0.267493608317825,0.267493608317833,completed,0,0
FB,AS005,AS005,primary,top_4_10,R1,FB_c009,heldout_LODO_prediction,0.2002,0.0695494812468128,0.196684461489483,0.265923658315622,0.265923658315621,0.265923658315631,completed,0,0
FB,AS005,AS005,primary,top_4_10,R1,FB_c009,heldout_LODO_prediction,0.2401,0.0716159195627942,0.196684461489484,0.26299650854516,0.262996508545158,0.262996508545174,completed,0,0
FB,AS005,AS005,primary,top_4_10,R1,FB_c009,heldout_LODO_prediction,0.2801,0.0721664884087207,0.196684461489486,0.260062022559736,0.260062022559733,0.260062022559754,completed,0,0
FB,AS005,AS005,primary,top_4_10,R1,FB_c009,heldout_LODO_prediction,0.3201,0.0731308864609705,0.196684461489488,0.257127536574311,0.257127536574306,0.257127536574338,completed,0,0
FB,AS005,AS005,primary,top_4_10,R1,FB_c009,heldout_LODO_prediction,0.3398,0.0731308864609705,0.196684461489489,0.255682302226489,0.255682302226485,0.255682302226523,completed,0,0
FB,AS005,AS005,primary,top_4_10,R1,FB_c009,heldout_LODO_prediction,0.3805,0.0727175085405864,0.196684461489492,0.252696462736321,0.252696462736314,0.25269646273637,completed,0,0
FB,AS005,AS005,primary,top_4_10,R1,FB_c009,heldout_LODO_prediction,0.42,0.0716159195627942,0.196684461489497,0.249798657825717,0.249798657825706,0.249798657825788,completed,0,0
FB,AS005,AS005,primary,top_4_10,R1,FB_c009,heldout_LODO_prediction,0.4394,0.0717535617742758,0.1966844614895,0.248375432122788,0.248375432122775,0.248375432122873,completed,0,0
FB,AS005,AS005,primary,top_4_10,R1,FB_c009,heldout_LODO_prediction,0.4801,0.07120254164241,0.196684461489509,0.245389592632624,0.245389592632607,0.245389592632749,completed,0,0
FB,AS005,AS005,primary,top_4_10,R1,FB_c009,heldout_LODO_prediction,0.521,0.07120254164241,0.196684461489522,0.242389080712538,0.242389080712512,0.24238908071272,completed,0,0
FB,AS005,AS005,primary,top_4_10,R1,FB_c009,heldout_LODO_prediction,0.5407,0.0717535617742758,0.19668446148953,0.240943846364723,0.240943846364692,0.240943846364942,completed,0,0
FB,AS005,AS005,primary,top_4_10,R1,FB_c009,heldout_LODO_prediction,0.581,0.0743701176502444,0.196684461489552,0.237987351734427,0.237987351734381,0.237987351734746,completed,0,0
FB,AS005,AS005,primary,top_4_10,R1,FB_c009,heldout_LODO_prediction,0.6194,0.0796036806881208,0.196684461489583,0.235170245188447,0.235170245188381,0.235170245188904,completed,0,0
FB,AS005,AS005,primary,top_4_10,R1,FB_c009,heldout_LODO_prediction,0.66,0.0844238658056131,0.196684461489629,0.232191741913284,0.232191741913186,0.232191741913953,completed,0,0
FB,AS005,AS005,primary,top_4_10,R1,FB_c009,heldout_LODO_prediction,0.6795,0.0863517593382343,0.196684461489658,0.230761179995416,0.2307611799953,0.230761179996221,completed,0,0
FB,AS005,AS005,primary,top_4_10,R1,FB_c009,heldout_LODO_prediction,0.7197,0.0899327132664528,0.196684461489738,0.22781202158014,0.22781202157997,0.227812021581313,completed,0,0
FB,AS005,AS005,primary,top_4_10,R1,FB_c009,heldout_LODO_prediction,0.76,0.0970941698369504,0.196684461489855,0.224855526949937,0.224855526949688,0.224855526951649,completed,0,0
FB,AS005,AS005,primary,top_4_10,R1,FB_c009,heldout_LODO_prediction,0.7793,0.101914354954443,0.196684461489928,0.22343963746204,0.223439637461742,0.223439637464092,completed,0,0
FB,AS005,AS005,primary,top_4_10,R1,FB_c009,heldout_LODO_prediction,0.8212,0.114034090139854,0.196684461490141,0.220365763392514,0.220365763392072,0.220365763395555,completed,0,0
FB,AS005,AS005,primary,top_4_10,R1,FB_c009,heldout_LODO_prediction,0.8613,0.145435017081173,0.196684461490439,0.217423941192416,0.217423941191772,0.217423941196849,completed,0,0
FB,AS005,AS005,primary,top_4_10,R1,FB_c009,heldout_LODO_prediction,0.8789,0.190332101322719,0.196684461490609,0.216132767358996,0.216132767358237,0.216132767364225,completed,0,0
FB,AS005,AS005,primary,top_4_10,R1,FB_c009,heldout_LODO_prediction,0.919,0.336455780747239,0.196684461491118,0.213190945159109,0.213190945158003,0.213190945166732,completed,0,0
FB,AS005,AS005,primary,top_4_10,R1,FB_c009,heldout_LODO_prediction,0.9475,0.422945182296955,0.196684461491615,0.211100123894985,0.211100123893539,0.21110012390495,completed,0,0
FB,AS005,AS005,primary,top_4_10,R1,FB_c009,heldout_LODO_prediction,0.9494,0.418950850448353,0.196684461491653,0.210960735810715,0.210960735809242,0.210960735820859,completed,0,0
FB,AS005,AS005,primary,top_4_10,R1,FB_c009,heldout_LODO_prediction,0.9522,0.431070585633763,0.19668446149171,0.210755321791791,0.21075532179028,0.210755321802207,completed,0,0
FB,AS005,AS005,primary,top_4_10,R1,FB_c009,heldout_LODO_prediction,0.9549,0.435202108407908,0.196684461491766,0.210557243987831,0.210557243986282,0.210557243998515,completed,0,0
FB,AS005,AS005,primary,top_4_10,R1,FB_c009,heldout_LODO_prediction,0.9614,0.452003483927451,0.196684461491909,0.210080390015341,0.210080390013694,0.210080390026698,completed,0,0
FB,AS005,AS005,primary,top_4_10,R1,FB_c009,heldout_LODO_prediction,0.9619,0.45131752929974,0.19668446149192,0.210043708940534,0.210043708938879,0.210043708951945,completed,0,0
FB,AS005,AS005,primary,top_4_10,R1,FB_c009,heldout_LODO_prediction,0.9678,0.465361547730257,0.196684461492057,0.20961087225782,0.209610872256071,0.209610872269882,completed,0,0
FB,AS005,AS005,primary,top_4_10,R1,FB_c009,heldout_LODO_prediction,0.9734,0.482302821890978,0.196684461492195,0.209200044219997,0.209200044218153,0.209200044232712,completed,0,0
FB,AS005,AS005,primary,top_4_10,R1,FB_c009,heldout_LODO_prediction,0.9789,0.491942289554084,0.196684461492337,0.208796552397142,0.208796552395202,0.208796552410533,completed,0,0
FB,AS005,AS005,primary,top_4_10,R1,FB_c009,heldout_LODO_prediction,0.9867,0.490841151862231,0.196684461492552,0.208224327630198,0.208224327628109,0.208224327644609,completed,0,0
FB,AS005,AS005,primary,top_4_10,R1,FB_c009,heldout_LODO_prediction,0.9975,0.527336645772128,0.196684461492876,0.207432016414455,0.207432016412144,0.207432016430409,completed,0,0
FB,AS005,AS005,primary,top_4_10,R1,FB_c009,heldout_LODO_prediction,1.0034,0.541109892639075,0.196684461493068,0.206999179731796,0.206999179729353,0.206999179748661,completed,0,0
FB,AS005,AS005,primary,top_4_10,R1,FB_c009,heldout_LODO_prediction,1.0123,0.55667474468498,0.196684461493377,0.206346256600347,0.206346256597691,0.206346256618687,completed,0,0
FB,AS005,AS005,primary,top_4_10,R1,FB_c009,heldout_LODO_prediction,1.0322,0.59261966974895,0.196684461494169,0.204886349823388,0.204886349820186,0.20488634984551,completed,0,0
FB,AS005,AS005,primary,top_4_10,R1,FB_c009,heldout_LODO_prediction,1.0578,0.635040548041645,0.196684461495429,0.203008278793976,0.203008278789904,0.20300827882214,completed,0,0
FB,AS005,AS005,primary,top_4_10,R1,FB_c009,heldout_LODO_prediction,1.0741,0.658038079507557,0.196684461496402,0.201812475755891,0.201812475751144,0.20181247578874,completed,0,0
FB,AS005,AS005,primary,top_4_10,R1,FB_c009,heldout_LODO_prediction,1.1076,0.695224040904558,0.196684461498933,0.19935484374564,0.199354843739136,0.199354843790724,completed,0,0
FB,AS005,AS005,primary,top_4_10,R1,FB_c009,heldout_LODO_prediction,1.14,0.71739571910158,0.19668446150226,0.196977910100798,0.196977910091978,0.196977910162073,completed,0,0
FB,AS005,AS005,primary,top_4_10,R1,FB_c009,heldout_LODO_prediction,1.1554,0.72483291138098,0.196684461504231,0.196684461504231,0.196684461494046,0.19668446157507,completed,0,0
FB,AS005,AS005,primary,top_4_10,R1,FB_c009,heldout_LODO_prediction,1.1877,0.737780304979038,0.196684461509409,0.196684461509409,0.196684461495645,0.196684461605422,completed,0,0
FB,AS005,AS005,primary,top_4_10,R1,FB_c009,heldout_LODO_prediction,1.2188,0.751138368781844,0.196684461516112,0.196684461516112,0.196684461497712,0.196684461644899,completed,0,0
FB,AS005,AS005,primary,top_4_10,R1,FB_c009,heldout_LODO_prediction,1.2418,0.757609809151176,0.196684461522488,0.196684461522488,0.196684461499677,0.196684461682623,completed,0,0
FB,AS005,AS005,primary,top_4_10,R1,FB_c009,heldout_LODO_prediction,1.2755,0.770967872953982,0.196684461534701,0.196684461534701,0.196684461503433,0.196684461755315,completed,0,0
FB,AS005,AS005,primary,top_4_10,R1,FB_c009,heldout_LODO_prediction,1.311,0.784605734039145,0.196684461552517,0.196684461552517,0.196684461508901,0.196684461862248,completed,0,0
FB,AS005,AS005,primary,top_4_10,R1,FB_c009,heldout_LODO_prediction,1.3582,0.808018448569198,0.196684461587627,0.196684461587627,0.196684461519639,0.196684462075545,completed,0,0
FB,AS005,AS005,primary,top_4_10,R1,FB_c009,heldout_LODO_prediction,1.3719,0.829639557920294,0.196684461601119,0.196684461601119,0.196684461523753,0.196684462158282,completed,0,0
FB,AS005,AS005,primary,top_4_10,R1,FB_c009,heldout_LODO_prediction,1.4121,0.873707629891376,0.196684461652537,0.196684461652537,0.196684461539379,0.196684462476917,completed,0,0
FB,AS005,AS005,primary,top_4_10,R1,FB_c009,heldout_LODO_prediction,1.4455,0.89092418847506,0.196684461713123,0.196684461713123,0.196684461557695,0.196684462857999,completed,0,0
FB,AS005,AS005,primary,top_4_10,R1,FB_c009,heldout_LODO_prediction,1.4632,0.895193353460686,0.196684461754022,0.196684461754022,0.196684461570009,0.19668446311813,completed,0,0
FB,AS005,AS005,primary,top_4_10,R1,FB_c009,heldout_LODO_prediction,1.4986,0.90125412362527,0.196684461860082,0.196684461860082,0.196684461601777,0.196684463801603,completed,0,0
FB,AS005,AS005,primary,top_4_10,R1,FB_c009,heldout_LODO_prediction,1.5291,0.905248004187933,0.196684461985735,0.196684461985735,0.19668446163915,0.196684464624857,completed,0,0
FB,AS005,AS005,primary,top_4_10,R1,FB_c009,heldout_LODO_prediction,1.55,0.906489040520964,0.196684462096191,0.196684462096191,0.196684461671805,0.196684465358313,completed,0,0
FB,AS005,AS005,primary,top_4_10,R1,FB_c009,heldout_LODO_prediction,1.5867,0.910482921083628,0.196684462354649,0.196684462354649,0.196684461747614,0.196684467102413,completed,0,0
FB,AS005,AS005,primary,top_4_10,R1,FB_c009,heldout_LODO_prediction,1.6222,0.920533058951482,0.196684462712237,0.196684462712237,0.196684461851394,0.196684469563906,completed,0,0
FB,AS005,AS005,primary,top_4_10,R1,FB_c009,heldout_LODO_prediction,1.6598,0.938850755227019,0.19668446325899,0.19668446325899,0.196684462008199,0.196684473403515,completed,0,0
FB,AS005,AS005,primary,top_4_10,R1,FB_c009,heldout_LODO_prediction,1.6788,0.94835483710834,0.196684463625216,0.196684463625216,0.196684462112239,0.196684476012784,completed,0,0
FB,AS005,AS005,primary,top_4_10,R1,FB_c009,heldout_LODO_prediction,1.7137,0.963779790513067,0.196684464514252,0.196684464514252,0.196684462362281,0.196684482434777,completed,0,0
FB,AS005,AS005,primary,top_4_10,R1,FB_c009,heldout_LODO_prediction,1.758,0.970526515305363,0.196684466217324,0.196684466217324,0.196684462834111,0.196684494961949,completed,0,0
FB,AS005,AS005,primary,top_4_10,R1,FB_c009,heldout_LODO_prediction,1.7772,0.97231812048432,0.196684467237084,0.196684467237084,0.196684463113397,0.196684502553037,completed,0,0
FB,AS005,AS005,primary,top_4_10,R1,FB_c009,heldout_LODO_prediction,1.8163,0.974520395868026,0.196684470072581,0.196684470072581,0.196684463881267,0.196684523866793,completed,0,0
FB,AS005,AS005,primary,top_4_10,R1,FB_c009,heldout_LODO_prediction,1.8489,0.977553037380014,0.196684473519758,0.196684473519758,0.196684464802943,0.19668455000874,completed,0,0
FB,AS005,AS005,primary,top_4_10,R1,FB_c009,heldout_LODO_prediction,1.8669,0.979064845276616,0.196684476002983,0.196684476002983,0.196684465461345,0.196684568922046,completed,0,0
FB,AS005,AS005,primary,top_4_10,R1,FB_c009,heldout_LODO_prediction,1.9027,0.980996349096751,0.196684482620551,0.196684482620551,0.196684467200808,0.196684619462365,completed,0,0
FB,AS005,AS005,primary,top_4_10,R1,FB_c009,heldout_LODO_prediction,1.9388,0.982783441416316,0.196684492445119,0.196684492445119,0.19668446975781,0.196684694537462,completed,0,0
FB,AS005,AS005,primary,top_4_10,R1,FB_c009,heldout_LODO_prediction,1.9781,0.984439660813488,0.196684508534815,0.196684508534815,0.196684473910349,0.196684817088617,completed,0,0
FB,AS005,AS005,primary,top_4_10,R1,FB_c009,heldout_LODO_prediction,2.0018,0.985816082928304,0.196684522114671,0.196684522114671,0.196684477397086,0.196684919975993,completed,0,0
FB,AS005,AS005,primary,top_4_10,R1,FB_c009,heldout_LODO_prediction,2.039,0.988158256953188,0.196684551875865,0.196684551875865,0.196684485012406,0.196685143650465,completed,0,0
FB,AS005,AS005,primary,top_4_10,R1,FB_c009,heldout_LODO_prediction,2.077,0.989670064849789,0.196684597551814,0.196684597551814,0.196684496678906,0.196685482579627,completed,0,0
FB,AS005,AS005,primary,top_4_10,R1,FB_c009,heldout_LODO_prediction,2.095,0.990360532336894,0.196684626665638,0.196684626665638,0.196684504117,0.19668569624355,completed,0,0
FB,AS005,AS005,primary,top_4_10,R1,FB_c009,heldout_LODO_prediction,2.133,0.991461670028747,0.196684710181195,0.196684710181195,0.196684525495778,0.196686300809422,completed,0,0
FB,AS005,AS005,primary,top_4_10,R1,FB_c009,heldout_LODO_prediction,2.174,0.9925628077206,0.196684847855044,0.196684847855044,0.196684560917219,0.196687276481522,completed,0,0
FB,AS005,AS005,primary,top_4_10,R1,FB_c009,heldout_LODO_prediction,2.195,0.993253275207704,0.196684945339375,0.196684945339375,0.196684586137317,0.196687955231341,completed,0,0
FB,AS005,AS005,primary,top_4_10,R1,FB_c009,heldout_LODO_prediction,2.234,0.993939229835416,0.196685195053999,0.196685195053999,0.196684651221163,0.196689659832218,completed,0,0
FB,AS005,AS005,primary,top_4_10,R1,FB_c009,heldout_LODO_prediction,2.275,0.993939229835416,0.196685594193331,0.196685594193331,0.196684756470297,0.196692310726785,completed,0,0
FB,AS005,AS005,primary,top_4_10,R1,FB_c009,heldout_LODO_prediction,2.298,0.994629697322521,0.196685904431081,0.196685904431081,0.196684839135838,0.196694325627185,completed,0,0
FB,AS005,AS005,primary,top_4_10,R1,FB_c009,heldout_LODO_prediction,2.338,0.994765083104306,0.196686652693053,0.196686652693053,0.196685040983739,0.196699068684952,completed,0,0
FB,AS005,AS005,primary,top_4_10,R1,FB_c009,heldout_LODO_prediction,2.38,0.99545555059141,0.196687842449459,0.196687842449459,0.196685367482342,0.196706373781817,completed,0,0
FB,AS005,AS005,primary,top_4_10,R1,FB_c009,heldout_LODO_prediction,2.422,0.996421302501478,0.196689648972308,0.196689648972308,0.196685872799641,0.196717101769266,completed,0,0
FB,AS005,AS005,primary,top_4_10,R1,FB_c009,heldout_LODO_prediction,2.441,0.996971871347405,0.196690745024136,0.196690745024136,0.196686183740533,0.196723458410738,completed,0,0
FB,AS005,AS005,primary,top_4_10,R1,FB_c009,heldout_LODO_prediction,2.48,0.997247155770368,0.19669373655628,0.19669373655628,0.196687045272596,0.196740393564348,completed,0,0
FB,AS005,AS005,primary,top_4_10,R1,FB_c009,heldout_LODO_prediction,2.532,0.997933110398079,0.196699912209842,0.196699912209842,0.196688867312907,0.196774071610696,completed,0,0
FB,AS005,AS005,primary,top_4_10,R1,FB_c009,heldout_LODO_prediction,2.562,0.998623577885184,0.196705102794971,0.196705102794971,0.196690431478787,0.196801498936303,completed,0,0
FB,AS005,AS005,primary,top_4_10,R1,FB_c009,heldout_LODO_prediction,2.615,0.998348293462221,0.19671859285491,0.19671859285491,0.196694592942112,0.196870457401301,completed,0,0
FB,AS005,AS005,primary,top_4_10,R1,FB_c009,heldout_LODO_prediction,2.665,0.999034248089932,0.196738748048986,0.196738748048986,0.196700987214319,0.196969658883867,completed,0,0
FB,AS005,AS005,primary,top_4_10,R1,FB_c009,heldout_LODO_prediction,2.687,0.998348293462221,0.196750832542615,0.196750832542615,0.196704893608072,0.197027718357289,completed,0,0
FB,AS005,AS005,primary,top_4_10,R1,FB_c009,heldout_LODO_prediction,2.737,0.999034248089932,0.196788507667812,0.196788507667812,0.196717318732052,0.197204403813553,completed,0,0
FB,AS005,AS005,primary,top_4_10,R1,FB_c009,heldout_LODO_prediction,2.771,0.998348293462221,0.196824921439378,0.196824921439378,0.196729587257489,0.19737106929697,completed,0,0
FB,AS005,AS005,primary,top_4_10,R1,FB_c009,heldout_LODO_prediction,2.829,0.99917414673111,0.196916454130145,0.196916454130145,0.196761161769865,0.197780062196035,completed,0,0
FB,AS005,AS005,primary,top_4_10,R1,FB_c009,heldout_LODO_prediction,2.84,0.999034248089932,0.196939262332328,0.196939262332328,0.196769150235164,0.197880544642363,completed,0,0
FB,AS005,AS005,primary,top_4_10,R1,FB_c009,heldout_LODO_prediction,2.9,0.999449431154074,0.197106316297885,0.197106316297885,0.196828632788594,0.198607171460222,completed,0,0
FB,AS005,AS005,primary,top_4_10,R1,FB_c009,heldout_LODO_prediction,2.945,0.99917414673111,0.197295552695065,0.197295552695065,0.196897390415586,0.199420252424797,completed,0,0
FB,AS005,AS005,primary,top_4_10,R1,FB_c009,heldout_LODO_prediction,2.983,0.999314045372288,0.197516358555891,0.197516358555891,0.196978732203639,0.200364537031502,completed,0,0
FB,AS005,AS005,primary,top_4_10,R1,FB_c009,heldout_LODO_prediction,3.045,0.999449431154074,0.198050322339692,0.198050322339692,0.19717813097353,0.202649901998388,completed,0,0
FB,AS005,AS005,primary,top_4_10,R1,FB_c009,heldout_LODO_prediction,3.117,0.999449431154074,0.199092703080449,0.199092703080449,0.197571789188268,0.207158550894726,completed,0,0
FB,AS005,AS005,primary,top_4_10,R1,FB_c009,heldout_LODO_prediction,3.158,0.999314045372288,0.200002040142106,0.200002040142106,0.197916350531944,0.211146951098927,completed,0,0
FB,AS005,AS005,primary,top_4_10,R1,FB_c009,heldout_LODO_prediction,3.239,0.999589329795252,0.202921230752603,0.202921230752603,0.199018559051578,0.224187279697652,completed,0,0
FB,AS005,AS005,primary,top_4_10,R1,FB_c009,heldout_LODO_prediction,3.316,1,0.208077712086202,0.208077712086202,0.200941896742215,0.247514173960989,completed,0,0
FB,AS005,AS005,primary,top_4_10,R1,FB_c009,heldout_LODO_prediction,3.383,1,0.216022295290654,0.216022295290654,0.203861717195058,0.282896167162465,completed,0,0
FB,AS005,AS005,primary,top_4_10,R1,FB_c009,heldout_LODO_prediction,3.429,0.999589329795252,0.224565509644093,0.224565509644093,0.206971587192009,0.319280977946294,completed,0,0
FB,AS005,AS005,primary,top_4_10,R1,FB_c009,heldout_LODO_prediction,3.526,1,0.257071639923318,0.257071639923318,0.218815675387242,0.438883532126254,completed,0,0
FB,AS005,AS005,primary,top_4_10,R1,FB_c009,heldout_LODO_prediction,3.625,1.00027528442296,0.326484826632592,0.326484826632592,0.245415885217752,0.615420883625042,completed,0,0
FB,AS005,AS005,primary,top_4_10,R1,FB_c009,heldout_LODO_prediction,3.678,1.00027528442296,0.386686421867239,0.386686421867239,0.270826471845185,0.715303011682343,completed,0,0
FB,AS005,AS005,primary,top_4_10,R1,FB_c009,heldout_LODO_prediction,3.773,0.999864614218215,0.538778937983962,0.538860943910596,0.349404477964075,0.863996668907617,completed,0,0
FB,AS005,AS005,primary,top_4_10,R1,FB_c009,heldout_LODO_prediction,3.851,1.0006904674871,0.686294409801334,0.694546656129234,0.461311463769935,0.953754094465986,completed,0,0
FB,AS005,AS005,primary,top_4_10,R1,FB_c009,heldout_LODO_prediction,3.908,1.00013989864118,0.786240423078468,0.80251571950749,0.567507284028816,0.998306974182334,completed,0,0
FB,AS005,AS005,primary,top_4_10,R1,FB_c009,heldout_LODO_prediction,4.013,1.00041518306414,0.919593727994053,0.953326161547564,0.779617310473891,1.0493111377493,completed,0,0
FB,AS005,AS005,primary,top_4_10,R1,FB_c009,heldout_LODO_prediction,4.144,1.00055056884593,0.997283317756064,1.05375050104454,0.977112899378169,1.0794228713278,completed,0,0
FB,AS005,AS005,primary,top_4_10,R1,FB_c009,heldout_LODO_prediction,4.238,1.00027528442296,1.01604116221073,1.08810739989569,1.05525367479156,1.09752678817968,completed,0,0
FB,AS005,AS005,primary,top_4_10,R1,FB_c009,heldout_LODO_prediction,4.292,1.00013989864118,1.02085975941568,1.10165840095239,1.08358727668199,1.10637481298616,completed,0,0
FB,AS005,AS005,primary,top_4_10,R1,FB_c009,heldout_LODO_prediction,4.308,1.0006904674871,1.02073340331444,1.10400784839458,1.09036088917311,1.10857287436004,completed,0,0
FB,AS005,AS005,primary,top_4_10,R1,FB_c009,heldout_LODO_prediction,4.353,1.00055056884593,1.02151064996091,1.11184515340494,1.10499625891637,1.11560002696606,completed,0,0
FB,AS005,AS005,primary,top_4_10,R1,FB_c009,heldout_LODO_prediction,4.371,1.00082585326889,1.02199923550789,1.1151769435854,1.10913566022903,1.11842160133658,completed,0,0
FB,AS005,AS005,primary,top_4_10,R1,FB_c009,heldout_LODO_prediction,4.429,1.00082585326889,1.02270563813277,1.12497620194605,1.11761890576784,1.12776996154083,completed,0,0
FB,AS006,AS006,primary,top_4_10,R1,FB_c009,heldout_LODO_prediction,0.048,0.190112191002937,0.0608703933085871,0.154783353977728,0.154783353977728,0.154783353977728,completed,0,0
FB,AS006,AS006,primary,top_4_10,R1,FB_c009,heldout_LODO_prediction,0.0597,0.200556986498786,0.0608703933085871,0.150171468815802,0.150171468815802,0.150171468815802,completed,0,0
FB,AS006,AS006,primary,top_4_10,R1,FB_c009,heldout_LODO_prediction,0.0792,0.240527304807248,0.0608703933085871,0.142484993545925,0.142484993545925,0.142484993545925,completed,0,0
FB,AS006,AS006,primary,top_4_10,R1,FB_c009,heldout_LODO_prediction,0.0985,0.303629215036316,0.0608703933085871,0.134877353919841,0.134877353919841,0.134877353919841,completed,0,0
FB,AS006,AS006,primary,top_4_10,R1,FB_c009,heldout_LODO_prediction,0.1181,0.412011805443459,0.0608703933085871,0.127151460828067,0.127151460828067,0.127151460828067,completed,0,0
FB,AS006,AS006,primary,top_4_10,R1,FB_c009,heldout_LODO_prediction,0.1384,0.550437345520424,0.0608703933085871,0.119149642983015,0.119149642983015,0.119149642983015,completed,0,0
FB,AS006,AS006,primary,top_4_10,R1,FB_c009,heldout_LODO_prediction,0.1588,0.659889771585421,0.0608703933085871,0.111108407316067,0.111108407316067,0.111108407316067,completed,0,0
FB,AS006,AS006,primary,top_4_10,R1,FB_c009,heldout_LODO_prediction,0.1803,0.763896341070619,0.0608703933085871,0.102633575608254,0.102633575608254,0.102633575608254,completed,0,0
FB,AS006,AS006,primary,top_4_10,R1,FB_c009,heldout_LODO_prediction,0.2005,0.815328648593636,0.0608703933085871,0.0946711755850986,0.0946711755850986,0.0946711755850986,completed,0,0
FB,AS006,AS006,primary,top_4_10,R1,FB_c009,heldout_LODO_prediction,0.2201,0.839453108106101,0.0608703933085871,0.0869452824933245,0.0869452824933245,0.0869452824933245,completed,0,0
FB,AS006,AS006,primary,top_4_10,R1,FB_c009,heldout_LODO_prediction,0.2399,0.857004990576123,0.0608703933085871,0.0791405537577569,0.0791405537577569,0.0791405537577569,completed,0,0
FB,AS006,AS006,primary,top_4_10,R1,FB_c009,heldout_LODO_prediction,0.26,0.871094572595352,0.0608703933085871,0.0712175715564988,0.0712175715564988,0.0712175715564988,completed,0,0
FB,AS006,AS006,primary,top_4_10,R1,FB_c009,heldout_LODO_prediction,0.2804,0.883658780381312,0.0608703933085871,0.0631763358895503,0.0631763358895503,0.0631763358895503,completed,0,0
FB,AS006,AS006,primary,top_4_10,R1,FB_c009,heldout_LODO_prediction,0.2998,0.891492045752062,0.0608703933085871,0.0608703933085871,0.0608703933085871,0.0608703933085871,completed,0,0
FB,AS006,AS006,primary,top_4_10,R1,FB_c009,heldout_LODO_prediction,0.3207,0.898013030093023,0.0608703933085871,0.0608703933085871,0.0608703933085871,0.0608703933085871,completed,0,0
FB,AS006,AS006,primary,top_4_10,R1,FB_c009,heldout_LODO_prediction,0.3404,0.906999682543731,0.0608703933085871,0.0608703933085871,0.0608703933085871,0.0608703933085871,completed,0,0
FB,AS006,AS006,primary,top_4_10,R1,FB_c009,heldout_LODO_prediction,0.3602,0.915579955834449,0.0608703933085871,0.0608703933085871,0.0608703933085871,0.0608703933085871,completed,0,0
FB,AS006,AS006,primary,top_4_10,R1,FB_c009,heldout_LODO_prediction,0.3798,0.923923951758217,0.0608703933085871,0.0608703933085871,0.0608703933085871,0.0608703933085871,completed,0,0
FB,AS006,AS006,primary,top_4_10,R1,FB_c009,heldout_LODO_prediction,0.4003,0.936046321995432,0.0608703933085871,0.0608703933085871,0.0608703933085871,0.0608703933085871,completed,0,0
FB,AS006,AS006,primary,top_4_10,R1,FB_c009,heldout_LODO_prediction,0.4207,0.945453050181036,0.0608703933085871,0.0608703933085871,0.0608703933085871,0.0608703933085871,completed,0,0
FB,AS006,AS006,primary,top_4_10,R1,FB_c009,heldout_LODO_prediction,0.4408,0.955896561111665,0.0608703933085871,0.0608703933085871,0.0608703933085871,0.0608703933085871,completed,0,0
FB,AS006,AS006,primary,top_4_10,R1,FB_c009,heldout_LODO_prediction,0.4601,0.966839625764932,0.0608703933085871,0.0608703933085871,0.0608703933085871,0.0608703933085871,completed,0,0
FB,AS006,AS006,primary,top_4_10,R1,FB_c009,heldout_LODO_prediction,0.4799,0.973846076401016,0.0608703933085871,0.0608703933085871,0.0608703933085871,0.0608703933085871,completed,0,0
FB,AS006,AS006,primary,top_4_10,R1,FB_c009,heldout_LODO_prediction,0.4997,0.979238670071734,0.0608703933085871,0.0608703933085871,0.0608703933085871,0.0608703933085871,completed,0,0
FB,AS006,AS006,primary,top_4_10,R1,FB_c009,heldout_LODO_prediction,0.5197,0.984513629666975,0.0608703933085871,0.0608703933085871,0.0608703933085871,0.0608703933085871,completed,0,0
FB,AS006,AS006,primary,top_4_10,R1,FB_c009,heldout_LODO_prediction,0.5401,0.987324228545714,0.0608703933085871,0.0608703933085871,0.0608703933085871,0.0608703933085871,completed,0,0
FB,AS006,AS006,primary,top_4_10,R1,FB_c009,heldout_LODO_prediction,0.5607,0.990867005017469,0.0608703933085871,0.0608703933085871,0.0608703933085871,0.0608703933085871,completed,0,0
FB,AS006,AS006,primary,top_4_10,R1,FB_c009,heldout_LODO_prediction,0.5804,0.993189984871219,0.0608703933085871,0.0608703933085871,0.0608703933085871,0.0608703933085871,completed,0,0
FB,AS006,AS006,primary,top_4_10,R1,FB_c009,heldout_LODO_prediction,0.6008,0.992795769720558,0.0608703933085871,0.0608703933085871,0.0608703933085871,0.0608703933085871,completed,0,0
FB,AS006,AS006,primary,top_4_10,R1,FB_c009,heldout_LODO_prediction,0.6196,0.993858705859768,0.0608703933085871,0.0608703933085871,0.0608703933085871,0.0608703933085871,completed,0,0
FB,AS006,AS006,primary,top_4_10,R1,FB_c009,heldout_LODO_prediction,0.6394,0.994095028554797,0.0608703933085871,0.0608703933085871,0.0608703933085871,0.0608703933085871,completed,0,0
FB,AS006,AS006,primary,top_4_10,R1,FB_c009,heldout_LODO_prediction,0.6611,0.994606889064554,0.0608703933085871,0.0608703933085871,0.0608703933085871,0.0608703933085871,completed,0,0
FB,AS006,AS006,primary,top_4_10,R1,FB_c009,heldout_LODO_prediction,0.6796,0.995630610084065,0.0608703933085871,0.0608703933085871,0.0608703933085871,0.0608703933085871,completed,0,0
FB,AS006,AS006,primary,top_4_10,R1,FB_c009,heldout_LODO_prediction,0.699,0.996220900833216,0.0608703933085871,0.0608703933085871,0.0608703933085871,0.0608703933085871,completed,0,0
FB,AS006,AS006,primary,top_4_10,R1,FB_c009,heldout_LODO_prediction,0.7193,0.996771976462672,0.0608703933085871,0.0608703933085871,0.0608703933085871,0.0608703933085871,completed,0,0
FB,AS006,AS006,primary,top_4_10,R1,FB_c009,heldout_LODO_prediction,0.7404,0.997283836972426,0.0608703933085871,0.0608703933085871,0.0608703933085871,0.0608703933085871,completed,0,0
FB,AS006,AS006,primary,top_4_10,R1,FB_c009,heldout_LODO_prediction,0.7582,0.998172596834849,0.0608703933085871,0.0608703933085871,0.0608703933085871,0.0608703933085871,completed,0,0
FB,AS006,AS006,primary,top_4_10,R1,FB_c009,heldout_LODO_prediction,0.7816,0.997717267242785,0.0608703933085871,0.0608703933085871,0.0608703933085871,0.0608703933085871,completed,0,0
FB,AS006,AS006,primary,top_4_10,R1,FB_c009,heldout_LODO_prediction,0.7987,0.998229127752538,0.0608703933085871,0.0608703933085871,0.0608703933085871,0.0608703933085871,completed,0,0
FB,AS006,AS006,primary,top_4_10,R1,FB_c009,heldout_LODO_prediction,0.8181,0.998976278980489,0.0608703933085871,0.0608703933085871,0.0608703933085871,0.0608703933085871,completed,0,0
FB,AS006,AS006,primary,top_4_10,R1,FB_c009,heldout_LODO_prediction,0.8437,1.0000392151197,0.0608703933085871,0.0608703933085871,0.0608703933085871,0.0608703933085871,completed,0,0
FB,AS006,AS006,primary,top_4_10,R1,FB_c009,heldout_LODO_prediction,0.8603,0.99795358993781,0.0608703933085871,0.0609662019024621,0.0609662019024621,0.0609662019024621,completed,0,0
FB,AS006,AS006,primary,top_4_10,R1,FB_c009,heldout_LODO_prediction,0.8789,1,0.0608703933085871,0.0617582196118288,0.0617582196118288,0.0617582196118288,completed,0,0
FB,AS006,AS006,primary,top_4_10,R1,FB_c009,heldout_LODO_prediction,0.8973,0.999409709250845,0.0608703933085871,0.06254172100174,0.06254172100174,0.06254172100174,completed,0,0
FB,AS006,AS006,primary,top_4_10,R1,FB_c009,heldout_LODO_prediction,0.9215,1.0000784302394,0.0608703933085871,0.0635721956558623,0.0635721956558623,0.0635721956558623,completed,0,0
FB,AS006,AS006,primary,top_4_10,R1,FB_c009,heldout_LODO_prediction,0.9373,0.999667787846881,0.0608703933085871,0.0642449848928512,0.0642449848928512,0.0642449848928512,completed,0,0
FB,AS006,AS006,primary,top_4_10,R1,FB_c009,heldout_LODO_prediction,0.9587,1.00035396805412,0.0608703933085871,0.0651562310745957,0.0651562310745957,0.0651562310745957,completed,0,0
FB,AS006,AS006,primary,top_4_10,R1,FB_c009,heldout_LODO_prediction,0.9779,1.00118161347514,0.0608703933085871,0.0659737977423291,0.0659737977423291,0.0659737977423291,completed,0,0
FB,AS006,AS006,primary,top_4_10,R1,FB_c009,heldout_LODO_prediction,1.001,1.00177190422429,0.0608703933085871,0.0669574326394458,0.0669574326394458,0.0669574326394458,completed,0,0
FB,AS006,AS006,secondary,bottom_3_9,R2,FB_c009,heldout_LODO_prediction,0.048,0.209964606199736,0.0608703933085871,0.154783353977728,0.154783353977728,0.154783353977728,completed,0,0
FB,AS006,AS006,secondary,bottom_3_9,R2,FB_c009,heldout_LODO_prediction,0.0597,0.226309469118397,0.0608703933085871,0.150171468815802,0.150171468815802,0.150171468815802,completed,0,0
FB,AS006,AS006,secondary,bottom_3_9,R2,FB_c009,heldout_LODO_prediction,0.0792,0.270322822190663,0.0608703933085871,0.142484993545925,0.142484993545925,0.142484993545925,completed,0,0
FB,AS006,AS006,secondary,bottom_3_9,R2,FB_c009,heldout_LODO_prediction,0.0985,0.325599048850246,0.0608703933085871,0.134877353919841,0.134877353919841,0.134877353919841,completed,0,0
FB,AS006,AS006,secondary,bottom_3_9,R2,FB_c009,heldout_LODO_prediction,0.1181,0.40350152042002,0.0608703933085871,0.127151460828067,0.127151460828067,0.127151460828067,completed,0,0
FB,AS006,AS006,secondary,bottom_3_9,R2,FB_c009,heldout_LODO_prediction,0.1384,0.503092951797939,0.0608703933085871,0.119149642983015,0.119149642983015,0.119149642983015,completed,0,0
FB,AS006,AS006,secondary,bottom_3_9,R2,FB_c009,heldout_LODO_prediction,0.1588,0.614578372408278,0.0608703933085871,0.111108407316067,0.111108407316067,0.111108407316067,completed,0,0
FB,AS006,AS006,secondary,bottom_3_9,R2,FB_c009,heldout_LODO_prediction,0.1803,0.755953328974659,0.0608703933085871,0.102633575608254,0.102633575608254,0.102633575608254,completed,0,0
FB,AS006,AS006,secondary,bottom_3_9,R2,FB_c009,heldout_LODO_prediction,0.2005,0.827086462163843,0.0608703933085871,0.0946711755850986,0.0946711755850986,0.0946711755850986,completed,0,0
FB,AS006,AS006,secondary,bottom_3_9,R2,FB_c009,heldout_LODO_prediction,0.2201,0.859745418737565,0.0608703933085871,0.0869452824933245,0.0869452824933245,0.0869452824933245,completed,0,0
FB,AS006,AS006,secondary,bottom_3_9,R2,FB_c009,heldout_LODO_prediction,0.2399,0.886265494656637,0.0608703933085871,0.0791405537577569,0.0791405537577569,0.0791405537577569,completed,0,0
FB,AS006,AS006,secondary,bottom_3_9,R2,FB_c009,heldout_LODO_prediction,0.26,0.910548552270862,0.0608703933085871,0.0712175715564988,0.0712175715564988,0.0712175715564988,completed,0,0
FB,AS006,AS006,secondary,bottom_3_9,R2,FB_c009,heldout_LODO_prediction,0.2804,0.932850825653291,0.0608703933085871,0.0631763358895503,0.0631763358895503,0.0631763358895503,completed,0,0
FB,AS006,AS006,secondary,bottom_3_9,R2,FB_c009,heldout_LODO_prediction,0.2998,0.949692006106156,0.0608703933085871,0.0608703933085871,0.0608703933085871,0.0608703933085871,completed,0,0
FB,AS006,AS006,secondary,bottom_3_9,R2,FB_c009,heldout_LODO_prediction,0.3207,0.962205761906253,0.0608703933085871,0.0608703933085871,0.0608703933085871,0.0608703933085871,completed,0,0
FB,AS006,AS006,secondary,bottom_3_9,R2,FB_c009,heldout_LODO_prediction,0.3404,0.971699748915391,0.0608703933085871,0.0608703933085871,0.0608703933085871,0.0608703933085871,completed,0,0
FB,AS006,AS006,secondary,bottom_3_9,R2,FB_c009,heldout_LODO_prediction,0.3602,0.982682292921219,0.0608703933085871,0.0608703933085871,0.0608703933085871,0.0608703933085871,completed,0,0
FB,AS006,AS006,secondary,bottom_3_9,R2,FB_c009,heldout_LODO_prediction,0.3798,0.991998100711775,0.0608703933085871,0.0608703933085871,0.0608703933085871,0.0608703933085871,completed,0,0
FB,AS006,AS006,secondary,bottom_3_9,R2,FB_c009,heldout_LODO_prediction,0.4003,1.00180123956463,0.0608703933085871,0.0608703933085871,0.0608703933085871,0.0608703933085871,completed,0,0
FB,AS006,AS006,secondary,bottom_3_9,R2,FB_c009,heldout_LODO_prediction,0.4207,1.00525947727809,0.0608703933085871,0.0608703933085871,0.0608703933085871,0.0608703933085871,completed,0,0
FB,AS006,AS006,secondary,bottom_3_9,R2,FB_c009,heldout_LODO_prediction,0.4408,1.00755282661746,0.0608703933085871,0.0608703933085871,0.0608703933085871,0.0608703933085871,completed,0,0
FB,AS006,AS006,secondary,bottom_3_9,R2,FB_c009,heldout_LODO_prediction,0.4601,1.0051927236008,0.0608703933085871,0.0608703933085871,0.0608703933085871,0.0608703933085871,completed,0,0
FB,AS006,AS006,secondary,bottom_3_9,R2,FB_c009,heldout_LODO_prediction,0.4799,1.00368793130233,0.0608703933085871,0.0608703933085871,0.0608703933085871,0.0608703933085871,completed,0,0
FB,AS006,AS006,secondary,bottom_3_9,R2,FB_c009,heldout_LODO_prediction,0.4997,1.00262999086287,0.0608703933085871,0.0608703933085871,0.0608703933085871,0.0608703933085871,completed,0,0
FB,AS006,AS006,secondary,bottom_3_9,R2,FB_c009,heldout_LODO_prediction,0.5197,0.999823035987191,0.0608703933085871,0.0608703933085871,0.0608703933085871,0.0608703933085871,completed,0,0
FB,AS006,AS006,secondary,bottom_3_9,R2,FB_c009,heldout_LODO_prediction,0.5401,1.00073273669155,0.0608703933085871,0.0608703933085871,0.0608703933085871,0.0608703933085871,completed,0,0
FB,AS006,AS006,secondary,bottom_3_9,R2,FB_c009,heldout_LODO_prediction,0.5607,0.999105143982228,0.0608703933085871,0.0608703933085871,0.0608703933085871,0.0608703933085871,completed,0,0
FB,AS006,AS006,secondary,bottom_3_9,R2,FB_c009,heldout_LODO_prediction,0.5804,1.00028477539541,0.0608703933085871,0.0608703933085871,0.0608703933085871,0.0608703933085871,completed,0,0
FB,AS006,AS006,secondary,bottom_3_9,R2,FB_c009,heldout_LODO_prediction,0.6008,0.998291347627563,0.0608703933085871,0.0608703933085871,0.0608703933085871,0.0608703933085871,completed,0,0
FB,AS006,AS006,secondary,bottom_3_9,R2,FB_c009,heldout_LODO_prediction,0.6196,0.998820368586821,0.0608703933085871,0.0608703933085871,0.0608703933085871,0.0608703933085871,completed,0,0
FB,AS006,AS006,secondary,bottom_3_9,R2,FB_c009,heldout_LODO_prediction,0.6394,0.998495063359858,0.0608703933085871,0.0608703933085871,0.0608703933085871,0.0608703933085871,completed,0,0
FB,AS006,AS006,secondary,bottom_3_9,R2,FB_c009,heldout_LODO_prediction,0.6611,0.998331877459119,0.0608703933085871,0.0608703933085871,0.0608703933085871,0.0608703933085871,completed,0,0
FB,AS006,AS006,secondary,bottom_3_9,R2,FB_c009,heldout_LODO_prediction,0.6796,0.999593635109926,0.0608703933085871,0.0608703933085871,0.0608703933085871,0.0608703933085871,completed,0,0
FB,AS006,AS006,secondary,bottom_3_9,R2,FB_c009,heldout_LODO_prediction,0.699,0.999308859714519,0.0608703933085871,0.0608703933085871,0.0608703933085871,0.0608703933085871,completed,0,0
FB,AS006,AS006,secondary,bottom_3_9,R2,FB_c009,heldout_LODO_prediction,0.7193,0.997355961778235,0.0608703933085871,0.0608703933085871,0.0608703933085871,0.0608703933085871,completed,0,0
FB,AS006,AS006,secondary,bottom_3_9,R2,FB_c009,heldout_LODO_prediction,0.7404,0.999349389546075,0.0608703933085871,0.0608703933085871,0.0608703933085871,0.0608703933085871,completed,0,0
FB,AS006,AS006,secondary,bottom_3_9,R2,FB_c009,heldout_LODO_prediction,0.7582,0.999213013878953,0.0608703933085871,0.0608703933085871,0.0608703933085871,0.0608703933085871,completed,0,0
FB,AS006,AS006,secondary,bottom_3_9,R2,FB_c009,heldout_LODO_prediction,0.7816,0.998168691558384,0.0608703933085871,0.0608703933085871,0.0608703933085871,0.0608703933085871,completed,0,0
FB,AS006,AS006,secondary,bottom_3_9,R2,FB_c009,heldout_LODO_prediction,0.7987,1.00081379635466,0.0608703933085871,0.0608703933085871,0.0608703933085871,0.0608703933085871,completed,0,0
FB,AS006,AS006,secondary,bottom_3_9,R2,FB_c009,heldout_LODO_prediction,0.8181,0.999634164941481,0.0608703933085871,0.0608703933085871,0.0608703933085871,0.0608703933085871,completed,0,0
FB,AS006,AS006,secondary,bottom_3_9,R2,FB_c009,heldout_LODO_prediction,0.8437,0.99938991937763,0.0608703933085871,0.0608703933085871,0.0608703933085871,0.0608703933085871,completed,0,0
FB,AS006,AS006,secondary,bottom_3_9,R2,FB_c009,heldout_LODO_prediction,0.8603,0.998739308923709,0.0608703933085871,0.0609662019024621,0.0609662019024621,0.0609662019024621,completed,0,0
FB,AS006,AS006,secondary,bottom_3_9,R2,FB_c009,heldout_LODO_prediction,0.8789,0.999634164941481,0.0608703933085871,0.0617582196118288,0.0617582196118288,0.0617582196118288,completed,0,0
FB,AS006,AS006,secondary,bottom_3_9,R2,FB_c009,heldout_LODO_prediction,0.8973,0.999024084319116,0.0608703933085871,0.06254172100174,0.06254172100174,0.06254172100174,completed,0,0
FB,AS006,AS006,secondary,bottom_3_9,R2,FB_c009,heldout_LODO_prediction,0.9215,1.00044796129614,0.0608703933085871,0.0635721956558623,0.0635721956558623,0.0635721956558623,completed,0,0
FB,AS006,AS006,secondary,bottom_3_9,R2,FB_c009,heldout_LODO_prediction,0.9373,1.00108360614792,0.0608703933085871,0.0642449848928512,0.0642449848928512,0.0642449848928512,completed,0,0
FB,AS006,AS006,secondary,bottom_3_9,R2,FB_c009,heldout_LODO_prediction,0.9587,1.00154653304621,0.0608703933085871,0.0651562310745957,0.0651562310745957,0.0651562310745957,completed,0,0
FB,AS006,AS006,secondary,bottom_3_9,R2,FB_c009,heldout_LODO_prediction,0.9779,1,0.0608703933085871,0.0659737977423291,0.0659737977423291,0.0659737977423291,completed,0,0
FB,AS006,AS006,secondary,bottom_3_9,R2,FB_c009,heldout_LODO_prediction,1.001,1.00126175765081,0.0608703933085871,0.0669574326394458,0.0669574326394458,0.0669574326394458,completed,0,0
FI,AS001,AS001,primary,top_4_10,R1,FI_c005,heldout_LODO_prediction,0.0602,0.962048663149189,0.11,0.11,0.11,0.11,completed,0,0
FI,AS001,AS001,primary,top_4_10,R1,FI_c005,heldout_LODO_prediction,0.0801,0.973325184855328,0.11,0.11,0.11,0.11,completed,0,0
FI,AS001,AS001,primary,top_4_10,R1,FI_c005,heldout_LODO_prediction,0.1,0.985437814801791,0.11,0.11,0.11,0.11,completed,0,0
FI,AS001,AS001,primary,top_4_10,R1,FI_c005,heldout_LODO_prediction,0.12,0.985187135338796,0.11,0.11,0.11,0.11,completed,0,0
FI,AS001,AS001,primary,top_4_10,R1,FI_c005,heldout_LODO_prediction,0.1402,0.99300227915735,0.11,0.11,0.11,0.11,completed,0,0
FI,AS001,AS001,primary,top_4_10,R1,FI_c005,heldout_LODO_prediction,0.1603,0.988583007740285,0.11,0.11,0.11,0.11,completed,0,0
FI,AS001,AS001,primary,top_4_10,R1,FI_c005,heldout_LODO_prediction,0.1801,0.993809911005025,0.11,0.11,0.11,0.11,completed,0,0
FI,AS001,AS001,primary,top_4_10,R1,FI_c005,heldout_LODO_prediction,0.2002,0.996037186488633,0.11,0.11,0.11,0.11,completed,0,0
FI,AS001,AS001,primary,top_4_10,R1,FI_c005,heldout_LODO_prediction,0.22,0.987563543732203,0.11,0.11,0.11,0.11,completed,0,0
FI,AS001,AS001,primary,top_4_10,R1,FI_c005,heldout_LODO_prediction,0.2402,0.994679027279808,0.11,0.11,0.11,0.11,completed,0,0
FI,AS001,AS001,primary,top_4_10,R1,FI_c005,heldout_LODO_prediction,0.2599,0.993182170532501,0.11,0.11,0.11,0.11,completed,0,0
FI,AS001,AS001,primary,top_4_10,R1,FI_c005,heldout_LODO_prediction,0.2798,0.99536779955661,0.11,0.11,0.11,0.11,completed,0,0
FI,AS001,AS001,primary,top_4_10,R1,FI_c005,heldout_LODO_prediction,0.3003,0.994869431552457,0.11,0.11,0.11,0.11,completed,0,0
FI,AS001,AS001,primary,top_4_10,R1,FI_c005,heldout_LODO_prediction,0.3198,0.998157932945021,0.11,0.11,0.11,0.11,completed,0,0
FI,AS001,AS001,primary,top_4_10,R1,FI_c005,heldout_LODO_prediction,0.34,0.99634280795696,0.11,0.11,0.11,0.11,completed,0,0
FI,AS001,AS001,primary,top_4_10,R1,FI_c005,heldout_LODO_prediction,0.3597,0.990268068817317,0.11,0.11,0.11,0.11,completed,0,0
FI,AS001,AS001,primary,top_4_10,R1,FI_c005,heldout_LODO_prediction,0.3803,0.99449691211094,0.11,0.11,0.11,0.11,completed,0,0
FI,AS001,AS001,primary,top_4_10,R1,FI_c005,heldout_LODO_prediction,0.4002,0.993486224005965,0.11,0.11,0.11,0.11,completed,0,0
FI,AS001,AS001,primary,top_4_10,R1,FI_c005,heldout_LODO_prediction,0.42,0.998226516462234,0.11,0.11,0.11,0.11,completed,0,0
FI,AS001,AS001,primary,top_4_10,R1,FI_c005,heldout_LODO_prediction,0.4397,1.00028613073625,0.11,0.11,0.11,0.11,completed,0,0
FI,AS001,AS001,primary,top_4_10,R1,FI_c005,heldout_LODO_prediction,0.4599,0.993245711159143,0.11,0.11,0.11,0.11,completed,0,0
FI,AS001,AS001,primary,top_4_10,R1,FI_c005,heldout_LODO_prediction,0.48,0.997582334248706,0.11,0.11,0.11,0.11,completed,0,0
FI,AS001,AS001,primary,top_4_10,R1,FI_c005,heldout_LODO_prediction,0.5004,0.996864194774457,0.11,0.11,0.11,0.11,completed,0,0
FI,AS001,AS001,primary,top_4_10,R1,FI_c005,heldout_LODO_prediction,0.5207,1.00315714746236,0.11,0.11,0.11,0.11,completed,0,0
FI,AS001,AS001,primary,top_4_10,R1,FI_c005,heldout_LODO_prediction,0.5394,0.997065794258765,0.11,0.11,0.11,0.11,completed,0,0
FI,AS001,AS001,primary,top_4_10,R1,FI_c005,heldout_LODO_prediction,0.5598,0.998425168912424,0.11,0.11,0.11,0.11,completed,0,0
FI,AS001,AS001,primary,top_4_10,R1,FI_c005,heldout_LODO_prediction,0.579,0.999677634457059,0.11,0.11,0.11,0.11,completed,0,0
FI,AS001,AS001,primary,top_4_10,R1,FI_c005,heldout_LODO_prediction,0.5995,0.999891097050075,0.11,0.11,0.11,0.11,completed,0,0
FI,AS001,AS001,primary,top_4_10,R1,FI_c005,heldout_LODO_prediction,0.6189,0.999922300637543,0.11,0.11,0.11,0.11,completed,0,0
FI,AS001,AS001,primary,top_4_10,R1,FI_c005,heldout_LODO_prediction,0.6389,0.996607577028507,0.11,0.11,0.11,0.11,completed,0,0
FI,AS001,AS001,primary,top_4_10,R1,FI_c005,heldout_LODO_prediction,0.6602,1,0.11,0.11,0.11,0.11,completed,0,0
FI,AS001,AS001,primary,top_4_10,R1,FI_c005,heldout_LODO_prediction,0.6796,1.00242240272888,0.11,0.11,0.11,0.11,completed,0,0
FI,AS001,AS001,primary,top_4_10,R1,FI_c005,heldout_LODO_prediction,0.7001,1.00147049794633,0.11,0.11,0.11,0.11,completed,0,0
FI,AS001,AS001,primary,top_4_10,R1,FI_c005,heldout_LODO_prediction,0.7197,0.998740728974933,0.11,0.11,0.11,0.11,completed,0,0
FI,AS001,AS001,primary,top_4_10,R1,FI_c005,heldout_LODO_prediction,0.7395,1.00100639961865,0.11,0.11,0.11,0.11,completed,0,0
FI,AS001,AS001,primary,top_4_10,R1,FI_c005,heldout_LODO_prediction,0.7605,0.993929199821527,0.11,0.11,0.11,0.11,completed,0,0
FI,AS001,AS001,primary,top_4_10,R1,FI_c005,heldout_LODO_prediction,0.7811,0.995374751195326,0.11,0.11,0.11,0.11,completed,0,0
FI,AS001,AS001,primary,top_4_10,R1,FI_c005,heldout_LODO_prediction,0.8005,1.00054877648263,0.11,0.11,0.11,0.11,completed,0,0
FI,AS001,AS001,secondary,bottom_3_9,R2,FI_c005,heldout_LODO_prediction,0.0602,0.968399130321445,0.11,0.11,0.11,0.11,completed,0,0
FI,AS001,AS001,secondary,bottom_3_9,R2,FI_c005,heldout_LODO_prediction,0.0801,0.995167885408499,0.11,0.11,0.11,0.11,completed,0,0
FI,AS001,AS001,secondary,bottom_3_9,R2,FI_c005,heldout_LODO_prediction,0.1,0.999288950086634,0.11,0.11,0.11,0.11,completed,0,0
FI,AS001,AS001,secondary,bottom_3_9,R2,FI_c005,heldout_LODO_prediction,0.12,0.999358392711779,0.11,0.11,0.11,0.11,completed,0,0
FI,AS001,AS001,secondary,bottom_3_9,R2,FI_c005,heldout_LODO_prediction,0.1402,0.999752777285125,0.11,0.11,0.11,0.11,completed,0,0
FI,AS001,AS001,secondary,bottom_3_9,R2,FI_c005,heldout_LODO_prediction,0.1603,0.991274696640507,0.11,0.11,0.11,0.11,completed,0,0
FI,AS001,AS001,secondary,bottom_3_9,R2,FI_c005,heldout_LODO_prediction,0.1801,0.989411577298619,0.11,0.11,0.11,0.11,completed,0,0
FI,AS001,AS001,secondary,bottom_3_9,R2,FI_c005,heldout_LODO_prediction,0.2002,0.999664789098898,0.11,0.11,0.11,0.11,completed,0,0
FI,AS001,AS001,secondary,bottom_3_9,R2,FI_c005,heldout_LODO_prediction,0.22,0.998123719110625,0.11,0.11,0.11,0.11,completed,0,0
FI,AS001,AS001,secondary,bottom_3_9,R2,FI_c005,heldout_LODO_prediction,0.2402,1.00153430649916,0.11,0.11,0.11,0.11,completed,0,0
FI,AS001,AS001,secondary,bottom_3_9,R2,FI_c005,heldout_LODO_prediction,0.2599,1.00492768449045,0.11,0.11,0.11,0.11,completed,0,0
FI,AS001,AS001,secondary,bottom_3_9,R2,FI_c005,heldout_LODO_prediction,0.2798,0.997466682091283,0.11,0.11,0.11,0.11,completed,0,0
FI,AS001,AS001,secondary,bottom_3_9,R2,FI_c005,heldout_LODO_prediction,0.3003,1.00681497120397,0.11,0.11,0.11,0.11,completed,0,0
FI,AS001,AS001,secondary,bottom_3_9,R2,FI_c005,heldout_LODO_prediction,0.3198,1.01392614624405,0.11,0.11,0.11,0.11,completed,0,0
FI,AS001,AS001,secondary,bottom_3_9,R2,FI_c005,heldout_LODO_prediction,0.34,0.998466058006477,0.11,0.11,0.11,0.11,completed,0,0
FI,AS001,AS001,secondary,bottom_3_9,R2,FI_c005,heldout_LODO_prediction,0.3597,1.00645196543901,0.11,0.11,0.11,0.11,completed,0,0
FI,AS001,AS001,secondary,bottom_3_9,R2,FI_c005,heldout_LODO_prediction,0.3803,0.995914247862108,0.11,0.11,0.11,0.11,completed,0,0
FI,AS001,AS001,secondary,bottom_3_9,R2,FI_c005,heldout_LODO_prediction,0.4002,0.996274141745276,0.11,0.11,0.11,0.11,completed,0,0
FI,AS001,AS001,secondary,bottom_3_9,R2,FI_c005,heldout_LODO_prediction,0.42,0.9996717242008,0.11,0.11,0.11,0.11,completed,0,0
FI,AS001,AS001,secondary,bottom_3_9,R2,FI_c005,heldout_LODO_prediction,0.4397,1.00175222506102,0.11,0.11,0.11,0.11,completed,0,0
FI,AS001,AS001,secondary,bottom_3_9,R2,FI_c005,heldout_LODO_prediction,0.4599,1.00065458040491,0.11,0.11,0.11,0.11,completed,0,0
FI,AS001,AS001,secondary,bottom_3_9,R2,FI_c005,heldout_LODO_prediction,0.48,1.00497042100473,0.11,0.11,0.11,0.11,completed,0,0
FI,AS001,AS001,secondary,bottom_3_9,R2,FI_c005,heldout_LODO_prediction,0.5004,0.998805672136412,0.11,0.11,0.11,0.11,completed,0,0
FI,AS001,AS001,secondary,bottom_3_9,R2,FI_c005,heldout_LODO_prediction,0.5207,1.00549392739243,0.11,0.11,0.11,0.11,completed,0,0
FI,AS001,AS001,secondary,bottom_3_9,R2,FI_c005,heldout_LODO_prediction,0.5394,0.998470053115109,0.11,0.11,0.11,0.11,completed,0,0
FI,AS001,AS001,secondary,bottom_3_9,R2,FI_c005,heldout_LODO_prediction,0.5598,0.996750677110899,0.11,0.11,0.11,0.11,completed,0,0
FI,AS001,AS001,secondary,bottom_3_9,R2,FI_c005,heldout_LODO_prediction,0.579,1.00973108343672,0.11,0.11,0.11,0.11,completed,0,0
FI,AS001,AS001,secondary,bottom_3_9,R2,FI_c005,heldout_LODO_prediction,0.5995,0.996748933757202,0.11,0.11,0.11,0.11,completed,0,0
FI,AS001,AS001,secondary,bottom_3_9,R2,FI_c005,heldout_LODO_prediction,0.6189,1.00556661961832,0.11,0.11,0.11,0.11,completed,0,0
FI,AS001,AS001,secondary,bottom_3_9,R2,FI_c005,heldout_LODO_prediction,0.6389,0.999946859262228,0.11,0.11,0.11,0.11,completed,0,0
FI,AS001,AS001,secondary,bottom_3_9,R2,FI_c005,heldout_LODO_prediction,0.6602,1,0.11,0.11,0.11,0.11,completed,0,0
FI,AS001,AS001,secondary,bottom_3_9,R2,FI_c005,heldout_LODO_prediction,0.6796,1.00252445998555,0.11,0.11,0.11,0.11,completed,0,0
FI,AS001,AS001,secondary,bottom_3_9,R2,FI_c005,heldout_LODO_prediction,0.7001,0.999821877998057,0.11,0.11,0.11,0.11,completed,0,0
FI,AS001,AS001,secondary,bottom_3_9,R2,FI_c005,heldout_LODO_prediction,0.7197,0.998655858014555,0.11,0.11,0.11,0.11,completed,0,0
FI,AS001,AS001,secondary,bottom_3_9,R2,FI_c005,heldout_LODO_prediction,0.7395,1.01247267893867,0.11,0.11,0.11,0.11,completed,0,0
FI,AS001,AS001,secondary,bottom_3_9,R2,FI_c005,heldout_LODO_prediction,0.7605,0.997683504027185,0.11,0.11,0.11,0.11,completed,0,0
FI,AS001,AS001,secondary,bottom_3_9,R2,FI_c005,heldout_LODO_prediction,0.7811,1.00228825974997,0.11,0.11,0.11,0.11,completed,0,0
FI,AS001,AS001,secondary,bottom_3_9,R2,FI_c005,heldout_LODO_prediction,0.8005,1.00839149123268,0.11,0.11,0.11,0.11,completed,0,0
FI,AS002,AS002,primary,top_4_10,R1,FI_c005,heldout_LODO_prediction,0.0483,0.933804511524358,0.09008493788914,0.09008493788914,0.09008493788914,0.09008493788914,completed,0,0
FI,AS002,AS002,primary,top_4_10,R1,FI_c005,heldout_LODO_prediction,0.0597,0.95160260607648,0.09008493788914,0.09008493788914,0.09008493788914,0.09008493788914,completed,0,0
FI,AS002,AS002,primary,top_4_10,R1,FI_c005,heldout_LODO_prediction,0.0792,0.982590688842325,0.09008493788914,0.09008493788914,0.09008493788914,0.09008493788914,completed,0,0
FI,AS002,AS002,primary,top_4_10,R1,FI_c005,heldout_LODO_prediction,0.0985,0.992036079099004,0.09008493788914,0.09008493788914,0.09008493788914,0.09008493788914,completed,0,0
FI,AS002,AS002,primary,top_4_10,R1,FI_c005,heldout_LODO_prediction,0.1182,0.99632906626506,0.09008493788914,0.09008493788914,0.09008493788914,0.09008493788914,completed,0,0
FI,AS002,AS002,primary,top_4_10,R1,FI_c005,heldout_LODO_prediction,0.1383,0.995314136982713,0.09008493788914,0.09008493788914,0.09008493788914,0.09008493788914,completed,0,0
FI,AS002,AS002,primary,top_4_10,R1,FI_c005,heldout_LODO_prediction,0.1593,0.996095796228391,0.09008493788914,0.09008493788914,0.09008493788914,0.09008493788914,completed,0,0
FI,AS002,AS002,primary,top_4_10,R1,FI_c005,heldout_LODO_prediction,0.1799,0.996018039549502,0.09008493788914,0.09008493788914,0.09008493788914,0.09008493788914,completed,0,0
FI,AS002,AS002,primary,top_4_10,R1,FI_c005,heldout_LODO_prediction,0.2,0.994925353588265,0.09008493788914,0.09008493788914,0.09008493788914,0.09008493788914,completed,0,0
FI,AS002,AS002,primary,top_4_10,R1,FI_c005,heldout_LODO_prediction,0.2201,0.997814628077527,0.09008493788914,0.09008493788914,0.09008493788914,0.09008493788914,completed,0,0
FI,AS002,AS002,primary,top_4_10,R1,FI_c005,heldout_LODO_prediction,0.2402,0.999607124148769,0.09008493788914,0.09008493788914,0.09008493788914,0.09008493788914,completed,0,0
FI,AS002,AS002,primary,top_4_10,R1,FI_c005,heldout_LODO_prediction,0.2601,0.996484579622839,0.09008493788914,0.09008493788914,0.09008493788914,0.09008493788914,completed,0,0
FI,AS002,AS002,primary,top_4_10,R1,FI_c005,heldout_LODO_prediction,0.28,0.994065937663697,0.09008493788914,0.09008493788914,0.09008493788914,0.09008493788914,completed,0,0
FI,AS002,AS002,primary,top_4_10,R1,FI_c005,heldout_LODO_prediction,0.3005,0.995314136982713,0.09008493788914,0.09008493788914,0.09008493788914,0.09008493788914,completed,0,0
FI,AS002,AS002,primary,top_4_10,R1,FI_c005,heldout_LODO_prediction,0.3205,0.997343995547407,0.09008493788914,0.09008493788914,0.09008493788914,0.09008493788914,completed,0,0
FI,AS002,AS002,primary,top_4_10,R1,FI_c005,heldout_LODO_prediction,0.3399,0.999296097433211,0.09008493788914,0.09008493788914,0.09008493788914,0.09008493788914,completed,0,0
FI,AS002,AS002,primary,top_4_10,R1,FI_c005,heldout_LODO_prediction,0.3606,0.998592194866422,0.09008493788914,0.09008493788914,0.09008493788914,0.09008493788914,completed,0,0
FI,AS002,AS002,primary,top_4_10,R1,FI_c005,heldout_LODO_prediction,0.3801,0.99312876506024,0.09008493788914,0.09008493788914,0.09008493788914,0.09008493788914,completed,0,0
FI,AS002,AS002,primary,top_4_10,R1,FI_c005,heldout_LODO_prediction,0.4,0.998358924829754,0.09008493788914,0.09008493788914,0.09008493788914,0.09008493788914,completed,0,0
FI,AS002,AS002,primary,top_4_10,R1,FI_c005,heldout_LODO_prediction,0.4208,0.997421752226296,0.09008493788914,0.09008493788914,0.09008493788914,0.09008493788914,completed,0,0
FI,AS002,AS002,primary,top_4_10,R1,FI_c005,heldout_LODO_prediction,0.4407,1.00444850052383,0.09008493788914,0.09008493788914,0.09008493788914,0.09008493788914,completed,0,0
FI,AS002,AS002,primary,top_4_10,R1,FI_c005,heldout_LODO_prediction,0.4607,0.996640092980618,0.09008493788914,0.09008493788914,0.09008493788914,0.09008493788914,completed,0,0
FI,AS002,AS002,primary,top_4_10,R1,FI_c005,heldout_LODO_prediction,0.4789,1.00187025275013,0.09008493788914,0.09008493788914,0.09008493788914,0.09008493788914,completed,0,0
FI,AS002,AS002,primary,top_4_10,R1,FI_c005,heldout_LODO_prediction,0.5004,0.997499508905186,0.09008493788914,0.09008493788914,0.09008493788914,0.09008493788914,completed,0,0
FI,AS002,AS002,primary,top_4_10,R1,FI_c005,heldout_LODO_prediction,0.5206,1.00234088528025,0.09008493788914,0.09008493788914,0.09008493788914,0.09008493788914,completed,0,0
FI,AS002,AS002,primary,top_4_10,R1,FI_c005,heldout_LODO_prediction,0.5401,1.00210761524358,0.09008493788914,0.09008493788914,0.09008493788914,0.09008493788914,completed,0,0
FI,AS002,AS002,primary,top_4_10,R1,FI_c005,heldout_LODO_prediction,0.5591,0.994299207700366,0.09008493788914,0.09008493788914,0.09008493788914,0.09008493788914,completed,0,0
FI,AS002,AS002,primary,top_4_10,R1,FI_c005,heldout_LODO_prediction,0.5808,0.999296097433211,0.09008493788914,0.09008493788914,0.09008493788914,0.09008493788914,completed,0,0
FI,AS002,AS002,primary,top_4_10,R1,FI_c005,heldout_LODO_prediction,0.6006,0.999218340754321,0.09008493788914,0.09008493788914,0.09008493788914,0.09008493788914,completed,0,0
FI,AS002,AS002,primary,top_4_10,R1,FI_c005,heldout_LODO_prediction,0.6203,0.99632906626506,0.09008493788914,0.09008493788914,0.09008493788914,0.09008493788914,completed,0,0
FI,AS002,AS002,primary,top_4_10,R1,FI_c005,heldout_LODO_prediction,0.6411,0.991254419853327,0.09008493788914,0.09008493788914,0.09008493788914,0.09008493788914,completed,0,0
FI,AS002,AS002,primary,top_4_10,R1,FI_c005,heldout_LODO_prediction,0.6604,0.997892384756417,0.09008493788914,0.09008493788914,0.09008493788914,0.09008493788914,completed,0,0
FI,AS002,AS002,primary,top_4_10,R1,FI_c005,heldout_LODO_prediction,0.6819,1.00382235463594,0.09008493788914,0.09008493788914,0.09008493788914,0.09008493788914,completed,0,0
FI,AS002,AS002,primary,top_4_10,R1,FI_c005,heldout_LODO_prediction,0.7011,0.998907314038764,0.09008493788914,0.09008493788914,0.09008493788914,0.09008493788914,completed,0,0
FI,AS002,AS002,primary,top_4_10,R1,FI_c005,heldout_LODO_prediction,0.7192,0.997032968831849,0.09008493788914,0.09008493788914,0.09008493788914,0.09008493788914,completed,0,0
FI,AS002,AS002,primary,top_4_10,R1,FI_c005,heldout_LODO_prediction,0.7406,1.00101492928235,0.09008493788914,0.09008493788914,0.09008493788914,0.09008493788914,completed,0,0
FI,AS002,AS002,primary,top_4_10,R1,FI_c005,heldout_LODO_prediction,0.7604,0.998514438187533,0.09008493788914,0.09008493788914,0.09008493788914,0.09008493788914,completed,0,0
FI,AS002,AS002,primary,top_4_10,R1,FI_c005,heldout_LODO_prediction,0.7796,1.00101492928235,0.09008493788914,0.09008493788914,0.09008493788914,0.09008493788914,completed,0,0
FI,AS002,AS002,primary,top_4_10,R1,FI_c005,heldout_LODO_prediction,0.7969,1.00795982844421,0.09008493788914,0.09008493788914,0.09008493788914,0.09008493788914,completed,0,0
FI,AS002,AS002,primary,top_4_10,R1,FI_c005,heldout_LODO_prediction,0.803,0.997814628077527,0.09008493788914,0.09008493788914,0.09008493788914,0.09008493788914,completed,0,0
FI,AS002,AS002,primary,top_4_10,R1,FI_c005,heldout_LODO_prediction,0.8178,1.0027296686747,0.09008493788914,0.09008493788914,0.09008493788914,0.09008493788914,completed,0,0
FI,AS002,AS002,primary,top_4_10,R1,FI_c005,heldout_LODO_prediction,0.8611,0.999218340754321,0.09008493788914,0.09008493788914,0.09008493788914,0.09008493788914,completed,0,0
FI,AS002,AS002,primary,top_4_10,R1,FI_c005,heldout_LODO_prediction,0.8828,0.998436681508643,0.09008493788914,0.09008493788914,0.09008493788914,0.09008493788914,completed,0,0
FI,AS002,AS002,primary,top_4_10,R1,FI_c005,heldout_LODO_prediction,0.901,1,0.09008493788914,0.09008493788914,0.09008493788914,0.09008493788914,completed,0,0
FI,AS002,AS002,primary,top_4_10,R1,FI_c005,heldout_LODO_prediction,0.9204,1.0013259559979,0.09008493788914,0.09008493788914,0.09008493788914,0.09008493788914,completed,0,0
FI,AS002,AS002,primary,top_4_10,R1,FI_c005,heldout_LODO_prediction,0.9416,0.998125654793085,0.09008493788914,0.09008493788914,0.09008493788914,0.09008493788914,completed,0,0
FI,AS002,AS002,primary,top_4_10,R1,FI_c005,heldout_LODO_prediction,0.9603,1.00194800942902,0.09008493788914,0.09008493788914,0.09008493788914,0.09008493788914,completed,0,0
FI,AS002,AS002,primary,top_4_10,R1,FI_c005,heldout_LODO_prediction,0.9801,1.00148146935568,0.09008493788914,0.09008493788914,0.09008493788914,0.09008493788914,completed,0,0
FI,AS002,AS002,primary,top_4_10,R1,FI_c005,heldout_LODO_prediction,1.0007,0.997421752226296,0.09008493788914,0.09008493788914,0.09008493788914,0.09008493788914,completed,0,0
FI,AS003,AS003,primary,bottom_3_9,R2,FI_c005,heldout_LODO_prediction,0.0482,1.01375313749178,0.102725901499408,0.102725901499408,0.102725901499408,0.102725901499408,completed,0,0
FI,AS003,AS003,primary,bottom_3_9,R2,FI_c005,heldout_LODO_prediction,0.0598,1.01343641064165,0.102725901499408,0.102725901499408,0.102725901499408,0.102725901499408,completed,0,0
FI,AS003,AS003,primary,bottom_3_9,R2,FI_c005,heldout_LODO_prediction,0.0791,1.01301640329692,0.102725901499408,0.102725901499408,0.102725901499408,0.102725901499408,completed,0,0
FI,AS003,AS003,primary,bottom_3_9,R2,FI_c005,heldout_LODO_prediction,0.0983,1.01171432603899,0.102725901499408,0.102725901499408,0.102725901499408,0.102725901499408,completed,0,0
FI,AS003,AS003,primary,bottom_3_9,R2,FI_c005,heldout_LODO_prediction,0.1181,1.01071604377296,0.102725901499408,0.102725901499408,0.102725901499408,0.102725901499408,completed,0,0
FI,AS003,AS003,primary,bottom_3_9,R2,FI_c005,heldout_LODO_prediction,0.1386,1.00976595444391,0.102725901499408,0.102725901499408,0.102725901499408,0.102725901499408,completed,0,0
FI,AS003,AS003,primary,bottom_3_9,R2,FI_c005,heldout_LODO_prediction,0.1592,1.0092427168424,0.102725901499408,0.102725901499408,0.102725901499408,0.102725901499408,completed,0,0
FI,AS003,AS003,primary,bottom_3_9,R2,FI_c005,heldout_LODO_prediction,0.1799,1.00908436862089,0.102725901499408,0.102725901499408,0.102725901499408,0.102725901499408,completed,0,0
FI,AS003,AS003,primary,bottom_3_9,R2,FI_c005,heldout_LODO_prediction,0.2001,1.0078244675541,0.102725901499408,0.102725901499408,0.102725901499408,0.102725901499408,completed,0,0
FI,AS003,AS003,primary,bottom_3_9,R2,FI_c005,heldout_LODO_prediction,0.2202,1.0078244675541,0.102725901499408,0.102725901499408,0.102725901499408,0.102725901499408,completed,0,0
FI,AS003,AS003,primary,bottom_3_9,R2,FI_c005,heldout_LODO_prediction,0.2399,1.00734942288958,0.102725901499408,0.102725901499408,0.102725901499408,0.102725901499408,completed,0,0
FI,AS003,AS003,primary,bottom_3_9,R2,FI_c005,heldout_LODO_prediction,0.2602,1.00692945586732,0.102725901499408,0.102725901499408,0.102725901499408,0.102725901499408,completed,0,0
FI,AS003,AS003,primary,bottom_3_9,R2,FI_c005,heldout_LODO_prediction,0.2798,1.00635802532883,0.102725901499408,0.102725901499408,0.102725901499408,0.102725901499408,completed,0,0
FI,AS003,AS003,primary,bottom_3_9,R2,FI_c005,heldout_LODO_prediction,0.3002,1.00646129590807,0.102725901499408,0.102725901499408,0.102725901499408,0.102725901499408,completed,0,0
FI,AS003,AS003,primary,bottom_3_9,R2,FI_c005,heldout_LODO_prediction,0.3202,1.00598625124355,0.102725901499408,0.102725901499408,0.102725901499408,0.102725901499408,completed,0,0
FI,AS003,AS003,primary,bottom_3_9,R2,FI_c005,heldout_LODO_prediction,0.3406,1.00598625124355,0.102725901499408,0.102725901499408,0.102725901499408,0.102725901499408,completed,0,0
FI,AS003,AS003,primary,bottom_3_9,R2,FI_c005,heldout_LODO_prediction,0.3604,1.0046712725345,0.102725901499408,0.102725901499408,0.102725901499408,0.102725901499408,completed,0,0
FI,AS003,AS003,primary,bottom_3_9,R2,FI_c005,heldout_LODO_prediction,0.3797,1.0046712725345,0.102725901499408,0.102725901499408,0.102725901499408,0.102725901499408,completed,0,0
FI,AS003,AS003,primary,bottom_3_9,R2,FI_c005,heldout_LODO_prediction,0.4006,1.003783145553,0.102725901499408,0.102725901499408,0.102725901499408,0.102725901499408,completed,0,0
FI,AS003,AS003,primary,bottom_3_9,R2,FI_c005,heldout_LODO_prediction,0.4195,1.00556628422129,0.102725901499408,0.102725901499408,0.102725901499408,0.102725901499408,completed,0,0
FI,AS003,AS003,primary,bottom_3_9,R2,FI_c005,heldout_LODO_prediction,0.4398,1.00451292431299,0.102725901499408,0.102725901499408,0.102725901499408,0.102725901499408,completed,0,0
FI,AS003,AS003,primary,bottom_3_9,R2,FI_c005,heldout_LODO_prediction,0.4595,1.00446473137601,0.102725901499408,0.102725901499408,0.102725901499408,0.102725901499408,completed,0,0
FI,AS003,AS003,primary,bottom_3_9,R2,FI_c005,heldout_LODO_prediction,0.4801,1.00299140444546,0.102725901499408,0.102725901499408,0.102725901499408,0.102725901499408,completed,0,0
FI,AS003,AS003,primary,bottom_3_9,R2,FI_c005,heldout_LODO_prediction,0.4991,1.00388641613224,0.102725901499408,0.102725901499408,0.102725901499408,0.102725901499408,completed,0,0
FI,AS003,AS003,primary,bottom_3_9,R2,FI_c005,heldout_LODO_prediction,0.5194,1.00346644910998,0.102725901499408,0.102725901499408,0.102725901499408,0.102725901499408,completed,0,0
FI,AS003,AS003,primary,bottom_3_9,R2,FI_c005,heldout_LODO_prediction,0.5404,1.00362479733149,0.102725901499408,0.102725901499408,0.102725901499408,0.102725901499408,completed,0,0
FI,AS003,AS003,primary,bottom_3_9,R2,FI_c005,heldout_LODO_prediction,0.56,1.00330810088847,0.102725901499408,0.102725901499408,0.102725901499408,0.102725901499408,completed,0,0
FI,AS003,AS003,primary,bottom_3_9,R2,FI_c005,heldout_LODO_prediction,0.5804,1.00320483030923,0.102725901499408,0.102725901499408,0.102725901499408,0.102725901499408,completed,0,0
FI,AS003,AS003,primary,bottom_3_9,R2,FI_c005,heldout_LODO_prediction,0.599,1.00310155972998,0.102725901499408,0.102725901499408,0.102725901499408,0.102725901499408,completed,0,0
FI,AS003,AS003,primary,bottom_3_9,R2,FI_c005,heldout_LODO_prediction,0.6194,1.00210327746395,0.102725901499408,0.102725901499408,0.102725901499408,0.102725901499408,completed,0,0
FI,AS003,AS003,primary,bottom_3_9,R2,FI_c005,heldout_LODO_prediction,0.6405,1.00225474098017,0.102725901499408,0.102725901499408,0.102725901499408,0.102725901499408,completed,0,0
FI,AS003,AS003,primary,bottom_3_9,R2,FI_c005,heldout_LODO_prediction,0.6598,1.00225474098017,0.102725901499408,0.102725901499408,0.102725901499408,0.102725901499408,completed,0,0
FI,AS003,AS003,primary,bottom_3_9,R2,FI_c005,heldout_LODO_prediction,0.6807,1.00157315515716,0.102725901499408,0.102725901499408,0.102725901499408,0.102725901499408,completed,0,0
FI,AS003,AS003,primary,bottom_3_9,R2,FI_c005,heldout_LODO_prediction,0.699,1.00210327746395,0.102725901499408,0.102725901499408,0.102725901499408,0.102725901499408,completed,0,0
FI,AS003,AS003,primary,bottom_3_9,R2,FI_c005,heldout_LODO_prediction,0.72,1.00178658102093,0.102725901499408,0.102725901499408,0.102725901499408,0.102725901499408,completed,0,0
FI,AS003,AS003,primary,bottom_3_9,R2,FI_c005,heldout_LODO_prediction,0.7391,1.00104991755565,0.102725901499408,0.102725901499408,0.102725901499408,0.102725901499408,completed,0,0
FI,AS003,AS003,primary,bottom_3_9,R2,FI_c005,heldout_LODO_prediction,0.7596,1.00104991755565,0.102725901499408,0.102725901499408,0.102725901499408,0.102725901499408,completed,0,0
FI,AS003,AS003,primary,bottom_3_9,R2,FI_c005,heldout_LODO_prediction,0.7806,1.00194492924244,0.102725901499408,0.102725901499408,0.102725901499408,0.102725901499408,completed,0,0
FI,AS003,AS003,primary,bottom_3_9,R2,FI_c005,heldout_LODO_prediction,0.7849,1.00031325409038,0.102725901499408,0.102725901499408,0.102725901499408,0.102725901499408,completed,0,0
FI,AS003,AS003,primary,bottom_3_9,R2,FI_c005,heldout_LODO_prediction,0.7987,1.00110499519792,0.102725901499408,0.102725901499408,0.102725901499408,0.102725901499408,completed,0,0
FI,AS003,AS003,primary,bottom_3_9,R2,FI_c005,heldout_LODO_prediction,0.8418,1.00068502817566,0.102725901499408,0.102725901499408,0.102725901499408,0.102725901499408,completed,0,0
FI,AS003,AS003,primary,bottom_3_9,R2,FI_c005,heldout_LODO_prediction,0.8613,0.999418242403587,0.102725901499408,0.102725901499408,0.102725901499408,0.102725901499408,completed,0,0
FI,AS003,AS003,primary,bottom_3_9,R2,FI_c005,heldout_LODO_prediction,0.8779,1.00005163528962,0.102725901499408,0.102725901499408,0.102725901499408,0.102725901499408,completed,0,0
FI,AS003,AS003,primary,bottom_3_9,R2,FI_c005,heldout_LODO_prediction,0.9012,0.999948364710378,0.102725901499408,0.102725901499408,0.102725901499408,0.102725901499408,completed,0,0
FI,AS003,AS003,primary,bottom_3_9,R2,FI_c005,heldout_LODO_prediction,0.9196,0.999948364710378,0.102725901499408,0.102725901499408,0.102725901499408,0.102725901499408,completed,0,0
FI,AS003,AS003,primary,bottom_3_9,R2,FI_c005,heldout_LODO_prediction,0.9407,0.998998275381328,0.102725901499408,0.102725901499408,0.102725901499408,0.102725901499408,completed,0,0
FI,AS003,AS003,primary,bottom_3_9,R2,FI_c005,heldout_LODO_prediction,0.9612,0.998578308359065,0.102725901499408,0.102725901499408,0.102725901499408,0.102725901499408,completed,0,0
FI,AS004,AS004,primary,top_4_10,R1,FI_c005,heldout_LODO_prediction,0.06,0.0163491245559441,0.0766551965314274,0.0766551965314274,0.0766551965314274,0.0766551965314274,completed,0,0
FI,AS004,AS004,primary,top_4_10,R1,FI_c005,heldout_LODO_prediction,0.0801,0.0221247551064739,0.0766551965314274,0.0766551965314274,0.0766551965314274,0.0766551965314274,completed,0,0
FI,AS004,AS004,primary,top_4_10,R1,FI_c005,heldout_LODO_prediction,0.0999,0.00646083482937367,0.0766551965314274,0.0766551965314274,0.0766551965314274,0.0766551965314274,completed,0,0
FI,AS004,AS004,primary,top_4_10,R1,FI_c005,heldout_LODO_prediction,0.1203,0.0117052053498566,0.0766551965314274,0.0766551965314274,0.0766551965314274,0.0766551965314274,completed,0,0
FI,AS004,AS004,primary,top_4_10,R1,FI_c005,heldout_LODO_prediction,0.14,0.0184606662609346,0.0766551965314274,0.0766551965314274,0.0766551965314274,0.0766551965314274,completed,0,0
FI,AS004,AS004,primary,top_4_10,R1,FI_c005,heldout_LODO_prediction,0.1601,0.00842510043351606,0.0766551965314274,0.0766551965314274,0.0766551965314274,0.0766551965314274,completed,0,0
FI,AS004,AS004,primary,top_4_10,R1,FI_c005,heldout_LODO_prediction,0.1801,0.0211614626921217,0.0766551965314274,0.0766551965314274,0.0766551965314274,0.0766551965314274,completed,0,0
FI,AS004,AS004,primary,top_4_10,R1,FI_c005,heldout_LODO_prediction,0.2001,0.120345898469837,0.0766551965314274,0.0766551965314274,0.0766551965314274,0.0766551965314274,completed,0,0
FI,AS004,AS004,primary,top_4_10,R1,FI_c005,heldout_LODO_prediction,0.2202,0.422328914305196,0.0766551965314274,0.0766551965314274,0.0766551965314274,0.0766551965314274,completed,0,0
FI,AS004,AS004,primary,top_4_10,R1,FI_c005,heldout_LODO_prediction,0.2397,0.616052424276574,0.0766551965314274,0.0766551965314274,0.0766551965314274,0.0766551965314274,completed,0,0
FI,AS004,AS004,primary,top_4_10,R1,FI_c005,heldout_LODO_prediction,0.2599,0.787570218056837,0.0766551965314274,0.0766551965314274,0.0766551965314274,0.0766551965314274,completed,0,0
FI,AS004,AS004,primary,top_4_10,R1,FI_c005,heldout_LODO_prediction,0.2796,0.873066906931596,0.0766551965314274,0.0766551965314274,0.0766551965314274,0.0766551965314274,completed,0,0
FI,AS004,AS004,primary,top_4_10,R1,FI_c005,heldout_LODO_prediction,0.2998,0.927241101818192,0.0766551965314274,0.0766551965314274,0.0766551965314274,0.0766551965314274,completed,0,0
FI,AS004,AS004,primary,top_4_10,R1,FI_c005,heldout_LODO_prediction,0.3198,0.968627544574351,0.0766551965314274,0.0766551965314274,0.0766551965314274,0.0766551965314274,completed,0,0
FI,AS004,AS004,primary,top_4_10,R1,FI_c005,heldout_LODO_prediction,0.3401,0.984946659101492,0.0766551965314274,0.0766551965314274,0.0766551965314274,0.0766551965314274,completed,0,0
FI,AS004,AS004,primary,top_4_10,R1,FI_c005,heldout_LODO_prediction,0.3599,1.00302635054138,0.0766551965314274,0.0766551965314274,0.0766551965314274,0.0766551965314274,completed,0,0
FI,AS004,AS004,primary,top_4_10,R1,FI_c005,heldout_LODO_prediction,0.3801,0.992088250846286,0.0766551965314274,0.0766551965314274,0.0766551965314274,0.0766551965314274,completed,0,0
FI,AS004,AS004,primary,top_4_10,R1,FI_c005,heldout_LODO_prediction,0.4001,0.986771685157217,0.0766551965314274,0.0766551965314274,0.0766551965314274,0.0766551965314274,completed,0,0
FI,AS004,AS004,primary,top_4_10,R1,FI_c005,heldout_LODO_prediction,0.4203,0.972041375387201,0.0766551965314274,0.0766551965314274,0.0766551965314274,0.0766551965314274,completed,0,0
FI,AS004,AS004,primary,top_4_10,R1,FI_c005,heldout_LODO_prediction,0.4402,0.978380252774682,0.0766551965314274,0.0766551965314274,0.0766551965314274,0.0766551965314274,completed,0,0
FI,AS004,AS004,primary,top_4_10,R1,FI_c005,heldout_LODO_prediction,0.4604,0.962293300567854,0.0766551965314274,0.0766551965314274,0.0766551965314274,0.0766551965314274,completed,0,0
FI,AS004,AS004,primary,top_4_10,R1,FI_c005,heldout_LODO_prediction,0.4795,0.942005000754996,0.0766551965314274,0.0766551965314274,0.0766551965314274,0.0766551965314274,completed,0,0
FI,AS004,AS004,primary,top_4_10,R1,FI_c005,heldout_LODO_prediction,0.4997,0.95578252565068,0.0766551965314274,0.0766551965314274,0.0766551965314274,0.0766551965314274,completed,0,0
FI,AS004,AS004,primary,top_4_10,R1,FI_c005,heldout_LODO_prediction,0.5194,0.947377728877993,0.0766551965314274,0.0766551965314274,0.0766551965314274,0.0766551965314274,completed,0,0
FI,AS004,AS004,primary,top_4_10,R1,FI_c005,heldout_LODO_prediction,0.5408,0.963199390325209,0.0766551965314274,0.0766551965314274,0.0766551965314274,0.0766551965314274,completed,0,0
FI,AS004,AS004,primary,top_4_10,R1,FI_c005,heldout_LODO_prediction,0.5608,0.969614032338558,0.0766551965314274,0.0766551965314274,0.0766551965314274,0.0766551965314274,completed,0,0
FI,AS004,AS004,primary,top_4_10,R1,FI_c005,heldout_LODO_prediction,0.5801,0.973897986003505,0.0766551965314274,0.0766551965314274,0.0766551965314274,0.0766551965314274,completed,0,0
FI,AS004,AS004,primary,top_4_10,R1,FI_c005,heldout_LODO_prediction,0.6001,0.980627453283256,0.0766551965314274,0.0766551965314274,0.0766551965314274,0.0766551965314274,completed,0,0
FI,AS004,AS004,primary,top_4_10,R1,FI_c005,heldout_LODO_prediction,0.6197,0.983366501416841,0.0766551965314274,0.0766551965314274,0.0766551965314274,0.0766551965314274,completed,0,0
FI,AS004,AS004,primary,top_4_10,R1,FI_c005,heldout_LODO_prediction,0.6394,0.983399924452583,0.0766551965314274,0.0766551965314274,0.0766551965314274,0.0766551965314274,completed,0,0
FI,AS004,AS004,primary,top_4_10,R1,FI_c005,heldout_LODO_prediction,0.6599,1.00804069384992,0.0766551965314274,0.0766551965314274,0.0766551965314274,0.0766551965314274,completed,0,0
FI,AS004,AS004,primary,top_4_10,R1,FI_c005,heldout_LODO_prediction,0.6795,1.00123451781783,0.0766551965314274,0.0766551965314274,0.0766551965314274,0.0766551965314274,completed,0,0
FI,AS004,AS004,primary,top_4_10,R1,FI_c005,heldout_LODO_prediction,0.6995,0.998204227880565,0.0766551965314274,0.0766551965314274,0.0766551965314274,0.0766551965314274,completed,0,0
FI,AS004,AS004,primary,top_4_10,R1,FI_c005,heldout_LODO_prediction,0.719,1,0.0766551965314274,0.0766551965314274,0.0766551965314274,0.0766551965314274,completed,0,0
FI,AS004,AS004,primary,top_4_10,R1,FI_c005,heldout_LODO_prediction,0.7407,1.0066877751729,0.0766551965314274,0.0766551965314274,0.0766551965314274,0.0766551965314274,completed,0,0
FI,AS004,AS004,primary,top_4_10,R1,FI_c005,heldout_LODO_prediction,0.7601,1.00282003429814,0.0766551965314274,0.0766551965314274,0.0766551965314274,0.0766551965314274,completed,0,0
FI,AS004,AS004,primary,top_4_10,R1,FI_c005,heldout_LODO_prediction,0.78,0.997786526767017,0.0766551965314274,0.0766551965314274,0.0766551965314274,0.0766551965314274,completed,0,0
FI,AS004,AS004,primary,top_4_10,R1,FI_c005,heldout_LODO_prediction,0.8,0.99846837600157,0.0766551965314274,0.0766551965314274,0.0766551965314274,0.0766551965314274,completed,0,0
FI,AS004,AS004,primary,top_4_10,R1,FI_c005,heldout_LODO_prediction,0.8197,0.995150781726341,0.0766551965314274,0.0766551965314274,0.0766551965314274,0.0766551965314274,completed,0,0
FI,AS004,AS004,primary,top_4_10,R1,FI_c005,heldout_LODO_prediction,0.8382,0.99503471772094,0.0766551965314274,0.0766551965314274,0.0766551965314274,0.0766551965314274,completed,0,0
FI,AS004,AS004,primary,top_4_10,R1,FI_c005,heldout_LODO_prediction,0.8608,1.01889916985874,0.0766551965314274,0.0766551965314274,0.0766551965314274,0.0766551965314274,completed,0,0
FI,AS004,AS004,primary,top_4_10,R1,FI_c005,heldout_LODO_prediction,0.8805,1.01187429084557,0.0766551965314274,0.0766551965314274,0.0766551965314274,0.0766551965314274,completed,0,0
FI,AS004,AS004,secondary,bottom_3_9,R2,FI_c005,heldout_LODO_prediction,0.06,0.00597616075041147,0.0766551965314274,0.0766551965314274,0.0766551965314274,0.0766551965314274,completed,0,0
FI,AS004,AS004,secondary,bottom_3_9,R2,FI_c005,heldout_LODO_prediction,0.0801,0.00445815084071015,0.0766551965314274,0.0766551965314274,0.0766551965314274,0.0766551965314274,completed,0,0
FI,AS004,AS004,secondary,bottom_3_9,R2,FI_c005,heldout_LODO_prediction,0.0999,0.00604584683539653,0.0766551965314274,0.0766551965314274,0.0766551965314274,0.0766551965314274,completed,0,0
FI,AS004,AS004,secondary,bottom_3_9,R2,FI_c005,heldout_LODO_prediction,0.1203,0.0262368507283366,0.0766551965314274,0.0766551965314274,0.0766551965314274,0.0766551965314274,completed,0,0
FI,AS004,AS004,secondary,bottom_3_9,R2,FI_c005,heldout_LODO_prediction,0.14,0.0337436284888956,0.0766551965314274,0.0766551965314274,0.0766551965314274,0.0766551965314274,completed,0,0
FI,AS004,AS004,secondary,bottom_3_9,R2,FI_c005,heldout_LODO_prediction,0.1601,0.0606116391029956,0.0766551965314274,0.0766551965314274,0.0766551965314274,0.0766551965314274,completed,0,0
FI,AS004,AS004,secondary,bottom_3_9,R2,FI_c005,heldout_LODO_prediction,0.1801,0.142264988562491,0.0766551965314274,0.0766551965314274,0.0766551965314274,0.0766551965314274,completed,0,0
FI,AS004,AS004,secondary,bottom_3_9,R2,FI_c005,heldout_LODO_prediction,0.2001,0.183477377595455,0.0766551965314274,0.0766551965314274,0.0766551965314274,0.0766551965314274,completed,0,0
FI,AS004,AS004,secondary,bottom_3_9,R2,FI_c005,heldout_LODO_prediction,0.2202,0.3257645736428,0.0766551965314274,0.0766551965314274,0.0766551965314274,0.0766551965314274,completed,0,0
FI,AS004,AS004,secondary,bottom_3_9,R2,FI_c005,heldout_LODO_prediction,0.2397,0.464320387072748,0.0766551965314274,0.0766551965314274,0.0766551965314274,0.0766551965314274,completed,0,0
FI,AS004,AS004,secondary,bottom_3_9,R2,FI_c005,heldout_LODO_prediction,0.2599,0.603297604893819,0.0766551965314274,0.0766551965314274,0.0766551965314274,0.0766551965314274,completed,0,0
FI,AS004,AS004,secondary,bottom_3_9,R2,FI_c005,heldout_LODO_prediction,0.2796,0.686325288265254,0.0766551965314274,0.0766551965314274,0.0766551965314274,0.0766551965314274,completed,0,0
FI,AS004,AS004,secondary,bottom_3_9,R2,FI_c005,heldout_LODO_prediction,0.2998,0.700347294527864,0.0766551965314274,0.0766551965314274,0.0766551965314274,0.0766551965314274,completed,0,0
FI,AS004,AS004,secondary,bottom_3_9,R2,FI_c005,heldout_LODO_prediction,0.3198,0.747689718826464,0.0766551965314274,0.0766551965314274,0.0766551965314274,0.0766551965314274,completed,0,0
FI,AS004,AS004,secondary,bottom_3_9,R2,FI_c005,heldout_LODO_prediction,0.3401,0.769522160112632,0.0766551965314274,0.0766551965314274,0.0766551965314274,0.0766551965314274,completed,0,0
FI,AS004,AS004,secondary,bottom_3_9,R2,FI_c005,heldout_LODO_prediction,0.3599,0.80785368927162,0.0766551965314274,0.0766551965314274,0.0766551965314274,0.0766551965314274,completed,0,0
FI,AS004,AS004,secondary,bottom_3_9,R2,FI_c005,heldout_LODO_prediction,0.3801,0.853453519715556,0.0766551965314274,0.0766551965314274,0.0766551965314274,0.0766551965314274,completed,0,0
FI,AS004,AS004,secondary,bottom_3_9,R2,FI_c005,heldout_LODO_prediction,0.4001,0.88840177333201,0.0766551965314274,0.0766551965314274,0.0766551965314274,0.0766551965314274,completed,0,0
FI,AS004,AS004,secondary,bottom_3_9,R2,FI_c005,heldout_LODO_prediction,0.4203,0.913346872570444,0.0766551965314274,0.0766551965314274,0.0766551965314274,0.0766551965314274,completed,0,0
FI,AS004,AS004,secondary,bottom_3_9,R2,FI_c005,heldout_LODO_prediction,0.4402,0.933785910451369,0.0766551965314274,0.0766551965314274,0.0766551965314274,0.0766551965314274,completed,0,0
FI,AS004,AS004,secondary,bottom_3_9,R2,FI_c005,heldout_LODO_prediction,0.4604,0.933980157244377,0.0766551965314274,0.0766551965314274,0.0766551965314274,0.0766551965314274,completed,0,0
FI,AS004,AS004,secondary,bottom_3_9,R2,FI_c005,heldout_LODO_prediction,0.4795,0.94077150899414,0.0766551965314274,0.0766551965314274,0.0766551965314274,0.0766551965314274,completed,0,0
FI,AS004,AS004,secondary,bottom_3_9,R2,FI_c005,heldout_LODO_prediction,0.4997,0.963457849243647,0.0766551965314274,0.0766551965314274,0.0766551965314274,0.0766551965314274,completed,0,0
FI,AS004,AS004,secondary,bottom_3_9,R2,FI_c005,heldout_LODO_prediction,0.5194,0.961185510433705,0.0766551965314274,0.0766551965314274,0.0766551965314274,0.0766551965314274,completed,0,0
FI,AS004,AS004,secondary,bottom_3_9,R2,FI_c005,heldout_LODO_prediction,0.5408,0.970861868981005,0.0766551965314274,0.0766551965314274,0.0766551965314274,0.0766551965314274,completed,0,0
FI,AS004,AS004,secondary,bottom_3_9,R2,FI_c005,heldout_LODO_prediction,0.5608,0.971716381423416,0.0766551965314274,0.0766551965314274,0.0766551965314274,0.0766551965314274,completed,0,0
FI,AS004,AS004,secondary,bottom_3_9,R2,FI_c005,heldout_LODO_prediction,0.5801,0.968671288149577,0.0766551965314274,0.0766551965314274,0.0766551965314274,0.0766551965314274,completed,0,0
FI,AS004,AS004,secondary,bottom_3_9,R2,FI_c005,heldout_LODO_prediction,0.6001,0.989695793958056,0.0766551965314274,0.0766551965314274,0.0766551965314274,0.0766551965314274,completed,0,0
FI,AS004,AS004,secondary,bottom_3_9,R2,FI_c005,heldout_LODO_prediction,0.6197,0.973226940060118,0.0766551965314274,0.0766551965314274,0.0766551965314274,0.0766551965314274,completed,0,0
FI,AS004,AS004,secondary,bottom_3_9,R2,FI_c005,heldout_LODO_prediction,0.6394,0.989827262263897,0.0766551965314274,0.0766551965314274,0.0766551965314274,0.0766551965314274,completed,0,0
FI,AS004,AS004,secondary,bottom_3_9,R2,FI_c005,heldout_LODO_prediction,0.6599,0.990305965806532,0.0766551965314274,0.0766551965314274,0.0766551965314274,0.0766551965314274,completed,0,0
FI,AS004,AS004,secondary,bottom_3_9,R2,FI_c005,heldout_LODO_prediction,0.6795,0.98331377165572,0.0766551965314274,0.0766551965314274,0.0766551965314274,0.0766551965314274,completed,0,0
FI,AS004,AS004,secondary,bottom_3_9,R2,FI_c005,heldout_LODO_prediction,0.6995,0.998746931366054,0.0766551965314274,0.0766551965314274,0.0766551965314274,0.0766551965314274,completed,0,0
FI,AS004,AS004,secondary,bottom_3_9,R2,FI_c005,heldout_LODO_prediction,0.719,0.996313226963759,0.0766551965314274,0.0766551965314274,0.0766551965314274,0.0766551965314274,completed,0,0
FI,AS004,AS004,secondary,bottom_3_9,R2,FI_c005,heldout_LODO_prediction,0.7407,1.00308824558247,0.0766551965314274,0.0766551965314274,0.0766551965314274,0.0766551965314274,completed,0,0
FI,AS004,AS004,secondary,bottom_3_9,R2,FI_c005,heldout_LODO_prediction,0.7601,0.997672444035445,0.0766551965314274,0.0766551965314274,0.0766551965314274,0.0766551965314274,completed,0,0
FI,AS004,AS004,secondary,bottom_3_9,R2,FI_c005,heldout_LODO_prediction,0.78,1,0.0766551965314274,0.0766551965314274,0.0766551965314274,0.0766551965314274,completed,0,0
FI,AS004,AS004,secondary,bottom_3_9,R2,FI_c005,heldout_LODO_prediction,0.8,1.00619352694564,0.0766551965314274,0.0766551965314274,0.0766551965314274,0.0766551965314274,completed,0,0
FI,AS004,AS004,secondary,bottom_3_9,R2,FI_c005,heldout_LODO_prediction,0.8197,0.994130335682866,0.0766551965314274,0.0766551965314274,0.0766551965314274,0.0766551965314274,completed,0,0
FI,AS004,AS004,secondary,bottom_3_9,R2,FI_c005,heldout_LODO_prediction,0.8382,1.01306303194245,0.0766551965314274,0.0766551965314274,0.0766551965314274,0.0766551965314274,completed,0,0
FI,AS004,AS004,secondary,bottom_3_9,R2,FI_c005,heldout_LODO_prediction,0.8608,0.991963793811628,0.0766551965314274,0.0766551965314274,0.0766551965314274,0.0766551965314274,completed,0,0
FI,AS004,AS004,secondary,bottom_3_9,R2,FI_c005,heldout_LODO_prediction,0.8805,1.01371385792446,0.0766551965314274,0.0766551965314274,0.0766551965314274,0.0766551965314274,completed,0,0
FI,AS005,AS005,primary,top_4_10,R1,FI_c001,heldout_LODO_prediction,0.049,0.0484780381697647,0.196684461489482,0.196684461489482,0.196684461489482,0.196684461489482,completed,0,0
FI,AS005,AS005,primary,top_4_10,R1,FI_c001,heldout_LODO_prediction,0.0793,0.0502687407768436,0.196684461489482,0.196684461489482,0.196684461489482,0.196684461489483,completed,0,0
FI,AS005,AS005,primary,top_4_10,R1,FI_c001,heldout_LODO_prediction,0.0993,0.0523342765209464,0.196684461489482,0.196684461489482,0.196684461489482,0.196684461489484,completed,0,0
FI,AS005,AS005,primary,top_4_10,R1,FI_c001,heldout_LODO_prediction,0.1389,0.0626637603852177,0.196684461489483,0.196684461489482,0.196684461489482,0.196684461489485,completed,0,0
FI,AS005,AS005,primary,top_4_10,R1,FI_c001,heldout_LODO_prediction,0.1788,0.0677592299256732,0.196684461489483,0.196684461489483,0.196684461489482,0.196684461489487,completed,0,0
FI,AS005,AS005,primary,top_4_10,R1,FI_c001,heldout_LODO_prediction,0.2002,0.0695494812468128,0.196684461489483,0.196684461489483,0.196684461489482,0.196684461489489,completed,0,0
FI,AS005,AS005,primary,top_4_10,R1,FI_c001,heldout_LODO_prediction,0.2401,0.0716159195627942,0.196684461489484,0.196684461489483,0.196684461489482,0.196684461489492,completed,0,0
FI,AS005,AS005,primary,top_4_10,R1,FI_c001,heldout_LODO_prediction,0.2801,0.0721664884087207,0.196684461489486,0.196684461489484,0.196684461489482,0.196684461489497,completed,0,0
FI,AS005,AS005,primary,top_4_10,R1,FI_c001,heldout_LODO_prediction,0.3201,0.0731308864609705,0.196684461489488,0.196684461489485,0.196684461489483,0.196684461489504,completed,0,0
FI,AS005,AS005,primary,top_4_10,R1,FI_c001,heldout_LODO_prediction,0.3398,0.0731308864609705,0.196684461489489,0.196684461489486,0.196684461489483,0.196684461489508,completed,0,0
FI,AS005,AS005,primary,top_4_10,R1,FI_c001,heldout_LODO_prediction,0.3805,0.0727175085405864,0.196684461489492,0.196684461489488,0.196684461489483,0.19668446148952,completed,0,0
FI,AS005,AS005,primary,top_4_10,R1,FI_c001,heldout_LODO_prediction,0.42,0.0716159195627942,0.196684461489497,0.196684461489491,0.196684461489485,0.196684461489539,completed,0,0
FI,AS005,AS005,primary,top_4_10,R1,FI_c001,heldout_LODO_prediction,0.4394,0.0717535617742758,0.1966844614895,0.196684461489493,0.196684461489485,0.19668446148955,completed,0,0
FI,AS005,AS005,primary,top_4_10,R1,FI_c001,heldout_LODO_prediction,0.4801,0.07120254164241,0.196684461489509,0.196684461489498,0.196684461489486,0.19668446148958,completed,0,0
FI,AS005,AS005,primary,top_4_10,R1,FI_c001,heldout_LODO_prediction,0.521,0.07120254164241,0.196684461489522,0.196684461489507,0.196684461489489,0.196684461489627,completed,0,0
FI,AS005,AS005,primary,top_4_10,R1,FI_c001,heldout_LODO_prediction,0.5407,0.0717535617742758,0.19668446148953,0.196684461489512,0.196684461489491,0.196684461489656,completed,0,0
FI,AS005,AS005,primary,top_4_10,R1,FI_c001,heldout_LODO_prediction,0.581,0.0743701176502444,0.196684461489552,0.196684461489525,0.196684461489495,0.196684461489734,completed,0,0
FI,AS005,AS005,primary,top_4_10,R1,FI_c001,heldout_LODO_prediction,0.6194,0.0796036806881208,0.196684461489583,0.196684461489545,0.196684461489501,0.196684461489845,completed,0,0
FI,AS005,AS005,primary,top_4_10,R1,FI_c001,heldout_LODO_prediction,0.66,0.0844238658056131,0.196684461489629,0.196684461489574,0.19668446148951,0.196684461490011,completed,0,0
FI,AS005,AS005,primary,top_4_10,R1,FI_c001,heldout_LODO_prediction,0.6795,0.0863517593382343,0.196684461489658,0.196684461489592,0.196684461489516,0.196684461490116,completed,0,0
FI,AS005,AS005,primary,top_4_10,R1,FI_c001,heldout_LODO_prediction,0.7197,0.0899327132664528,0.196684461489738,0.19668446148964,0.196684461489531,0.196684461490395,completed,0,0
FI,AS005,AS005,primary,top_4_10,R1,FI_c001,heldout_LODO_prediction,0.76,0.0970941698369504,0.196684461489855,0.196684461489715,0.196684461489554,0.196684461490824,completed,0,0
FI,AS005,AS005,primary,top_4_10,R1,FI_c001,heldout_LODO_prediction,0.7793,0.101914354954443,0.196684461489928,0.19668446148976,0.196684461489568,0.196684461491084,completed,0,0
FI,AS005,AS005,primary,top_4_10,R1,FI_c001,heldout_LODO_prediction,0.8212,0.114034090139854,0.196684461490141,0.19668446148989,0.196684461489608,0.196684461491829,completed,0,0
FI,AS005,AS005,primary,top_4_10,R1,FI_c001,heldout_LODO_prediction,0.8613,0.145435017081173,0.196684461490439,0.19668446149008,0.196684461489667,0.196684461492926,completed,0,0
FI,AS005,AS005,primary,top_4_10,R1,FI_c001,heldout_LODO_prediction,0.8789,0.190332101322719,0.196684461490609,0.196684461490183,0.196684461489699,0.196684461493517,completed,0,0
FI,AS005,AS005,primary,top_4_10,R1,FI_c001,heldout_LODO_prediction,0.919,0.336455780747239,0.196684461491118,0.196684461490494,0.196684461489795,0.196684461495303,completed,0,0
FI,AS005,AS005,primary,top_4_10,R1,FI_c001,heldout_LODO_prediction,0.9475,0.422945182296955,0.196684461491615,0.196684461490819,0.196684461489896,0.196684461497179,completed,0,0
FI,AS005,AS005,primary,top_4_10,R1,FI_c001,heldout_LODO_prediction,0.9494,0.418950850448353,0.196684461491653,0.196684461490843,0.196684461489904,0.196684461497318,completed,0,0
FI,AS005,AS005,primary,top_4_10,R1,FI_c001,heldout_LODO_prediction,0.9522,0.431070585633763,0.19668446149171,0.196684461490879,0.196684461489915,0.196684461497522,completed,0,0
FI,AS005,AS005,primary,top_4_10,R1,FI_c001,heldout_LODO_prediction,0.9549,0.435202108407908,0.196684461491766,0.196684461490913,0.196684461489925,0.19668446149772,completed,0,0
FI,AS005,AS005,primary,top_4_10,R1,FI_c001,heldout_LODO_prediction,0.9614,0.452003483927451,0.196684461491909,0.196684461490996,0.196684461489951,0.196684461498195,completed,0,0
FI,AS005,AS005,primary,top_4_10,R1,FI_c001,heldout_LODO_prediction,0.9619,0.45131752929974,0.19668446149192,0.196684461491002,0.196684461489953,0.196684461498232,completed,0,0
FI,AS005,AS005,primary,top_4_10,R1,FI_c001,heldout_LODO_prediction,0.9678,0.465361547730257,0.196684461492057,0.196684461491077,0.196684461489976,0.196684461498663,completed,0,0
FI,AS005,AS005,primary,top_4_10,R1,FI_c001,heldout_LODO_prediction,0.9734,0.482302821890978,0.196684461492195,0.196684461491159,0.196684461490002,0.196684461499137,completed,0,0
FI,AS005,AS005,primary,top_4_10,R1,FI_c001,heldout_LODO_prediction,0.9789,0.491942289554084,0.196684461492337,0.196684461491255,0.196684461490031,0.196684461499689,completed,0,0
FI,AS005,AS005,primary,top_4_10,R1,FI_c001,heldout_LODO_prediction,0.9867,0.490841151862231,0.196684461492552,0.196684461491391,0.196684461490074,0.196684461500472,completed,0,0
FI,AS005,AS005,primary,top_4_10,R1,FI_c001,heldout_LODO_prediction,0.9975,0.527336645772128,0.196684461492876,0.196684461491579,0.196684461490132,0.196684461501556,completed,0,0
FI,AS005,AS005,primary,top_4_10,R1,FI_c001,heldout_LODO_prediction,1.0034,0.541109892639075,0.196684461493068,0.196684461491693,0.196684461490167,0.196684461502211,completed,0,0
FI,AS005,AS005,primary,top_4_10,R1,FI_c001,heldout_LODO_prediction,1.0123,0.55667474468498,0.196684461493377,0.196684461491884,0.196684461490226,0.196684461503314,completed,0,0
FI,AS005,AS005,primary,top_4_10,R1,FI_c001,heldout_LODO_prediction,1.0322,0.59261966974895,0.196684461494169,0.196684461492372,0.196684461490378,0.196684461506132,completed,0,0
FI,AS005,AS005,primary,top_4_10,R1,FI_c001,heldout_LODO_prediction,1.0578,0.635040548041645,0.196684461495429,0.19668446149315,0.196684461490618,0.196684461510625,completed,0,0
FI,AS005,AS005,primary,top_4_10,R1,FI_c001,heldout_LODO_prediction,1.0741,0.658038079507557,0.196684461496402,0.196684461493765,0.196684461490809,0.196684461514184,completed,0,0
FI,AS005,AS005,primary,top_4_10,R1,FI_c001,heldout_LODO_prediction,1.1076,0.695224040904558,0.196684461498933,0.196684461495318,0.19668446149129,0.196684461523175,completed,0,0
FI,AS005,AS005,primary,top_4_10,R1,FI_c001,heldout_LODO_prediction,1.14,0.71739571910158,0.19668446150226,0.196684461497449,0.196684461491949,0.196684461535543,completed,0,0
FI,AS005,AS005,primary,top_4_10,R1,FI_c001,heldout_LODO_prediction,1.1554,0.72483291138098,0.196684461504231,0.196684461498612,0.196684461492309,0.196684461542303,completed,0,0
FI,AS005,AS005,primary,top_4_10,R1,FI_c001,heldout_LODO_prediction,1.1877,0.737780304979038,0.196684461509409,0.196684461501814,0.196684461493299,0.196684461560955,completed,0,0
FI,AS005,AS005,primary,top_4_10,R1,FI_c001,heldout_LODO_prediction,1.2188,0.751138368781844,0.196684461516112,0.196684461506051,0.196684461494608,0.196684461585737,completed,0,0
FI,AS005,AS005,primary,top_4_10,R1,FI_c001,heldout_LODO_prediction,1.2418,0.757609809151176,0.196684461522488,0.196684461509851,0.196684461495781,0.196684461608027,completed,0,0
FI,AS005,AS005,primary,top_4_10,R1,FI_c001,heldout_LODO_prediction,1.2755,0.770967872953982,0.196684461534701,0.196684461517402,0.196684461498109,0.196684461652529,completed,0,0
FI,AS005,AS005,primary,top_4_10,R1,FI_c001,heldout_LODO_prediction,1.311,0.784605734039145,0.196684461552517,0.196684461528704,0.196684461501589,0.19668446171962,completed,0,0
FI,AS005,AS005,primary,top_4_10,R1,FI_c001,heldout_LODO_prediction,1.3582,0.808018448569198,0.196684461587627,0.196684461550084,0.196684461508154,0.196684461847645,completed,0,0
FI,AS005,AS005,primary,top_4_10,R1,FI_c001,heldout_LODO_prediction,1.3719,0.829639557920294,0.196684461601119,0.196684461559102,0.196684461510915,0.19668446190225,completed,0,0
FI,AS005,AS005,primary,top_4_10,R1,FI_c001,heldout_LODO_prediction,1.4121,0.873707629891376,0.196684461652537,0.196684461589451,0.196684461520195,0.19668446208673,completed,0,0
FI,AS005,AS005,primary,top_4_10,R1,FI_c001,heldout_LODO_prediction,1.4455,0.89092418847506,0.196684461713123,0.196684461628685,0.19668446153213,0.196684462329108,completed,0,0
FI,AS005,AS005,primary,top_4_10,R1,FI_c001,heldout_LODO_prediction,1.4632,0.895193353460686,0.196684461754022,0.196684461651324,0.196684461539011,0.196684462469403,completed,0,0
FI,AS005,AS005,primary,top_4_10,R1,FI_c001,heldout_LODO_prediction,1.4986,0.90125412362527,0.196684461860082,0.196684461715554,0.196684461558427,0.19668446287346,completed,0,0
FI,AS005,AS005,primary,top_4_10,R1,FI_c001,heldout_LODO_prediction,1.5291,0.905248004187933,0.196684461985735,0.196684461795523,0.19668446158244,0.196684463385573,completed,0,0
FI,AS005,AS005,primary,top_4_10,R1,FI_c001,heldout_LODO_prediction,1.55,0.906489040520964,0.196684462096191,0.196684461858141,0.196684461601195,0.196684463789092,completed,0,0
FI,AS005,AS005,primary,top_4_10,R1,FI_c001,heldout_LODO_prediction,1.5867,0.910482921083628,0.196684462354649,0.196684462015077,0.196684461647825,0.196684464819697,completed,0,0
FI,AS005,AS005,primary,top_4_10,R1,FI_c001,heldout_LODO_prediction,1.6222,0.920533058951482,0.196684462712237,0.196684462238111,0.196684461713432,0.196684466316,completed,0,0
FI,AS005,AS005,primary,top_4_10,R1,FI_c001,heldout_LODO_prediction,1.6598,0.938850755227019,0.19668446325899,0.196684462566704,0.196684461809157,0.196684468562113,completed,0,0
FI,AS005,AS005,primary,top_4_10,R1,FI_c001,heldout_LODO_prediction,1.6788,0.94835483710834,0.196684463625216,0.196684462778429,0.196684461870377,0.196684470028744,completed,0,0
FI,AS005,AS005,primary,top_4_10,R1,FI_c001,heldout_LODO_prediction,1.7137,0.963779790513067,0.196684464514252,0.196684463294687,0.19668446201834,0.19668447365785,completed,0,0
FI,AS005,AS005,primary,top_4_10,R1,FI_c001,heldout_LODO_prediction,1.758,0.970526515305363,0.196684466217324,0.196684464316881,0.19668446230677,0.196684481009058,completed,0,0
FI,AS005,AS005,primary,top_4_10,R1,FI_c001,heldout_LODO_prediction,1.7772,0.97231812048432,0.196684467237084,0.196684464954513,0.196684462484254,0.196684485673178,completed,0,0
FI,AS005,AS005,primary,top_4_10,R1,FI_c001,heldout_LODO_prediction,1.8163,0.974520395868026,0.196684470072581,0.196684466549383,0.196684462925053,0.196684497433797,completed,0,0
FI,AS005,AS005,primary,top_4_10,R1,FI_c001,heldout_LODO_prediction,1.8489,0.977553037380014,0.196684473519758,0.196684468662229,0.196684463499335,0.196684513265516,completed,0,0
FI,AS005,AS005,primary,top_4_10,R1,FI_c001,heldout_LODO_prediction,1.8669,0.979064845276616,0.196684476002983,0.196684469967573,0.19668446385283,0.196684523077475,completed,0,0
FI,AS005,AS005,primary,top_4_10,R1,FI_c001,heldout_LODO_prediction,1.9027,0.980996349096751,0.196684482620551,0.196684473761459,0.196684464867027,0.196684551849635,completed,0,0
FI,AS005,AS005,primary,top_4_10,R1,FI_c001,heldout_LODO_prediction,1.9388,0.982783441416316,0.196684492445119,0.196684479672591,0.196684466425921,0.196684596947923,completed,0,0
FI,AS005,AS005,primary,top_4_10,R1,FI_c001,heldout_LODO_prediction,1.9781,0.984439660813488,0.196684508534815,0.196684488975767,0.196684468854855,0.196684668026178,completed,0,0
FI,AS005,AS005,primary,top_4_10,R1,FI_c001,heldout_LODO_prediction,2.0018,0.985816082928304,0.196684522114671,0.196684496928945,0.196684470915026,0.196684728689631,completed,0,0
FI,AS005,AS005,primary,top_4_10,R1,FI_c001,heldout_LODO_prediction,2.039,0.988158256953188,0.196684551875865,0.19668451360692,0.196684475212653,0.196684855517269,completed,0,0
FI,AS005,AS005,primary,top_4_10,R1,FI_c001,heldout_LODO_prediction,2.077,0.989670064849789,0.196684597551814,0.196684540637014,0.196684482136599,0.196685059183288,completed,0,0
FI,AS005,AS005,primary,top_4_10,R1,FI_c001,heldout_LODO_prediction,2.095,0.990360532336894,0.196684626665638,0.196684556626164,0.196684486225722,0.196685178899098,completed,0,0
FI,AS005,AS005,primary,top_4_10,R1,FI_c001,heldout_LODO_prediction,2.133,0.991461670028747,0.196684710181195,0.196684603943916,0.196684498311981,0.196685529490728,completed,0,0
FI,AS005,AS005,primary,top_4_10,R1,FI_c001,heldout_LODO_prediction,2.174,0.9925628077206,0.196684847855044,0.196684685900146,0.19668451928018,0.19668612503985,completed,0,0
FI,AS005,AS005,primary,top_4_10,R1,FI_c001,heldout_LODO_prediction,2.195,0.993253275207704,0.196684945339375,0.196684743599003,0.196684534093685,0.196686537635977,completed,0,0
FI,AS005,AS005,primary,top_4_10,R1,FI_c001,heldout_LODO_prediction,2.234,0.993939229835416,0.196685195053999,0.196684884769111,0.196684570467229,0.196687533501453,completed,0,0
FI,AS005,AS005,primary,top_4_10,R1,FI_c001,heldout_LODO_prediction,2.275,0.993939229835416,0.196685594193331,0.196685124314328,0.196684632784078,0.196689176949385,completed,0,0
FI,AS005,AS005,primary,top_4_10,R1,FI_c001,heldout_LODO_prediction,2.298,0.994629697322521,0.196685904431081,0.196685311407982,0.196684681902569,0.196690432600312,completed,0,0
FI,AS005,AS005,primary,top_4_10,R1,FI_c001,heldout_LODO_prediction,2.338,0.994765083104306,0.196686652693053,0.196685741920454,0.196684795833471,0.196693270169793,completed,0,0
FI,AS005,AS005,primary,top_4_10,R1,FI_c001,heldout_LODO_prediction,2.38,0.99545555059141,0.196687842449459,0.196686464729646,0.196684990279546,0.196697877228841,completed,0,0
FI,AS005,AS005,primary,top_4_10,R1,FI_c001,heldout_LODO_prediction,2.422,0.996421302501478,0.196689648972308,0.196687557814403,0.196685289371438,0.196704626124357,completed,0,0
FI,AS005,AS005,primary,top_4_10,R1,FI_c001,heldout_LODO_prediction,2.441,0.996971871347405,0.196690745024136,0.196688227496901,0.196685475187115,0.196708660375713,completed,0,0
FI,AS005,AS005,primary,top_4_10,R1,FI_c001,heldout_LODO_prediction,2.48,0.997247155770368,0.19669373655628,0.196689992324965,0.196685970205967,0.196719093070847,completed,0,0
FI,AS005,AS005,primary,top_4_10,R1,FI_c001,heldout_LODO_prediction,2.532,0.997933110398079,0.196699912209842,0.196693732874394,0.196687044212249,0.196740372721082,completed,0,0
FI,AS005,AS005,primary,top_4_10,R1,FI_c001,heldout_LODO_prediction,2.562,0.998623577885184,0.196705102794971,0.196697293732732,0.196688094767815,0.196759792119044,completed,0,0
FI,AS005,AS005,primary,top_4_10,R1,FI_c001,heldout_LODO_prediction,2.615,0.998348293462221,0.19671859285491,0.196705345106991,0.196690506228091,0.196802737586467,completed,0,0
FI,AS005,AS005,primary,top_4_10,R1,FI_c001,heldout_LODO_prediction,2.665,0.999034248089932,0.196738748048986,0.196718071578632,0.196694432136888,0.196867792742125,completed,0,0
FI,AS005,AS005,primary,top_4_10,R1,FI_c001,heldout_LODO_prediction,2.687,0.998348293462221,0.196750832542615,0.196726635583554,0.196697144512493,0.196910042760904,completed,0,0
FI,AS005,AS005,primary,top_4_10,R1,FI_c001,heldout_LODO_prediction,2.737,0.999034248089932,0.196788507667812,0.196749707586117,0.196704529958326,0.197022313548127,completed,0,0
FI,AS005,AS005,primary,top_4_10,R1,FI_c001,heldout_LODO_prediction,2.771,0.998348293462221,0.196824921439378,0.196774908454621,0.1967128337593,0.19714062743126,completed,0,0
FI,AS005,AS005,primary,top_4_10,R1,FI_c001,heldout_LODO_prediction,2.829,0.99917414673111,0.196916454130145,0.19683431458723,0.196732827455725,0.197413040430336,completed,0,0
FI,AS005,AS005,primary,top_4_10,R1,FI_c001,heldout_LODO_prediction,2.84,0.999034248089932,0.196939262332328,0.196851674235479,0.196738815725313,0.197490608049124,completed,0,0
FI,AS005,AS005,primary,top_4_10,R1,FI_c001,heldout_LODO_prediction,2.9,0.999449431154074,0.197106316297885,0.19696140255123,0.196777033656245,0.197976846916623,completed,0,0
FI,AS005,AS005,primary,top_4_10,R1,FI_c001,heldout_LODO_prediction,2.945,0.99917414673111,0.197295552695065,0.197086693025398,0.196821645571318,0.198521817030018,completed,0,0
FI,AS005,AS005,primary,top_4_10,R1,FI_c001,heldout_LODO_prediction,2.983,0.999314045372288,0.197516358555891,0.197236477297119,0.196875925812386,0.199166426616123,completed,0,0
FI,AS005,AS005,primary,top_4_10,R1,FI_c001,heldout_LODO_prediction,3.045,0.999449431154074,0.198050322339692,0.19760206835551,0.197010738922316,0.200731374969412,completed,0,0
FI,AS005,AS005,primary,top_4_10,R1,FI_c001,heldout_LODO_prediction,3.117,0.999449431154074,0.199092703080449,0.198339177624964,0.197287218038814,0.203899298703662,completed,0,0
FI,AS005,AS005,primary,top_4_10,R1,FI_c001,heldout_LODO_prediction,3.158,0.999314045372288,0.200002040142106,0.198932755546784,0.197511384522207,0.206466723769632,completed,0,0
FI,AS005,AS005,primary,top_4_10,R1,FI_c001,heldout_LODO_prediction,3.239,0.999589329795252,0.202921230752603,0.201045452568712,0.198310315236394,0.21580798311856,completed,0,0
FI,AS005,AS005,primary,top_4_10,R1,FI_c001,heldout_LODO_prediction,3.316,1,0.208077712086202,0.204592198573849,0.199641820376991,0.231746405225688,completed,0,0
FI,AS005,AS005,primary,top_4_10,R1,FI_c001,heldout_LODO_prediction,3.383,1,0.216022295290654,0.209850658475351,0.201593496076706,0.255410167428877,completed,0,0
FI,AS005,AS005,primary,top_4_10,R1,FI_c001,heldout_LODO_prediction,3.429,0.999589329795252,0.224565509644093,0.215305148436616,0.203598148924927,0.279702282164218,completed,0,0
FI,AS005,AS005,primary,top_4_10,R1,FI_c001,heldout_LODO_prediction,3.526,1,0.257071639923318,0.239629587667925,0.212460406290484,0.374707514188537,completed,0,0
FI,AS005,AS005,primary,top_4_10,R1,FI_c001,heldout_LODO_prediction,3.625,1.00027528442296,0.326484826632592,0.289991720149316,0.231431160760597,0.522608600081518,completed,0,0
FI,AS005,AS005,primary,top_4_10,R1,FI_c001,heldout_LODO_prediction,3.678,1.00027528442296,0.386686421867239,0.327566183588505,0.245872316886984,0.617214992793165,completed,0,0
FI,AS005,AS005,primary,top_4_10,R1,FI_c001,heldout_LODO_prediction,3.773,0.999864614218215,0.538778937983962,0.455451450838244,0.306329615018169,0.782471878675289,completed,0,0
FI,AS005,AS005,primary,top_4_10,R1,FI_c001,heldout_LODO_prediction,3.851,1.0006904674871,0.686294409801334,0.587859983171198,0.384778809936914,0.890002471881901,completed,0,0
FI,AS005,AS005,primary,top_4_10,R1,FI_c001,heldout_LODO_prediction,3.908,1.00013989864118,0.786240423078468,0.694977438884638,0.464532681653949,0.945518284874223,completed,0,0
FI,AS005,AS005,primary,top_4_10,R1,FI_c001,heldout_LODO_prediction,4.013,1.00041518306414,0.919593727994053,0.853491129763135,0.654858586888382,0.995268555137818,completed,0,0
FI,AS005,AS005,primary,top_4_10,R1,FI_c001,heldout_LODO_prediction,4.144,1.00055056884593,0.997283317756064,0.966416235558101,0.856128148431767,1.01784619445506,completed,0,0
FI,AS005,AS005,primary,top_4_10,R1,FI_c001,heldout_LODO_prediction,4.238,1.00027528442296,1.01604116221073,1.00565490382587,0.951802992087985,1.02303344922353,completed,0,0
FI,AS005,AS005,primary,top_4_10,R1,FI_c001,heldout_LODO_prediction,4.292,1.00013989864118,1.02085975941568,1.01621534557636,0.98604116747728,1.02485092322112,completed,0,0
FI,AS005,AS005,primary,top_4_10,R1,FI_c001,heldout_LODO_prediction,4.308,1.0006904674871,1.02073340331444,1.01764307808153,0.991596917052773,1.02496753363136,completed,0,0
FI,AS005,AS005,primary,top_4_10,R1,FI_c001,heldout_LODO_prediction,4.353,1.00055056884593,1.02151064996091,1.02078906317704,1.00635302943708,1.02507574316701,completed,0,0
FI,AS005,AS005,primary,top_4_10,R1,FI_c001,heldout_LODO_prediction,4.371,1.00082585326889,1.02199923550789,1.02092256787604,1.00984438659806,1.02495564009261,completed,0,0
FI,AS005,AS005,primary,top_4_10,R1,FI_c001,heldout_LODO_prediction,4.429,1.00082585326889,1.02270563813277,1.02207172703243,1.01641700511409,1.02500076609282,completed,0,0
FI,AS006,AS006,primary,top_4_10,R1,FI_c005,heldout_LODO_prediction,0.048,0.190112191002937,0.0608703933085871,0.0608703933085871,0.0608703933085871,0.0608703933085871,completed,0,0
FI,AS006,AS006,primary,top_4_10,R1,FI_c005,heldout_LODO_prediction,0.0597,0.200556986498786,0.0608703933085871,0.0608703933085871,0.0608703933085871,0.0608703933085871,completed,0,0
FI,AS006,AS006,primary,top_4_10,R1,FI_c005,heldout_LODO_prediction,0.0792,0.240527304807248,0.0608703933085871,0.0608703933085871,0.0608703933085871,0.0608703933085871,completed,0,0
FI,AS006,AS006,primary,top_4_10,R1,FI_c005,heldout_LODO_prediction,0.0985,0.303629215036316,0.0608703933085871,0.0608703933085871,0.0608703933085871,0.0608703933085871,completed,0,0
FI,AS006,AS006,primary,top_4_10,R1,FI_c005,heldout_LODO_prediction,0.1181,0.412011805443459,0.0608703933085871,0.0608703933085871,0.0608703933085871,0.0608703933085871,completed,0,0
FI,AS006,AS006,primary,top_4_10,R1,FI_c005,heldout_LODO_prediction,0.1384,0.550437345520424,0.0608703933085871,0.0608703933085871,0.0608703933085871,0.0608703933085871,completed,0,0
FI,AS006,AS006,primary,top_4_10,R1,FI_c005,heldout_LODO_prediction,0.1588,0.659889771585421,0.0608703933085871,0.0608703933085871,0.0608703933085871,0.0608703933085871,completed,0,0
FI,AS006,AS006,primary,top_4_10,R1,FI_c005,heldout_LODO_prediction,0.1803,0.763896341070619,0.0608703933085871,0.0608703933085871,0.0608703933085871,0.0608703933085871,completed,0,0
FI,AS006,AS006,primary,top_4_10,R1,FI_c005,heldout_LODO_prediction,0.2005,0.815328648593636,0.0608703933085871,0.0608703933085871,0.0608703933085871,0.0608703933085871,completed,0,0
FI,AS006,AS006,primary,top_4_10,R1,FI_c005,heldout_LODO_prediction,0.2201,0.839453108106101,0.0608703933085871,0.0608703933085871,0.0608703933085871,0.0608703933085871,completed,0,0
FI,AS006,AS006,primary,top_4_10,R1,FI_c005,heldout_LODO_prediction,0.2399,0.857004990576123,0.0608703933085871,0.0608703933085871,0.0608703933085871,0.0608703933085871,completed,0,0
FI,AS006,AS006,primary,top_4_10,R1,FI_c005,heldout_LODO_prediction,0.26,0.871094572595352,0.0608703933085871,0.0608703933085871,0.0608703933085871,0.0608703933085871,completed,0,0
FI,AS006,AS006,primary,top_4_10,R1,FI_c005,heldout_LODO_prediction,0.2804,0.883658780381312,0.0608703933085871,0.0608703933085871,0.0608703933085871,0.0608703933085871,completed,0,0
FI,AS006,AS006,primary,top_4_10,R1,FI_c005,heldout_LODO_prediction,0.2998,0.891492045752062,0.0608703933085871,0.0608703933085871,0.0608703933085871,0.0608703933085871,completed,0,0
FI,AS006,AS006,primary,top_4_10,R1,FI_c005,heldout_LODO_prediction,0.3207,0.898013030093023,0.0608703933085871,0.0608703933085871,0.0608703933085871,0.0608703933085871,completed,0,0
FI,AS006,AS006,primary,top_4_10,R1,FI_c005,heldout_LODO_prediction,0.3404,0.906999682543731,0.0608703933085871,0.0608703933085871,0.0608703933085871,0.0608703933085871,completed,0,0
FI,AS006,AS006,primary,top_4_10,R1,FI_c005,heldout_LODO_prediction,0.3602,0.915579955834449,0.0608703933085871,0.0608703933085871,0.0608703933085871,0.0608703933085871,completed,0,0
FI,AS006,AS006,primary,top_4_10,R1,FI_c005,heldout_LODO_prediction,0.3798,0.923923951758217,0.0608703933085871,0.0608703933085871,0.0608703933085871,0.0608703933085871,completed,0,0
FI,AS006,AS006,primary,top_4_10,R1,FI_c005,heldout_LODO_prediction,0.4003,0.936046321995432,0.0608703933085871,0.0608703933085871,0.0608703933085871,0.0608703933085871,completed,0,0
FI,AS006,AS006,primary,top_4_10,R1,FI_c005,heldout_LODO_prediction,0.4207,0.945453050181036,0.0608703933085871,0.0608703933085871,0.0608703933085871,0.0608703933085871,completed,0,0
FI,AS006,AS006,primary,top_4_10,R1,FI_c005,heldout_LODO_prediction,0.4408,0.955896561111665,0.0608703933085871,0.0608703933085871,0.0608703933085871,0.0608703933085871,completed,0,0
FI,AS006,AS006,primary,top_4_10,R1,FI_c005,heldout_LODO_prediction,0.4601,0.966839625764932,0.0608703933085871,0.0608703933085871,0.0608703933085871,0.0608703933085871,completed,0,0
FI,AS006,AS006,primary,top_4_10,R1,FI_c005,heldout_LODO_prediction,0.4799,0.973846076401016,0.0608703933085871,0.0608703933085871,0.0608703933085871,0.0608703933085871,completed,0,0
FI,AS006,AS006,primary,top_4_10,R1,FI_c005,heldout_LODO_prediction,0.4997,0.979238670071734,0.0608703933085871,0.0608703933085871,0.0608703933085871,0.0608703933085871,completed,0,0
FI,AS006,AS006,primary,top_4_10,R1,FI_c005,heldout_LODO_prediction,0.5197,0.984513629666975,0.0608703933085871,0.0608703933085871,0.0608703933085871,0.0608703933085871,completed,0,0
FI,AS006,AS006,primary,top_4_10,R1,FI_c005,heldout_LODO_prediction,0.5401,0.987324228545714,0.0608703933085871,0.0608703933085871,0.0608703933085871,0.0608703933085871,completed,0,0
FI,AS006,AS006,primary,top_4_10,R1,FI_c005,heldout_LODO_prediction,0.5607,0.990867005017469,0.0608703933085871,0.0608703933085871,0.0608703933085871,0.0608703933085871,completed,0,0
FI,AS006,AS006,primary,top_4_10,R1,FI_c005,heldout_LODO_prediction,0.5804,0.993189984871219,0.0608703933085871,0.0608703933085871,0.0608703933085871,0.0608703933085871,completed,0,0
FI,AS006,AS006,primary,top_4_10,R1,FI_c005,heldout_LODO_prediction,0.6008,0.992795769720558,0.0608703933085871,0.0608703933085871,0.0608703933085871,0.0608703933085871,completed,0,0
FI,AS006,AS006,primary,top_4_10,R1,FI_c005,heldout_LODO_prediction,0.6196,0.993858705859768,0.0608703933085871,0.0608703933085871,0.0608703933085871,0.0608703933085871,completed,0,0
FI,AS006,AS006,primary,top_4_10,R1,FI_c005,heldout_LODO_prediction,0.6394,0.994095028554797,0.0608703933085871,0.0608703933085871,0.0608703933085871,0.0608703933085871,completed,0,0
FI,AS006,AS006,primary,top_4_10,R1,FI_c005,heldout_LODO_prediction,0.6611,0.994606889064554,0.0608703933085871,0.0608703933085871,0.0608703933085871,0.0608703933085871,completed,0,0
FI,AS006,AS006,primary,top_4_10,R1,FI_c005,heldout_LODO_prediction,0.6796,0.995630610084065,0.0608703933085871,0.0608703933085871,0.0608703933085871,0.0608703933085871,completed,0,0
FI,AS006,AS006,primary,top_4_10,R1,FI_c005,heldout_LODO_prediction,0.699,0.996220900833216,0.0608703933085871,0.0608703933085871,0.0608703933085871,0.0608703933085871,completed,0,0
FI,AS006,AS006,primary,top_4_10,R1,FI_c005,heldout_LODO_prediction,0.7193,0.996771976462672,0.0608703933085871,0.0608703933085871,0.0608703933085871,0.0608703933085871,completed,0,0
FI,AS006,AS006,primary,top_4_10,R1,FI_c005,heldout_LODO_prediction,0.7404,0.997283836972426,0.0608703933085871,0.0608703933085871,0.0608703933085871,0.0608703933085871,completed,0,0
FI,AS006,AS006,primary,top_4_10,R1,FI_c005,heldout_LODO_prediction,0.7582,0.998172596834849,0.0608703933085871,0.0608703933085871,0.0608703933085871,0.0608703933085871,completed,0,0
FI,AS006,AS006,primary,top_4_10,R1,FI_c005,heldout_LODO_prediction,0.7816,0.997717267242785,0.0608703933085871,0.0608703933085871,0.0608703933085871,0.0608703933085871,completed,0,0
FI,AS006,AS006,primary,top_4_10,R1,FI_c005,heldout_LODO_prediction,0.7987,0.998229127752538,0.0608703933085871,0.0608703933085871,0.0608703933085871,0.0608703933085871,completed,0,0
FI,AS006,AS006,primary,top_4_10,R1,FI_c005,heldout_LODO_prediction,0.8181,0.998976278980489,0.0608703933085871,0.0608703933085871,0.0608703933085871,0.0608703933085871,completed,0,0
FI,AS006,AS006,primary,top_4_10,R1,FI_c005,heldout_LODO_prediction,0.8437,1.0000392151197,0.0608703933085871,0.0608703933085871,0.0608703933085871,0.0608703933085871,completed,0,0
FI,AS006,AS006,primary,top_4_10,R1,FI_c005,heldout_LODO_prediction,0.8603,0.99795358993781,0.0608703933085871,0.0608703933085871,0.0608703933085871,0.0608703933085871,completed,0,0
FI,AS006,AS006,primary,top_4_10,R1,FI_c005,heldout_LODO_prediction,0.8789,1,0.0608703933085871,0.0608703933085871,0.0608703933085871,0.0608703933085871,completed,0,0
FI,AS006,AS006,primary,top_4_10,R1,FI_c005,heldout_LODO_prediction,0.8973,0.999409709250845,0.0608703933085871,0.0608703933085871,0.0608703933085871,0.0608703933085871,completed,0,0
FI,AS006,AS006,primary,top_4_10,R1,FI_c005,heldout_LODO_prediction,0.9215,1.0000784302394,0.0608703933085871,0.0608703933085871,0.0608703933085871,0.0608703933085871,completed,0,0
FI,AS006,AS006,primary,top_4_10,R1,FI_c005,heldout_LODO_prediction,0.9373,0.999667787846881,0.0608703933085871,0.0608703933085871,0.0608703933085871,0.0608703933085871,completed,0,0
FI,AS006,AS006,primary,top_4_10,R1,FI_c005,heldout_LODO_prediction,0.9587,1.00035396805412,0.0608703933085871,0.0608703933085871,0.0608703933085871,0.0608703933085871,completed,0,0
FI,AS006,AS006,primary,top_4_10,R1,FI_c005,heldout_LODO_prediction,0.9779,1.00118161347514,0.0608703933085871,0.0608703933085871,0.0608703933085871,0.0608703933085871,completed,0,0
FI,AS006,AS006,primary,top_4_10,R1,FI_c005,heldout_LODO_prediction,1.001,1.00177190422429,0.0608703933085871,0.0608703933085871,0.0608703933085871,0.0608703933085871,completed,0,0
FI,AS006,AS006,secondary,bottom_3_9,R2,FI_c005,heldout_LODO_prediction,0.048,0.209964606199736,0.0608703933085871,0.0608703933085871,0.0608703933085871,0.0608703933085871,completed,0,0
FI,AS006,AS006,secondary,bottom_3_9,R2,FI_c005,heldout_LODO_prediction,0.0597,0.226309469118397,0.0608703933085871,0.0608703933085871,0.0608703933085871,0.0608703933085871,completed,0,0
FI,AS006,AS006,secondary,bottom_3_9,R2,FI_c005,heldout_LODO_prediction,0.0792,0.270322822190663,0.0608703933085871,0.0608703933085871,0.0608703933085871,0.0608703933085871,completed,0,0
FI,AS006,AS006,secondary,bottom_3_9,R2,FI_c005,heldout_LODO_prediction,0.0985,0.325599048850246,0.0608703933085871,0.0608703933085871,0.0608703933085871,0.0608703933085871,completed,0,0
FI,AS006,AS006,secondary,bottom_3_9,R2,FI_c005,heldout_LODO_prediction,0.1181,0.40350152042002,0.0608703933085871,0.0608703933085871,0.0608703933085871,0.0608703933085871,completed,0,0
FI,AS006,AS006,secondary,bottom_3_9,R2,FI_c005,heldout_LODO_prediction,0.1384,0.503092951797939,0.0608703933085871,0.0608703933085871,0.0608703933085871,0.0608703933085871,completed,0,0
FI,AS006,AS006,secondary,bottom_3_9,R2,FI_c005,heldout_LODO_prediction,0.1588,0.614578372408278,0.0608703933085871,0.0608703933085871,0.0608703933085871,0.0608703933085871,completed,0,0
FI,AS006,AS006,secondary,bottom_3_9,R2,FI_c005,heldout_LODO_prediction,0.1803,0.755953328974659,0.0608703933085871,0.0608703933085871,0.0608703933085871,0.0608703933085871,completed,0,0
FI,AS006,AS006,secondary,bottom_3_9,R2,FI_c005,heldout_LODO_prediction,0.2005,0.827086462163843,0.0608703933085871,0.0608703933085871,0.0608703933085871,0.0608703933085871,completed,0,0
FI,AS006,AS006,secondary,bottom_3_9,R2,FI_c005,heldout_LODO_prediction,0.2201,0.859745418737565,0.0608703933085871,0.0608703933085871,0.0608703933085871,0.0608703933085871,completed,0,0
FI,AS006,AS006,secondary,bottom_3_9,R2,FI_c005,heldout_LODO_prediction,0.2399,0.886265494656637,0.0608703933085871,0.0608703933085871,0.0608703933085871,0.0608703933085871,completed,0,0
FI,AS006,AS006,secondary,bottom_3_9,R2,FI_c005,heldout_LODO_prediction,0.26,0.910548552270862,0.0608703933085871,0.0608703933085871,0.0608703933085871,0.0608703933085871,completed,0,0
FI,AS006,AS006,secondary,bottom_3_9,R2,FI_c005,heldout_LODO_prediction,0.2804,0.932850825653291,0.0608703933085871,0.0608703933085871,0.0608703933085871,0.0608703933085871,completed,0,0
FI,AS006,AS006,secondary,bottom_3_9,R2,FI_c005,heldout_LODO_prediction,0.2998,0.949692006106156,0.0608703933085871,0.0608703933085871,0.0608703933085871,0.0608703933085871,completed,0,0
FI,AS006,AS006,secondary,bottom_3_9,R2,FI_c005,heldout_LODO_prediction,0.3207,0.962205761906253,0.0608703933085871,0.0608703933085871,0.0608703933085871,0.0608703933085871,completed,0,0
FI,AS006,AS006,secondary,bottom_3_9,R2,FI_c005,heldout_LODO_prediction,0.3404,0.971699748915391,0.0608703933085871,0.0608703933085871,0.0608703933085871,0.0608703933085871,completed,0,0
FI,AS006,AS006,secondary,bottom_3_9,R2,FI_c005,heldout_LODO_prediction,0.3602,0.982682292921219,0.0608703933085871,0.0608703933085871,0.0608703933085871,0.0608703933085871,completed,0,0
FI,AS006,AS006,secondary,bottom_3_9,R2,FI_c005,heldout_LODO_prediction,0.3798,0.991998100711775,0.0608703933085871,0.0608703933085871,0.0608703933085871,0.0608703933085871,completed,0,0
FI,AS006,AS006,secondary,bottom_3_9,R2,FI_c005,heldout_LODO_prediction,0.4003,1.00180123956463,0.0608703933085871,0.0608703933085871,0.0608703933085871,0.0608703933085871,completed,0,0
FI,AS006,AS006,secondary,bottom_3_9,R2,FI_c005,heldout_LODO_prediction,0.4207,1.00525947727809,0.0608703933085871,0.0608703933085871,0.0608703933085871,0.0608703933085871,completed,0,0
FI,AS006,AS006,secondary,bottom_3_9,R2,FI_c005,heldout_LODO_prediction,0.4408,1.00755282661746,0.0608703933085871,0.0608703933085871,0.0608703933085871,0.0608703933085871,completed,0,0
FI,AS006,AS006,secondary,bottom_3_9,R2,FI_c005,heldout_LODO_prediction,0.4601,1.0051927236008,0.0608703933085871,0.0608703933085871,0.0608703933085871,0.0608703933085871,completed,0,0
FI,AS006,AS006,secondary,bottom_3_9,R2,FI_c005,heldout_LODO_prediction,0.4799,1.00368793130233,0.0608703933085871,0.0608703933085871,0.0608703933085871,0.0608703933085871,completed,0,0
FI,AS006,AS006,secondary,bottom_3_9,R2,FI_c005,heldout_LODO_prediction,0.4997,1.00262999086287,0.0608703933085871,0.0608703933085871,0.0608703933085871,0.0608703933085871,completed,0,0
FI,AS006,AS006,secondary,bottom_3_9,R2,FI_c005,heldout_LODO_prediction,0.5197,0.999823035987191,0.0608703933085871,0.0608703933085871,0.0608703933085871,0.0608703933085871,completed,0,0
FI,AS006,AS006,secondary,bottom_3_9,R2,FI_c005,heldout_LODO_prediction,0.5401,1.00073273669155,0.0608703933085871,0.0608703933085871,0.0608703933085871,0.0608703933085871,completed,0,0
FI,AS006,AS006,secondary,bottom_3_9,R2,FI_c005,heldout_LODO_prediction,0.5607,0.999105143982228,0.0608703933085871,0.0608703933085871,0.0608703933085871,0.0608703933085871,completed,0,0
FI,AS006,AS006,secondary,bottom_3_9,R2,FI_c005,heldout_LODO_prediction,0.5804,1.00028477539541,0.0608703933085871,0.0608703933085871,0.0608703933085871,0.0608703933085871,completed,0,0
FI,AS006,AS006,secondary,bottom_3_9,R2,FI_c005,heldout_LODO_prediction,0.6008,0.998291347627563,0.0608703933085871,0.0608703933085871,0.0608703933085871,0.0608703933085871,completed,0,0
FI,AS006,AS006,secondary,bottom_3_9,R2,FI_c005,heldout_LODO_prediction,0.6196,0.998820368586821,0.0608703933085871,0.0608703933085871,0.0608703933085871,0.0608703933085871,completed,0,0
FI,AS006,AS006,secondary,bottom_3_9,R2,FI_c005,heldout_LODO_prediction,0.6394,0.998495063359858,0.0608703933085871,0.0608703933085871,0.0608703933085871,0.0608703933085871,completed,0,0
FI,AS006,AS006,secondary,bottom_3_9,R2,FI_c005,heldout_LODO_prediction,0.6611,0.998331877459119,0.0608703933085871,0.0608703933085871,0.0608703933085871,0.0608703933085871,completed,0,0
FI,AS006,AS006,secondary,bottom_3_9,R2,FI_c005,heldout_LODO_prediction,0.6796,0.999593635109926,0.0608703933085871,0.0608703933085871,0.0608703933085871,0.0608703933085871,completed,0,0
FI,AS006,AS006,secondary,bottom_3_9,R2,FI_c005,heldout_LODO_prediction,0.699,0.999308859714519,0.0608703933085871,0.0608703933085871,0.0608703933085871,0.0608703933085871,completed,0,0
FI,AS006,AS006,secondary,bottom_3_9,R2,FI_c005,heldout_LODO_prediction,0.7193,0.997355961778235,0.0608703933085871,0.0608703933085871,0.0608703933085871,0.0608703933085871,completed,0,0
FI,AS006,AS006,secondary,bottom_3_9,R2,FI_c005,heldout_LODO_prediction,0.7404,0.999349389546075,0.0608703933085871,0.0608703933085871,0.0608703933085871,0.0608703933085871,completed,0,0
FI,AS006,AS006,secondary,bottom_3_9,R2,FI_c005,heldout_LODO_prediction,0.7582,0.999213013878953,0.0608703933085871,0.0608703933085871,0.0608703933085871,0.0608703933085871,completed,0,0
FI,AS006,AS006,secondary,bottom_3_9,R2,FI_c005,heldout_LODO_prediction,0.7816,0.998168691558384,0.0608703933085871,0.0608703933085871,0.0608703933085871,0.0608703933085871,completed,0,0
FI,AS006,AS006,secondary,bottom_3_9,R2,FI_c005,heldout_LODO_prediction,0.7987,1.00081379635466,0.0608703933085871,0.0608703933085871,0.0608703933085871,0.0608703933085871,completed,0,0
FI,AS006,AS006,secondary,bottom_3_9,R2,FI_c005,heldout_LODO_prediction,0.8181,0.999634164941481,0.0608703933085871,0.0608703933085871,0.0608703933085871,0.0608703933085871,completed,0,0
FI,AS006,AS006,secondary,bottom_3_9,R2,FI_c005,heldout_LODO_prediction,0.8437,0.99938991937763,0.0608703933085871,0.0608703933085871,0.0608703933085871,0.0608703933085871,completed,0,0
FI,AS006,AS006,secondary,bottom_3_9,R2,FI_c005,heldout_LODO_prediction,0.8603,0.998739308923709,0.0608703933085871,0.0608703933085871,0.0608703933085871,0.0608703933085871,completed,0,0
FI,AS006,AS006,secondary,bottom_3_9,R2,FI_c005,heldout_LODO_prediction,0.8789,0.999634164941481,0.0608703933085871,0.0608703933085871,0.0608703933085871,0.0608703933085871,completed,0,0
FI,AS006,AS006,secondary,bottom_3_9,R2,FI_c005,heldout_LODO_prediction,0.8973,0.999024084319116,0.0608703933085871,0.0608703933085871,0.0608703933085871,0.0608703933085871,completed,0,0
FI,AS006,AS006,secondary,bottom_3_9,R2,FI_c005,heldout_LODO_prediction,0.9215,1.00044796129614,0.0608703933085871,0.0608703933085871,0.0608703933085871,0.0608703933085871,completed,0,0
FI,AS006,AS006,secondary,bottom_3_9,R2,FI_c005,heldout_LODO_prediction,0.9373,1.00108360614792,0.0608703933085871,0.0608703933085871,0.0608703933085871,0.0608703933085871,completed,0,0
FI,AS006,AS006,secondary,bottom_3_9,R2,FI_c005,heldout_LODO_prediction,0.9587,1.00154653304621,0.0608703933085871,0.0608703933085871,0.0608703933085871,0.0608703933085871,completed,0,0
FI,AS006,AS006,secondary,bottom_3_9,R2,FI_c005,heldout_LODO_prediction,0.9779,1,0.0608703933085871,0.0608703933085871,0.0608703933085871,0.0608703933085871,completed,0,0
FI,AS006,AS006,secondary,bottom_3_9,R2,FI_c005,heldout_LODO_prediction,1.001,1.00126175765081,0.0608703933085871,0.0608703933085871,0.0608703933085871,0.0608703933085871,completed,0,0
FBI,AS001,AS001,primary,top_4_10,R1,FBI_c027,heldout_LODO_prediction,0.0602,0.962048663149189,0.11,0.2168,0.2168,0.2168,completed,0,0
FBI,AS001,AS001,primary,top_4_10,R1,FBI_c027,heldout_LODO_prediction,0.0801,0.973325184855328,0.11,0.205316439281372,0.205316439281372,0.205316439281372,completed,0,0
FBI,AS001,AS001,primary,top_4_10,R1,FBI_c027,heldout_LODO_prediction,0.1,0.985437814801791,0.11,0.193832878562745,0.193832878562745,0.193832878562745,completed,0,0
FBI,AS001,AS001,primary,top_4_10,R1,FBI_c027,heldout_LODO_prediction,0.12,0.985187135338796,0.11,0.182291611508848,0.182291611508848,0.182291611508848,completed,0,0
FBI,AS001,AS001,primary,top_4_10,R1,FBI_c027,heldout_LODO_prediction,0.1402,0.99300227915735,0.11,0.170634931784412,0.170634931784412,0.170634931784412,completed,0,0
FBI,AS001,AS001,primary,top_4_10,R1,FBI_c027,heldout_LODO_prediction,0.1603,0.988583007740285,0.11,0.159035958395245,0.159035958395245,0.159035958395245,completed,0,0
FBI,AS001,AS001,primary,top_4_10,R1,FBI_c027,heldout_LODO_prediction,0.1801,0.993809911005025,0.11,0.147610104011887,0.147610104011887,0.147610104011887,completed,0,0
FBI,AS001,AS001,primary,top_4_10,R1,FBI_c027,heldout_LODO_prediction,0.2002,0.996037186488633,0.11,0.136011130622721,0.136011130622721,0.136011130622721,completed,0,0
FBI,AS001,AS001,primary,top_4_10,R1,FBI_c027,heldout_LODO_prediction,0.22,0.987563543732203,0.11,0.124585276239362,0.124585276239362,0.124585276239362,completed,0,0
FBI,AS001,AS001,primary,top_4_10,R1,FBI_c027,heldout_LODO_prediction,0.2402,0.994679027279808,0.11,0.112928596514926,0.112928596514926,0.112928596514926,completed,0,0
FBI,AS001,AS001,primary,top_4_10,R1,FBI_c027,heldout_LODO_prediction,0.2599,0.993182170532501,0.11,0.11,0.11,0.11,completed,0,0
FBI,AS001,AS001,primary,top_4_10,R1,FBI_c027,heldout_LODO_prediction,0.2798,0.99536779955661,0.11,0.11,0.11,0.11,completed,0,0
FBI,AS001,AS001,primary,top_4_10,R1,FBI_c027,heldout_LODO_prediction,0.3003,0.994869431552457,0.11,0.11,0.11,0.11,completed,0,0
FBI,AS001,AS001,primary,top_4_10,R1,FBI_c027,heldout_LODO_prediction,0.3198,0.998157932945021,0.11,0.11,0.11,0.11,completed,0,0
FBI,AS001,AS001,primary,top_4_10,R1,FBI_c027,heldout_LODO_prediction,0.34,0.99634280795696,0.11,0.11,0.11,0.11,completed,0,0
FBI,AS001,AS001,primary,top_4_10,R1,FBI_c027,heldout_LODO_prediction,0.3597,0.990268068817317,0.11,0.11,0.11,0.11,completed,0,0
FBI,AS001,AS001,primary,top_4_10,R1,FBI_c027,heldout_LODO_prediction,0.3803,0.99449691211094,0.11,0.11,0.11,0.11,completed,0,0
FBI,AS001,AS001,primary,top_4_10,R1,FBI_c027,heldout_LODO_prediction,0.4002,0.993486224005965,0.11,0.11,0.11,0.11,completed,0,0
FBI,AS001,AS001,primary,top_4_10,R1,FBI_c027,heldout_LODO_prediction,0.42,0.998226516462234,0.11,0.11,0.11,0.11,completed,0,0
FBI,AS001,AS001,primary,top_4_10,R1,FBI_c027,heldout_LODO_prediction,0.4397,1.00028613073625,0.11,0.11,0.11,0.11,completed,0,0
FBI,AS001,AS001,primary,top_4_10,R1,FBI_c027,heldout_LODO_prediction,0.4599,0.993245711159143,0.11,0.11,0.11,0.11,completed,0,0
FBI,AS001,AS001,primary,top_4_10,R1,FBI_c027,heldout_LODO_prediction,0.48,0.997582334248706,0.11,0.11,0.11,0.11,completed,0,0
FBI,AS001,AS001,primary,top_4_10,R1,FBI_c027,heldout_LODO_prediction,0.5004,0.996864194774457,0.11,0.11,0.11,0.11,completed,0,0
FBI,AS001,AS001,primary,top_4_10,R1,FBI_c027,heldout_LODO_prediction,0.5207,1.00315714746236,0.11,0.11,0.11,0.11,completed,0,0
FBI,AS001,AS001,primary,top_4_10,R1,FBI_c027,heldout_LODO_prediction,0.5394,0.997065794258765,0.11,0.11,0.11,0.11,completed,0,0
FBI,AS001,AS001,primary,top_4_10,R1,FBI_c027,heldout_LODO_prediction,0.5598,0.998425168912424,0.11,0.11,0.11,0.11,completed,0,0
FBI,AS001,AS001,primary,top_4_10,R1,FBI_c027,heldout_LODO_prediction,0.579,0.999677634457059,0.11,0.11,0.11,0.11,completed,0,0
FBI,AS001,AS001,primary,top_4_10,R1,FBI_c027,heldout_LODO_prediction,0.5995,0.999891097050075,0.11,0.11,0.11,0.11,completed,0,0
FBI,AS001,AS001,primary,top_4_10,R1,FBI_c027,heldout_LODO_prediction,0.6189,0.999922300637543,0.11,0.11,0.11,0.11,completed,0,0
FBI,AS001,AS001,primary,top_4_10,R1,FBI_c027,heldout_LODO_prediction,0.6389,0.996607577028507,0.11,0.11,0.11,0.11,completed,0,0
FBI,AS001,AS001,primary,top_4_10,R1,FBI_c027,heldout_LODO_prediction,0.6602,1,0.11,0.11,0.11,0.11,completed,0,0
FBI,AS001,AS001,primary,top_4_10,R1,FBI_c027,heldout_LODO_prediction,0.6796,1.00242240272888,0.11,0.11,0.11,0.11,completed,0,0
FBI,AS001,AS001,primary,top_4_10,R1,FBI_c027,heldout_LODO_prediction,0.7001,1.00147049794633,0.11,0.111265378900446,0.111265378900446,0.111265378900446,completed,0,0
FBI,AS001,AS001,primary,top_4_10,R1,FBI_c027,heldout_LODO_prediction,0.7197,0.998740728974933,0.11,0.113595245170877,0.113595245170877,0.113595245170877,completed,0,0
FBI,AS001,AS001,primary,top_4_10,R1,FBI_c027,heldout_LODO_prediction,0.7395,1.00100639961865,0.11,0.115948885586924,0.115948885586924,0.115948885586924,completed,0,0
FBI,AS001,AS001,primary,top_4_10,R1,FBI_c027,heldout_LODO_prediction,0.7605,0.993929199821527,0.11,0.118445170876672,0.118445170876672,0.118445170876672,completed,0,0
FBI,AS001,AS001,primary,top_4_10,R1,FBI_c027,heldout_LODO_prediction,0.7811,0.995374751195326,0.11,0.120893907875186,0.120893907875186,0.120893907875186,completed,0,0
FBI,AS001,AS001,primary,top_4_10,R1,FBI_c027,heldout_LODO_prediction,0.8005,1.00054877648263,0.11,0.1232,0.1232,0.1232,completed,0,0
FBI,AS001,AS001,secondary,bottom_3_9,R2,FBI_c027,heldout_LODO_prediction,0.0602,0.968399130321445,0.11,0.2168,0.2168,0.2168,completed,0,0
FBI,AS001,AS001,secondary,bottom_3_9,R2,FBI_c027,heldout_LODO_prediction,0.0801,0.995167885408499,0.11,0.205316439281372,0.205316439281372,0.205316439281372,completed,0,0
FBI,AS001,AS001,secondary,bottom_3_9,R2,FBI_c027,heldout_LODO_prediction,0.1,0.999288950086634,0.11,0.193832878562745,0.193832878562745,0.193832878562745,completed,0,0
FBI,AS001,AS001,secondary,bottom_3_9,R2,FBI_c027,heldout_LODO_prediction,0.12,0.999358392711779,0.11,0.182291611508848,0.182291611508848,0.182291611508848,completed,0,0
FBI,AS001,AS001,secondary,bottom_3_9,R2,FBI_c027,heldout_LODO_prediction,0.1402,0.999752777285125,0.11,0.170634931784412,0.170634931784412,0.170634931784412,completed,0,0
FBI,AS001,AS001,secondary,bottom_3_9,R2,FBI_c027,heldout_LODO_prediction,0.1603,0.991274696640507,0.11,0.159035958395245,0.159035958395245,0.159035958395245,completed,0,0
FBI,AS001,AS001,secondary,bottom_3_9,R2,FBI_c027,heldout_LODO_prediction,0.1801,0.989411577298619,0.11,0.147610104011887,0.147610104011887,0.147610104011887,completed,0,0
FBI,AS001,AS001,secondary,bottom_3_9,R2,FBI_c027,heldout_LODO_prediction,0.2002,0.999664789098898,0.11,0.136011130622721,0.136011130622721,0.136011130622721,completed,0,0
FBI,AS001,AS001,secondary,bottom_3_9,R2,FBI_c027,heldout_LODO_prediction,0.22,0.998123719110625,0.11,0.124585276239362,0.124585276239362,0.124585276239362,completed,0,0
FBI,AS001,AS001,secondary,bottom_3_9,R2,FBI_c027,heldout_LODO_prediction,0.2402,1.00153430649916,0.11,0.112928596514926,0.112928596514926,0.112928596514926,completed,0,0
FBI,AS001,AS001,secondary,bottom_3_9,R2,FBI_c027,heldout_LODO_prediction,0.2599,1.00492768449045,0.11,0.11,0.11,0.11,completed,0,0
FBI,AS001,AS001,secondary,bottom_3_9,R2,FBI_c027,heldout_LODO_prediction,0.2798,0.997466682091283,0.11,0.11,0.11,0.11,completed,0,0
FBI,AS001,AS001,secondary,bottom_3_9,R2,FBI_c027,heldout_LODO_prediction,0.3003,1.00681497120397,0.11,0.11,0.11,0.11,completed,0,0
FBI,AS001,AS001,secondary,bottom_3_9,R2,FBI_c027,heldout_LODO_prediction,0.3198,1.01392614624405,0.11,0.11,0.11,0.11,completed,0,0
FBI,AS001,AS001,secondary,bottom_3_9,R2,FBI_c027,heldout_LODO_prediction,0.34,0.998466058006477,0.11,0.11,0.11,0.11,completed,0,0
FBI,AS001,AS001,secondary,bottom_3_9,R2,FBI_c027,heldout_LODO_prediction,0.3597,1.00645196543901,0.11,0.11,0.11,0.11,completed,0,0
FBI,AS001,AS001,secondary,bottom_3_9,R2,FBI_c027,heldout_LODO_prediction,0.3803,0.995914247862108,0.11,0.11,0.11,0.11,completed,0,0
FBI,AS001,AS001,secondary,bottom_3_9,R2,FBI_c027,heldout_LODO_prediction,0.4002,0.996274141745276,0.11,0.11,0.11,0.11,completed,0,0
FBI,AS001,AS001,secondary,bottom_3_9,R2,FBI_c027,heldout_LODO_prediction,0.42,0.9996717242008,0.11,0.11,0.11,0.11,completed,0,0
FBI,AS001,AS001,secondary,bottom_3_9,R2,FBI_c027,heldout_LODO_prediction,0.4397,1.00175222506102,0.11,0.11,0.11,0.11,completed,0,0
FBI,AS001,AS001,secondary,bottom_3_9,R2,FBI_c027,heldout_LODO_prediction,0.4599,1.00065458040491,0.11,0.11,0.11,0.11,completed,0,0
FBI,AS001,AS001,secondary,bottom_3_9,R2,FBI_c027,heldout_LODO_prediction,0.48,1.00497042100473,0.11,0.11,0.11,0.11,completed,0,0
FBI,AS001,AS001,secondary,bottom_3_9,R2,FBI_c027,heldout_LODO_prediction,0.5004,0.998805672136412,0.11,0.11,0.11,0.11,completed,0,0
FBI,AS001,AS001,secondary,bottom_3_9,R2,FBI_c027,heldout_LODO_prediction,0.5207,1.00549392739243,0.11,0.11,0.11,0.11,completed,0,0
FBI,AS001,AS001,secondary,bottom_3_9,R2,FBI_c027,heldout_LODO_prediction,0.5394,0.998470053115109,0.11,0.11,0.11,0.11,completed,0,0
FBI,AS001,AS001,secondary,bottom_3_9,R2,FBI_c027,heldout_LODO_prediction,0.5598,0.996750677110899,0.11,0.11,0.11,0.11,completed,0,0
FBI,AS001,AS001,secondary,bottom_3_9,R2,FBI_c027,heldout_LODO_prediction,0.579,1.00973108343672,0.11,0.11,0.11,0.11,completed,0,0
FBI,AS001,AS001,secondary,bottom_3_9,R2,FBI_c027,heldout_LODO_prediction,0.5995,0.996748933757202,0.11,0.11,0.11,0.11,completed,0,0
FBI,AS001,AS001,secondary,bottom_3_9,R2,FBI_c027,heldout_LODO_prediction,0.6189,1.00556661961832,0.11,0.11,0.11,0.11,completed,0,0
FBI,AS001,AS001,secondary,bottom_3_9,R2,FBI_c027,heldout_LODO_prediction,0.6389,0.999946859262228,0.11,0.11,0.11,0.11,completed,0,0
FBI,AS001,AS001,secondary,bottom_3_9,R2,FBI_c027,heldout_LODO_prediction,0.6602,1,0.11,0.11,0.11,0.11,completed,0,0
FBI,AS001,AS001,secondary,bottom_3_9,R2,FBI_c027,heldout_LODO_prediction,0.6796,1.00252445998555,0.11,0.11,0.11,0.11,completed,0,0
FBI,AS001,AS001,secondary,bottom_3_9,R2,FBI_c027,heldout_LODO_prediction,0.7001,0.999821877998057,0.11,0.111265378900446,0.111265378900446,0.111265378900446,completed,0,0
FBI,AS001,AS001,secondary,bottom_3_9,R2,FBI_c027,heldout_LODO_prediction,0.7197,0.998655858014555,0.11,0.113595245170877,0.113595245170877,0.113595245170877,completed,0,0
FBI,AS001,AS001,secondary,bottom_3_9,R2,FBI_c027,heldout_LODO_prediction,0.7395,1.01247267893867,0.11,0.115948885586924,0.115948885586924,0.115948885586924,completed,0,0
FBI,AS001,AS001,secondary,bottom_3_9,R2,FBI_c027,heldout_LODO_prediction,0.7605,0.997683504027185,0.11,0.118445170876672,0.118445170876672,0.118445170876672,completed,0,0
FBI,AS001,AS001,secondary,bottom_3_9,R2,FBI_c027,heldout_LODO_prediction,0.7811,1.00228825974997,0.11,0.120893907875186,0.120893907875186,0.120893907875186,completed,0,0
FBI,AS001,AS001,secondary,bottom_3_9,R2,FBI_c027,heldout_LODO_prediction,0.8005,1.00839149123268,0.11,0.1232,0.1232,0.1232,completed,0,0
FBI,AS002,AS002,primary,top_4_10,R1,FBI_c027,heldout_LODO_prediction,0.0483,0.933804511524358,0.09008493788914,0.199274745342443,0.199274745342443,0.199274745342443,completed,0,0
FBI,AS002,AS002,primary,top_4_10,R1,FBI_c027,heldout_LODO_prediction,0.0597,0.95160260607648,0.09008493788914,0.194046841919647,0.194046841919647,0.194046841919647,completed,0,0
FBI,AS002,AS002,primary,top_4_10,R1,FBI_c027,heldout_LODO_prediction,0.0792,0.982590688842325,0.09008493788914,0.18510437553855,0.18510437553855,0.18510437553855,completed,0,0
FBI,AS002,AS002,primary,top_4_10,R1,FBI_c027,heldout_LODO_prediction,0.0985,0.992036079099004,0.09008493788914,0.17625362676136,0.17625362676136,0.17625362676136,completed,0,0
FBI,AS002,AS002,primary,top_4_10,R1,FBI_c027,heldout_LODO_prediction,0.1182,0.99632906626506,0.09008493788914,0.167219442776354,0.167219442776354,0.167219442776354,completed,0,0
FBI,AS002,AS002,primary,top_4_10,R1,FBI_c027,heldout_LODO_prediction,0.1383,0.995314136982713,0.09008493788914,0.15800182358353,0.15800182358353,0.15800182358353,completed,0,0
FBI,AS002,AS002,primary,top_4_10,R1,FBI_c027,heldout_LODO_prediction,0.1593,0.996095796228391,0.09008493788914,0.148371475173117,0.148371475173117,0.148371475173117,completed,0,0
FBI,AS002,AS002,primary,top_4_10,R1,FBI_c027,heldout_LODO_prediction,0.1799,0.996018039549502,0.09008493788914,0.138924561970521,0.138924561970521,0.138924561970521,completed,0,0
FBI,AS002,AS002,primary,top_4_10,R1,FBI_c027,heldout_LODO_prediction,0.2,0.994925353588265,0.09008493788914,0.129706942777697,0.129706942777697,0.129706942777697,completed,0,0
FBI,AS002,AS002,primary,top_4_10,R1,FBI_c027,heldout_LODO_prediction,0.2201,0.997814628077527,0.09008493788914,0.120489323584873,0.120489323584873,0.120489323584873,completed,0,0
FBI,AS002,AS002,primary,top_4_10,R1,FBI_c027,heldout_LODO_prediction,0.2402,0.999607124148769,0.09008493788914,0.111271704392049,0.111271704392049,0.111271704392049,completed,0,0
FBI,AS002,AS002,primary,top_4_10,R1,FBI_c027,heldout_LODO_prediction,0.2601,0.996484579622839,0.09008493788914,0.102145802803134,0.102145802803134,0.102145802803134,completed,0,0
FBI,AS002,AS002,primary,top_4_10,R1,FBI_c027,heldout_LODO_prediction,0.28,0.994065937663697,0.09008493788914,0.0930199012142183,0.0930199012142183,0.0930199012142183,completed,0,0
FBI,AS002,AS002,primary,top_4_10,R1,FBI_c027,heldout_LODO_prediction,0.3005,0.995314136982713,0.09008493788914,0.09008493788914,0.09008493788914,0.09008493788914,completed,0,0
FBI,AS002,AS002,primary,top_4_10,R1,FBI_c027,heldout_LODO_prediction,0.3205,0.997343995547407,0.09008493788914,0.09008493788914,0.09008493788914,0.09008493788914,completed,0,0
FBI,AS002,AS002,primary,top_4_10,R1,FBI_c027,heldout_LODO_prediction,0.3399,0.999296097433211,0.09008493788914,0.09008493788914,0.09008493788914,0.09008493788914,completed,0,0
FBI,AS002,AS002,primary,top_4_10,R1,FBI_c027,heldout_LODO_prediction,0.3606,0.998592194866422,0.09008493788914,0.09008493788914,0.09008493788914,0.09008493788914,completed,0,0
FBI,AS002,AS002,primary,top_4_10,R1,FBI_c027,heldout_LODO_prediction,0.3801,0.99312876506024,0.09008493788914,0.09008493788914,0.09008493788914,0.09008493788914,completed,0,0
FBI,AS002,AS002,primary,top_4_10,R1,FBI_c027,heldout_LODO_prediction,0.4,0.998358924829754,0.09008493788914,0.09008493788914,0.09008493788914,0.09008493788914,completed,0,0
FBI,AS002,AS002,primary,top_4_10,R1,FBI_c027,heldout_LODO_prediction,0.4208,0.997421752226296,0.09008493788914,0.09008493788914,0.09008493788914,0.09008493788914,completed,0,0
FBI,AS002,AS002,primary,top_4_10,R1,FBI_c027,heldout_LODO_prediction,0.4407,1.00444850052383,0.09008493788914,0.09008493788914,0.09008493788914,0.09008493788914,completed,0,0
FBI,AS002,AS002,primary,top_4_10,R1,FBI_c027,heldout_LODO_prediction,0.4607,0.996640092980618,0.09008493788914,0.09008493788914,0.09008493788914,0.09008493788914,completed,0,0
FBI,AS002,AS002,primary,top_4_10,R1,FBI_c027,heldout_LODO_prediction,0.4789,1.00187025275013,0.09008493788914,0.09008493788914,0.09008493788914,0.09008493788914,completed,0,0
FBI,AS002,AS002,primary,top_4_10,R1,FBI_c027,heldout_LODO_prediction,0.5004,0.997499508905186,0.09008493788914,0.09008493788914,0.09008493788914,0.09008493788914,completed,0,0
FBI,AS002,AS002,primary,top_4_10,R1,FBI_c027,heldout_LODO_prediction,0.5206,1.00234088528025,0.09008493788914,0.09008493788914,0.09008493788914,0.09008493788914,completed,0,0
FBI,AS002,AS002,primary,top_4_10,R1,FBI_c027,heldout_LODO_prediction,0.5401,1.00210761524358,0.09008493788914,0.09008493788914,0.09008493788914,0.09008493788914,completed,0,0
FBI,AS002,AS002,primary,top_4_10,R1,FBI_c027,heldout_LODO_prediction,0.5591,0.994299207700366,0.09008493788914,0.09008493788914,0.09008493788914,0.09008493788914,completed,0,0
FBI,AS002,AS002,primary,top_4_10,R1,FBI_c027,heldout_LODO_prediction,0.5808,0.999296097433211,0.09008493788914,0.09008493788914,0.09008493788914,0.09008493788914,completed,0,0
FBI,AS002,AS002,primary,top_4_10,R1,FBI_c027,heldout_LODO_prediction,0.6006,0.999218340754321,0.09008493788914,0.09008493788914,0.09008493788914,0.09008493788914,completed,0,0
FBI,AS002,AS002,primary,top_4_10,R1,FBI_c027,heldout_LODO_prediction,0.6203,0.99632906626506,0.09008493788914,0.09008493788914,0.09008493788914,0.09008493788914,completed,0,0
FBI,AS002,AS002,primary,top_4_10,R1,FBI_c027,heldout_LODO_prediction,0.6411,0.991254419853327,0.09008493788914,0.09008493788914,0.09008493788914,0.09008493788914,completed,0,0
FBI,AS002,AS002,primary,top_4_10,R1,FBI_c027,heldout_LODO_prediction,0.6604,0.997892384756417,0.09008493788914,0.09008493788914,0.09008493788914,0.09008493788914,completed,0,0
FBI,AS002,AS002,primary,top_4_10,R1,FBI_c027,heldout_LODO_prediction,0.6819,1.00382235463594,0.09008493788914,0.09008493788914,0.09008493788914,0.09008493788914,completed,0,0
FBI,AS002,AS002,primary,top_4_10,R1,FBI_c027,heldout_LODO_prediction,0.7011,0.998907314038764,0.09008493788914,0.09008493788914,0.09008493788914,0.09008493788914,completed,0,0
FBI,AS002,AS002,primary,top_4_10,R1,FBI_c027,heldout_LODO_prediction,0.7192,0.997032968831849,0.09008493788914,0.09008493788914,0.09008493788914,0.09008493788914,completed,0,0
FBI,AS002,AS002,primary,top_4_10,R1,FBI_c027,heldout_LODO_prediction,0.7406,1.00101492928235,0.09008493788914,0.09008493788914,0.09008493788914,0.09008493788914,completed,0,0
FBI,AS002,AS002,primary,top_4_10,R1,FBI_c027,heldout_LODO_prediction,0.7604,0.998514438187533,0.09008493788914,0.09008493788914,0.09008493788914,0.09008493788914,completed,0,0
FBI,AS002,AS002,primary,top_4_10,R1,FBI_c027,heldout_LODO_prediction,0.7796,1.00101492928235,0.09008493788914,0.09008493788914,0.09008493788914,0.09008493788914,completed,0,0
FBI,AS002,AS002,primary,top_4_10,R1,FBI_c027,heldout_LODO_prediction,0.7969,1.00795982844421,0.09008493788914,0.09008493788914,0.09008493788914,0.09008493788914,completed,0,0
FBI,AS002,AS002,primary,top_4_10,R1,FBI_c027,heldout_LODO_prediction,0.803,0.997814628077527,0.09008493788914,0.09008493788914,0.09008493788914,0.09008493788914,completed,0,0
FBI,AS002,AS002,primary,top_4_10,R1,FBI_c027,heldout_LODO_prediction,0.8178,1.0027296686747,0.09008493788914,0.09008493788914,0.09008493788914,0.09008493788914,completed,0,0
FBI,AS002,AS002,primary,top_4_10,R1,FBI_c027,heldout_LODO_prediction,0.8611,0.999218340754321,0.09008493788914,0.0903316215493824,0.0903316215493824,0.0903316215493824,completed,0,0
FBI,AS002,AS002,primary,top_4_10,R1,FBI_c027,heldout_LODO_prediction,0.8828,0.998436681508643,0.09008493788914,0.0919736569565175,0.0919736569565175,0.0919736569565175,completed,0,0
FBI,AS002,AS002,primary,top_4_10,R1,FBI_c027,heldout_LODO_prediction,0.901,1,0.09008493788914,0.093350847943147,0.093350847943147,0.093350847943147,completed,0,0
FBI,AS002,AS002,primary,top_4_10,R1,FBI_c027,heldout_LODO_prediction,0.9204,1.0013259559979,0.09008493788914,0.0948188427310926,0.0948188427310926,0.0948188427310926,completed,0,0
FBI,AS002,AS002,primary,top_4_10,R1,FBI_c027,heldout_LODO_prediction,0.9416,0.998125654793085,0.09008493788914,0.0964230432210126,0.0964230432210126,0.0964230432210126,completed,0,0
FBI,AS002,AS002,primary,top_4_10,R1,FBI_c027,heldout_LODO_prediction,0.9603,1.00194800942902,0.09008493788914,0.0978380691248572,0.0978380691248572,0.0978380691248572,completed,0,0
FBI,AS002,AS002,primary,top_4_10,R1,FBI_c027,heldout_LODO_prediction,0.9801,1.00148146935568,0.09008493788914,0.0993363318465749,0.0993363318465749,0.0993363318465749,completed,0,0
FBI,AS002,AS002,primary,top_4_10,R1,FBI_c027,heldout_LODO_prediction,1.0007,0.997421752226296,0.09008493788914,0.100895130435837,0.100895130435837,0.100895130435837,completed,0,0
FBI,AS003,AS003,primary,bottom_3_9,R2,FBI_c027,heldout_LODO_prediction,0.0482,1.01375313749178,0.102725901499408,0.210398793319479,0.210398793319479,0.210398793319479,completed,0,0
FBI,AS003,AS003,primary,bottom_3_9,R2,FBI_c027,heldout_LODO_prediction,0.0598,1.01343641064165,0.102725901499408,0.204926698926871,0.204926698926871,0.204926698926871,completed,0,0
FBI,AS003,AS003,primary,bottom_3_9,R2,FBI_c027,heldout_LODO_prediction,0.0791,1.01301640329692,0.102725901499408,0.195822266015031,0.195822266015031,0.195822266015031,completed,0,0
FBI,AS003,AS003,primary,bottom_3_9,R2,FBI_c027,heldout_LODO_prediction,0.0983,1.01171432603899,0.102725901499408,0.186765006330714,0.186765006330714,0.186765006330714,completed,0,0
FBI,AS003,AS003,primary,bottom_3_9,R2,FBI_c027,heldout_LODO_prediction,0.1181,1.01071604377296,0.102725901499408,0.177424707281262,0.177424707281262,0.177424707281262,completed,0,0
FBI,AS003,AS003,primary,bottom_3_9,R2,FBI_c027,heldout_LODO_prediction,0.1386,1.00976595444391,0.102725901499408,0.167754195639153,0.167754195639153,0.167754195639153,completed,0,0
FBI,AS003,AS003,primary,bottom_3_9,R2,FBI_c027,heldout_LODO_prediction,0.1592,1.0092427168424,0.102725901499408,0.158036510769521,0.158036510769521,0.158036510769521,completed,0,0
FBI,AS003,AS003,primary,bottom_3_9,R2,FBI_c027,heldout_LODO_prediction,0.1799,1.00908436862089,0.102725901499408,0.148271652672367,0.148271652672367,0.148271652672367,completed,0,0
FBI,AS003,AS003,primary,bottom_3_9,R2,FBI_c027,heldout_LODO_prediction,0.2001,1.0078244675541,0.102725901499408,0.138742660712825,0.138742660712825,0.138742660712825,completed,0,0
FBI,AS003,AS003,primary,bottom_3_9,R2,FBI_c027,heldout_LODO_prediction,0.2202,1.0078244675541,0.102725901499408,0.129260841980806,0.129260841980806,0.129260841980806,completed,0,0
FBI,AS003,AS003,primary,bottom_3_9,R2,FBI_c027,heldout_LODO_prediction,0.2399,1.00734942288958,0.102725901499408,0.119967716158876,0.119967716158876,0.119967716158876,completed,0,0
FBI,AS003,AS003,primary,bottom_3_9,R2,FBI_c027,heldout_LODO_prediction,0.2602,1.00692945586732,0.102725901499408,0.110391550971812,0.110391550971812,0.110391550971812,completed,0,0
FBI,AS003,AS003,primary,bottom_3_9,R2,FBI_c027,heldout_LODO_prediction,0.2798,1.00635802532883,0.102725901499408,0.102725901499408,0.102725901499408,0.102725901499408,completed,0,0
FBI,AS003,AS003,primary,bottom_3_9,R2,FBI_c027,heldout_LODO_prediction,0.3002,1.00646129590807,0.102725901499408,0.102725901499408,0.102725901499408,0.102725901499408,completed,0,0
FBI,AS003,AS003,primary,bottom_3_9,R2,FBI_c027,heldout_LODO_prediction,0.3202,1.00598625124355,0.102725901499408,0.102725901499408,0.102725901499408,0.102725901499408,completed,0,0
FBI,AS003,AS003,primary,bottom_3_9,R2,FBI_c027,heldout_LODO_prediction,0.3406,1.00598625124355,0.102725901499408,0.102725901499408,0.102725901499408,0.102725901499408,completed,0,0
FBI,AS003,AS003,primary,bottom_3_9,R2,FBI_c027,heldout_LODO_prediction,0.3604,1.0046712725345,0.102725901499408,0.102725901499408,0.102725901499408,0.102725901499408,completed,0,0
FBI,AS003,AS003,primary,bottom_3_9,R2,FBI_c027,heldout_LODO_prediction,0.3797,1.0046712725345,0.102725901499408,0.102725901499408,0.102725901499408,0.102725901499408,completed,0,0
FBI,AS003,AS003,primary,bottom_3_9,R2,FBI_c027,heldout_LODO_prediction,0.4006,1.003783145553,0.102725901499408,0.102725901499408,0.102725901499408,0.102725901499408,completed,0,0
FBI,AS003,AS003,primary,bottom_3_9,R2,FBI_c027,heldout_LODO_prediction,0.4195,1.00556628422129,0.102725901499408,0.102725901499408,0.102725901499408,0.102725901499408,completed,0,0
FBI,AS003,AS003,primary,bottom_3_9,R2,FBI_c027,heldout_LODO_prediction,0.4398,1.00451292431299,0.102725901499408,0.102725901499408,0.102725901499408,0.102725901499408,completed,0,0
FBI,AS003,AS003,primary,bottom_3_9,R2,FBI_c027,heldout_LODO_prediction,0.4595,1.00446473137601,0.102725901499408,0.102725901499408,0.102725901499408,0.102725901499408,completed,0,0
FBI,AS003,AS003,primary,bottom_3_9,R2,FBI_c027,heldout_LODO_prediction,0.4801,1.00299140444546,0.102725901499408,0.102725901499408,0.102725901499408,0.102725901499408,completed,0,0
FBI,AS003,AS003,primary,bottom_3_9,R2,FBI_c027,heldout_LODO_prediction,0.4991,1.00388641613224,0.102725901499408,0.102725901499408,0.102725901499408,0.102725901499408,completed,0,0
FBI,AS003,AS003,primary,bottom_3_9,R2,FBI_c027,heldout_LODO_prediction,0.5194,1.00346644910998,0.102725901499408,0.102725901499408,0.102725901499408,0.102725901499408,completed,0,0
FBI,AS003,AS003,primary,bottom_3_9,R2,FBI_c027,heldout_LODO_prediction,0.5404,1.00362479733149,0.102725901499408,0.102725901499408,0.102725901499408,0.102725901499408,completed,0,0
FBI,AS003,AS003,primary,bottom_3_9,R2,FBI_c027,heldout_LODO_prediction,0.56,1.00330810088847,0.102725901499408,0.102725901499408,0.102725901499408,0.102725901499408,completed,0,0
FBI,AS003,AS003,primary,bottom_3_9,R2,FBI_c027,heldout_LODO_prediction,0.5804,1.00320483030923,0.102725901499408,0.102725901499408,0.102725901499408,0.102725901499408,completed,0,0
FBI,AS003,AS003,primary,bottom_3_9,R2,FBI_c027,heldout_LODO_prediction,0.599,1.00310155972998,0.102725901499408,0.102725901499408,0.102725901499408,0.102725901499408,completed,0,0
FBI,AS003,AS003,primary,bottom_3_9,R2,FBI_c027,heldout_LODO_prediction,0.6194,1.00210327746395,0.102725901499408,0.102725901499408,0.102725901499408,0.102725901499408,completed,0,0
FBI,AS003,AS003,primary,bottom_3_9,R2,FBI_c027,heldout_LODO_prediction,0.6405,1.00225474098017,0.102725901499408,0.102725901499408,0.102725901499408,0.102725901499408,completed,0,0
FBI,AS003,AS003,primary,bottom_3_9,R2,FBI_c027,heldout_LODO_prediction,0.6598,1.00225474098017,0.102725901499408,0.102725901499408,0.102725901499408,0.102725901499408,completed,0,0
FBI,AS003,AS003,primary,bottom_3_9,R2,FBI_c027,heldout_LODO_prediction,0.6807,1.00157315515716,0.102725901499408,0.102725901499408,0.102725901499408,0.102725901499408,completed,0,0
FBI,AS003,AS003,primary,bottom_3_9,R2,FBI_c027,heldout_LODO_prediction,0.699,1.00210327746395,0.102725901499408,0.102725901499408,0.102725901499408,0.102725901499408,completed,0,0
FBI,AS003,AS003,primary,bottom_3_9,R2,FBI_c027,heldout_LODO_prediction,0.72,1.00178658102093,0.102725901499408,0.102725901499408,0.102725901499408,0.102725901499408,completed,0,0
FBI,AS003,AS003,primary,bottom_3_9,R2,FBI_c027,heldout_LODO_prediction,0.7391,1.00104991755565,0.102725901499408,0.102725901499408,0.102725901499408,0.102725901499408,completed,0,0
FBI,AS003,AS003,primary,bottom_3_9,R2,FBI_c027,heldout_LODO_prediction,0.7596,1.00104991755565,0.102725901499408,0.102725901499408,0.102725901499408,0.102725901499408,completed,0,0
FBI,AS003,AS003,primary,bottom_3_9,R2,FBI_c027,heldout_LODO_prediction,0.7806,1.00194492924244,0.102725901499408,0.102725901499408,0.102725901499408,0.102725901499408,completed,0,0
FBI,AS003,AS003,primary,bottom_3_9,R2,FBI_c027,heldout_LODO_prediction,0.7849,1.00031325409038,0.102725901499408,0.102725901499408,0.102725901499408,0.102725901499408,completed,0,0
FBI,AS003,AS003,primary,bottom_3_9,R2,FBI_c027,heldout_LODO_prediction,0.7987,1.00110499519792,0.102725901499408,0.102725901499408,0.102725901499408,0.102725901499408,completed,0,0
FBI,AS003,AS003,primary,bottom_3_9,R2,FBI_c027,heldout_LODO_prediction,0.8418,1.00068502817566,0.102725901499408,0.104305607585993,0.104305607585993,0.104305607585993,completed,0,0
FBI,AS003,AS003,primary,bottom_3_9,R2,FBI_c027,heldout_LODO_prediction,0.8613,0.999418242403587,0.102725901499408,0.106060836571086,0.106060836571086,0.106060836571086,completed,0,0
FBI,AS003,AS003,primary,bottom_3_9,R2,FBI_c027,heldout_LODO_prediction,0.8779,1.00005163528962,0.102725901499408,0.107555031501987,0.107555031501987,0.107555031501987,completed,0,0
FBI,AS003,AS003,primary,bottom_3_9,R2,FBI_c027,heldout_LODO_prediction,0.9012,0.999948364710378,0.102725901499408,0.109652305109817,0.109652305109817,0.109652305109817,completed,0,0
FBI,AS003,AS003,primary,bottom_3_9,R2,FBI_c027,heldout_LODO_prediction,0.9196,0.999948364710378,0.102725901499408,0.111308521177803,0.111308521177803,0.111308521177803,completed,0,0
FBI,AS003,AS003,primary,bottom_3_9,R2,FBI_c027,heldout_LODO_prediction,0.9407,0.998998275381328,0.102725901499408,0.113207768951418,0.113207768951418,0.113207768951418,completed,0,0
FBI,AS003,AS003,primary,bottom_3_9,R2,FBI_c027,heldout_LODO_prediction,0.9612,0.998578308359065,0.102725901499408,0.115053009679337,0.115053009679337,0.115053009679337,completed,0,0
FBI,AS004,AS004,primary,top_4_10,R1,FBI_c027,heldout_LODO_prediction,0.06,0.0163491245559441,0.0766551965314274,0.187456572947656,0.187456572947656,0.187456572947656,completed,0,0
FBI,AS004,AS004,primary,top_4_10,R1,FBI_c027,heldout_LODO_prediction,0.0801,0.0221247551064739,0.0766551965314274,0.176599253430453,0.176599253430453,0.176599253430453,completed,0,0
FBI,AS004,AS004,primary,top_4_10,R1,FBI_c027,heldout_LODO_prediction,0.0999,0.00646083482937367,0.0766551965314274,0.165903983458284,0.165903983458284,0.165903983458284,completed,0,0
FBI,AS004,AS004,primary,top_4_10,R1,FBI_c027,heldout_LODO_prediction,0.1203,0.0117052053498566,0.0766551965314274,0.154884614396048,0.154884614396048,0.154884614396048,completed,0,0
FBI,AS004,AS004,primary,top_4_10,R1,FBI_c027,heldout_LODO_prediction,0.14,0.0184606662609346,0.0766551965314274,0.144243360938889,0.144243360938889,0.144243360938889,completed,0,0
FBI,AS004,AS004,primary,top_4_10,R1,FBI_c027,heldout_LODO_prediction,0.1601,0.00842510043351606,0.0766551965314274,0.133386041421687,0.133386041421687,0.133386041421687,completed,0,0
FBI,AS004,AS004,primary,top_4_10,R1,FBI_c027,heldout_LODO_prediction,0.1801,0.0211614626921217,0.0766551965314274,0.122582738419495,0.122582738419495,0.122582738419495,completed,0,0
FBI,AS004,AS004,primary,top_4_10,R1,FBI_c027,heldout_LODO_prediction,0.2001,0.120345898469837,0.0766551965314274,0.111779435417303,0.111779435417303,0.111779435417303,completed,0,0
FBI,AS004,AS004,primary,top_4_10,R1,FBI_c027,heldout_LODO_prediction,0.2202,0.422328914305196,0.0766551965314274,0.100922115900101,0.100922115900101,0.100922115900101,completed,0,0
FBI,AS004,AS004,primary,top_4_10,R1,FBI_c027,heldout_LODO_prediction,0.2397,0.616052424276574,0.0766551965314274,0.0903888954729636,0.0903888954729636,0.0903888954729636,completed,0,0
FBI,AS004,AS004,primary,top_4_10,R1,FBI_c027,heldout_LODO_prediction,0.2599,0.787570218056837,0.0766551965314274,0.07947755944075,0.07947755944075,0.07947755944075,completed,0,0
FBI,AS004,AS004,primary,top_4_10,R1,FBI_c027,heldout_LODO_prediction,0.2796,0.873066906931596,0.0766551965314274,0.0766551965314274,0.0766551965314274,0.0766551965314274,completed,0,0
FBI,AS004,AS004,primary,top_4_10,R1,FBI_c027,heldout_LODO_prediction,0.2998,0.927241101818192,0.0766551965314274,0.0766551965314274,0.0766551965314274,0.0766551965314274,completed,0,0
FBI,AS004,AS004,primary,top_4_10,R1,FBI_c027,heldout_LODO_prediction,0.3198,0.968627544574351,0.0766551965314274,0.0766551965314274,0.0766551965314274,0.0766551965314274,completed,0,0
FBI,AS004,AS004,primary,top_4_10,R1,FBI_c027,heldout_LODO_prediction,0.3401,0.984946659101492,0.0766551965314274,0.0766551965314274,0.0766551965314274,0.0766551965314274,completed,0,0
FBI,AS004,AS004,primary,top_4_10,R1,FBI_c027,heldout_LODO_prediction,0.3599,1.00302635054138,0.0766551965314274,0.0766551965314274,0.0766551965314274,0.0766551965314274,completed,0,0
FBI,AS004,AS004,primary,top_4_10,R1,FBI_c027,heldout_LODO_prediction,0.3801,0.992088250846286,0.0766551965314274,0.0766551965314274,0.0766551965314274,0.0766551965314274,completed,0,0
FBI,AS004,AS004,primary,top_4_10,R1,FBI_c027,heldout_LODO_prediction,0.4001,0.986771685157217,0.0766551965314274,0.0766551965314274,0.0766551965314274,0.0766551965314274,completed,0,0
FBI,AS004,AS004,primary,top_4_10,R1,FBI_c027,heldout_LODO_prediction,0.4203,0.972041375387201,0.0766551965314274,0.0766551965314274,0.0766551965314274,0.0766551965314274,completed,0,0
FBI,AS004,AS004,primary,top_4_10,R1,FBI_c027,heldout_LODO_prediction,0.4402,0.978380252774682,0.0766551965314274,0.0766551965314274,0.0766551965314274,0.0766551965314274,completed,0,0
FBI,AS004,AS004,primary,top_4_10,R1,FBI_c027,heldout_LODO_prediction,0.4604,0.962293300567854,0.0766551965314274,0.0766551965314274,0.0766551965314274,0.0766551965314274,completed,0,0
FBI,AS004,AS004,primary,top_4_10,R1,FBI_c027,heldout_LODO_prediction,0.4795,0.942005000754996,0.0766551965314274,0.0766551965314274,0.0766551965314274,0.0766551965314274,completed,0,0
FBI,AS004,AS004,primary,top_4_10,R1,FBI_c027,heldout_LODO_prediction,0.4997,0.95578252565068,0.0766551965314274,0.0766551965314274,0.0766551965314274,0.0766551965314274,completed,0,0
FBI,AS004,AS004,primary,top_4_10,R1,FBI_c027,heldout_LODO_prediction,0.5194,0.947377728877993,0.0766551965314274,0.0766551965314274,0.0766551965314274,0.0766551965314274,completed,0,0
FBI,AS004,AS004,primary,top_4_10,R1,FBI_c027,heldout_LODO_prediction,0.5408,0.963199390325209,0.0766551965314274,0.0766551965314274,0.0766551965314274,0.0766551965314274,completed,0,0
FBI,AS004,AS004,primary,top_4_10,R1,FBI_c027,heldout_LODO_prediction,0.5608,0.969614032338558,0.0766551965314274,0.0766551965314274,0.0766551965314274,0.0766551965314274,completed,0,0
FBI,AS004,AS004,primary,top_4_10,R1,FBI_c027,heldout_LODO_prediction,0.5801,0.973897986003505,0.0766551965314274,0.0766551965314274,0.0766551965314274,0.0766551965314274,completed,0,0
FBI,AS004,AS004,primary,top_4_10,R1,FBI_c027,heldout_LODO_prediction,0.6001,0.980627453283256,0.0766551965314274,0.0766551965314274,0.0766551965314274,0.0766551965314274,completed,0,0
FBI,AS004,AS004,primary,top_4_10,R1,FBI_c027,heldout_LODO_prediction,0.6197,0.983366501416841,0.0766551965314274,0.0766551965314274,0.0766551965314274,0.0766551965314274,completed,0,0
FBI,AS004,AS004,primary,top_4_10,R1,FBI_c027,heldout_LODO_prediction,0.6394,0.983399924452583,0.0766551965314274,0.0766551965314274,0.0766551965314274,0.0766551965314274,completed,0,0
FBI,AS004,AS004,primary,top_4_10,R1,FBI_c027,heldout_LODO_prediction,0.6599,1.00804069384992,0.0766551965314274,0.0766551965314274,0.0766551965314274,0.0766551965314274,completed,0,0
FBI,AS004,AS004,primary,top_4_10,R1,FBI_c027,heldout_LODO_prediction,0.6795,1.00123451781783,0.0766551965314274,0.0766551965314274,0.0766551965314274,0.0766551965314274,completed,0,0
FBI,AS004,AS004,primary,top_4_10,R1,FBI_c027,heldout_LODO_prediction,0.6995,0.998204227880565,0.0766551965314274,0.0766551965314274,0.0766551965314274,0.0766551965314274,completed,0,0
FBI,AS004,AS004,primary,top_4_10,R1,FBI_c027,heldout_LODO_prediction,0.719,1,0.0766551965314274,0.0766551965314274,0.0766551965314274,0.0766551965314274,completed,0,0
FBI,AS004,AS004,primary,top_4_10,R1,FBI_c027,heldout_LODO_prediction,0.7407,1.0066877751729,0.0766551965314274,0.0766551965314274,0.0766551965314274,0.0766551965314274,completed,0,0
FBI,AS004,AS004,primary,top_4_10,R1,FBI_c027,heldout_LODO_prediction,0.7601,1.00282003429814,0.0766551965314274,0.0768551259897787,0.0768551259897787,0.0768551259897787,completed,0,0
FBI,AS004,AS004,primary,top_4_10,R1,FBI_c027,heldout_LODO_prediction,0.78,0.997786526767017,0.0766551965314274,0.0783424516799437,0.0783424516799437,0.0783424516799437,completed,0,0
FBI,AS004,AS004,primary,top_4_10,R1,FBI_c027,heldout_LODO_prediction,0.8,0.99846837600157,0.0766551965314274,0.0798372513685516,0.0798372513685516,0.0798372513685516,completed,0,0
FBI,AS004,AS004,primary,top_4_10,R1,FBI_c027,heldout_LODO_prediction,0.8197,0.995150781726341,0.0766551965314274,0.0813096290618305,0.0813096290618305,0.0813096290618305,completed,0,0
FBI,AS004,AS004,primary,top_4_10,R1,FBI_c027,heldout_LODO_prediction,0.8382,0.99503471772094,0.0766551965314274,0.0826923187737928,0.0826923187737928,0.0826923187737928,completed,0,0
FBI,AS004,AS004,primary,top_4_10,R1,FBI_c027,heldout_LODO_prediction,0.8608,1.01889916985874,0.0766551965314274,0.0843814424219198,0.0843814424219198,0.0843814424219198,completed,0,0
FBI,AS004,AS004,primary,top_4_10,R1,FBI_c027,heldout_LODO_prediction,0.8805,1.01187429084557,0.0766551965314274,0.0858538201151987,0.0858538201151987,0.0858538201151987,completed,0,0
FBI,AS004,AS004,secondary,bottom_3_9,R2,FBI_c027,heldout_LODO_prediction,0.06,0.00597616075041147,0.0766551965314274,0.187456572947656,0.187456572947656,0.187456572947656,completed,0,0
FBI,AS004,AS004,secondary,bottom_3_9,R2,FBI_c027,heldout_LODO_prediction,0.0801,0.00445815084071015,0.0766551965314274,0.176599253430453,0.176599253430453,0.176599253430453,completed,0,0
FBI,AS004,AS004,secondary,bottom_3_9,R2,FBI_c027,heldout_LODO_prediction,0.0999,0.00604584683539653,0.0766551965314274,0.165903983458284,0.165903983458284,0.165903983458284,completed,0,0
FBI,AS004,AS004,secondary,bottom_3_9,R2,FBI_c027,heldout_LODO_prediction,0.1203,0.0262368507283366,0.0766551965314274,0.154884614396048,0.154884614396048,0.154884614396048,completed,0,0
FBI,AS004,AS004,secondary,bottom_3_9,R2,FBI_c027,heldout_LODO_prediction,0.14,0.0337436284888956,0.0766551965314274,0.144243360938889,0.144243360938889,0.144243360938889,completed,0,0
FBI,AS004,AS004,secondary,bottom_3_9,R2,FBI_c027,heldout_LODO_prediction,0.1601,0.0606116391029956,0.0766551965314274,0.133386041421687,0.133386041421687,0.133386041421687,completed,0,0
FBI,AS004,AS004,secondary,bottom_3_9,R2,FBI_c027,heldout_LODO_prediction,0.1801,0.142264988562491,0.0766551965314274,0.122582738419495,0.122582738419495,0.122582738419495,completed,0,0
FBI,AS004,AS004,secondary,bottom_3_9,R2,FBI_c027,heldout_LODO_prediction,0.2001,0.183477377595455,0.0766551965314274,0.111779435417303,0.111779435417303,0.111779435417303,completed,0,0
FBI,AS004,AS004,secondary,bottom_3_9,R2,FBI_c027,heldout_LODO_prediction,0.2202,0.3257645736428,0.0766551965314274,0.100922115900101,0.100922115900101,0.100922115900101,completed,0,0
FBI,AS004,AS004,secondary,bottom_3_9,R2,FBI_c027,heldout_LODO_prediction,0.2397,0.464320387072748,0.0766551965314274,0.0903888954729636,0.0903888954729636,0.0903888954729636,completed,0,0
FBI,AS004,AS004,secondary,bottom_3_9,R2,FBI_c027,heldout_LODO_prediction,0.2599,0.603297604893819,0.0766551965314274,0.07947755944075,0.07947755944075,0.07947755944075,completed,0,0
FBI,AS004,AS004,secondary,bottom_3_9,R2,FBI_c027,heldout_LODO_prediction,0.2796,0.686325288265254,0.0766551965314274,0.0766551965314274,0.0766551965314274,0.0766551965314274,completed,0,0
FBI,AS004,AS004,secondary,bottom_3_9,R2,FBI_c027,heldout_LODO_prediction,0.2998,0.700347294527864,0.0766551965314274,0.0766551965314274,0.0766551965314274,0.0766551965314274,completed,0,0
FBI,AS004,AS004,secondary,bottom_3_9,R2,FBI_c027,heldout_LODO_prediction,0.3198,0.747689718826464,0.0766551965314274,0.0766551965314274,0.0766551965314274,0.0766551965314274,completed,0,0
FBI,AS004,AS004,secondary,bottom_3_9,R2,FBI_c027,heldout_LODO_prediction,0.3401,0.769522160112632,0.0766551965314274,0.0766551965314274,0.0766551965314274,0.0766551965314274,completed,0,0
FBI,AS004,AS004,secondary,bottom_3_9,R2,FBI_c027,heldout_LODO_prediction,0.3599,0.80785368927162,0.0766551965314274,0.0766551965314274,0.0766551965314274,0.0766551965314274,completed,0,0
FBI,AS004,AS004,secondary,bottom_3_9,R2,FBI_c027,heldout_LODO_prediction,0.3801,0.853453519715556,0.0766551965314274,0.0766551965314274,0.0766551965314274,0.0766551965314274,completed,0,0
FBI,AS004,AS004,secondary,bottom_3_9,R2,FBI_c027,heldout_LODO_prediction,0.4001,0.88840177333201,0.0766551965314274,0.0766551965314274,0.0766551965314274,0.0766551965314274,completed,0,0
FBI,AS004,AS004,secondary,bottom_3_9,R2,FBI_c027,heldout_LODO_prediction,0.4203,0.913346872570444,0.0766551965314274,0.0766551965314274,0.0766551965314274,0.0766551965314274,completed,0,0
FBI,AS004,AS004,secondary,bottom_3_9,R2,FBI_c027,heldout_LODO_prediction,0.4402,0.933785910451369,0.0766551965314274,0.0766551965314274,0.0766551965314274,0.0766551965314274,completed,0,0
FBI,AS004,AS004,secondary,bottom_3_9,R2,FBI_c027,heldout_LODO_prediction,0.4604,0.933980157244377,0.0766551965314274,0.0766551965314274,0.0766551965314274,0.0766551965314274,completed,0,0
FBI,AS004,AS004,secondary,bottom_3_9,R2,FBI_c027,heldout_LODO_prediction,0.4795,0.94077150899414,0.0766551965314274,0.0766551965314274,0.0766551965314274,0.0766551965314274,completed,0,0
FBI,AS004,AS004,secondary,bottom_3_9,R2,FBI_c027,heldout_LODO_prediction,0.4997,0.963457849243647,0.0766551965314274,0.0766551965314274,0.0766551965314274,0.0766551965314274,completed,0,0
FBI,AS004,AS004,secondary,bottom_3_9,R2,FBI_c027,heldout_LODO_prediction,0.5194,0.961185510433705,0.0766551965314274,0.0766551965314274,0.0766551965314274,0.0766551965314274,completed,0,0
FBI,AS004,AS004,secondary,bottom_3_9,R2,FBI_c027,heldout_LODO_prediction,0.5408,0.970861868981005,0.0766551965314274,0.0766551965314274,0.0766551965314274,0.0766551965314274,completed,0,0
FBI,AS004,AS004,secondary,bottom_3_9,R2,FBI_c027,heldout_LODO_prediction,0.5608,0.971716381423416,0.0766551965314274,0.0766551965314274,0.0766551965314274,0.0766551965314274,completed,0,0
FBI,AS004,AS004,secondary,bottom_3_9,R2,FBI_c027,heldout_LODO_prediction,0.5801,0.968671288149577,0.0766551965314274,0.0766551965314274,0.0766551965314274,0.0766551965314274,completed,0,0
FBI,AS004,AS004,secondary,bottom_3_9,R2,FBI_c027,heldout_LODO_prediction,0.6001,0.989695793958056,0.0766551965314274,0.0766551965314274,0.0766551965314274,0.0766551965314274,completed,0,0
FBI,AS004,AS004,secondary,bottom_3_9,R2,FBI_c027,heldout_LODO_prediction,0.6197,0.973226940060118,0.0766551965314274,0.0766551965314274,0.0766551965314274,0.0766551965314274,completed,0,0
FBI,AS004,AS004,secondary,bottom_3_9,R2,FBI_c027,heldout_LODO_prediction,0.6394,0.989827262263897,0.0766551965314274,0.0766551965314274,0.0766551965314274,0.0766551965314274,completed,0,0
FBI,AS004,AS004,secondary,bottom_3_9,R2,FBI_c027,heldout_LODO_prediction,0.6599,0.990305965806532,0.0766551965314274,0.0766551965314274,0.0766551965314274,0.0766551965314274,completed,0,0
FBI,AS004,AS004,secondary,bottom_3_9,R2,FBI_c027,heldout_LODO_prediction,0.6795,0.98331377165572,0.0766551965314274,0.0766551965314274,0.0766551965314274,0.0766551965314274,completed,0,0
FBI,AS004,AS004,secondary,bottom_3_9,R2,FBI_c027,heldout_LODO_prediction,0.6995,0.998746931366054,0.0766551965314274,0.0766551965314274,0.0766551965314274,0.0766551965314274,completed,0,0
FBI,AS004,AS004,secondary,bottom_3_9,R2,FBI_c027,heldout_LODO_prediction,0.719,0.996313226963759,0.0766551965314274,0.0766551965314274,0.0766551965314274,0.0766551965314274,completed,0,0
FBI,AS004,AS004,secondary,bottom_3_9,R2,FBI_c027,heldout_LODO_prediction,0.7407,1.00308824558247,0.0766551965314274,0.0766551965314274,0.0766551965314274,0.0766551965314274,completed,0,0
FBI,AS004,AS004,secondary,bottom_3_9,R2,FBI_c027,heldout_LODO_prediction,0.7601,0.997672444035445,0.0766551965314274,0.0768551259897787,0.0768551259897787,0.0768551259897787,completed,0,0
FBI,AS004,AS004,secondary,bottom_3_9,R2,FBI_c027,heldout_LODO_prediction,0.78,1,0.0766551965314274,0.0783424516799437,0.0783424516799437,0.0783424516799437,completed,0,0
FBI,AS004,AS004,secondary,bottom_3_9,R2,FBI_c027,heldout_LODO_prediction,0.8,1.00619352694564,0.0766551965314274,0.0798372513685516,0.0798372513685516,0.0798372513685516,completed,0,0
FBI,AS004,AS004,secondary,bottom_3_9,R2,FBI_c027,heldout_LODO_prediction,0.8197,0.994130335682866,0.0766551965314274,0.0813096290618305,0.0813096290618305,0.0813096290618305,completed,0,0
FBI,AS004,AS004,secondary,bottom_3_9,R2,FBI_c027,heldout_LODO_prediction,0.8382,1.01306303194245,0.0766551965314274,0.0826923187737928,0.0826923187737928,0.0826923187737928,completed,0,0
FBI,AS004,AS004,secondary,bottom_3_9,R2,FBI_c027,heldout_LODO_prediction,0.8608,0.991963793811628,0.0766551965314274,0.0843814424219198,0.0843814424219198,0.0843814424219198,completed,0,0
FBI,AS004,AS004,secondary,bottom_3_9,R2,FBI_c027,heldout_LODO_prediction,0.8805,1.01371385792446,0.0766551965314274,0.0858538201151987,0.0858538201151987,0.0858538201151987,completed,0,0
FBI,AS005,AS005,primary,top_4_10,R1,FBI_c009,heldout_LODO_prediction,0.049,0.0484780381697647,0.196684461489482,0.293082326110744,0.293082326110744,0.293082326110745,completed,0,0
FBI,AS005,AS005,primary,top_4_10,R1,FBI_c009,heldout_LODO_prediction,0.0793,0.0502687407768436,0.196684461489482,0.290414878349991,0.290414878349991,0.290414878349993,completed,0,0
FBI,AS005,AS005,primary,top_4_10,R1,FBI_c009,heldout_LODO_prediction,0.0993,0.0523342765209464,0.196684461489482,0.288654186758735,0.288654186758735,0.288654186758738,completed,0,0
FBI,AS005,AS005,primary,top_4_10,R1,FBI_c009,heldout_LODO_prediction,0.1389,0.0626637603852177,0.196684461489483,0.285168017408049,0.285168017408049,0.285168017408052,completed,0,0
FBI,AS005,AS005,primary,top_4_10,R1,FBI_c009,heldout_LODO_prediction,0.1788,0.0677592299256732,0.196684461489483,0.281655437683494,0.281655437683493,0.281655437683499,completed,0,0
FBI,AS005,AS005,primary,top_4_10,R1,FBI_c009,heldout_LODO_prediction,0.2002,0.0695494812468128,0.196684461489483,0.27977149768085,0.279771497680849,0.279771497680856,completed,0,0
FBI,AS005,AS005,primary,top_4_10,R1,FBI_c009,heldout_LODO_prediction,0.2401,0.0716159195627942,0.196684461489484,0.276258917956295,0.276258917956294,0.276258917956304,completed,0,0
FBI,AS005,AS005,primary,top_4_10,R1,FBI_c009,heldout_LODO_prediction,0.2801,0.0721664884087207,0.196684461489486,0.272737534773784,0.272737534773782,0.272737534773797,completed,0,0
FBI,AS005,AS005,primary,top_4_10,R1,FBI_c009,heldout_LODO_prediction,0.3201,0.0731308864609705,0.196684461489488,0.269216151591274,0.269216151591271,0.269216151591292,completed,0,0
FBI,AS005,AS005,primary,top_4_10,R1,FBI_c009,heldout_LODO_prediction,0.3398,0.0731308864609705,0.196684461489489,0.267481870373888,0.267481870373884,0.26748187037391,completed,0,0
FBI,AS005,AS005,primary,top_4_10,R1,FBI_c009,heldout_LODO_prediction,0.3805,0.0727175085405864,0.196684461489492,0.263898862985684,0.263898862985679,0.263898862985717,completed,0,0
FBI,AS005,AS005,primary,top_4_10,R1,FBI_c009,heldout_LODO_prediction,0.42,0.0716159195627942,0.196684461489497,0.260421497092956,0.260421497092949,0.260421497093005,completed,0,0
FBI,AS005,AS005,primary,top_4_10,R1,FBI_c009,heldout_LODO_prediction,0.4394,0.0717535617742758,0.1966844614895,0.25871362624944,0.258713626249432,0.2587136262495,completed,0,0
FBI,AS005,AS005,primary,top_4_10,R1,FBI_c009,heldout_LODO_prediction,0.4801,0.07120254164241,0.196684461489509,0.25513061886124,0.255130618861227,0.255130618861326,completed,0,0
FBI,AS005,AS005,primary,top_4_10,R1,FBI_c009,heldout_LODO_prediction,0.521,0.07120254164241,0.196684461489522,0.25153000455713,0.251530004557112,0.251530004557255,completed,0,0
FBI,AS005,AS005,primary,top_4_10,R1,FBI_c009,heldout_LODO_prediction,0.5407,0.0717535617742758,0.19668446148953,0.249795723339749,0.249795723339727,0.249795723339902,completed,0,0
FBI,AS005,AS005,primary,top_4_10,R1,FBI_c009,heldout_LODO_prediction,0.581,0.0743701176502444,0.196684461489552,0.246247929783382,0.246247929783351,0.246247929783602,completed,0,0
FBI,AS005,AS005,primary,top_4_10,R1,FBI_c009,heldout_LODO_prediction,0.6194,0.0796036806881208,0.196684461489583,0.242867401928191,0.242867401928145,0.242867401928506,completed,0,0
FBI,AS005,AS005,primary,top_4_10,R1,FBI_c009,heldout_LODO_prediction,0.66,0.0844238658056131,0.196684461489629,0.239293197997973,0.239293197997905,0.239293197998435,completed,0,0
FBI,AS005,AS005,primary,top_4_10,R1,FBI_c009,heldout_LODO_prediction,0.6795,0.0863517593382343,0.196684461489658,0.237576523696519,0.237576523696437,0.237576523697083,completed,0,0
FBI,AS005,AS005,primary,top_4_10,R1,FBI_c009,heldout_LODO_prediction,0.7197,0.0899327132664528,0.196684461489738,0.234037533598147,0.234037533598029,0.234037533598958,completed,0,0
FBI,AS005,AS005,primary,top_4_10,R1,FBI_c009,heldout_LODO_prediction,0.76,0.0970941698369504,0.196684461489855,0.230489740041845,0.230489740041673,0.23048974004303,completed,0,0
FBI,AS005,AS005,primary,top_4_10,R1,FBI_c009,heldout_LODO_prediction,0.7793,0.101914354954443,0.196684461489928,0.228790672656337,0.228790672656127,0.22879067265778,completed,0,0
FBI,AS005,AS005,primary,top_4_10,R1,FBI_c009,heldout_LODO_prediction,0.8212,0.114034090139854,0.196684461490141,0.225102023772797,0.22510202377249,0.225102023774912,completed,0,0
FBI,AS005,AS005,primary,top_4_10,R1,FBI_c009,heldout_LODO_prediction,0.8613,0.145435017081173,0.196684461490439,0.221571837132531,0.221571837132085,0.221571837135604,completed,0,0
FBI,AS005,AS005,primary,top_4_10,R1,FBI_c009,heldout_LODO_prediction,0.8789,0.190332101322719,0.196684461490609,0.220022428532354,0.220022428531819,0.220022428536037,completed,0,0
FBI,AS005,AS005,primary,top_4_10,R1,FBI_c009,heldout_LODO_prediction,0.919,0.336455780747239,0.196684461491118,0.216492241892224,0.216492241891456,0.216492241897513,completed,0,0
FBI,AS005,AS005,primary,top_4_10,R1,FBI_c009,heldout_LODO_prediction,0.9475,0.422945182296955,0.196684461491615,0.213983256375041,0.213983256374027,0.213983256382034,completed,0,0
FBI,AS005,AS005,primary,top_4_10,R1,FBI_c009,heldout_LODO_prediction,0.9494,0.418950850448353,0.196684461491653,0.213815990673896,0.213815990672865,0.213815990681002,completed,0,0
FBI,AS005,AS005,primary,top_4_10,R1,FBI_c009,heldout_LODO_prediction,0.9522,0.431070585633763,0.19668446149171,0.213569493851155,0.2135694938501,0.213569493858429,completed,0,0
FBI,AS005,AS005,primary,top_4_10,R1,FBI_c009,heldout_LODO_prediction,0.9549,0.435202108407908,0.196684461491766,0.21333180048637,0.213331800485291,0.213331800493806,completed,0,0
FBI,AS005,AS005,primary,top_4_10,R1,FBI_c009,heldout_LODO_prediction,0.9614,0.452003483927451,0.196684461491909,0.212759575719309,0.212759575718163,0.21275957572721,completed,0,0
FBI,AS005,AS005,primary,top_4_10,R1,FBI_c009,heldout_LODO_prediction,0.9619,0.45131752929974,0.19668446149192,0.212715558429537,0.212715558428385,0.212715558437478,completed,0,0
FBI,AS005,AS005,primary,top_4_10,R1,FBI_c009,heldout_LODO_prediction,0.9678,0.465361547730257,0.196684461492057,0.212196154410218,0.212196154408996,0.212196154418645,completed,0,0
FBI,AS005,AS005,primary,top_4_10,R1,FBI_c009,heldout_LODO_prediction,0.9734,0.482302821890978,0.196684461492195,0.211703160764763,0.211703160763474,0.211703160773651,completed,0,0
FBI,AS005,AS005,primary,top_4_10,R1,FBI_c009,heldout_LODO_prediction,0.9789,0.491942289554084,0.196684461492337,0.211218970577263,0.211218970575908,0.211218970586605,completed,0,0
FBI,AS005,AS005,primary,top_4_10,R1,FBI_c009,heldout_LODO_prediction,0.9867,0.490841151862231,0.196684461492552,0.210532300856809,0.21053230085536,0.210532300866797,completed,0,0
FBI,AS005,AS005,primary,top_4_10,R1,FBI_c009,heldout_LODO_prediction,0.9975,0.527336645772128,0.196684461492876,0.209581527397756,0.209581527396152,0.209581527408819,completed,0,0
FBI,AS005,AS005,primary,top_4_10,R1,FBI_c009,heldout_LODO_prediction,1.0034,0.541109892639075,0.196684461493068,0.209062123378468,0.209062123376772,0.209062123390163,completed,0,0
FBI,AS005,AS005,primary,top_4_10,R1,FBI_c009,heldout_LODO_prediction,1.0123,0.55667474468498,0.196684461493377,0.208278615620573,0.208278615618729,0.208278615633287,completed,0,0
FBI,AS005,AS005,primary,top_4_10,R1,FBI_c009,heldout_LODO_prediction,1.0322,0.59261966974895,0.196684461494169,0.206526727487827,0.206526727485601,0.206526727503184,completed,0,0
FBI,AS005,AS005,primary,top_4_10,R1,FBI_c009,heldout_LODO_prediction,1.0578,0.635040548041645,0.196684461495429,0.204273042251908,0.204273042249069,0.204273042271514,completed,0,0
FBI,AS005,AS005,primary,top_4_10,R1,FBI_c009,heldout_LODO_prediction,1.0741,0.658038079507557,0.196684461496402,0.202838078605712,0.202838078602406,0.202838078628561,completed,0,0
FBI,AS005,AS005,primary,top_4_10,R1,FBI_c009,heldout_LODO_prediction,1.1076,0.695224040904558,0.196684461498933,0.199888920192131,0.1998889201876,0.199888920223478,completed,0,0
FBI,AS005,AS005,primary,top_4_10,R1,FBI_c009,heldout_LODO_prediction,1.14,0.71739571910158,0.19668446150226,0.197036599816679,0.197036599810503,0.197036599859483,completed,0,0
FBI,AS005,AS005,primary,top_4_10,R1,FBI_c009,heldout_LODO_prediction,1.1554,0.72483291138098,0.196684461504231,0.196684461499833,0.196684461492686,0.196684461549413,completed,0,0
FBI,AS005,AS005,primary,top_4_10,R1,FBI_c009,heldout_LODO_prediction,1.1877,0.737780304979038,0.196684461509409,0.196684461503369,0.19668446149378,0.196684461570034,completed,0,0
FBI,AS005,AS005,primary,top_4_10,R1,FBI_c009,heldout_LODO_prediction,1.2188,0.751138368781844,0.196684461516112,0.196684461508137,0.196684461495252,0.196684461597965,completed,0,0
FBI,AS005,AS005,primary,top_4_10,R1,FBI_c009,heldout_LODO_prediction,1.2418,0.757609809151176,0.196684461522488,0.196684461512656,0.196684461496646,0.196684461624544,completed,0,0
FBI,AS005,AS005,primary,top_4_10,R1,FBI_c009,heldout_LODO_prediction,1.2755,0.770967872953982,0.196684461534701,0.196684461521009,0.196684461499221,0.196684461673871,completed,0,0
FBI,AS005,AS005,primary,top_4_10,R1,FBI_c009,heldout_LODO_prediction,1.311,0.784605734039145,0.196684461552517,0.19668446153342,0.196684461503039,0.196684461747688,completed,0,0
FBI,AS005,AS005,primary,top_4_10,R1,FBI_c009,heldout_LODO_prediction,1.3582,0.808018448569198,0.196684461587627,0.19668446155859,0.196684461510758,0.196684461899141,completed,0,0
FBI,AS005,AS005,primary,top_4_10,R1,FBI_c009,heldout_LODO_prediction,1.3719,0.829639557920294,0.196684461601119,0.196684461568781,0.196684461513875,0.196684461961051,completed,0,0
FBI,AS005,AS005,primary,top_4_10,R1,FBI_c009,heldout_LODO_prediction,1.4121,0.873707629891376,0.196684461652537,0.196684461602608,0.196684461524205,0.196684462167508,completed,0,0
FBI,AS005,AS005,primary,top_4_10,R1,FBI_c009,heldout_LODO_prediction,1.4455,0.89092418847506,0.196684461713123,0.196684461645328,0.196684461537188,0.196684462432245,completed,0,0
FBI,AS005,AS005,primary,top_4_10,R1,FBI_c009,heldout_LODO_prediction,1.4632,0.895193353460686,0.196684461754022,0.196684461674421,0.196684461545995,0.196684462614563,completed,0,0
FBI,AS005,AS005,primary,top_4_10,R1,FBI_c009,heldout_LODO_prediction,1.4986,0.90125412362527,0.196684461860082,0.19668446174562,0.196684461567479,0.196684463064693,completed,0,0
FBI,AS005,AS005,primary,top_4_10,R1,FBI_c009,heldout_LODO_prediction,1.5291,0.905248004187933,0.196684461985735,0.196684461834508,0.196684461594117,0.196684463636797,completed,0,0
FBI,AS005,AS005,primary,top_4_10,R1,FBI_c009,heldout_LODO_prediction,1.55,0.906489040520964,0.196684462096191,0.196684461911019,0.196684461616927,0.196684464135331,completed,0,0
FBI,AS005,AS005,primary,top_4_10,R1,FBI_c009,heldout_LODO_prediction,1.5867,0.910482921083628,0.196684462354649,0.196684462083845,0.196684461668155,0.196684465276334,completed,0,0
FBI,AS005,AS005,primary,top_4_10,R1,FBI_c009,heldout_LODO_prediction,1.6222,0.920533058951482,0.196684462712237,0.196684462329747,0.19668446174031,0.196684466934371,completed,0,0
FBI,AS005,AS005,primary,top_4_10,R1,FBI_c009,heldout_LODO_prediction,1.6598,0.938850755227019,0.19668446325899,0.196684462697772,0.196684461847196,0.196684469464337,completed,0,0
FBI,AS005,AS005,primary,top_4_10,R1,FBI_c009,heldout_LODO_prediction,1.6788,0.94835483710834,0.196684463625216,0.19668446296764,0.196684461924642,0.196684471357494,completed,0,0
FBI,AS005,AS005,primary,top_4_10,R1,FBI_c009,heldout_LODO_prediction,1.7137,0.963779790513067,0.196684464514252,0.196684463545494,0.196684462089591,0.196684475444787,completed,0,0
FBI,AS005,AS005,primary,top_4_10,R1,FBI_c009,heldout_LODO_prediction,1.758,0.970526515305363,0.196684466217324,0.196684464716622,0.196684462418347,0.196684483923333,completed,0,0
FBI,AS005,AS005,primary,top_4_10,R1,FBI_c009,heldout_LODO_prediction,1.7772,0.97231812048432,0.196684467237084,0.196684465454748,0.196684462622842,0.196684489352717,completed,0,0
FBI,AS005,AS005,primary,top_4_10,R1,FBI_c009,heldout_LODO_prediction,1.8163,0.974520395868026,0.196684470072581,0.196684467241725,0.196684463114654,0.196684502587924,completed,0,0
FBI,AS005,AS005,primary,top_4_10,R1,FBI_c009,heldout_LODO_prediction,1.8489,0.977553037380014,0.196684473519758,0.196684469605848,0.196684463754873,0.196684520358472,completed,0,0
FBI,AS005,AS005,primary,top_4_10,R1,FBI_c009,heldout_LODO_prediction,1.8669,0.979064845276616,0.196684476002983,0.196684471295377,0.196684464208208,0.196684533139967,completed,0,0
FBI,AS005,AS005,primary,top_4_10,R1,FBI_c009,heldout_LODO_prediction,1.9027,0.980996349096751,0.196684482620551,0.196684475556554,0.196684465342979,0.196684565521854,completed,0,0
FBI,AS005,AS005,primary,top_4_10,R1,FBI_c009,heldout_LODO_prediction,1.9388,0.982783441416316,0.196684492445119,0.196684482077836,0.196684467058153,0.196684615317494,completed,0,0
FBI,AS005,AS005,primary,top_4_10,R1,FBI_c009,heldout_LODO_prediction,1.9781,0.984439660813488,0.196684508534815,0.196684492553202,0.196684469785705,0.196684695360706,completed,0,0
FBI,AS005,AS005,primary,top_4_10,R1,FBI_c009,heldout_LODO_prediction,2.0018,0.985816082928304,0.196684522114671,0.196684502256149,0.196684472289908,0.196684769265601,completed,0,0
FBI,AS005,AS005,primary,top_4_10,R1,FBI_c009,heldout_LODO_prediction,2.039,0.988158256953188,0.196684551875865,0.196684521062662,0.196684477126974,0.196684912005477,completed,0,0
FBI,AS005,AS005,primary,top_4_10,R1,FBI_c009,heldout_LODO_prediction,2.077,0.989670064849789,0.196684597551814,0.196684551047032,0.196684484800323,0.196685137421251,completed,0,0
FBI,AS005,AS005,primary,top_4_10,R1,FBI_c009,heldout_LODO_prediction,2.095,0.990360532336894,0.196684626665638,0.19668457226657,0.196684490220577,0.196685294955578,completed,0,0
FBI,AS005,AS005,primary,top_4_10,R1,FBI_c009,heldout_LODO_prediction,2.133,0.991461670028747,0.196684710181195,0.196684624989976,0.196684503688896,0.196685683946004,completed,0,0
FBI,AS005,AS005,primary,top_4_10,R1,FBI_c009,heldout_LODO_prediction,2.174,0.9925628077206,0.196684847855044,0.196684716776108,0.196684527192551,0.196686347546495,completed,0,0
FBI,AS005,AS005,primary,top_4_10,R1,FBI_c009,heldout_LODO_prediction,2.195,0.993253275207704,0.196684945339375,0.196684787291982,0.196684545335241,0.196686847280986,completed,0,0
FBI,AS005,AS005,primary,top_4_10,R1,FBI_c009,heldout_LODO_prediction,2.234,0.993939229835416,0.196685195053999,0.196684945172259,0.196684586094083,0.19668795406777,completed,0,0
FBI,AS005,AS005,primary,top_4_10,R1,FBI_c009,heldout_LODO_prediction,2.275,0.993939229835416,0.196685594193331,0.196685214173747,0.196684656262853,0.196689786816533,completed,0,0
FBI,AS005,AS005,primary,top_4_10,R1,FBI_c009,heldout_LODO_prediction,2.298,0.994629697322521,0.196685904431081,0.196685438081177,0.19668471530505,0.196691273903729,completed,0,0
FBI,AS005,AS005,primary,top_4_10,R1,FBI_c009,heldout_LODO_prediction,2.338,0.994765083104306,0.196686652693053,0.196685922464195,0.196684844000372,0.196694439934877,completed,0,0
FBI,AS005,AS005,primary,top_4_10,R1,FBI_c009,heldout_LODO_prediction,2.38,0.99545555059141,0.196687842449459,0.196686736655862,0.196685064025212,0.196699584216074,completed,0,0
FBI,AS005,AS005,primary,top_4_10,R1,FBI_c009,heldout_LODO_prediction,2.422,0.996421302501478,0.196689648972308,0.196687969938357,0.196685403143306,0.196707130871217,completed,0,0
FBI,AS005,AS005,primary,top_4_10,R1,FBI_c009,heldout_LODO_prediction,2.441,0.996971871347405,0.196690745024136,0.196688787174884,0.196685631739227,0.196711984008396,completed,0,0
FBI,AS005,AS005,primary,top_4_10,R1,FBI_c009,heldout_LODO_prediction,2.48,0.997247155770368,0.19669373655628,0.196690742947406,0.196686183151382,0.196723446366575,completed,0,0
FBI,AS005,AS005,primary,top_4_10,R1,FBI_c009,heldout_LODO_prediction,2.532,0.997933110398079,0.196699912209842,0.196695276194218,0.196687499521261,0.196748789760364,completed,0,0
FBI,AS005,AS005,primary,top_4_10,R1,FBI_c009,heldout_LODO_prediction,2.562,0.998623577885184,0.196705102794971,0.196698839071273,0.196688550698364,0.196768219402488,completed,0,0
FBI,AS005,AS005,primary,top_4_10,R1,FBI_c009,heldout_LODO_prediction,2.615,0.998348293462221,0.19671859285491,0.196708657043971,0.196691527906596,0.196819667540175,completed,0,0
FBI,AS005,AS005,primary,top_4_10,R1,FBI_c009,heldout_LODO_prediction,2.665,0.999034248089932,0.196738748048986,0.196723012485867,0.196695995078122,0.196892210302398,completed,0,0
FBI,AS005,AS005,primary,top_4_10,R1,FBI_c009,heldout_LODO_prediction,2.687,0.998348293462221,0.196750832542615,0.19673188077126,0.196698808557893,0.196935858954727,completed,0,0
FBI,AS005,AS005,primary,top_4_10,R1,FBI_c009,heldout_LODO_prediction,2.737,0.999034248089932,0.196788507667812,0.196759093944068,0.196707618189258,0.197066461944139,completed,0,0
FBI,AS005,AS005,primary,top_4_10,R1,FBI_c009,heldout_LODO_prediction,2.771,0.998348293462221,0.196824921439378,0.196784713029202,0.196716067273565,0.197186608054398,completed,0,0
FBI,AS005,AS005,primary,top_4_10,R1,FBI_c009,heldout_LODO_prediction,2.829,0.99917414673111,0.196916454130145,0.196854849472959,0.19673991103426,0.197504795871761,completed,0,0
FBI,AS005,AS005,primary,top_4_10,R1,FBI_c009,heldout_LODO_prediction,2.84,0.999034248089932,0.196939262332328,0.196872209121208,0.196745899303848,0.197582363490549,completed,0,0
FBI,AS005,AS005,primary,top_4_10,R1,FBI_c009,heldout_LODO_prediction,2.9,0.999449431154074,0.197106316297885,0.196997630987894,0.196789933439332,0.198134428052523,completed,0,0
FBI,AS005,AS005,primary,top_4_10,R1,FBI_c009,heldout_LODO_prediction,2.945,0.99917414673111,0.197295552695065,0.197131396428391,0.196837745466091,0.198714931790727,completed,0,0
FBI,AS005,AS005,primary,top_4_10,R1,FBI_c009,heldout_LODO_prediction,2.983,0.999314045372288,0.197516358555891,0.197291196052677,0.196895807462218,0.199401533494146,completed,0,0
FBI,AS005,AS005,primary,top_4_10,R1,FBI_c009,heldout_LODO_prediction,3.045,0.999449431154074,0.198050322339692,0.197714131851556,0.197052586935119,0.201211006726656,completed,0,0
FBI,AS005,AS005,primary,top_4_10,R1,FBI_c009,heldout_LODO_prediction,3.117,0.999449431154074,0.199092703080449,0.198527558988835,0.197358360826178,0.204714111751428,completed,0,0
FBI,AS005,AS005,primary,top_4_10,R1,FBI_c009,heldout_LODO_prediction,3.158,0.999314045372288,0.200002040142106,0.199136262543598,0.197588294517024,0.207349604992313,completed,0,0
FBI,AS005,AS005,primary,top_4_10,R1,FBI_c009,heldout_LODO_prediction,3.239,0.999589329795252,0.202921230752603,0.201514397114685,0.19848737619019,0.217902807263333,completed,0,0
FBI,AS005,AS005,primary,top_4_10,R1,FBI_c009,heldout_LODO_prediction,3.316,1,0.208077712086202,0.205463576951937,0.199966839468297,0.235688347409513,completed,0,0
FBI,AS005,AS005,primary,top_4_10,R1,FBI_c009,heldout_LODO_prediction,3.383,1,0.216022295290654,0.211393567679177,0.202160551356294,0.262281667362274,completed,0,0
FBI,AS005,AS005,primary,top_4_10,R1,FBI_c009,heldout_LODO_prediction,3.429,0.999589329795252,0.224565509644093,0.217315663654944,0.204332524470249,0.288404511125478,completed,0,0
FBI,AS005,AS005,primary,top_4_10,R1,FBI_c009,heldout_LODO_prediction,3.526,1,0.257071639923318,0.243990100731773,0.214049223564674,0.390751518672966,completed,0,0
FBI,AS005,AS005,primary,top_4_10,R1,FBI_c009,heldout_LODO_prediction,3.625,1.00027528442296,0.326484826632592,0.299114996770135,0.234927341874886,0.545811670967399,completed,0,0
FBI,AS005,AS005,primary,top_4_10,R1,FBI_c009,heldout_LODO_prediction,3.678,1.00027528442296,0.386686421867239,0.342346243158189,0.252110855626535,0.64173699751546,completed,0,0
FBI,AS005,AS005,primary,top_4_10,R1,FBI_c009,heldout_LODO_prediction,3.773,0.999864614218215,0.538778937983962,0.476370315012368,0.317142952401332,0.802966838478415,completed,0,0
FBI,AS005,AS005,primary,top_4_10,R1,FBI_c009,heldout_LODO_prediction,3.851,1.0006904674871,0.686294409801334,0.621306036147723,0.408350071334136,0.916138511920813,completed,0,0
FBI,AS005,AS005,primary,top_4_10,R1,FBI_c009,heldout_LODO_prediction,3.908,1.00013989864118,0.786240423078468,0.735623298750612,0.499506101944206,0.977342892911987,completed,0,0
FBI,AS005,AS005,primary,top_4_10,R1,FBI_c009,heldout_LODO_prediction,4.013,1.00041518306414,0.919593727994053,0.908313408328413,0.709046868336694,1.04349313492487,completed,0,0
FBI,AS005,AS005,primary,top_4_10,R1,FBI_c009,heldout_LODO_prediction,4.144,1.00055056884593,0.997283317756064,1.04032067337189,0.932619709122814,1.08800083454813,completed,0,0
FBI,AS005,AS005,primary,top_4_10,R1,FBI_c009,heldout_LODO_prediction,4.238,1.00027528442296,1.01604116221073,1.09406794043756,1.04191910892981,1.11059725940224,completed,0,0
FBI,AS005,AS005,primary,top_4_10,R1,FBI_c009,heldout_LODO_prediction,4.292,1.00013989864118,1.02085975941568,1.11400398392182,1.08463990648643,1.12229220292973,completed,0,0
FBI,AS005,AS005,primary,top_4_10,R1,FBI_c009,heldout_LODO_prediction,4.308,1.0006904674871,1.02073340331444,1.11854464570687,1.09363434681363,1.12541550471642,completed,0,0
FBI,AS005,AS005,primary,top_4_10,R1,FBI_c009,heldout_LODO_prediction,4.353,1.00055056884593,1.02151064996091,1.12916626952082,1.11613697863683,1.13372184276827,completed,0,0
FBI,AS005,AS005,primary,top_4_10,R1,FBI_c009,heldout_LODO_prediction,4.371,1.00082585326889,1.02199923550789,1.13286735699325,1.12260619999881,1.13709437859409,completed,0,0
FBI,AS005,AS005,primary,top_4_10,R1,FBI_c009,heldout_LODO_prediction,4.429,1.00082585326889,1.02270563813277,1.14489782938442,1.13827509667311,1.14806936100109,completed,0,0
FBI,AS006,AS006,primary,top_4_10,R1,FBI_c027,heldout_LODO_prediction,0.048,0.190112191002937,0.0608703933085871,0.173565946111557,0.173565946111557,0.173565946111557,completed,0,0
FBI,AS006,AS006,primary,top_4_10,R1,FBI_c027,heldout_LODO_prediction,0.0597,0.200556986498786,0.0608703933085871,0.168031683917245,0.168031683917245,0.168031683917245,completed,0,0
FBI,AS006,AS006,primary,top_4_10,R1,FBI_c027,heldout_LODO_prediction,0.0792,0.240527304807248,0.0608703933085871,0.158807913593392,0.158807913593392,0.158807913593392,completed,0,0
FBI,AS006,AS006,primary,top_4_10,R1,FBI_c027,heldout_LODO_prediction,0.0985,0.303629215036316,0.0608703933085871,0.149678746042092,0.149678746042092,0.149678746042092,completed,0,0
FBI,AS006,AS006,primary,top_4_10,R1,FBI_c027,heldout_LODO_prediction,0.1181,0.412011805443459,0.0608703933085871,0.140407674331963,0.140407674331963,0.140407674331963,completed,0,0
FBI,AS006,AS006,primary,top_4_10,R1,FBI_c027,heldout_LODO_prediction,0.1384,0.550437345520424,0.0608703933085871,0.130805492917901,0.130805492917901,0.130805492917901,completed,0,0
FBI,AS006,AS006,primary,top_4_10,R1,FBI_c027,heldout_LODO_prediction,0.1588,0.659889771585421,0.0608703933085871,0.121156010117563,0.121156010117563,0.121156010117563,completed,0,0
FBI,AS006,AS006,primary,top_4_10,R1,FBI_c027,heldout_LODO_prediction,0.1803,0.763896341070619,0.0608703933085871,0.110986212068187,0.110986212068187,0.110986212068187,completed,0,0
FBI,AS006,AS006,primary,top_4_10,R1,FBI_c027,heldout_LODO_prediction,0.2005,0.815328648593636,0.0608703933085871,0.101431332040401,0.101431332040401,0.101431332040401,completed,0,0
FBI,AS006,AS006,primary,top_4_10,R1,FBI_c027,heldout_LODO_prediction,0.2201,0.839453108106101,0.0608703933085871,0.092160260330272,0.092160260330272,0.092160260330272,completed,0,0
FBI,AS006,AS006,primary,top_4_10,R1,FBI_c027,heldout_LODO_prediction,0.2399,0.857004990576123,0.0608703933085871,0.0827945858475908,0.0827945858475908,0.0827945858475908,completed,0,0
FBI,AS006,AS006,primary,top_4_10,R1,FBI_c027,heldout_LODO_prediction,0.26,0.871094572595352,0.0608703933085871,0.0732870072060811,0.0732870072060811,0.0732870072060811,completed,0,0
FBI,AS006,AS006,primary,top_4_10,R1,FBI_c027,heldout_LODO_prediction,0.2804,0.883658780381312,0.0608703933085871,0.0636375244057429,0.0636375244057429,0.0636375244057429,completed,0,0
FBI,AS006,AS006,primary,top_4_10,R1,FBI_c027,heldout_LODO_prediction,0.2998,0.891492045752062,0.0608703933085871,0.0608703933085871,0.0608703933085871,0.0608703933085871,completed,0,0
FBI,AS006,AS006,primary,top_4_10,R1,FBI_c027,heldout_LODO_prediction,0.3207,0.898013030093023,0.0608703933085871,0.0608703933085871,0.0608703933085871,0.0608703933085871,completed,0,0
FBI,AS006,AS006,primary,top_4_10,R1,FBI_c027,heldout_LODO_prediction,0.3404,0.906999682543731,0.0608703933085871,0.0608703933085871,0.0608703933085871,0.0608703933085871,completed,0,0
FBI,AS006,AS006,primary,top_4_10,R1,FBI_c027,heldout_LODO_prediction,0.3602,0.915579955834449,0.0608703933085871,0.0608703933085871,0.0608703933085871,0.0608703933085871,completed,0,0
FBI,AS006,AS006,primary,top_4_10,R1,FBI_c027,heldout_LODO_prediction,0.3798,0.923923951758217,0.0608703933085871,0.0608703933085871,0.0608703933085871,0.0608703933085871,completed,0,0
FBI,AS006,AS006,primary,top_4_10,R1,FBI_c027,heldout_LODO_prediction,0.4003,0.936046321995432,0.0608703933085871,0.0608703933085871,0.0608703933085871,0.0608703933085871,completed,0,0
FBI,AS006,AS006,primary,top_4_10,R1,FBI_c027,heldout_LODO_prediction,0.4207,0.945453050181036,0.0608703933085871,0.0608703933085871,0.0608703933085871,0.0608703933085871,completed,0,0
FBI,AS006,AS006,primary,top_4_10,R1,FBI_c027,heldout_LODO_prediction,0.4408,0.955896561111665,0.0608703933085871,0.0608703933085871,0.0608703933085871,0.0608703933085871,completed,0,0
FBI,AS006,AS006,primary,top_4_10,R1,FBI_c027,heldout_LODO_prediction,0.4601,0.966839625764932,0.0608703933085871,0.0608703933085871,0.0608703933085871,0.0608703933085871,completed,0,0
FBI,AS006,AS006,primary,top_4_10,R1,FBI_c027,heldout_LODO_prediction,0.4799,0.973846076401016,0.0608703933085871,0.0608703933085871,0.0608703933085871,0.0608703933085871,completed,0,0
FBI,AS006,AS006,primary,top_4_10,R1,FBI_c027,heldout_LODO_prediction,0.4997,0.979238670071734,0.0608703933085871,0.0608703933085871,0.0608703933085871,0.0608703933085871,completed,0,0
FBI,AS006,AS006,primary,top_4_10,R1,FBI_c027,heldout_LODO_prediction,0.5197,0.984513629666975,0.0608703933085871,0.0608703933085871,0.0608703933085871,0.0608703933085871,completed,0,0
FBI,AS006,AS006,primary,top_4_10,R1,FBI_c027,heldout_LODO_prediction,0.5401,0.987324228545714,0.0608703933085871,0.0608703933085871,0.0608703933085871,0.0608703933085871,completed,0,0
FBI,AS006,AS006,primary,top_4_10,R1,FBI_c027,heldout_LODO_prediction,0.5607,0.990867005017469,0.0608703933085871,0.0608703933085871,0.0608703933085871,0.0608703933085871,completed,0,0
FBI,AS006,AS006,primary,top_4_10,R1,FBI_c027,heldout_LODO_prediction,0.5804,0.993189984871219,0.0608703933085871,0.0608703933085871,0.0608703933085871,0.0608703933085871,completed,0,0
FBI,AS006,AS006,primary,top_4_10,R1,FBI_c027,heldout_LODO_prediction,0.6008,0.992795769720558,0.0608703933085871,0.0608703933085871,0.0608703933085871,0.0608703933085871,completed,0,0
FBI,AS006,AS006,primary,top_4_10,R1,FBI_c027,heldout_LODO_prediction,0.6196,0.993858705859768,0.0608703933085871,0.0608703933085871,0.0608703933085871,0.0608703933085871,completed,0,0
FBI,AS006,AS006,primary,top_4_10,R1,FBI_c027,heldout_LODO_prediction,0.6394,0.994095028554797,0.0608703933085871,0.0608703933085871,0.0608703933085871,0.0608703933085871,completed,0,0
FBI,AS006,AS006,primary,top_4_10,R1,FBI_c027,heldout_LODO_prediction,0.6611,0.994606889064554,0.0608703933085871,0.0608703933085871,0.0608703933085871,0.0608703933085871,completed,0,0
FBI,AS006,AS006,primary,top_4_10,R1,FBI_c027,heldout_LODO_prediction,0.6796,0.995630610084065,0.0608703933085871,0.0608703933085871,0.0608703933085871,0.0608703933085871,completed,0,0
FBI,AS006,AS006,primary,top_4_10,R1,FBI_c027,heldout_LODO_prediction,0.699,0.996220900833216,0.0608703933085871,0.0608703933085871,0.0608703933085871,0.0608703933085871,completed,0,0
FBI,AS006,AS006,primary,top_4_10,R1,FBI_c027,heldout_LODO_prediction,0.7193,0.996771976462672,0.0608703933085871,0.0608703933085871,0.0608703933085871,0.0608703933085871,completed,0,0
FBI,AS006,AS006,primary,top_4_10,R1,FBI_c027,heldout_LODO_prediction,0.7404,0.997283836972426,0.0608703933085871,0.0608703933085871,0.0608703933085871,0.0608703933085871,completed,0,0
FBI,AS006,AS006,primary,top_4_10,R1,FBI_c027,heldout_LODO_prediction,0.7582,0.998172596834849,0.0608703933085871,0.0608703933085871,0.0608703933085871,0.0608703933085871,completed,0,0
FBI,AS006,AS006,primary,top_4_10,R1,FBI_c027,heldout_LODO_prediction,0.7816,0.997717267242785,0.0608703933085871,0.0608703933085871,0.0608703933085871,0.0608703933085871,completed,0,0
FBI,AS006,AS006,primary,top_4_10,R1,FBI_c027,heldout_LODO_prediction,0.7987,0.998229127752538,0.0608703933085871,0.0608703933085871,0.0608703933085871,0.0608703933085871,completed,0,0
FBI,AS006,AS006,primary,top_4_10,R1,FBI_c027,heldout_LODO_prediction,0.8181,0.998976278980489,0.0608703933085871,0.0608703933085871,0.0608703933085871,0.0608703933085871,completed,0,0
FBI,AS006,AS006,primary,top_4_10,R1,FBI_c027,heldout_LODO_prediction,0.8437,1.0000392151197,0.0608703933085871,0.0608703933085871,0.0608703933085871,0.0608703933085871,completed,0,0
FBI,AS006,AS006,primary,top_4_10,R1,FBI_c027,heldout_LODO_prediction,0.8603,0.99795358993781,0.0608703933085871,0.0609853636212371,0.0609853636212371,0.0609853636212371,completed,0,0
FBI,AS006,AS006,primary,top_4_10,R1,FBI_c027,heldout_LODO_prediction,0.8789,1,0.0608703933085871,0.0619357848724772,0.0619357848724772,0.0619357848724772,completed,0,0
FBI,AS006,AS006,primary,top_4_10,R1,FBI_c027,heldout_LODO_prediction,0.8973,0.999409709250845,0.0608703933085871,0.0628759865403706,0.0628759865403706,0.0628759865403706,completed,0,0
FBI,AS006,AS006,primary,top_4_10,R1,FBI_c027,heldout_LODO_prediction,0.9215,1.0000784302394,0.0608703933085871,0.0641125561253173,0.0641125561253173,0.0641125561253173,completed,0,0
FBI,AS006,AS006,primary,top_4_10,R1,FBI_c027,heldout_LODO_prediction,0.9373,0.999667787846881,0.0608703933085871,0.064919903209704,0.064919903209704,0.064919903209704,completed,0,0
FBI,AS006,AS006,primary,top_4_10,R1,FBI_c027,heldout_LODO_prediction,0.9587,1.00035396805412,0.0608703933085871,0.0660133986277974,0.0660133986277974,0.0660133986277974,completed,0,0
FBI,AS006,AS006,primary,top_4_10,R1,FBI_c027,heldout_LODO_prediction,0.9779,1.00118161347514,0.0608703933085871,0.0669944786290775,0.0669944786290775,0.0669944786290775,completed,0,0
FBI,AS006,AS006,primary,top_4_10,R1,FBI_c027,heldout_LODO_prediction,1.001,1.00177190422429,0.0608703933085871,0.0681748405056176,0.0681748405056176,0.0681748405056176,completed,0,0
FBI,AS006,AS006,secondary,bottom_3_9,R2,FBI_c027,heldout_LODO_prediction,0.048,0.209964606199736,0.0608703933085871,0.173565946111557,0.173565946111557,0.173565946111557,completed,0,0
FBI,AS006,AS006,secondary,bottom_3_9,R2,FBI_c027,heldout_LODO_prediction,0.0597,0.226309469118397,0.0608703933085871,0.168031683917245,0.168031683917245,0.168031683917245,completed,0,0
FBI,AS006,AS006,secondary,bottom_3_9,R2,FBI_c027,heldout_LODO_prediction,0.0792,0.270322822190663,0.0608703933085871,0.158807913593392,0.158807913593392,0.158807913593392,completed,0,0
FBI,AS006,AS006,secondary,bottom_3_9,R2,FBI_c027,heldout_LODO_prediction,0.0985,0.325599048850246,0.0608703933085871,0.149678746042092,0.149678746042092,0.149678746042092,completed,0,0
FBI,AS006,AS006,secondary,bottom_3_9,R2,FBI_c027,heldout_LODO_prediction,0.1181,0.40350152042002,0.0608703933085871,0.140407674331963,0.140407674331963,0.140407674331963,completed,0,0
FBI,AS006,AS006,secondary,bottom_3_9,R2,FBI_c027,heldout_LODO_prediction,0.1384,0.503092951797939,0.0608703933085871,0.130805492917901,0.130805492917901,0.130805492917901,completed,0,0
FBI,AS006,AS006,secondary,bottom_3_9,R2,FBI_c027,heldout_LODO_prediction,0.1588,0.614578372408278,0.0608703933085871,0.121156010117563,0.121156010117563,0.121156010117563,completed,0,0
FBI,AS006,AS006,secondary,bottom_3_9,R2,FBI_c027,heldout_LODO_prediction,0.1803,0.755953328974659,0.0608703933085871,0.110986212068187,0.110986212068187,0.110986212068187,completed,0,0
FBI,AS006,AS006,secondary,bottom_3_9,R2,FBI_c027,heldout_LODO_prediction,0.2005,0.827086462163843,0.0608703933085871,0.101431332040401,0.101431332040401,0.101431332040401,completed,0,0
FBI,AS006,AS006,secondary,bottom_3_9,R2,FBI_c027,heldout_LODO_prediction,0.2201,0.859745418737565,0.0608703933085871,0.092160260330272,0.092160260330272,0.092160260330272,completed,0,0
FBI,AS006,AS006,secondary,bottom_3_9,R2,FBI_c027,heldout_LODO_prediction,0.2399,0.886265494656637,0.0608703933085871,0.0827945858475908,0.0827945858475908,0.0827945858475908,completed,0,0
FBI,AS006,AS006,secondary,bottom_3_9,R2,FBI_c027,heldout_LODO_prediction,0.26,0.910548552270862,0.0608703933085871,0.0732870072060811,0.0732870072060811,0.0732870072060811,completed,0,0
FBI,AS006,AS006,secondary,bottom_3_9,R2,FBI_c027,heldout_LODO_prediction,0.2804,0.932850825653291,0.0608703933085871,0.0636375244057429,0.0636375244057429,0.0636375244057429,completed,0,0
FBI,AS006,AS006,secondary,bottom_3_9,R2,FBI_c027,heldout_LODO_prediction,0.2998,0.949692006106156,0.0608703933085871,0.0608703933085871,0.0608703933085871,0.0608703933085871,completed,0,0
FBI,AS006,AS006,secondary,bottom_3_9,R2,FBI_c027,heldout_LODO_prediction,0.3207,0.962205761906253,0.0608703933085871,0.0608703933085871,0.0608703933085871,0.0608703933085871,completed,0,0
FBI,AS006,AS006,secondary,bottom_3_9,R2,FBI_c027,heldout_LODO_prediction,0.3404,0.971699748915391,0.0608703933085871,0.0608703933085871,0.0608703933085871,0.0608703933085871,completed,0,0
FBI,AS006,AS006,secondary,bottom_3_9,R2,FBI_c027,heldout_LODO_prediction,0.3602,0.982682292921219,0.0608703933085871,0.0608703933085871,0.0608703933085871,0.0608703933085871,completed,0,0
FBI,AS006,AS006,secondary,bottom_3_9,R2,FBI_c027,heldout_LODO_prediction,0.3798,0.991998100711775,0.0608703933085871,0.0608703933085871,0.0608703933085871,0.0608703933085871,completed,0,0
FBI,AS006,AS006,secondary,bottom_3_9,R2,FBI_c027,heldout_LODO_prediction,0.4003,1.00180123956463,0.0608703933085871,0.0608703933085871,0.0608703933085871,0.0608703933085871,completed,0,0
FBI,AS006,AS006,secondary,bottom_3_9,R2,FBI_c027,heldout_LODO_prediction,0.4207,1.00525947727809,0.0608703933085871,0.0608703933085871,0.0608703933085871,0.0608703933085871,completed,0,0
FBI,AS006,AS006,secondary,bottom_3_9,R2,FBI_c027,heldout_LODO_prediction,0.4408,1.00755282661746,0.0608703933085871,0.0608703933085871,0.0608703933085871,0.0608703933085871,completed,0,0
FBI,AS006,AS006,secondary,bottom_3_9,R2,FBI_c027,heldout_LODO_prediction,0.4601,1.0051927236008,0.0608703933085871,0.0608703933085871,0.0608703933085871,0.0608703933085871,completed,0,0
FBI,AS006,AS006,secondary,bottom_3_9,R2,FBI_c027,heldout_LODO_prediction,0.4799,1.00368793130233,0.0608703933085871,0.0608703933085871,0.0608703933085871,0.0608703933085871,completed,0,0
FBI,AS006,AS006,secondary,bottom_3_9,R2,FBI_c027,heldout_LODO_prediction,0.4997,1.00262999086287,0.0608703933085871,0.0608703933085871,0.0608703933085871,0.0608703933085871,completed,0,0
FBI,AS006,AS006,secondary,bottom_3_9,R2,FBI_c027,heldout_LODO_prediction,0.5197,0.999823035987191,0.0608703933085871,0.0608703933085871,0.0608703933085871,0.0608703933085871,completed,0,0
FBI,AS006,AS006,secondary,bottom_3_9,R2,FBI_c027,heldout_LODO_prediction,0.5401,1.00073273669155,0.0608703933085871,0.0608703933085871,0.0608703933085871,0.0608703933085871,completed,0,0
FBI,AS006,AS006,secondary,bottom_3_9,R2,FBI_c027,heldout_LODO_prediction,0.5607,0.999105143982228,0.0608703933085871,0.0608703933085871,0.0608703933085871,0.0608703933085871,completed,0,0
FBI,AS006,AS006,secondary,bottom_3_9,R2,FBI_c027,heldout_LODO_prediction,0.5804,1.00028477539541,0.0608703933085871,0.0608703933085871,0.0608703933085871,0.0608703933085871,completed,0,0
FBI,AS006,AS006,secondary,bottom_3_9,R2,FBI_c027,heldout_LODO_prediction,0.6008,0.998291347627563,0.0608703933085871,0.0608703933085871,0.0608703933085871,0.0608703933085871,completed,0,0
FBI,AS006,AS006,secondary,bottom_3_9,R2,FBI_c027,heldout_LODO_prediction,0.6196,0.998820368586821,0.0608703933085871,0.0608703933085871,0.0608703933085871,0.0608703933085871,completed,0,0
FBI,AS006,AS006,secondary,bottom_3_9,R2,FBI_c027,heldout_LODO_prediction,0.6394,0.998495063359858,0.0608703933085871,0.0608703933085871,0.0608703933085871,0.0608703933085871,completed,0,0
FBI,AS006,AS006,secondary,bottom_3_9,R2,FBI_c027,heldout_LODO_prediction,0.6611,0.998331877459119,0.0608703933085871,0.0608703933085871,0.0608703933085871,0.0608703933085871,completed,0,0
FBI,AS006,AS006,secondary,bottom_3_9,R2,FBI_c027,heldout_LODO_prediction,0.6796,0.999593635109926,0.0608703933085871,0.0608703933085871,0.0608703933085871,0.0608703933085871,completed,0,0
FBI,AS006,AS006,secondary,bottom_3_9,R2,FBI_c027,heldout_LODO_prediction,0.699,0.999308859714519,0.0608703933085871,0.0608703933085871,0.0608703933085871,0.0608703933085871,completed,0,0
FBI,AS006,AS006,secondary,bottom_3_9,R2,FBI_c027,heldout_LODO_prediction,0.7193,0.997355961778235,0.0608703933085871,0.0608703933085871,0.0608703933085871,0.0608703933085871,completed,0,0
FBI,AS006,AS006,secondary,bottom_3_9,R2,FBI_c027,heldout_LODO_prediction,0.7404,0.999349389546075,0.0608703933085871,0.0608703933085871,0.0608703933085871,0.0608703933085871,completed,0,0
FBI,AS006,AS006,secondary,bottom_3_9,R2,FBI_c027,heldout_LODO_prediction,0.7582,0.999213013878953,0.0608703933085871,0.0608703933085871,0.0608703933085871,0.0608703933085871,completed,0,0
FBI,AS006,AS006,secondary,bottom_3_9,R2,FBI_c027,heldout_LODO_prediction,0.7816,0.998168691558384,0.0608703933085871,0.0608703933085871,0.0608703933085871,0.0608703933085871,completed,0,0
FBI,AS006,AS006,secondary,bottom_3_9,R2,FBI_c027,heldout_LODO_prediction,0.7987,1.00081379635466,0.0608703933085871,0.0608703933085871,0.0608703933085871,0.0608703933085871,completed,0,0
FBI,AS006,AS006,secondary,bottom_3_9,R2,FBI_c027,heldout_LODO_prediction,0.8181,0.999634164941481,0.0608703933085871,0.0608703933085871,0.0608703933085871,0.0608703933085871,completed,0,0
FBI,AS006,AS006,secondary,bottom_3_9,R2,FBI_c027,heldout_LODO_prediction,0.8437,0.99938991937763,0.0608703933085871,0.0608703933085871,0.0608703933085871,0.0608703933085871,completed,0,0
FBI,AS006,AS006,secondary,bottom_3_9,R2,FBI_c027,heldout_LODO_prediction,0.8603,0.998739308923709,0.0608703933085871,0.0609853636212371,0.0609853636212371,0.0609853636212371,completed,0,0
FBI,AS006,AS006,secondary,bottom_3_9,R2,FBI_c027,heldout_LODO_prediction,0.8789,0.999634164941481,0.0608703933085871,0.0619357848724772,0.0619357848724772,0.0619357848724772,completed,0,0
FBI,AS006,AS006,secondary,bottom_3_9,R2,FBI_c027,heldout_LODO_prediction,0.8973,0.999024084319116,0.0608703933085871,0.0628759865403706,0.0628759865403706,0.0628759865403706,completed,0,0
FBI,AS006,AS006,secondary,bottom_3_9,R2,FBI_c027,heldout_LODO_prediction,0.9215,1.00044796129614,0.0608703933085871,0.0641125561253173,0.0641125561253173,0.0641125561253173,completed,0,0
FBI,AS006,AS006,secondary,bottom_3_9,R2,FBI_c027,heldout_LODO_prediction,0.9373,1.00108360614792,0.0608703933085871,0.064919903209704,0.064919903209704,0.064919903209704,completed,0,0
FBI,AS006,AS006,secondary,bottom_3_9,R2,FBI_c027,heldout_LODO_prediction,0.9587,1.00154653304621,0.0608703933085871,0.0660133986277974,0.0660133986277974,0.0660133986277974,completed,0,0
FBI,AS006,AS006,secondary,bottom_3_9,R2,FBI_c027,heldout_LODO_prediction,0.9779,1,0.0608703933085871,0.0669944786290775,0.0669944786290775,0.0669944786290775,completed,0,0
FBI,AS006,AS006,secondary,bottom_3_9,R2,FBI_c027,heldout_LODO_prediction,1.001,1.00126175765081,0.0608703933085871,0.0681748405056176,0.0681748405056176,0.0681748405056176,completed,0,0
