synthetic_id,evidence_config,true_model,candidate_model,seed,primary_score,primary_curve_score,primary_onset_score,primary_width_score,primary_lowT_score,secondary_score,total_score,complexity_K,penalized_score,structured_candidate,selected_model,selected_score,run_status,second_best_model,second_best_score,selection_margin,unresolved
misspec_primary_only_M0_shifted_broadened_seed_0001,misspec_primary_only,M0_shifted_broadened,M0,1,0.183114894170801,0.00244369512036516,0.361344537815126,0.704212344493922,0.0266152491566974,NaN,0.183114894170801,0,0.183114894170801,0,M1,0.040710915750536,scored,M2,0.168797814470005,0.128086898719469,0
misspec_primary_only_M0_shifted_broadened_seed_0001,misspec_primary_only,M0_shifted_broadened,M1,1,0.030710915750536,0.00471922647361098,0.0516206482593035,0.00347970304711533,0.11670144936535,NaN,0.030710915750536,1,0.040710915750536,1,M1,0.040710915750536,scored,M2,0.168797814470005,0.128086898719469,0
misspec_primary_only_M0_shifted_broadened_seed_0001,misspec_primary_only,M0_shifted_broadened,M2,1,0.148797814470005,0.0279672646576363,0.154861944777911,0.405667913328312,0.286610707909052,NaN,0.148797814470005,2,0.168797814470005,1,M1,0.040710915750536,scored,M2,0.168797814470005,0.128086898719469,0
misspec_primary_only_M0_shifted_broadened_seed_0002,misspec_primary_only,M0_shifted_broadened,M0,2,0.185559102360986,0.00236313465527015,0.206482593037215,0.914843593453453,0.0390298493859358,NaN,0.185559102360986,0,0.185559102360986,0,M1,0.10133437495963,scored,M2,0.166111673082742,0.0647772981231115,0
misspec_primary_only_M0_shifted_broadened_seed_0002,misspec_primary_only,M0_shifted_broadened,M1,2,0.0913343749596301,0.00455637236154703,0.206482593037215,0.214110952006646,0.104286849136111,NaN,0.0913343749596301,1,0.10133437495963,1,M1,0.10133437495963,scored,M2,0.166111673082742,0.0647772981231115,0
misspec_primary_only_M0_shifted_broadened_seed_0002,misspec_primary_only,M0_shifted_broadened,M2,2,0.146111673082742,0.0275639587285761,0.309723889555823,0.195036664368781,0.274196107679813,NaN,0.146111673082742,2,0.166111673082742,1,M1,0.10133437495963,scored,M2,0.166111673082742,0.0647772981231115,0
misspec_primary_only_M0_shifted_broadened_seed_0003,misspec_primary_only,M0_shifted_broadened,M0,3,0.22769652345101,0.00206317056431273,0.567827130852341,0.747290388762203,0.00670635789369693,NaN,0.22769652345101,0,0.22769652345101,0,M1,0.0719881375225888,scored,M2,0.147313623348001,0.0753254858254125,0
misspec_primary_only_M0_shifted_broadened_seed_0003,misspec_primary_only,M0_shifted_broadened,M1,3,0.0619881375225888,0.007081070750889,0.154861944777912,0.0465577473153963,0.13661034062835,NaN,0.0619881375225888,1,0.0719881375225888,1,M1,0.0719881375225888,scored,M2,0.147313623348001,0.0753254858254125,0
misspec_primary_only_M0_shifted_broadened_seed_0003,misspec_primary_only,M0_shifted_broadened,M2,3,0.127313623348001,0.0332461469226563,0.0516206482593042,0.362589869060031,0.306519599172052,NaN,0.127313623348001,2,0.147313623348001,1,M1,0.0719881375225888,scored,M2,0.147313623348001,0.0753254858254125,0
misspec_primary_only_M0_shifted_broadened_seed_0004,misspec_primary_only,M0_shifted_broadened,M0,4,0.257110815450391,0.0159794443470168,0.464585834333734,0.845343342990054,0.196016166410851,NaN,0.257110815450391,0,0.257110815450391,0,M1,0.0503311322590083,scored,M2,0.0904955287642783,0.04016439650527,0
misspec_primary_only_M0_shifted_broadened_seed_0004,misspec_primary_only,M0_shifted_broadened,M1,4,0.0403311322590083,0.000820954384679535,0.0516206482593042,0.144610701543247,0.052699467888804,NaN,0.0403311322590083,1,0.0503311322590083,1,M1,0.0503311322590083,scored,M2,0.0904955287642783,0.04016439650527,0
misspec_primary_only_M0_shifted_broadened_seed_0004,misspec_primary_only,M0_shifted_broadened,M2,4,0.0704955287642783,0.00581878657871193,0.0516206482593035,0.26453691483218,0.117209790654898,NaN,0.0704955287642783,2,0.0904955287642783,1,M1,0.0503311322590083,scored,M2,0.0904955287642783,0.04016439650527,0
misspec_primary_only_M0_shifted_broadened_seed_0005,misspec_primary_only,M0_shifted_broadened,M0,5,0.313216452607067,0.00280975661665899,0.98079231692677,0.730039046732033,0.0409816926905223,NaN,0.313216452607067,0,0.313216452607067,0,M1,0.145975602009864,scored,M2,0.225203538588121,0.0792279365782566,0
misspec_primary_only_M0_shifted_broadened_seed_0005,misspec_primary_only,M0_shifted_broadened,M1,5,0.135975602009864,0.00532792834376681,0.567827130852341,0.0293064052852264,0.102335005831525,NaN,0.135975602009864,1,0.145975602009864,1,M1,0.145975602009864,scored,M2,0.225203538588121,0.0792279365782566,0
misspec_primary_only_M0_shifted_broadened_seed_0005,misspec_primary_only,M0_shifted_broadened,M2,5,0.205203538588121,0.0289471008031204,0.464585834333733,0.379841211090201,0.272244264375227,NaN,0.205203538588121,2,0.225203538588121,1,M1,0.145975602009864,scored,M2,0.225203538588121,0.0792279365782566,0
misspec_primary_only_M0_shifted_broadened_seed_0006,misspec_primary_only,M0_shifted_broadened,M0,6,0.184248552703265,0.00306727139707835,0.309723889555823,0.753496649329161,0.0516376112945809,NaN,0.184248552703265,0,0.184248552703265,0,M1,0.0542970411770001,scored,M2,0.166870693843871,0.112573652666871,0
misspec_primary_only_M0_shifted_broadened_seed_0006,misspec_primary_only,M0_shifted_broadened,M1,6,0.0442970411770001,0.00396463521361137,0.103241296518607,0.0527640078823539,0.0916790872274661,NaN,0.0442970411770001,1,0.0542970411770001,1,M1,0.0542970411770001,scored,M2,0.166870693843871,0.112573652666871,0
misspec_primary_only_M0_shifted_broadened_seed_0006,misspec_primary_only,M0_shifted_broadened,M2,6,0.146870693843871,0.0257567641935842,0.206482593037215,0.356383608493073,0.261588345771168,NaN,0.146870693843871,2,0.166870693843871,1,M1,0.0542970411770001,scored,M2,0.166870693843871,0.112573652666871,0
misspec_primary_only_M0_shifted_broadened_seed_0007,misspec_primary_only,M0_shifted_broadened,M0,7,0.319184036076796,0.00757700688592274,0.877551020408163,0.822596394098591,0.109972462916092,NaN,0.319184036076796,0,0.319184036076796,0,M1,0.126439374636175,scored,M2,0.17273026313028,0.0462908884941055,0
misspec_primary_only_M0_shifted_broadened_seed_0007,misspec_primary_only,M0_shifted_broadened,M1,7,0.116439374636175,0.000482019061534922,0.464585834333733,0.121863752651784,0.033344235605955,NaN,0.116439374636175,1,0.126439374636175,1,M1,0.126439374636175,scored,M2,0.17273026313028,0.0462908884941055,0
misspec_primary_only_M0_shifted_broadened_seed_0007,misspec_primary_only,M0_shifted_broadened,M2,7,0.15273026313028,0.0137615037725204,0.361344537815125,0.287283863723644,0.203253494149657,NaN,0.15273026313028,2,0.17273026313028,1,M1,0.126439374636175,scored,M2,0.17273026313028,0.0462908884941055,0
misspec_primary_only_M0_shifted_broadened_seed_0008,misspec_primary_only,M0_shifted_broadened,M0,8,0.316355152905857,0.00254051271261853,0.98079231692677,0.758909017567307,0.0339338701939875,NaN,0.316355152905857,0,0.316355152905857,0,M1,0.151181476074528,scored,M2,0.221622233670667,0.0704407575961387,0
misspec_primary_only_M0_shifted_broadened_seed_0008,misspec_primary_only,M0_shifted_broadened,M1,8,0.141181476074528,0.00496433847355193,0.567827130852341,0.0581763761204998,0.10938282832806,NaN,0.141181476074528,1,0.151181476074528,1,M1,0.151181476074528,scored,M2,0.221622233670667,0.0704407575961387,0
misspec_primary_only_M0_shifted_broadened_seed_0008,misspec_primary_only,M0_shifted_broadened,M2,8,0.201622233670667,0.0283311354698337,0.464585834333733,0.350971240254927,0.279292086871761,NaN,0.201622233670667,2,0.221622233670667,1,M1,0.151181476074528,scored,M2,0.221622233670667,0.0704407575961387,0
misspec_primary_only_M0_shifted_broadened_seed_0009,misspec_primary_only,M0_shifted_broadened,M0,9,0.232438709369461,0.0026182005369149,0.464585834333734,0.896760153014433,0.0246561285472789,NaN,0.232438709369461,0,0.232438709369461,0,M1,0.0700376795259326,scored,M2,0.119866336299876,0.0498286567739436,0
misspec_primary_only_M0_shifted_broadened_seed_0009,misspec_primary_only,M0_shifted_broadened,M1,9,0.0600376795259326,0.00502067528542519,0.0516206482593042,0.196027511567626,0.118660569974768,NaN,0.0600376795259326,1,0.0700376795259326,1,M1,0.0700376795259326,scored,M2,0.119866336299876,0.0498286567739436,0
misspec_primary_only_M0_shifted_broadened_seed_0009,misspec_primary_only,M0_shifted_broadened,M2,9,0.0998663362998762,0.0285774332981496,0.0516206482593035,0.213120104807801,0.28856982851847,NaN,0.0998663362998762,2,0.119866336299876,1,M1,0.0700376795259326,scored,M2,0.119866336299876,0.0498286567739436,0
misspec_primary_only_M0_shifted_broadened_seed_0010,misspec_primary_only,M0_shifted_broadened,M0,10,0.209443840939908,0.0054902569843756,0.41296518607443,0.717658582441426,0.10971258577747,NaN,0.209443840939908,0,0.209443840939908,0,M1,0.0184387319290514,scored,M2,0.139336615199791,0.120897883270739,0
misspec_primary_only_M0_shifted_broadened_seed_0010,misspec_primary_only,M0_shifted_broadened,M1,10,0.00843873192905136,0.00171844773634366,0,0.0169259409946194,0.0336041127445775,NaN,0.00843873192905136,1,0.0184387319290514,1,M1,0.0184387319290514,scored,M2,0.139336615199791,0.120897883270739,0
misspec_primary_only_M0_shifted_broadened_seed_0010,misspec_primary_only,M0_shifted_broadened,M2,10,0.119336615199791,0.0186561977914123,0.103241296518608,0.392221675380808,0.203513371288279,NaN,0.119336615199791,2,0.139336615199791,1,M1,0.0184387319290514,scored,M2,0.139336615199791,0.120897883270739,0
misspec_primary_only_M0_shifted_broadened_seed_0011,misspec_primary_only,M0_shifted_broadened,M0,11,0.272812547859034,0.00194809205253912,0.877551020408163,0.624221083882994,0.0179675677912192,NaN,0.272812547859034,0,0.272812547859034,0,M1,0.136463581390767,scored,M2,0.225449398368928,0.088985816978161,0
misspec_primary_only_M0_shifted_broadened_seed_0011,misspec_primary_only,M0_shifted_broadened,M1,11,0.126463581390767,0.00653462255964782,0.464585834333733,0.0765115575638133,0.125349130730828,NaN,0.126463581390767,1,0.136463581390767,1,M1,0.136463581390767,scored,M2,0.225449398368928,0.088985816978161,0
misspec_primary_only_M0_shifted_broadened_seed_0011,misspec_primary_only,M0_shifted_broadened,M2,11,0.205449398368928,0.0320857126476742,0.361344537815125,0.48565917393924,0.29525838927453,NaN,0.205449398368928,2,0.225449398368928,1,M1,0.136463581390767,scored,M2,0.225449398368928,0.088985816978161,0
misspec_primary_only_M0_shifted_broadened_seed_0012,misspec_primary_only,M0_shifted_broadened,M0,12,0.178619878238618,0.00532313228996796,0.258103241296519,0.731515703682958,0.0974020552125783,NaN,0.178619878238618,0,0.178619878238618,0,M1,0.0532490719698861,scored,M2,0.169995624131146,0.11674655216126,0
misspec_primary_only_M0_shifted_broadened_seed_0012,misspec_primary_only,M0_shifted_broadened,M1,12,0.0432490719698861,0.001544054364922,0.154861944777911,0.0307830622361508,0.0459146433094688,NaN,0.0432490719698861,1,0.0532490719698861,1,M1,0.0532490719698861,scored,M2,0.169995624131146,0.11674655216126,0
misspec_primary_only_M0_shifted_broadened_seed_0012,misspec_primary_only,M0_shifted_broadened,M2,12,0.149995624131146,0.0184934149459506,0.258103241296518,0.378364554139276,0.215823901853171,NaN,0.149995624131146,2,0.169995624131146,1,M1,0.0532490719698861,scored,M2,0.169995624131146,0.11674655216126,0
misspec_primary_only_M0_shifted_broadened_seed_0013,misspec_primary_only,M0_shifted_broadened,M0,13,0.179392193237352,0.00419929447944222,0.361344537815126,0.640365449973558,0.0597921395904799,NaN,0.179392193237352,0,0.179392193237352,0,M1,0.0428776534737072,scored,M2,0.169463834449233,0.126586180975526,0
misspec_primary_only_M0_shifted_broadened_seed_0013,misspec_primary_only,M0_shifted_broadened,M1,13,0.0328776534737072,0.00193952252224836,0.0516206482593035,0.0603671914732486,0.0835245589315672,NaN,0.0328776534737072,1,0.0428776534737072,1,M1,0.0428776534737072,scored,M2,0.169463834449233,0.126586180975526,0
misspec_primary_only_M0_shifted_broadened_seed_0013,misspec_primary_only,M0_shifted_broadened,M2,13,0.149463834449233,0.0200983033901184,0.154861944777911,0.469514807848676,0.253433817475269,NaN,0.149463834449233,2,0.169463834449233,1,M1,0.0428776534737072,scored,M2,0.169463834449233,0.126586180975526,0
misspec_primary_only_M0_shifted_broadened_seed_0014,misspec_primary_only,M0_shifted_broadened,M0,14,0.317512767619214,0.00452648695783244,0.82593037214886,0.929898875838535,0.0705241222316356,NaN,0.317512767619214,0,0.317512767619214,0,M1,0.138772158053226,scored,M2,0.155145335110303,0.0163731770570771,1
misspec_primary_only_M0_shifted_broadened_seed_0014,misspec_primary_only,M0_shifted_broadened,M1,14,0.128772158053226,0.00177059847203891,0.41296518607443,0.229166234391728,0.0727925762904114,NaN,0.128772158053226,1,0.138772158053226,1,M1,0.138772158053226,scored,M2,0.155145335110303,0.0163731770570771,1
misspec_primary_only_M0_shifted_broadened_seed_0014,misspec_primary_only,M0_shifted_broadened,M2,14,0.135145335110303,0.0195961493529342,0.309723889555823,0.179981381983699,0.242701834834113,NaN,0.135145335110303,2,0.155145335110303,1,M1,0.138772158053226,scored,M2,0.155145335110303,0.0163731770570771,1
misspec_primary_only_M0_shifted_broadened_seed_0015,misspec_primary_only,M0_shifted_broadened,M0,15,0.311406166287624,0.00399913800194449,1.03241296518607,0.615639078012803,0.070520950316774,NaN,0.311406166287624,0,0.311406166287624,0,M1,0.158728950969024,scored,M2,0.24446761520542,0.0857386642363961,0
misspec_primary_only_M0_shifted_broadened_seed_0015,misspec_primary_only,M0_shifted_broadened,M1,15,0.148728950969024,0.00231199680160732,0.619447779111645,0.0850935634340035,0.072795748205273,NaN,0.148728950969024,1,0.158728950969024,1,M1,0.158728950969024,scored,M2,0.24446761520542,0.0857386642363961,0
misspec_primary_only_M0_shifted_broadened_seed_0015,misspec_primary_only,M0_shifted_broadened,M2,15,0.22446761520542,0.021368781406104,0.516206482593037,0.494241179809431,0.242705006748975,NaN,0.22446761520542,2,0.24446761520542,1,M1,0.158728950969024,scored,M2,0.24446761520542,0.0857386642363961,0
misspec_primary_only_M0_shifted_broadened_seed_0016,misspec_primary_only,M0_shifted_broadened,M0,16,0.449961045178704,0.00620000768758597,1.65186074429772,0.670090507653135,0.106502108849316,NaN,0.449961045178704,0,0.449961045178704,0,M1,0.268300871545777,scored,M2,0.35200170340563,0.0837008318598524,0
misspec_primary_only_M0_shifted_broadened_seed_0016,misspec_primary_only,M0_shifted_broadened,M1,16,0.258300871545777,0.000806502762318017,1.23889555822329,0.0306421337936718,0.0368145896727307,NaN,0.258300871545777,1,0.268300871545777,1,M1,0.268300871545777,scored,M2,0.35200170340563,0.0837008318598524,0
misspec_primary_only_M0_shifted_broadened_seed_0016,misspec_primary_only,M0_shifted_broadened,M2,16,0.33200170340563,0.0157876226137274,1.13565426170468,0.439789750169099,0.206723848216432,NaN,0.33200170340563,2,0.35200170340563,1,M1,0.268300871545777,scored,M2,0.35200170340563,0.0837008318598524,0
misspec_primary_only_M0_shifted_broadened_seed_0017,misspec_primary_only,M0_shifted_broadened,M0,17,0.199156214004501,0.00467879499394285,0.464585834333734,0.616590437145779,0.0760738937927752,NaN,0.199156214004501,0,0.199156214004501,0,M1,0.0438340293895675,scored,M2,0.149404615211383,0.105570585821816,0
misspec_primary_only_M0_shifted_broadened_seed_0017,misspec_primary_only,M0_shifted_broadened,M1,17,0.0338340293895675,0.00160429676632351,0.0516206482593042,0.0841422043010276,0.0672428047292718,NaN,0.0338340293895675,1,0.0438340293895675,1,M1,0.0438340293895675,scored,M2,0.149404615211383,0.105570585821816,0
misspec_primary_only_M0_shifted_broadened_seed_0017,misspec_primary_only,M0_shifted_broadened,M2,17,0.129404615211383,0.0190284059342167,0.0516206482593035,0.493289820676455,0.237152063272974,NaN,0.129404615211383,2,0.149404615211383,1,M1,0.0438340293895675,scored,M2,0.149404615211383,0.105570585821816,0
misspec_primary_only_M0_shifted_broadened_seed_0018,misspec_primary_only,M0_shifted_broadened,M0,18,0.273329942327321,0.00308138268599322,0.82593037214886,0.665547005383991,0.0451408383130286,NaN,0.273329942327321,0,0.273329942327321,0,M1,0.113996602728708,scored,M2,0.200328764492882,0.0863321617641737,0
misspec_primary_only_M0_shifted_broadened_seed_0018,misspec_primary_only,M0_shifted_broadened,M1,18,0.103996602728708,0.00279868214609448,0.41296518607443,0.0351856360628159,0.0981758602090185,NaN,0.103996602728708,1,0.113996602728708,1,M1,0.113996602728708,scored,M2,0.200328764492882,0.0863321617641737,0
misspec_primary_only_M0_shifted_broadened_seed_0018,misspec_primary_only,M0_shifted_broadened,M2,18,0.180328764492882,0.0230424618061463,0.309723889555823,0.444333252438243,0.26808511875272,NaN,0.180328764492882,2,0.200328764492882,1,M1,0.113996602728708,scored,M2,0.200328764492882,0.0863321617641737,0
misspec_primary_only_M0_shifted_broadened_seed_0019,misspec_primary_only,M0_shifted_broadened,M0,19,0.498098185047976,0.00403603882612916,1.90996398559424,0.676772146288222,0.0838103104855396,NaN,0.498098185047976,0,0.498098185047976,0,M1,0.323752286920473,scored,M2,0.41020293316185,0.0864506462413778,0
misspec_primary_only_M0_shifted_broadened_seed_0019,misspec_primary_only,M0_shifted_broadened,M1,19,0.313752286920473,0.00366498907449424,1.49699879951981,0.0239604951585853,0.0595063880365074,NaN,0.313752286920473,1,0.323752286920473,1,M1,0.323752286920473,scored,M2,0.41020293316185,0.0864506462413778,0
misspec_primary_only_M0_shifted_broadened_seed_0019,misspec_primary_only,M0_shifted_broadened,M2,19,0.39020293316185,0.024145737688954,1.3937575030012,0.433108111534012,0.229415646580209,NaN,0.39020293316185,2,0.41020293316185,1,M1,0.323752286920473,scored,M2,0.41020293316185,0.0864506462413778,0
misspec_primary_only_M0_shifted_broadened_seed_0020,misspec_primary_only,M0_shifted_broadened,M0,20,0.349221759388376,0.00166812817494409,1.29051620648259,0.592513092763694,0.00938326726554231,NaN,0.349221759388376,0,0.349221759388376,0,M1,0.225124257519994,scored,M2,0.314214751313256,0.0890904937932623,0
misspec_primary_only_M0_shifted_broadened_seed_0020,misspec_primary_only,M0_shifted_broadened,M1,20,0.215124257519994,0.00658221289483739,0.877551020408163,0.108219548683112,0.133933431256505,NaN,0.215124257519994,1,0.225124257519994,1,M1,0.225124257519994,scored,M2,0.314214751313256,0.0890904937932623,0
misspec_primary_only_M0_shifted_broadened_seed_0020,misspec_primary_only,M0_shifted_broadened,M2,20,0.294214751313256,0.0323426566130664,0.774309723889556,0.51736716505854,0.303842689800207,NaN,0.294214751313256,2,0.314214751313256,1,M1,0.225124257519994,scored,M2,0.314214751313256,0.0890904937932623,0
misspec_primary_only_M0_shifted_broadened_seed_0021,misspec_primary_only,M0_shifted_broadened,M0,21,0.291735151923113,0.00609582717265189,0.82593037214886,0.710084282417198,0.113256810296236,NaN,0.291735151923113,0,0.291735151923113,0,M1,0.0989683818449185,scored,M2,0.179921716132011,0.0809533342870926,0
misspec_primary_only_M0_shifted_broadened_seed_0021,misspec_primary_only,M0_shifted_broadened,M1,21,0.0889683818449185,0.00092723050120434,0.41296518607443,0.00935164097039072,0.0300598882258114,NaN,0.0889683818449185,1,0.0989683818449185,1,M1,0.0989683818449185,scored,M2,0.179921716132011,0.0809533342870926,0
misspec_primary_only_M0_shifted_broadened_seed_0021,misspec_primary_only,M0_shifted_broadened,M2,21,0.159921716132011,0.0160243397893284,0.309723889555823,0.399795975405036,0.199969146769513,NaN,0.159921716132011,2,0.179921716132011,1,M1,0.0989683818449185,scored,M2,0.179921716132011,0.0809533342870926,0
misspec_primary_only_M0_shifted_broadened_seed_0022,misspec_primary_only,M0_shifted_broadened,M0,22,0.52062583707663,0.00333364199965873,1.90996398559424,0.849598779843006,0.0635093465433494,NaN,0.52062583707663,0,0.52062583707663,0,M1,0.34501597694181,scored,M2,0.386488201086337,0.0414722241445269,0
misspec_primary_only_M0_shifted_broadened_seed_0022,misspec_primary_only,M0_shifted_broadened,M1,22,0.33501597694181,0.0026303869632276,1.49699879951981,0.148866138396199,0.0798073519786977,NaN,0.33501597694181,1,0.34501597694181,1,M1,0.34501597694181,scored,M2,0.386488201086337,0.0414722241445269,0
misspec_primary_only_M0_shifted_broadened_seed_0022,misspec_primary_only,M0_shifted_broadened,M2,22,0.366488201086337,0.0224739744217054,1.3937575030012,0.260281477979228,0.249716610522399,NaN,0.366488201086337,2,0.386488201086337,1,M1,0.34501597694181,scored,M2,0.386488201086337,0.0414722241445269,0
misspec_primary_only_M0_shifted_broadened_seed_0023,misspec_primary_only,M0_shifted_broadened,M0,23,0.307487121479689,0.00691834727243459,1.03241296518607,0.532660663771307,0.117641701603738,NaN,0.307487121479689,0,0.307487121479689,0,M1,0.163315828143297,scored,M2,0.246659048738214,0.0833432205949174,0
misspec_primary_only_M0_shifted_broadened_seed_0023,misspec_primary_only,M0_shifted_broadened,M1,23,0.153315828143297,0.000728452263793054,0.619447779111645,0.1680719776755,0.0256749969183095,NaN,0.153315828143297,1,0.163315828143297,1,M1,0.163315828143297,scored,M2,0.246659048738214,0.0833432205949174,0
misspec_primary_only_M0_shifted_broadened_seed_0023,misspec_primary_only,M0_shifted_broadened,M2,23,0.226659048738214,0.0149943495853323,0.516206482593037,0.577219594050927,0.195584255462011,NaN,0.226659048738214,2,0.246659048738214,1,M1,0.163315828143297,scored,M2,0.246659048738214,0.0833432205949174,0
misspec_primary_only_M0_shifted_broadened_seed_0024,misspec_primary_only,M0_shifted_broadened,M0,24,0.317520540032036,0.00543523109768409,0.877551020408163,0.828184371404356,0.100433764606054,NaN,0.317520540032036,0,0.317520540032036,0,M1,0.129239461329263,scored,M2,0.175593361205163,0.0463538998759006,0
misspec_primary_only_M0_shifted_broadened_seed_0024,misspec_primary_only,M0_shifted_broadened,M1,24,0.119239461329263,0.00154418976296985,0.464585834333733,0.127451729957549,0.0428829339159928,NaN,0.119239461329263,1,0.129239461329263,1,M1,0.129239461329263,scored,M2,0.175593361205163,0.0463538998759006,0
misspec_primary_only_M0_shifted_broadened_seed_0024,misspec_primary_only,M0_shifted_broadened,M2,24,0.155593361205163,0.0183024836210049,0.361344537815125,0.281695886417878,0.212792192459695,NaN,0.155593361205163,2,0.175593361205163,1,M1,0.129239461329263,scored,M2,0.175593361205163,0.0463538998759006,0
misspec_primary_only_M0_shifted_broadened_seed_0025,misspec_primary_only,M0_shifted_broadened,M0,25,0.242392601397928,0.00414702263707223,0.619447779111644,0.70363967317106,0.0725572218760239,NaN,0.242392601397928,0,0.242392601397928,0,M1,0.063464614772446,scored,M2,0.14820531913764,0.0847407043651939,0
misspec_primary_only_M0_shifted_broadened_seed_0025,misspec_primary_only,M0_shifted_broadened,M1,25,0.053464614772446,0.0022362398189232,0.206482593037215,0.002907031724253,0.0707594766460232,NaN,0.053464614772446,1,0.063464614772446,1,M1,0.063464614772446,scored,M2,0.14820531913764,0.0847407043651939,0
misspec_primary_only_M0_shifted_broadened_seed_0025,misspec_primary_only,M0_shifted_broadened,M2,25,0.12820531913764,0.0210413237155673,0.103241296518607,0.406240584651174,0.240668735189725,NaN,0.12820531913764,2,0.14820531913764,1,M1,0.063464614772446,scored,M2,0.14820531913764,0.0847407043651939,0
misspec_primary_only_M0_shifted_broadened_seed_0026,misspec_primary_only,M0_shifted_broadened,M0,26,0.238428475391729,0.00233709404966929,0.671068427370949,0.65961997181494,0.0273549808030901,NaN,0.238428475391729,0,0.238428475391729,0,M1,0.0873118066766474,scored,M2,0.174850586136738,0.0875387794600904,0
misspec_primary_only_M0_shifted_broadened_seed_0026,misspec_primary_only,M0_shifted_broadened,M1,26,0.0773118066766474,0.00426000062943997,0.258103241296519,0.0411126696318671,0.115961717718957,NaN,0.0773118066766474,1,0.0873118066766474,1,M1,0.0873118066766474,scored,M2,0.174850586136738,0.0875387794600904,0
misspec_primary_only_M0_shifted_broadened_seed_0026,misspec_primary_only,M0_shifted_broadened,M2,26,0.154850586136738,0.0269170156813251,0.154861944777911,0.450260286007294,0.285870976262659,NaN,0.154850586136738,2,0.174850586136738,1,M1,0.0873118066766474,scored,M2,0.174850586136738,0.0875387794600904,0
misspec_primary_only_M0_shifted_broadened_seed_0027,misspec_primary_only,M0_shifted_broadened,M0,27,0.298816476018562,0.00896590099692668,0.619447779111644,0.98755082755706,0.148742303761402,NaN,0.298816476018562,0,0.298816476018562,0,M2,0.0898074119553589,scored,M1,0.0953216490784418,0.00551423712308291,1
misspec_primary_only_M0_shifted_broadened_seed_0027,misspec_primary_only,M0_shifted_broadened,M1,27,0.0853216490784418,0.000377123537115111,0.206482593037215,0.286818186110253,0.00542560523935526,NaN,0.0853216490784418,1,0.0953216490784418,1,M2,0.0898074119553589,scored,M1,0.0953216490784418,0.00551423712308291,1
misspec_primary_only_M0_shifted_broadened_seed_0027,misspec_primary_only,M0_shifted_broadened,M2,27,0.0698074119553588,0.0122743802324187,0.103241296518607,0.122329430265174,0.164483653304347,NaN,0.0698074119553588,2,0.0898074119553589,1,M2,0.0898074119553589,scored,M1,0.0953216490784418,0.00551423712308291,1
misspec_primary_only_M0_shifted_broadened_seed_0028,misspec_primary_only,M0_shifted_broadened,M0,28,0.139817075684486,0.00904388418924385,0.154861944777911,0.559725990738873,0.13575897348967,NaN,0.139817075684486,0,0.139817075684486,0,M1,0.0840472071392107,scored,M0,0.139817075684486,0.0557698685452748,0
misspec_primary_only_M0_shifted_broadened_seed_0028,misspec_primary_only,M0_shifted_broadened,M1,28,0.0740472071392107,0.000283805037720534,0.258103241296518,0.141006650707934,0.00755772503237756,NaN,0.0740472071392107,1,0.0840472071392107,1,M1,0.0840472071392107,scored,M0,0.139817075684486,0.0557698685452748,0
misspec_primary_only_M0_shifted_broadened_seed_0028,misspec_primary_only,M0_shifted_broadened,M2,28,0.187328450916075,0.011832711508268,0.361344537815126,0.550154267083361,0.177466983576079,NaN,0.187328450916075,2,0.207328450916075,1,M1,0.0840472071392107,scored,M0,0.139817075684486,0.0557698685452748,0
misspec_primary_only_M0_shifted_broadened_seed_0029,misspec_primary_only,M0_shifted_broadened,M0,29,0.210487632042278,0.0082836840031805,0.361344537815126,0.747528716647048,0.146317166537367,NaN,0.210487632042278,0,0.210487632042278,0,M1,0.0280680876730913,scored,M2,0.136968866360739,0.108900778687648,0
misspec_primary_only_M0_shifted_broadened_seed_0029,misspec_primary_only,M0_shifted_broadened,M1,29,0.0180680876730913,0.000548953077793082,0.0516206482593035,0.0467960752002407,0.00300046801531995,NaN,0.0180680876730913,1,0.0280680876730913,1,M1,0.0280680876730913,scored,M2,0.136968866360739,0.108900778687648,0
misspec_primary_only_M0_shifted_broadened_seed_0029,misspec_primary_only,M0_shifted_broadened,M2,29,0.116968866360739,0.0132148552992437,0.154861944777911,0.362351541175186,0.166908790528382,NaN,0.116968866360739,2,0.136968866360739,1,M1,0.0280680876730913,scored,M2,0.136968866360739,0.108900778687648,0
misspec_primary_only_M0_shifted_broadened_seed_0030,misspec_primary_only,M0_shifted_broadened,M0,30,0.242893832833678,0.0112008878644837,0.464585834333734,0.772504479030123,0.190003667867806,NaN,0.242893832833678,0,0.242893832833678,0,M1,0.038389289574355,scored,M2,0.104452422105234,0.0660631325308792,0
misspec_primary_only_M0_shifted_broadened_seed_0030,misspec_primary_only,M0_shifted_broadened,M1,30,0.028389289574355,0.000592677766265581,0.0516206482593042,0.0717718375833165,0.046686969345759,NaN,0.028389289574355,1,0.038389289574355,1,M1,0.038389289574355,scored,M2,0.104452422105234,0.0660631325308792,0
misspec_primary_only_M0_shifted_broadened_seed_0030,misspec_primary_only,M0_shifted_broadened,M2,30,0.0844524221052342,0.0100771645097309,0.0516206482593035,0.337375778792111,0.123222289197943,NaN,0.0844524221052342,2,0.104452422105234,1,M1,0.038389289574355,scored,M2,0.104452422105234,0.0660631325308792,0
misspec_primary_only_M0_shifted_broadened_seed_0031,misspec_primary_only,M0_shifted_broadened,M0,31,0.233085280491433,0.00426977002604585,0.516206482593037,0.765943461205817,0.0854505318595364,NaN,0.233085280491433,0,0.233085280491433,0,M1,0.0504281955716679,scored,M2,0.116603557124385,0.0661753615527173,0
misspec_primary_only_M0_shifted_broadened_seed_0031,misspec_primary_only,M0_shifted_broadened,M1,31,0.0404281955716679,0.00263677660943638,0.103241296518608,0.0652108197590102,0.0578661666625107,NaN,0.0404281955716679,1,0.0504281955716679,1,M1,0.0504281955716679,scored,M2,0.116603557124385,0.0661753615527173,0
misspec_primary_only_M0_shifted_broadened_seed_0031,misspec_primary_only,M0_shifted_broadened,M2,31,0.0966035571243852,0.0216934477019815,0,0.343936796616417,0.227775425206212,NaN,0.0966035571243852,2,0.116603557124385,1,M1,0.0504281955716679,scored,M2,0.116603557124385,0.0661753615527173,0
misspec_primary_only_M0_shifted_broadened_seed_0032,misspec_primary_only,M0_shifted_broadened,M0,32,0.247773511899601,0.00216268406233528,0.671068427370949,0.730009132882178,0.0198474297461145,NaN,0.247773511899601,0,0.247773511899601,0,M1,0.087653104223664,scored,M2,0.167633788562307,0.0799806843386429,0
misspec_primary_only_M0_shifted_broadened_seed_0032,misspec_primary_only,M0_shifted_broadened,M1,32,0.077653104223664,0.0062411838653294,0.258103241296519,0.0292764914353708,0.123469268775933,NaN,0.077653104223664,1,0.087653104223664,1,M1,0.087653104223664,scored,M2,0.167633788562307,0.0799806843386429,0
misspec_primary_only_M0_shifted_broadened_seed_0032,misspec_primary_only,M0_shifted_broadened,M2,32,0.147633788562307,0.0313479035355422,0.154861944777911,0.379871124940056,0.293378527319634,NaN,0.147633788562307,2,0.167633788562307,1,M1,0.087653104223664,scored,M2,0.167633788562307,0.0799806843386429,0
misspec_primary_only_M0_shifted_broadened_seed_0033,misspec_primary_only,M0_shifted_broadened,M0,33,0.258669992643349,0.00358352209487777,0.774309723889556,0.608571813661984,0.0715367651246737,NaN,0.258669992643349,0,0.258669992643349,0,M1,0.10832342760446,scored,M2,0.194530834005805,0.0862074064013445,0
misspec_primary_only_M0_shifted_broadened_seed_0033,misspec_primary_only,M0_shifted_broadened,M1,33,0.0983234276044601,0.00292681172821071,0.361344537815127,0.0921608277848225,0.0717799333973734,NaN,0.0983234276044601,1,0.10832342760446,1,M1,0.10832342760446,scored,M2,0.194530834005805,0.0862074064013445,0
misspec_primary_only_M0_shifted_broadened_seed_0033,misspec_primary_only,M0_shifted_broadened,M2,33,0.174530834005805,0.0229210806626041,0.258103241296519,0.50130844416025,0.241689191941075,NaN,0.174530834005805,2,0.194530834005805,1,M1,0.10832342760446,scored,M2,0.194530834005805,0.0862074064013445,0
misspec_primary_only_M0_shifted_broadened_seed_0034,misspec_primary_only,M0_shifted_broadened,M0,34,0.371582059511301,0.017508936486253,0.929171668667467,0.960336160917353,0.219618889313852,NaN,0.371582059511301,0,0.371582059511301,0,M2,0.141605345714456,scored,M1,0.164268290700802,0.0226629449863456,0
misspec_primary_only_M0_shifted_broadened_seed_0034,misspec_primary_only,M0_shifted_broadened,M1,34,0.154268290700802,0.00128227528568378,0.516206482593037,0.259603519470546,0.0763021907918047,NaN,0.154268290700802,1,0.164268290700802,1,M2,0.141605345714456,scored,M1,0.164268290700802,0.0226629449863456,0
misspec_primary_only_M0_shifted_broadened_seed_0034,misspec_primary_only,M0_shifted_broadened,M2,34,0.121605345714456,0.00507926760210744,0.41296518607443,0.149544096904881,0.0936070677518971,NaN,0.121605345714456,2,0.141605345714456,1,M2,0.141605345714456,scored,M1,0.164268290700802,0.0226629449863456,0
misspec_primary_only_M0_shifted_broadened_seed_0035,misspec_primary_only,M0_shifted_broadened,M0,35,0.214985448831568,0.00172411798406208,0.516206482593037,0.690611888772428,0.0486020667004345,NaN,0.214985448831568,0,0.214985448831568,0,M1,0.067397425471798,scored,M2,0.159722047420635,0.0923246219488365,0
misspec_primary_only_M0_shifted_broadened_seed_0035,misspec_primary_only,M0_shifted_broadened,M1,35,0.057397425471798,0.0128864769670948,0.103241296518608,0.0101207526743791,0.191918765222482,NaN,0.057397425471798,1,0.067397425471798,1,M1,0.067397425471798,scored,M2,0.159722047420635,0.0923246219488365,0
misspec_primary_only_M0_shifted_broadened_seed_0035,misspec_primary_only,M0_shifted_broadened,M2,35,0.139722047420635,0.0451151769964722,0,0.419268369049806,0.361828023766183,NaN,0.139722047420635,2,0.159722047420635,1,M1,0.067397425471798,scored,M2,0.159722047420635,0.0923246219488365,0
misspec_primary_only_M0_shifted_broadened_seed_0036,misspec_primary_only,M0_shifted_broadened,M0,36,0.235003371014465,0.00148250654452338,0.671068427370949,0.635737632559548,0.0312519158938759,NaN,0.235003371014465,0,0.235003371014465,0,M1,0.102956093016292,scored,M2,0.194293973414093,0.0913378803978005,0
misspec_primary_only_M0_shifted_broadened_seed_0036,misspec_primary_only,M0_shifted_broadened,M1,36,0.0929560930162923,0.0108018025230224,0.258103241296519,0.0649950088872593,0.174568614415923,NaN,0.0929560930162923,1,0.102956093016292,1,M1,0.102956093016292,scored,M2,0.194293973414093,0.0913378803978005,0
misspec_primary_only_M0_shifted_broadened_seed_0036,misspec_primary_only,M0_shifted_broadened,M2,36,0.174293973414093,0.0410570194503278,0.154861944777911,0.474142625262686,0.344477872959625,NaN,0.174293973414093,2,0.194293973414093,1,M1,0.102956093016292,scored,M2,0.194293973414093,0.0913378803978005,0
misspec_primary_only_M0_shifted_broadened_seed_0037,misspec_primary_only,M0_shifted_broadened,M0,37,0.170344208824893,0.0261084237817858,0.103241296518608,0.670961201097879,0.239983716437314,NaN,0.170344208824893,0,0.170344208824893,0,M1,0.134431205862869,scored,M0,0.170344208824893,0.0359130029620242,0
misspec_primary_only_M0_shifted_broadened_seed_0037,misspec_primary_only,M0_shifted_broadened,M1,37,0.124431205862869,0.00444828120926509,0.516206482593037,0.0297714403489278,0.0966670179152667,NaN,0.124431205862869,1,0.134431205862869,1,M1,0.134431205862869,scored,M0,0.170344208824893,0.0359130029620242,0
misspec_primary_only_M0_shifted_broadened_seed_0037,misspec_primary_only,M0_shifted_broadened,M2,37,0.201974083334911,0.00252066581932719,0.619447779111645,0.438919056724355,0.0732422406284351,NaN,0.201974083334911,2,0.221974083334911,1,M1,0.134431205862869,scored,M0,0.170344208824893,0.0359130029620242,0
misspec_primary_only_M0_shifted_broadened_seed_0038,misspec_primary_only,M0_shifted_broadened,M0,38,0.203601522015394,0.00399788423066334,0.41296518607443,0.73279942345415,0.0605975277803572,NaN,0.203601522015394,0,0.203601522015394,0,M1,0.0283101884078179,scored,M2,0.145617318833682,0.117307130425864,0
misspec_primary_only_M0_shifted_broadened_seed_0038,misspec_primary_only,M0_shifted_broadened,M1,38,0.0183101884078179,0.00218459099092598,0,0.0320667820073428,0.0827191707416899,NaN,0.0183101884078179,1,0.0283101884078179,1,M1,0.0283101884078179,scored,M2,0.145617318833682,0.117307130425864,0
misspec_primary_only_M0_shifted_broadened_seed_0038,misspec_primary_only,M0_shifted_broadened,M2,38,0.125617318833682,0.0210253399638779,0.103241296518608,0.377080834368084,0.252628429285392,NaN,0.125617318833682,2,0.145617318833682,1,M1,0.0283101884078179,scored,M2,0.145617318833682,0.117307130425864,0
misspec_primary_only_M0_shifted_broadened_seed_0039,misspec_primary_only,M0_shifted_broadened,M0,39,0.217575150748227,0.00211796236103387,0.361344537815126,0.946437940513236,0.0152104728513321,NaN,0.217575150748227,0,0.217575150748227,0,M1,0.0792310477390876,scored,M2,0.135303018575526,0.0560719708364383,0
misspec_primary_only_M0_shifted_broadened_seed_0039,misspec_primary_only,M0_shifted_broadened,M1,39,0.0692310477390876,0.00567037875331059,0.0516206482593035,0.245705299066429,0.128106225670715,NaN,0.0692310477390876,1,0.0792310477390876,1,M1,0.0792310477390876,scored,M2,0.135303018575526,0.0560719708364383,0
misspec_primary_only_M0_shifted_broadened_seed_0039,misspec_primary_only,M0_shifted_broadened,M2,39,0.115303018575526,0.0302239187828629,0.154861944777911,0.163442317308998,0.298015484214417,NaN,0.115303018575526,2,0.135303018575526,1,M1,0.0792310477390876,scored,M2,0.135303018575526,0.0560719708364383,0
misspec_primary_only_M0_shifted_broadened_seed_0040,misspec_primary_only,M0_shifted_broadened,M0,40,0.177198382087888,0.00660670409464119,0.309723889555823,0.613123126343818,0.1332118878522,NaN,0.177198382087888,0,0.177198382087888,0,M1,0.0459370582707876,scored,M2,0.171068541973367,0.12513148370258,0
misspec_primary_only_M0_shifted_broadened_seed_0040,misspec_primary_only,M0_shifted_broadened,M1,40,0.0359370582707876,0.00126330020228139,0.103241296518607,0.0876095151029891,0.0101048106698474,NaN,0.0359370582707876,1,0.0459370582707876,1,M1,0.0459370582707876,scored,M2,0.171068541973367,0.12513148370258,0
misspec_primary_only_M0_shifted_broadened_seed_0040,misspec_primary_only,M0_shifted_broadened,M2,40,0.151068541973367,0.0165126865242588,0.206482593037215,0.496757131478416,0.180014069213549,NaN,0.151068541973367,2,0.171068541973367,1,M1,0.0459370582707876,scored,M2,0.171068541973367,0.12513148370258,0
misspec_primary_only_M0_extra_shunt_seed_0001,misspec_primary_only,M0_extra_shunt,M0,1,0.10075973699596,0.000339179287251139,0.361344537815126,0.184704618576856,0.00410364668520707,NaN,0.10075973699596,0,0.10075973699596,0,M0,0.10075973699596,scored,M1,0.122929155367289,0.022169418371329,0
misspec_primary_only_M0_extra_shunt_seed_0001,misspec_primary_only,M0_extra_shunt,M1,1,0.112929155367289,0.00863772901881988,0.0516206482593035,0.516028022869951,0.13921305183684,NaN,0.112929155367289,1,0.122929155367289,1,M0,0.10075973699596,scored,M1,0.122929155367289,0.022169418371329,0
misspec_primary_only_M0_extra_shunt_seed_0001,misspec_primary_only,M0_extra_shunt,M2,1,0.234481315785618,0.0367284687722951,0.154861944777911,0.925175639245378,0.309122310380542,NaN,0.234481315785618,2,0.254481315785618,1,M0,0.10075973699596,scored,M1,0.122929155367289,0.022169418371329,0
misspec_primary_only_M0_extra_shunt_seed_0002,misspec_primary_only,M0_extra_shunt,M0,2,0.00552334323482848,0.000330364514239396,0,0.016441964543285,0.0192791086414403,NaN,0.00552334323482848,0,0.00552334323482848,0,M0,0.00552334323482848,scored,M1,0.218089290773551,0.212565947538722,0
misspec_primary_only_M0_extra_shunt_seed_0002,misspec_primary_only,M0_extra_shunt,M1,2,0.208089290773551,0.00849402708209063,0.41296518607443,0.684290676903522,0.124037589880607,NaN,0.208089290773551,1,0.218089290773551,1,M0,0.00552334323482848,scored,M1,0.218089290773551,0.212565947538722,0
misspec_primary_only_M0_extra_shunt_seed_0002,misspec_primary_only,M0_extra_shunt,M2,2,0.329465673262599,0.0362332109770063,0.516206482593037,1.09343829327895,0.293946848424309,NaN,0.329465673262599,2,0.349465673262599,1,M0,0.00552334323482848,scored,M1,0.218089290773551,0.212565947538722,0
misspec_primary_only_M0_extra_shunt_seed_0003,misspec_primary_only,M0_extra_shunt,M0,3,0.12884361015655,0.000407654541892757,0.567827130852341,0.0873077227733437,0.0131879886608894,NaN,0.12884361015655,0,0.12884361015655,0,M0,0.12884361015655,scored,M1,0.162248329592178,0.0334047194356281,0
misspec_primary_only_M0_extra_shunt_seed_0003,misspec_primary_only,M0_extra_shunt,M1,3,0.152248329592178,0.0115729995162708,0.154861944777912,0.613424918673463,0.156504687182936,NaN,0.152248329592178,1,0.162248329592178,1,M0,0.12884361015655,scored,M1,0.162248329592178,0.0334047194356281,0
misspec_primary_only_M0_extra_shunt_seed_0003,misspec_primary_only,M0_extra_shunt,M2,3,0.233983219160834,0.0426222347852875,0.0516206482593042,1.02257253504889,0.326413945726638,NaN,0.233983219160834,2,0.253983219160834,1,M0,0.12884361015655,scored,M1,0.162248329592178,0.0334047194356281,0
misspec_primary_only_M0_extra_shunt_seed_0004,misspec_primary_only,M0_extra_shunt,M0,4,0.139204760725421,0.0111733964897359,0.464585834333734,0.0952307244555458,0.176108579636496,NaN,0.139204760725421,0,0.139204760725421,0,M1,0.116533682284761,scored,M0,0.139204760725421,0.0226710784406599,0
misspec_primary_only_M0_extra_shunt_seed_0004,misspec_primary_only,M0_extra_shunt,M1,4,0.106533682284761,0.000930965834087427,0.0516206482593042,0.605501916991261,0.0327918811144493,NaN,0.106533682284761,1,0.116533682284761,1,M1,0.116533682284761,scored,M0,0.139204760725421,0.0226710784406599,0
misspec_primary_only_M0_extra_shunt_seed_0004,misspec_primary_only,M0_extra_shunt,M2,4,0.188014592298345,0.00985085205418708,0.0516206482593035,1.01464953336669,0.137117377429253,NaN,0.188014592298345,2,0.208014592298345,1,M1,0.116533682284761,scored,M0,0.139204760725421,0.0226710784406599,0
misspec_primary_only_M0_extra_shunt_seed_0005,misspec_primary_only,M0_extra_shunt,M0,5,0.107574891364537,0.000606487941598266,0.309723889555823,0.278979940853739,0.0231991890300867,NaN,0.107574891364537,0,0.107574891364537,0,M0,0.107574891364537,scored,M1,0.116444318568053,0.00886942720351583,1
misspec_primary_only_M0_extra_shunt_seed_0005,misspec_primary_only,M0_extra_shunt,M1,5,0.106444318568053,0.00903105550315511,0.103241296518607,0.421752700593068,0.12011750949196,NaN,0.106444318568053,1,0.116444318568053,1,M0,0.107574891364537,scored,M1,0.116444318568053,0.00886942720351583,1
misspec_primary_only_M0_extra_shunt_seed_0005,misspec_primary_only,M0_extra_shunt,M2,5,0.228107804738415,0.0373444467606959,0.206482593037215,0.830900316968495,0.290026768035662,NaN,0.228107804738415,2,0.248107804738415,1,M0,0.107574891364537,scored,M1,0.116444318568053,0.00886942720351583,1
misspec_primary_only_M0_extra_shunt_seed_0006,misspec_primary_only,M0_extra_shunt,M0,6,0.0881933070886923,0.000633732205744853,0.309723889555823,0.140295732597296,0.0325820212337403,NaN,0.0881933070886923,0,0.0881933070886923,0,M0,0.0881933070886923,scored,M1,0.135023956431175,0.0468306493424826,0
misspec_primary_only_M0_extra_shunt_seed_0006,misspec_primary_only,M0_extra_shunt,M1,6,0.125023956431175,0.00739991841356152,0.103241296518607,0.560436908849511,0.110734677288307,NaN,0.125023956431175,1,0.135023956431175,1,M0,0.0881933070886923,scored,M1,0.135023956431175,0.0468306493424826,0
misspec_primary_only_M0_extra_shunt_seed_0006,misspec_primary_only,M0_extra_shunt,M2,6,0.245759650738309,0.033857725944649,0.206482593037215,0.969584525224938,0.280643935832009,NaN,0.245759650738309,2,0.265759650738309,1,M0,0.0881933070886923,scored,M1,0.135023956431175,0.0468306493424826,0
misspec_primary_only_M0_extra_shunt_seed_0007,misspec_primary_only,M0_extra_shunt,M0,7,0.139094506124812,0.00410143721703343,0.464585834333734,0.210343630039437,0.0838338409575554,NaN,0.139094506124812,0,0.139094506124812,0,M1,0.104054392492558,scored,M0,0.139094506124812,0.0350401136322548,0
misspec_primary_only_M0_extra_shunt_seed_0007,misspec_primary_only,M0_extra_shunt,M1,7,0.0940543924925576,0.00249896498983505,0.0516206482593042,0.49038901140737,0.0594828575644917,NaN,0.0940543924925576,1,0.104054392492558,1,M1,0.104054392492558,scored,M0,0.139094506124812,0.0350401136322548,0
misspec_primary_only_M0_extra_shunt_seed_0007,misspec_primary_only,M0_extra_shunt,M2,7,0.189755342433375,0.0201838023957308,0.0516206482593035,0.899536627782797,0.229392116108194,NaN,0.189755342433375,2,0.209755342433375,1,M1,0.104054392492558,scored,M0,0.139094506124812,0.0350401136322548,0
misspec_primary_only_M0_extra_shunt_seed_0008,misspec_primary_only,M0_extra_shunt,M0,8,0.21969980162834,0.000432641796045838,0.929171668667467,0.208438913423808,0.0158887332216823,NaN,0.21969980162834,0,0.21969980162834,0,M1,0.210625237194746,scored,M0,0.21969980162834,0.0090745644335937,1
misspec_primary_only_M0_extra_shunt_seed_0008,misspec_primary_only,M0_extra_shunt,M1,8,0.200625237194746,0.00885137335526811,0.516206482593037,0.492293728022999,0.127427965300365,NaN,0.200625237194746,1,0.210625237194746,1,M1,0.210625237194746,scored,M0,0.21969980162834,0.0090745644335937,1
misspec_primary_only_M0_extra_shunt_seed_0008,misspec_primary_only,M0_extra_shunt,M2,8,0.280893640128797,0.0369676353550741,0.41296518607443,0.901441344398426,0.297337223844067,NaN,0.280893640128797,2,0.300893640128797,1,M1,0.210625237194746,scored,M0,0.21969980162834,0.0090745644335937,1
misspec_primary_only_M0_extra_shunt_seed_0009,misspec_primary_only,M0_extra_shunt,M0,9,0.0738600688722154,0.000391247857696443,0.206482593037215,0.213425080293737,0.00236109527909104,NaN,0.0738600688722154,0,0.0738600688722154,0,M0,0.0738600688722154,scored,M1,0.149947379291288,0.0760873104190723,0
misspec_primary_only_M0_extra_shunt_seed_0009,misspec_primary_only,M0_extra_shunt,M1,9,0.139947379291288,0.00882277204888164,0.206482593037215,0.48730756115307,0.140955603242956,NaN,0.139947379291288,1,0.149947379291288,1,M0,0.0738600688722154,scored,M1,0.149947379291288,0.0760873104190723,0
misspec_primary_only_M0_extra_shunt_seed_0009,misspec_primary_only,M0_extra_shunt,M2,9,0.2616436482425,0.0372017288681247,0.309723889555823,0.896455177528497,0.310864861786658,NaN,0.2616436482425,2,0.2816436482425,1,M0,0.0738600688722154,scored,M1,0.149947379291288,0.0760873104190723,0
misspec_primary_only_M0_extra_shunt_seed_0010,misspec_primary_only,M0_extra_shunt,M0,10,0.11450182685333,0.00237429009346126,0.206482593037215,0.384337858911678,0.0957832290827007,NaN,0.11450182685333,0,0.11450182685333,0,M1,0.107937773538999,scored,M0,0.11450182685333,0.0065640533143312,1
misspec_primary_only_M0_extra_shunt_seed_0010,misspec_primary_only,M0_extra_shunt,M1,10,0.0979377735389991,0.00410403427076969,0.206482593037215,0.316394782535129,0.0475334694393464,NaN,0.0979377735389991,1,0.107937773538999,1,M1,0.107937773538999,scored,M0,0.11450182685333,0.0065640533143312,1
misspec_primary_only_M0_extra_shunt_seed_0010,misspec_primary_only,M0_extra_shunt,M2,10,0.216093481918687,0.0254018699469632,0.309723889555823,0.725542398910556,0.217442727983048,NaN,0.216093481918687,2,0.236093481918687,1,M1,0.107937773538999,scored,M0,0.11450182685333,0.0065640533143312,1
misspec_primary_only_M0_extra_shunt_seed_0011,misspec_primary_only,M0_extra_shunt,M0,11,0.213795064554253,0.000315958935940499,0.877551020408163,0.252669527672255,0.00150967902541103,NaN,0.213795064554253,0,0.213795064554253,0,M1,0.197357207520876,scored,M0,0.213795064554253,0.016437857033377,1
misspec_primary_only_M0_extra_shunt_seed_0011,misspec_primary_only,M0_extra_shunt,M1,11,0.187357207520876,0.0110132339116554,0.464585834333733,0.448063113774552,0.144826377547458,NaN,0.187357207520876,1,0.197357207520876,1,M1,0.197357207520876,scored,M0,0.213795064554253,0.016437857033377,1
misspec_primary_only_M0_extra_shunt_seed_0011,misspec_primary_only,M0_extra_shunt,M2,11,0.26876685384296,0.0414119826875273,0.361344537815125,0.857210730149979,0.31473563609116,NaN,0.26876685384296,2,0.28876685384296,1,M1,0.197357207520876,scored,M0,0.213795064554253,0.016437857033377,1
misspec_primary_only_M0_extra_shunt_seed_0012,misspec_primary_only,M0_extra_shunt,M0,12,0.0796162339090758,0.00214213272321213,0.103241296518607,0.305208104847338,0.0807712834443172,NaN,0.0796162339090758,0,0.0796162339090758,0,M0,0.0796162339090758,scored,M1,0.142629268135979,0.0630130342269033,0
misspec_primary_only_M0_extra_shunt_seed_0012,misspec_primary_only,M0_extra_shunt,M1,12,0.132629268135979,0.00394799494646948,0.309723889555823,0.395524536599469,0.0625454150777298,NaN,0.132629268135979,1,0.142629268135979,1,M0,0.0796162339090758,scored,M1,0.142629268135979,0.0630130342269033,0
misspec_primary_only_M0_extra_shunt_seed_0012,misspec_primary_only,M0_extra_shunt,M2,12,0.250825197412463,0.0253262724162546,0.41296518607443,0.804672152974896,0.232454673621432,NaN,0.250825197412463,2,0.270825197412463,1,M0,0.0796162339090758,scored,M1,0.142629268135979,0.0630130342269033,0
misspec_primary_only_M0_extra_shunt_seed_0013,misspec_primary_only,M0_extra_shunt,M0,13,0.0420705296220385,0.00185833539450361,0.154861944777911,0.0393532066158369,0.0284399465121927,NaN,0.0420705296220385,0,0.0420705296220385,0,M0,0.0420705296220385,scored,M1,0.180787170570968,0.138716640948929,0
misspec_primary_only_M0_extra_shunt_seed_0013,misspec_primary_only,M0_extra_shunt,M1,13,0.170787170570968,0.00545618857108039,0.258103241296518,0.66137943483097,0.114876752009854,NaN,0.170787170570968,1,0.180787170570968,1,M0,0.0420705296220385,scored,M1,0.180787170570968,0.138716640948929,0
misspec_primary_only_M0_extra_shunt_seed_0013,misspec_primary_only,M0_extra_shunt,M2,13,0.289738675998352,0.0283456183426685,0.361344537815126,1.0705270512064,0.284786010553556,NaN,0.289738675998352,2,0.309738675998352,1,M0,0.0420705296220385,scored,M1,0.180787170570968,0.138716640948929,0
misspec_primary_only_M0_extra_shunt_seed_0014,misspec_primary_only,M0_extra_shunt,M0,14,0.197693822779143,0.00156792144283531,0.82593037214886,0.164928945898252,0.0465629716214357,NaN,0.197693822779143,0,0.197693822779143,0,M1,0.189772916156311,scored,M0,0.197693822779143,0.00792090662283121,1
misspec_primary_only_M0_extra_shunt_seed_0014,misspec_primary_only,M0_extra_shunt,M1,14,0.179772916156311,0.00459253114810085,0.41296518607443,0.535803695548555,0.0967537269006114,NaN,0.179772916156311,1,0.189772916156311,1,M1,0.189772916156311,scored,M0,0.197693822779143,0.00792090662283121,1
misspec_primary_only_M0_extra_shunt_seed_0014,misspec_primary_only,M0_extra_shunt,M2,14,0.25720383976046,0.0270338344881031,0.309723889555823,0.944951311923983,0.266662985444313,NaN,0.25720383976046,2,0.27720383976046,1,M1,0.189772916156311,scored,M0,0.197693822779143,0.00792090662283121,1
misspec_primary_only_M0_extra_shunt_seed_0015,misspec_primary_only,M0_extra_shunt,M0,15,0.185900291208458,0.00116936534118986,0.671068427370949,0.290638845667854,0.0500406414232987,NaN,0.185900291208458,0,0.185900291208458,0,M1,0.139756949719124,scored,M0,0.185900291208458,0.0461433414893334,0
misspec_primary_only_M0_extra_shunt_seed_0015,misspec_primary_only,M0_extra_shunt,M1,15,0.129756949719124,0.00526164705633066,0.258103241296519,0.410093795778953,0.0932760570987483,NaN,0.129756949719124,1,0.139756949719124,1,M1,0.139756949719124,scored,M0,0.185900291208458,0.0461433414893334,0
misspec_primary_only_M0_extra_shunt_seed_0015,misspec_primary_only,M0_extra_shunt,M2,15,0.207793258898412,0.0289137215466105,0.154861944777911,0.81924141215438,0.26318531564245,NaN,0.207793258898412,2,0.227793258898412,1,M1,0.139756949719124,scored,M0,0.185900291208458,0.0461433414893334,0
misspec_primary_only_M0_extra_shunt_seed_0016,misspec_primary_only,M0_extra_shunt,M0,16,0.359217858940694,0.00286259696479686,1.65186074429772,0.0971185479340031,0.0856441960576794,NaN,0.359217858940694,0,0.359217858940694,0,M1,0.358512327849868,scored,M0,0.359217858940694,0.000705531090826161,1
misspec_primary_only_M0_extra_shunt_seed_0016,misspec_primary_only,M0_extra_shunt,M1,16,0.348512327849868,0.00308045361726962,1.23889555822329,0.603614093512804,0.0576725024643676,NaN,0.348512327849868,1,0.358512327849868,1,M1,0.358512327849868,scored,M0,0.359217858940694,0.000705531090826161,1
misspec_primary_only_M0_extra_shunt_seed_0016,misspec_primary_only,M0_extra_shunt,M2,16,0.424447523064972,0.0225303001791815,1.13565426170468,1.01276170988823,0.227581761008069,NaN,0.424447523064972,2,0.444447523064972,1,M1,0.358512327849868,scored,M0,0.359217858940694,0.000705531090826161,1
misspec_primary_only_M0_extra_shunt_seed_0017,misspec_primary_only,M0_extra_shunt,M0,17,0.0650268108495654,0.00176624520011452,0.154861944777911,0.169025142187427,0.0521168531054122,NaN,0.0650268108495654,0,0.0650268108495654,0,M0,0.0650268108495654,scored,M1,0.219243496225411,0.154216685375846,0
misspec_primary_only_M0_extra_shunt_seed_0017,misspec_primary_only,M0_extra_shunt,M1,17,0.209243496225411,0.00448393670708161,0.567827130852341,0.53170749925938,0.0911998454166348,NaN,0.209243496225411,1,0.219243496225411,1,M0,0.0650268108495654,scored,M1,0.219243496225411,0.154216685375846,0
misspec_primary_only_M0_extra_shunt_seed_0017,misspec_primary_only,M0_extra_shunt,M2,17,0.327778004527992,0.0265393722290613,0.671068427370949,0.940855115634807,0.261109103960337,NaN,0.327778004527992,2,0.347778004527992,1,M0,0.0650268108495654,scored,M1,0.219243496225411,0.154216685375846,0
misspec_primary_only_M0_extra_shunt_seed_0018,misspec_primary_only,M0_extra_shunt,M0,18,0.0901416088021655,0.00087310207828019,0.258103241296518,0.235431933151616,0.018464130206529,NaN,0.0901416088021655,0,0.0901416088021655,0,M0,0.0901416088021655,scored,M1,0.236038448365391,0.145896839563226,0
misspec_primary_only_M0_extra_shunt_seed_0018,misspec_primary_only,M0_extra_shunt,M1,18,0.226038448365391,0.00660354279919021,0.671068427370948,0.465300708295191,0.124852568315518,NaN,0.226038448365391,1,0.236038448365391,1,M0,0.0901416088021655,scored,M1,0.236038448365391,0.145896839563226,0
misspec_primary_only_M0_extra_shunt_seed_0018,misspec_primary_only,M0_extra_shunt,M2,18,0.346073158519815,0.0316593820248557,0.774309723889556,0.874448324670618,0.29476182685922,NaN,0.346073158519815,2,0.366073158519815,1,M0,0.0901416088021655,scored,M1,0.236038448365391,0.145896839563226,0
misspec_primary_only_M0_extra_shunt_seed_0019,misspec_primary_only,M0_extra_shunt,M0,19,0.416592843597715,0.00165043892207165,1.90996398559424,0.152946783014683,0.0722187304375294,NaN,0.416592843597715,0,0.416592843597715,0,M1,0.40563792710854,scored,M0,0.416592843597715,0.0109549164891749,1
misspec_primary_only_M0_extra_shunt_seed_0019,misspec_primary_only,M0_extra_shunt,M1,19,0.39563792710854,0.00681118645416496,1.49699879951981,0.547785858432124,0.0710979680845176,NaN,0.39563792710854,1,0.40563792710854,1,M1,0.40563792710854,scored,M0,0.416592843597715,0.0109549164891749,1
misspec_primary_only_M0_extra_shunt_seed_0019,misspec_primary_only,M0_extra_shunt,M2,19,0.474274835458268,0.0316644592853241,1.3937575030012,0.956933474807551,0.241007226628219,NaN,0.474274835458268,2,0.494274835458268,1,M1,0.40563792710854,scored,M0,0.416592843597715,0.0109549164891749,1
misspec_primary_only_M0_extra_shunt_seed_0020,misspec_primary_only,M0_extra_shunt,M0,20,0.289099203176574,0.000222758525044494,1.29051620648259,0.194446192789822,0.0114510246603958,NaN,0.289099203176574,0,0.289099203176574,0,M0,0.289099203176574,scored,M1,0.290335551678632,0.001236348502058,1
misspec_primary_only_M0_extra_shunt_seed_0020,misspec_primary_only,M0_extra_shunt,M1,20,0.280335551678632,0.0113344436421696,0.877551020408163,0.506286448656985,0.154767723182443,NaN,0.280335551678632,1,0.290335551678632,1,M0,0.289099203176574,scored,M1,0.290335551678632,0.001236348502058,1
misspec_primary_only_M0_extra_shunt_seed_0020,misspec_primary_only,M0_extra_shunt,M2,20,0.361884088299313,0.0420109730152377,0.774309723889556,0.915434065032412,0.324676981726145,NaN,0.361884088299313,2,0.381884088299313,1,M0,0.289099203176574,scored,M1,0.290335551678632,0.001236348502058,1
misspec_primary_only_M0_extra_shunt_seed_0021,misspec_primary_only,M0_extra_shunt,M0,21,0.0310495355536991,0.0028703963926426,0.0516206482593035,0.0341250110785179,0.0944763736249295,NaN,0.0310495355536991,0,0.0310495355536991,0,M0,0.0310495355536991,scored,M1,0.191197728080675,0.160148192526976,0
misspec_primary_only_M0_extra_shunt_seed_0021,misspec_primary_only,M0_extra_shunt,M1,21,0.181197728080675,0.00322325445567812,0.361344537815126,0.666607630368289,0.0488403248971176,NaN,0.181197728080675,1,0.191197728080675,1,M0,0.0310495355536991,scored,M1,0.191197728080675,0.160148192526976,0
misspec_primary_only_M0_extra_shunt_seed_0021,misspec_primary_only,M0_extra_shunt,M2,21,0.298441822621026,0.0226978624531975,0.464585834333734,1.07575524674372,0.218749583440819,NaN,0.298441822621026,2,0.318441822621026,1,M0,0.0310495355536991,scored,M1,0.191197728080675,0.160148192526976,0
misspec_primary_only_M0_extra_shunt_seed_0022,misspec_primary_only,M0_extra_shunt,M0,22,0.426699398796754,0.00088719378303738,1.90996398559424,0.251438238595232,0.0436484599806884,NaN,0.426699398796754,0,0.426699398796754,0,M1,0.394784859403794,scored,M0,0.426699398796754,0.0319145393929602,0
misspec_primary_only_M0_extra_shunt_seed_0022,misspec_primary_only,M0_extra_shunt,M1,22,0.384784859403794,0.00608140658178468,1.49699879951981,0.449294402851575,0.0996682385413587,NaN,0.384784859403794,1,0.394784859403794,1,M1,0.394784859403794,scored,M0,0.426699398796754,0.0319145393929602,0
misspec_primary_only_M0_extra_shunt_seed_0022,misspec_primary_only,M0_extra_shunt,M2,22,0.463255359557261,0.0306018630204231,1.3937575030012,0.858442019227002,0.269577497085061,NaN,0.463255359557261,2,0.483255359557261,1,M1,0.394784859403794,scored,M0,0.426699398796754,0.0319145393929602,0
misspec_primary_only_M0_extra_shunt_seed_0023,misspec_primary_only,M0_extra_shunt,M0,23,0.236931100609289,0.00334176671358661,1.03241296518607,0.0956118597481805,0.096238968353688,NaN,0.236931100609289,0,0.236931100609289,0,M1,0.233039057639309,scored,M0,0.236931100609289,0.00389204296997925,1
misspec_primary_only_M0_extra_shunt_seed_0023,misspec_primary_only,M0_extra_shunt,M1,23,0.223039057639309,0.00263945007386481,0.619447779111645,0.605120781698626,0.047077730168359,NaN,0.223039057639309,1,0.233039057639309,1,M1,0.233039057639309,scored,M0,0.236931100609289,0.00389204296997925,1
misspec_primary_only_M0_extra_shunt_seed_0023,misspec_primary_only,M0_extra_shunt,M2,23,0.298571620947612,0.0212840328221741,0.516206482593037,1.01426839807405,0.216986988712061,NaN,0.298571620947612,2,0.318571620947612,1,M1,0.233039057639309,scored,M0,0.236931100609289,0.00389204296997925,1
misspec_primary_only_M0_extra_shunt_seed_0024,misspec_primary_only,M0_extra_shunt,M0,24,0.249497832002537,0.00216196988718948,0.877551020408163,0.405234026168483,0.0808102603469165,NaN,0.249497832002537,0,0.249497832002537,0,M1,0.158538390531527,scored,M2,0.245344985917203,0.0868065953856761,0
misspec_primary_only_M0_extra_shunt_seed_0024,misspec_primary_only,M0_extra_shunt,M1,24,0.148538390531527,0.00384093129352494,0.464585834333733,0.295498615278324,0.0625064381751305,NaN,0.148538390531527,1,0.158538390531527,1,M1,0.158538390531527,scored,M2,0.245344985917203,0.0868065953856761,0
misspec_primary_only_M0_extra_shunt_seed_0024,misspec_primary_only,M0_extra_shunt,M2,24,0.225344985917203,0.0250335781965817,0.361344537815125,0.704646231653751,0.232415696718832,NaN,0.225344985917203,2,0.245344985917203,1,M1,0.158538390531527,scored,M2,0.245344985917203,0.0868065953856761,0
misspec_primary_only_M0_extra_shunt_seed_0025,misspec_primary_only,M0_extra_shunt,M0,25,0.130357536161853,0.00124194209870183,0.41296518607443,0.261954385259396,0.0523358007247137,NaN,0.130357536161853,0,0.130357536161853,0,M1,0.0920224286584778,scored,M0,0.130357536161853,0.0383351075033755,0
misspec_primary_only_M0_extra_shunt_seed_0025,misspec_primary_only,M0_extra_shunt,M1,25,0.0820224286584778,0.00511711112153231,0,0.438778256187411,0.0909808977973334,NaN,0.0820224286584778,1,0.0920224286584778,1,M1,0.0920224286584778,scored,M0,0.130357536161853,0.0383351075033755,0
misspec_primary_only_M0_extra_shunt_seed_0025,misspec_primary_only,M0_extra_shunt,M2,25,0.201233655777173,0.0285259842757407,0.103241296518608,0.847925872562838,0.260890156341035,NaN,0.201233655777173,2,0.221233655777173,1,M1,0.0920224286584778,scored,M0,0.130357536161853,0.0383351075033755,0
misspec_primary_only_M0_extra_shunt_seed_0026,misspec_primary_only,M0_extra_shunt,M0,26,0.0654569566551824,0.000342218864853659,0.258103241296519,0.0881103862729783,0.00299094015003364,NaN,0.0654569566551824,0,0.0654569566551824,0,M0,0.0654569566551824,scored,M1,0.158090999274418,0.0926340426192357,0
misspec_primary_only_M0_extra_shunt_seed_0026,misspec_primary_only,M0_extra_shunt,M1,26,0.148090999274418,0.00835281657391939,0.154861944777911,0.612622255173829,0.140325758372013,NaN,0.148090999274418,1,0.158090999274418,1,M0,0.0654569566551824,scored,M1,0.158090999274418,0.0926340426192357,0
misspec_primary_only_M0_extra_shunt_seed_0026,misspec_primary_only,M0_extra_shunt,M2,26,0.269355176285866,0.0358675895136325,0.258103241296518,1.02176987154926,0.310235016915715,NaN,0.269355176285866,2,0.289355176285866,1,M0,0.0654569566551824,scored,M1,0.158090999274418,0.0926340426192357,0
misspec_primary_only_M0_extra_shunt_seed_0027,misspec_primary_only,M0_extra_shunt,M0,27,0.157516020661606,0.00498781682752186,0.516206482593037,0.213329102447455,0.131876335747461,NaN,0.157516020661606,0,0.157516020661606,0,M1,0.106299242454179,scored,M0,0.157516020661606,0.0512167782074265,0
misspec_primary_only_M0_extra_shunt_seed_0027,misspec_primary_only,M0_extra_shunt,M1,27,0.0962992424541792,0.00164879576873388,0.103241296518608,0.487403538999352,0.0114403627745863,NaN,0.0962992424541792,1,0.106299242454179,1,M1,0.106299242454179,scored,M0,0.157516020661606,0.0512167782074265,0
misspec_primary_only_M0_extra_shunt_seed_0027,misspec_primary_only,M0_extra_shunt,M2,27,0.170545314173874,0.017720395339828,0,0.896551155374779,0.181349621318288,NaN,0.170545314173874,2,0.190545314173874,1,M1,0.106299242454179,scored,M0,0.157516020661606,0.0512167782074265,0
misspec_primary_only_M0_extra_shunt_seed_0028,misspec_primary_only,M0_extra_shunt,M0,28,0.122760696747043,0.00521709438073324,0.154861944777911,0.479176033005859,0.115355704334766,NaN,0.122760696747043,0,0.122760696747043,0,M1,0.0999728253199487,scored,M0,0.122760696747043,0.0227878714270939,0
misspec_primary_only_M0_extra_shunt_seed_0028,misspec_primary_only,M0_extra_shunt,M1,28,0.0899728253199487,0.00184907333282135,0.258103241296518,0.221556608440948,0.0279609941872814,NaN,0.0899728253199487,1,0.0999728253199487,1,M1,0.0999728253199487,scored,M0,0.122760696747043,0.0227878714270939,0
misspec_primary_only_M0_extra_shunt_seed_0028,misspec_primary_only,M0_extra_shunt,M2,28,0.205399421657516,0.0176886849247744,0.361344537815126,0.630704224816375,0.197870252730983,NaN,0.205399421657516,2,0.225399421657516,1,M1,0.0999728253199487,scored,M0,0.122760696747043,0.0227878714270939,0
misspec_primary_only_M0_extra_shunt_seed_0029,misspec_primary_only,M0_extra_shunt,M0,29,0.0741760353704192,0.00452522699511101,0.154861944777911,0.143008984188117,0.129931235260426,NaN,0.0741760353704192,0,0.0741760353704192,0,M0,0.0741760353704192,scored,M1,0.148319520247463,0.0741434848770437,0
misspec_primary_only_M0_extra_shunt_seed_0029,misspec_primary_only,M0_extra_shunt,M1,29,0.138319520247463,0.0020650078202249,0.258103241296518,0.55772365725869,0.0133854632616215,NaN,0.138319520247463,1,0.148319520247463,1,M0,0.0741760353704192,scored,M1,0.148319520247463,0.0741434848770437,0
misspec_primary_only_M0_extra_shunt_seed_0029,misspec_primary_only,M0_extra_shunt,M2,29,0.254249017887427,0.018910422016971,0.361344537815126,0.966871273634117,0.183294721805323,NaN,0.254249017887427,2,0.274249017887427,1,M0,0.0741760353704192,scored,M1,0.148319520247463,0.0741434848770437,0
misspec_primary_only_M0_extra_shunt_seed_0030,misspec_primary_only,M0_extra_shunt,M0,30,0.110148516376458,0.00742585182409081,0.309723889555823,0.116672506231042,0.179932910790614,NaN,0.110148516376458,0,0.110148516376458,0,M0,0.110148516376458,scored,M1,0.124620130921493,0.0144716145450342,1
misspec_primary_only_M0_extra_shunt_seed_0030,misspec_primary_only,M0_extra_shunt,M1,30,0.114620130921493,0.0017408389902425,0.103241296518607,0.584060135215765,0.0366162122685673,NaN,0.114620130921493,1,0.124620130921493,1,M0,0.110148516376458,scored,M1,0.124620130921493,0.0144716145450342,1
misspec_primary_only_M0_extra_shunt_seed_0030,misspec_primary_only,M0_extra_shunt,M2,30,0.217830929840048,0.0151185831053119,0.206482593037215,0.993207751591192,0.133293046275134,NaN,0.217830929840048,2,0.237830929840048,1,M0,0.110148516376458,scored,M1,0.124620130921493,0.0144716145450342,1
misspec_primary_only_M0_extra_shunt_seed_0031,misspec_primary_only,M0_extra_shunt,M0,31,0.105196145929883,0.00147227788414483,0.464585834333734,0.00775626639194219,0.0691960010818174,NaN,0.105196145929883,0,0.105196145929883,0,M0,0.105196145929883,scored,M1,0.140462363975535,0.0352662180456517,0
misspec_primary_only_M0_extra_shunt_seed_0031,misspec_primary_only,M0_extra_shunt,M1,31,0.130462363975535,0.00549358706365445,0.0516206482593042,0.708488907838749,0.0741206974402296,NaN,0.130462363975535,1,0.140462363975535,1,M0,0.105196145929883,scored,M1,0.140462363975535,0.0352662180456517,0
misspec_primary_only_M0_extra_shunt_seed_0031,misspec_primary_only,M0_extra_shunt,M2,31,0.229090534267148,0.0290328651711423,0.0516206482593035,1.11763652421418,0.244029955983931,NaN,0.229090534267148,2,0.249090534267148,1,M0,0.105196145929883,scored,M1,0.140462363975535,0.0352662180456517,0
misspec_primary_only_M0_extra_shunt_seed_0032,misspec_primary_only,M0_extra_shunt,M0,32,0.120582365024322,0.000382305618847594,0.41296518607443,0.250488497089023,0.00149933624439487,NaN,0.120582365024322,0,0.120582365024322,0,M1,0.104068446171653,scored,M0,0.120582365024322,0.0165139188526699,1
misspec_primary_only_M0_extra_shunt_seed_0032,misspec_primary_only,M0_extra_shunt,M1,32,0.0940684461716525,0.0105184403526743,0,0.450244144357784,0.141817362277652,NaN,0.0940684461716525,1,0.104068446171653,1,M1,0.104068446171653,scored,M0,0.120582365024322,0.0165139188526699,1
misspec_primary_only_M0_extra_shunt_seed_0032,misspec_primary_only,M0_extra_shunt,M2,32,0.216538253490868,0.0404444739079227,0.103241296518608,0.859391760733211,0.311726620821354,NaN,0.216538253490868,2,0.236538253490868,1,M1,0.104068446171653,scored,M0,0.120582365024322,0.0165139188526699,1
misspec_primary_only_M0_extra_shunt_seed_0033,misspec_primary_only,M0_extra_shunt,M0,33,0.102360899589125,0.00106510872724089,0.309723889555823,0.210055815627318,0.0558346331349511,NaN,0.102360899589125,0,0.102360899589125,0,M0,0.102360899589125,scored,M1,0.120451016827645,0.01809011723852,1
misspec_primary_only_M0_extra_shunt_seed_0033,misspec_primary_only,M0_extra_shunt,M1,33,0.110451016827645,0.00615784768587211,0.103241296518607,0.490676825819489,0.087482065387096,NaN,0.110451016827645,1,0.120451016827645,1,M0,0.102360899589125,scored,M1,0.120451016827645,0.01809011723852,1
misspec_primary_only_M0_extra_shunt_seed_0033,misspec_primary_only,M0_extra_shunt,M2,33,0.230228435613562,0.0306991041745231,0.206482593037215,0.899824442194917,0.257391323930798,NaN,0.230228435613562,2,0.250228435613562,1,M0,0.102360899589125,scored,M1,0.120451016827645,0.01809011723852,1
misspec_primary_only_M0_extra_shunt_seed_0034,misspec_primary_only,M0_extra_shunt,M0,34,0.143277798679022,0.0126458646094454,0.464585834333734,0.0918854334486729,0.201699229935012,NaN,0.143277798679022,0,0.143277798679022,0,M1,0.121035220294353,scored,M0,0.143277798679022,0.0222425783846696,0
misspec_primary_only_M0_extra_shunt_seed_0034,misspec_primary_only,M0_extra_shunt,M1,34,0.111035220294353,0.00125325946165394,0.0516206482593042,0.608847207998134,0.058382531412965,NaN,0.111035220294353,1,0.121035220294353,1,M1,0.121035220294353,scored,M0,0.143277798679022,0.0222425783846696,0
misspec_primary_only_M0_extra_shunt_seed_0034,misspec_primary_only,M0_extra_shunt,M2,34,0.184200147254929,0.00889556975484697,0.0516206482593035,1.01799482437356,0.111526727130737,NaN,0.184200147254929,2,0.204200147254929,1,M1,0.121035220294353,scored,M0,0.143277798679022,0.0222425783846696,0
misspec_primary_only_M0_extra_shunt_seed_0035,misspec_primary_only,M0_extra_shunt,M0,35,0.0764843439811853,0.00188038802726265,0.154861944777911,0.23714557669755,0.0599994967155944,NaN,0.0764843439811853,0,0.0764843439811853,0,M0,0.0764843439811853,scored,M1,0.171394910307538,0.0949105663263525,0
misspec_primary_only_M0_extra_shunt_seed_0035,misspec_primary_only,M0_extra_shunt,M1,35,0.161394910307538,0.0194775461003987,0.258103241296518,0.463587064749257,0.203316195237641,NaN,0.161394910307538,1,0.171394910307538,1,M0,0.0764843439811853,scored,M1,0.171394910307538,0.0949105663263525,0
misspec_primary_only_M0_extra_shunt_seed_0035,misspec_primary_only,M0_extra_shunt,M2,35,0.287620647740361,0.056915439882863,0.361344537815126,0.872734681124684,0.373225453781343,NaN,0.287620647740361,2,0.307620647740361,1,M0,0.0764843439811853,scored,M1,0.171394910307538,0.0949105663263525,0
misspec_primary_only_M0_extra_shunt_seed_0036,misspec_primary_only,M0_extra_shunt,M0,36,0.0985295792911238,0.00129328376445018,0.206482593037215,0.329161163866376,0.0480816281433291,NaN,0.0985295792911238,0,0.0985295792911238,0,M0,0.0985295792911238,scored,M1,0.144266407632602,0.0457368283414779,0
misspec_primary_only_M0_extra_shunt_seed_0036,misspec_primary_only,M0_extra_shunt,M1,36,0.134266407632602,0.0170488367765751,0.206482593037215,0.371571477580431,0.191398326665376,NaN,0.134266407632602,1,0.144266407632602,1,M0,0.0985295792911238,scored,M1,0.144266407632602,0.0457368283414779,0
misspec_primary_only_M0_extra_shunt_seed_0036,misspec_primary_only,M0_extra_shunt,M2,36,0.259533444369959,0.0525693291681079,0.309723889555823,0.780719093955858,0.361307585209078,NaN,0.259533444369959,2,0.279533444369959,1,M0,0.0985295792911238,scored,M1,0.144266407632602,0.0457368283414779,0
misspec_primary_only_M0_extra_shunt_seed_0037,misspec_primary_only,M0_extra_shunt,M0,37,0.162881386347224,0.0212705040458116,0.464585834333734,0.184712628814949,0.210813820902194,NaN,0.162881386347224,0,0.162881386347224,0,M0,0.162881386347224,scored,M1,0.275109177594322,0.112227791247098,0
misspec_primary_only_M0_extra_shunt_seed_0037,misspec_primary_only,M0_extra_shunt,M1,37,0.265109177594322,0.00414280652177721,0.877551020408163,0.516020012631858,0.0674971223801468,NaN,0.265109177594322,1,0.275109177594322,1,M0,0.162881386347224,scored,M1,0.275109177594322,0.112227791247098,0
misspec_primary_only_M0_extra_shunt_seed_0037,misspec_primary_only,M0_extra_shunt,M2,37,0.353248711039302,0.00590656575664271,0.980792316926771,0.925167629007285,0.102412136163555,NaN,0.353248711039302,2,0.373248711039302,1,M0,0.162881386347224,scored,M1,0.275109177594322,0.112227791247098,0
misspec_primary_only_M0_extra_shunt_seed_0038,misspec_primary_only,M0_extra_shunt,M0,38,0.0348888682848767,0.001198856470877,0,0.19017016889545,0.0384260981008041,NaN,0.0348888682848767,0,0.0348888682848767,0,M0,0.0348888682848767,scored,M1,0.187498391946229,0.152609523661352,0
misspec_primary_only_M0_extra_shunt_seed_0038,misspec_primary_only,M0_extra_shunt,M1,38,0.177498391946229,0.00517478757090656,0.41296518607443,0.510562472551357,0.104890600421243,NaN,0.177498391946229,1,0.187498391946229,1,M0,0.0348888682848767,scored,M1,0.187498391946229,0.152609523661352,0
misspec_primary_only_M0_extra_shunt_seed_0038,misspec_primary_only,M0_extra_shunt,M2,38,0.296730441464292,0.0286253055238513,0.516206482593037,0.919710088926784,0.274799858964945,NaN,0.296730441464292,2,0.316730441464292,1,M0,0.0348888682848767,scored,M1,0.187498391946229,0.152609523661352,0
misspec_primary_only_M0_extra_shunt_seed_0039,misspec_primary_only,M0_extra_shunt,M0,39,0.0722239549880843,0.000290186632966798,0.206482593037215,0.196952305275573,0.00826331515214685,NaN,0.0722239549880843,0,0.0722239549880843,0,M0,0.0722239549880843,scored,M1,0.15460782225611,0.0823838672680261,0
misspec_primary_only_M0_extra_shunt_seed_0039,misspec_primary_only,M0_extra_shunt,M1,39,0.14460782225611,0.0100145023437066,0.206482593037215,0.503780336171234,0.151580013674194,NaN,0.14460782225611,1,0.15460782225611,1,M0,0.0722239549880843,scored,M1,0.15460782225611,0.0823838672680261,0
misspec_primary_only_M0_extra_shunt_seed_0039,misspec_primary_only,M0_extra_shunt,M2,39,0.266862941819677,0.039511160387658,0.309723889555823,0.912927952546661,0.321489272217896,NaN,0.266862941819677,2,0.286862941819677,1,M0,0.0722239549880843,scored,M1,0.15460782225611,0.0823838672680261,0
misspec_primary_only_M0_extra_shunt_seed_0040,misspec_primary_only,M0_extra_shunt,M0,40,0.131999432019386,0.0032534909569231,0.309723889555823,0.336415017734238,0.119771039797494,NaN,0.131999432019386,0,0.131999432019386,0,M1,0.0904212905669271,scored,M0,0.131999432019386,0.0415781414524588,0
misspec_primary_only_M0_extra_shunt_seed_0040,misspec_primary_only,M0_extra_shunt,M1,40,0.0804212905669271,0.00318707779527472,0.103241296518607,0.364317623712569,0.0235456587245535,NaN,0.0804212905669271,1,0.0904212905669271,1,M1,0.0904212905669271,scored,M0,0.131999432019386,0.0415781414524588,0
misspec_primary_only_M0_extra_shunt_seed_0040,misspec_primary_only,M0_extra_shunt,M2,40,0.197639772556386,0.0226104606910108,0.206482593037215,0.773465240087996,0.193454917268255,NaN,0.197639772556386,2,0.217639772556386,1,M1,0.0904212905669271,scored,M0,0.131999432019386,0.0415781414524588,0
misspec_primary_only_weak_structured_boundary_seed_0001,misspec_primary_only,weak_structured_boundary,M0,1,0.107420214390216,0.000500534679269996,0.361344537815126,0.214896110839194,0.0177774857445098,NaN,0.107420214390216,0,0.107420214390216,0,M0,0.107420214390216,scored,M1,0.121879701368504,0.0144594869782881,1
misspec_primary_only_weak_structured_boundary_seed_0001,misspec_primary_only,weak_structured_boundary,M1,1,0.111879701368504,0.00903192897103566,0.0516206482593035,0.485836530607613,0.161094184266557,NaN,0.111879701368504,1,0.121879701368504,1,M0,0.107420214390216,scored,M1,0.121879701368504,0.0144594869782881,1
misspec_primary_only_weak_structured_boundary_seed_0001,misspec_primary_only,weak_structured_boundary,M2,1,0.23373578965681,0.0377305244644659,0.154861944777911,0.89498414698304,0.331003442810259,NaN,0.23373578965681,2,0.25373578965681,1,M0,0.107420214390216,scored,M1,0.121879701368504,0.0144594869782881,1
misspec_primary_only_weak_structured_boundary_seed_0002,misspec_primary_only,weak_structured_boundary,M0,2,0.0374613123730259,0.000467285310895364,0,0.244727327169543,0.00345713761431119,NaN,0.0374613123730259,0,0.0374613123730259,0,M0,0.0374613123730259,scored,M1,0.187520067673862,0.150058755300836,0
misspec_primary_only_weak_structured_boundary_seed_0002,misspec_primary_only,weak_structured_boundary,M1,2,0.177520067673862,0.00902031579386507,0.41296518607443,0.456005314277264,0.146773836136358,NaN,0.177520067673862,1,0.187520067673862,1,M0,0.0374613123730259,scored,M1,0.187520067673862,0.150058755300836,0
misspec_primary_only_weak_structured_boundary_seed_0002,misspec_primary_only,weak_structured_boundary,M2,2,0.299346522623947,0.0376596446108529,0.516206482593037,0.865152930652691,0.31668309468006,NaN,0.299346522623947,2,0.319346522623947,1,M0,0.0374613123730259,scored,M1,0.187520067673862,0.150058755300836,0
misspec_primary_only_weak_structured_boundary_seed_0003,misspec_primary_only,weak_structured_boundary,M0,3,0.161091084099158,0.000738670082010615,0.567827130852341,0.278894555239468,0.0354809306784242,NaN,0.161091084099158,0,0.161091084099158,0,M1,0.137182678103218,scored,M0,0.161091084099158,0.0239084059959394,0
misspec_primary_only_weak_structured_boundary_seed_0003,misspec_primary_only,weak_structured_boundary,M1,3,0.127182678103218,0.0122298636729285,0.154861944777912,0.421838086207339,0.178797629200471,NaN,0.127182678103218,1,0.137182678103218,1,M1,0.137182678103218,scored,M0,0.161091084099158,0.0239084059959394,0
misspec_primary_only_weak_structured_boundary_seed_0003,misspec_primary_only,weak_structured_boundary,M2,3,0.209319713315774,0.0440833902297446,0.0516206482593042,0.830985702582766,0.348706887744173,NaN,0.209319713315774,2,0.229319713315774,1,M1,0.137182678103218,scored,M0,0.161091084099158,0.0239084059959394,0
misspec_primary_only_weak_structured_boundary_seed_0004,misspec_primary_only,weak_structured_boundary,M0,4,0.181219285462703,0.0104042032989529,0.464585834333734,0.39677384848308,0.157226264493454,NaN,0.181219285462703,0,0.181219285462703,0,M1,0.068278183599343,scored,M2,0.165825073489999,0.0975468898906561,0
misspec_primary_only_weak_structured_boundary_seed_0004,misspec_primary_only,weak_structured_boundary,M1,4,0.058278183599343,0.000547600214424228,0.0516206482593042,0.303958792963727,0.0139095659714065,NaN,0.058278183599343,1,0.068278183599343,1,M1,0.068278183599343,scored,M2,0.165825073489999,0.0975468898906561,0
misspec_primary_only_weak_structured_boundary_seed_0004,misspec_primary_only,weak_structured_boundary,M2,4,0.145825073489999,0.010270057102842,0.0516206482593035,0.713106409339155,0.155999692572295,NaN,0.145825073489999,2,0.165825073489999,1,M1,0.068278183599343,scored,M2,0.165825073489999,0.0975468898906561,0
misspec_primary_only_weak_structured_boundary_seed_0005,misspec_primary_only,weak_structured_boundary,M0,5,0.111889316122202,0.000788285944535311,0.309723889555823,0.32994774684253,0.000388221415932324,NaN,0.111889316122202,0,0.111889316122202,0,M0,0.111889316122202,scored,M1,0.112518955904053,0.000629639781851876,1
misspec_primary_only_weak_structured_boundary_seed_0005,misspec_primary_only,weak_structured_boundary,M1,5,0.102518955904053,0.00962738168754666,0.103241296518607,0.370784894604277,0.142928477106115,NaN,0.102518955904053,1,0.112518955904053,1,M0,0.111889316122202,scored,M1,0.112518955904053,0.000629639781851876,1
misspec_primary_only_weak_structured_boundary_seed_0005,misspec_primary_only,weak_structured_boundary,M2,5,0.224627692601809,0.0388312739998754,0.206482593037215,0.779932510979704,0.312837735649817,NaN,0.224627692601809,2,0.244627692601809,1,M0,0.111889316122202,scored,M1,0.112518955904053,0.000629639781851876,1
misspec_primary_only_weak_structured_boundary_seed_0006,misspec_primary_only,weak_structured_boundary,M0,6,0.0883018132616191,0.000735741135249311,0.309723889555823,0.162708944662994,0.0105521538892054,NaN,0.0883018132616191,0,0.0883018132616191,0,M0,0.0883018132616191,scored,M1,0.135206435170703,0.0469046219090837,0
misspec_primary_only_weak_structured_boundary_seed_0006,misspec_primary_only,weak_structured_boundary,M1,6,0.125206435170703,0.00787987930896665,0.103241296518607,0.538023696783812,0.132764544632842,NaN,0.125206435170703,1,0.135206435170703,1,M0,0.0883018132616191,scored,M1,0.135206435170703,0.0469046219090837,0
misspec_primary_only_weak_structured_boundary_seed_0006,misspec_primary_only,weak_structured_boundary,M2,6,0.246378645408494,0.0352107187013663,0.206482593037215,0.94717131315924,0.302673803176544,NaN,0.246378645408494,2,0.266378645408494,1,M0,0.0883018132616191,scored,M1,0.135206435170703,0.0469046219090837,0
misspec_primary_only_weak_structured_boundary_seed_0007,misspec_primary_only,weak_structured_boundary,M0,7,0.222700287355029,0.00378512609026644,0.877551020408163,0.237672779975761,0.0643106882126617,NaN,0.222700287355029,0,0.222700287355029,0,M1,0.185445919933106,scored,M0,0.222700287355029,0.0372543674219227,0
misspec_primary_only_weak_structured_boundary_seed_0007,misspec_primary_only,weak_structured_boundary,M1,7,0.175445919933106,0.00243774459859043,0.464585834333733,0.463059861471046,0.0790060103093853,NaN,0.175445919933106,1,0.185445919933106,1,M1,0.185445919933106,scored,M0,0.222700287355029,0.0372543674219227,0
misspec_primary_only_weak_structured_boundary_seed_0007,misspec_primary_only,weak_structured_boundary,M2,7,0.250853976257068,0.0208333133782175,0.361344537815125,0.872207477846473,0.248915268853087,NaN,0.250853976257068,2,0.270853976257068,1,M1,0.185445919933106,scored,M0,0.222700287355029,0.0372543674219227,0
misspec_primary_only_weak_structured_boundary_seed_0008,misspec_primary_only,weak_structured_boundary,M0,8,0.242638274007003,0.000604078903665672,0.929171668667467,0.369674095279918,0.00700524353126312,NaN,0.242638274007003,0,0.242638274007003,0,M1,0.190175594376592,scored,M0,0.242638274007003,0.0524626796304118,0
misspec_primary_only_weak_structured_boundary_seed_0008,misspec_primary_only,weak_structured_boundary,M1,8,0.180175594376592,0.00945444924990831,0.516206482593037,0.331058546166889,0.15032194205331,NaN,0.180175594376592,1,0.190175594376592,1,M1,0.190175594376592,scored,M0,0.242638274007003,0.0524626796304118,0
misspec_primary_only_weak_structured_boundary_seed_0008,misspec_primary_only,weak_structured_boundary,M2,8,0.260915754782083,0.0385142261925955,0.41296518607443,0.740206162542316,0.320231200597012,NaN,0.260915754782083,2,0.280915754782083,1,M1,0.190175594376592,scored,M0,0.242638274007003,0.0524626796304118,0
misspec_primary_only_weak_structured_boundary_seed_0009,misspec_primary_only,weak_structured_boundary,M0,9,0.0981450880380575,0.000656089699094357,0.206482593037215,0.357192253667586,0.0196112435395299,NaN,0.0981450880380575,0,0.0981450880380575,0,M0,0.0981450880380575,scored,M1,0.131957987755663,0.0338128997176052,0
misspec_primary_only_weak_structured_boundary_seed_0009,misspec_primary_only,weak_structured_boundary,M1,9,0.121957987755663,0.00938243934420004,0.206482593037215,0.343540387779221,0.162927942061577,NaN,0.121957987755663,1,0.131957987755663,1,M0,0.0981450880380575,scored,M1,0.131957987755663,0.0338128997176052,0
misspec_primary_only_weak_structured_boundary_seed_0009,misspec_primary_only,weak_structured_boundary,M2,9,0.244036063743428,0.0385250102365497,0.309723889555823,0.752688004154648,0.332837200605279,NaN,0.244036063743428,2,0.264036063743428,1,M0,0.0981450880380575,scored,M1,0.131957987755663,0.0338128997176052,0
misspec_primary_only_weak_structured_boundary_seed_0010,misspec_primary_only,weak_structured_boundary,M0,10,0.116884305589096,0.00205637155156615,0.206482593037215,0.423799564568691,0.0732644434704422,NaN,0.116884305589096,0,0.116884305589096,0,M1,0.105518886692766,scored,M0,0.116884305589096,0.0113654188963303,1
misspec_primary_only_weak_structured_boundary_seed_0010,misspec_primary_only,weak_structured_boundary,M1,10,0.0955188866927657,0.00434913659172924,0.206482593037215,0.276933076878116,0.0700522550516049,NaN,0.0955188866927657,1,0.105518886692766,1,M1,0.105518886692766,scored,M0,0.116884305589096,0.0113654188963303,1
misspec_primary_only_weak_structured_boundary_seed_0010,misspec_primary_only,weak_structured_boundary,M2,10,0.21418996546582,0.0266777130546552,0.309723889555823,0.686080693253543,0.239961513595307,NaN,0.21418996546582,2,0.23418996546582,1,M1,0.105518886692766,scored,M0,0.116884305589096,0.0113654188963303,1
misspec_primary_only_weak_structured_boundary_seed_0011,misspec_primary_only,weak_structured_boundary,M0,11,0.233351088469837,0.000587311165442074,0.877551020408163,0.359271530422193,0.0243766616143657,NaN,0.233351088469837,0,0.233351088469837,0,M1,0.185113597824699,scored,M0,0.233351088469837,0.0482374906451384,0
misspec_primary_only_weak_structured_boundary_seed_0011,misspec_primary_only,weak_structured_boundary,M1,11,0.175113597824699,0.0116465205675964,0.464585834333733,0.341461111024614,0.167693360136413,NaN,0.175113597824699,1,0.185113597824699,1,M1,0.185113597824699,scored,M0,0.233351088469837,0.0482374906451384,0
misspec_primary_only_weak_structured_boundary_seed_0011,misspec_primary_only,weak_structured_boundary,M2,11,0.256955774941801,0.0429103309335048,0.361344537815125,0.750608727400041,0.337602618680115,NaN,0.256955774941801,2,0.276955774941801,1,M1,0.185113597824699,scored,M0,0.233351088469837,0.0482374906451384,0
misspec_primary_only_weak_structured_boundary_seed_0012,misspec_primary_only,weak_structured_boundary,M0,12,0.12973473779451,0.0019111381934145,0.103241296518607,0.66192183545644,0.0589508938374329,NaN,0.12973473779451,0,0.12973473779451,0,M1,0.0925186722791357,scored,M0,0.12973473779451,0.0372160655153739,0
misspec_primary_only_weak_structured_boundary_seed_0012,misspec_primary_only,weak_structured_boundary,M1,12,0.0825186722791357,0.00419480553344792,0.309723889555823,0.0388108059903671,0.0843658046846142,NaN,0.0825186722791357,1,0.0925186722791357,1,M1,0.0925186722791357,scored,M0,0.12973473779451,0.0372160655153739,0
misspec_primary_only_weak_structured_boundary_seed_0012,misspec_primary_only,weak_structured_boundary,M2,12,0.201191634220177,0.0265271483323487,0.41296518607443,0.447958422365794,0.254275063228316,NaN,0.201191634220177,2,0.221191634220177,1,M1,0.0925186722791357,scored,M0,0.12973473779451,0.0372160655153739,0
misspec_primary_only_weak_structured_boundary_seed_0013,misspec_primary_only,weak_structured_boundary,M0,13,0.0535383696033552,0.00177421279638442,0.154861944777911,0.135368270839936,0.00915755749060279,NaN,0.0535383696033552,0,0.0535383696033552,0,M0,0.0535383696033552,scored,M1,0.169299512477112,0.115761142873757,0
misspec_primary_only_weak_structured_boundary_seed_0013,misspec_primary_only,weak_structured_boundary,M1,13,0.159299512477112,0.00550067494412186,0.258103241296518,0.565364370606871,0.134159141031444,NaN,0.159299512477112,1,0.169299512477112,1,M0,0.0535383696033552,scored,M1,0.169299512477112,0.115761142873757,0
misspec_primary_only_weak_structured_boundary_seed_0013,misspec_primary_only,weak_structured_boundary,M2,13,0.278551443648764,0.0289909562042442,0.361344537815126,0.974511986982298,0.304068399575146,NaN,0.278551443648764,2,0.298551443648764,1,M0,0.0535383696033552,scored,M1,0.169299512477112,0.115761142873757,0
misspec_primary_only_weak_structured_boundary_seed_0014,misspec_primary_only,weak_structured_boundary,M0,14,0.200102315643646,0.00148087022163666,0.82593037214886,0.202109676425262,0.0257290309284424,NaN,0.200102315643646,0,0.200102315643646,0,M1,0.187422264588836,scored,M0,0.200102315643646,0.0126800510548097,1
misspec_primary_only_weak_structured_boundary_seed_0014,misspec_primary_only,weak_structured_boundary,M1,14,0.177422264588836,0.00479526496335546,0.41296518607443,0.498622965021545,0.117587667593605,NaN,0.177422264588836,1,0.187422264588836,1,M1,0.187422264588836,scored,M0,0.200102315643646,0.0126800510548097,1
misspec_primary_only_weak_structured_boundary_seed_0014,misspec_primary_only,weak_structured_boundary,M2,14,0.25524095642812,0.0280121047736277,0.309723889555823,0.907770581396972,0.287496926137306,NaN,0.25524095642812,2,0.27524095642812,1,M1,0.187422264588836,scored,M0,0.200102315643646,0.0126800510548097,1
misspec_primary_only_weak_structured_boundary_seed_0015,misspec_primary_only,weak_structured_boundary,M0,15,0.205593528124255,0.00112244172171248,0.671068427370949,0.443760344039427,0.0283638012219647,NaN,0.205593528124255,0,0.205593528124255,0,M1,0.120201964831695,scored,M0,0.205593528124255,0.0853915632925601,0
misspec_primary_only_weak_structured_boundary_seed_0015,misspec_primary_only,weak_structured_boundary,M1,15,0.110201964831695,0.00558507473254331,0.258103241296519,0.256972297407379,0.114952897300082,NaN,0.110201964831695,1,0.120201964831695,1,M1,0.120201964831695,scored,M0,0.205593528124255,0.0853915632925601,0
misspec_primary_only_weak_structured_boundary_seed_0015,misspec_primary_only,weak_structured_boundary,M2,15,0.188668644917371,0.0300978910356001,0.154861944777911,0.666119913782807,0.284862155843784,NaN,0.188668644917371,2,0.208668644917371,1,M1,0.120201964831695,scored,M0,0.205593528124255,0.0853915632925601,0
misspec_primary_only_weak_structured_boundary_seed_0016,misspec_primary_only,weak_structured_boundary,M0,16,0.387619138629632,0.0025424610850518,1.65186074429772,0.308388828564286,0.0647828996194607,NaN,0.387619138629632,0,0.387619138629632,0,M1,0.329971262848378,scored,M0,0.387619138629632,0.0576478757812536,0
misspec_primary_only_weak_structured_boundary_seed_0016,misspec_primary_only,weak_structured_boundary,M1,16,0.319971262848378,0.003121018871908,1.23889555822329,0.392343812882521,0.0785337989025864,NaN,0.319971262848378,1,0.329971262848378,1,M1,0.329971262848378,scored,M0,0.387619138629632,0.0576478757812536,0
misspec_primary_only_weak_structured_boundary_seed_0016,misspec_primary_only,weak_structured_boundary,M2,16,0.396325743547589,0.0234094364020347,1.13565426170468,0.801491429257948,0.248443057446288,NaN,0.396325743547589,2,0.416325743547589,1,M1,0.329971262848378,scored,M0,0.387619138629632,0.0576478757812536,0
misspec_primary_only_weak_structured_boundary_seed_0017,misspec_primary_only,weak_structured_boundary,M0,17,0.150046925211523,0.0016467015796192,0.464585834333734,0.343793569378071,0.0315824809883733,NaN,0.150046925211523,0,0.150046925211523,0,M1,0.0929426648522656,scored,M0,0.150046925211523,0.0571042603592574,0
misspec_primary_only_weak_structured_boundary_seed_0017,misspec_primary_only,weak_structured_boundary,M1,17,0.0829426648522656,0.00463508352008673,0.0516206482593042,0.356939072068736,0.111734217533674,NaN,0.0829426648522656,1,0.0929426648522656,1,M1,0.0929426648522656,scored,M0,0.150046925211523,0.0571042603592574,0
misspec_primary_only_weak_structured_boundary_seed_0017,misspec_primary_only,weak_structured_boundary,M2,17,0.181206728173843,0.0274461476875031,0.0516206482593035,0.766086688444163,0.281643476077376,NaN,0.181206728173843,2,0.201206728173843,1,M1,0.0929426648522656,scored,M0,0.150046925211523,0.0571042603592574,0
misspec_primary_only_weak_structured_boundary_seed_0018,misspec_primary_only,weak_structured_boundary,M0,18,0.0632884021386917,0.00087498700938851,0.0516206482593035,0.347475688832313,0.00270283771526515,NaN,0.0632884021386917,0,0.0632884021386917,0,M0,0.0632884021386917,scored,M1,0.160582034634898,0.0972936324962063,0
misspec_primary_only_weak_structured_boundary_seed_0018,misspec_primary_only,weak_structured_boundary,M1,18,0.150582034634898,0.00684330748820381,0.361344537815126,0.353256952614494,0.146019536237312,NaN,0.150582034634898,1,0.160582034634898,1,M0,0.0632884021386917,scored,M1,0.160582034634898,0.0972936324962063,0
misspec_primary_only_weak_structured_boundary_seed_0018,misspec_primary_only,weak_structured_boundary,M2,18,0.270980902948618,0.0326274630324616,0.464585834333734,0.762404568989921,0.315928794781014,NaN,0.270980902948618,2,0.290980902948618,1,M0,0.0632884021386917,scored,M1,0.160582034634898,0.0972936324962063,0
misspec_primary_only_weak_structured_boundary_seed_0019,misspec_primary_only,weak_structured_boundary,M0,19,0.426517353093069,0.00146591657903369,1.90996398559424,0.243112476489493,0.048831508075207,NaN,0.426517353093069,0,0.426517353093069,0,M1,0.395846939330397,scored,M0,0.426517353093069,0.0306704137626725,0
misspec_primary_only_weak_structured_boundary_seed_0019,misspec_primary_only,weak_structured_boundary,M1,19,0.385846939330397,0.00726275223162405,1.49699879951981,0.457620164957314,0.09448519044684,NaN,0.385846939330397,1,0.395846939330397,1,M1,0.395846939330397,scored,M0,0.426517353093069,0.0306704137626725,0
misspec_primary_only_weak_structured_boundary_seed_0019,misspec_primary_only,weak_structured_boundary,M2,19,0.465037510752353,0.0332233512072416,1.3937575030012,0.866767781332741,0.264394448990542,NaN,0.465037510752353,2,0.485037510752353,1,M1,0.395846939330397,scored,M0,0.426517353093069,0.0306704137626725,0
misspec_primary_only_weak_structured_boundary_seed_0020,misspec_primary_only,weak_structured_boundary,M0,20,0.076615650487468,0.000475176964841529,0.103241296518607,0.337066589990041,0.0344654280187982,NaN,0.076615650487468,0,0.076615650487468,0,M0,0.076615650487468,scored,M1,0.159120948187002,0.0825052976995338,0
misspec_primary_only_weak_structured_boundary_seed_0020,misspec_primary_only,weak_structured_boundary,M1,20,0.149120948187002,0.0119178871523913,0.309723889555823,0.363666051456766,0.177782126540845,NaN,0.149120948187002,1,0.159120948187002,1,M0,0.076615650487468,scored,M1,0.159120948187002,0.0825052976995338,0
misspec_primary_only_weak_structured_boundary_seed_0020,misspec_primary_only,weak_structured_boundary,M2,20,0.272381005214839,0.0434244201248829,0.41296518607443,0.772813667832193,0.347691385084547,NaN,0.272381005214839,2,0.292381005214839,1,M0,0.076615650487468,scored,M1,0.159120948187002,0.0825052976995338,0
misspec_primary_only_weak_structured_boundary_seed_0021,misspec_primary_only,weak_structured_boundary,M0,21,0.0575703341191448,0.00246694598162691,0.103241296518607,0.165016419778321,0.0729075923857449,NaN,0.0575703341191448,0,0.0575703341191448,0,M0,0.0575703341191448,scored,M1,0.164488557382982,0.106918223263837,0
misspec_primary_only_weak_structured_boundary_seed_0021,misspec_primary_only,weak_structured_boundary,M1,21,0.154488557382982,0.00324996060219816,0.309723889555823,0.535716221668486,0.0704091061363022,NaN,0.154488557382982,1,0.164488557382982,1,M0,0.0575703341191448,scored,M1,0.164488557382982,0.106918223263837,0
misspec_primary_only_weak_structured_boundary_seed_0021,misspec_primary_only,weak_structured_boundary,M2,21,0.272187388635886,0.0236340420248256,0.41296518607443,0.944863838043913,0.240318364680004,NaN,0.272187388635886,2,0.292187388635886,1,M0,0.0575703341191448,scored,M1,0.164488557382982,0.106918223263837,0
misspec_primary_only_weak_structured_boundary_seed_0022,misspec_primary_only,weak_structured_boundary,M0,22,0.430631892821318,0.00080656314331026,1.90996398559424,0.300260369913823,0.0213117242916104,NaN,0.430631892821318,0,0.430631892821318,0,M1,0.390972702676671,scored,M0,0.430631892821318,0.0396591901446462,0
misspec_primary_only_weak_structured_boundary_seed_0022,misspec_primary_only,weak_structured_boundary,M1,22,0.380972702676671,0.00640271181639357,1.49699879951981,0.400472271532984,0.122004974230437,NaN,0.380972702676671,1,0.390972702676671,1,M1,0.390972702676671,scored,M0,0.430631892821318,0.0396591901446462,0
misspec_primary_only_weak_structured_boundary_seed_0022,misspec_primary_only,weak_structured_boundary,M2,22,0.459898438244997,0.0318336390847496,1.3937575030012,0.809619887908411,0.291914232774138,NaN,0.459898438244997,2,0.479898438244997,1,M1,0.390972702676671,scored,M0,0.430631892821318,0.0396591901446462,0
misspec_primary_only_weak_structured_boundary_seed_0023,misspec_primary_only,weak_structured_boundary,M0,23,0.248657073304269,0.00303075000394212,1.03241296518607,0.195239558834359,0.0758211429328633,NaN,0.248657073304269,0,0.248657073304269,0,M1,0.221168038436427,scored,M0,0.248657073304269,0.0274890348678424,0
misspec_primary_only_weak_structured_boundary_seed_0023,misspec_primary_only,weak_structured_boundary,M1,23,0.211168038436427,0.00266037376770639,0.619447779111645,0.505493082612448,0.0674955555891837,NaN,0.211168038436427,1,0.221168038436427,1,M1,0.221168038436427,scored,M0,0.248657073304269,0.0274890348678424,0
misspec_primary_only_weak_structured_boundary_seed_0023,misspec_primary_only,weak_structured_boundary,M2,23,0.287097844275853,0.0220994415782628,0.516206482593037,0.914640698987875,0.237404814132886,NaN,0.287097844275853,2,0.307097844275853,1,M1,0.221168038436427,scored,M0,0.248657073304269,0.0274890348678424,0
misspec_primary_only_weak_structured_boundary_seed_0024,misspec_primary_only,weak_structured_boundary,M0,24,0.280674594225907,0.00198090491733044,0.877551020408163,0.634767365081778,0.0597255528222844,NaN,0.280674594225907,0,0.280674594225907,0,M1,0.127366199466212,scored,M2,0.21459368522005,0.0872274857538377,0
misspec_primary_only_weak_structured_boundary_seed_0024,misspec_primary_only,weak_structured_boundary,M1,24,0.117366199466212,0.00403113857949322,0.464585834333733,0.0659652763650292,0.0835911456997626,NaN,0.117366199466212,1,0.127366199466212,1,M1,0.127366199466212,scored,M2,0.21459368522005,0.0872274857538377,0
misspec_primary_only_weak_structured_boundary_seed_0024,misspec_primary_only,weak_structured_boundary,M2,24,0.19459368522005,0.026065566218873,0.361344537815125,0.475112892740456,0.253500404243464,NaN,0.19459368522005,2,0.21459368522005,1,M1,0.127366199466212,scored,M2,0.21459368522005,0.0872274857538377,0
misspec_primary_only_weak_structured_boundary_seed_0025,misspec_primary_only,weak_structured_boundary,M0,25,0.132608483724958,0.00118135356480346,0.41296518607443,0.298664482308217,0.0308339825429199,NaN,0.132608483724958,0,0.132608483724958,0,M1,0.0898942413183362,scored,M0,0.132608483724958,0.0427142424066221,0
misspec_primary_only_weak_structured_boundary_seed_0025,misspec_primary_only,weak_structured_boundary,M1,25,0.0798942413183362,0.00542322010135729,0,0.40206815913859,0.112482715979127,NaN,0.0798942413183362,1,0.0898942413183362,1,M1,0.0898942413183362,scored,M0,0.132608483724958,0.0427142424066221,0
misspec_primary_only_weak_structured_boundary_seed_0025,misspec_primary_only,weak_structured_boundary,M2,25,0.199533609395815,0.0296883751731337,0.103241296518608,0.811215775514017,0.282391974522829,NaN,0.199533609395815,2,0.219533609395815,1,M1,0.0898942413183362,scored,M0,0.132608483724958,0.0427142424066221,0
misspec_primary_only_weak_structured_boundary_seed_0026,misspec_primary_only,weak_structured_boundary,M0,26,0.0988213911487133,0.000502212407071349,0.258103241296519,0.294428180702145,0.0185693972036811,NaN,0.0988213911487133,0,0.0988213911487133,0,M0,0.0988213911487133,scored,M1,0.130585388746027,0.0317639975973134,0
misspec_primary_only_weak_structured_boundary_seed_0026,misspec_primary_only,weak_structured_boundary,M1,26,0.120585388746027,0.00876883263977205,0.154861944777911,0.406304460744662,0.161886095725728,NaN,0.120585388746027,1,0.130585388746027,1,M0,0.0988213911487133,scored,M1,0.130585388746027,0.0317639975973134,0
misspec_primary_only_weak_structured_boundary_seed_0026,misspec_primary_only,weak_structured_boundary,M2,26,0.242229020257327,0.0370425145791911,0.258103241296518,0.815452077120089,0.33179535426943,NaN,0.242229020257327,2,0.262229020257327,1,M0,0.0988213911487133,scored,M1,0.130585388746027,0.0317639975973134,0
misspec_primary_only_weak_structured_boundary_seed_0027,misspec_primary_only,weak_structured_boundary,M0,27,0.164201411810141,0.00449150984143833,0.516206482593037,0.28023950937485,0.111189559763915,NaN,0.164201411810141,0,0.164201411810141,0,M1,0.0993448954294462,scored,M0,0.164201411810141,0.0648565163806952,0
misspec_primary_only_weak_structured_boundary_seed_0027,misspec_primary_only,weak_structured_boundary,M1,27,0.0893448954294462,0.00160719100242268,0.103241296518608,0.420493132071957,0.0321271387581321,NaN,0.0893448954294462,1,0.0993448954294462,1,M1,0.0993448954294462,scored,M0,0.164201411810141,0.0648565163806952,0
misspec_primary_only_weak_structured_boundary_seed_0027,misspec_primary_only,weak_structured_boundary,M2,27,0.164041034317699,0.0185789249106326,0,0.829640748447384,0.202036397301834,NaN,0.164041034317699,2,0.184041034317699,1,M1,0.0993448954294462,scored,M0,0.164201411810141,0.0648565163806952,0
misspec_primary_only_weak_structured_boundary_seed_0028,misspec_primary_only,weak_structured_boundary,M0,28,0.124442629551914,0.00471525711626042,0.154861944777911,0.512502234787432,0.0949151788005798,NaN,0.124442629551914,0,0.124442629551914,0,M1,0.0979849400476359,scored,M0,0.124442629551914,0.0264576895042784,0
misspec_primary_only_weak_structured_boundary_seed_0028,misspec_primary_only,weak_structured_boundary,M1,28,0.0879849400476359,0.00173900566241178,0.258103241296518,0.188230406659375,0.0484015197214673,NaN,0.0879849400476359,1,0.0979849400476359,1,M1,0.0979849400476359,scored,M0,0.124442629551914,0.0264576895042784,0
misspec_primary_only_weak_structured_boundary_seed_0028,misspec_primary_only,weak_structured_boundary,M2,28,0.203838008707619,0.0184315618991955,0.361344537815126,0.597378023034802,0.218310778265169,NaN,0.203838008707619,2,0.223838008707619,1,M1,0.0979849400476359,scored,M0,0.124442629551914,0.0264576895042784,0
misspec_primary_only_weak_structured_boundary_seed_0029,misspec_primary_only,weak_structured_boundary,M0,29,0.115397923417542,0.00398865791885681,0.154861944777911,0.440980627607191,0.108560742409686,NaN,0.115397923417542,0,0.115397923417542,0,M1,0.106806200883287,scored,M0,0.115397923417542,0.00859172253425494,1
misspec_primary_only_weak_structured_boundary_seed_0029,misspec_primary_only,weak_structured_boundary,M1,29,0.0968062008832873,0.00201871426237403,0.258103241296518,0.259752013839616,0.0347559561123615,NaN,0.0968062008832873,1,0.106806200883287,1,M1,0.106806200883287,scored,M0,0.115397923417542,0.00859172253425494,1
misspec_primary_only_weak_structured_boundary_seed_0029,misspec_primary_only,weak_structured_boundary,M2,29,0.213208382330822,0.0198094960742621,0.361344537815126,0.668899630215043,0.204665214656063,NaN,0.213208382330822,2,0.233208382330822,1,M1,0.106806200883287,scored,M0,0.115397923417542,0.00859172253425494,1
misspec_primary_only_weak_structured_boundary_seed_0030,misspec_primary_only,weak_structured_boundary,M0,30,0.138541130478579,0.00642612104270146,0.309723889555823,0.331074863632924,0.158147083340833,NaN,0.138541130478579,0,0.138541130478579,0,M1,0.0890462158990871,scored,M0,0.138541130478579,0.0494949145794916,0
misspec_primary_only_weak_structured_boundary_seed_0030,misspec_primary_only,weak_structured_boundary,M1,30,0.0790462158990871,0.00144946440093084,0.103241296518607,0.369657777813883,0.0148303848187858,NaN,0.0790462158990871,1,0.0890462158990871,1,M1,0.0890462158990871,scored,M0,0.138541130478579,0.0494949145794916,0
misspec_primary_only_weak_structured_boundary_seed_0030,misspec_primary_only,weak_structured_boundary,M2,30,0.189359957050996,0.0159615965128392,0.206482593037215,0.77880539418931,0.155078873724916,NaN,0.189359957050996,2,0.209359957050996,1,M1,0.0890462158990871,scored,M0,0.138541130478579,0.0494949145794916,0
misspec_primary_only_weak_structured_boundary_seed_0031,misspec_primary_only,weak_structured_boundary,M0,31,0.147815602491632,0.0013094031167106,0.516206482593037,0.245775537465794,0.0470218252986702,NaN,0.147815602491632,0,0.147815602491632,0,M1,0.116237803244265,scored,M0,0.147815602491632,0.0315777992473674,0
misspec_primary_only_weak_structured_boundary_seed_0031,misspec_primary_only,weak_structured_boundary,M1,31,0.106237803244265,0.0058034947197698,0.103241296518608,0.454957103981013,0.0962948732233769,NaN,0.106237803244265,1,0.116237803244265,1,M1,0.116237803244265,scored,M0,0.147815602491632,0.0315777992473674,0
misspec_primary_only_weak_structured_boundary_seed_0031,misspec_primary_only,weak_structured_boundary,M2,31,0.184695615209774,0.0302985747824931,0,0.86410472035644,0.266204131767079,NaN,0.184695615209774,2,0.204695615209774,1,M1,0.116237803244265,scored,M0,0.147815602491632,0.0315777992473674,0
misspec_primary_only_weak_structured_boundary_seed_0032,misspec_primary_only,weak_structured_boundary,M0,32,0.134387806497646,0.000600801698570351,0.41296518607443,0.321685245360913,0.0216105441955851,NaN,0.134387806497646,0,0.134387806497646,0,M1,0.0971607984385217,scored,M0,0.134387806497646,0.0372270080591241,0
misspec_primary_only_weak_structured_boundary_seed_0032,misspec_primary_only,weak_structured_boundary,M1,32,0.0871607984385217,0.0111292052359856,0,0.379047396085894,0.164927242717632,NaN,0.0871607984385217,1,0.0971607984385217,1,M1,0.0971607984385217,scored,M0,0.134387806497646,0.0372270080591241,0
misspec_primary_only_weak_structured_boundary_seed_0032,misspec_primary_only,weak_structured_boundary,M2,32,0.210057356640848,0.0419087405574567,0.103241296518608,0.788195012461321,0.334836501261334,NaN,0.210057356640848,2,0.230057356640848,1,M1,0.0971607984385217,scored,M0,0.134387806497646,0.0372270080591241,0
misspec_primary_only_weak_structured_boundary_seed_0033,misspec_primary_only,weak_structured_boundary,M0,33,0.142261979141322,0.000929440693063151,0.309723889555823,0.499356250112165,0.0329936224453437,NaN,0.142261979141322,0,0.142261979141322,0,M1,0.0806708625473091,scored,M0,0.142261979141322,0.0615911165940133,0
misspec_primary_only_weak_structured_boundary_seed_0033,misspec_primary_only,weak_structured_boundary,M1,33,0.0706708625473091,0.00653536626377169,0.103241296518607,0.201376391334642,0.110323076076703,NaN,0.0706708625473091,1,0.0806708625473091,1,M1,0.0806708625473091,scored,M0,0.142261979141322,0.0615911165940133,0
misspec_primary_only_weak_structured_boundary_seed_0033,misspec_primary_only,weak_structured_boundary,M2,33,0.190952996870157,0.0320860538262853,0.206482593037215,0.610524007710069,0.280232334620405,NaN,0.190952996870157,2,0.210952996870157,1,M1,0.0806708625473091,scored,M0,0.142261979141322,0.0615911165940133,0
misspec_primary_only_weak_structured_boundary_seed_0034,misspec_primary_only,weak_structured_boundary,M0,34,0.169466795320537,0.011707324900501,0.464585834333734,0.28886656605606,0.182439873967536,NaN,0.169466795320537,0,0.169466795320537,0,M1,0.0883498894269778,scored,M0,0.169466795320537,0.0811169058935588,0
misspec_primary_only_weak_structured_boundary_seed_0034,misspec_primary_only,weak_structured_boundary,M1,34,0.0783498894269778,0.000754744299363053,0.0516206482593042,0.411866075390747,0.0391231754454893,NaN,0.0783498894269778,1,0.0883498894269778,1,M1,0.0883498894269778,scored,M0,0.169466795320537,0.0811169058935588,0
misspec_primary_only_weak_structured_boundary_seed_0034,misspec_primary_only,weak_structured_boundary,M2,34,0.157720369698647,0.00925254763425564,0.0516206482593035,0.821013691766174,0.130786083098212,NaN,0.157720369698647,2,0.177720369698647,1,M1,0.0883498894269778,scored,M0,0.169466795320537,0.0811169058935588,0
misspec_primary_only_weak_structured_boundary_seed_0035,misspec_primary_only,weak_structured_boundary,M0,35,0.076758385599822,0.00173007686690372,0.154861944777911,0.235781006709076,0.0636920480295095,NaN,0.076758385599822,0,0.076758385599822,0,M0,0.076758385599822,scored,M1,0.171922264080422,0.0951638784805996,0
misspec_primary_only_weak_structured_boundary_seed_0035,misspec_primary_only,weak_structured_boundary,M1,35,0.161922264080422,0.0190151172554495,0.258103241296518,0.464951634737731,0.207008746551557,NaN,0.161922264080422,1,0.171922264080422,1,M0,0.076758385599822,scored,M1,0.171922264080422,0.0951638784805996,0
misspec_primary_only_weak_structured_boundary_seed_0035,misspec_primary_only,weak_structured_boundary,M2,35,0.288042842104072,0.0562426922195686,0.361344537815126,0.874099251113158,0.376918005095258,NaN,0.288042842104072,2,0.308042842104072,1,M0,0.076758385599822,scored,M1,0.171922264080422,0.0951638784805996,0
misspec_primary_only_weak_structured_boundary_seed_0036,misspec_primary_only,weak_structured_boundary,M0,36,0.0922949851088641,0.00128356510767918,0.154861944777911,0.342586410247747,0.0619523470818684,NaN,0.0922949851088641,0,0.0922949851088641,0,M0,0.0922949851088641,scored,M1,0.216620644391335,0.124325659282471,0
misspec_primary_only_weak_structured_boundary_seed_0036,misspec_primary_only,weak_structured_boundary,M1,36,0.206620644391335,0.0170858534008405,0.567827130852341,0.35814623119906,0.205269045603915,NaN,0.206620644391335,1,0.216620644391335,1,M0,0.0922949851088641,scored,M1,0.216620644391335,0.124325659282471,0
misspec_primary_only_weak_structured_boundary_seed_0036,misspec_primary_only,weak_structured_boundary,M2,36,0.331993729142341,0.0528184418196709,0.671068427370949,0.767293847574487,0.375178304147617,NaN,0.331993729142341,2,0.351993729142341,1,M0,0.0922949851088641,scored,M1,0.216620644391335,0.124325659282471,0
misspec_primary_only_weak_structured_boundary_seed_0037,misspec_primary_only,weak_structured_boundary,M0,37,0.175441434146148,0.0203818654921869,0.464585834333734,0.286638166441783,0.195584063780269,NaN,0.175441434146148,0,0.175441434146148,0,M0,0.175441434146148,scored,M1,0.257185363807124,0.0817439296609762,0
misspec_primary_only_weak_structured_boundary_seed_0037,misspec_primary_only,weak_structured_boundary,M1,37,0.247185363807124,0.00344176737200957,0.877551020408163,0.414094475005024,0.0522673652582221,NaN,0.247185363807124,1,0.257185363807124,1,M0,0.175441434146148,scored,M1,0.257185363807124,0.0817439296609762,0
misspec_primary_only_weak_structured_boundary_seed_0037,misspec_primary_only,weak_structured_boundary,M2,37,0.340164557714507,0.00574699325852704,0.980792316926771,0.823242091380451,0.11764189328548,NaN,0.340164557714507,2,0.360164557714507,1,M0,0.175441434146148,scored,M1,0.257185363807124,0.0817439296609762,0
misspec_primary_only_weak_structured_boundary_seed_0038,misspec_primary_only,weak_structured_boundary,M0,38,0.0666827912059716,0.00116254744091807,0.0516206482593035,0.354662552467236,0.0171866997571098,NaN,0.0666827912059716,0,0.0666827912059716,0,M0,0.0666827912059716,scored,M1,0.155833680776276,0.0891508895703046,0
misspec_primary_only_weak_structured_boundary_seed_0038,misspec_primary_only,weak_structured_boundary,M1,38,0.145833680776276,0.00546952010314928,0.361344537815126,0.346070088979571,0.126129998764937,NaN,0.145833680776276,1,0.155833680776276,1,M0,0.0666827912059716,scored,M1,0.155833680776276,0.0891508895703046,0
misspec_primary_only_weak_structured_boundary_seed_0038,misspec_primary_only,weak_structured_boundary,M2,38,0.265476525202924,0.0297416278732632,0.464585834333734,0.755217705354998,0.296039257308639,NaN,0.265476525202924,2,0.285476525202924,1,M0,0.0666827912059716,scored,M1,0.155833680776276,0.0891508895703046,0
misspec_primary_only_weak_structured_boundary_seed_0039,misspec_primary_only,weak_structured_boundary,M0,39,0.0958243340059936,0.000542882393638186,0.206482593037215,0.331351143363158,0.0303580179817193,NaN,0.0958243340059936,0,0.0958243340059936,0,M0,0.0958243340059936,scored,M1,0.13800956186044,0.0421852278544468,0
misspec_primary_only_weak_structured_boundary_seed_0039,misspec_primary_only,weak_structured_boundary,M1,39,0.12800956186044,0.0105092221297702,0.206482593037215,0.369381498083649,0.173674716503766,NaN,0.12800956186044,1,0.13800956186044,1,M0,0.0958243340059936,scored,M1,0.13800956186044,0.0421852278544468,0
misspec_primary_only_weak_structured_boundary_seed_0039,misspec_primary_only,weak_structured_boundary,M2,39,0.250606403069842,0.0406893234653914,0.309723889555823,0.778529114459076,0.343583975047468,NaN,0.250606403069842,2,0.270606403069842,1,M0,0.0958243340059936,scored,M1,0.13800956186044,0.0421852278544468,0
misspec_primary_only_weak_structured_boundary_seed_0040,misspec_primary_only,weak_structured_boundary,M0,40,0.13233570447778,0.00281544740020349,0.309723889555823,0.362236353664138,0.0976516654459536,NaN,0.13233570447778,0,0.13233570447778,0,M1,0.0899324909438926,scored,M0,0.13233570447778,0.0424032135338873,0
misspec_primary_only_weak_structured_boundary_seed_0040,misspec_primary_only,weak_structured_boundary,M1,40,0.0799324909438926,0.00332006702271356,0.103241296518607,0.338496287782669,0.0456650330760935,NaN,0.0799324909438926,1,0.0899324909438926,1,M1,0.0899324909438926,scored,M0,0.13233570447778,0.0424032135338873,0
misspec_primary_only_weak_structured_boundary_seed_0040,misspec_primary_only,weak_structured_boundary,M2,40,0.197663251832236,0.0237680077162183,0.206482593037215,0.747643904158096,0.215574291619795,NaN,0.197663251832236,2,0.217663251832236,1,M1,0.0899324909438926,scored,M0,0.13233570447778,0.0424032135338873,0
misspec_primary_only_M1_registration_shift_seed_0001,misspec_primary_only,M1_registration_shift,M0,1,0.304515809472259,0.00782062825907771,0.516206482593037,1.22009693307884,0.0956643924152465,NaN,0.304515809472259,0,0.304515809472259,0,M2,0.0778664506675846,scored,M1,0.11657720864051,0.0387107579729252,0
misspec_primary_only_M1_registration_shift_seed_0001,misspec_primary_only,M1_registration_shift,M1,1,0.10657720864051,0.00175291935192764,0.103241296518608,0.519364291632029,0.0476523061068005,NaN,0.10657720864051,1,0.11657720864051,1,M2,0.0778664506675846,scored,M1,0.11657720864051,0.0387107579729252,0
misspec_primary_only_M1_registration_shift_seed_0001,misspec_primary_only,M1_registration_shift,M2,1,0.0578664506675846,0.0173994293630379,0,0.110216675256602,0.217561564650502,NaN,0.0578664506675846,2,0.0778664506675846,1,M2,0.0778664506675846,scored,M1,0.11657720864051,0.0387107579729252,0
misspec_primary_only_M1_registration_shift_seed_0002,misspec_primary_only,M1_registration_shift,M0,2,0.270888559191072,0.00780451609879689,0.516206482593037,0.983786881832528,0.107846482321246,NaN,0.270888559191072,0,0.270888559191072,0,M2,0.0780643167979426,scored,M1,0.0791675641164206,0.00110324731847804,1
misspec_primary_only_M1_registration_shift_seed_0002,misspec_primary_only,M1_registration_shift,M1,2,0.0691675641164206,0.00148127264944164,0.103241296518608,0.283054240385721,0.0354702162008007,NaN,0.0691675641164206,1,0.0791675641164206,1,M2,0.0780643167979426,scored,M1,0.0791675641164206,0.00110324731847804,1
misspec_primary_only_M1_registration_shift_seed_0002,misspec_primary_only,M1_registration_shift,M2,2,0.0580643167979426,0.0166867783756225,0,0.126093375989706,0.205379474744502,NaN,0.0580643167979426,2,0.0780643167979426,1,M2,0.0780643167979426,scored,M1,0.0791675641164206,0.00110324731847804,1
misspec_primary_only_M1_registration_shift_seed_0003,misspec_primary_only,M1_registration_shift,M0,3,0.295520294499762,0.00665186434709081,0.671068427370949,0.976261032154914,0.0769434801919298,NaN,0.295520294499762,0,0.295520294499762,0,M1,0.114375513703283,scored,M2,0.117015122152161,0.00263960844887806,1
misspec_primary_only_M1_registration_shift_seed_0003,misspec_primary_only,M1_registration_shift,M1,3,0.104375513703283,0.0029392481764914,0.258103241296519,0.275528390708107,0.0663732183301173,NaN,0.104375513703283,1,0.114375513703283,1,M1,0.114375513703283,scored,M2,0.117015122152161,0.00263960844887806,1
misspec_primary_only_M1_registration_shift_seed_0003,misspec_primary_only,M1_registration_shift,M2,3,0.0970151221521612,0.0211149556308161,0.154861944777911,0.13361922566732,0.236282476873819,NaN,0.0970151221521612,2,0.117015122152161,1,M1,0.114375513703283,scored,M2,0.117015122152161,0.00263960844887806,1
misspec_primary_only_M1_registration_shift_seed_0004,misspec_primary_only,M1_registration_shift,M0,4,0.341707664218563,0.0258027072635548,0.722689075630252,0.972901413902129,0.255555222502772,NaN,0.341707664218563,0,0.341707664218563,0,M2,0.091496558811331,scored,M1,0.131380025620139,0.0398834668088082,0
misspec_primary_only_M1_registration_shift_seed_0004,misspec_primary_only,M1_registration_shift,M1,4,0.121380025620139,0.00354830648713525,0.309723889555823,0.272168772455322,0.112238523980725,NaN,0.121380025620139,1,0.131380025620139,1,M2,0.091496558811331,scored,M1,0.131380025620139,0.0398834668088082,0
misspec_primary_only_M1_registration_shift_seed_0004,misspec_primary_only,M1_registration_shift,M2,4,0.071496558811331,0.00200520686285158,0.206482593037215,0.136978843920105,0.0576707345629769,NaN,0.071496558811331,2,0.091496558811331,1,M2,0.091496558811331,scored,M1,0.131380025620139,0.0398834668088082,0
misspec_primary_only_M1_registration_shift_seed_0005,misspec_primary_only,M1_registration_shift,M0,5,0.399342101214426,0.0082616538091663,0.98079231692677,1.21786401606786,0.10915472342873,NaN,0.399342101214426,0,0.399342101214426,0,M2,0.168766870278216,scored,M1,0.207390350696567,0.0386234804183508,0
misspec_primary_only_M1_registration_shift_seed_0005,misspec_primary_only,M1_registration_shift,M1,5,0.197390350696567,0.00226184413788565,0.567827130852341,0.517131374621055,0.0341619750933175,NaN,0.197390350696567,1,0.207390350696567,1,M2,0.168766870278216,scored,M1,0.207390350696567,0.0386234804183508,0
misspec_primary_only_M1_registration_shift_seed_0005,misspec_primary_only,M1_registration_shift,M2,5,0.148766870278216,0.0180829092581448,0.464585834333733,0.107983758245628,0.204071233637019,NaN,0.148766870278216,2,0.168766870278216,1,M2,0.168766870278216,scored,M1,0.207390350696567,0.0386234804183508,0
misspec_primary_only_M1_registration_shift_seed_0006,misspec_primary_only,M1_registration_shift,M0,6,0.33652141637384,0.00896097941319898,0.774309723889556,1.06150687165214,0.119686340943387,NaN,0.33652141637384,0,0.33652141637384,0,M2,0.115646023053277,scored,M1,0.140642586800801,0.0249965637475241,0
misspec_primary_only_M1_registration_shift_seed_0006,misspec_primary_only,M1_registration_shift,M1,6,0.130642586800801,0.00142598214035378,0.361344537815127,0.360774230205335,0.0236303575786601,NaN,0.130642586800801,1,0.140642586800801,1,M2,0.115646023053277,scored,M1,0.140642586800801,0.0249965637475241,0
misspec_primary_only_M1_registration_shift_seed_0006,misspec_primary_only,M1_registration_shift,M2,6,0.0956460230532773,0.0154768489002108,0.258103241296519,0.0483733861700924,0.193539616122362,NaN,0.0956460230532773,2,0.115646023053277,1,M2,0.115646023053277,scored,M1,0.140642586800801,0.0249965637475241,0
misspec_primary_only_M1_registration_shift_seed_0007,misspec_primary_only,M1_registration_shift,M0,7,0.359478677350202,0.0152803617832169,0.877551020408163,0.999528545658241,0.1759934035215,NaN,0.359478677350202,0,0.359478677350202,0,M2,0.132847025374485,scored,M1,0.15293361115488,0.0200865857803958,0
misspec_primary_only_M1_registration_shift_seed_0007,misspec_primary_only,M1_registration_shift,M1,7,0.14293361115488,0.000591105813001239,0.464585834333733,0.298795904211434,0.0326767049994529,NaN,0.14293361115488,1,0.15293361115488,1,M2,0.132847025374485,scored,M1,0.15293361115488,0.0200865857803958,0
misspec_primary_only_M1_registration_shift_seed_0007,misspec_primary_only,M1_registration_shift,M2,7,0.112847025374485,0.00688095591044635,0.361344537815125,0.110351712163993,0.137232553544249,NaN,0.112847025374485,2,0.132847025374485,1,M2,0.132847025374485,scored,M1,0.15293361115488,0.0200865857803958,0
misspec_primary_only_M1_registration_shift_seed_0008,misspec_primary_only,M1_registration_shift,M0,8,0.413023006402649,0.00804133512750678,0.98079231692677,1.3161262653605,0.102832904329779,NaN,0.413023006402649,0,0.413023006402649,0,M2,0.184016005731313,scored,M1,0.222843415793195,0.0388274100618824,0
misspec_primary_only_M1_registration_shift_seed_0008,misspec_primary_only,M1_registration_shift,M1,8,0.212843415793195,0.00179275381366718,0.567827130852341,0.61539362391369,0.0404837941922678,NaN,0.212843415793195,1,0.222843415793195,1,M2,0.184016005731313,scored,M1,0.222843415793195,0.0388274100618824,0
misspec_primary_only_M1_registration_shift_seed_0008,misspec_primary_only,M1_registration_shift,M2,8,0.164016005731313,0.0172059596468631,0.464585834333733,0.206246007538262,0.21039305273597,NaN,0.164016005731313,2,0.184016005731313,1,M2,0.184016005731313,scored,M1,0.222843415793195,0.0388274100618824,0
misspec_primary_only_M1_registration_shift_seed_0009,misspec_primary_only,M1_registration_shift,M0,9,0.345642033120742,0.00803168953692429,0.82593037214886,1.08221545636421,0.0940519697858402,NaN,0.345642033120742,0,0.345642033120742,0,M2,0.127906185412732,scored,M1,0.158211626945609,0.0303054415328771,0
misspec_primary_only_M1_registration_shift_seed_0009,misspec_primary_only,M1_registration_shift,M1,9,0.148211626945609,0.00201291636536154,0.41296518607443,0.381482814917407,0.0492647287362068,NaN,0.148211626945609,1,0.158211626945609,1,M2,0.127906185412732,scored,M1,0.158211626945609,0.0303054415328771,0
misspec_primary_only_M1_registration_shift_seed_0009,misspec_primary_only,M1_registration_shift,M2,9,0.107906185412732,0.0178711783817558,0.309723889555823,0.0276648014580205,0.219173987279909,NaN,0.107906185412732,2,0.127906185412732,1,M2,0.127906185412732,scored,M1,0.158211626945609,0.0303054415328771,0
misspec_primary_only_M1_registration_shift_seed_0010,misspec_primary_only,M1_registration_shift,M0,10,0.275353759603769,0.0129949048794143,0.464585834333734,0.997472796720446,0.175454805261653,NaN,0.275353759603769,0,0.275353759603769,0,M1,0.0701030879429361,scored,M2,0.0729256551360048,0.00282256719306864,1
misspec_primary_only_M1_registration_shift_seed_0010,misspec_primary_only,M1_registration_shift,M1,10,0.0601030879429361,0.000894437978176795,0.0516206482593042,0.296740155273639,0.0321381067396064,NaN,0.0601030879429361,1,0.0701030879429361,1,M1,0.0701030879429361,scored,M2,0.0729256551360048,0.00282256719306864,1
misspec_primary_only_M1_registration_shift_seed_0010,misspec_primary_only,M1_registration_shift,M2,10,0.0529256551360048,0.0101494670965232,0.0516206482593035,0.112407461101788,0.137771151804095,NaN,0.0529256551360048,2,0.0729256551360048,1,M1,0.0701030879429361,scored,M2,0.0729256551360048,0.00282256719306864,1
misspec_primary_only_M1_registration_shift_seed_0011,misspec_primary_only,M1_registration_shift,M0,11,0.348081244377609,0.00666413878903573,0.877551020408163,1.04041893600242,0.0878408700073044,NaN,0.348081244377609,0,0.348081244377609,0,M2,0.146548814435327,scored,M1,0.16346029233217,0.0169114778968422,1
misspec_primary_only_M1_registration_shift_seed_0011,misspec_primary_only,M1_registration_shift,M1,11,0.15346029233217,0.00253761400974026,0.464585834333733,0.33968629455561,0.0554758285147426,NaN,0.15346029233217,1,0.16346029233217,1,M2,0.146548814435327,scored,M1,0.16346029233217,0.0169114778968422,1
misspec_primary_only_M1_registration_shift_seed_0011,misspec_primary_only,M1_registration_shift,M2,11,0.126548814435327,0.0201058910811261,0.361344537815125,0.0694613218198173,0.225385087058444,NaN,0.126548814435327,2,0.146548814435327,1,M2,0.146548814435327,scored,M1,0.16346029233217,0.0169114778968422,1
misspec_primary_only_M1_registration_shift_seed_0012,misspec_primary_only,M1_registration_shift,M0,12,0.316466495606997,0.0127287543685689,0.516206482593037,1.21645423380061,0.162617912226757,NaN,0.316466495606997,0,0.316466495606997,0,M2,0.0636363756376035,scored,M1,0.111266252913341,0.0476298772757373,0
misspec_primary_only_M1_registration_shift_seed_0012,misspec_primary_only,M1_registration_shift,M1,12,0.101266252913341,0.000729145401683404,0.103241296518608,0.515721592353807,0.0193012137047097,NaN,0.101266252913341,1,0.111266252913341,1,M2,0.0636363756376035,scored,M1,0.111266252913341,0.0476298772757373,0
misspec_primary_only_M1_registration_shift_seed_0012,misspec_primary_only,M1_registration_shift,M2,12,0.0436363756376035,0.0101181450299954,0,0.10657397597838,0.150608044838992,NaN,0.0436363756376035,2,0.0636363756376035,1,M2,0.0636363756376035,scored,M1,0.111266252913341,0.0476298772757373,0
misspec_primary_only_M1_registration_shift_seed_0013,misspec_primary_only,M1_registration_shift,M0,13,0.247281923199214,0.0104005569038405,0.361344537815126,1.00155834445471,0.130526570107074,NaN,0.247281923199214,0,0.247281923199214,0,M1,0.0675020179027043,scored,M2,0.10021423475672,0.0327122168540158,0
misspec_primary_only_M1_registration_shift_seed_0013,misspec_primary_only,M1_registration_shift,M1,13,0.0575020179027043,0.000271027074823106,0.0516206482593035,0.300825703007907,0.0127901284149731,NaN,0.0575020179027043,1,0.0675020179027043,1,M1,0.0675020179027043,scored,M2,0.10021423475672,0.0327122168540158,0
misspec_primary_only_M1_registration_shift_seed_0013,misspec_primary_only,M1_registration_shift,M2,13,0.08021423475672,0.0111773015044171,0.154861944777911,0.10832191336752,0.182699386958675,NaN,0.08021423475672,2,0.10021423475672,1,M1,0.0675020179027043,scored,M2,0.10021423475672,0.0327122168540158,0
misspec_primary_only_M1_registration_shift_seed_0014,misspec_primary_only,M1_registration_shift,M0,14,0.381556992963822,0.0113556687100625,0.82593037214886,1.26618572351071,0.138434837682748,NaN,0.381556992963822,0,0.381556992963822,0,M2,0.137080503738429,scored,M1,0.178407497967256,0.0413269942288268,0
misspec_primary_only_M1_registration_shift_seed_0014,misspec_primary_only,M1_registration_shift,M1,14,0.168407497967256,0.000528438633778559,0.41296518607443,0.565453082063905,0.0048818608392994,NaN,0.168407497967256,1,0.178407497967256,1,M2,0.137080503738429,scored,M1,0.178407497967256,0.0413269942288268,0
misspec_primary_only_M1_registration_shift_seed_0014,misspec_primary_only,M1_registration_shift,M2,14,0.117080503738429,0.0109424761330857,0.309723889555823,0.156305465688478,0.174791119383001,NaN,0.117080503738429,2,0.137080503738429,1,M2,0.137080503738429,scored,M1,0.178407497967256,0.0413269942288268,0
misspec_primary_only_M1_registration_shift_seed_0015,misspec_primary_only,M1_registration_shift,M0,15,0.384396190215182,0.0106527237799142,1.03241296518607,1.01277285312487,0.137808715461863,NaN,0.384396190215182,0,0.384396190215182,0,M2,0.170228918478775,scored,M1,0.181883983148076,0.0116550646693008,1
misspec_primary_only_M1_registration_shift_seed_0015,misspec_primary_only,M1_registration_shift,M1,15,0.171883983148076,0.000724396230020113,0.619447779111645,0.312040211678061,0.0055079830601841,NaN,0.171883983148076,1,0.181883983148076,1,M2,0.170228918478775,scored,M1,0.181883983148076,0.0116550646693008,1
misspec_primary_only_M1_registration_shift_seed_0015,misspec_primary_only,M1_registration_shift,M2,15,0.150228918478775,0.0122178500299595,0.516206482593037,0.0971074046973662,0.175417241603886,NaN,0.150228918478775,2,0.170228918478775,1,M2,0.170228918478775,scored,M1,0.181883983148076,0.0116550646693008,1
misspec_primary_only_M1_registration_shift_seed_0016,misspec_primary_only,M1_registration_shift,M0,16,0.319052563523836,0.0138940239347141,0.671068427370949,1.01375882382534,0.172186950056584,NaN,0.319052563523836,0,0.319052563523836,0,M2,0.0906047141645842,scored,M1,0.113152510735133,0.0225477965705484,0
misspec_primary_only_M1_registration_shift_seed_0016,misspec_primary_only,M1_registration_shift,M1,16,0.103152510735133,0.000494794777735473,0.258103241296519,0.313026182378537,0.0288702515345365,NaN,0.103152510735133,1,0.113152510735133,1,M2,0.0906047141645842,scored,M1,0.113152510735133,0.0225477965705484,0
misspec_primary_only_M1_registration_shift_seed_0016,misspec_primary_only,M1_registration_shift,M2,16,0.0706047141645842,0.00811651811618728,0.154861944777911,0.09612143399689,0.141039007009165,NaN,0.0706047141645842,2,0.0906047141645842,1,M2,0.0906047141645842,scored,M1,0.113152510735133,0.0225477965705484,0
misspec_primary_only_M1_registration_shift_seed_0017,misspec_primary_only,M1_registration_shift,M0,17,0.293895378152633,0.0115700303602445,0.567827130852341,1.0197799699698,0.143852942043815,NaN,0.293895378152633,0,0.293895378152633,0,M2,0.0744479215504396,scored,M1,0.0891153251443586,0.014667403593919,1
misspec_primary_only_M1_registration_shift_seed_0017,misspec_primary_only,M1_registration_shift,M1,17,0.0791153251443586,0.000410800764124585,0.154861944777912,0.319047328522992,0.000536243521768121,NaN,0.0791153251443586,1,0.0891153251443586,1,M2,0.0744479215504396,scored,M1,0.0891153251443586,0.014667403593919,1
misspec_primary_only_M1_registration_shift_seed_0017,misspec_primary_only,M1_registration_shift,M2,17,0.0544479215504396,0.0104055929348468,0.0516206482593042,0.0901002878524355,0.169373015021934,NaN,0.0544479215504396,2,0.0744479215504396,1,M2,0.0744479215504396,scored,M1,0.0891153251443586,0.014667403593919,1
misspec_primary_only_M1_registration_shift_seed_0018,misspec_primary_only,M1_registration_shift,M0,18,0.321242822608811,0.00905841852151896,0.82593037214886,0.894776832676735,0.115406760111794,NaN,0.321242822608811,0,0.321242822608811,0,M1,0.1261488550751,scored,M2,0.1504851065862,0.0243362515111004,0
misspec_primary_only_M1_registration_shift_seed_0018,misspec_primary_only,M1_registration_shift,M1,18,0.1161488550751,0.000525396828372996,0.41296518607443,0.194044191229928,0.0279099384102534,NaN,0.1161488550751,1,0.1261488550751,1,M1,0.1261488550751,scored,M2,0.1504851065862,0.0243362515111004,0
misspec_primary_only_M1_registration_shift_seed_0018,misspec_primary_only,M1_registration_shift,M2,18,0.1304851065862,0.0132038707202352,0.309723889555823,0.215103425145499,0.197819196953955,NaN,0.1304851065862,2,0.1504851065862,1,M1,0.1261488550751,scored,M2,0.1504851065862,0.0243362515111004,0
misspec_primary_only_M1_registration_shift_seed_0019,misspec_primary_only,M1_registration_shift,M0,19,0.277953036960333,0.0104271130975993,0.619447779111644,0.842233948538012,0.150098882056684,NaN,0.277953036960333,0,0.277953036960333,0,M1,0.0743046265520674,scored,M2,0.112335550971237,0.0380309244191696,0
misspec_primary_only_M1_registration_shift_seed_0019,misspec_primary_only,M1_registration_shift,M1,19,0.0643046265520674,0.00153116870149626,0.206482593037215,0.141501307091205,0.00678218353463728,NaN,0.0643046265520674,1,0.0743046265520674,1,M1,0.0743046265520674,scored,M2,0.112335550971237,0.0380309244191696,0
misspec_primary_only_M1_registration_shift_seed_0019,misspec_primary_only,M1_registration_shift,M2,19,0.092335550971237,0.0141425680470451,0.103241296518607,0.267646309284222,0.163127075009065,NaN,0.092335550971237,2,0.112335550971237,1,M1,0.0743046265520674,scored,M2,0.112335550971237,0.0380309244191696,0
misspec_primary_only_M1_registration_shift_seed_0020,misspec_primary_only,M1_registration_shift,M0,20,0.408781689471666,0.00624099497180104,1.29051620648259,0.903534964587642,0.0801847066740033,NaN,0.408781689471666,0,0.408781689471666,0,M1,0.226599405770675,scored,M2,0.250841610276058,0.0242422045053837,0
misspec_primary_only_M1_registration_shift_seed_0020,misspec_primary_only,M1_registration_shift,M1,20,0.216599405770675,0.00239810888142019,0.877551020408163,0.202802323140835,0.0631319918480438,NaN,0.216599405770675,1,0.226599405770675,1,M1,0.226599405770675,scored,M2,0.250841610276058,0.0242422045053837,0
misspec_primary_only_M1_registration_shift_seed_0020,misspec_primary_only,M1_registration_shift,M2,20,0.230841610276058,0.0201433679083932,0.774309723889556,0.206345293234592,0.233041250391746,NaN,0.230841610276058,2,0.250841610276058,1,M1,0.226599405770675,scored,M2,0.250841610276058,0.0242422045053837,0
misspec_primary_only_M1_registration_shift_seed_0021,misspec_primary_only,M1_registration_shift,M0,21,0.343084931000745,0.0137112021804238,0.82593037214886,0.962050689648234,0.178237680223506,NaN,0.343084931000745,0,0.343084931000745,0,M2,0.128522810925917,scored,M1,0.137305749971365,0.00878293904544808,1
misspec_primary_only_M1_registration_shift_seed_0021,misspec_primary_only,M1_registration_shift,M1,21,0.127305749971365,0.000553716542092426,0.41296518607443,0.261318048201427,0.0349209817014587,NaN,0.127305749971365,1,0.137305749971365,1,M2,0.128522810925917,scored,M1,0.137305749971365,0.00878293904544808,1
misspec_primary_only_M1_registration_shift_seed_0021,misspec_primary_only,M1_registration_shift,M2,21,0.108522810925917,0.00831071252463203,0.309723889555823,0.147829568174,0.134988276842243,NaN,0.108522810925917,2,0.128522810925917,1,M2,0.128522810925917,scored,M1,0.137305749971365,0.00878293904544808,1
misspec_primary_only_M1_registration_shift_seed_0022,misspec_primary_only,M1_registration_shift,M0,22,0.540829092969944,0.00971959851844446,1.90996398559424,0.894903002979411,0.131606974299754,NaN,0.540829092969944,0,0.540829092969944,0,M1,0.340567143994163,scored,M2,0.364574311755713,0.0240071677615497,0
misspec_primary_only_M1_registration_shift_seed_0022,misspec_primary_only,M1_registration_shift,M1,22,0.330567143994163,0.00057074245393467,1.49699879951981,0.194170361532604,0.0117097242222934,NaN,0.330567143994163,1,0.340567143994163,1,M1,0.340567143994163,scored,M2,0.364574311755713,0.0240071677615497,0
misspec_primary_only_M1_registration_shift_seed_0022,misspec_primary_only,M1_registration_shift,M2,22,0.344574311755713,0.0126667510283004,1.3937575030012,0.214977254842823,0.181618982765995,NaN,0.344574311755713,2,0.364574311755713,1,M1,0.340567143994163,scored,M2,0.364574311755713,0.0240071677615497,0
misspec_primary_only_M1_registration_shift_seed_0023,misspec_primary_only,M1_registration_shift,M0,23,0.35858821684003,0.0147506531262259,1.03241296518607,0.782216068100808,0.182652580163872,NaN,0.35858821684003,0,0.35858821684003,0,M1,0.152396971733735,scored,M2,0.195911925871687,0.0435149541379528,0
misspec_primary_only_M1_registration_shift_seed_0023,misspec_primary_only,M1_registration_shift,M1,23,0.142396971733735,0.000769039334063444,0.619447779111645,0.0814834266540007,0.0393358816418248,NaN,0.142396971733735,1,0.152396971733735,1,M1,0.152396971733735,scored,M2,0.195911925871687,0.0435149541379528,0
misspec_primary_only_M1_registration_shift_seed_0023,misspec_primary_only,M1_registration_shift,M2,23,0.175911925871687,0.00786998871916874,0.516206482593037,0.327664189721426,0.130573376901877,NaN,0.175911925871687,2,0.195911925871687,1,M1,0.152396971733735,scored,M2,0.195911925871687,0.0435149541379528,0
misspec_primary_only_M1_registration_shift_seed_0024,misspec_primary_only,M1_registration_shift,M0,24,0.366958294309389,0.0126758379295046,0.877551020408163,1.06815229354599,0.165915514874034,NaN,0.366958294309389,0,0.366958294309389,0,M2,0.12572663688694,scored,M1,0.161815817199535,0.0360891803125949,0
misspec_primary_only_M1_registration_shift_seed_0024,misspec_primary_only,M1_registration_shift,M1,24,0.151815817199535,0.000791760130224376,0.464585834333733,0.367419652099187,0.0225988163519868,NaN,0.151815817199535,1,0.161815817199535,1,M2,0.12572663688694,scored,M1,0.161815817199535,0.0360891803125949,0
misspec_primary_only_M1_registration_shift_seed_0024,misspec_primary_only,M1_registration_shift,M2,24,0.10572663688694,0.0102039367074435,0.361344537815125,0.0417279642762398,0.147310442191715,NaN,0.10572663688694,2,0.12572663688694,1,M2,0.12572663688694,scored,M1,0.161815817199535,0.0360891803125949,0
misspec_primary_only_M1_registration_shift_seed_0025,misspec_primary_only,M1_registration_shift,M0,25,0.392717340865507,0.0109136544213866,0.671068427370949,1.54725652931774,0.139722325219751,NaN,0.392717340865507,0,0.392717340865507,0,M2,0.148577969165454,scored,M1,0.189505743234604,0.0409277740691494,0
misspec_primary_only_M1_registration_shift_seed_0025,misspec_primary_only,M1_registration_shift,M1,25,0.179505743234604,0.000734711598631065,0.258103241296519,0.846523887870934,0.00359437330229614,NaN,0.179505743234604,1,0.189505743234604,1,M2,0.148577969165454,scored,M1,0.189505743234604,0.0409277740691494,0
misspec_primary_only_M1_registration_shift_seed_0025,misspec_primary_only,M1_registration_shift,M2,25,0.128577969165454,0.011947189417293,0.154861944777911,0.437376271495507,0.173503631845998,NaN,0.128577969165454,2,0.148577969165454,1,M2,0.148577969165454,scored,M1,0.189505743234604,0.0409277740691494,0
misspec_primary_only_M1_registration_shift_seed_0026,misspec_primary_only,M1_registration_shift,M0,26,0.302773660917054,0.00774981044162754,0.671068427370949,1.00020596460882,0.0976945035381868,NaN,0.302773660917054,0,0.302773660917054,0,M2,0.107825489497079,scored,M1,0.113999558840542,0.00617406934346237,1
misspec_primary_only_M1_registration_shift_seed_0026,misspec_primary_only,M1_registration_shift,M1,26,0.103999558840542,0.00122916571871529,0.258103241296519,0.299473323162009,0.0456221949838602,NaN,0.103999558840542,1,0.113999558840542,1,M2,0.107825489497079,scored,M1,0.113999558840542,0.00617406934346237,1
misspec_primary_only_M1_registration_shift_seed_0026,misspec_primary_only,M1_registration_shift,M2,26,0.0878254894970795,0.0161444770607004,0.154861944777911,0.109674293213418,0.215531453527562,NaN,0.0878254894970795,2,0.107825489497079,1,M2,0.107825489497079,scored,M1,0.113999558840542,0.00617406934346237,1
misspec_primary_only_M1_registration_shift_seed_0027,misspec_primary_only,M1_registration_shift,M0,27,0.330258349662665,0.0175607065060222,0.619447779111644,1.1058590162418,0.211397254340372,NaN,0.330258349662665,0,0.330258349662665,0,M2,0.0595235307680088,scored,M1,0.122893159473731,0.0633696287057218,0
misspec_primary_only_M1_registration_shift_seed_0027,misspec_primary_only,M1_registration_shift,M1,27,0.112893159473731,0.00123120254858098,0.206482593037215,0.405126374794989,0.0680805558183252,NaN,0.112893159473731,1,0.122893159473731,1,M2,0.0595235307680088,scored,M1,0.122893159473731,0.0633696287057218,0
misspec_primary_only_M1_registration_shift_seed_0027,misspec_primary_only,M1_registration_shift,M2,27,0.0395235307680088,0.00599555963683026,0.103241296518607,0.00402124158043828,0.101828702725377,NaN,0.0395235307680088,2,0.0595235307680088,1,M2,0.0595235307680088,scored,M1,0.122893159473731,0.0633696287057218,0
misspec_primary_only_M1_registration_shift_seed_0028,misspec_primary_only,M1_registration_shift,M0,28,0.264458523678961,0.0175574828048823,0.464585834333734,0.88567322733532,0.199410875396503,NaN,0.264458523678961,0,0.264458523678961,0,M1,0.0570098287914911,scored,M2,0.0837749024062289,0.0267650736147378,0
misspec_primary_only_M1_registration_shift_seed_0028,misspec_primary_only,M1_registration_shift,M1,28,0.047009828791491,0.00106096945036987,0.0516206482593042,0.184940585888513,0.0560941768744554,NaN,0.047009828791491,1,0.0570098287914911,1,M1,0.0570098287914911,scored,M2,0.0837749024062289,0.0267650736147378,0
misspec_primary_only_M1_registration_shift_seed_0028,misspec_primary_only,M1_registration_shift,M2,28,0.0637749024062289,0.00549491186188819,0.0516206482593035,0.224207030486914,0.113815081669246,NaN,0.0637749024062289,2,0.0837749024062289,1,M1,0.0570098287914911,scored,M2,0.0837749024062289,0.0267650736147378,0
misspec_primary_only_M1_registration_shift_seed_0029,misspec_primary_only,M1_registration_shift,M0,29,0.270275907011545,0.0166745608006567,0.41296518607443,0.986423590185822,0.209213672456382,NaN,0.270275907011545,0,0.270275907011545,0,M1,0.0633101710468248,scored,M2,0.0780859431602799,0.014775772113455,1
misspec_primary_only_M1_registration_shift_seed_0029,misspec_primary_only,M1_registration_shift,M1,29,0.0533101710468249,0.00114396529164459,0,0.285690948739015,0.0658969739343354,NaN,0.0533101710468249,1,0.0633101710468248,1,M1,0.0633101710468248,scored,M2,0.0780859431602799,0.014775772113455,1
misspec_primary_only_M1_registration_shift_seed_0029,misspec_primary_only,M1_registration_shift,M2,29,0.0580859431602799,0.00663468203938314,0.103241296518608,0.123456667636412,0.104012284609366,NaN,0.0580859431602799,2,0.0780859431602799,1,M1,0.0633101710468248,scored,M2,0.0780859431602799,0.014775772113455,1
misspec_primary_only_M1_registration_shift_seed_0030,misspec_primary_only,M1_registration_shift,M0,30,0.31706449305145,0.0205614803649678,0.464585834333734,1.17511789049231,0.250659349522492,NaN,0.31706449305145,0,0.31706449305145,0,M2,0.0516671469304318,scored,M1,0.10864531978831,0.0569781728578783,0
misspec_primary_only_M1_registration_shift_seed_0030,misspec_primary_only,M1_registration_shift,M1,30,0.0986453197883101,0.00212401025911549,0.0516206482593042,0.474385249045499,0.107342651000445,NaN,0.0986453197883101,1,0.10864531978831,1,M2,0.0516671469304318,scored,M1,0.10864531978831,0.0569781728578783,0
misspec_primary_only_M1_registration_shift_seed_0030,misspec_primary_only,M1_registration_shift,M2,30,0.0316671469304318,0.00434476249314348,0.0516206482593035,0.0652376326700718,0.0625666075432572,NaN,0.0316671469304318,2,0.0516671469304318,1,M2,0.0516671469304318,scored,M1,0.10864531978831,0.0569781728578783,0
misspec_primary_only_M1_registration_shift_seed_0031,misspec_primary_only,M1_registration_shift,M0,31,0.277712938796724,0.0110278419077078,0.516206482593037,0.97493690709869,0.151447901729724,NaN,0.277712938796724,0,0.277712938796724,0,M2,0.0707421849351603,scored,M1,0.0735329350577984,0.00279075012263817,1
misspec_primary_only_M1_registration_shift_seed_0031,misspec_primary_only,M1_registration_shift,M1,31,0.0635329350577984,0.00106871085028555,0.103241296518608,0.274204265651883,0.00813120320767735,NaN,0.0635329350577984,1,0.0735329350577984,1,M2,0.0707421849351603,scored,M1,0.0735329350577984,0.00279075012263817,1
misspec_primary_only_M1_registration_shift_seed_0031,misspec_primary_only,M1_registration_shift,M2,31,0.0507421849351603,0.0124679480524501,0,0.134943350723544,0.161778055336024,NaN,0.0507421849351603,2,0.0707421849351603,1,M2,0.0707421849351603,scored,M1,0.0735329350577984,0.00279075012263817,1
misspec_primary_only_M1_registration_shift_seed_0032,misspec_primary_only,M1_registration_shift,M0,32,0.331424402838796,0.0070974696509388,0.671068427370949,1.20201189719877,0.0890679863954806,NaN,0.331424402838796,0,0.331424402838796,0,M2,0.10825807109365,scored,M1,0.146201159814517,0.037943088720867,0
misspec_primary_only_M1_registration_shift_seed_0032,misspec_primary_only,M1_registration_shift,M1,32,0.136201159814517,0.00250263274686814,0.258103241296519,0.501279255751962,0.0542487121265665,NaN,0.136201159814517,1,0.146201159814517,1,M2,0.10825807109365,scored,M1,0.146201159814517,0.037943088720867,0
misspec_primary_only_M1_registration_shift_seed_0032,misspec_primary_only,M1_registration_shift,M2,32,0.0882580710936501,0.0196844812620948,0.154861944777911,0.0921316393765346,0.224157970670268,NaN,0.0882580710936501,2,0.10825807109365,1,M2,0.10825807109365,scored,M1,0.146201159814517,0.037943088720867,0
misspec_primary_only_M1_registration_shift_seed_0033,misspec_primary_only,M1_registration_shift,M0,33,0.323616145358627,0.0100801713636896,0.774309723889556,0.952913598628851,0.138513834030287,NaN,0.323616145358627,0,0.323616145358627,0,M1,0.121273320475672,scored,M2,0.127915073425498,0.00664175294982598,1
misspec_primary_only_M1_registration_shift_seed_0033,misspec_primary_only,M1_registration_shift,M1,33,0.111273320475672,0.000913679323152354,0.361344537815127,0.252180957182044,0.00480286449176029,NaN,0.111273320475672,1,0.121273320475672,1,M1,0.121273320475672,scored,M2,0.127915073425498,0.00664175294982598,1
misspec_primary_only_M1_registration_shift_seed_0033,misspec_primary_only,M1_registration_shift,M2,33,0.107915073425498,0.0130852156637352,0.258103241296519,0.156966659193383,0.174712123035462,NaN,0.107915073425498,2,0.127915073425498,1,M1,0.121273320475672,scored,M2,0.127915073425498,0.00664175294982598,1
misspec_primary_only_M1_registration_shift_seed_0034,misspec_primary_only,M1_registration_shift,M0,34,0.463142979051261,0.0276955031896135,0.929171668667467,1.47826853279537,0.278137425357701,NaN,0.463142979051261,0,0.463142979051261,0,M2,0.163935850339587,scored,M1,0.252285359480767,0.0883495091411793,0
misspec_primary_only_M1_registration_shift_seed_0034,misspec_primary_only,M1_registration_shift,M1,34,0.242285359480767,0.00438114046905306,0.516206482593037,0.777535891348564,0.134820726835654,NaN,0.242285359480767,1,0.252285359480767,1,M2,0.163935850339587,scored,M1,0.252285359480767,0.0883495091411793,0
misspec_primary_only_M1_registration_shift_seed_0034,misspec_primary_only,M1_registration_shift,M2,34,0.143935850339587,0.00164258424504728,0.41296518607443,0.368388274973137,0.0350885317080483,NaN,0.143935850339587,2,0.163935850339587,1,M2,0.163935850339587,scored,M1,0.252285359480767,0.0883495091411793,0
misspec_primary_only_M1_registration_shift_seed_0035,misspec_primary_only,M1_registration_shift,M0,35,0.233638601185523,0.00449513420832833,0.516206482593037,0.836880097598031,0.0174514861536465,NaN,0.233638601185523,0,0.233638601185523,0,M1,0.073270753875106,scored,M2,0.120745312553293,0.0474745586781865,0
misspec_primary_only_M1_registration_shift_seed_0035,misspec_primary_only,M1_registration_shift,M1,35,0.063270753875106,0.00664118858688175,0.103241296518608,0.136147456151224,0.125865212368401,NaN,0.063270753875106,1,0.073270753875106,1,M1,0.073270753875106,scored,M2,0.120745312553293,0.0474745586781865,0
misspec_primary_only_M1_registration_shift_seed_0035,misspec_primary_only,M1_registration_shift,M2,35,0.100745312553292,0.0308582357656932,0,0.273000160224204,0.295774470912102,NaN,0.100745312553292,2,0.120745312553293,1,M1,0.073270753875106,scored,M2,0.120745312553293,0.0474745586781865,0
misspec_primary_only_M1_registration_shift_seed_0036,misspec_primary_only,M1_registration_shift,M0,36,0.276597177758911,0.0047909109060939,0.671068427370949,0.893243423046828,0.0400101558309979,NaN,0.276597177758911,0,0.276597177758911,0,M1,0.108513557982704,scored,M2,0.138029784551873,0.0295162265691686,0
misspec_primary_only_M1_registration_shift_seed_0036,misspec_primary_only,M1_registration_shift,M1,36,0.098513557982704,0.00504062215947925,0.258103241296519,0.192510781600022,0.103306542691049,NaN,0.098513557982704,1,0.108513557982704,1,M1,0.108513557982704,scored,M2,0.138029784551873,0.0295162265691686,0
misspec_primary_only_M1_registration_shift_seed_0036,misspec_primary_only,M1_registration_shift,M2,36,0.118029784551873,0.0271590003895338,0.154861944777911,0.216636834775406,0.273215801234751,NaN,0.118029784551873,2,0.138029784551873,1,M1,0.108513557982704,scored,M2,0.138029784551873,0.0295162265691686,0
misspec_primary_only_M1_registration_shift_seed_0037,misspec_primary_only,M1_registration_shift,M0,37,0.2478915533473,0.036099241184807,0.206482593037215,0.957222141957574,0.299747285692114,NaN,0.2478915533473,0,0.2478915533473,0,M2,0.107102550633257,scored,M1,0.117336659154964,0.0102341085217069,1
misspec_primary_only_M1_registration_shift_seed_0037,misspec_primary_only,M1_registration_shift,M1,37,0.107336659154964,0.00820425479079165,0.206482593037215,0.256489500510768,0.156430587170067,NaN,0.107336659154964,1,0.117336659154964,1,M2,0.107102550633257,scored,M1,0.117336659154964,0.0102341085217069,1
misspec_primary_only_M1_registration_shift_seed_0037,misspec_primary_only,M1_registration_shift,M2,37,0.0871025506332571,0.000474509272696827,0.309723889555823,0.15265811586466,0.0134786713736346,NaN,0.0871025506332571,2,0.107102550633257,1,M2,0.107102550633257,scored,M1,0.117336659154964,0.0102341085217069,1
misspec_primary_only_M1_registration_shift_seed_0038,misspec_primary_only,M1_registration_shift,M0,38,0.322205900419987,0.0105589542618993,0.619447779111644,1.15878322504434,0.128129224733717,NaN,0.322205900419987,0,0.322205900419987,0,M2,0.0817146264528299,scored,M1,0.122573456618091,0.040858830165261,0
misspec_primary_only_M1_registration_shift_seed_0038,misspec_primary_only,M1_registration_shift,M1,38,0.112573456618091,0.00058245880553661,0.206482593037215,0.458050583597534,0.0151874737883305,NaN,0.112573456618091,1,0.122573456618091,1,M2,0.0817146264528299,scored,M1,0.122573456618091,0.040858830165261,0
misspec_primary_only_M1_registration_shift_seed_0038,misspec_primary_only,M1_registration_shift,M2,38,0.0617146264528299,0.0119328244319752,0.103241296518607,0.0489029672221067,0.185096732332032,NaN,0.0617146264528299,2,0.0817146264528299,1,M2,0.0817146264528299,scored,M1,0.122573456618091,0.040858830165261,0
misspec_primary_only_M1_registration_shift_seed_0039,misspec_primary_only,M1_registration_shift,M0,39,0.303667911115442,0.007132600252534,0.671068427370949,1.01996369255785,0.0859558108753834,NaN,0.303667911115442,0,0.303667911115442,0,M2,0.108000130897707,scored,M1,0.119181125025733,0.0111809941280265,1
misspec_primary_only_M1_registration_shift_seed_0039,misspec_primary_only,M1_registration_shift,M1,39,0.109181125025733,0.00214337190554713,0.258103241296519,0.319231051111043,0.0573608876466637,NaN,0.109181125025733,1,0.119181125025733,1,M2,0.108000130897707,scored,M1,0.119181125025733,0.0111809941280265,1
misspec_primary_only_M1_registration_shift_seed_0039,misspec_primary_only,M1_registration_shift,M2,39,0.0880001308977069,0.0188994704478244,0.154861944777911,0.0899165652643839,0.227270146190366,NaN,0.0880001308977069,2,0.108000130897707,1,M2,0.108000130897707,scored,M1,0.119181125025733,0.0111809941280265,1
misspec_primary_only_M1_registration_shift_seed_0040,misspec_primary_only,M1_registration_shift,M0,40,0.280215940440787,0.0143756203783468,0.309723889555823,1.21078432047065,0.19643802846568,NaN,0.280215940440787,0,0.280215940440787,0,M2,0.0984053268948938,scored,M1,0.11564124137406,0.0172359144791659,1
misspec_primary_only_M1_registration_shift_seed_0040,misspec_primary_only,M1_registration_shift,M1,40,0.10564124137406,0.00103406145043408,0.103241296518607,0.510051679023842,0.0531213299436328,NaN,0.10564124137406,1,0.11564124137406,1,M2,0.0984053268948938,scored,M1,0.11564124137406,0.0172359144791659,1
misspec_primary_only_M1_registration_shift_seed_0040,misspec_primary_only,M1_registration_shift,M2,40,0.0784053268948938,0.00891001920035638,0.206482593037215,0.100904062648415,0.116787928600069,NaN,0.0784053268948938,2,0.0984053268948938,1,M2,0.0984053268948938,scored,M1,0.11564124137406,0.0172359144791659,1
misspec_primary_only_M2_outside_disorder_seed_0001,misspec_primary_only,M2_outside_disorder,M0,1,0.655162469448407,0.0588265836082529,1.18727490996399,2.20876237002842,0.379865600981467,NaN,0.655162469448407,0,0.655162469448407,0,M2,0.330436117382888,scored,M1,0.436484796126126,0.106048678743238,0
misspec_primary_only_M2_outside_disorder_seed_0001,misspec_primary_only,M2_outside_disorder,M1,1,0.426484796126125,0.0198721133841188,0.774309723889556,1.50802972858161,0.23654890245942,NaN,0.426484796126125,1,0.436484796126126,1,M2,0.330436117382888,scored,M1,0.436484796126126,0.106048678743238,0
misspec_primary_only_M2_outside_disorder_seed_0001,misspec_primary_only,M2_outside_disorder,M2,1,0.310436117382888,0.00278833698082523,0.671068427370948,1.09888211220619,0.0666396439157185,NaN,0.310436117382888,2,0.330436117382888,1,M2,0.330436117382888,scored,M1,0.436484796126126,0.106048678743238,0
misspec_primary_only_M2_outside_disorder_seed_0002,misspec_primary_only,M2_outside_disorder,M0,2,0.593212915301597,0.060229007976208,1.13565426170468,1.85133897550356,0.388444750980153,NaN,0.593212915301597,0,0.593212915301597,0,M2,0.267691216295895,scored,M1,0.374216949129744,0.106525732833849,0
misspec_primary_only_M2_outside_disorder_seed_0002,misspec_primary_only,M2_outside_disorder,M1,2,0.364216949129744,0.0206379520529287,0.722689075630252,1.15060633405675,0.245128052458106,NaN,0.364216949129744,1,0.374216949129744,1,M2,0.267691216295895,scored,M1,0.374216949129744,0.106525732833849,0
misspec_primary_only_M2_outside_disorder_seed_0002,misspec_primary_only,M2_outside_disorder,M2,2,0.247691216295895,0.0026000674684127,0.619447779111644,0.741458717681327,0.0752187939144038,NaN,0.247691216295895,2,0.267691216295895,1,M2,0.267691216295895,scored,M1,0.374216949129744,0.106525732833849,0
misspec_primary_only_M2_outside_disorder_seed_0003,misspec_primary_only,M2_outside_disorder,M0,3,0.605118657946458,0.0561818419886673,1.08403361344538,2.0388877242547,0.362585704165624,NaN,0.605118657946458,0,0.605118657946458,0,M2,0.28157466397907,scored,M1,0.387022528027048,0.105447864047978,0
misspec_primary_only_M2_outside_disorder_seed_0003,misspec_primary_only,M2_outside_disorder,M1,3,0.377022528027048,0.0183904585702743,0.671068427370949,1.3381550828079,0.219269005643577,NaN,0.377022528027048,1,0.387022528027048,1,M2,0.28157466397907,scored,M1,0.387022528027048,0.105447864047978,0
misspec_primary_only_M2_outside_disorder_seed_0003,misspec_primary_only,M2_outside_disorder,M2,3,0.26157466397907,0.00250831155750048,0.567827130852341,0.92900746643247,0.0493597470998754,NaN,0.26157466397907,2,0.28157466397907,1,M2,0.28157466397907,scored,M1,0.387022528027048,0.105447864047978,0
misspec_primary_only_M2_outside_disorder_seed_0004,misspec_primary_only,M2_outside_disorder,M0,4,0.654832263640903,0.0892594683159328,0.929171668667467,2.32914914522844,0.499972159767845,NaN,0.654832263640903,0,0.654832263640903,0,M2,0.318451968875703,scored,M1,0.430614186353204,0.1121622174775,0
misspec_primary_only_M2_outside_disorder_seed_0004,misspec_primary_only,M2_outside_disorder,M1,4,0.420614186353204,0.0392241901609619,0.516206482593037,1.62841650378164,0.356655461245798,NaN,0.420614186353204,1,0.430614186353204,1,M2,0.318451968875703,scored,M1,0.430614186353204,0.1121622174775,0
misspec_primary_only_M2_outside_disorder_seed_0004,misspec_primary_only,M2_outside_disorder,M2,4,0.298451968875703,0.00991333628914302,0.41296518607443,1.21926888740621,0.186746202702096,NaN,0.298451968875703,2,0.318451968875703,1,M2,0.318451968875703,scored,M1,0.430614186353204,0.1121622174775,0
misspec_primary_only_M2_outside_disorder_seed_0005,misspec_primary_only,M2_outside_disorder,M0,5,0.573304272615246,0.0592787861134948,1.08403361344538,1.79448353771414,0.384570841415349,NaN,0.573304272615246,0,0.573304272615246,0,M2,0.24838319145362,scored,M1,0.354552983918678,0.106169792465058,0
misspec_primary_only_M2_outside_disorder_seed_0005,misspec_primary_only,M2_outside_disorder,M1,5,0.344552983918678,0.0201770851407874,0.671068427370949,1.09375089626733,0.241254142893302,NaN,0.344552983918678,1,0.354552983918678,1,M2,0.24838319145362,scored,M1,0.354552983918678,0.106169792465058,0
misspec_primary_only_M2_outside_disorder_seed_0005,misspec_primary_only,M2_outside_disorder,M2,5,0.22838319145362,0.00285108129385277,0.567827130852341,0.684603279891903,0.0713448843496003,NaN,0.22838319145362,2,0.24838319145362,1,M2,0.24838319145362,scored,M1,0.354552983918678,0.106169792465058,0
misspec_primary_only_M2_outside_disorder_seed_0006,misspec_primary_only,M2_outside_disorder,M0,6,0.629177654037524,0.0622082673878092,1.18727490996399,2.00850951502758,0.395614073977901,NaN,0.629177654037524,0,0.629177654037524,0,M2,0.302928195446977,scored,M1,0.409821221460785,0.106893026013808,0
misspec_primary_only_M2_outside_disorder_seed_0006,misspec_primary_only,M2_outside_disorder,M1,6,0.399821221460785,0.0218962786547596,0.774309723889556,1.30777687358077,0.252297375455854,NaN,0.399821221460785,1,0.409821221460785,1,M2,0.302928195446977,scored,M1,0.409821221460785,0.106893026013808,0
misspec_primary_only_M2_outside_disorder_seed_0006,misspec_primary_only,M2_outside_disorder,M2,6,0.282928195446977,0.00312380771032596,0.671068427370948,0.898629257205346,0.0823881169121521,NaN,0.282928195446977,2,0.302928195446977,1,M2,0.302928195446977,scored,M1,0.409821221460785,0.106893026013808,0
misspec_primary_only_M2_outside_disorder_seed_0007,misspec_primary_only,M2_outside_disorder,M0,7,0.633633570578708,0.074416238886551,0.929171668667467,2.28682148284661,0.450452633166321,NaN,0.633633570578708,0,0.633633570578708,0,M2,0.302546012892177,scored,M1,0.411945895657956,0.109399882765779,0
misspec_primary_only_M2_outside_disorder_seed_0007,misspec_primary_only,M2_outside_disorder,M1,7,0.401945895657956,0.0294417654654753,0.516206482593037,1.5860888413998,0.307135934644274,NaN,0.401945895657956,1,0.411945895657956,1,M2,0.302546012892177,scored,M1,0.411945895657956,0.109399882765779,0
misspec_primary_only_M2_outside_disorder_seed_0007,misspec_primary_only,M2_outside_disorder,M2,7,0.282546012892177,0.00565558101709823,0.41296518607443,1.17694122502437,0.137226676100572,NaN,0.282546012892177,2,0.302546012892177,1,M2,0.302546012892177,scored,M1,0.411945895657956,0.109399882765779,0
misspec_primary_only_M2_outside_disorder_seed_0008,misspec_primary_only,M2_outside_disorder,M0,8,0.661058577900987,0.0610842333205796,1.03241296518607,2.44574513877602,0.38114731591386,NaN,0.661058577900987,0,0.661058577900987,0,M2,0.335216283743522,scored,M1,0.44188944011546,0.106673156371937,0
misspec_primary_only_M2_outside_disorder_seed_0008,misspec_primary_only,M2_outside_disorder,M1,8,0.43188944011546,0.0211468341699526,0.619447779111645,1.74501249732922,0.237830617391813,NaN,0.43188944011546,1,0.44188944011546,1,M2,0.335216283743522,scored,M1,0.44188944011546,0.106673156371937,0
misspec_primary_only_M2_outside_disorder_seed_0008,misspec_primary_only,M2_outside_disorder,M2,8,0.315216283743522,0.00281410250925969,0.516206482593037,1.33586488095379,0.0679213588481112,NaN,0.315216283743522,2,0.335216283743522,1,M2,0.335216283743522,scored,M1,0.44188944011546,0.106673156371937,0
misspec_primary_only_M2_outside_disorder_seed_0009,misspec_primary_only,M2_outside_disorder,M0,9,0.604131452240524,0.059118060478735,0.929171668667467,2.21248907734404,0.37909817777371,NaN,0.604131452240524,0,0.604131452240524,0,M2,0.279312647065787,scored,M1,0.38537547921279,0.106062832147003,0
misspec_primary_only_M2_outside_disorder_seed_0009,misspec_primary_only,M2_outside_disorder,M1,9,0.37537547921279,0.0200069908436954,0.516206482593037,1.51175643589724,0.235781479251663,NaN,0.37537547921279,1,0.38537547921279,1,M2,0.279312647065787,scored,M1,0.38537547921279,0.106062832147003,0
misspec_primary_only_M2_outside_disorder_seed_0009,misspec_primary_only,M2_outside_disorder,M2,9,0.259312647065787,0.00289490763287068,0.41296518607443,1.10260881952181,0.0658722207079611,NaN,0.259312647065787,2,0.279312647065787,1,M2,0.279312647065787,scored,M1,0.38537547921279,0.106062832147003,0
misspec_primary_only_M2_outside_disorder_seed_0010,misspec_primary_only,M2_outside_disorder,M0,10,0.637338381265877,0.0717114338471223,1.18727490996399,1.99155028743367,0.435300928229794,NaN,0.637338381265877,0,0.637338381265877,0,M2,0.307184569130534,scored,M1,0.416139823885287,0.108955254754753,0
misspec_primary_only_M2_outside_disorder_seed_0010,misspec_primary_only,M2_outside_disorder,M1,10,0.406139823885287,0.0277151955063701,0.774309723889556,1.29081764598686,0.291984229707747,NaN,0.406139823885287,1,0.416139823885287,1,M2,0.307184569130534,scored,M1,0.416139823885287,0.108955254754753,0
misspec_primary_only_M2_outside_disorder_seed_0010,misspec_primary_only,M2_outside_disorder,M2,10,0.287184569130534,0.00481826708004596,0.671068427370948,0.881670029611433,0.122074971164045,NaN,0.287184569130534,2,0.307184569130534,1,M2,0.307184569130534,scored,M1,0.416139823885287,0.108955254754753,0
misspec_primary_only_M2_outside_disorder_seed_0011,misspec_primary_only,M2_outside_disorder,M0,11,0.572477341467324,0.0567671656770411,0.929171668667467,2.01672993532787,0.371666230640862,NaN,0.572477341467324,0,0.572477341467324,0,M2,0.248529412408423,scored,M1,0.354233582497299,0.105704170088876,0
misspec_primary_only_M2_outside_disorder_seed_0011,misspec_primary_only,M2_outside_disorder,M1,11,0.344233582497299,0.018680524157418,0.516206482593037,1.31599729388107,0.228349532118815,NaN,0.344233582497299,1,0.354233582497299,1,M2,0.248529412408423,scored,M1,0.354233582497299,0.105704170088876,0
misspec_primary_only_M2_outside_disorder_seed_0011,misspec_primary_only,M2_outside_disorder,M2,11,0.228529412408423,0.00228576506284784,0.41296518607443,0.906849677505639,0.0584402735751128,NaN,0.228529412408423,2,0.248529412408423,1,M2,0.248529412408423,scored,M1,0.354233582497299,0.105704170088876,0
misspec_primary_only_M2_outside_disorder_seed_0012,misspec_primary_only,M2_outside_disorder,M0,12,0.587001327668819,0.0707790368964221,0.98079231692677,1.94477249731949,0.424916474915531,NaN,0.587001327668819,0,0.587001327668819,0,M2,0.257146652271633,scored,M1,0.365910710710287,0.108764058438654,0
misspec_primary_only_M2_outside_disorder_seed_0012,misspec_primary_only,M2_outside_disorder,M1,12,0.355910710710287,0.0269986793997869,0.567827130852341,1.24403985587269,0.281599776393484,NaN,0.355910710710287,1,0.365910710710287,1,M2,0.257146652271633,scored,M1,0.365910710710287,0.108764058438654,0
misspec_primary_only_M2_outside_disorder_seed_0012,misspec_primary_only,M2_outside_disorder,M2,12,0.237146652271633,0.00448414360566106,0.464585834333733,0.83489223949726,0.111690517849782,NaN,0.237146652271633,2,0.257146652271633,1,M2,0.257146652271633,scored,M1,0.365910710710287,0.108764058438654,0
misspec_primary_only_M2_outside_disorder_seed_0013,misspec_primary_only,M2_outside_disorder,M0,13,0.6286688242848,0.0663067816740356,1.03241296518607,2.16781916579665,0.425733103607136,NaN,0.6286688242848,0,0.6286688242848,0,M2,0.300729075048245,scored,M1,0.408508861332851,0.107779786284606,0
misspec_primary_only_M2_outside_disorder_seed_0013,misspec_primary_only,M2_outside_disorder,M1,13,0.398508861332851,0.0243877321905647,0.619447779111645,1.46708652434984,0.282416405085089,NaN,0.398508861332851,1,0.408508861332851,1,M2,0.300729075048245,scored,M1,0.408508861332851,0.107779786284606,0
misspec_primary_only_M2_outside_disorder_seed_0013,misspec_primary_only,M2_outside_disorder,M2,13,0.280729075048245,0.00384174070453432,0.516206482593037,1.05793890797441,0.112507146541387,NaN,0.280729075048245,2,0.300729075048245,1,M2,0.300729075048245,scored,M1,0.408508861332851,0.107779786284606,0
misspec_primary_only_M2_outside_disorder_seed_0014,misspec_primary_only,M2_outside_disorder,M0,14,0.635297544117299,0.0683269297771912,1.03241296518607,2.21193296484865,0.419076943094603,NaN,0.635297544117299,0,0.635297544117299,0,M2,0.306571016549935,scored,M1,0.414744797756723,0.108173781206788,0
misspec_primary_only_M2_outside_disorder_seed_0014,misspec_primary_only,M2_outside_disorder,M1,14,0.404744797756723,0.025622313476468,0.619447779111645,1.51120032340185,0.275760244572555,NaN,0.404744797756723,1,0.414744797756723,1,M2,0.306571016549935,scored,M1,0.414744797756723,0.108173781206788,0
misspec_primary_only_M2_outside_disorder_seed_0014,misspec_primary_only,M2_outside_disorder,M2,14,0.286571016549935,0.00428833214607322,0.516206482593037,1.10205270702642,0.105850986028854,NaN,0.286571016549935,2,0.306571016549935,1,M2,0.306571016549935,scored,M1,0.414744797756723,0.108173781206788,0
misspec_primary_only_M2_outside_disorder_seed_0015,misspec_primary_only,M2_outside_disorder,M0,15,0.611456496034968,0.0666992342971878,1.03241296518607,2.06458508613063,0.412910152863764,NaN,0.611456496034968,0,0.611456496034968,0,M2,0.283320121774656,scored,M1,0.391180319829458,0.107860198054802,0
misspec_primary_only_M2_outside_disorder_seed_0015,misspec_primary_only,M2_outside_disorder,M1,15,0.381180319829458,0.0245477583065953,0.619447779111645,1.36385244468383,0.269593454341717,NaN,0.381180319829458,1,0.391180319829458,1,M2,0.283320121774656,scored,M1,0.391180319829458,0.107860198054802,0
misspec_primary_only_M2_outside_disorder_seed_0015,misspec_primary_only,M2_outside_disorder,M2,15,0.263320121774656,0.00384094328017266,0.516206482593037,0.954704828308399,0.0996841957980152,NaN,0.263320121774656,2,0.283320121774656,1,M2,0.283320121774656,scored,M1,0.391180319829458,0.107860198054802,0
misspec_primary_only_M2_outside_disorder_seed_0016,misspec_primary_only,M2_outside_disorder,M0,16,0.596642395578697,0.0737357192823412,0.877551020408163,2.12037903865166,0.441383173720965,NaN,0.596642395578697,0,0.596642395578697,0,M2,0.265721550721898,scored,M1,0.375076063974172,0.109354513252273,0
misspec_primary_only_M2_outside_disorder_seed_0016,misspec_primary_only,M2_outside_disorder,M1,16,0.365076063974172,0.029003932493719,0.464585834333733,1.41964639720485,0.298066475198918,NaN,0.365076063974172,1,0.375076063974172,1,M2,0.265721550721898,scored,M1,0.375076063974172,0.109354513252273,0
misspec_primary_only_M2_outside_disorder_seed_0016,misspec_primary_only,M2_outside_disorder,M2,16,0.245721550721898,0.00530848707235381,0.361344537815125,1.01049878082943,0.128157216655216,NaN,0.245721550721898,2,0.265721550721898,1,M2,0.265721550721898,scored,M1,0.375076063974172,0.109354513252273,0
misspec_primary_only_M2_outside_disorder_seed_0017,misspec_primary_only,M2_outside_disorder,M0,17,0.588583300800794,0.0691675880602364,0.877551020408163,2.09951395364977,0.423748064277185,NaN,0.588583300800794,0,0.588583300800794,0,M2,0.259453403338162,scored,M1,0.367856409765683,0.108403006427521,0
misspec_primary_only_M2_outside_disorder_seed_0017,misspec_primary_only,M2_outside_disorder,M1,17,0.357856409765683,0.0261146824104425,0.464585834333733,1.39878131220296,0.280431365755138,NaN,0.357856409765683,1,0.367856409765683,1,M2,0.259453403338162,scored,M1,0.367856409765683,0.108403006427521,0
misspec_primary_only_M2_outside_disorder_seed_0017,misspec_primary_only,M2_outside_disorder,M2,17,0.239453403338162,0.0043222506385828,0.361344537815125,0.989633695827535,0.110522107211436,NaN,0.239453403338162,2,0.259453403338162,1,M2,0.259453403338162,scored,M1,0.367856409765683,0.108403006427521,0
misspec_primary_only_M2_outside_disorder_seed_0018,misspec_primary_only,M2_outside_disorder,M0,18,0.555977406552323,0.0648180898158405,0.877551020408163,1.9128529628195,0.407534754265639,NaN,0.555977406552323,0,0.555977406552323,0,M2,0.228563631406893,scored,M1,0.336061896096669,0.107498264689776,0
misspec_primary_only_M2_outside_disorder_seed_0018,misspec_primary_only,M2_outside_disorder,M1,18,0.326061896096669,0.0233879453249608,0.464585834333733,1.21212032137269,0.264218055743592,NaN,0.326061896096669,1,0.336061896096669,1,M2,0.228563631406893,scored,M1,0.336061896096669,0.107498264689776,0
misspec_primary_only_M2_outside_disorder_seed_0018,misspec_primary_only,M2_outside_disorder,M2,18,0.208563631406893,0.00340499702859013,0.361344537815125,0.802972704997263,0.0943087971998902,NaN,0.208563631406893,2,0.228563631406893,1,M2,0.228563631406893,scored,M1,0.336061896096669,0.107498264689776,0
misspec_primary_only_M2_outside_disorder_seed_0019,misspec_primary_only,M2_outside_disorder,M0,19,0.667418192591403,0.0649301305402277,1.08403361344538,2.37937846331206,0.408264234236031,NaN,0.667418192591403,0,0.667418192591403,0,M2,0.339900861105276,scored,M1,0.447517397512211,0.107616536406935,0
misspec_primary_only_M2_outside_disorder_seed_0019,misspec_primary_only,M2_outside_disorder,M1,19,0.437517397512211,0.0235294168022713,0.671068427370949,1.67864582186525,0.264947535713984,NaN,0.437517397512211,1,0.447517397512211,1,M2,0.339900861105276,scored,M1,0.447517397512211,0.107616536406935,0
misspec_primary_only_M2_outside_disorder_seed_0019,misspec_primary_only,M2_outside_disorder,M2,19,0.319900861105276,0.00330992507158284,0.567827130852341,1.26949820548983,0.0950382771702818,NaN,0.319900861105276,2,0.339900861105276,1,M2,0.339900861105276,scored,M1,0.447517397512211,0.107616536406935,0
misspec_primary_only_M2_outside_disorder_seed_0020,misspec_primary_only,M2_outside_disorder,M0,20,0.647071297791659,0.0568454917141194,1.29051620648259,2.03415802852804,0.369477375725836,NaN,0.647071297791659,0,0.647071297791659,0,M2,0.323054499953125,scored,M1,0.428805910200083,0.105751410246959,0
misspec_primary_only_M2_outside_disorder_seed_0020,misspec_primary_only,M2_outside_disorder,M1,20,0.418805910200083,0.018715592951396,0.877551020408163,1.33342538708123,0.226160677203789,NaN,0.418805910200083,1,0.428805910200083,1,M2,0.323054499953125,scored,M1,0.428805910200083,0.105751410246959,0
misspec_primary_only_M2_outside_disorder_seed_0020,misspec_primary_only,M2_outside_disorder,M2,20,0.303054499953125,0.00222635354066057,0.774309723889556,0.924277770705803,0.0562514186600869,NaN,0.303054499953125,2,0.323054499953125,1,M2,0.323054499953125,scored,M1,0.428805910200083,0.105751410246959,0
misspec_primary_only_M2_outside_disorder_seed_0021,misspec_primary_only,M2_outside_disorder,M0,21,0.613902714445582,0.0727746105452373,0.82593037214886,2.30583644193754,0.443025789683732,NaN,0.613902714445582,0,0.613902714445582,0,M2,0.283349076642597,scored,M1,0.392557884377192,0.109208807734595,0
misspec_primary_only_M2_outside_disorder_seed_0021,misspec_primary_only,M2_outside_disorder,M1,21,0.382557884377192,0.0284858268288862,0.41296518607443,1.60510380049073,0.299709091161685,NaN,0.382557884377192,1,0.392557884377192,1,M2,0.283349076642597,scored,M1,0.392557884377192,0.109208807734595,0
misspec_primary_only_M2_outside_disorder_seed_0021,misspec_primary_only,M2_outside_disorder,M2,21,0.263349076642596,0.00508179244287702,0.309723889555823,1.19595618411531,0.129799832617983,NaN,0.263349076642596,2,0.283349076642597,1,M2,0.283349076642597,scored,M1,0.392557884377192,0.109208807734595,0
misspec_primary_only_M2_outside_disorder_seed_0022,misspec_primary_only,M2_outside_disorder,M0,22,0.597534014024858,0.066695066254427,0.929171668667467,2.11283962912422,0.409508018636785,NaN,0.597534014024858,0,0.597534014024858,0,M2,0.26930534890939,scored,M1,0.377260934600618,0.107955585691228,0
misspec_primary_only_M2_outside_disorder_seed_0022,misspec_primary_only,M2_outside_disorder,M1,22,0.367260934600618,0.0245497838263754,0.516206482593037,1.41210698767742,0.266191320114738,NaN,0.367260934600618,1,0.377260934600618,1,M2,0.26930534890939,scored,M1,0.377260934600618,0.107955585691228,0
misspec_primary_only_M2_outside_disorder_seed_0022,misspec_primary_only,M2_outside_disorder,M2,22,0.24930534890939,0.00365219352710133,0.41296518607443,1.00295937130199,0.0962820615710359,NaN,0.24930534890939,2,0.26930534890939,1,M2,0.26930534890939,scored,M1,0.377260934600618,0.107955585691228,0
misspec_primary_only_M2_outside_disorder_seed_0023,misspec_primary_only,M2_outside_disorder,M0,23,0.671443051464145,0.0732685366466764,1.03241296518607,2.40576782688768,0.449740107136264,NaN,0.671443051464145,0,0.671443051464145,0,M2,0.340773809682836,scored,M1,0.449981918655223,0.109208108972387,0
misspec_primary_only_M2_outside_disorder_seed_0023,misspec_primary_only,M2_outside_disorder,M1,23,0.439981918655223,0.0287471474492602,0.619447779111645,1.70503518544088,0.306423408614217,NaN,0.439981918655223,1,0.449981918655223,1,M2,0.340773809682836,scored,M1,0.449981918655223,0.109208108972387,0
misspec_primary_only_M2_outside_disorder_seed_0023,misspec_primary_only,M2_outside_disorder,M2,23,0.320773809682836,0.00534451058766845,0.516206482593037,1.29588756906545,0.136514150070515,NaN,0.320773809682836,2,0.340773809682836,1,M2,0.340773809682836,scored,M1,0.449981918655223,0.109208108972387,0
misspec_primary_only_M2_outside_disorder_seed_0024,misspec_primary_only,M2_outside_disorder,M0,24,0.621849192954567,0.0693828927020569,0.98079231692677,2.17374006849222,0.432921819629005,NaN,0.621849192954567,0,0.621849192954567,0,M2,0.29274727224056,scored,M1,0.401132430905919,0.108385158665359,0
misspec_primary_only_M2_outside_disorder_seed_0024,misspec_primary_only,M2_outside_disorder,M1,24,0.391132430905919,0.0263502450251884,0.567827130852341,1.47300742704542,0.289605121106958,NaN,0.391132430905919,1,0.401132430905919,1,M2,0.29274727224056,scored,M1,0.401132430905919,0.108385158665359,0
misspec_primary_only_M2_outside_disorder_seed_0024,misspec_primary_only,M2_outside_disorder,M2,24,0.27274727224056,0.004593508777652,0.464585834333733,1.06385981066999,0.119695862563256,NaN,0.27274727224056,2,0.29274727224056,1,M2,0.29274727224056,scored,M1,0.401132430905919,0.108385158665359,0
misspec_primary_only_M2_outside_disorder_seed_0025,misspec_primary_only,M2_outside_disorder,M0,25,0.574923062150713,0.0674188035386135,0.82593037214886,2.09302951070459,0.413821062306308,NaN,0.574923062150713,0,0.574923062150713,0,M2,0.246456792049082,scored,M1,0.354496037472764,0.108039245423682,0
misspec_primary_only_M2_outside_disorder_seed_0025,misspec_primary_only,M2_outside_disorder,M1,25,0.344496037472764,0.0249656306031433,0.41296518607443,1.39229686925778,0.270504363784261,NaN,0.344496037472764,1,0.354496037472764,1,M2,0.246456792049082,scored,M1,0.354496037472764,0.108039245423682,0
misspec_primary_only_M2_outside_disorder_seed_0025,misspec_primary_only,M2_outside_disorder,M2,25,0.226456792049082,0.00390072083896171,0.309723889555823,0.983149252882354,0.100595105240559,NaN,0.226456792049082,2,0.246456792049082,1,M2,0.246456792049082,scored,M1,0.354496037472764,0.108039245423682,0
misspec_primary_only_M2_outside_disorder_seed_0026,misspec_primary_only,M2_outside_disorder,M0,26,0.625412057357609,0.060970857796841,0.929171668667467,2.33913869617682,0.388143268661153,NaN,0.625412057357609,0,0.625412057357609,0,M2,0.299634051916529,scored,M1,0.406281677404491,0.106647625487962,0
misspec_primary_only_M2_outside_disorder_seed_0026,misspec_primary_only,M2_outside_disorder,M1,26,0.396281677404491,0.0211109743110322,0.516206482593037,1.63840605473001,0.244826570139106,NaN,0.396281677404491,1,0.406281677404491,1,M2,0.299634051916529,scored,M1,0.406281677404491,0.106647625487962,0
misspec_primary_only_M2_outside_disorder_seed_0026,misspec_primary_only,M2_outside_disorder,M2,26,0.279634051916529,0.00282930441828988,0.41296518607443,1.22925843835458,0.0749173115954039,NaN,0.279634051916529,2,0.299634051916529,1,M2,0.299634051916529,scored,M1,0.406281677404491,0.106647625487962,0
misspec_primary_only_M2_outside_disorder_seed_0027,misspec_primary_only,M2_outside_disorder,M0,27,0.709300636126534,0.0780393674599917,1.13565426170468,2.49031189767626,0.464022102694422,NaN,0.709300636126534,0,0.709300636126534,0,M2,0.376845276376255,scored,M1,0.486984556062127,0.110139279685872,0
misspec_primary_only_M2_outside_disorder_seed_0027,misspec_primary_only,M2_outside_disorder,M1,27,0.476984556062127,0.0318080837516055,0.722689075630252,1.78957925622945,0.320705404172375,NaN,0.476984556062127,1,0.486984556062127,1,M2,0.376845276376255,scored,M1,0.486984556062127,0.110139279685872,0
misspec_primary_only_M2_outside_disorder_seed_0027,misspec_primary_only,M2_outside_disorder,M2,27,0.356845276376255,0.00654310546304394,0.619447779111644,1.38043163985402,0.150796145628673,NaN,0.356845276376255,2,0.376845276376255,1,M2,0.376845276376255,scored,M1,0.486984556062127,0.110139279685872,0
misspec_primary_only_M2_outside_disorder_seed_0028,misspec_primary_only,M2_outside_disorder,M0,28,0.565333997934588,0.079475474745642,0.774309723889556,2.01103091327166,0.460531191954039,NaN,0.565333997934588,0,0.565333997934588,0,M2,0.232309438624996,scored,M1,0.342736581214229,0.110427142589233,0
misspec_primary_only_M2_outside_disorder_seed_0028,misspec_primary_only,M2_outside_disorder,M1,28,0.332736581214229,0.0326815177253523,0.361344537815127,1.31029827182486,0.317214493431992,NaN,0.332736581214229,1,0.342736581214229,1,M2,0.232309438624996,scored,M1,0.342736581214229,0.110427142589233,0
misspec_primary_only_M2_outside_disorder_seed_0028,misspec_primary_only,M2_outside_disorder,M2,28,0.212309438624996,0.00684081363006904,0.258103241296519,0.901150655449431,0.14730523488829,NaN,0.212309438624996,2,0.232309438624996,1,M2,0.232309438624996,scored,M1,0.342736581214229,0.110427142589233,0
misspec_primary_only_M2_outside_disorder_seed_0029,misspec_primary_only,M2_outside_disorder,M0,29,0.537398310401948,0.076564522432965,0.82593037214886,1.76329423784046,0.462905593864166,NaN,0.537398310401948,0,0.537398310401948,0,M2,0.205464059882426,scored,M1,0.315357299550813,0.109893239668387,0
misspec_primary_only_M2_outside_disorder_seed_0029,misspec_primary_only,M2_outside_disorder,M1,29,0.305357299550813,0.0308833771511241,0.41296518607443,1.06256159639365,0.319588895342119,NaN,0.305357299550813,1,0.315357299550813,1,M2,0.205464059882426,scored,M1,0.315357299550813,0.109893239668387,0
misspec_primary_only_M2_outside_disorder_seed_0029,misspec_primary_only,M2_outside_disorder,M2,29,0.185464059882426,0.00611047889753233,0.309723889555823,0.653413980018221,0.149679636798417,NaN,0.185464059882426,2,0.205464059882426,1,M2,0.205464059882426,scored,M1,0.315357299550813,0.109893239668387,0
misspec_primary_only_M2_outside_disorder_seed_0030,misspec_primary_only,M2_outside_disorder,M0,30,0.588616457402855,0.0843468903813031,1.03241296518607,1.781575406802,0.484827387697928,NaN,0.588616457402855,0,0.588616457402855,0,M2,0.253969730444927,scored,M1,0.36538034582389,0.111410615378963,0
misspec_primary_only_M2_outside_disorder_seed_0030,misspec_primary_only,M2_outside_disorder,M1,30,0.35538034582389,0.0362755436438006,0.619447779111645,1.08084276535519,0.341510689175881,NaN,0.35538034582389,1,0.36538034582389,1,M2,0.253969730444927,scored,M1,0.36538034582389,0.111410615378963,0
misspec_primary_only_M2_outside_disorder_seed_0030,misspec_primary_only,M2_outside_disorder,M2,30,0.233969730444927,0.00846789396905632,0.516206482593037,0.671695148979764,0.171601430632179,NaN,0.233969730444927,2,0.253969730444927,1,M2,0.253969730444927,scored,M1,0.36538034582389,0.111410615378963,0
misspec_primary_only_M2_outside_disorder_seed_0031,misspec_primary_only,M2_outside_disorder,M0,31,0.596759882661284,0.0667902512139958,0.877551020408163,2.16959158892464,0.416105430893056,NaN,0.596759882661284,0,0.596759882661284,0,M2,0.268557963887211,scored,M1,0.376508158464012,0.107950194576801,0
misspec_primary_only_M2_outside_disorder_seed_0031,misspec_primary_only,M2_outside_disorder,M1,31,0.366508158464012,0.0246876792398793,0.464585834333733,1.46885894747783,0.272788732371009,NaN,0.366508158464012,1,0.376508158464012,1,M2,0.268557963887211,scored,M1,0.376508158464012,0.107950194576801,0
misspec_primary_only_M2_outside_disorder_seed_0031,misspec_primary_only,M2_outside_disorder,M2,31,0.248557963887211,0.00380087116945894,0.361344537815125,1.0597113311024,0.102879473827307,NaN,0.248557963887211,2,0.268557963887211,1,M2,0.268557963887211,scored,M1,0.376508158464012,0.107950194576801,0
misspec_primary_only_M2_outside_disorder_seed_0032,misspec_primary_only,M2_outside_disorder,M0,32,0.563624887807169,0.0575384150389355,0.929171668667467,1.95758271897284,0.369226258055218,NaN,0.563624887807169,0,0.563624887807169,0,M2,0.239421068910049,scored,M1,0.345234735241948,0.105813666331899,0
misspec_primary_only_M2_outside_disorder_seed_0032,misspec_primary_only,M2_outside_disorder,M1,32,0.335234735241948,0.0191589863289209,0.516206482593037,1.25685007752603,0.225909559533171,NaN,0.335234735241948,1,0.345234735241948,1,M2,0.239421068910049,scored,M1,0.345234735241948,0.105813666331899,0
misspec_primary_only_M2_outside_disorder_seed_0032,misspec_primary_only,M2_outside_disorder,M2,32,0.219421068910049,0.00254523474830399,0.41296518607443,0.847702461150603,0.0560003009894692,NaN,0.219421068910049,2,0.239421068910049,1,M2,0.239421068910049,scored,M1,0.345234735241948,0.105813666331899,0
misspec_primary_only_M2_outside_disorder_seed_0033,misspec_primary_only,M2_outside_disorder,M0,33,0.571773733670479,0.0664325410954024,0.774309723889556,2.15158943615489,0.406380686144222,NaN,0.571773733670479,0,0.571773733670479,0,M2,0.243640657622758,scored,M1,0.351564710223288,0.107924052600531,0
misspec_primary_only_M2_outside_disorder_seed_0033,misspec_primary_only,M2_outside_disorder,M1,33,0.341564710223288,0.0244153706214492,0.361344537815127,1.45085679470808,0.263063987622175,NaN,0.341564710223288,1,0.351564710223288,1,M2,0.243640657622758,scored,M1,0.351564710223288,0.107924052600531,0
misspec_primary_only_M2_outside_disorder_seed_0033,misspec_primary_only,M2_outside_disorder,M2,33,0.223640657622758,0.00358084650356993,0.258103241296519,1.04170917833265,0.0931547290784728,NaN,0.223640657622758,2,0.243640657622758,1,M2,0.243640657622758,scored,M1,0.351564710223288,0.107924052600531,0
misspec_primary_only_M2_outside_disorder_seed_0034,misspec_primary_only,M2_outside_disorder,M0,34,0.644551979191185,0.0922451995490245,0.929171668667467,2.23378485561101,0.51684878227685,NaN,0.644551979191185,0,0.644551979191185,0,M2,0.307216636740325,scored,M1,0.419905276729307,0.112688639988982,0
misspec_primary_only_M2_outside_disorder_seed_0034,misspec_primary_only,M2_outside_disorder,M1,34,0.409905276729307,0.0413526710456967,0.516206482593037,1.53305221416421,0.373532083754803,NaN,0.409905276729307,1,0.419905276729307,1,M2,0.307216636740325,scored,M1,0.419905276729307,0.112688639988982,0
misspec_primary_only_M2_outside_disorder_seed_0034,misspec_primary_only,M2_outside_disorder,M2,34,0.287216636740325,0.0109889721509135,0.41296518607443,1.12390459778878,0.203622825211101,NaN,0.287216636740325,2,0.307216636740325,1,M2,0.307216636740325,scored,M1,0.419905276729307,0.112688639988982,0
misspec_primary_only_M2_outside_disorder_seed_0035,misspec_primary_only,M2_outside_disorder,M0,35,0.623904382501677,0.0474211247649876,1.18727490996399,2.10159030771717,0.316668613125408,NaN,0.623904382501677,0,0.623904382501677,0,M2,0.304628937756998,scored,M1,0.407851199860864,0.103222262103866,0
misspec_primary_only_M2_outside_disorder_seed_0035,misspec_primary_only,M2_outside_disorder,M1,35,0.397851199860864,0.0137156359037881,0.774309723889556,1.40085766627036,0.173351914603361,NaN,0.397851199860864,1,0.407851199860864,1,M2,0.304628937756998,scored,M1,0.407851199860864,0.103222262103866,0
misspec_primary_only_M2_outside_disorder_seed_0035,misspec_primary_only,M2_outside_disorder,M2,35,0.284628937756998,0.00228469277923807,0.671068427370948,0.991710049894934,0.00344265605965949,NaN,0.284628937756998,2,0.304628937756998,1,M2,0.304628937756998,scored,M1,0.407851199860864,0.103222262103866,0
misspec_primary_only_M2_outside_disorder_seed_0036,misspec_primary_only,M2_outside_disorder,M0,36,0.595142230784622,0.0490561499330186,1.08403361344538,2.03536217895365,0.323354041906599,NaN,0.595142230784622,0,0.595142230784622,0,M2,0.274839382673039,scored,M1,0.378631226462169,0.10379184378913,0
misspec_primary_only_M2_outside_disorder_seed_0036,misspec_primary_only,M2_outside_disorder,M1,36,0.368631226462169,0.0144350177085399,0.671068427370949,1.33462953750684,0.180037343384552,NaN,0.368631226462169,1,0.378631226462169,1,M2,0.274839382673039,scored,M1,0.378631226462169,0.10379184378913,0
misspec_primary_only_M2_outside_disorder_seed_0036,misspec_primary_only,M2_outside_disorder,M2,36,0.254839382673039,0.00186491121346209,0.567827130852341,0.925481921131413,0.0101280848408505,NaN,0.254839382673039,2,0.274839382673039,1,M2,0.274839382673039,scored,M1,0.378631226462169,0.10379184378913,0
misspec_primary_only_M2_outside_disorder_seed_0037,misspec_primary_only,M2_outside_disorder,M0,37,0.621672565153733,0.0999258242762574,0.82593037214886,2.16255173950289,0.547605451069325,NaN,0.621672565153733,0,0.621672565153733,0,M2,0.281847204559058,scored,M1,0.395799837348412,0.113952632789354,0
misspec_primary_only_M2_outside_disorder_seed_0037,misspec_primary_only,M2_outside_disorder,M1,37,0.385799837348412,0.0465812450860421,0.41296518607443,1.46181909805609,0.404288752547278,NaN,0.385799837348412,1,0.395799837348412,1,M2,0.281847204559058,scored,M1,0.395799837348412,0.113952632789354,0
misspec_primary_only_M2_outside_disorder_seed_0037,misspec_primary_only,M2_outside_disorder,M2,37,0.261847204559058,0.0136895605905161,0.309723889555823,1.05267148168066,0.234379494003576,NaN,0.261847204559058,2,0.281847204559058,1,M2,0.281847204559058,scored,M1,0.395799837348412,0.113952632789354,0
misspec_primary_only_M2_outside_disorder_seed_0038,misspec_primary_only,M2_outside_disorder,M0,38,0.645014148562046,0.0664914785609464,1.03241296518607,2.29613637591314,0.405769065715912,NaN,0.645014148562046,0,0.645014148562046,0,M2,0.316959756701805,scored,M1,0.42478841203831,0.107828655336505,0
misspec_primary_only_M2_outside_disorder_seed_0038,misspec_primary_only,M2_outside_disorder,M1,38,0.41478841203831,0.024440881933903,0.619447779111645,1.59540373446633,0.262452367193865,NaN,0.41478841203831,1,0.42478841203831,1,M2,0.316959756701805,scored,M1,0.42478841203831,0.107828655336505,0
misspec_primary_only_M2_outside_disorder_seed_0038,misspec_primary_only,M2_outside_disorder,M2,38,0.296959756701805,0.00379715234407411,0.516206482593037,1.1862561180909,0.0925431086501635,NaN,0.296959756701805,2,0.316959756701805,1,M2,0.316959756701805,scored,M1,0.42478841203831,0.107828655336505,0
misspec_primary_only_M2_outside_disorder_seed_0039,misspec_primary_only,M2_outside_disorder,M0,39,0.610460534844487,0.0582733461312596,1.08403361344538,2.05251551627483,0.377598744323717,NaN,0.610460534844487,0,0.610460534844487,0,M2,0.285973501376077,scored,M1,0.391899142566857,0.10592564119078,0
misspec_primary_only_M2_outside_disorder_seed_0039,misspec_primary_only,M2_outside_disorder,M1,39,0.381899142566857,0.0195514379964276,0.671068427370949,1.35178287482802,0.23428204580167,NaN,0.381899142566857,1,0.391899142566857,1,M2,0.285973501376077,scored,M1,0.391899142566857,0.10592564119078,0
misspec_primary_only_M2_outside_disorder_seed_0039,misspec_primary_only,M2_outside_disorder,M2,39,0.265973501376077,0.00271373669804911,0.567827130852341,0.942635258452592,0.0643727872579686,NaN,0.265973501376077,2,0.285973501376077,1,M2,0.285973501376077,scored,M1,0.391899142566857,0.10592564119078,0
misspec_primary_only_M2_outside_disorder_seed_0040,misspec_primary_only,M2_outside_disorder,M0,40,0.657682654023335,0.0719968199062992,1.23889555822329,2.04590102419181,0.446799858645037,NaN,0.657682654023335,0,0.657682654023335,0,M2,0.327477552518286,scored,M1,0.436485944125477,0.109008391607191,0
misspec_primary_only_M2_outside_disorder_seed_0040,misspec_primary_only,M2_outside_disorder,M1,40,0.426485944125477,0.0280042765310104,0.82593037214886,1.34516838274501,0.30348316012299,NaN,0.426485944125477,1,0.436485944125477,1,M2,0.327477552518286,scored,M1,0.436485944125477,0.109008391607191,0
misspec_primary_only_M2_outside_disorder_seed_0040,misspec_primary_only,M2_outside_disorder,M2,40,0.307477552518286,0.00500107439980977,0.722689075630252,0.936020766369581,0.133573901579288,NaN,0.307477552518286,2,0.327477552518286,1,M2,0.327477552518286,scored,M1,0.436485944125477,0.109008391607191,0
misspec_primary_secondary_M0_shifted_broadened_seed_0001,misspec_primary_secondary,M0_shifted_broadened,M0,1,0.183114894170801,0.00244369512036516,0.361344537815126,0.704212344493922,0.0266152491566974,0.191422150545227,0.18602243390185,0,0.18602243390185,0,M1,0.0531685297736237,scored,M0,0.18602243390185,0.132853904128226,0
misspec_primary_secondary_M0_shifted_broadened_seed_0001,misspec_primary_secondary,M0_shifted_broadened,M1,1,0.030710915750536,0.00471922647361098,0.0516206482593035,0.00347970304711533,0.11670144936535,0.0663040986736438,0.0431685297736237,1,0.0531685297736237,1,M1,0.0531685297736237,scored,M0,0.18602243390185,0.132853904128226,0
misspec_primary_secondary_M0_shifted_broadened_seed_0001,misspec_primary_secondary,M0_shifted_broadened,M2,1,0.148797814470005,0.0279672646576363,0.154861944777911,0.405667913328312,0.286610707909052,0.216935014468735,0.17264583446956,2,0.19264583446956,1,M1,0.0531685297736237,scored,M0,0.18602243390185,0.132853904128226,0
misspec_primary_secondary_M0_shifted_broadened_seed_0002,misspec_primary_secondary,M0_shifted_broadened,M0,2,0.185559102360986,0.00236313465527015,0.206482593037215,0.914843593453453,0.0390298493859358,0.175214618711557,0.181938533083686,0,0.181938533083686,0,M1,0.103846829905606,scored,M0,0.181938533083686,0.0780917031780802,0
misspec_primary_secondary_M0_shifted_broadened_seed_0002,misspec_primary_secondary,M0_shifted_broadened,M1,2,0.0913343749596301,0.00455637236154703,0.206482593037215,0.214110952006646,0.104286849136111,0.098512817662418,0.0938468299056059,1,0.103846829905606,1,M1,0.103846829905606,scored,M0,0.181938533083686,0.0780917031780802,0
misspec_primary_secondary_M0_shifted_broadened_seed_0002,misspec_primary_secondary,M0_shifted_broadened,M2,2,0.146111673082742,0.0275639587285761,0.309723889555823,0.195036664368781,0.274196107679813,0.22709304077759,0.174455151775939,2,0.194455151775939,1,M1,0.103846829905606,scored,M0,0.181938533083686,0.0780917031780802,0
misspec_primary_secondary_M0_shifted_broadened_seed_0003,misspec_primary_secondary,M0_shifted_broadened,M0,3,0.22769652345101,0.00206317056431273,0.567827130852341,0.747290388762203,0.00670635789369693,0.271286218099624,0.242952916578025,0,0.242952916578025,0,M1,0.0944576606507252,scored,M2,0.191787232235733,0.0973295715850073,0
misspec_primary_secondary_M0_shifted_broadened_seed_0003,misspec_primary_secondary,M0_shifted_broadened,M1,3,0.0619881375225888,0.007081070750889,0.154861944777912,0.0465577473153963,0.13661034062835,0.12618677503155,0.0844576606507252,1,0.0944576606507252,1,M1,0.0944576606507252,scored,M2,0.191787232235733,0.0973295715850073,0
misspec_primary_secondary_M0_shifted_broadened_seed_0003,misspec_primary_secondary,M0_shifted_broadened,M2,3,0.127313623348001,0.0332461469226563,0.0516206482593042,0.362589869060031,0.306519599172052,0.254381077312948,0.171787232235733,2,0.191787232235733,1,M1,0.0944576606507252,scored,M2,0.191787232235733,0.0973295715850073,0
misspec_primary_secondary_M0_shifted_broadened_seed_0004,misspec_primary_secondary,M0_shifted_broadened,M0,4,0.257110815450391,0.0159794443470168,0.464585834333734,0.845343342990054,0.196016166410851,0.307714883602887,0.274822239303765,0,0.274822239303765,0,M1,0.0737350006775898,scored,M2,0.144492793791858,0.0707577931142678,0
misspec_primary_secondary_M0_shifted_broadened_seed_0004,misspec_primary_secondary,M0_shifted_broadened,M1,4,0.0403311322590083,0.000820954384679535,0.0516206482593042,0.144610701543247,0.052699467888804,0.10719932774067,0.0637350006775898,1,0.0737350006775898,1,M1,0.0737350006775898,scored,M2,0.144492793791858,0.0707577931142678,0
misspec_primary_secondary_M0_shifted_broadened_seed_0004,misspec_primary_secondary,M0_shifted_broadened,M2,4,0.0704955287642783,0.00581878657871193,0.0516206482593035,0.26453691483218,0.117209790654898,0.224773428843076,0.124492793791858,2,0.144492793791858,1,M1,0.0737350006775898,scored,M2,0.144492793791858,0.0707577931142678,0
misspec_primary_secondary_M0_shifted_broadened_seed_0005,misspec_primary_secondary,M0_shifted_broadened,M0,5,0.313216452607067,0.00280975661665899,0.98079231692677,0.730039046732033,0.0409816926905223,0.217475668002648,0.27970717799552,0,0.27970717799552,0,M1,0.114349164378381,scored,M2,0.21707160640341,0.102722442025029,0
misspec_primary_secondary_M0_shifted_broadened_seed_0005,misspec_primary_secondary,M0_shifted_broadened,M1,5,0.135975602009864,0.00532792834376681,0.567827130852341,0.0293064052852264,0.102335005831525,0.0456143516341985,0.104349164378381,1,0.114349164378381,1,M1,0.114349164378381,scored,M2,0.21707160640341,0.102722442025029,0
misspec_primary_secondary_M0_shifted_broadened_seed_0005,misspec_primary_secondary,M0_shifted_broadened,M2,5,0.205203538588121,0.0289471008031204,0.464585834333733,0.379841211090201,0.272244264375227,0.181969446631805,0.19707160640341,2,0.21707160640341,1,M1,0.114349164378381,scored,M2,0.21707160640341,0.102722442025029,0
misspec_primary_secondary_M0_shifted_broadened_seed_0006,misspec_primary_secondary,M0_shifted_broadened,M0,6,0.184248552703265,0.00306727139707835,0.309723889555823,0.753496649329161,0.0516376112945809,0.206959934587698,0.192197536362817,0,0.192197536362817,0,M1,0.0581642963385735,scored,M2,0.180939825368539,0.122775529029965,0
misspec_primary_secondary_M0_shifted_broadened_seed_0006,misspec_primary_secondary,M0_shifted_broadened,M1,6,0.0442970411770001,0.00396463521361137,0.103241296518607,0.0527640078823539,0.0916790872274661,0.0553463416386384,0.0481642963385735,1,0.0581642963385735,1,M1,0.0581642963385735,scored,M2,0.180939825368539,0.122775529029965,0
misspec_primary_secondary_M0_shifted_broadened_seed_0006,misspec_primary_secondary,M0_shifted_broadened,M2,6,0.146870693843871,0.0257567641935842,0.206482593037215,0.356383608493073,0.261588345771168,0.187068212485779,0.160939825368539,2,0.180939825368539,1,M1,0.0581642963385735,scored,M2,0.180939825368539,0.122775529029965,0
misspec_primary_secondary_M0_shifted_broadened_seed_0007,misspec_primary_secondary,M0_shifted_broadened,M0,7,0.319184036076796,0.00757700688592274,0.877551020408163,0.822596394098591,0.109972462916092,0.198784179381573,0.277044086233468,0,0.277044086233468,0,M1,0.103351730986685,scored,M2,0.187071560371911,0.0837198293852264,0
misspec_primary_secondary_M0_shifted_broadened_seed_0007,misspec_primary_secondary,M0_shifted_broadened,M1,7,0.116439374636175,0.000482019061534922,0.464585834333733,0.121863752651784,0.033344235605955,0.0504746784947739,0.0933517309866845,1,0.103351730986685,1,M1,0.103351730986685,scored,M2,0.187071560371911,0.0837198293852264,0
misspec_primary_secondary_M0_shifted_broadened_seed_0007,misspec_primary_secondary,M0_shifted_broadened,M2,7,0.15273026313028,0.0137615037725204,0.361344537815125,0.287283863723644,0.203253494149657,0.193705398106368,0.167071560371911,2,0.187071560371911,1,M1,0.103351730986685,scored,M2,0.187071560371911,0.0837198293852264,0
misspec_primary_secondary_M0_shifted_broadened_seed_0008,misspec_primary_secondary,M0_shifted_broadened,M0,8,0.316355152905857,0.00254051271261853,0.98079231692677,0.758909017567307,0.0339338701939875,0.205955178560114,0.277715161884847,0,0.277715161884847,0,M1,0.124881543938369,scored,M2,0.21834155816981,0.0934600142314411,0
misspec_primary_secondary_M0_shifted_broadened_seed_0008,misspec_primary_secondary,M0_shifted_broadened,M1,8,0.141181476074528,0.00496433847355193,0.567827130852341,0.0581763761204998,0.10938282832806,0.0660388128283594,0.114881543938369,1,0.124881543938369,1,M1,0.124881543938369,scored,M2,0.21834155816981,0.0934600142314411,0
misspec_primary_secondary_M0_shifted_broadened_seed_0008,misspec_primary_secondary,M0_shifted_broadened,M2,8,0.201622233670667,0.0283311354698337,0.464585834333733,0.350971240254927,0.279292086871761,0.192248875096791,0.19834155816981,2,0.21834155816981,1,M1,0.124881543938369,scored,M2,0.21834155816981,0.0934600142314411,0
misspec_primary_secondary_M0_shifted_broadened_seed_0009,misspec_primary_secondary,M0_shifted_broadened,M0,9,0.232438709369461,0.0026182005369149,0.464585834333734,0.896760153014433,0.0246561285472789,0.214143187487181,0.226035276710663,0,0.226035276710663,0,M1,0.0914862032136499,scored,M2,0.172192041585822,0.0807058383721726,0
misspec_primary_secondary_M0_shifted_broadened_seed_0009,misspec_primary_secondary,M0_shifted_broadened,M1,9,0.0600376795259326,0.00502067528542519,0.0516206482593042,0.196027511567626,0.118660569974768,0.121319175776553,0.0814862032136499,1,0.0914862032136499,1,M1,0.0914862032136499,scored,M2,0.172192041585822,0.0807058383721726,0
misspec_primary_secondary_M0_shifted_broadened_seed_0009,misspec_primary_secondary,M0_shifted_broadened,M2,9,0.0998663362998762,0.0285774332981496,0.0516206482593035,0.213120104807801,0.28856982851847,0.24936835140258,0.152192041585822,2,0.172192041585822,1,M1,0.0914862032136499,scored,M2,0.172192041585822,0.0807058383721726,0
misspec_primary_secondary_M0_shifted_broadened_seed_0010,misspec_primary_secondary,M0_shifted_broadened,M0,10,0.209443840939908,0.0054902569843756,0.41296518607443,0.717658582441426,0.10971258577747,0.35435133336886,0.260161463290041,0,0.260161463290041,0,M1,0.0799700450435832,scored,M2,0.204119202803909,0.124149157760326,0
misspec_primary_secondary_M0_shifted_broadened_seed_0010,misspec_primary_secondary,M0_shifted_broadened,M1,10,0.00843873192905136,0.00171844773634366,0,0.0169259409946194,0.0336041127445775,0.184242483684857,0.0699700450435832,1,0.0799700450435832,1,M1,0.0799700450435832,scored,M2,0.204119202803909,0.124149157760326,0
misspec_primary_secondary_M0_shifted_broadened_seed_0010,misspec_primary_secondary,M0_shifted_broadened,M2,10,0.119336615199791,0.0186561977914123,0.103241296518608,0.392221675380808,0.203513371288279,0.304429722640128,0.184119202803909,2,0.204119202803909,1,M1,0.0799700450435832,scored,M2,0.204119202803909,0.124149157760326,0
misspec_primary_secondary_M0_shifted_broadened_seed_0011,misspec_primary_secondary,M0_shifted_broadened,M0,11,0.272812547859034,0.00194809205253912,0.877551020408163,0.624221083882994,0.0179675677912192,0.284621349940372,0.276945628587502,0,0.276945628587502,0,M1,0.131936743634801,scored,M2,0.237386172058035,0.105449428423234,0
misspec_primary_secondary_M0_shifted_broadened_seed_0011,misspec_primary_secondary,M0_shifted_broadened,M1,11,0.126463581390767,0.00653462255964782,0.464585834333733,0.0765115575638133,0.125349130730828,0.113529759230865,0.121936743634801,1,0.131936743634801,1,M1,0.131936743634801,scored,M2,0.237386172058035,0.105449428423234,0
misspec_primary_secondary_M0_shifted_broadened_seed_0011,misspec_primary_secondary,M0_shifted_broadened,M2,11,0.205449398368928,0.0320857126476742,0.361344537815125,0.48565917393924,0.29525838927453,0.239554466052092,0.217386172058035,2,0.237386172058035,1,M1,0.131936743634801,scored,M2,0.237386172058035,0.105449428423234,0
misspec_primary_secondary_M0_shifted_broadened_seed_0012,misspec_primary_secondary,M0_shifted_broadened,M0,12,0.178619878238618,0.00532313228996796,0.258103241296519,0.731515703682958,0.0974020552125783,0.304279220007142,0.222600647857601,0,0.222600647857601,0,M1,0.0839702582259042,scored,M2,0.205979464478699,0.122009206252795,0
misspec_primary_secondary_M0_shifted_broadened_seed_0012,misspec_primary_secondary,M0_shifted_broadened,M1,12,0.0432490719698861,0.001544054364922,0.154861944777911,0.0307830622361508,0.0459146433094688,0.131023889844224,0.0739702582259042,1,0.0839702582259042,1,M1,0.0839702582259042,scored,M2,0.205979464478699,0.122009206252795,0
misspec_primary_secondary_M0_shifted_broadened_seed_0012,misspec_primary_secondary,M0_shifted_broadened,M2,12,0.149995624131146,0.0184934149459506,0.258103241296518,0.378364554139276,0.215823901853171,0.252806596552726,0.185979464478699,2,0.205979464478699,1,M1,0.0839702582259042,scored,M2,0.205979464478699,0.122009206252795,0
misspec_primary_secondary_M0_shifted_broadened_seed_0013,misspec_primary_secondary,M0_shifted_broadened,M0,13,0.179392193237352,0.00419929447944222,0.361344537815126,0.640365449973558,0.0597921395904799,0.164354512742,0.174129005063979,0,0.174129005063979,0,M1,0.0613016110449703,scored,M0,0.174129005063979,0.112827394019008,0
misspec_primary_secondary_M0_shifted_broadened_seed_0013,misspec_primary_secondary,M0_shifted_broadened,M1,13,0.0328776534737072,0.00193952252224836,0.0516206482593035,0.0603671914732486,0.0835245589315672,0.0855175322487445,0.0513016110449703,1,0.0613016110449703,1,M1,0.0613016110449703,scored,M0,0.174129005063979,0.112827394019008,0
misspec_primary_secondary_M0_shifted_broadened_seed_0013,misspec_primary_secondary,M0_shifted_broadened,M2,13,0.149463834449233,0.0200983033901184,0.154861944777911,0.469514807848676,0.253433817475269,0.230283163170586,0.177750599501707,2,0.197750599501707,1,M1,0.0613016110449703,scored,M0,0.174129005063979,0.112827394019008,0
misspec_primary_secondary_M0_shifted_broadened_seed_0014,misspec_primary_secondary,M0_shifted_broadened,M0,14,0.317512767619214,0.00452648695783244,0.82593037214886,0.929898875838535,0.0705241222316356,0.23817144077426,0.28974330322348,0,0.28974330322348,0,M1,0.126714728571544,scored,M2,0.184295250339964,0.0575805217684196,0
misspec_primary_secondary_M0_shifted_broadened_seed_0014,misspec_primary_secondary,M0_shifted_broadened,M1,14,0.128772158053226,0.00177059847203891,0.41296518607443,0.229166234391728,0.0727925762904114,0.0943223595341348,0.116714728571544,1,0.126714728571544,1,M1,0.126714728571544,scored,M2,0.184295250339964,0.0575805217684196,0
misspec_primary_secondary_M0_shifted_broadened_seed_0014,misspec_primary_secondary,M0_shifted_broadened,M2,14,0.135145335110303,0.0195961493529342,0.309723889555823,0.179981381983699,0.242701834834113,0.218430807195048,0.164295250339964,2,0.184295250339964,1,M1,0.126714728571544,scored,M2,0.184295250339964,0.0575805217684196,0
misspec_primary_secondary_M0_shifted_broadened_seed_0015,misspec_primary_secondary,M0_shifted_broadened,M0,15,0.311406166287624,0.00399913800194449,1.03241296518607,0.615639078012803,0.070520950316774,0.15981367978716,0.258348796012462,0,0.258348796012462,0,M1,0.138287723977332,scored,M2,0.248265214080081,0.109977490102748,0
misspec_primary_secondary_M0_shifted_broadened_seed_0015,misspec_primary_secondary,M0_shifted_broadened,M1,15,0.148728950969024,0.00231199680160732,0.619447779111645,0.0850935634340035,0.072795748205273,0.0903254452784759,0.128287723977332,1,0.138287723977332,1,M1,0.138287723977332,scored,M2,0.248265214080081,0.109977490102748,0
misspec_primary_secondary_M0_shifted_broadened_seed_0015,misspec_primary_secondary,M0_shifted_broadened,M2,15,0.22446761520542,0.021368781406104,0.516206482593037,0.494241179809431,0.242705006748975,0.23531789770445,0.228265214080081,2,0.248265214080081,1,M1,0.138287723977332,scored,M2,0.248265214080081,0.109977490102748,0
misspec_primary_secondary_M0_shifted_broadened_seed_0016,misspec_primary_secondary,M0_shifted_broadened,M0,16,0.449961045178704,0.00620000768758597,1.65186074429772,0.670090507653135,0.106502108849316,0.251349754518139,0.380447093447507,0,0.380447093447507,0,M1,0.213280626537141,scored,M2,0.31361629270291,0.10033566616577,0
misspec_primary_secondary_M0_shifted_broadened_seed_0016,misspec_primary_secondary,M0_shifted_broadened,M1,16,0.258300871545777,0.000806502762318017,1.23889555822329,0.0306421337936718,0.0368145896727307,0.101100171521101,0.203280626537141,1,0.213280626537141,1,M1,0.213280626537141,scored,M2,0.31361629270291,0.10033566616577,0
misspec_primary_secondary_M0_shifted_broadened_seed_0016,misspec_primary_secondary,M0_shifted_broadened,M2,16,0.33200170340563,0.0157876226137274,1.13565426170468,0.439789750169099,0.206723848216432,0.22232910139786,0.29361629270291,2,0.31361629270291,1,M1,0.213280626537141,scored,M2,0.31361629270291,0.10033566616577,0
misspec_primary_secondary_M0_shifted_broadened_seed_0017,misspec_primary_secondary,M0_shifted_broadened,M0,17,0.199156214004501,0.00467879499394285,0.464585834333734,0.616590437145779,0.0760738937927752,0.268279872333745,0.223349494419737,0,0.223349494419737,0,M1,0.0615340540107878,scored,M2,0.176358197620526,0.114824143609738,0
misspec_primary_secondary_M0_shifted_broadened_seed_0017,misspec_primary_secondary,M0_shifted_broadened,M1,17,0.0338340293895675,0.00160429676632351,0.0516206482593042,0.0841422043010276,0.0672428047292718,0.0844055283073398,0.0515340540107878,1,0.0615340540107878,1,M1,0.0615340540107878,scored,M2,0.176358197620526,0.114824143609738,0
misspec_primary_secondary_M0_shifted_broadened_seed_0017,misspec_primary_secondary,M0_shifted_broadened,M2,17,0.129404615211383,0.0190284059342167,0.0516206482593035,0.493289820676455,0.237152063272974,0.206414850666076,0.156358197620526,2,0.176358197620526,1,M1,0.0615340540107878,scored,M2,0.176358197620526,0.114824143609738,0
misspec_primary_secondary_M0_shifted_broadened_seed_0018,misspec_primary_secondary,M0_shifted_broadened,M0,18,0.273329942327321,0.00308138268599322,0.82593037214886,0.665547005383991,0.0451408383130286,0.188004593600505,0.243466070272936,0,0.243466070272936,0,M1,0.12177673909988,scored,M2,0.226112347499382,0.104335608399502,0
misspec_primary_secondary_M0_shifted_broadened_seed_0018,misspec_primary_secondary,M0_shifted_broadened,M1,18,0.103996602728708,0.00279868214609448,0.41296518607443,0.0351856360628159,0.0981758602090185,0.1262255637892,0.11177673909988,1,0.12177673909988,1,M1,0.12177673909988,scored,M2,0.226112347499382,0.104335608399502,0
misspec_primary_secondary_M0_shifted_broadened_seed_0018,misspec_primary_secondary,M0_shifted_broadened,M2,18,0.180328764492882,0.0230424618061463,0.309723889555823,0.444333252438243,0.26808511875272,0.253996144511454,0.206112347499382,2,0.226112347499382,1,M1,0.12177673909988,scored,M2,0.226112347499382,0.104335608399502,0
misspec_primary_secondary_M0_shifted_broadened_seed_0019,misspec_primary_secondary,M0_shifted_broadened,M0,19,0.498098185047976,0.00403603882612916,1.90996398559424,0.676772146288222,0.0838103104855396,0.218709192849557,0.40031203777853,0,0.40031203777853,0,M1,0.232161702659416,scored,M2,0.3349163621476,0.102754659488184,0
misspec_primary_secondary_M0_shifted_broadened_seed_0019,misspec_primary_secondary,M0_shifted_broadened,M1,19,0.313752286920473,0.00366498907449424,1.49699879951981,0.0239604951585853,0.0595063880365074,0.052064903317453,0.222161702659416,1,0.232161702659416,1,M1,0.232161702659416,scored,M2,0.3349163621476,0.102754659488184,0
misspec_primary_secondary_M0_shifted_broadened_seed_0019,misspec_primary_secondary,M0_shifted_broadened,M2,19,0.39020293316185,0.024145737688954,1.3937575030012,0.433108111534012,0.229415646580209,0.175098444549707,0.3149163621476,2,0.3349163621476,1,M1,0.232161702659416,scored,M2,0.3349163621476,0.102754659488184,0
misspec_primary_secondary_M0_shifted_broadened_seed_0020,misspec_primary_secondary,M0_shifted_broadened,M0,20,0.349221759388376,0.00166812817494409,1.29051620648259,0.592513092763694,0.00938326726554231,0.234151269061559,0.30894708777399,0,0.30894708777399,0,M1,0.178836547608302,scored,M2,0.285622447332809,0.106785899724507,0
misspec_primary_secondary_M0_shifted_broadened_seed_0020,misspec_primary_secondary,M0_shifted_broadened,M1,20,0.215124257519994,0.00658221289483739,0.877551020408163,0.108219548683112,0.133933431256505,0.0828736577723027,0.168836547608302,1,0.178836547608302,1,M1,0.178836547608302,scored,M2,0.285622447332809,0.106785899724507,0
misspec_primary_secondary_M0_shifted_broadened_seed_0020,misspec_primary_secondary,M0_shifted_broadened,M2,20,0.294214751313256,0.0323426566130664,0.774309723889556,0.51736716505854,0.303842689800207,0.212522454226263,0.265622447332808,2,0.285622447332809,1,M1,0.178836547608302,scored,M2,0.285622447332809,0.106785899724507,0
misspec_primary_secondary_M0_shifted_broadened_seed_0021,misspec_primary_secondary,M0_shifted_broadened,M0,21,0.291735151923113,0.00609582717265189,0.82593037214886,0.710084282417198,0.113256810296236,0.227857794249498,0.269378076737348,0,0.269378076737348,0,M1,0.111751675732709,scored,M2,0.211364347981447,0.0996126722487378,0
misspec_primary_secondary_M0_shifted_broadened_seed_0021,misspec_primary_secondary,M0_shifted_broadened,M1,21,0.0889683818449185,0.00092723050120434,0.41296518607443,0.00935164097039072,0.0300598882258114,0.125492078667178,0.101751675732709,1,0.111751675732709,1,M1,0.111751675732709,scored,M2,0.211364347981447,0.0996126722487378,0
misspec_primary_secondary_M0_shifted_broadened_seed_0021,misspec_primary_secondary,M0_shifted_broadened,M2,21,0.159921716132011,0.0160243397893284,0.309723889555823,0.399795975405036,0.199969146769513,0.2497578071304,0.191364347981447,2,0.211364347981447,1,M1,0.111751675732709,scored,M2,0.211364347981447,0.0996126722487378,0
misspec_primary_secondary_M0_shifted_broadened_seed_0022,misspec_primary_secondary,M0_shifted_broadened,M0,22,0.52062583707663,0.00333364199965873,1.90996398559424,0.849598779843006,0.0635093465433494,0.259280410445216,0.429154937755635,0,0.429154937755635,0,M1,0.275506831654229,scored,M2,0.350189600543054,0.0746827688888249,0
misspec_primary_secondary_M0_shifted_broadened_seed_0022,misspec_primary_secondary,M0_shifted_broadened,M1,22,0.33501597694181,0.0026303869632276,1.49699879951981,0.148866138396199,0.0798073519786977,0.136418418977294,0.265506831654229,1,0.275506831654229,1,M1,0.275506831654229,scored,M2,0.350189600543054,0.0746827688888249,0
misspec_primary_secondary_M0_shifted_broadened_seed_0022,misspec_primary_secondary,M0_shifted_broadened,M2,22,0.366488201086337,0.0224739744217054,1.3937575030012,0.260281477979228,0.249716610522399,0.262777913819815,0.330189600543054,2,0.350189600543054,1,M1,0.275506831654229,scored,M2,0.350189600543054,0.0746827688888249,0
misspec_primary_secondary_M0_shifted_broadened_seed_0023,misspec_primary_secondary,M0_shifted_broadened,M0,23,0.307487121479689,0.00691834727243459,1.03241296518607,0.532660663771307,0.117641701603738,0.243323857162702,0.285029978968744,0,0.285029978968744,0,M1,0.126178843944831,scored,M2,0.226216706651118,0.100037862706287,0
misspec_primary_secondary_M0_shifted_broadened_seed_0023,misspec_primary_secondary,M0_shifted_broadened,M1,23,0.153315828143297,0.000728452263793054,0.619447779111645,0.1680719776755,0.0256749969183095,0.0472101590048215,0.116178843944831,1,0.126178843944831,1,M1,0.126178843944831,scored,M2,0.226216706651118,0.100037862706287,0
misspec_primary_secondary_M0_shifted_broadened_seed_0023,misspec_primary_secondary,M0_shifted_broadened,M2,23,0.226659048738214,0.0149943495853323,0.516206482593037,0.577219594050927,0.195584255462011,0.168252357060796,0.206216706651118,2,0.226216706651118,1,M1,0.126178843944831,scored,M2,0.226216706651118,0.100037862706287,0
misspec_primary_secondary_M0_shifted_broadened_seed_0024,misspec_primary_secondary,M0_shifted_broadened,M0,24,0.317520540032036,0.00543523109768409,0.877551020408163,0.828184371404356,0.100433764606054,0.271498135422039,0.301412698418537,0,0.301412698418537,0,M1,0.115898959409163,scored,M2,0.192141423625181,0.0762424642160181,0
misspec_primary_secondary_M0_shifted_broadened_seed_0024,misspec_primary_secondary,M0_shifted_broadened,M1,24,0.119239461329263,0.00154418976296985,0.464585834333733,0.127451729957549,0.0428829339159928,0.0811237415575485,0.105898959409163,1,0.115898959409163,1,M1,0.115898959409163,scored,M2,0.192141423625181,0.0762424642160181,0
misspec_primary_secondary_M0_shifted_broadened_seed_0024,misspec_primary_secondary,M0_shifted_broadened,M2,24,0.155593361205163,0.0183024836210049,0.361344537815125,0.281695886417878,0.212792192459695,0.202873539548071,0.172141423625181,2,0.192141423625181,1,M1,0.115898959409163,scored,M2,0.192141423625181,0.0762424642160181,0
misspec_primary_secondary_M0_shifted_broadened_seed_0025,misspec_primary_secondary,M0_shifted_broadened,M0,25,0.242392601397928,0.00414702263707223,0.619447779111644,0.70363967317106,0.0725572218760239,0.254459849351322,0.246616138181616,0,0.246616138181616,0,M1,0.0657270745159678,scored,M2,0.166292927711005,0.100565853195037,0
misspec_primary_secondary_M0_shifted_broadened_seed_0025,misspec_primary_secondary,M0_shifted_broadened,M1,25,0.053464614772446,0.0022362398189232,0.206482593037215,0.002907031724253,0.0707594766460232,0.0599287854682225,0.0557270745159678,1,0.0657270745159678,1,M1,0.0657270745159678,scored,M2,0.166292927711005,0.100565853195037,0
misspec_primary_secondary_M0_shifted_broadened_seed_0025,misspec_primary_secondary,M0_shifted_broadened,M2,25,0.12820531913764,0.0210413237155673,0.103241296518607,0.406240584651174,0.240668735189725,0.179884200775825,0.146292927711005,2,0.166292927711005,1,M1,0.0657270745159678,scored,M2,0.166292927711005,0.100565853195037,0
misspec_primary_secondary_M0_shifted_broadened_seed_0026,misspec_primary_secondary,M0_shifted_broadened,M0,26,0.238428475391729,0.00233709404966929,0.671068427370949,0.65961997181494,0.0273549808030901,0.288875211237305,0.256084832937681,0,0.256084832937681,0,M1,0.112065466014968,scored,M2,0.216660543773997,0.10459507775903,0
misspec_primary_secondary_M0_shifted_broadened_seed_0026,misspec_primary_secondary,M0_shifted_broadened,M1,26,0.0773118066766474,0.00426000062943997,0.258103241296519,0.0411126696318671,0.115961717718957,0.148036547643277,0.102065466014968,1,0.112065466014968,1,M1,0.112065466014968,scored,M2,0.216660543773997,0.10459507775903,0
misspec_primary_secondary_M0_shifted_broadened_seed_0026,misspec_primary_secondary,M0_shifted_broadened,M2,26,0.154850586136738,0.0269170156813251,0.154861944777911,0.450260286007294,0.285870976262659,0.274307607957479,0.196660543773997,2,0.216660543773997,1,M1,0.112065466014968,scored,M2,0.216660543773997,0.10459507775903,0
misspec_primary_secondary_M0_shifted_broadened_seed_0027,misspec_primary_secondary,M0_shifted_broadened,M0,27,0.298816476018562,0.00896590099692668,0.619447779111644,0.98755082755706,0.148742303761402,0.265858526710114,0.287281193760605,0,0.287281193760605,0,M1,0.0808623800750582,scored,M2,0.108257697038751,0.0273953169636927,0
misspec_primary_secondary_M0_shifted_broadened_seed_0027,misspec_primary_secondary,M0_shifted_broadened,M1,27,0.0853216490784418,0.000377123537115111,0.206482593037215,0.286818186110253,0.00542560523935526,0.0440094519259174,0.0708623800750583,1,0.0808623800750582,1,M1,0.0808623800750582,scored,M2,0.108257697038751,0.0273953169636927,0
misspec_primary_secondary_M0_shifted_broadened_seed_0027,misspec_primary_secondary,M0_shifted_broadened,M2,27,0.0698074119553588,0.0122743802324187,0.103241296518607,0.122329430265174,0.164483653304347,0.122522512193622,0.0882576970387509,2,0.108257697038751,1,M1,0.0808623800750582,scored,M2,0.108257697038751,0.0273953169636927,0
misspec_primary_secondary_M0_shifted_broadened_seed_0028,misspec_primary_secondary,M0_shifted_broadened,M0,28,0.139817075684486,0.00904388418924385,0.154861944777911,0.559725990738873,0.13575897348967,0.238945572545599,0.174512049585875,0,0.174512049585875,0,M1,0.076220784526001,scored,M0,0.174512049585875,0.0982912650598744,0
misspec_primary_secondary_M0_shifted_broadened_seed_0028,misspec_primary_secondary,M0_shifted_broadened,M1,28,0.0740472071392107,0.000283805037720534,0.258103241296518,0.141006650707934,0.00755772503237756,0.0516859996728973,0.066220784526001,1,0.076220784526001,1,M1,0.076220784526001,scored,M0,0.174512049585875,0.0982912650598744,0
misspec_primary_secondary_M0_shifted_broadened_seed_0028,misspec_primary_secondary,M0_shifted_broadened,M2,28,0.187328450916075,0.011832711508268,0.361344537815126,0.550154267083361,0.177466983576079,0.173470850558031,0.18247829079076,2,0.20247829079076,1,M1,0.076220784526001,scored,M0,0.174512049585875,0.0982912650598744,0
misspec_primary_secondary_M0_shifted_broadened_seed_0029,misspec_primary_secondary,M0_shifted_broadened,M0,29,0.210487632042278,0.0082836840031805,0.361344537815126,0.747528716647048,0.146317166537367,0.146863467586831,0.188219174482871,0,0.188219174482871,0,M1,0.0576078509607298,scored,M2,0.181688475078079,0.124080624117349,0
misspec_primary_secondary_M0_shifted_broadened_seed_0029,misspec_primary_secondary,M0_shifted_broadened,M1,29,0.0180680876730913,0.000548953077793082,0.0516206482593035,0.0467960752002407,0.00300046801531995,0.102467411352058,0.0476078509607298,1,0.0576078509607298,1,M1,0.0576078509607298,scored,M2,0.181688475078079,0.124080624117349,0
misspec_primary_secondary_M0_shifted_broadened_seed_0029,misspec_primary_secondary,M0_shifted_broadened,M2,29,0.116968866360739,0.0132148552992437,0.154861944777911,0.362351541175186,0.166908790528382,0.244739176981711,0.161688475078079,2,0.181688475078079,1,M1,0.0576078509607298,scored,M2,0.181688475078079,0.124080624117349,0
misspec_primary_secondary_M0_shifted_broadened_seed_0030,misspec_primary_secondary,M0_shifted_broadened,M0,30,0.242893832833678,0.0112008878644837,0.464585834333734,0.772504479030123,0.190003667867806,0.235588633363966,0.240337013019279,0,0.240337013019279,0,M1,0.0479452742891286,scored,M2,0.135739774971324,0.0877945006821954,0
misspec_primary_secondary_M0_shifted_broadened_seed_0030,misspec_primary_secondary,M0_shifted_broadened,M1,30,0.028389289574355,0.000592677766265581,0.0516206482593042,0.0717718375833165,0.046686969345759,0.0556921030451367,0.0379452742891286,1,0.0479452742891286,1,M1,0.0479452742891286,scored,M2,0.135739774971324,0.0877945006821954,0
misspec_primary_secondary_M0_shifted_broadened_seed_0030,misspec_primary_secondary,M0_shifted_broadened,M2,30,0.0844524221052342,0.0100771645097309,0.0516206482593035,0.337375778792111,0.123222289197943,0.173844858865491,0.115739774971324,2,0.135739774971324,1,M1,0.0479452742891286,scored,M2,0.135739774971324,0.0877945006821954,0
misspec_primary_secondary_M0_shifted_broadened_seed_0031,misspec_primary_secondary,M0_shifted_broadened,M0,31,0.233085280491433,0.00426977002604585,0.516206482593037,0.765943461205817,0.0854505318595364,0.252261562507681,0.23979697919712,0,0.23979697919712,0,M1,0.0642201895376391,scored,M2,0.153565619296161,0.089345429758522,0
misspec_primary_secondary_M0_shifted_broadened_seed_0031,misspec_primary_secondary,M0_shifted_broadened,M1,31,0.0404281955716679,0.00263677660943638,0.103241296518608,0.0652108197590102,0.0578661666625107,0.0798338926173,0.0542201895376391,1,0.0642201895376391,1,M1,0.0642201895376391,scored,M2,0.153565619296161,0.089345429758522,0
misspec_primary_secondary_M0_shifted_broadened_seed_0031,misspec_primary_secondary,M0_shifted_broadened,M2,31,0.0966035571243852,0.0216934477019815,0,0.343936796616417,0.227775425206212,0.202209449043745,0.133565619296161,2,0.153565619296161,1,M1,0.0642201895376391,scored,M2,0.153565619296161,0.089345429758522,0
misspec_primary_secondary_M0_shifted_broadened_seed_0032,misspec_primary_secondary,M0_shifted_broadened,M0,32,0.247773511899601,0.00216268406233528,0.671068427370949,0.730009132882178,0.0198474297461145,0.17623643515529,0.222735535039092,0,0.222735535039092,0,M1,0.0949171112224789,scored,M2,0.195635414897779,0.1007183036753,0
misspec_primary_secondary_M0_shifted_broadened_seed_0032,misspec_primary_secondary,M0_shifted_broadened,M1,32,0.077653104223664,0.0062411838653294,0.258103241296519,0.0292764914353708,0.123469268775933,0.0984074099345637,0.0849171112224789,1,0.0949171112224789,1,M1,0.0949171112224789,scored,M2,0.195635414897779,0.1007183036753,0
misspec_primary_secondary_M0_shifted_broadened_seed_0032,misspec_primary_secondary,M0_shifted_broadened,M2,32,0.147633788562307,0.0313479035355422,0.154861944777911,0.379871124940056,0.293378527319634,0.227638435235085,0.175635414897779,2,0.195635414897779,1,M1,0.0949171112224789,scored,M2,0.195635414897779,0.1007183036753,0
misspec_primary_secondary_M0_shifted_broadened_seed_0033,misspec_primary_secondary,M0_shifted_broadened,M0,33,0.258669992643349,0.00358352209487777,0.774309723889556,0.608571813661984,0.0715367651246737,0.257267604267342,0.258179156711746,0,0.258179156711746,0,M1,0.107821107342954,scored,M2,0.211145516099086,0.103324408756132,0
misspec_primary_secondary_M0_shifted_broadened_seed_0033,misspec_primary_secondary,M0_shifted_broadened,M1,33,0.0983234276044601,0.00292681172821071,0.361344537815127,0.0921608277848225,0.0717799333973734,0.0968882268573012,0.0978211073429545,1,0.107821107342954,1,M1,0.107821107342954,scored,M2,0.211145516099086,0.103324408756132,0
misspec_primary_secondary_M0_shifted_broadened_seed_0033,misspec_primary_secondary,M0_shifted_broadened,M2,33,0.174530834005805,0.0229210806626041,0.258103241296519,0.50130844416025,0.241689191941075,0.222001354272324,0.191145516099086,2,0.211145516099086,1,M1,0.107821107342954,scored,M2,0.211145516099086,0.103324408756132,0
misspec_primary_secondary_M0_shifted_broadened_seed_0034,misspec_primary_secondary,M0_shifted_broadened,M0,34,0.371582059511301,0.017508936486253,0.929171668667467,0.960336160917353,0.219618889313852,0.236571790412994,0.324328465326893,0,0.324328465326893,0,M1,0.122190750276877,scored,M2,0.151830455584299,0.0296397053074211,0
misspec_primary_secondary_M0_shifted_broadened_seed_0034,misspec_primary_secondary,M0_shifted_broadened,M1,34,0.154268290700802,0.00128227528568378,0.516206482593037,0.259603519470546,0.0763021907918047,0.0340467466324462,0.112190750276877,1,0.122190750276877,1,M1,0.122190750276877,scored,M2,0.151830455584299,0.0296397053074211,0
misspec_primary_secondary_M0_shifted_broadened_seed_0034,misspec_primary_secondary,M0_shifted_broadened,M2,34,0.121605345714456,0.00507926760210744,0.41296518607443,0.149544096904881,0.0936070677518971,0.150819945342577,0.131830455584299,2,0.151830455584299,1,M1,0.122190750276877,scored,M2,0.151830455584299,0.0296397053074211,0
misspec_primary_secondary_M0_shifted_broadened_seed_0035,misspec_primary_secondary,M0_shifted_broadened,M0,35,0.214985448831568,0.00172411798406208,0.516206482593037,0.690611888772428,0.0486020667004345,0.16044330030517,0.195895696847329,0,0.195895696847329,0,M1,0.0829451803934457,scored,M0,0.195895696847329,0.112950516453883,0
misspec_primary_secondary_M0_shifted_broadened_seed_0035,misspec_primary_secondary,M0_shifted_broadened,M1,35,0.057397425471798,0.0128864769670948,0.103241296518608,0.0101207526743791,0.191918765222482,0.101819582390791,0.0729451803934457,1,0.0829451803934457,1,M1,0.0829451803934457,scored,M0,0.195895696847329,0.112950516453883,0
misspec_primary_secondary_M0_shifted_broadened_seed_0035,misspec_primary_secondary,M0_shifted_broadened,M2,35,0.139722047420635,0.0451151769964722,0,0.419268369049806,0.361828023766183,0.253639324873166,0.17959309452902,2,0.19959309452902,1,M1,0.0829451803934457,scored,M0,0.195895696847329,0.112950516453883,0
misspec_primary_secondary_M0_shifted_broadened_seed_0036,misspec_primary_secondary,M0_shifted_broadened,M0,36,0.235003371014465,0.00148250654452338,0.671068427370949,0.635737632559548,0.0312519158938759,0.157617580104443,0.207918344195957,0,0.207918344195957,0,M1,0.111075226842358,scored,M0,0.207918344195957,0.0968431173535998,0
misspec_primary_secondary_M0_shifted_broadened_seed_0036,misspec_primary_secondary,M0_shifted_broadened,M1,36,0.0929560930162923,0.0108018025230224,0.258103241296519,0.0649950088872593,0.174568614415923,0.116153618233621,0.101075226842358,1,0.111075226842358,1,M1,0.111075226842358,scored,M0,0.207918344195957,0.0968431173535998,0
misspec_primary_secondary_M0_shifted_broadened_seed_0036,misspec_primary_secondary,M0_shifted_broadened,M2,36,0.174293973414093,0.0410570194503278,0.154861944777911,0.474142625262686,0.344477872959625,0.270383060803046,0.207925154000226,2,0.227925154000226,1,M1,0.111075226842358,scored,M0,0.207918344195957,0.0968431173535998,0
misspec_primary_secondary_M0_shifted_broadened_seed_0037,misspec_primary_secondary,M0_shifted_broadened,M0,37,0.170344208824893,0.0261084237817858,0.103241296518608,0.670961201097879,0.239983716437314,0.347639275606306,0.232397482198388,0,0.232397482198388,0,M1,0.144614673894393,scored,M0,0.232397482198388,0.0877828083039952,0
misspec_primary_secondary_M0_shifted_broadened_seed_0037,misspec_primary_secondary,M0_shifted_broadened,M1,37,0.124431205862869,0.00444828120926509,0.516206482593037,0.0297714403489278,0.0966670179152667,0.153526828810079,0.134614673894393,1,0.144614673894393,1,M1,0.144614673894393,scored,M0,0.232397482198388,0.0877828083039952,0
misspec_primary_secondary_M0_shifted_broadened_seed_0037,misspec_primary_secondary,M0_shifted_broadened,M2,37,0.201974083334911,0.00252066581932719,0.619447779111645,0.438919056724355,0.0732422406284351,0.265703064224666,0.224279226646325,2,0.244279226646325,1,M1,0.144614673894393,scored,M0,0.232397482198388,0.0877828083039952,0
misspec_primary_secondary_M0_shifted_broadened_seed_0038,misspec_primary_secondary,M0_shifted_broadened,M0,38,0.203601522015394,0.00399788423066334,0.41296518607443,0.73279942345415,0.0605975277803572,0.146068722915258,0.183465042330346,0,0.183465042330346,0,M1,0.0583915868807837,scored,M0,0.183465042330346,0.125073455449562,0
misspec_primary_secondary_M0_shifted_broadened_seed_0038,misspec_primary_secondary,M0_shifted_broadened,M1,38,0.0183101884078179,0.00218459099092598,0,0.0320667820073428,0.0827191707416899,0.10425704118772,0.0483915868807837,1,0.0583915868807837,1,M1,0.0583915868807837,scored,M0,0.183465042330346,0.125073455449562,0
misspec_primary_secondary_M0_shifted_broadened_seed_0038,misspec_primary_secondary,M0_shifted_broadened,M2,38,0.125617318833682,0.0210253399638779,0.103241296518608,0.377080834368084,0.252628429285392,0.249821667043426,0.169088840707092,2,0.189088840707092,1,M1,0.0583915868807837,scored,M0,0.183465042330346,0.125073455449562,0
misspec_primary_secondary_M0_shifted_broadened_seed_0039,misspec_primary_secondary,M0_shifted_broadened,M0,39,0.217575150748227,0.00211796236103387,0.361344537815126,0.946437940513236,0.0152104728513321,0.222385399237855,0.219258737719597,0,0.219258737719597,0,M1,0.0870459553279142,scored,M2,0.17163472427554,0.0845887689476258,0
misspec_primary_secondary_M0_shifted_broadened_seed_0039,misspec_primary_secondary,M0_shifted_broadened,M1,39,0.0692310477390876,0.00567037875331059,0.0516206482593035,0.245705299066429,0.128106225670715,0.091559355135735,0.0770459553279142,1,0.0870459553279142,1,M1,0.0870459553279142,scored,M2,0.17163472427554,0.0845887689476258,0
misspec_primary_secondary_M0_shifted_broadened_seed_0039,misspec_primary_secondary,M0_shifted_broadened,M2,39,0.115303018575526,0.0302239187828629,0.154861944777911,0.163442317308998,0.298015484214417,0.219107892004138,0.15163472427554,2,0.17163472427554,1,M1,0.0870459553279142,scored,M2,0.17163472427554,0.0845887689476258,0
misspec_primary_secondary_M0_shifted_broadened_seed_0040,misspec_primary_secondary,M0_shifted_broadened,M0,40,0.177198382087888,0.00660670409464119,0.309723889555823,0.613123126343818,0.1332118878522,0.25276916490542,0.203648156074024,0,0.203648156074024,0,M1,0.0582829027711327,scored,M2,0.167135744002555,0.108852841231422,0
misspec_primary_secondary_M0_shifted_broadened_seed_0040,misspec_primary_secondary,M0_shifted_broadened,M1,40,0.0359370582707876,0.00126330020228139,0.103241296518607,0.0876095151029891,0.0101048106698474,0.071210899700345,0.0482829027711327,1,0.0582829027711327,1,M1,0.0582829027711327,scored,M2,0.167135744002555,0.108852841231422,0
misspec_primary_secondary_M0_shifted_broadened_seed_0040,misspec_primary_secondary,M0_shifted_broadened,M2,40,0.151068541973367,0.0165126865242588,0.206482593037215,0.496757131478416,0.180014069213549,0.139831976342475,0.147135744002555,2,0.167135744002555,1,M1,0.0582829027711327,scored,M2,0.167135744002555,0.108852841231422,0
misspec_primary_secondary_M0_extra_shunt_seed_0001,misspec_primary_secondary,M0_extra_shunt,M0,1,0.10075973699596,0.000339179287251139,0.361344537815126,0.184704618576856,0.00410364668520707,0.0477036060077276,0.0821900911500788,0,0.0821900911500788,0,M0,0.0821900911500788,scored,M1,0.166512069029755,0.0843219778796763,0
misspec_primary_secondary_M0_extra_shunt_seed_0001,misspec_primary_secondary,M0_extra_shunt,M1,1,0.112929155367289,0.00863772901881988,0.0516206482593035,0.516028022869951,0.13921305183684,0.237451765831477,0.156512069029755,1,0.166512069029755,1,M0,0.0821900911500788,scored,M1,0.166512069029755,0.0843219778796763,0
misspec_primary_secondary_M0_extra_shunt_seed_0001,misspec_primary_secondary,M0_extra_shunt,M2,1,0.234481315785618,0.0367284687722951,0.154861944777911,0.925175639245378,0.309122310380542,0.390393642916675,0.289050630281488,2,0.309050630281488,1,M0,0.0821900911500788,scored,M1,0.166512069029755,0.0843219778796763,0
misspec_primary_secondary_M0_extra_shunt_seed_0002,misspec_primary_secondary,M0_extra_shunt,M0,2,0.00552334323482848,0.000330364514239396,0,0.016441964543285,0.0192791086414403,0.0928232560704751,0.0360783127273048,0,0.0360783127273048,0,M0,0.0360783127273048,scored,M1,0.202499465092738,0.166421152365433,0
misspec_primary_secondary_M0_extra_shunt_seed_0002,misspec_primary_secondary,M0_extra_shunt,M1,2,0.208089290773551,0.00849402708209063,0.41296518607443,0.684290676903522,0.124037589880607,0.163546931685515,0.192499465092738,1,0.202499465092738,1,M0,0.0360783127273048,scored,M1,0.202499465092738,0.166421152365433,0
misspec_primary_secondary_M0_extra_shunt_seed_0002,misspec_primary_secondary,M0_extra_shunt,M2,2,0.329465673262599,0.0362332109770063,0.516206482593037,1.09343829327895,0.293946848424309,0.314966240062228,0.324390871642469,2,0.344390871642469,1,M0,0.0360783127273048,scored,M1,0.202499465092738,0.166421152365433,0
misspec_primary_secondary_M0_extra_shunt_seed_0003,misspec_primary_secondary,M0_extra_shunt,M0,3,0.12884361015655,0.000407654541892757,0.567827130852341,0.0873077227733437,0.0131879886608894,0.152716108260691,0.137198984492999,0,0.137198984492999,0,M0,0.137198984492999,scored,M1,0.195291235039879,0.0580922505468798,0
misspec_primary_secondary_M0_extra_shunt_seed_0003,misspec_primary_secondary,M0_extra_shunt,M1,3,0.152248329592178,0.0115729995162708,0.154861944777912,0.613424918673463,0.156504687182936,0.246656630871324,0.185291235039879,1,0.195291235039879,1,M0,0.137198984492999,scored,M1,0.195291235039879,0.0580922505468798,0
misspec_primary_secondary_M0_extra_shunt_seed_0003,misspec_primary_secondary,M0_extra_shunt,M2,3,0.233983219160834,0.0426222347852875,0.0516206482593042,1.02257253504889,0.326413945726638,0.376991640382646,0.284036166588468,2,0.304036166588468,1,M0,0.137198984492999,scored,M1,0.195291235039879,0.0580922505468798,0
misspec_primary_secondary_M0_extra_shunt_seed_0004,misspec_primary_secondary,M0_extra_shunt,M0,4,0.139204760725421,0.0111733964897359,0.464585834333734,0.0952307244555458,0.176108579636496,0.157173366103231,0.145493772607655,0,0.145493772607655,0,M1,0.125916534703215,scored,M0,0.145493772607655,0.0195772379044396,1
misspec_primary_secondary_M0_extra_shunt_seed_0004,misspec_primary_secondary,M0_extra_shunt,M1,4,0.106533682284761,0.000930965834087427,0.0516206482593042,0.605501916991261,0.0327918811144493,0.133341832051772,0.115916534703215,1,0.125916534703215,1,M1,0.125916534703215,scored,M0,0.145493772607655,0.0195772379044396,1
misspec_primary_secondary_M0_extra_shunt_seed_0004,misspec_primary_secondary,M0_extra_shunt,M2,4,0.188014592298345,0.00985085205418708,0.0516206482593035,1.01464953336669,0.137117377429253,0.252717339503322,0.210660553820087,2,0.230660553820087,1,M1,0.125916534703215,scored,M0,0.145493772607655,0.0195772379044396,1
misspec_primary_secondary_M0_extra_shunt_seed_0005,misspec_primary_secondary,M0_extra_shunt,M0,5,0.107574891364537,0.000606487941598266,0.309723889555823,0.278979940853739,0.0231991890300867,0.104328614678133,0.106438694524296,0,0.106438694524296,0,M0,0.106438694524296,scored,M1,0.131341562457667,0.0249028679333711,0
misspec_primary_secondary_M0_extra_shunt_seed_0005,misspec_primary_secondary,M0_extra_shunt,M1,5,0.106444318568053,0.00903105550315511,0.103241296518607,0.421752700593068,0.12011750949196,0.149007872538378,0.121341562457667,1,0.131341562457667,1,M0,0.106438694524296,scored,M1,0.131341562457667,0.0249028679333711,0
misspec_primary_secondary_M0_extra_shunt_seed_0005,misspec_primary_secondary,M0_extra_shunt,M2,5,0.228107804738415,0.0373444467606959,0.206482593037215,0.830900316968495,0.290026768035662,0.298663260594079,0.252802214287897,2,0.272802214287897,1,M0,0.106438694524296,scored,M1,0.131341562457667,0.0249028679333711,0
misspec_primary_secondary_M0_extra_shunt_seed_0006,misspec_primary_secondary,M0_extra_shunt,M0,6,0.0881933070886923,0.000633732205744853,0.309723889555823,0.140295732597296,0.0325820212337403,0.084802346934286,0.0870064710346501,0,0.0870064710346501,0,M0,0.0870064710346501,scored,M1,0.149278674624153,0.0622722035895027,0
misspec_primary_secondary_M0_extra_shunt_seed_0006,misspec_primary_secondary,M0_extra_shunt,M1,6,0.125023956431175,0.00739991841356152,0.103241296518607,0.560436908849511,0.110734677288307,0.165751722696826,0.139278674624153,1,0.149278674624153,1,M0,0.0870064710346501,scored,M1,0.149278674624153,0.0622722035895027,0
misspec_primary_secondary_M0_extra_shunt_seed_0006,misspec_primary_secondary,M0_extra_shunt,M2,6,0.245759650738309,0.033857725944649,0.206482593037215,0.969584525224938,0.280643935832009,0.311742582114399,0.268853676719941,2,0.288853676719941,1,M0,0.0870064710346501,scored,M1,0.149278674624153,0.0622722035895027,0
misspec_primary_secondary_M0_extra_shunt_seed_0007,misspec_primary_secondary,M0_extra_shunt,M0,7,0.139094506124812,0.00410143721703343,0.464585834333734,0.210343630039437,0.0838338409575554,0.0237335805581633,0.0987181821764852,0,0.0987181821764852,0,M0,0.0987181821764852,scored,M1,0.150423495061098,0.0517053128846132,0
misspec_primary_secondary_M0_extra_shunt_seed_0007,misspec_primary_secondary,M0_extra_shunt,M1,7,0.0940543924925576,0.00249896498983505,0.0516206482593042,0.49038901140737,0.0594828575644917,0.226537542688389,0.140423495061098,1,0.150423495061098,1,M0,0.0987181821764852,scored,M1,0.150423495061098,0.0517053128846132,0
misspec_primary_secondary_M0_extra_shunt_seed_0007,misspec_primary_secondary,M0_extra_shunt,M2,7,0.189755342433375,0.0201838023957308,0.0516206482593035,0.899536627782797,0.229392116108194,0.371862474962288,0.253492838818494,2,0.273492838818494,1,M0,0.0987181821764852,scored,M1,0.150423495061098,0.0517053128846132,0
misspec_primary_secondary_M0_extra_shunt_seed_0008,misspec_primary_secondary,M0_extra_shunt,M0,8,0.21969980162834,0.000432641796045838,0.929171668667467,0.208438913423808,0.0158887332216823,0.0898238160097889,0.174243206661847,0,0.174243206661847,0,M0,0.174243206661847,scored,M1,0.197417733367662,0.0231745267058155,0
misspec_primary_secondary_M0_extra_shunt_seed_0008,misspec_primary_secondary,M0_extra_shunt,M1,8,0.200625237194746,0.00885137335526811,0.516206482593037,0.492293728022999,0.127427965300365,0.162889511974507,0.187417733367662,1,0.197417733367662,1,M0,0.174243206661847,scored,M1,0.197417733367662,0.0231745267058155,0
misspec_primary_secondary_M0_extra_shunt_seed_0008,misspec_primary_secondary,M0_extra_shunt,M2,8,0.280893640128797,0.0369676353550741,0.41296518607443,0.901441344398426,0.297337223844067,0.31178657226495,0.291706166376451,2,0.311706166376451,1,M0,0.174243206661847,scored,M1,0.197417733367662,0.0231745267058155,0
misspec_primary_secondary_M0_extra_shunt_seed_0009,misspec_primary_secondary,M0_extra_shunt,M0,9,0.0738600688722154,0.000391247857696443,0.206482593037215,0.213425080293737,0.00236109527909104,0.14802237911989,0.0998168774589016,0,0.0998168774589016,0,M0,0.0998168774589016,scored,M1,0.167146063587828,0.0673291861289262,0
misspec_primary_secondary_M0_extra_shunt_seed_0009,misspec_primary_secondary,M0_extra_shunt,M1,9,0.139947379291288,0.00882277204888164,0.206482593037215,0.48730756115307,0.140955603242956,0.189086477281403,0.157146063587828,1,0.167146063587828,1,M0,0.0998168774589016,scored,M1,0.167146063587828,0.0673291861289262,0
misspec_primary_secondary_M0_extra_shunt_seed_0009,misspec_primary_secondary,M0_extra_shunt,M2,9,0.2616436482425,0.0372017288681247,0.309723889555823,0.896455177528497,0.310864861786658,0.31932134462647,0.28183084197689,2,0.30183084197689,1,M0,0.0998168774589016,scored,M1,0.167146063587828,0.0673291861289262,0
misspec_primary_secondary_M0_extra_shunt_seed_0010,misspec_primary_secondary,M0_extra_shunt,M0,10,0.11450182685333,0.00237429009346126,0.206482593037215,0.384337858911678,0.0957832290827007,0.303638459452765,0.180699648263133,0,0.180699648263133,0,M1,0.155894277016532,scored,M0,0.180699648263133,0.024805371246601,0
misspec_primary_secondary_M0_extra_shunt_seed_0010,misspec_primary_secondary,M0_extra_shunt,M1,10,0.0979377735389991,0.00410403427076969,0.206482593037215,0.316394782535129,0.0475334694393464,0.234956354903378,0.145894277016532,1,0.155894277016532,1,M1,0.155894277016532,scored,M0,0.180699648263133,0.024805371246601,0
misspec_primary_secondary_M0_extra_shunt_seed_0010,misspec_primary_secondary,M0_extra_shunt,M2,10,0.216093481918687,0.0254018699469632,0.309723889555823,0.725542398910556,0.217442727983048,0.356891938210627,0.265372941620866,2,0.285372941620866,1,M1,0.155894277016532,scored,M0,0.180699648263133,0.024805371246601,0
misspec_primary_secondary_M0_extra_shunt_seed_0011,misspec_primary_secondary,M0_extra_shunt,M0,11,0.213795064554253,0.000315958935940499,0.877551020408163,0.252669527672255,0.00150967902541103,0.1739971540718,0.199865795885394,0,0.199865795885394,0,M0,0.199865795885394,scored,M1,0.210308027303213,0.0104422314178189,1
misspec_primary_secondary_M0_extra_shunt_seed_0011,misspec_primary_secondary,M0_extra_shunt,M1,11,0.187357207520876,0.0110132339116554,0.464585834333733,0.448063113774552,0.144826377547458,0.224359549756126,0.200308027303213,1,0.210308027303213,1,M0,0.199865795885394,scored,M1,0.210308027303213,0.0104422314178189,1
misspec_primary_secondary_M0_extra_shunt_seed_0011,misspec_primary_secondary,M0_extra_shunt,M2,11,0.26876685384296,0.0414119826875273,0.361344537815125,0.857210730149979,0.31473563609116,0.353779911540479,0.298521424037091,2,0.318521424037091,1,M0,0.199865795885394,scored,M1,0.210308027303213,0.0104422314178189,1
misspec_primary_secondary_M0_extra_shunt_seed_0012,misspec_primary_secondary,M0_extra_shunt,M0,12,0.0796162339090758,0.00214213272321213,0.103241296518607,0.305208104847338,0.0807712834443172,0.214811641683786,0.126934626630224,0,0.126934626630224,0,M0,0.126934626630224,scored,M1,0.173481746731711,0.0465471201014867,0
misspec_primary_secondary_M0_extra_shunt_seed_0012,misspec_primary_secondary,M0_extra_shunt,M1,12,0.132629268135979,0.00394799494646948,0.309723889555823,0.395524536599469,0.0625454150777298,0.220779206980928,0.163481746731711,1,0.173481746731711,1,M0,0.126934626630224,scored,M1,0.173481746731711,0.0465471201014867,0
misspec_primary_secondary_M0_extra_shunt_seed_0012,misspec_primary_secondary,M0_extra_shunt,M2,12,0.250825197412463,0.0253262724162546,0.41296518607443,0.804672152974896,0.232454673621432,0.344444066851397,0.28359180171609,2,0.30359180171609,1,M0,0.126934626630224,scored,M1,0.173481746731711,0.0465471201014867,0
misspec_primary_secondary_M0_extra_shunt_seed_0013,misspec_primary_secondary,M0_extra_shunt,M0,13,0.0420705296220385,0.00185833539450361,0.154861944777911,0.0393532066158369,0.0284399465121927,0.0767129605837937,0.0541953804586528,0,0.0541953804586528,0,M0,0.0541953804586528,scored,M1,0.181998510418175,0.127803129959522,0
misspec_primary_secondary_M0_extra_shunt_seed_0013,misspec_primary_secondary,M0_extra_shunt,M1,13,0.170787170570968,0.00545618857108039,0.258103241296518,0.66137943483097,0.114876752009854,0.174248141562989,0.171998510418175,1,0.181998510418175,1,M0,0.0541953804586528,scored,M1,0.181998510418175,0.127803129959522,0
misspec_primary_secondary_M0_extra_shunt_seed_0013,misspec_primary_secondary,M0_extra_shunt,M2,13,0.289738675998352,0.0283456183426685,0.361344537815126,1.0705270512064,0.284786010553556,0.321134228516802,0.30072711937981,2,0.32072711937981,1,M0,0.0541953804586528,scored,M1,0.181998510418175,0.127803129959522,0
misspec_primary_secondary_M0_extra_shunt_seed_0014,misspec_primary_secondary,M0_extra_shunt,M0,14,0.197693822779143,0.00156792144283531,0.82593037214886,0.164928945898252,0.0465629716214357,0.149366242419199,0.180779169653162,0,0.180779169653162,0,M0,0.180779169653162,scored,M1,0.19129581223171,0.0105166425785478,1
misspec_primary_secondary_M0_extra_shunt_seed_0014,misspec_primary_secondary,M0_extra_shunt,M1,14,0.179772916156311,0.00459253114810085,0.41296518607443,0.535803695548555,0.0967537269006114,0.184124047800308,0.18129581223171,1,0.19129581223171,1,M0,0.180779169653162,scored,M1,0.19129581223171,0.0105166425785478,1
misspec_primary_secondary_M0_extra_shunt_seed_0014,misspec_primary_secondary,M0_extra_shunt,M2,14,0.25720383976046,0.0270338344881031,0.309723889555823,0.944951311923983,0.266662985444313,0.310301894317221,0.275788158855327,2,0.295788158855327,1,M0,0.180779169653162,scored,M1,0.19129581223171,0.0105166425785478,1
misspec_primary_secondary_M0_extra_shunt_seed_0015,misspec_primary_secondary,M0_extra_shunt,M0,15,0.185900291208458,0.00116936534118986,0.671068427370949,0.290638845667854,0.0500406414232987,0.0515202623892472,0.138867281121734,0,0.138867281121734,0,M0,0.138867281121734,scored,M1,0.178673186516076,0.0398059053943422,0
misspec_primary_secondary_M0_extra_shunt_seed_0015,misspec_primary_secondary,M0_extra_shunt,M1,15,0.129756949719124,0.00526164705633066,0.258103241296519,0.410093795778953,0.0932760570987483,0.240946197710416,0.168673186516076,1,0.178673186516076,1,M0,0.138867281121734,scored,M1,0.178673186516076,0.0398059053943422,0
misspec_primary_secondary_M0_extra_shunt_seed_0015,misspec_primary_secondary,M0_extra_shunt,M2,15,0.207793258898412,0.0289137215466105,0.154861944777911,0.81924141215438,0.26318531564245,0.387969491809352,0.270854940417241,2,0.290854940417241,1,M0,0.138867281121734,scored,M1,0.178673186516076,0.0398059053943422,0
misspec_primary_secondary_M0_extra_shunt_seed_0016,misspec_primary_secondary,M0_extra_shunt,M0,16,0.359217858940694,0.00286259696479686,1.65186074429772,0.0971185479340031,0.0856441960576794,0.122617224530921,0.276407636897274,0,0.276407636897274,0,M0,0.276407636897274,scored,M1,0.280963735126872,0.00455609822959835,1
misspec_primary_secondary_M0_extra_shunt_seed_0016,misspec_primary_secondary,M0_extra_shunt,M1,16,0.348512327849868,0.00308045361726962,1.23889555822329,0.603614093512804,0.0576725024643676,0.126944920069879,0.270963735126872,1,0.280963735126872,1,M0,0.276407636897274,scored,M1,0.280963735126872,0.00455609822959835,1
misspec_primary_secondary_M0_extra_shunt_seed_0016,misspec_primary_secondary,M0_extra_shunt,M2,16,0.424447523064972,0.0225303001791815,1.13565426170468,1.01276170988823,0.227581761008069,0.270749634106757,0.370653261929597,2,0.390653261929597,1,M0,0.276407636897274,scored,M1,0.280963735126872,0.00455609822959835,1
misspec_primary_secondary_M0_extra_shunt_seed_0017,misspec_primary_secondary,M0_extra_shunt,M0,17,0.0650268108495654,0.00176624520011452,0.154861944777911,0.169025142187427,0.0521168531054122,0.170827095199444,0.102056910372023,0,0.102056910372023,0,M0,0.102056910372023,scored,M1,0.195307896552821,0.0932509861807984,0
misspec_primary_secondary_M0_extra_shunt_seed_0017,misspec_primary_secondary,M0_extra_shunt,M1,17,0.209243496225411,0.00448393670708161,0.567827130852341,0.53170749925938,0.0911998454166348,0.14085606858944,0.185307896552821,1,0.195307896552821,1,M0,0.102056910372023,scored,M1,0.195307896552821,0.0932509861807984,0
misspec_primary_secondary_M0_extra_shunt_seed_0017,misspec_primary_secondary,M0_extra_shunt,M2,17,0.327778004527992,0.0265393722290613,0.671068427370949,0.940855115634807,0.261109103960337,0.264817917443551,0.305741974048438,2,0.325741974048438,1,M0,0.102056910372023,scored,M1,0.195307896552821,0.0932509861807984,0
misspec_primary_secondary_M0_extra_shunt_seed_0018,misspec_primary_secondary,M0_extra_shunt,M0,18,0.0901416088021655,0.00087310207828019,0.258103241296518,0.235431933151616,0.018464130206529,0.112317412275143,0.0979031400177075,0,0.0979031400177075,0,M0,0.0979031400177075,scored,M1,0.206708889109885,0.108805749092177,0
misspec_primary_secondary_M0_extra_shunt_seed_0018,misspec_primary_secondary,M0_extra_shunt,M1,18,0.226038448365391,0.00660354279919021,0.671068427370948,0.465300708295191,0.124852568315518,0.142239707635373,0.196708889109885,1,0.206708889109885,1,M0,0.0979031400177075,scored,M1,0.206708889109885,0.108805749092177,0
misspec_primary_secondary_M0_extra_shunt_seed_0018,misspec_primary_secondary,M0_extra_shunt,M2,18,0.346073158519815,0.0316593820248557,0.774309723889556,0.874448324670618,0.29476182685922,0.292927548026619,0.327472194847196,2,0.347472194847196,1,M0,0.0979031400177075,scored,M1,0.206708889109885,0.108805749092177,0
misspec_primary_secondary_M0_extra_shunt_seed_0019,misspec_primary_secondary,M0_extra_shunt,M0,19,0.416592843597715,0.00165043892207165,1.90996398559424,0.152946783014683,0.0722187304375294,0.126240800665971,0.314969628571605,0,0.314969628571605,0,M1,0.310697367892674,scored,M0,0.314969628571605,0.00427226067893077,1
misspec_primary_secondary_M0_extra_shunt_seed_0019,misspec_primary_secondary,M0_extra_shunt,M1,19,0.39563792710854,0.00681118645416496,1.49699879951981,0.547785858432124,0.0710979680845176,0.124379186491779,0.300697367892674,1,0.310697367892674,1,M1,0.310697367892674,scored,M0,0.314969628571605,0.00427226067893077,1
misspec_primary_secondary_M0_extra_shunt_seed_0019,misspec_primary_secondary,M0_extra_shunt,M2,19,0.474274835458268,0.0316644592853241,1.3937575030012,0.956933474807551,0.241007226628219,0.269866209554213,0.402731816391849,2,0.422731816391849,1,M1,0.310697367892674,scored,M0,0.314969628571605,0.00427226067893077,1
misspec_primary_secondary_M0_extra_shunt_seed_0020,misspec_primary_secondary,M0_extra_shunt,M0,20,0.289099203176574,0.000222758525044494,1.29051620648259,0.194446192789822,0.0114510246603958,0.0423254104709704,0.202728375729612,0,0.202728375729612,0,M0,0.202728375729612,scored,M1,0.268720229991852,0.0659918542622391,0
misspec_primary_secondary_M0_extra_shunt_seed_0020,misspec_primary_secondary,M0_extra_shunt,M1,20,0.280335551678632,0.0113344436421696,0.877551020408163,0.506286448656985,0.154767723182443,0.218577489716403,0.258720229991852,1,0.268720229991852,1,M0,0.202728375729612,scored,M1,0.268720229991852,0.0659918542622391,0
misspec_primary_secondary_M0_extra_shunt_seed_0020,misspec_primary_secondary,M0_extra_shunt,M2,20,0.361884088299313,0.0420109730152377,0.774309723889556,0.915434065032412,0.324676981726145,0.37114040737926,0.365123799977295,2,0.385123799977295,1,M0,0.202728375729612,scored,M1,0.268720229991852,0.0659918542622391,0
misspec_primary_secondary_M0_extra_shunt_seed_0021,misspec_primary_secondary,M0_extra_shunt,M0,21,0.0310495355536991,0.0028703963926426,0.0516206482593035,0.0341250110785179,0.0944763736249295,0.097092355961777,0.0541645226965264,0,0.0541645226965264,0,M0,0.0541645226965264,scored,M1,0.181654632206489,0.127490109509963,0
misspec_primary_secondary_M0_extra_shunt_seed_0021,misspec_primary_secondary,M0_extra_shunt,M1,21,0.181197728080675,0.00322325445567812,0.361344537815126,0.666607630368289,0.0488403248971176,0.153931739868714,0.171654632206489,1,0.181654632206489,1,M0,0.0541645226965264,scored,M1,0.181654632206489,0.127490109509963,0
misspec_primary_secondary_M0_extra_shunt_seed_0021,misspec_primary_secondary,M0_extra_shunt,M2,21,0.298441822621026,0.0226978624531975,0.464585834333734,1.07575524674372,0.218749583440819,0.300879416138321,0.299294980352079,2,0.319294980352079,1,M0,0.0541645226965264,scored,M1,0.181654632206489,0.127490109509963,0
misspec_primary_secondary_M0_extra_shunt_seed_0022,misspec_primary_secondary,M0_extra_shunt,M0,22,0.426699398796754,0.00088719378303738,1.90996398559424,0.251438238595232,0.0436484599806884,0.180431976217532,0.340505800894026,0,0.340505800894026,0,M1,0.336003501950378,scored,M0,0.340505800894026,0.00450229894364879,1
misspec_primary_secondary_M0_extra_shunt_seed_0022,misspec_primary_secondary,M0_extra_shunt,M1,22,0.384784859403794,0.00608140658178468,1.49699879951981,0.449294402851575,0.0996682385413587,0.216838123822605,0.326003501950378,1,0.336003501950378,1,M1,0.336003501950378,scored,M0,0.340505800894026,0.00450229894364879,1
misspec_primary_secondary_M0_extra_shunt_seed_0022,misspec_primary_secondary,M0_extra_shunt,M2,22,0.463255359557261,0.0306018630204231,1.3937575030012,0.858442019227002,0.269577497085061,0.345292798756125,0.421968463276863,2,0.441968463276863,1,M1,0.336003501950378,scored,M0,0.340505800894026,0.00450229894364879,1
misspec_primary_secondary_M0_extra_shunt_seed_0023,misspec_primary_secondary,M0_extra_shunt,M0,23,0.236931100609289,0.00334176671358661,1.03241296518607,0.0956118597481805,0.096238968353688,0.148734320674872,0.206062227632243,0,0.206062227632243,0,M1,0.204673891993011,scored,M0,0.206062227632243,0.00138833563923213,1
misspec_primary_secondary_M0_extra_shunt_seed_0023,misspec_primary_secondary,M0_extra_shunt,M1,23,0.223039057639309,0.00263945007386481,0.619447779111645,0.605120781698626,0.047077730168359,0.141995727221313,0.194673891993011,1,0.204673891993011,1,M1,0.204673891993011,scored,M0,0.206062227632243,0.00138833563923213,1
misspec_primary_secondary_M0_extra_shunt_seed_0023,misspec_primary_secondary,M0_extra_shunt,M2,23,0.298571620947612,0.0212840328221741,0.516206482593037,1.01426839807405,0.216986988712061,0.264950873930576,0.286804359491649,2,0.306804359491649,1,M1,0.204673891993011,scored,M0,0.206062227632243,0.00138833563923213,1
misspec_primary_secondary_M0_extra_shunt_seed_0024,misspec_primary_secondary,M0_extra_shunt,M0,24,0.249497832002537,0.00216196988718948,0.877551020408163,0.405234026168483,0.0808102603469165,0.166645402427408,0.220499481651242,0,0.220499481651242,0,M1,0.15727026129461,scored,M0,0.220499481651242,0.0632292203566323,0
misspec_primary_secondary_M0_extra_shunt_seed_0024,misspec_primary_secondary,M0_extra_shunt,M1,24,0.148538390531527,0.00384093129352494,0.464585834333733,0.295498615278324,0.0625064381751305,0.144915164140334,0.14727026129461,1,0.15727026129461,1,M1,0.15727026129461,scored,M0,0.220499481651242,0.0632292203566323,0
misspec_primary_secondary_M0_extra_shunt_seed_0024,misspec_primary_secondary,M0_extra_shunt,M2,24,0.225344985917203,0.0250335781965817,0.361344537815125,0.704646231653751,0.232415696718832,0.268573560777192,0.240474987118199,2,0.260474987118199,1,M1,0.15727026129461,scored,M0,0.220499481651242,0.0632292203566323,0
misspec_primary_secondary_M0_extra_shunt_seed_0025,misspec_primary_secondary,M0_extra_shunt,M0,25,0.130357536161853,0.00124194209870183,0.41296518607443,0.261954385259396,0.0523358007247137,0.13430758960825,0.131740054868092,0,0.131740054868092,0,M1,0.125508071899282,scored,M0,0.131740054868092,0.00623198296880997,1
misspec_primary_secondary_M0_extra_shunt_seed_0025,misspec_primary_secondary,M0_extra_shunt,M1,25,0.0820224286584778,0.00511711112153231,0,0.438778256187411,0.0909808977973334,0.177695695060776,0.115508071899282,1,0.125508071899282,1,M1,0.125508071899282,scored,M0,0.131740054868092,0.00623198296880997,1
misspec_primary_secondary_M0_extra_shunt_seed_0025,misspec_primary_secondary,M0_extra_shunt,M2,25,0.201233655777173,0.0285259842757407,0.103241296518608,0.847925872562838,0.260890156341035,0.302360324229735,0.23662798973557,2,0.25662798973557,1,M1,0.125508071899282,scored,M0,0.131740054868092,0.00623198296880997,1
misspec_primary_secondary_M0_extra_shunt_seed_0026,misspec_primary_secondary,M0_extra_shunt,M0,26,0.0654569566551824,0.000342218864853659,0.258103241296519,0.0881103862729783,0.00299094015003364,0.211269704199556,0.116491418295713,0,0.116491418295713,0,M0,0.116491418295713,scored,M1,0.18578981014287,0.0692983918471574,0
misspec_primary_secondary_M0_extra_shunt_seed_0026,misspec_primary_secondary,M0_extra_shunt,M1,26,0.148090999274418,0.00835281657391939,0.154861944777911,0.612622255173829,0.140325758372013,0.227230458898568,0.17578981014287,1,0.18578981014287,1,M0,0.116491418295713,scored,M1,0.18578981014287,0.0692983918471574,0
misspec_primary_secondary_M0_extra_shunt_seed_0026,misspec_primary_secondary,M0_extra_shunt,M2,26,0.269355176285866,0.0358675895136325,0.258103241296518,1.02176987154926,0.310235016915715,0.355641621571818,0.299555432135949,2,0.319555432135949,1,M0,0.116491418295713,scored,M1,0.18578981014287,0.0692983918471574,0
misspec_primary_secondary_M0_extra_shunt_seed_0027,misspec_primary_secondary,M0_extra_shunt,M0,27,0.157516020661606,0.00498781682752186,0.516206482593037,0.213329102447455,0.131876335747461,0.130542161947279,0.148075170111591,0,0.148075170111591,0,M1,0.114162377193053,scored,M0,0.148075170111591,0.0339127929185386,0
misspec_primary_secondary_M0_extra_shunt_seed_0027,misspec_primary_secondary,M0_extra_shunt,M1,27,0.0962992424541792,0.00164879576873388,0.103241296518608,0.487403538999352,0.0114403627745863,0.118765341708104,0.104162377193053,1,0.114162377193053,1,M1,0.114162377193053,scored,M0,0.148075170111591,0.0339127929185386,0
misspec_primary_secondary_M0_extra_shunt_seed_0027,misspec_primary_secondary,M0_extra_shunt,M2,27,0.170545314173874,0.017720395339828,0,0.896551155374779,0.181349621318288,0.259283554919879,0.201603698434976,2,0.221603698434976,1,M1,0.114162377193053,scored,M0,0.148075170111591,0.0339127929185386,0
misspec_primary_secondary_M0_extra_shunt_seed_0028,misspec_primary_secondary,M0_extra_shunt,M0,28,0.122760696747043,0.00521709438073324,0.154861944777911,0.479176033005859,0.115355704334766,0.403607091713245,0.221056934985213,0,0.221056934985213,0,M1,0.195266112962405,scored,M0,0.221056934985213,0.0257908220228082,0
misspec_primary_secondary_M0_extra_shunt_seed_0028,misspec_primary_secondary,M0_extra_shunt,M1,28,0.0899728253199487,0.00184907333282135,0.258103241296518,0.221556608440948,0.0279609941872814,0.362239361441253,0.185266112962405,1,0.195266112962405,1,M1,0.195266112962405,scored,M0,0.221056934985213,0.0257908220228082,0
misspec_primary_secondary_M0_extra_shunt_seed_0028,misspec_primary_secondary,M0_extra_shunt,M2,28,0.205399421657516,0.0176886849247744,0.361344537815126,0.630704224816375,0.197870252730983,0.48597531213041,0.303600983323029,2,0.323600983323029,1,M1,0.195266112962405,scored,M0,0.221056934985213,0.0257908220228082,0
misspec_primary_secondary_M0_extra_shunt_seed_0029,misspec_primary_secondary,M0_extra_shunt,M0,29,0.0741760353704192,0.00452522699511101,0.154861944777911,0.143008984188117,0.129931235260426,0.418971390356415,0.194854409615518,0,0.194854409615518,0,M0,0.194854409615518,scored,M1,0.243014030901305,0.048159621285787,0
misspec_primary_secondary_M0_extra_shunt_seed_0029,misspec_primary_secondary,M0_extra_shunt,M1,29,0.138319520247463,0.0020650078202249,0.258103241296518,0.55772365725869,0.0133854632616215,0.408875264972725,0.233014030901305,1,0.243014030901305,1,M0,0.194854409615518,scored,M1,0.243014030901305,0.048159621285787,0
misspec_primary_secondary_M0_extra_shunt_seed_0029,misspec_primary_secondary,M0_extra_shunt,M2,29,0.254249017887427,0.018910422016971,0.361344537815126,0.966871273634117,0.183294721805323,0.532401008260113,0.351602214517867,2,0.371602214517867,1,M0,0.194854409615518,scored,M1,0.243014030901305,0.048159621285787,0
misspec_primary_secondary_M0_extra_shunt_seed_0030,misspec_primary_secondary,M0_extra_shunt,M0,30,0.110148516376458,0.00742585182409081,0.309723889555823,0.116672506231042,0.179932910790614,0.0925679279780335,0.10399531043701,0,0.10399531043701,0,M0,0.10399531043701,scored,M1,0.139488720187953,0.0354934097509438,0
misspec_primary_secondary_M0_extra_shunt_seed_0030,misspec_primary_secondary,M0_extra_shunt,M1,30,0.114620130921493,0.0017408389902425,0.103241296518607,0.584060135215765,0.0366162122685673,0.157101814539952,0.129488720187953,1,0.139488720187953,1,M0,0.10399531043701,scored,M1,0.139488720187953,0.0354934097509438,0
misspec_primary_secondary_M0_extra_shunt_seed_0030,misspec_primary_secondary,M0_extra_shunt,M2,30,0.217830929840048,0.0151185831053119,0.206482593037215,0.993207751591192,0.133293046275134,0.297540088627088,0.245729135415512,2,0.265729135415512,1,M0,0.10399531043701,scored,M1,0.139488720187953,0.0354934097509438,0
misspec_primary_secondary_M0_extra_shunt_seed_0031,misspec_primary_secondary,M0_extra_shunt,M0,31,0.105196145929883,0.00147227788414483,0.464585834333734,0.00775626639194219,0.0691960010818174,0.0333027036034034,0.0800334411156152,0,0.0800334411156152,0,M0,0.0800334411156152,scored,M1,0.170644648308308,0.0906112071926926,0
misspec_primary_secondary_M0_extra_shunt_seed_0031,misspec_primary_secondary,M0_extra_shunt,M1,31,0.130462363975535,0.00549358706365445,0.0516206482593042,0.708488907838749,0.0741206974402296,0.216697462069172,0.160644648308308,1,0.170644648308308,1,M0,0.0800334411156152,scored,M1,0.170644648308308,0.0906112071926926,0
misspec_primary_secondary_M0_extra_shunt_seed_0031,misspec_primary_secondary,M0_extra_shunt,M2,31,0.229090534267148,0.0290328651711423,0.0516206482593035,1.11763652421418,0.244029955983931,0.361610256034718,0.275472436885797,2,0.295472436885797,1,M0,0.0800334411156152,scored,M1,0.170644648308308,0.0906112071926926,0
misspec_primary_secondary_M0_extra_shunt_seed_0032,misspec_primary_secondary,M0_extra_shunt,M0,32,0.120582365024322,0.000382305618847594,0.41296518607443,0.250488497089023,0.00149933624439487,0.43005076359463,0.22889630452393,0,0.22889630452393,0,M1,0.212673031783495,scored,M0,0.22889630452393,0.0162232727404351,1
misspec_primary_secondary_M0_extra_shunt_seed_0032,misspec_primary_secondary,M0_extra_shunt,M1,32,0.0940684461716525,0.0105184403526743,0,0.450244144357784,0.141817362277652,0.404367262205488,0.202673031783495,1,0.212673031783495,1,M1,0.212673031783495,scored,M0,0.22889630452393,0.0162232727404351,1
misspec_primary_secondary_M0_extra_shunt_seed_0032,misspec_primary_secondary,M0_extra_shunt,M2,32,0.216538253490868,0.0404444739079227,0.103241296518608,0.859391760733211,0.311726620821354,0.535804430425286,0.328281415417914,2,0.348281415417914,1,M1,0.212673031783495,scored,M0,0.22889630452393,0.0162232727404351,1
misspec_primary_secondary_M0_extra_shunt_seed_0033,misspec_primary_secondary,M0_extra_shunt,M0,33,0.102360899589125,0.00106510872724089,0.309723889555823,0.210055815627318,0.0558346331349511,0.141020556485555,0.115891779502876,0,0.115891779502876,0,M0,0.115891779502876,scored,M1,0.127804848641194,0.0119130691383179,1
misspec_primary_secondary_M0_extra_shunt_seed_0033,misspec_primary_secondary,M0_extra_shunt,M1,33,0.110451016827645,0.00615784768587211,0.103241296518607,0.490676825819489,0.087482065387096,0.131461964866355,0.117804848641194,1,0.127804848641194,1,M0,0.115891779502876,scored,M1,0.127804848641194,0.0119130691383179,1
misspec_primary_secondary_M0_extra_shunt_seed_0033,misspec_primary_secondary,M0_extra_shunt,M2,33,0.230228435613562,0.0306991041745231,0.206482593037215,0.899824442194917,0.257391323930798,0.258538056335672,0.2401368028663,2,0.2601368028663,1,M0,0.115891779502876,scored,M1,0.127804848641194,0.0119130691383179,1
misspec_primary_secondary_M0_extra_shunt_seed_0034,misspec_primary_secondary,M0_extra_shunt,M0,34,0.143277798679022,0.0126458646094454,0.464585834333734,0.0918854334486729,0.201699229935012,0.0760913635664002,0.119762546389605,0,0.119762546389605,0,M0,0.119762546389605,scored,M1,0.142856652225508,0.023094105835903,0
misspec_primary_secondary_M0_extra_shunt_seed_0034,misspec_primary_secondary,M0_extra_shunt,M1,34,0.111035220294353,0.00125325946165394,0.0516206482593042,0.608847207998134,0.058382531412965,0.173382168669081,0.132856652225507,1,0.142856652225508,1,M0,0.119762546389605,scored,M1,0.142856652225508,0.023094105835903,0
misspec_primary_secondary_M0_extra_shunt_seed_0034,misspec_primary_secondary,M0_extra_shunt,M2,34,0.184200147254929,0.00889556975484697,0.0516206482593035,1.01799482437356,0.111526727130737,0.312584259189728,0.229134586432108,2,0.249134586432108,1,M0,0.119762546389605,scored,M1,0.142856652225508,0.023094105835903,0
misspec_primary_secondary_M0_extra_shunt_seed_0035,misspec_primary_secondary,M0_extra_shunt,M0,35,0.0764843439811853,0.00188038802726265,0.154861944777911,0.23714557669755,0.0599994967155944,0.0860556291392013,0.0798342937864909,0,0.0798342937864909,0,M0,0.0798342937864909,scored,M1,0.178797907356102,0.0989636135696114,0
misspec_primary_secondary_M0_extra_shunt_seed_0035,misspec_primary_secondary,M0_extra_shunt,M1,35,0.161394910307538,0.0194775461003987,0.258103241296518,0.463587064749257,0.203316195237641,0.182546330446294,0.168797907356102,1,0.178797907356102,1,M0,0.0798342937864909,scored,M1,0.178797907356102,0.0989636135696114,0
misspec_primary_secondary_M0_extra_shunt_seed_0035,misspec_primary_secondary,M0_extra_shunt,M2,35,0.287620647740361,0.056915439882863,0.361344537815126,0.872734681124684,0.373225453781343,0.336817298389373,0.304839475467515,2,0.324839475467515,1,M0,0.0798342937864909,scored,M1,0.178797907356102,0.0989636135696114,0
misspec_primary_secondary_M0_extra_shunt_seed_0036,misspec_primary_secondary,M0_extra_shunt,M0,36,0.0985295792911238,0.00129328376445018,0.206482593037215,0.329161163866376,0.0480816281433291,0.0377961189388272,0.07727286816782,0,0.07727286816782,0,M0,0.07727286816782,scored,M1,0.182253659285452,0.104980791117632,0
misspec_primary_secondary_M0_extra_shunt_seed_0036,misspec_primary_secondary,M0_extra_shunt,M1,36,0.134266407632602,0.0170488367765751,0.206482593037215,0.371571477580431,0.191398326665376,0.242801412355031,0.172253659285452,1,0.182253659285452,1,M0,0.07727286816782,scored,M1,0.182253659285452,0.104980791117632,0
misspec_primary_secondary_M0_extra_shunt_seed_0036,misspec_primary_secondary,M0_extra_shunt,M2,36,0.259533444369959,0.0525693291681079,0.309723889555823,0.780719093955858,0.361307585209078,0.399563090864004,0.308543820642875,2,0.328543820642875,1,M0,0.07727286816782,scored,M1,0.182253659285452,0.104980791117632,0
misspec_primary_secondary_M0_extra_shunt_seed_0037,misspec_primary_secondary,M0_extra_shunt,M0,37,0.162881386347224,0.0212705040458116,0.464585834333734,0.184712628814949,0.210813820902194,0.271197973664658,0.200792191908326,0,0.200792191908326,0,M0,0.200792191908326,scored,M1,0.26239655103362,0.0616043591252936,0
misspec_primary_secondary_M0_extra_shunt_seed_0037,misspec_primary_secondary,M0_extra_shunt,M1,37,0.265109177594322,0.00414280652177721,0.877551020408163,0.516020012631858,0.0674971223801468,0.228787387420887,0.25239655103362,1,0.26239655103362,1,M0,0.200792191908326,scored,M1,0.26239655103362,0.0616043591252936,0
misspec_primary_secondary_M0_extra_shunt_seed_0037,misspec_primary_secondary,M0_extra_shunt,M2,37,0.353248711039302,0.00590656575664271,0.980792316926771,0.925167629007285,0.102412136163555,0.34266035974673,0.349542788086902,2,0.369542788086902,1,M0,0.200792191908326,scored,M1,0.26239655103362,0.0616043591252936,0
misspec_primary_secondary_M0_extra_shunt_seed_0038,misspec_primary_secondary,M0_extra_shunt,M0,38,0.0348888682848767,0.001198856470877,0,0.19017016889545,0.0384260981008041,0.0492066699883611,0.0399000988810962,0,0.0399000988810962,0,M0,0.0399000988810962,scored,M1,0.196143123729215,0.156243024848118,0
misspec_primary_secondary_M0_extra_shunt_seed_0038,misspec_primary_secondary,M0_extra_shunt,M1,38,0.177498391946229,0.00517478757090656,0.41296518607443,0.510562472551357,0.104890600421243,0.202197625611902,0.186143123729215,1,0.196143123729215,1,M0,0.0399000988810962,scored,M1,0.196143123729215,0.156243024848118,0
misspec_primary_secondary_M0_extra_shunt_seed_0038,misspec_primary_secondary,M0_extra_shunt,M2,38,0.296730441464292,0.0286253055238513,0.516206482593037,0.919710088926784,0.274799858964945,0.349847761697963,0.315321503546077,2,0.335321503546077,1,M0,0.0399000988810962,scored,M1,0.196143123729215,0.156243024848118,0
misspec_primary_secondary_M0_extra_shunt_seed_0039,misspec_primary_secondary,M0_extra_shunt,M0,39,0.0722239549880843,0.000290186632966798,0.206482593037215,0.196952305275573,0.00826331515214685,0.0587767360401145,0.0675174283562949,0,0.0675174283562949,0,M0,0.0675174283562949,scored,M1,0.172355885901112,0.104838457544818,0
misspec_primary_secondary_M0_extra_shunt_seed_0039,misspec_primary_secondary,M0_extra_shunt,M1,39,0.14460782225611,0.0100145023437066,0.206482593037215,0.503780336171234,0.151580013674194,0.195316575527545,0.162355885901112,1,0.172355885901112,1,M0,0.0675174283562949,scored,M1,0.172355885901112,0.104838457544818,0
misspec_primary_secondary_M0_extra_shunt_seed_0039,misspec_primary_secondary,M0_extra_shunt,M2,39,0.266862941819677,0.039511160387658,0.309723889555823,0.912927952546661,0.321489272217896,0.345707680393807,0.294458600320622,2,0.314458600320622,1,M0,0.0675174283562949,scored,M1,0.172355885901112,0.104838457544818,0
misspec_primary_secondary_M0_extra_shunt_seed_0040,misspec_primary_secondary,M0_extra_shunt,M0,40,0.131999432019386,0.0032534909569231,0.309723889555823,0.336415017734238,0.119771039797494,0.0917984575222442,0.117929090945386,0,0.117929090945386,0,M1,0.117707797448739,scored,M0,0.117929090945386,0.000221293496647096,1
misspec_primary_secondary_M0_extra_shunt_seed_0040,misspec_primary_secondary,M0_extra_shunt,M1,40,0.0804212905669271,0.00318707779527472,0.103241296518607,0.364317623712569,0.0235456587245535,0.158382738800676,0.107707797448739,1,0.117707797448739,1,M1,0.117707797448739,scored,M0,0.117929090945386,0.000221293496647096,1
misspec_primary_secondary_M0_extra_shunt_seed_0040,misspec_primary_secondary,M0_extra_shunt,M2,40,0.197639772556386,0.0226104606910108,0.206482593037215,0.773465240087996,0.193454917268255,0.303045164531226,0.23453165974758,2,0.25453165974758,1,M1,0.117707797448739,scored,M0,0.117929090945386,0.000221293496647096,1
misspec_primary_secondary_weak_structured_boundary_seed_0001,misspec_primary_secondary,weak_structured_boundary,M0,1,0.107420214390216,0.000500534679269996,0.361344537815126,0.214896110839194,0.0177774857445098,0.07908337324414,0.0975023199890893,0,0.0975023199890893,0,M0,0.0975023199890893,scored,M1,0.153012344187143,0.0555100241980535,0
misspec_primary_secondary_weak_structured_boundary_seed_0001,misspec_primary_secondary,weak_structured_boundary,M1,1,0.111879701368504,0.00903192897103566,0.0516206482593035,0.485836530607613,0.161094184266557,0.200830109421758,0.143012344187143,1,0.153012344187143,1,M0,0.0975023199890893,scored,M1,0.153012344187143,0.0555100241980535,0
misspec_primary_secondary_weak_structured_boundary_seed_0001,misspec_primary_secondary,weak_structured_boundary,M2,1,0.23373578965681,0.0377305244644659,0.154861944777911,0.89498414698304,0.331003442810259,0.351259355803933,0.274869037808303,2,0.294869037808303,1,M0,0.0975023199890893,scored,M1,0.153012344187143,0.0555100241980535,0
misspec_primary_secondary_weak_structured_boundary_seed_0002,misspec_primary_secondary,weak_structured_boundary,M0,2,0.0374613123730259,0.000467285310895364,0,0.244727327169543,0.00345713761431119,0.130719309302867,0.0701016112984702,0,0.0701016112984702,0,M0,0.0701016112984702,scored,M1,0.175237063817504,0.105135452519034,0
misspec_primary_secondary_weak_structured_boundary_seed_0002,misspec_primary_secondary,weak_structured_boundary,M1,2,0.177520067673862,0.00902031579386507,0.41296518607443,0.456005314277264,0.146773836136358,0.142425770941412,0.165237063817504,1,0.175237063817504,1,M0,0.0701016112984702,scored,M1,0.175237063817504,0.105135452519034,0
misspec_primary_secondary_weak_structured_boundary_seed_0002,misspec_primary_secondary,weak_structured_boundary,M2,2,0.299346522623947,0.0376596446108529,0.516206482593037,0.865152930652691,0.31668309468006,0.270853888409225,0.289374100648794,2,0.309374100648794,1,M0,0.0701016112984702,scored,M1,0.175237063817504,0.105135452519034,0
misspec_primary_secondary_weak_structured_boundary_seed_0003,misspec_primary_secondary,weak_structured_boundary,M0,3,0.161091084099158,0.000738670082010615,0.567827130852341,0.278894555239468,0.0354809306784242,0.228037648911698,0.184522381783547,0,0.184522381783547,0,M1,0.15170145699576,scored,M0,0.184522381783547,0.0328209247877868,0
misspec_primary_secondary_weak_structured_boundary_seed_0003,misspec_primary_secondary,weak_structured_boundary,M1,3,0.127182678103218,0.0122298636729285,0.154861944777912,0.421838086207339,0.178797629200471,0.168664903510481,0.14170145699576,1,0.15170145699576,1,M1,0.15170145699576,scored,M0,0.184522381783547,0.0328209247877868,0
misspec_primary_secondary_weak_structured_boundary_seed_0003,misspec_primary_secondary,weak_structured_boundary,M2,3,0.209319713315774,0.0440833902297446,0.0516206482593042,0.830985702582766,0.348706887744173,0.296689899666058,0.239899278538373,2,0.259899278538373,1,M1,0.15170145699576,scored,M0,0.184522381783547,0.0328209247877868,0
misspec_primary_secondary_weak_structured_boundary_seed_0004,misspec_primary_secondary,weak_structured_boundary,M0,4,0.181219285462703,0.0104042032989529,0.464585834333734,0.39677384848308,0.157226264493454,0.191583958058205,0.184846920871129,0,0.184846920871129,0,M1,0.0826620726148228,scored,M0,0.184846920871129,0.102184848256306,0
misspec_primary_secondary_weak_structured_boundary_seed_0004,misspec_primary_secondary,weak_structured_boundary,M1,4,0.058278183599343,0.000547600214424228,0.0516206482593042,0.303958792963727,0.0139095659714065,0.0993750093578566,0.0726620726148228,1,0.0826620726148228,1,M1,0.0826620726148228,scored,M0,0.184846920871129,0.102184848256306,0
misspec_primary_secondary_weak_structured_boundary_seed_0004,misspec_primary_secondary,weak_structured_boundary,M2,4,0.145825073489999,0.010270057102842,0.0516206482593035,0.713106409339155,0.155999692572295,0.216616666741922,0.170602131128172,2,0.190602131128172,1,M1,0.0826620726148228,scored,M0,0.184846920871129,0.102184848256306,0
misspec_primary_secondary_weak_structured_boundary_seed_0005,misspec_primary_secondary,weak_structured_boundary,M0,5,0.111889316122202,0.000788285944535311,0.309723889555823,0.32994774684253,0.000388221415932324,0.162538398612717,0.129616494993882,0,0.129616494993882,0,M1,0.107656789256306,scored,M0,0.129616494993882,0.0219597057375753,0
misspec_primary_secondary_weak_structured_boundary_seed_0005,misspec_primary_secondary,weak_structured_boundary,M1,5,0.102518955904053,0.00962738168754666,0.103241296518607,0.370784894604277,0.142928477106115,0.088627051196205,0.0976567892563065,1,0.107656789256306,1,M1,0.107656789256306,scored,M0,0.129616494993882,0.0219597057375753,0
misspec_primary_secondary_weak_structured_boundary_seed_0005,misspec_primary_secondary,weak_structured_boundary,M2,5,0.224627692601809,0.0388312739998754,0.206482593037215,0.779932510979704,0.312837735649817,0.236067975695641,0.22863179168465,2,0.24863179168465,1,M1,0.107656789256306,scored,M0,0.129616494993882,0.0219597057375753,0
misspec_primary_secondary_weak_structured_boundary_seed_0006,misspec_primary_secondary,weak_structured_boundary,M0,6,0.0883018132616191,0.000735741135249311,0.309723889555823,0.162708944662994,0.0105521538892054,0.142091348244929,0.107128150505778,0,0.107128150505778,0,M0,0.107128150505778,scored,M1,0.128928024526948,0.0217998740211704,0
misspec_primary_secondary_weak_structured_boundary_seed_0006,misspec_primary_secondary,weak_structured_boundary,M1,6,0.125206435170703,0.00787987930896665,0.103241296518607,0.538023696783812,0.132764544632842,0.107268119045689,0.118928024526948,1,0.128928024526948,1,M0,0.107128150505778,scored,M1,0.128928024526948,0.0217998740211704,0
misspec_primary_secondary_weak_structured_boundary_seed_0006,misspec_primary_secondary,weak_structured_boundary,M2,6,0.246378645408494,0.0352107187013663,0.206482593037215,0.94717131315924,0.302673803176544,0.251136131111382,0.248043765404504,2,0.268043765404504,1,M0,0.107128150505778,scored,M1,0.128928024526948,0.0217998740211704,0
misspec_primary_secondary_weak_structured_boundary_seed_0007,misspec_primary_secondary,weak_structured_boundary,M0,7,0.222700287355029,0.00378512609026644,0.877551020408163,0.237672779975761,0.0643106882126617,0.146755235193801,0.196119519098599,0,0.196119519098599,0,M1,0.159951041458514,scored,M0,0.196119519098599,0.0361684776400856,0
misspec_primary_secondary_weak_structured_boundary_seed_0007,misspec_primary_secondary,weak_structured_boundary,M1,7,0.175445919933106,0.00243774459859043,0.464585834333733,0.463059861471046,0.0790060103093853,0.102603410005699,0.149951041458514,1,0.159951041458514,1,M1,0.159951041458514,scored,M0,0.196119519098599,0.0361684776400856,0
misspec_primary_secondary_weak_structured_boundary_seed_0007,misspec_primary_secondary,weak_structured_boundary,M2,7,0.250853976257068,0.0208333133782175,0.361344537815125,0.872207477846473,0.248915268853087,0.245527594663802,0.248989742699425,2,0.268989742699425,1,M1,0.159951041458514,scored,M0,0.196119519098599,0.0361684776400856,0
misspec_primary_secondary_weak_structured_boundary_seed_0008,misspec_primary_secondary,weak_structured_boundary,M0,8,0.242638274007003,0.000604078903665672,0.929171668667467,0.369674095279918,0.00700524353126312,0.159062990152288,0.213386924657853,0,0.213386924657853,0,M1,0.159187008357718,scored,M0,0.213386924657853,0.0541999163001348,0
misspec_primary_secondary_weak_structured_boundary_seed_0008,misspec_primary_secondary,weak_structured_boundary,M1,8,0.180175594376592,0.00945444924990831,0.516206482593037,0.331058546166889,0.15032194205331,0.0916367771798104,0.149187008357718,1,0.159187008357718,1,M1,0.159187008357718,scored,M0,0.213386924657853,0.0541999163001348,0
misspec_primary_secondary_weak_structured_boundary_seed_0008,misspec_primary_secondary,weak_structured_boundary,M2,8,0.260915754782083,0.0385142261925955,0.41296518607443,0.740206162542316,0.320231200597012,0.238345242109566,0.253016075346702,2,0.273016075346702,1,M1,0.159187008357718,scored,M0,0.213386924657853,0.0541999163001348,0
misspec_primary_secondary_weak_structured_boundary_seed_0009,misspec_primary_secondary,weak_structured_boundary,M0,9,0.0981450880380575,0.000656089699094357,0.206482593037215,0.357192253667586,0.0196112435395299,0.178952881681199,0.126427815813157,0,0.126427815813157,0,M0,0.126427815813157,scored,M1,0.143749449541739,0.0173216337285814,1
misspec_primary_secondary_weak_structured_boundary_seed_0009,misspec_primary_secondary,weak_structured_boundary,M1,9,0.121957987755663,0.00938243934420004,0.206482593037215,0.343540387779221,0.162927942061577,0.155647878573022,0.133749449541739,1,0.143749449541739,1,M0,0.126427815813157,scored,M1,0.143749449541739,0.0173216337285814,1
misspec_primary_secondary_weak_structured_boundary_seed_0009,misspec_primary_secondary,weak_structured_boundary,M2,9,0.244036063743428,0.0385250102365497,0.309723889555823,0.752688004154648,0.332837200605279,0.28348645397107,0.257843700323103,2,0.277843700323103,1,M0,0.126427815813157,scored,M1,0.143749449541739,0.0173216337285814,1
misspec_primary_secondary_weak_structured_boundary_seed_0010,misspec_primary_secondary,weak_structured_boundary,M0,10,0.116884305589096,0.00205637155156615,0.206482593037215,0.423799564568691,0.0732644434704422,0.330580813813039,0.191678083467476,0,0.191678083467476,0,M1,0.144734280141132,scored,M0,0.191678083467476,0.046943803326344,0
misspec_primary_secondary_weak_structured_boundary_seed_0010,misspec_primary_secondary,weak_structured_boundary,M1,10,0.0955188866927657,0.00434913659172924,0.206482593037215,0.276933076878116,0.0700522550516049,0.207562867973813,0.134734280141132,1,0.144734280141132,1,M1,0.144734280141132,scored,M0,0.191678083467476,0.046943803326344,0
misspec_primary_secondary_weak_structured_boundary_seed_0010,misspec_primary_secondary,weak_structured_boundary,M2,10,0.21418996546582,0.0266777130546552,0.309723889555823,0.686080693253543,0.239961513595307,0.327545823968406,0.253864515941725,2,0.273864515941725,1,M1,0.144734280141132,scored,M0,0.191678083467476,0.046943803326344,0
misspec_primary_secondary_weak_structured_boundary_seed_0011,misspec_primary_secondary,weak_structured_boundary,M0,11,0.233351088469837,0.000587311165442074,0.877551020408163,0.359271530422193,0.0243766616143657,0.213063112009751,0.226250296708807,0,0.226250296708807,0,M1,0.187849659089139,scored,M0,0.226250296708807,0.0384006376196685,0
misspec_primary_secondary_weak_structured_boundary_seed_0011,misspec_primary_secondary,weak_structured_boundary,M1,11,0.175113597824699,0.0116465205675964,0.464585834333733,0.341461111024614,0.167693360136413,0.182930915723098,0.177849659089139,1,0.187849659089139,1,M1,0.187849659089139,scored,M0,0.226250296708807,0.0384006376196685,0
misspec_primary_secondary_weak_structured_boundary_seed_0011,misspec_primary_secondary,weak_structured_boundary,M2,11,0.256955774941801,0.0429103309335048,0.361344537815125,0.750608727400041,0.337602618680115,0.310064925935968,0.275543977789759,2,0.295543977789759,1,M1,0.187849659089139,scored,M0,0.226250296708807,0.0384006376196685,0
misspec_primary_secondary_weak_structured_boundary_seed_0012,misspec_primary_secondary,weak_structured_boundary,M0,12,0.12973473779451,0.0019111381934145,0.103241296518607,0.66192183545644,0.0589508938374329,0.293721803393612,0.187130210754195,0,0.187130210754195,0,M1,0.113045188768231,scored,M0,0.187130210754195,0.0740850219859649,0
misspec_primary_secondary_weak_structured_boundary_seed_0012,misspec_primary_secondary,weak_structured_boundary,M1,12,0.0825186722791357,0.00419480553344792,0.309723889555823,0.0388108059903671,0.0843658046846142,0.141165862247978,0.103045188768231,1,0.113045188768231,1,M1,0.113045188768231,scored,M0,0.187130210754195,0.0740850219859649,0
misspec_primary_secondary_weak_structured_boundary_seed_0012,misspec_primary_secondary,weak_structured_boundary,M2,12,0.201191634220177,0.0265271483323487,0.41296518607443,0.447958422365794,0.254275063228316,0.262739984523127,0.222733556826209,2,0.242733556826209,1,M1,0.113045188768231,scored,M0,0.187130210754195,0.0740850219859649,0
misspec_primary_secondary_weak_structured_boundary_seed_0013,misspec_primary_secondary,weak_structured_boundary,M0,13,0.0535383696033552,0.00177421279638442,0.154861944777911,0.135368270839936,0.00915755749060279,0.127361535802796,0.0793764777731596,0,0.0793764777731596,0,M0,0.0793764777731596,scored,M1,0.156381832672807,0.0770053548996469,0
misspec_primary_secondary_weak_structured_boundary_seed_0013,misspec_primary_secondary,weak_structured_boundary,M1,13,0.159299512477112,0.00550067494412186,0.258103241296518,0.565364370606871,0.134159141031444,0.122391855893382,0.146381832672806,1,0.156381832672807,1,M0,0.0793764777731596,scored,M1,0.156381832672807,0.0770053548996469,0
misspec_primary_secondary_weak_structured_boundary_seed_0013,misspec_primary_secondary,weak_structured_boundary,M2,13,0.278551443648764,0.0289909562042442,0.361344537815126,0.974511986982298,0.304068399575146,0.266848613016934,0.274455452927623,2,0.294455452927623,1,M0,0.0793764777731596,scored,M1,0.156381832672807,0.0770053548996469,0
misspec_primary_secondary_weak_structured_boundary_seed_0014,misspec_primary_secondary,weak_structured_boundary,M0,14,0.200102315643646,0.00148087022163666,0.82593037214886,0.202109676425262,0.0257290309284424,0.215959150170708,0.205652207728118,0,0.205652207728118,0,M1,0.166006195462379,scored,M0,0.205652207728118,0.0396460122657389,0
misspec_primary_secondary_weak_structured_boundary_seed_0014,misspec_primary_secondary,weak_structured_boundary,M1,14,0.177422264588836,0.00479526496335546,0.41296518607443,0.498622965021545,0.117587667593605,0.1162334956561,0.156006195462379,1,0.166006195462379,1,M1,0.166006195462379,scored,M0,0.205652207728118,0.0396460122657389,0
misspec_primary_secondary_weak_structured_boundary_seed_0014,misspec_primary_secondary,weak_structured_boundary,M2,14,0.25524095642812,0.0280121047736277,0.309723889555823,0.907770581396972,0.287496926137306,0.24009839002977,0.249941058188698,2,0.269941058188698,1,M1,0.166006195462379,scored,M0,0.205652207728118,0.0396460122657389,0
misspec_primary_secondary_weak_structured_boundary_seed_0015,misspec_primary_secondary,weak_structured_boundary,M0,15,0.205593528124255,0.00112244172171248,0.671068427370949,0.443760344039427,0.0283638012219647,0.12843890667597,0.178589410617355,0,0.178589410617355,0,M1,0.124071441832295,scored,M0,0.178589410617355,0.0545179687850604,0
misspec_primary_secondary_weak_structured_boundary_seed_0015,misspec_primary_secondary,weak_structured_boundary,M1,15,0.110201964831695,0.00558507473254331,0.258103241296519,0.256972297407379,0.114952897300082,0.121257613404838,0.114071441832295,1,0.124071441832295,1,M1,0.124071441832295,scored,M0,0.178589410617355,0.0545179687850604,0
misspec_primary_secondary_weak_structured_boundary_seed_0015,misspec_primary_secondary,weak_structured_boundary,M2,15,0.188668644917371,0.0300978910356001,0.154861944777911,0.666119913782807,0.284862155843784,0.266041479395925,0.215749136984865,2,0.235749136984865,1,M1,0.124071441832295,scored,M0,0.178589410617355,0.0545179687850604,0
misspec_primary_secondary_weak_structured_boundary_seed_0016,misspec_primary_secondary,weak_structured_boundary,M0,16,0.387619138629632,0.0025424610850518,1.65186074429772,0.308388828564286,0.0647828996194607,0.196588078875385,0.320758267715645,0,0.320758267715645,0,M1,0.243546601108928,scored,M0,0.320758267715645,0.0772116666067167,0
misspec_primary_secondary_weak_structured_boundary_seed_0016,misspec_primary_secondary,weak_structured_boundary,M1,16,0.319971262848378,0.003121018871908,1.23889555822329,0.392343812882521,0.0785337989025864,0.0730436578785221,0.233546601108928,1,0.243546601108928,1,M1,0.243546601108928,scored,M0,0.320758267715645,0.0772116666067167,0
misspec_primary_secondary_weak_structured_boundary_seed_0016,misspec_primary_secondary,weak_structured_boundary,M2,16,0.396325743547589,0.0234094364020347,1.13565426170468,0.801491429257948,0.248443057446288,0.194020775993127,0.325519004903527,2,0.345519004903527,1,M1,0.243546601108928,scored,M0,0.320758267715645,0.0772116666067167,0
misspec_primary_secondary_weak_structured_boundary_seed_0017,misspec_primary_secondary,weak_structured_boundary,M0,17,0.150046925211523,0.0016467015796192,0.464585834333734,0.343793569378071,0.0315824809883733,0.197894726448315,0.1667936556444,0,0.1667936556444,0,M1,0.103507738460107,scored,M0,0.1667936556444,0.0632859171842936,0
misspec_primary_secondary_weak_structured_boundary_seed_0017,misspec_primary_secondary,weak_structured_boundary,M1,17,0.0829426648522656,0.00463508352008673,0.0516206482593042,0.356939072068736,0.111734217533674,0.113128589446097,0.0935077384601066,1,0.103507738460107,1,M1,0.103507738460107,scored,M0,0.1667936556444,0.0632859171842936,0
misspec_primary_secondary_weak_structured_boundary_seed_0017,misspec_primary_secondary,weak_structured_boundary,M2,17,0.181206728173843,0.0274461476875031,0.0516206482593035,0.766086688444163,0.281643476077376,0.23488138760407,0.199992858974422,2,0.219992858974422,1,M1,0.103507738460107,scored,M0,0.1667936556444,0.0632859171842936,0
misspec_primary_secondary_weak_structured_boundary_seed_0018,misspec_primary_secondary,weak_structured_boundary,M0,18,0.0632884021386917,0.00087498700938851,0.0516206482593035,0.347475688832313,0.00270283771526515,0.140563461841657,0.0903346730347296,0,0.0903346730347296,0,M0,0.0903346730347296,scored,M1,0.146797074805248,0.056462401770518,0
misspec_primary_secondary_weak_structured_boundary_seed_0018,misspec_primary_secondary,weak_structured_boundary,M1,18,0.150582034634898,0.00684330748820381,0.361344537815126,0.353256952614494,0.146019536237312,0.111196435121611,0.136797074805248,1,0.146797074805248,1,M0,0.0903346730347296,scored,M1,0.146797074805248,0.056462401770518,0
misspec_primary_secondary_weak_structured_boundary_seed_0018,misspec_primary_secondary,weak_structured_boundary,M2,18,0.270980902948618,0.0326274630324616,0.464585834333734,0.762404568989921,0.315928794781014,0.259365319936121,0.266915448894244,2,0.286915448894244,1,M0,0.0903346730347296,scored,M1,0.146797074805248,0.056462401770518,0
misspec_primary_secondary_weak_structured_boundary_seed_0019,misspec_primary_secondary,weak_structured_boundary,M0,19,0.426517353093069,0.00146591657903369,1.90996398559424,0.243112476489493,0.048831508075207,0.186750709599269,0.342599027870239,0,0.342599027870239,0,M1,0.282736499321638,scored,M0,0.342599027870239,0.0598625285486016,0
misspec_primary_secondary_weak_structured_boundary_seed_0019,misspec_primary_secondary,weak_structured_boundary,M1,19,0.385846939330397,0.00726275223162405,1.49699879951981,0.457620164957314,0.09448519044684,0.0626742535910849,0.272736499321638,1,0.282736499321638,1,M1,0.282736499321638,scored,M0,0.342599027870239,0.0598625285486016,0
misspec_primary_secondary_weak_structured_boundary_seed_0019,misspec_primary_secondary,weak_structured_boundary,M2,19,0.465037510752353,0.0332233512072416,1.3937575030012,0.866767781332741,0.264394448990542,0.206191216150406,0.374441307641672,2,0.394441307641672,1,M1,0.282736499321638,scored,M0,0.342599027870239,0.0598625285486016,0
misspec_primary_secondary_weak_structured_boundary_seed_0020,misspec_primary_secondary,weak_structured_boundary,M0,20,0.076615650487468,0.000475176964841529,0.103241296518607,0.337066589990041,0.0344654280187982,0.0672275864365035,0.0733298280696304,0,0.0733298280696304,0,M0,0.0733298280696304,scored,M1,0.173030640147416,0.0997008120777856,0
misspec_primary_secondary_weak_structured_boundary_seed_0020,misspec_primary_secondary,weak_structured_boundary,M1,20,0.149120948187002,0.0119178871523913,0.309723889555823,0.363666051456766,0.177782126540845,0.188862925216757,0.163030640147416,1,0.173030640147416,1,M0,0.0733298280696304,scored,M1,0.173030640147416,0.0997008120777856,0
misspec_primary_secondary_weak_structured_boundary_seed_0020,misspec_primary_secondary,weak_structured_boundary,M2,20,0.272381005214839,0.0434244201248829,0.41296518607443,0.772813667832193,0.347691385084547,0.338966503474139,0.295685929605594,2,0.315685929605594,1,M0,0.0733298280696304,scored,M1,0.173030640147416,0.0997008120777856,0
misspec_primary_secondary_weak_structured_boundary_seed_0021,misspec_primary_secondary,weak_structured_boundary,M0,21,0.0575703341191448,0.00246694598162691,0.103241296518607,0.165016419778321,0.0729075923857449,0.153278925038933,0.0910683409410708,0,0.0910683409410708,0,M0,0.0910683409410708,scored,M1,0.158602422909263,0.0675340819681922,0
misspec_primary_secondary_weak_structured_boundary_seed_0021,misspec_primary_secondary,weak_structured_boundary,M1,21,0.154488557382982,0.00324996060219816,0.309723889555823,0.535716221668486,0.0704091061363022,0.137671030315214,0.148602422909263,1,0.158602422909263,1,M0,0.0910683409410708,scored,M1,0.158602422909263,0.0675340819681922,0
misspec_primary_secondary_weak_structured_boundary_seed_0021,misspec_primary_secondary,weak_structured_boundary,M2,21,0.272187388635886,0.0236340420248256,0.41296518607443,0.944863838043913,0.240318364680004,0.261706672531015,0.268519137999182,2,0.288519137999182,1,M0,0.0910683409410708,scored,M1,0.158602422909263,0.0675340819681922,0
misspec_primary_secondary_weak_structured_boundary_seed_0022,misspec_primary_secondary,weak_structured_boundary,M0,22,0.430631892821318,0.00080656314331026,1.90996398559424,0.300260369913823,0.0213117242916104,0.198558175493668,0.34940609175664,0,0.34940609175664,0,M1,0.326474564664814,scored,M0,0.34940609175664,0.0229315270918261,0
misspec_primary_secondary_weak_structured_boundary_seed_0022,misspec_primary_secondary,weak_structured_boundary,M1,22,0.380972702676671,0.00640271181639357,1.49699879951981,0.400472271532984,0.122004974230437,0.196692308357079,0.316474564664814,1,0.326474564664814,1,M1,0.326474564664814,scored,M0,0.34940609175664,0.0229315270918261,0
misspec_primary_secondary_weak_structured_boundary_seed_0022,misspec_primary_secondary,weak_structured_boundary,M2,22,0.459898438244997,0.0318336390847496,1.3937575030012,0.809619887908411,0.291914232774138,0.322864111664266,0.411936423941741,2,0.431936423941741,1,M1,0.326474564664814,scored,M0,0.34940609175664,0.0229315270918261,0
misspec_primary_secondary_weak_structured_boundary_seed_0023,misspec_primary_secondary,weak_structured_boundary,M0,23,0.248657073304269,0.00303075000394212,1.03241296518607,0.195239558834359,0.0758211429328633,0.196054062485782,0.230246019517799,0,0.230246019517799,0,M1,0.180236557741858,scored,M0,0.230246019517799,0.0500094617759412,0
misspec_primary_secondary_weak_structured_boundary_seed_0023,misspec_primary_secondary,weak_structured_boundary,M1,23,0.211168038436427,0.00266037376770639,0.619447779111645,0.505493082612448,0.0674955555891837,0.0942209507376574,0.170236557741858,1,0.180236557741858,1,M1,0.180236557741858,scored,M0,0.230246019517799,0.0500094617759412,0
misspec_primary_secondary_weak_structured_boundary_seed_0023,misspec_primary_secondary,weak_structured_boundary,M2,23,0.287097844275853,0.0220994415782628,0.516206482593037,0.914640698987875,0.237404814132886,0.214989493424258,0.261859921477795,2,0.281859921477795,1,M1,0.180236557741858,scored,M0,0.230246019517799,0.0500094617759412,0
misspec_primary_secondary_weak_structured_boundary_seed_0024,misspec_primary_secondary,weak_structured_boundary,M0,24,0.280674594225907,0.00198090491733044,0.877551020408163,0.634767365081778,0.0597255528222844,0.187697356988297,0.248132561192744,0,0.248132561192744,0,M1,0.129441367566,scored,M2,0.232167778726831,0.102726411160831,0
misspec_primary_secondary_weak_structured_boundary_seed_0024,misspec_primary_secondary,weak_structured_boundary,M1,24,0.117366199466212,0.00403113857949322,0.464585834333733,0.0659652763650292,0.0835911456997626,0.123295251179893,0.119441367566,1,0.129441367566,1,M1,0.129441367566,scored,M2,0.232167778726831,0.102726411160831,0
misspec_primary_secondary_weak_structured_boundary_seed_0024,misspec_primary_secondary,weak_structured_boundary,M2,24,0.19459368522005,0.026065566218873,0.361344537815125,0.475112892740456,0.253500404243464,0.244805380953711,0.212167778726831,2,0.232167778726831,1,M1,0.129441367566,scored,M2,0.232167778726831,0.102726411160831,0
misspec_primary_secondary_weak_structured_boundary_seed_0025,misspec_primary_secondary,weak_structured_boundary,M0,25,0.132608483724958,0.00118135356480346,0.41296518607443,0.298664482308217,0.0308339825429199,0.168846315040987,0.145291724685568,0,0.145291724685568,0,M1,0.111725421594938,scored,M0,0.145291724685568,0.0335663030906304,0
misspec_primary_secondary_weak_structured_boundary_seed_0025,misspec_primary_secondary,weak_structured_boundary,M1,25,0.0798942413183362,0.00542322010135729,0,0.40206815913859,0.112482715979127,0.142269042108627,0.101725421594938,1,0.111725421594938,1,M1,0.111725421594938,scored,M0,0.145291724685568,0.0335663030906304,0
misspec_primary_secondary_weak_structured_boundary_seed_0025,misspec_primary_secondary,weak_structured_boundary,M2,25,0.199533609395815,0.0296883751731337,0.103241296518608,0.811215775514017,0.282391974522829,0.264778125846972,0.22236919015372,2,0.24236919015372,1,M1,0.111725421594938,scored,M0,0.145291724685568,0.0335663030906304,0
misspec_primary_secondary_weak_structured_boundary_seed_0026,misspec_primary_secondary,weak_structured_boundary,M0,26,0.0988213911487133,0.000502212407071349,0.258103241296519,0.294428180702145,0.0185693972036811,0.24260738974276,0.14914649065663,0,0.14914649065663,0,M0,0.14914649065663,scored,M1,0.156240606994168,0.00709411633753826,1
misspec_primary_secondary_weak_structured_boundary_seed_0026,misspec_primary_secondary,weak_structured_boundary,M1,26,0.120585388746027,0.00876883263977205,0.154861944777911,0.406304460744662,0.161886095725728,0.193886012312144,0.146240606994168,1,0.156240606994168,1,M0,0.14914649065663,scored,M1,0.156240606994168,0.00709411633753826,1
misspec_primary_secondary_weak_structured_boundary_seed_0026,misspec_primary_secondary,weak_structured_boundary,M2,26,0.242229020257327,0.0370425145791911,0.258103241296518,0.815452077120089,0.33179535426943,0.31995517009665,0.26943317270109,2,0.28943317270109,1,M0,0.14914649065663,scored,M1,0.156240606994168,0.00709411633753826,1
misspec_primary_secondary_weak_structured_boundary_seed_0027,misspec_primary_secondary,weak_structured_boundary,M0,27,0.164201411810141,0.00449150984143833,0.516206482593037,0.28023950937485,0.111189559763915,0.260907679106049,0.198048605363709,0,0.198048605363709,0,M1,0.0819896429613016,scored,M2,0.171099192263157,0.0891095493018551,0
misspec_primary_secondary_weak_structured_boundary_seed_0027,misspec_primary_secondary,weak_structured_boundary,M1,27,0.0893448954294462,0.00160719100242268,0.103241296518608,0.420493132071957,0.0321271387581321,0.0397584598061758,0.0719896429613016,1,0.0819896429613016,1,M1,0.0819896429613016,scored,M2,0.171099192263157,0.0891095493018551,0
misspec_primary_secondary_weak_structured_boundary_seed_0027,misspec_primary_secondary,weak_structured_boundary,M2,27,0.164041034317699,0.0185789249106326,0,0.829640748447384,0.202036397301834,0.127064342733292,0.151099192263157,2,0.171099192263157,1,M1,0.0819896429613016,scored,M2,0.171099192263157,0.0891095493018551,0
misspec_primary_secondary_weak_structured_boundary_seed_0028,misspec_primary_secondary,weak_structured_boundary,M0,28,0.124442629551914,0.00471525711626042,0.154861944777911,0.512502234787432,0.0949151788005798,0.433981357038389,0.23278118417218,0,0.23278118417218,0,M1,0.183118920177247,scored,M0,0.23278118417218,0.0496622639949335,0
misspec_primary_secondary_weak_structured_boundary_seed_0028,misspec_primary_secondary,weak_structured_boundary,M1,28,0.0879849400476359,0.00173900566241178,0.258103241296518,0.188230406659375,0.0484015197214673,0.331224883275096,0.173118920177247,1,0.183118920177247,1,M1,0.183118920177247,scored,M0,0.23278118417218,0.0496622639949335,0
misspec_primary_secondary_weak_structured_boundary_seed_0028,misspec_primary_secondary,weak_structured_boundary,M2,28,0.203838008707619,0.0184315618991955,0.361344537815126,0.597378023034802,0.218310778265169,0.45273485409728,0.290951904594,2,0.310951904594,1,M1,0.183118920177247,scored,M0,0.23278118417218,0.0496622639949335,0
misspec_primary_secondary_weak_structured_boundary_seed_0029,misspec_primary_secondary,weak_structured_boundary,M0,29,0.115397923417542,0.00398865791885681,0.154861944777911,0.440980627607191,0.108560742409686,0.457696690779751,0.235202491994315,0,0.235202491994315,0,M1,0.202237407564694,scored,M0,0.235202491994315,0.0329650844296211,0
misspec_primary_secondary_weak_structured_boundary_seed_0029,misspec_primary_secondary,weak_structured_boundary,M1,29,0.0968062008832873,0.00201871426237403,0.258103241296518,0.259752013839616,0.0347559561123615,0.369466791401593,0.192237407564694,1,0.202237407564694,1,M1,0.202237407564694,scored,M0,0.235202491994315,0.0329650844296211,0
misspec_primary_secondary_weak_structured_boundary_seed_0029,misspec_primary_secondary,weak_structured_boundary,M2,29,0.213208382330822,0.0198094960742621,0.361344537815126,0.668899630215043,0.204665214656063,0.490847786708102,0.31038217386287,2,0.33038217386287,1,M1,0.202237407564694,scored,M0,0.235202491994315,0.0329650844296211,0
misspec_primary_secondary_weak_structured_boundary_seed_0030,misspec_primary_secondary,weak_structured_boundary,M0,30,0.138541130478579,0.00642612104270146,0.309723889555823,0.331074863632924,0.158147083340833,0.151974841837541,0.143242929454216,0,0.143242929454216,0,M1,0.0955540225670583,scored,M0,0.143242929454216,0.0476889068871573,0
misspec_primary_secondary_weak_structured_boundary_seed_0030,misspec_primary_secondary,weak_structured_boundary,M1,30,0.0790462158990871,0.00144946440093084,0.103241296518607,0.369657777813883,0.0148303848187858,0.0976399492361476,0.0855540225670583,1,0.0955540225670583,1,M1,0.0955540225670583,scored,M0,0.143242929454216,0.0476889068871573,0
misspec_primary_secondary_weak_structured_boundary_seed_0030,misspec_primary_secondary,weak_structured_boundary,M2,30,0.189359957050996,0.0159615965128392,0.206482593037215,0.77880539418931,0.155078873724916,0.23619400540487,0.205751873974852,2,0.225751873974852,1,M1,0.0955540225670583,scored,M0,0.143242929454216,0.0476889068871573,0
misspec_primary_secondary_weak_structured_boundary_seed_0031,misspec_primary_secondary,weak_structured_boundary,M0,31,0.147815602491632,0.0013094031167106,0.516206482593037,0.245775537465794,0.0470218252986702,0.0607705414652767,0.117349831132408,0,0.117349831132408,0,M0,0.117349831132408,scored,M1,0.144982859768075,0.0276330286356675,0
misspec_primary_secondary_weak_structured_boundary_seed_0031,misspec_primary_secondary,weak_structured_boundary,M1,31,0.106237803244265,0.0058034947197698,0.103241296518608,0.454957103981013,0.0962948732233769,0.188366536169438,0.134982859768075,1,0.144982859768075,1,M0,0.117349831132408,scored,M1,0.144982859768075,0.0276330286356675,0
misspec_primary_secondary_weak_structured_boundary_seed_0031,misspec_primary_secondary,weak_structured_boundary,M2,31,0.184695615209774,0.0302985747824931,0,0.86410472035644,0.266204131767079,0.33119527676341,0.235970496753547,2,0.255970496753547,1,M0,0.117349831132408,scored,M1,0.144982859768075,0.0276330286356675,0
misspec_primary_secondary_weak_structured_boundary_seed_0032,misspec_primary_secondary,weak_structured_boundary,M0,32,0.134387806497646,0.000600801698570351,0.41296518607443,0.321685245360913,0.0216105441955851,0.439132645952749,0.241048500306932,0,0.241048500306932,0,M1,0.203920148506957,scored,M0,0.241048500306932,0.0371283517999748,0
misspec_primary_secondary_weak_structured_boundary_seed_0032,misspec_primary_secondary,weak_structured_boundary,M1,32,0.0871607984385217,0.0111292052359856,0,0.379047396085894,0.164927242717632,0.392187512919766,0.193920148506957,1,0.203920148506957,1,M1,0.203920148506957,scored,M0,0.241048500306932,0.0371283517999748,0
misspec_primary_secondary_weak_structured_boundary_seed_0032,misspec_primary_secondary,weak_structured_boundary,M2,32,0.210057356640848,0.0419087405574567,0.103241296518608,0.788195012461321,0.334836501261334,0.521253524369295,0.318976015345805,2,0.338976015345805,1,M1,0.203920148506957,scored,M0,0.241048500306932,0.0371283517999748,0
misspec_primary_secondary_weak_structured_boundary_seed_0033,misspec_primary_secondary,weak_structured_boundary,M0,33,0.142261979141322,0.000929440693063151,0.309723889555823,0.499356250112165,0.0329936224453437,0.183927418879995,0.156844883049858,0,0.156844883049858,0,M1,0.0863418320441178,scored,M0,0.156844883049858,0.0705030510057401,0
misspec_primary_secondary_weak_structured_boundary_seed_0033,misspec_primary_secondary,weak_structured_boundary,M1,33,0.0706708625473091,0.00653536626377169,0.103241296518607,0.201376391334642,0.110323076076703,0.0868736325381912,0.0763418320441178,1,0.0863418320441178,1,M1,0.0863418320441178,scored,M0,0.156844883049858,0.0705030510057401,0
misspec_primary_secondary_weak_structured_boundary_seed_0033,misspec_primary_secondary,weak_structured_boundary,M2,33,0.190952996870157,0.0320860538262853,0.206482593037215,0.610524007710069,0.280232334620405,0.211811831384246,0.198253588950088,2,0.218253588950088,1,M1,0.0863418320441178,scored,M0,0.156844883049858,0.0705030510057401,0
misspec_primary_secondary_weak_structured_boundary_seed_0034,misspec_primary_secondary,weak_structured_boundary,M0,34,0.169466795320537,0.011707324900501,0.464585834333734,0.28886656605606,0.182439873967536,0.138816690568424,0.158739258657297,0,0.158739258657297,0,M1,0.0998776665556104,scored,M0,0.158739258657297,0.058861592101687,0
misspec_primary_secondary_weak_structured_boundary_seed_0034,misspec_primary_secondary,weak_structured_boundary,M1,34,0.0783498894269778,0.000754744299363053,0.0516206482593042,0.411866075390747,0.0391231754454893,0.111286395508785,0.0898776665556104,1,0.0998776665556104,1,M1,0.0998776665556104,scored,M0,0.158739258657297,0.058861592101687,0
misspec_primary_secondary_weak_structured_boundary_seed_0034,misspec_primary_secondary,weak_structured_boundary,M2,34,0.157720369698647,0.00925254763425564,0.0516206482593035,0.821013691766174,0.130786083098212,0.248384369328991,0.189452769569267,2,0.209452769569267,1,M1,0.0998776665556104,scored,M0,0.158739258657297,0.058861592101687,0
misspec_primary_secondary_weak_structured_boundary_seed_0035,misspec_primary_secondary,weak_structured_boundary,M0,35,0.076758385599822,0.00173007686690372,0.154861944777911,0.235781006709076,0.0636920480295095,0.0716258303256863,0.0749619912538745,0,0.0749619912538745,0,M0,0.0749619912538745,scored,M1,0.182383783681729,0.107421792427855,0
misspec_primary_secondary_weak_structured_boundary_seed_0035,misspec_primary_secondary,weak_structured_boundary,M1,35,0.161922264080422,0.0190151172554495,0.258103241296518,0.464951634737731,0.207008746551557,0.191812320084157,0.172383783681729,1,0.182383783681729,1,M0,0.0749619912538745,scored,M1,0.182383783681729,0.107421792427855,0
misspec_primary_secondary_weak_structured_boundary_seed_0035,misspec_primary_secondary,weak_structured_boundary,M2,35,0.288042842104072,0.0562426922195686,0.361344537815126,0.874099251113158,0.376918005095258,0.343468845019536,0.307441943124484,2,0.327441943124484,1,M0,0.0749619912538745,scored,M1,0.182383783681729,0.107421792427855,0
misspec_primary_secondary_weak_structured_boundary_seed_0036,misspec_primary_secondary,weak_structured_boundary,M0,36,0.0922949851088641,0.00128356510767918,0.154861944777911,0.342586410247747,0.0619523470818684,0.0636994123886077,0.0822865346567744,0,0.0822865346567744,0,M0,0.0822865346567744,scored,M1,0.218118303860552,0.135831769203778,0
misspec_primary_secondary_weak_structured_boundary_seed_0036,misspec_primary_secondary,weak_structured_boundary,M1,36,0.206620644391335,0.0170858534008405,0.567827130852341,0.35814623119906,0.205269045603915,0.210899671446242,0.208118303860552,1,0.218118303860552,1,M0,0.0822865346567744,scored,M1,0.218118303860552,0.135831769203778,0
misspec_primary_secondary_weak_structured_boundary_seed_0036,misspec_primary_secondary,weak_structured_boundary,M2,36,0.331993729142341,0.0528184418196709,0.671068427370949,0.767293847574487,0.375178304147617,0.364974401414698,0.343536964437666,2,0.363536964437666,1,M0,0.0822865346567744,scored,M1,0.218118303860552,0.135831769203778,0
misspec_primary_secondary_weak_structured_boundary_seed_0037,misspec_primary_secondary,weak_structured_boundary,M0,37,0.175441434146148,0.0203818654921869,0.464585834333734,0.286638166441783,0.195584063780269,0.294225150655443,0.217015734924401,0,0.217015734924401,0,M0,0.217015734924401,scored,M1,0.243391748929947,0.0263760140055461,0
misspec_primary_secondary_weak_structured_boundary_seed_0037,misspec_primary_secondary,weak_structured_boundary,M1,37,0.247185363807124,0.00344176737200957,0.877551020408163,0.414094475005024,0.0522673652582221,0.207775035586618,0.233391748929947,1,0.243391748929947,1,M0,0.217015734924401,scored,M1,0.243391748929947,0.0263760140055461,0
misspec_primary_secondary_weak_structured_boundary_seed_0037,misspec_primary_secondary,weak_structured_boundary,M2,37,0.340164557714507,0.00574699325852704,0.980792316926771,0.823242091380451,0.11764189328548,0.319470853566112,0.332921761262569,2,0.352921761262569,1,M0,0.217015734924401,scored,M1,0.243391748929947,0.0263760140055461,0
misspec_primary_secondary_weak_structured_boundary_seed_0038,misspec_primary_secondary,weak_structured_boundary,M0,38,0.0666827912059716,0.00116254744091807,0.0516206482593035,0.354662552467236,0.0171866997571098,0.0931470969120543,0.0759452982031005,0,0.0759452982031005,0,M0,0.0759452982031005,scored,M1,0.159661020376974,0.0837157221738733,0
misspec_primary_secondary_weak_structured_boundary_seed_0038,misspec_primary_secondary,weak_structured_boundary,M1,38,0.145833680776276,0.00546952010314928,0.361344537815126,0.346070088979571,0.126129998764937,0.156768936778269,0.149661020376974,1,0.159661020376974,1,M0,0.0759452982031005,scored,M1,0.159661020376974,0.0837157221738733,0
misspec_primary_secondary_weak_structured_boundary_seed_0038,misspec_primary_secondary,weak_structured_boundary,M2,38,0.265476525202924,0.0297416278732632,0.464585834333734,0.755217705354998,0.296039257308639,0.302114351222282,0.278299764309699,2,0.298299764309699,1,M0,0.0759452982031005,scored,M1,0.159661020376974,0.0837157221738733,0
misspec_primary_secondary_weak_structured_boundary_seed_0039,misspec_primary_secondary,weak_structured_boundary,M0,39,0.0958243340059936,0.000542882393638186,0.206482593037215,0.331351143363158,0.0303580179817193,0.107922276251838,0.100058613792039,0,0.100058613792039,0,M0,0.100058613792039,scored,M1,0.143498728573014,0.0434401147809752,0
misspec_primary_secondary_weak_structured_boundary_seed_0039,misspec_primary_secondary,weak_structured_boundary,M1,39,0.12800956186044,0.0105092221297702,0.206482593037215,0.369381498083649,0.173674716503766,0.143692895324938,0.133498728573014,1,0.143498728573014,1,M0,0.100058613792039,scored,M1,0.143498728573014,0.0434401147809752,0
misspec_primary_secondary_weak_structured_boundary_seed_0039,misspec_primary_secondary,weak_structured_boundary,M2,39,0.250606403069842,0.0406893234653914,0.309723889555823,0.778529114459076,0.343583975047468,0.291709604992096,0.264992523742631,2,0.284992523742631,1,M0,0.100058613792039,scored,M1,0.143498728573014,0.0434401147809752,0
misspec_primary_secondary_weak_structured_boundary_seed_0040,misspec_primary_secondary,weak_structured_boundary,M0,40,0.13233570447778,0.00281544740020349,0.309723889555823,0.362236353664138,0.0976516654459536,0.136812668994184,0.133902642058521,0,0.133902642058521,0,M1,0.101277929178143,scored,M0,0.133902642058521,0.032624712880378,0
misspec_primary_secondary_weak_structured_boundary_seed_0040,misspec_primary_secondary,weak_structured_boundary,M1,40,0.0799324909438926,0.00332006702271356,0.103241296518607,0.338496287782669,0.0456650330760935,0.112348028756038,0.0912779291781434,1,0.101277929178143,1,M1,0.101277929178143,scored,M0,0.133902642058521,0.032624712880378,0
misspec_primary_secondary_weak_structured_boundary_seed_0040,misspec_primary_secondary,weak_structured_boundary,M2,40,0.197663251832236,0.0237680077162183,0.206482593037215,0.747643904158096,0.215574291619795,0.25495745197277,0.217716221881423,2,0.237716221881423,1,M1,0.101277929178143,scored,M0,0.133902642058521,0.032624712880378,0
misspec_primary_secondary_M1_registration_shift_seed_0001,misspec_primary_secondary,M1_registration_shift,M0,1,0.304515809472259,0.00782062825907771,0.516206482593037,1.22009693307884,0.0956643924152465,0.344838709908589,0.318628824624974,0,0.318628824624974,0,M2,0.116445657587515,scored,M1,0.122584170393916,0.00613851280640114,1
misspec_primary_secondary_M1_registration_shift_seed_0001,misspec_primary_secondary,M1_registration_shift,M1,1,0.10657720864051,0.00175291935192764,0.103241296518608,0.519364291632029,0.0476523061068005,0.123739956507384,0.112584170393916,1,0.122584170393916,1,M2,0.116445657587515,scored,M1,0.122584170393916,0.00613851280640114,1
misspec_primary_secondary_M1_registration_shift_seed_0001,misspec_primary_secondary,M1_registration_shift,M2,1,0.0578664506675846,0.0173994293630379,0,0.110216675256602,0.217561564650502,0.168092756153099,0.0964456575875146,2,0.116445657587515,1,M2,0.116445657587515,scored,M1,0.122584170393916,0.00613851280640114,1
misspec_primary_secondary_M1_registration_shift_seed_0002,misspec_primary_secondary,M1_registration_shift,M0,2,0.270888559191072,0.00780451609879689,0.516206482593037,0.983786881832528,0.107846482321246,0.34305192211057,0.296145736212896,0,0.296145736212896,0,M2,0.0875477206502525,scored,M1,0.0955428550048805,0.00799513435462793,1
misspec_primary_secondary_M1_registration_shift_seed_0002,misspec_primary_secondary,M1_registration_shift,M1,2,0.0691675641164206,0.00148127264944164,0.103241296518608,0.283054240385721,0.0354702162008007,0.11595410951202,0.0855428550048805,1,0.0955428550048805,1,M2,0.0875477206502525,scored,M1,0.0955428550048805,0.00799513435462793,1
misspec_primary_secondary_M1_registration_shift_seed_0002,misspec_primary_secondary,M1_registration_shift,M2,2,0.0580643167979426,0.0166867783756225,0,0.126093375989706,0.205379474744502,0.085159756375971,0.0675477206502525,2,0.0875477206502525,1,M2,0.0875477206502525,scored,M1,0.0955428550048805,0.00799513435462793,1
misspec_primary_secondary_M1_registration_shift_seed_0003,misspec_primary_secondary,M1_registration_shift,M0,3,0.295520294499762,0.00665186434709081,0.671068427370949,0.976261032154914,0.0769434801919298,0.389549245217157,0.32843042725085,0,0.32843042725085,0,M1,0.132544450567572,scored,M2,0.140499598818817,0.00795514825124452,1
misspec_primary_secondary_M1_registration_shift_seed_0003,misspec_primary_secondary,M1_registration_shift,M1,3,0.104375513703283,0.0029392481764914,0.258103241296519,0.275528390708107,0.0663732183301173,0.156286761886967,0.122544450567572,1,0.132544450567572,1,M1,0.132544450567572,scored,M2,0.140499598818817,0.00795514825124452,1
misspec_primary_secondary_M1_registration_shift_seed_0003,misspec_primary_secondary,M1_registration_shift,M2,3,0.0970151221521612,0.0211149556308161,0.154861944777911,0.13361922566732,0.236282476873819,0.164113626914035,0.120499598818817,2,0.140499598818817,1,M1,0.132544450567572,scored,M2,0.140499598818817,0.00795514825124452,1
misspec_primary_secondary_M1_registration_shift_seed_0004,misspec_primary_secondary,M1_registration_shift,M0,4,0.341707664218563,0.0258027072635548,0.722689075630252,0.972901413902129,0.255555222502772,0.404094733979919,0.363543138635038,0,0.363543138635038,0,M2,0.111632938730985,scored,M1,0.1393273970124,0.0276944582814154,0
misspec_primary_secondary_M1_registration_shift_seed_0004,misspec_primary_secondary,M1_registration_shift,M1,4,0.121380025620139,0.00354830648713525,0.309723889555823,0.272168772455322,0.112238523980725,0.144086801026599,0.1293273970124,1,0.1393273970124,1,M2,0.111632938730985,scored,M1,0.1393273970124,0.0276944582814154,0
misspec_primary_secondary_M1_registration_shift_seed_0004,misspec_primary_secondary,M1_registration_shift,M2,4,0.071496558811331,0.00200520686285158,0.206482593037215,0.136978843920105,0.0576707345629769,0.129029072867484,0.0916329387309847,2,0.111632938730985,1,M2,0.111632938730985,scored,M1,0.1393273970124,0.0276944582814154,0
misspec_primary_secondary_M1_registration_shift_seed_0005,misspec_primary_secondary,M1_registration_shift,M0,5,0.399342101214426,0.0082616538091663,0.98079231692677,1.21786401606786,0.10915472342873,0.368060339828337,0.388393484729295,0,0.388393484729295,0,M2,0.166993311501709,scored,M1,0.183909472588153,0.0169161610864449,1
misspec_primary_secondary_M1_registration_shift_seed_0005,misspec_primary_secondary,M1_registration_shift,M1,5,0.197390350696567,0.00226184413788565,0.567827130852341,0.517131374621055,0.0341619750933175,0.130302127529671,0.173909472588153,1,0.183909472588153,1,M2,0.166993311501709,scored,M1,0.183909472588153,0.0169161610864449,1
misspec_primary_secondary_M1_registration_shift_seed_0005,misspec_primary_secondary,M1_registration_shift,M2,5,0.148766870278216,0.0180829092581448,0.464585834333733,0.107983758245628,0.204071233637019,0.143699559488195,0.146993311501709,2,0.166993311501709,1,M2,0.166993311501709,scored,M1,0.183909472588153,0.0169161610864449,1
misspec_primary_secondary_M1_registration_shift_seed_0006,misspec_primary_secondary,M1_registration_shift,M0,6,0.33652141637384,0.00896097941319898,0.774309723889556,1.06150687165214,0.119686340943387,0.416739701141011,0.36459781604235,0,0.36459781604235,0,M2,0.129719678396191,scored,M1,0.151879722335495,0.0221600439393047,0
misspec_primary_secondary_M1_registration_shift_seed_0006,misspec_primary_secondary,M1_registration_shift,M1,6,0.130642586800801,0.00142598214035378,0.361344537815127,0.360774230205335,0.0236303575786601,0.162748688328499,0.141879722335495,1,0.151879722335495,1,M2,0.129719678396191,scored,M1,0.151879722335495,0.0221600439393047,0
misspec_primary_secondary_M1_registration_shift_seed_0006,misspec_primary_secondary,M1_registration_shift,M2,6,0.0956460230532773,0.0154768489002108,0.258103241296519,0.0483733861700924,0.193539616122362,0.135856466890173,0.109719678396191,2,0.129719678396191,1,M2,0.129719678396191,scored,M1,0.151879722335495,0.0221600439393047,0
misspec_primary_secondary_M1_registration_shift_seed_0007,misspec_primary_secondary,M1_registration_shift,M0,7,0.359478677350202,0.0152803617832169,0.877551020408163,0.999528545658241,0.1759934035215,0.319032917272306,0.345322661322939,0,0.345322661322939,0,M2,0.117420056693239,scored,M1,0.132503977183589,0.0150839204903506,1
misspec_primary_secondary_M1_registration_shift_seed_0007,misspec_primary_secondary,M1_registration_shift,M1,7,0.14293361115488,0.000591105813001239,0.464585834333733,0.298795904211434,0.0326767049994529,0.0845632283797624,0.122503977183589,1,0.132503977183589,1,M2,0.117420056693239,scored,M1,0.132503977183589,0.0150839204903506,1
misspec_primary_secondary_M1_registration_shift_seed_0007,misspec_primary_secondary,M1_registration_shift,M2,7,0.112847025374485,0.00688095591044635,0.361344537815125,0.110351712163993,0.137232553544249,0.0687699719994959,0.0974200566932385,2,0.117420056693239,1,M2,0.117420056693239,scored,M1,0.132503977183589,0.0150839204903506,1
misspec_primary_secondary_M1_registration_shift_seed_0008,misspec_primary_secondary,M1_registration_shift,M0,8,0.413023006402649,0.00804133512750678,0.98079231692677,1.3161262653605,0.102832904329779,0.381993462831087,0.402162666152602,0,0.402162666152602,0,M2,0.17194080894412,scored,M1,0.197907586589218,0.0259667776450977,0
misspec_primary_secondary_M1_registration_shift_seed_0008,misspec_primary_secondary,M1_registration_shift,M1,8,0.212843415793195,0.00179275381366718,0.567827130852341,0.61539362391369,0.0404837941922678,0.141598189496116,0.187907586589218,1,0.197907586589218,1,M2,0.17194080894412,scored,M1,0.197907586589218,0.0259667776450977,0
misspec_primary_secondary_M1_registration_shift_seed_0008,misspec_primary_secondary,M1_registration_shift,M2,8,0.164016005731313,0.0172059596468631,0.464585834333733,0.206246007538262,0.21039305273597,0.12951544348219,0.15194080894412,2,0.17194080894412,1,M2,0.17194080894412,scored,M1,0.197907586589218,0.0259667776450977,0
misspec_primary_secondary_M1_registration_shift_seed_0009,misspec_primary_secondary,M1_registration_shift,M0,9,0.345642033120742,0.00803168953692429,0.82593037214886,1.08221545636421,0.0940519697858402,0.37806079584808,0.35698860007531,0,0.35698860007531,0,M2,0.144471070296824,scored,M1,0.157806279294838,0.0133352089980144,1
misspec_primary_secondary_M1_registration_shift_seed_0009,misspec_primary_secondary,M1_registration_shift,M1,9,0.148211626945609,0.00201291636536154,0.41296518607443,0.381482814917407,0.0492647287362068,0.147053490800549,0.147806279294838,1,0.157806279294838,1,M2,0.144471070296824,scored,M1,0.157806279294838,0.0133352089980144,1
misspec_primary_secondary_M1_registration_shift_seed_0009,misspec_primary_secondary,M1_registration_shift,M2,9,0.107906185412732,0.0178711783817558,0.309723889555823,0.0276648014580205,0.219173987279909,0.155234427938708,0.124471070296824,2,0.144471070296824,1,M2,0.144471070296824,scored,M1,0.157806279294838,0.0133352089980144,1
misspec_primary_secondary_M1_registration_shift_seed_0010,misspec_primary_secondary,M1_registration_shift,M0,10,0.275353759603769,0.0129949048794143,0.464585834333734,0.997472796720446,0.175454805261653,0.471018876952481,0.343836550675818,0,0.343836550675818,0,M2,0.119207179199452,scored,M1,0.123801146827989,0.00459396762853712,1
misspec_primary_secondary_M1_registration_shift_seed_0010,misspec_primary_secondary,M1_registration_shift,M1,10,0.0601030879429361,0.000894437978176795,0.0516206482593042,0.296740155273639,0.0321381067396064,0.213526113328802,0.113801146827989,1,0.123801146827989,1,M2,0.119207179199452,scored,M1,0.123801146827989,0.00459396762853712,1
misspec_primary_secondary_M1_registration_shift_seed_0010,misspec_primary_secondary,M1_registration_shift,M2,10,0.0529256551360048,0.0101494670965232,0.0516206482593035,0.112407461101788,0.137771151804095,0.185158581031569,0.0992071791994521,2,0.119207179199452,1,M2,0.119207179199452,scored,M1,0.123801146827989,0.00459396762853712,1
misspec_primary_secondary_M1_registration_shift_seed_0011,misspec_primary_secondary,M1_registration_shift,M0,11,0.348081244377609,0.00666413878903573,0.877551020408163,1.04041893600242,0.0878408700073044,0.372608574351659,0.356665809868526,0,0.356665809868526,0,M1,0.157095511241569,scored,M2,0.165584970682807,0.00848945944123844,1
misspec_primary_secondary_M1_registration_shift_seed_0011,misspec_primary_secondary,M1_registration_shift,M1,11,0.15346029233217,0.00253761400974026,0.464585834333733,0.33968629455561,0.0554758285147426,0.135275203501882,0.147095511241569,1,0.157095511241569,1,M1,0.157095511241569,scored,M2,0.165584970682807,0.00848945944123844,1
misspec_primary_secondary_M1_registration_shift_seed_0011,misspec_primary_secondary,M1_registration_shift,M2,11,0.126548814435327,0.0201058910811261,0.361344537815125,0.0694613218198173,0.225385087058444,0.18093783228527,0.145584970682807,2,0.165584970682807,1,M1,0.157095511241569,scored,M2,0.165584970682807,0.00848945944123844,1
misspec_primary_secondary_M1_registration_shift_seed_0012,misspec_primary_secondary,M1_registration_shift,M0,12,0.316466495606997,0.0127287543685689,0.516206482593037,1.21645423380061,0.162617912226757,0.464684119857298,0.368342664094603,0,0.368342664094603,0,M2,0.106697089129084,scored,M1,0.148831283937241,0.0421341948081565,0
misspec_primary_secondary_M1_registration_shift_seed_0012,misspec_primary_secondary,M1_registration_shift,M1,12,0.101266252913341,0.000729145401683404,0.103241296518608,0.515721592353807,0.0193012137047097,0.208594912981626,0.138831283937241,1,0.148831283937241,1,M2,0.106697089129084,scored,M1,0.148831283937241,0.0421341948081565,0
misspec_primary_secondary_M1_registration_shift_seed_0012,misspec_primary_secondary,M1_registration_shift,M2,12,0.0436363756376035,0.0101181450299954,0,0.10657397597838,0.150608044838992,0.166666985613263,0.0866970891290842,2,0.106697089129084,1,M2,0.106697089129084,scored,M1,0.148831283937241,0.0421341948081565,0
misspec_primary_secondary_M1_registration_shift_seed_0013,misspec_primary_secondary,M1_registration_shift,M0,13,0.247281923199214,0.0104005569038405,0.361344537815126,1.00155834445471,0.130526570107074,0.44405902473829,0.31615390873789,0,0.31615390873789,0,M1,0.116720605296422,scored,M2,0.129507885855199,0.0127872805587772,1
misspec_primary_secondary_M1_registration_shift_seed_0013,misspec_primary_secondary,M1_registration_shift,M1,13,0.0575020179027043,0.000271027074823106,0.0516206482593035,0.300825703007907,0.0127901284149731,0.198126553313325,0.106720605296422,1,0.116720605296422,1,M1,0.116720605296422,scored,M2,0.129507885855199,0.0127872805587772,1
misspec_primary_secondary_M1_registration_shift_seed_0013,misspec_primary_secondary,M1_registration_shift,M2,13,0.08021423475672,0.0111773015044171,0.154861944777911,0.10832191336752,0.182699386958675,0.163910380752374,0.109507885855199,2,0.129507885855199,1,M1,0.116720605296422,scored,M2,0.129507885855199,0.0127872805587772,1
misspec_primary_secondary_M1_registration_shift_seed_0014,misspec_primary_secondary,M1_registration_shift,M0,14,0.381556992963822,0.0113556687100625,0.82593037214886,1.26618572351071,0.138434837682748,0.365627880923842,0.375981803749829,0,0.375981803749829,0,M2,0.139769106574562,scored,M1,0.159959108455766,0.0201900018812038,0
misspec_primary_secondary_M1_registration_shift_seed_0014,misspec_primary_secondary,M1_registration_shift,M1,14,0.168407497967256,0.000528438633778559,0.41296518607443,0.565453082063905,0.0048818608392994,0.115697813648713,0.149959108455766,1,0.159959108455766,1,M2,0.139769106574562,scored,M1,0.159959108455766,0.0201900018812038,0
misspec_primary_secondary_M1_registration_shift_seed_0014,misspec_primary_secondary,M1_registration_shift,M2,14,0.117080503738429,0.0109424761330857,0.309723889555823,0.156305465688478,0.174791119383001,0.12476222612738,0.119769106574562,2,0.139769106574562,1,M2,0.139769106574562,scored,M1,0.159959108455766,0.0201900018812038,0
misspec_primary_secondary_M1_registration_shift_seed_0015,misspec_primary_secondary,M1_registration_shift,M0,15,0.384396190215182,0.0106527237799142,1.03241296518607,1.01277285312487,0.137808715461863,0.306408790287245,0.357100600240404,0,0.357100600240404,0,M1,0.141512921284178,scored,M2,0.14592808483975,0.00441516355557189,1
misspec_primary_secondary_M1_registration_shift_seed_0015,misspec_primary_secondary,M1_registration_shift,M1,15,0.171883983148076,0.000724396230020113,0.619447779111645,0.312040211678061,0.0055079830601841,0.0565380921083672,0.131512921284178,1,0.141512921284178,1,M1,0.141512921284178,scored,M2,0.14592808483975,0.00441516355557189,1
misspec_primary_secondary_M1_registration_shift_seed_0015,misspec_primary_secondary,M1_registration_shift,M2,15,0.150228918478775,0.0122178500299595,0.516206482593037,0.0971074046973662,0.175417241603886,0.080797965224417,0.12592808483975,2,0.14592808483975,1,M1,0.141512921284178,scored,M2,0.14592808483975,0.00441516355557189,1
misspec_primary_secondary_M1_registration_shift_seed_0016,misspec_primary_secondary,M1_registration_shift,M0,16,0.319052563523836,0.0138940239347141,0.671068427370949,1.01375882382534,0.172186950056584,0.341389397201263,0.326870455310935,0,0.326870455310935,0,M1,0.106799570790672,scored,M2,0.110868616244274,0.00406904545360247,1
misspec_primary_secondary_M1_registration_shift_seed_0016,misspec_primary_secondary,M1_registration_shift,M1,16,0.103152510735133,0.000494794777735473,0.258103241296519,0.313026182378537,0.0288702515345365,0.0850012537509583,0.0967995707906716,1,0.106799570790672,1,M1,0.106799570790672,scored,M2,0.110868616244274,0.00406904545360247,1
misspec_primary_secondary_M1_registration_shift_seed_0016,misspec_primary_secondary,M1_registration_shift,M2,16,0.0706047141645842,0.00811651811618728,0.154861944777911,0.09612143399689,0.141039007009165,0.128501577249412,0.0908686162442741,2,0.110868616244274,1,M1,0.106799570790672,scored,M2,0.110868616244274,0.00406904545360247,1
misspec_primary_secondary_M1_registration_shift_seed_0017,misspec_primary_secondary,M1_registration_shift,M0,17,0.293895378152633,0.0115700303602445,0.567827130852341,1.0197799699698,0.143852942043815,0.392294026371672,0.328334905029296,0,0.328334905029296,0,M2,0.0885431502266619,scored,M1,0.10933181366708,0.0207886634404186,0
misspec_primary_secondary_M1_registration_shift_seed_0017,misspec_primary_secondary,M1_registration_shift,M1,17,0.0791153251443586,0.000410800764124585,0.154861944777912,0.319047328522992,0.000536243521768121,0.136876720923564,0.0993318136670805,1,0.10933181366708,1,M2,0.0885431502266619,scored,M1,0.10933181366708,0.0207886634404186,0
misspec_primary_secondary_M1_registration_shift_seed_0017,misspec_primary_secondary,M1_registration_shift,M2,17,0.0544479215504396,0.0104055929348468,0.0516206482593042,0.0901002878524355,0.169373015021934,0.0947200034825032,0.0685431502266619,2,0.0885431502266619,1,M2,0.0885431502266619,scored,M1,0.10933181366708,0.0207886634404186,0
misspec_primary_secondary_M1_registration_shift_seed_0018,misspec_primary_secondary,M1_registration_shift,M0,18,0.321242822608811,0.00905841852151896,0.82593037214886,0.894776832676735,0.115406760111794,0.362130106786126,0.335553372070871,0,0.335553372070871,0,M1,0.131326093259668,scored,M2,0.150088582732017,0.0187624894723493,1
misspec_primary_secondary_M1_registration_shift_seed_0018,misspec_primary_secondary,M1_registration_shift,M1,18,0.1161488550751,0.000525396828372996,0.41296518607443,0.194044191229928,0.0279099384102534,0.130940964173865,0.121326093259668,1,0.131326093259668,1,M1,0.131326093259668,scored,M2,0.150088582732017,0.0187624894723493,1
misspec_primary_secondary_M1_registration_shift_seed_0018,misspec_primary_secondary,M1_registration_shift,M2,18,0.1304851065862,0.0132038707202352,0.309723889555823,0.215103425145499,0.197819196953955,0.129352181288534,0.130088582732017,2,0.150088582732017,1,M1,0.131326093259668,scored,M2,0.150088582732017,0.0187624894723493,1
misspec_primary_secondary_M1_registration_shift_seed_0019,misspec_primary_secondary,M1_registration_shift,M0,19,0.277953036960333,0.0104271130975993,0.619447779111644,0.842233948538012,0.150098882056684,0.392911055095382,0.3181883433076,0,0.3181883433076,0,M1,0.100180740108401,scored,M2,0.114532521054759,0.0143517809463579,1
misspec_primary_secondary_M1_registration_shift_seed_0019,misspec_primary_secondary,M1_registration_shift,M1,19,0.0643046265520674,0.00153116870149626,0.206482593037215,0.141501307091205,0.00678218353463728,0.138236379570164,0.0901807401084012,1,0.100180740108401,1,M1,0.100180740108401,scored,M2,0.114532521054759,0.0143517809463579,1
misspec_primary_secondary_M1_registration_shift_seed_0019,misspec_primary_secondary,M1_registration_shift,M2,19,0.092335550971237,0.0141425680470451,0.103241296518607,0.267646309284222,0.163127075009065,0.0986126083527287,0.0945325210547591,2,0.114532521054759,1,M1,0.100180740108401,scored,M2,0.114532521054759,0.0143517809463579,1
misspec_primary_secondary_M1_registration_shift_seed_0020,misspec_primary_secondary,M1_registration_shift,M0,20,0.408781689471666,0.00624099497180104,1.29051620648259,0.903534964587642,0.0801847066740033,0.376216837766106,0.39738399137472,0,0.39738399137472,0,M1,0.204504395421024,scored,M2,0.213414768817536,0.00891037339651166,1
misspec_primary_secondary_M1_registration_shift_seed_0020,misspec_primary_secondary,M1_registration_shift,M1,20,0.216599405770675,0.00239810888142019,0.877551020408163,0.202802323140835,0.0631319918480438,0.153470804771673,0.194504395421024,1,0.204504395421024,1,M1,0.204504395421024,scored,M2,0.213414768817536,0.00891037339651166,1
misspec_primary_secondary_M1_registration_shift_seed_0020,misspec_primary_secondary,M1_registration_shift,M2,20,0.230841610276058,0.0201433679083932,0.774309723889556,0.206345293234592,0.233041250391746,0.123907777537422,0.193414768817536,2,0.213414768817536,1,M1,0.204504395421024,scored,M2,0.213414768817536,0.00891037339651166,1
misspec_primary_secondary_M1_registration_shift_seed_0021,misspec_primary_secondary,M1_registration_shift,M0,21,0.343084931000745,0.0137112021804238,0.82593037214886,0.962050689648234,0.178237680223506,0.379535610700484,0.355842668895654,0,0.355842668895654,0,M2,0.124006232742411,scored,M1,0.138285561278606,0.0142793285361956,1
misspec_primary_secondary_M1_registration_shift_seed_0021,misspec_primary_secondary,M1_registration_shift,M1,21,0.127305749971365,0.000553716542092426,0.41296518607443,0.261318048201427,0.0349209817014587,0.130105210849197,0.128285561278606,1,0.138285561278606,1,M2,0.124006232742411,scored,M1,0.138285561278606,0.0142793285361956,1
misspec_primary_secondary_M1_registration_shift_seed_0021,misspec_primary_secondary,M1_registration_shift,M2,21,0.108522810925917,0.00831071252463203,0.309723889555823,0.147829568174,0.134988276842243,0.0956183018301843,0.104006232742411,2,0.124006232742411,1,M2,0.124006232742411,scored,M1,0.138285561278606,0.0142793285361956,1
misspec_primary_secondary_M1_registration_shift_seed_0022,misspec_primary_secondary,M1_registration_shift,M0,22,0.540829092969944,0.00971959851844446,1.90996398559424,0.894903002979411,0.131606974299754,0.35373051069219,0.47534458917273,0,0.47534458917273,0,M1,0.264705911471691,scored,M2,0.299110184728983,0.0344042732572929,0
misspec_primary_secondary_M1_registration_shift_seed_0022,misspec_primary_secondary,M1_registration_shift,M1,22,0.330567143994163,0.00057074245393467,1.49699879951981,0.194170361532604,0.0117097242222934,0.113820765358527,0.254705911471691,1,0.264705911471691,1,M1,0.264705911471691,scored,M2,0.299110184728983,0.0344042732572929,0
misspec_primary_secondary_M1_registration_shift_seed_0022,misspec_primary_secondary,M1_registration_shift,M2,22,0.344574311755713,0.0126667510283004,1.3937575030012,0.214977254842823,0.181618982765995,0.1575339488222,0.279110184728983,2,0.299110184728983,1,M1,0.264705911471691,scored,M2,0.299110184728983,0.0344042732572929,0
misspec_primary_secondary_M1_registration_shift_seed_0023,misspec_primary_secondary,M1_registration_shift,M0,23,0.35858821684003,0.0147506531262259,1.03241296518607,0.782216068100808,0.182652580163872,0.438094007547022,0.386415243587477,0,0.386415243587477,0,M1,0.166135680888166,scored,M2,0.181725070649197,0.0155893897610311,1
misspec_primary_secondary_M1_registration_shift_seed_0023,misspec_primary_secondary,M1_registration_shift,M1,23,0.142396971733735,0.000769039334063444,0.619447779111645,0.0814834266540007,0.0393358816418248,0.181650426460681,0.156135680888166,1,0.166135680888166,1,M1,0.166135680888166,scored,M2,0.181725070649197,0.0155893897610311,1
misspec_primary_secondary_M1_registration_shift_seed_0023,misspec_primary_secondary,M1_registration_shift,M2,23,0.175911925871687,0.00786998871916874,0.516206482593037,0.327664189721426,0.130573376901877,0.135378053807429,0.161725070649197,2,0.181725070649197,1,M1,0.166135680888166,scored,M2,0.181725070649197,0.0155893897610311,1
misspec_primary_secondary_M1_registration_shift_seed_0024,misspec_primary_secondary,M1_registration_shift,M0,24,0.366958294309389,0.0126758379295046,0.877551020408163,1.06815229354599,0.165915514874034,0.367888592804116,0.367283898782544,0,0.367283898782544,0,M2,0.124474702519204,scored,M1,0.147863116151884,0.0233884136326798,0
misspec_primary_secondary_M1_registration_shift_seed_0024,misspec_primary_secondary,M1_registration_shift,M1,24,0.151815817199535,0.000791760130224376,0.464585834333733,0.367419652099187,0.0225988163519868,0.11195095706339,0.137863116151884,1,0.147863116151884,1,M2,0.124474702519204,scored,M1,0.147863116151884,0.0233884136326798,0
misspec_primary_secondary_M1_registration_shift_seed_0024,misspec_primary_secondary,M1_registration_shift,M2,24,0.10572663688694,0.0102039367074435,0.361344537815125,0.0417279642762398,0.147310442191715,0.102149681550552,0.104474702519204,2,0.124474702519204,1,M2,0.124474702519204,scored,M1,0.147863116151884,0.0233884136326798,0
misspec_primary_secondary_M1_registration_shift_seed_0025,misspec_primary_secondary,M1_registration_shift,M0,25,0.392717340865507,0.0109136544213866,0.671068427370949,1.54725652931774,0.139722325219751,0.368992644578283,0.384413697164978,0,0.384413697164978,0,M2,0.13009735531269,scored,M1,0.166619456897672,0.0365221015849819,0
misspec_primary_secondary_M1_registration_shift_seed_0025,misspec_primary_secondary,M1_registration_shift,M1,25,0.179505743234604,0.000734711598631065,0.258103241296519,0.846523887870934,0.00359437330229614,0.114116353700512,0.156619456897672,1,0.166619456897672,1,M2,0.13009735531269,scored,M1,0.166619456897672,0.0365221015849819,0
misspec_primary_secondary_M1_registration_shift_seed_0025,misspec_primary_secondary,M1_registration_shift,M2,25,0.128577969165454,0.011947189417293,0.154861944777911,0.437376271495507,0.173503631845998,0.0757762153004128,0.11009735531269,2,0.13009735531269,1,M2,0.13009735531269,scored,M1,0.166619456897672,0.0365221015849819,0
misspec_primary_secondary_M1_registration_shift_seed_0026,misspec_primary_secondary,M1_registration_shift,M0,26,0.302773660917054,0.00774981044162754,0.671068427370949,1.00020596460882,0.0976945035381868,0.386462170758905,0.332064639361702,0,0.332064639361702,0,M1,0.128984239171541,scored,M2,0.135239173069612,0.00625493389807055,1
misspec_primary_secondary_M1_registration_shift_seed_0026,misspec_primary_secondary,M1_registration_shift,M1,26,0.103999558840542,0.00122916571871529,0.258103241296519,0.299473323162009,0.0456221949838602,0.146812931214825,0.118984239171541,1,0.128984239171541,1,M1,0.128984239171541,scored,M2,0.135239173069612,0.00625493389807055,1
misspec_primary_secondary_M1_registration_shift_seed_0026,misspec_primary_secondary,M1_registration_shift,M2,26,0.0878254894970795,0.0161444770607004,0.154861944777911,0.109674293213418,0.215531453527562,0.166150299704314,0.115239173069612,2,0.135239173069612,1,M1,0.128984239171541,scored,M2,0.135239173069612,0.00625493389807055,1
misspec_primary_secondary_M1_registration_shift_seed_0027,misspec_primary_secondary,M1_registration_shift,M0,27,0.330258349662665,0.0175607065060222,0.619447779111644,1.1058590162418,0.211397254340372,0.38686276288245,0.35006989428959,0,0.35006989428959,0,M2,0.0687452761203315,scored,M1,0.127910420840937,0.0591651447206059,0
misspec_primary_secondary_M1_registration_shift_seed_0027,misspec_primary_secondary,M1_registration_shift,M1,27,0.112893159473731,0.00123120254858098,0.206482593037215,0.405126374794989,0.0680805558183252,0.127228191951464,0.117910420840937,1,0.127910420840937,1,M2,0.0687452761203315,scored,M1,0.127910420840937,0.0591651447206059,0
misspec_primary_secondary_M1_registration_shift_seed_0027,misspec_primary_secondary,M1_registration_shift,M2,27,0.0395235307680088,0.00599555963683026,0.103241296518607,0.00402124158043828,0.101828702725377,0.065871374631788,0.0487452761203315,2,0.0687452761203315,1,M2,0.0687452761203315,scored,M1,0.127910420840937,0.0591651447206059,0
misspec_primary_secondary_M1_registration_shift_seed_0028,misspec_primary_secondary,M1_registration_shift,M0,28,0.264458523678961,0.0175574828048823,0.464585834333734,0.88567322733532,0.199410875396503,0.397567435669687,0.311046642875715,0,0.311046642875715,0,M1,0.090174591846359,scored,M2,0.0964501820019262,0.00627559015556721,1
misspec_primary_secondary_M1_registration_shift_seed_0028,misspec_primary_secondary,M1_registration_shift,M1,28,0.047009828791491,0.00106096945036987,0.0516206482593042,0.184940585888513,0.0560941768744554,0.141766294662542,0.080174591846359,1,0.090174591846359,1,M1,0.090174591846359,scored,M2,0.0964501820019262,0.00627559015556721,1
misspec_primary_secondary_M1_registration_shift_seed_0028,misspec_primary_secondary,M1_registration_shift,M2,28,0.0637749024062289,0.00549491186188819,0.0516206482593035,0.224207030486914,0.113815081669246,0.0999899869653641,0.0764501820019262,2,0.0964501820019262,1,M1,0.090174591846359,scored,M2,0.0964501820019262,0.00627559015556721,1
misspec_primary_secondary_M1_registration_shift_seed_0029,misspec_primary_secondary,M1_registration_shift,M0,29,0.270275907011545,0.0166745608006567,0.41296518607443,0.986423590185822,0.209213672456382,0.309327001281266,0.283943790005947,0,0.283943790005947,0,M1,0.0632455749715077,scored,M2,0.0850514853974518,0.0218059104259441,0
misspec_primary_secondary_M1_registration_shift_seed_0029,misspec_primary_secondary,M1_registration_shift,M1,29,0.0533101710468249,0.00114396529164459,0,0.285690948739015,0.0658969739343354,0.053125610831633,0.0532455749715077,1,0.0632455749715077,1,M1,0.0632455749715077,scored,M2,0.0850514853974518,0.0218059104259441,0
misspec_primary_secondary_M1_registration_shift_seed_0029,misspec_primary_secondary,M1_registration_shift,M2,29,0.0580859431602799,0.00663468203938314,0.103241296518608,0.123456667636412,0.104012284609366,0.0779874924093424,0.0650514853974518,2,0.0850514853974518,1,M1,0.0632455749715077,scored,M2,0.0850514853974518,0.0218059104259441,0
misspec_primary_secondary_M1_registration_shift_seed_0030,misspec_primary_secondary,M1_registration_shift,M0,30,0.31706449305145,0.0205614803649678,0.464585834333734,1.17511789049231,0.250659349522492,0.347606728985344,0.327754275628313,0,0.327754275628313,0,M2,0.0693763988130681,scored,M1,0.104905540487574,0.0355291416745054,0
misspec_primary_secondary_M1_registration_shift_seed_0030,misspec_primary_secondary,M1_registration_shift,M1,30,0.0986453197883101,0.00212401025911549,0.0516206482593042,0.474385249045499,0.107342651000445,0.0879602360719199,0.0949055404875735,1,0.104905540487574,1,M2,0.0693763988130681,scored,M1,0.104905540487574,0.0355291416745054,0
misspec_primary_secondary_M1_registration_shift_seed_0030,misspec_primary_secondary,M1_registration_shift,M2,30,0.0316671469304318,0.00434476249314348,0.0516206482593035,0.0652376326700718,0.0625666075432572,0.0822650094522498,0.0493763988130681,2,0.0693763988130681,1,M2,0.0693763988130681,scored,M1,0.104905540487574,0.0355291416745054,0
misspec_primary_secondary_M1_registration_shift_seed_0031,misspec_primary_secondary,M1_registration_shift,M0,31,0.277712938796724,0.0110278419077078,0.516206482593037,0.97493690709869,0.151447901729724,0.365280630133483,0.30836163076459,0,0.30836163076459,0,M1,0.089744154306952,scored,M2,0.0968047100944604,0.00706055578750847,1
misspec_primary_secondary_M1_registration_shift_seed_0031,misspec_primary_secondary,M1_registration_shift,M1,31,0.0635329350577984,0.00106871085028555,0.103241296518608,0.274204265651883,0.00813120320767735,0.109850704341094,0.079744154306952,1,0.089744154306952,1,M1,0.089744154306952,scored,M2,0.0968047100944604,0.00706055578750847,1
misspec_primary_secondary_M1_registration_shift_seed_0031,misspec_primary_secondary,M1_registration_shift,M2,31,0.0507421849351603,0.0124679480524501,0,0.134943350723544,0.161778055336024,0.125206542533161,0.0768047100944604,2,0.0968047100944604,1,M1,0.089744154306952,scored,M2,0.0968047100944604,0.00706055578750847,1
misspec_primary_secondary_M1_registration_shift_seed_0032,misspec_primary_secondary,M1_registration_shift,M0,32,0.331424402838796,0.0070974696509388,0.671068427370949,1.20201189719877,0.0890679863954806,0.324863749261405,0.329128174086709,0,0.329128174086709,0,M2,0.114258447454315,scored,M1,0.133067203522943,0.0188087560686279,1
misspec_primary_secondary_M1_registration_shift_seed_0032,misspec_primary_secondary,M1_registration_shift,M1,32,0.136201159814517,0.00250263274686814,0.258103241296519,0.501279255751962,0.0542487121265665,0.0986755704100199,0.123067203522943,1,0.133067203522943,1,M2,0.114258447454315,scored,M1,0.133067203522943,0.0188087560686279,1
misspec_primary_secondary_M1_registration_shift_seed_0032,misspec_primary_secondary,M1_registration_shift,M2,32,0.0882580710936501,0.0196844812620948,0.154861944777911,0.0921316393765346,0.224157970670268,0.105402003552693,0.0942584474543152,2,0.114258447454315,1,M2,0.114258447454315,scored,M1,0.133067203522943,0.0188087560686279,1
misspec_primary_secondary_M1_registration_shift_seed_0033,misspec_primary_secondary,M1_registration_shift,M0,33,0.323616145358627,0.0100801713636896,0.774309723889556,0.952913598628851,0.138513834030287,0.441386904498387,0.364835911057543,0,0.364835911057543,0,M1,0.150051195630881,scored,M2,0.158073564637254,0.00802236900637335,1
misspec_primary_secondary_M1_registration_shift_seed_0033,misspec_primary_secondary,M1_registration_shift,M1,33,0.111273320475672,0.000913679323152354,0.361344537815127,0.252180957182044,0.00480286449176029,0.193495820919125,0.140051195630881,1,0.150051195630881,1,M1,0.150051195630881,scored,M2,0.158073564637254,0.00802236900637335,1
misspec_primary_secondary_M1_registration_shift_seed_0033,misspec_primary_secondary,M1_registration_shift,M2,33,0.107915073425498,0.0130852156637352,0.258103241296519,0.156966659193383,0.174712123035462,0.194082191173372,0.138073564637254,2,0.158073564637254,1,M1,0.150051195630881,scored,M2,0.158073564637254,0.00802236900637335,1
misspec_primary_secondary_M1_registration_shift_seed_0034,misspec_primary_secondary,M1_registration_shift,M0,34,0.463142979051261,0.0276955031896135,0.929171668667467,1.47826853279537,0.278137425357701,0.391162703482162,0.437949882602076,0,0.437949882602076,0,M2,0.148940484157277,scored,M1,0.212993248284627,0.0640527641273496,0
misspec_primary_secondary_M1_registration_shift_seed_0034,misspec_primary_secondary,M1_registration_shift,M1,34,0.242285359480767,0.00438114046905306,0.516206482593037,0.777535891348564,0.134820726835654,0.130022184634654,0.202993248284627,1,0.212993248284627,1,M2,0.148940484157277,scored,M1,0.212993248284627,0.0640527641273496,0
misspec_primary_secondary_M1_registration_shift_seed_0034,misspec_primary_secondary,M1_registration_shift,M2,34,0.143935850339587,0.00164258424504728,0.41296518607443,0.368388274973137,0.0350885317080483,0.101091946961559,0.128940484157277,2,0.148940484157277,1,M2,0.148940484157277,scored,M1,0.212993248284627,0.0640527641273496,0
misspec_primary_secondary_M1_registration_shift_seed_0035,misspec_primary_secondary,M1_registration_shift,M0,35,0.233638601185523,0.00449513420832833,0.516206482593037,0.836880097598031,0.0174514861536465,0.343836188058218,0.272207756590966,0,0.272207756590966,0,M1,0.0957840051150722,scored,M2,0.130691203912403,0.0349071987973312,0
misspec_primary_secondary_M1_registration_shift_seed_0035,misspec_primary_secondary,M1_registration_shift,M1,35,0.063270753875106,0.00664118858688175,0.103241296518608,0.136147456151224,0.125865212368401,0.127594328846438,0.0857840051150722,1,0.0957840051150722,1,M1,0.0957840051150722,scored,M2,0.130691203912403,0.0349071987973312,0
misspec_primary_secondary_M1_registration_shift_seed_0035,misspec_primary_secondary,M1_registration_shift,M2,35,0.100745312553292,0.0308582357656932,0,0.273000160224204,0.295774470912102,0.129162145007895,0.110691203912403,2,0.130691203912403,1,M1,0.0957840051150722,scored,M2,0.130691203912403,0.0349071987973312,0
misspec_primary_secondary_M1_registration_shift_seed_0036,misspec_primary_secondary,M1_registration_shift,M0,36,0.276597177758911,0.0047909109060939,0.671068427370949,0.893243423046828,0.0400101558309979,0.360370815473967,0.305917950959181,0,0.305917950959181,0,M1,0.128370349222101,scored,M2,0.151333481182722,0.0229631319606208,0
misspec_primary_secondary_M1_registration_shift_seed_0036,misspec_primary_secondary,M1_registration_shift,M1,36,0.098513557982704,0.00504062215947925,0.258103241296519,0.192510781600022,0.103306542691049,0.155247247238123,0.118370349222101,1,0.128370349222101,1,M1,0.128370349222101,scored,M2,0.151333481182722,0.0229631319606208,0
misspec_primary_secondary_M1_registration_shift_seed_0036,misspec_primary_secondary,M1_registration_shift,M2,36,0.118029784551873,0.0271590003895338,0.154861944777911,0.216636834775406,0.273215801234751,0.156040346354298,0.131333481182722,2,0.151333481182722,1,M1,0.128370349222101,scored,M2,0.151333481182722,0.0229631319606208,0
misspec_primary_secondary_M1_registration_shift_seed_0037,misspec_primary_secondary,M1_registration_shift,M0,37,0.2478915533473,0.036099241184807,0.206482593037215,0.957222141957574,0.299747285692114,0.451126581932982,0.319023813352289,0,0.319023813352289,0,M2,0.135512413674595,scored,M1,0.144719138031529,0.00920672435693434,1
misspec_primary_secondary_M1_registration_shift_seed_0037,misspec_primary_secondary,M1_registration_shift,M1,37,0.107336659154964,0.00820425479079165,0.206482593037215,0.256489500510768,0.156430587170067,0.185572313088007,0.134719138031529,1,0.144719138031529,1,M2,0.135512413674595,scored,M1,0.144719138031529,0.00920672435693434,1
misspec_primary_secondary_M1_registration_shift_seed_0037,misspec_primary_secondary,M1_registration_shift,M2,37,0.0871025506332571,0.000474509272696827,0.309723889555823,0.15265811586466,0.0134786713736346,0.168273587894222,0.115512413674595,2,0.135512413674595,1,M2,0.135512413674595,scored,M1,0.144719138031529,0.00920672435693434,1
misspec_primary_secondary_M1_registration_shift_seed_0038,misspec_primary_secondary,M1_registration_shift,M0,38,0.322205900419987,0.0105589542618993,0.619447779111644,1.15878322504434,0.128129224733717,0.355683964997569,0.333923223022141,0,0.333923223022141,0,M2,0.087019465387532,scored,M1,0.121935746639108,0.0349162812515757,0
misspec_primary_secondary_M1_registration_shift_seed_0038,misspec_primary_secondary,M1_registration_shift,M1,38,0.112573456618091,0.00058245880553661,0.206482593037215,0.458050583597534,0.0151874737883305,0.11075142810671,0.111935746639108,1,0.121935746639108,1,M2,0.087019465387532,scored,M1,0.121935746639108,0.0349162812515757,0
misspec_primary_secondary_M1_registration_shift_seed_0038,misspec_primary_secondary,M1_registration_shift,M2,38,0.0617146264528299,0.0119328244319752,0.103241296518607,0.0489029672221067,0.185096732332032,0.0768713091234072,0.067019465387532,2,0.087019465387532,1,M2,0.087019465387532,scored,M1,0.121935746639108,0.0349162812515757,0
misspec_primary_secondary_M1_registration_shift_seed_0039,misspec_primary_secondary,M1_registration_shift,M0,39,0.303667911115442,0.007132600252534,0.671068427370949,1.01996369255785,0.0859558108753834,0.340832955051043,0.316675676492902,0,0.316675676492902,0,M2,0.108032166630223,scored,M1,0.118526134994459,0.0104939683642363,1
misspec_primary_secondary_M1_registration_shift_seed_0039,misspec_primary_secondary,M1_registration_shift,M1,39,0.109181125025733,0.00214337190554713,0.258103241296519,0.319231051111043,0.0573608876466637,0.107309724936378,0.108526134994459,1,0.118526134994459,1,M2,0.108032166630223,scored,M1,0.118526134994459,0.0104939683642363,1
misspec_primary_secondary_M1_registration_shift_seed_0039,misspec_primary_secondary,M1_registration_shift,M2,39,0.0880001308977069,0.0188994704478244,0.154861944777911,0.0899165652643839,0.227270146190366,0.0880916615620382,0.0880321666302228,2,0.108032166630223,1,M2,0.108032166630223,scored,M1,0.118526134994459,0.0104939683642363,1
misspec_primary_secondary_M1_registration_shift_seed_0040,misspec_primary_secondary,M1_registration_shift,M0,40,0.280215940440787,0.0143756203783468,0.309723889555823,1.21078432047065,0.19643802846568,0.398940884327121,0.321769670801004,0,0.321769670801004,0,M2,0.105452614324708,scored,M1,0.128913555396251,0.0234609410715434,0
misspec_primary_secondary_M1_registration_shift_seed_0040,misspec_primary_secondary,M1_registration_shift,M1,40,0.10564124137406,0.00103406145043408,0.103241296518607,0.510051679023842,0.0531213299436328,0.14356213858032,0.118913555396251,1,0.128913555396251,1,M2,0.105452614324708,scored,M1,0.128913555396251,0.0234609410715434,0
misspec_primary_secondary_M1_registration_shift_seed_0040,misspec_primary_secondary,M1_registration_shift,M2,40,0.0784053268948938,0.00891001920035638,0.206482593037215,0.100904062648415,0.116787928600069,0.0985404338372188,0.0854526143247075,2,0.105452614324708,1,M2,0.105452614324708,scored,M1,0.128913555396251,0.0234609410715434,0
misspec_primary_secondary_M2_outside_disorder_seed_0001,misspec_primary_secondary,M2_outside_disorder,M0,1,0.655162469448407,0.0588265836082529,1.18727490996399,2.20876237002842,0.379865600981467,0.665017283346295,0.658611654312668,0,0.658611654312668,0,M2,0.310274984011829,scored,M1,0.421977041206519,0.11170205719469,0
misspec_primary_secondary_M2_outside_disorder_seed_0001,misspec_primary_secondary,M2_outside_disorder,M1,1,0.426484796126125,0.0198721133841188,0.774309723889556,1.50802972858161,0.23654890245942,0.385034067784393,0.411977041206519,1,0.421977041206519,1,M2,0.310274984011829,scored,M1,0.421977041206519,0.11170205719469,0
misspec_primary_secondary_M2_outside_disorder_seed_0001,misspec_primary_secondary,M2_outside_disorder,M2,1,0.310436117382888,0.00278833698082523,0.671068427370948,1.09888211220619,0.0666396439157185,0.252832879179862,0.290274984011829,2,0.310274984011829,1,M2,0.310274984011829,scored,M1,0.421977041206519,0.11170205719469,0
misspec_primary_secondary_M2_outside_disorder_seed_0002,misspec_primary_secondary,M2_outside_disorder,M0,2,0.593212915301597,0.060229007976208,1.13565426170468,1.85133897550356,0.388444750980153,0.676288595422609,0.622289403343952,0,0.622289403343952,0,M2,0.272463344294054,scored,M1,0.384903997109326,0.112440652815272,0
misspec_primary_secondary_M2_outside_disorder_seed_0002,misspec_primary_secondary,M2_outside_disorder,M1,2,0.364216949129744,0.0206379520529287,0.722689075630252,1.15060633405675,0.245128052458106,0.39475137192855,0.374903997109326,1,0.384903997109326,1,M2,0.272463344294054,scored,M1,0.384903997109326,0.112440652815272,0
misspec_primary_secondary_M2_outside_disorder_seed_0002,misspec_primary_secondary,M2_outside_disorder,M2,2,0.247691216295895,0.0026000674684127,0.619447779111644,0.741458717681327,0.0752187939144038,0.261325867719207,0.252463344294054,2,0.272463344294054,1,M2,0.272463344294054,scored,M1,0.384903997109326,0.112440652815272,0
misspec_primary_secondary_M2_outside_disorder_seed_0003,misspec_primary_secondary,M2_outside_disorder,M0,3,0.605118657946458,0.0561818419886673,1.08403361344538,2.0388877242547,0.362585704165624,0.668369655045001,0.627256506930948,0,0.627256506930948,0,M2,0.279218368470408,scored,M1,0.39075830964615,0.111539941175742,0
misspec_primary_secondary_M2_outside_disorder_seed_0003,misspec_primary_secondary,M2_outside_disorder,M1,3,0.377022528027048,0.0183904585702743,0.671068427370949,1.3381550828079,0.219269005643577,0.387696189795911,0.38075830964615,1,0.39075830964615,1,M2,0.279218368470408,scored,M1,0.39075830964615,0.111539941175742,0
misspec_primary_secondary_M2_outside_disorder_seed_0003,misspec_primary_secondary,M2_outside_disorder,M2,3,0.26157466397907,0.00250831155750048,0.567827130852341,0.92900746643247,0.0493597470998754,0.254842391097178,0.259218368470408,2,0.279218368470408,1,M2,0.279218368470408,scored,M1,0.39075830964615,0.111539941175742,0
misspec_primary_secondary_M2_outside_disorder_seed_0004,misspec_primary_secondary,M2_outside_disorder,M0,4,0.654832263640903,0.0892594683159328,0.929171668667467,2.32914914522844,0.499972159767845,0.63949091508099,0.649462791644934,0,0.649462791644934,0,M2,0.28941817982077,scored,M1,0.407008898216616,0.117590718395846,0
misspec_primary_secondary_M2_outside_disorder_seed_0004,misspec_primary_secondary,M2_outside_disorder,M1,4,0.420614186353204,0.0392241901609619,0.516206482593037,1.62841650378164,0.356655461245798,0.353170505962954,0.397008898216616,1,0.407008898216616,1,M2,0.28941817982077,scored,M1,0.407008898216616,0.117590718395846,0
misspec_primary_secondary_M2_outside_disorder_seed_0004,misspec_primary_secondary,M2_outside_disorder,M2,4,0.298451968875703,0.00991333628914302,0.41296518607443,1.21926888740621,0.186746202702096,0.215498285861609,0.26941817982077,2,0.28941817982077,1,M2,0.28941817982077,scored,M1,0.407008898216616,0.117590718395846,0
misspec_primary_secondary_M2_outside_disorder_seed_0005,misspec_primary_secondary,M2_outside_disorder,M0,5,0.573304272615246,0.0592787861134948,1.08403361344538,1.79448353771414,0.384570841415349,0.620176967877243,0.589709715956945,0,0.589709715956945,0,M2,0.239765580214386,scored,M1,0.352212364637471,0.112446784423084,0
misspec_primary_secondary_M2_outside_disorder_seed_0005,misspec_primary_secondary,M2_outside_disorder,M1,5,0.344552983918678,0.0201770851407874,0.671068427370949,1.09375089626733,0.241254142893302,0.337865500258086,0.342212364637471,1,0.352212364637471,1,M2,0.239765580214386,scored,M1,0.352212364637471,0.112446784423084,0
misspec_primary_secondary_M2_outside_disorder_seed_0005,misspec_primary_secondary,M2_outside_disorder,M2,5,0.22838319145362,0.00285108129385277,0.567827130852341,0.684603279891903,0.0713448843496003,0.20376144505581,0.219765580214386,2,0.239765580214386,1,M2,0.239765580214386,scored,M1,0.352212364637471,0.112446784423084,0
misspec_primary_secondary_M2_outside_disorder_seed_0006,misspec_primary_secondary,M2_outside_disorder,M0,6,0.629177654037524,0.0622082673878092,1.18727490996399,2.00850951502758,0.395614073977901,0.722969501839696,0.662004800768284,0,0.662004800768284,0,M2,0.31024515303838,scored,M1,0.423616781874133,0.113371628835753,0
misspec_primary_secondary_M2_outside_disorder_seed_0006,misspec_primary_secondary,M2_outside_disorder,M1,6,0.399821221460785,0.0218962786547596,0.774309723889556,1.30777687358077,0.252297375455854,0.439237108356065,0.413616781874133,1,0.423616781874133,1,M2,0.31024515303838,scored,M1,0.423616781874133,0.113371628835753,0
misspec_primary_secondary_M2_outside_disorder_seed_0006,misspec_primary_secondary,M2_outside_disorder,M2,6,0.282928195446977,0.00312380771032596,0.671068427370948,0.898629257205346,0.0823881169121521,0.303833788565271,0.29024515303838,2,0.31024515303838,1,M2,0.31024515303838,scored,M1,0.423616781874133,0.113371628835753,0
misspec_primary_secondary_M2_outside_disorder_seed_0007,misspec_primary_secondary,M2_outside_disorder,M0,7,0.633633570578708,0.074416238886551,0.929171668667467,2.28682148284661,0.450452633166321,0.696954019210079,0.655795727599688,0,0.655795727599688,0,M2,0.300540241798918,scored,M1,0.415716899568043,0.115176657769125,0
misspec_primary_secondary_M2_outside_disorder_seed_0007,misspec_primary_secondary,M2_outside_disorder,M1,7,0.401945895657956,0.0294417654654753,0.516206482593037,1.5860888413998,0.307135934644274,0.41272019254392,0.405716899568043,1,0.415716899568043,1,M2,0.300540241798918,scored,M1,0.415716899568043,0.115176657769125,0
misspec_primary_secondary_M2_outside_disorder_seed_0007,misspec_primary_secondary,M2_outside_disorder,M2,7,0.282546012892177,0.00565558101709823,0.41296518607443,1.17694122502437,0.137226676100572,0.27681523834001,0.280540241798918,2,0.300540241798918,1,M2,0.300540241798918,scored,M1,0.415716899568043,0.115176657769125,0
misspec_primary_secondary_M2_outside_disorder_seed_0008,misspec_primary_secondary,M2_outside_disorder,M0,8,0.661058577900987,0.0610842333205796,1.03241296518607,2.44574513877602,0.38114731591386,0.627282800547541,0.649237055827281,0,0.649237055827281,0,M2,0.298373698650927,scored,M1,0.411304646445604,0.112930947794678,0
misspec_primary_secondary_M2_outside_disorder_seed_0008,misspec_primary_secondary,M2_outside_disorder,M1,8,0.43188944011546,0.0211468341699526,0.619447779111645,1.74501249732922,0.237830617391813,0.344504315344444,0.401304646445604,1,0.411304646445604,1,M2,0.298373698650927,scored,M1,0.411304646445604,0.112930947794678,0
misspec_primary_secondary_M2_outside_disorder_seed_0008,misspec_primary_secondary,M2_outside_disorder,M2,8,0.315216283743522,0.00281410250925969,0.516206482593037,1.33586488095379,0.0679213588481112,0.209951754907535,0.278373698650927,2,0.298373698650927,1,M2,0.298373698650927,scored,M1,0.411304646445604,0.112930947794678,0
misspec_primary_secondary_M2_outside_disorder_seed_0009,misspec_primary_secondary,M2_outside_disorder,M0,9,0.604131452240524,0.059118060478735,0.929171668667467,2.21248907734404,0.37909817777371,0.712644224488556,0.642110922527335,0,0.642110922527335,0,M2,0.293234695696298,scored,M1,0.405149886013317,0.111915190317019,0
misspec_primary_secondary_M2_outside_disorder_seed_0009,misspec_primary_secondary,M2_outside_disorder,M1,9,0.37537547921279,0.0200069908436954,0.516206482593037,1.51175643589724,0.235781479251663,0.431873784357153,0.395149886013317,1,0.405149886013317,1,M2,0.293234695696298,scored,M1,0.405149886013317,0.111915190317019,0
misspec_primary_secondary_M2_outside_disorder_seed_0009,misspec_primary_secondary,M2_outside_disorder,M2,9,0.259312647065787,0.00289490763287068,0.41296518607443,1.10260881952181,0.0658722207079611,0.299089928867247,0.273234695696298,2,0.293234695696298,1,M2,0.293234695696298,scored,M1,0.405149886013317,0.111915190317019,0
misspec_primary_secondary_M2_outside_disorder_seed_0010,misspec_primary_secondary,M2_outside_disorder,M0,10,0.637338381265877,0.0717114338471223,1.18727490996399,1.99155028743367,0.435300928229794,0.757629469737832,0.679440262231061,0,0.679440262231061,0,M2,0.323471333245226,scored,M1,0.438943616441509,0.115472283196282,0
misspec_primary_secondary_M2_outside_disorder_seed_0010,misspec_primary_secondary,M2_outside_disorder,M1,10,0.406139823885287,0.0277151955063701,0.774309723889556,1.29081764598686,0.291984229707747,0.471293516903063,0.428943616441509,1,0.438943616441509,1,M2,0.323471333245226,scored,M1,0.438943616441509,0.115472283196282,0
misspec_primary_secondary_M2_outside_disorder_seed_0010,misspec_primary_secondary,M2_outside_disorder,M2,10,0.287184569130534,0.00481826708004596,0.671068427370948,0.881670029611433,0.122074971164045,0.333718180886797,0.303471333245226,2,0.323471333245226,1,M2,0.323471333245226,scored,M1,0.438943616441509,0.115472283196282,0
misspec_primary_secondary_M2_outside_disorder_seed_0011,misspec_primary_secondary,M2_outside_disorder,M0,11,0.572477341467324,0.0567671656770411,0.929171668667467,2.01672993532787,0.371666230640862,0.709432706508341,0.62041171923168,0,0.62041171923168,0,M2,0.271562753829399,scored,M1,0.383500309952003,0.111937556122605,0
misspec_primary_secondary_M2_outside_disorder_seed_0011,misspec_primary_secondary,M2_outside_disorder,M1,11,0.344233582497299,0.018680524157418,0.516206482593037,1.31599729388107,0.228349532118815,0.427852803796455,0.373500309952003,1,0.383500309952003,1,M2,0.271562753829399,scored,M1,0.383500309952003,0.111937556122605,0
misspec_primary_secondary_M2_outside_disorder_seed_0011,misspec_primary_secondary,M2_outside_disorder,M2,11,0.228529412408423,0.00228576506284784,0.41296518607443,0.906849677505639,0.0584402735751128,0.294338959325497,0.251562753829399,2,0.271562753829399,1,M2,0.271562753829399,scored,M1,0.383500309952003,0.111937556122605,0
misspec_primary_secondary_M2_outside_disorder_seed_0012,misspec_primary_secondary,M2_outside_disorder,M0,12,0.587001327668819,0.0707790368964221,0.98079231692677,1.94477249731949,0.424916474915531,0.661652689712953,0.613129304384266,0,0.613129304384266,0,M2,0.257796462133369,scored,M1,0.372920205793164,0.115123743659796,0
misspec_primary_secondary_M2_outside_disorder_seed_0012,misspec_primary_secondary,M2_outside_disorder,M1,12,0.355910710710287,0.0269986793997869,0.567827130852341,1.24403985587269,0.281599776393484,0.375937839518507,0.362920205793164,1,0.372920205793164,1,M2,0.257796462133369,scored,M1,0.372920205793164,0.115123743659796,0
misspec_primary_secondary_M2_outside_disorder_seed_0012,misspec_primary_secondary,M2_outside_disorder,M2,12,0.237146652271633,0.00448414360566106,0.464585834333733,0.83489223949726,0.111690517849782,0.239003251876591,0.237796462133369,2,0.257796462133369,1,M2,0.257796462133369,scored,M1,0.372920205793164,0.115123743659796,0
misspec_primary_secondary_M2_outside_disorder_seed_0013,misspec_primary_secondary,M2_outside_disorder,M0,13,0.6286688242848,0.0663067816740356,1.03241296518607,2.16781916579665,0.425733103607136,0.685699555015563,0.648629580040567,0,0.648629580040567,0,M2,0.297077388718961,scored,M1,0.410438571707286,0.113361182988326,0
misspec_primary_secondary_M2_outside_disorder_seed_0013,misspec_primary_secondary,M2_outside_disorder,M1,13,0.398508861332851,0.0243877321905647,0.619447779111645,1.46708652434984,0.282416405085089,0.404022319545524,0.400438571707286,1,0.410438571707286,1,M2,0.297077388718961,scored,M1,0.410438571707286,0.113361182988326,0
misspec_primary_secondary_M2_outside_disorder_seed_0013,misspec_primary_secondary,M2_outside_disorder,M2,13,0.280729075048245,0.00384174070453432,0.516206482593037,1.05793890797441,0.112507146541387,0.270295685536004,0.277077388718961,2,0.297077388718961,1,M2,0.297077388718961,scored,M1,0.410438571707286,0.113361182988326,0
misspec_primary_secondary_M2_outside_disorder_seed_0014,misspec_primary_secondary,M2_outside_disorder,M0,14,0.635297544117299,0.0683269297771912,1.03241296518607,2.21193296484865,0.419076943094603,0.664462637871669,0.645505326931328,0,0.645505326931328,0,M2,0.29252875021854,scored,M1,0.406553701660921,0.11402495144238,0
misspec_primary_secondary_M2_outside_disorder_seed_0014,misspec_primary_secondary,M2_outside_disorder,M1,14,0.404744797756723,0.025622313476468,0.619447779111645,1.51120032340185,0.275760244572555,0.38134166605443,0.396553701660921,1,0.406553701660921,1,M2,0.29252875021854,scored,M1,0.406553701660921,0.11402495144238,0
misspec_primary_secondary_M2_outside_disorder_seed_0014,misspec_primary_secondary,M2_outside_disorder,M2,14,0.286571016549935,0.00428833214607322,0.516206482593037,1.10205270702642,0.105850986028854,0.246450255603093,0.27252875021854,2,0.29252875021854,1,M2,0.29252875021854,scored,M1,0.406553701660921,0.11402495144238,0
misspec_primary_secondary_M2_outside_disorder_seed_0015,misspec_primary_secondary,M2_outside_disorder,M0,15,0.611456496034968,0.0666992342971878,1.03241296518607,2.06458508613063,0.412910152863764,0.654823432719402,0.62663492387452,0,0.62663492387452,0,M2,0.273802287317223,scored,M1,0.38773733957742,0.113935052260197,0
misspec_primary_secondary_M2_outside_disorder_seed_0015,misspec_primary_secondary,M2_outside_disorder,M1,15,0.381180319829458,0.0245477583065953,0.619447779111645,1.36385244468383,0.269593454341717,0.371343233395064,0.37773733957742,1,0.38773733957742,1,M2,0.273802287317223,scored,M1,0.38773733957742,0.113935052260197,0
misspec_primary_secondary_M2_outside_disorder_seed_0015,misspec_primary_secondary,M2_outside_disorder,M2,15,0.263320121774656,0.00384094328017266,0.516206482593037,0.954704828308399,0.0996841957980152,0.236126309039134,0.253802287317223,2,0.273802287317223,1,M2,0.273802287317223,scored,M1,0.38773733957742,0.113935052260197,0
misspec_primary_secondary_M2_outside_disorder_seed_0016,misspec_primary_secondary,M2_outside_disorder,M0,16,0.596642395578697,0.0737357192823412,0.877551020408163,2.12037903865166,0.441383173720965,0.708133029126151,0.635664117320306,0,0.635664117320306,0,M2,0.279938677364117,scored,M1,0.395346390922015,0.115407713557898,0
misspec_primary_secondary_M2_outside_disorder_seed_0016,misspec_primary_secondary,M2_outside_disorder,M1,16,0.365076063974172,0.029003932493719,0.464585834333733,1.41964639720485,0.298066475198918,0.422991283825151,0.385346390922015,1,0.395346390922015,1,M2,0.279938677364117,scored,M1,0.395346390922015,0.115407713557898,0
misspec_primary_secondary_M2_outside_disorder_seed_0016,misspec_primary_secondary,M2_outside_disorder,M2,16,0.245721550721898,0.00530848707235381,0.361344537815125,1.01049878082943,0.128157216655216,0.286341912556808,0.259938677364117,2,0.279938677364117,1,M2,0.279938677364117,scored,M1,0.395346390922015,0.115407713557898,0
misspec_primary_secondary_M2_outside_disorder_seed_0017,misspec_primary_secondary,M2_outside_disorder,M0,17,0.588583300800794,0.0691675880602364,0.877551020408163,2.09951395364977,0.423748064277185,0.630529179756643,0.603264358435341,0,0.603264358435341,0,M2,0.249613745590488,scored,M1,0.363974794003703,0.114361048413215,0
misspec_primary_secondary_M2_outside_disorder_seed_0017,misspec_primary_secondary,M2_outside_disorder,M1,17,0.357856409765683,0.0261146824104425,0.464585834333733,1.39878131220296,0.280431365755138,0.346766079017168,0.353974794003703,1,0.363974794003703,1,M2,0.249613745590488,scored,M1,0.363974794003703,0.114361048413215,0
misspec_primary_secondary_M2_outside_disorder_seed_0017,misspec_primary_secondary,M2_outside_disorder,M2,17,0.239453403338162,0.0043222506385828,0.361344537815125,0.989633695827535,0.110522107211436,0.211340095487664,0.229613745590488,2,0.249613745590488,1,M2,0.249613745590488,scored,M1,0.363974794003703,0.114361048413215,0
misspec_primary_secondary_M2_outside_disorder_seed_0018,misspec_primary_secondary,M2_outside_disorder,M0,18,0.555977406552323,0.0648180898158405,0.877551020408163,1.9128529628195,0.407534754265639,0.624227036349912,0.579864776981479,0,0.579864776981479,0,M2,0.229211217186856,scored,M1,0.342109307762734,0.112898090575878,0
misspec_primary_secondary_M2_outside_disorder_seed_0018,misspec_primary_secondary,M2_outside_disorder,M1,18,0.326061896096669,0.0233879453249608,0.464585834333733,1.21212032137269,0.264218055743592,0.343340215142569,0.332109307762734,1,0.342109307762734,1,M2,0.229211217186856,scored,M1,0.342109307762734,0.112898090575878,0
misspec_primary_secondary_M2_outside_disorder_seed_0018,misspec_primary_secondary,M2_outside_disorder,M2,18,0.208563631406893,0.00340499702859013,0.361344537815125,0.802972704997263,0.0943087971998902,0.210413876492503,0.209211217186856,2,0.229211217186856,1,M2,0.229211217186856,scored,M1,0.342109307762734,0.112898090575878,0
misspec_primary_secondary_M2_outside_disorder_seed_0019,misspec_primary_secondary,M2_outside_disorder,M0,19,0.667418192591403,0.0649301305402277,1.08403361344538,2.37937846331206,0.408264234236031,0.710417575158586,0.682467976489917,0,0.682467976489917,0,M2,0.328956709981584,scored,M1,0.443196130985042,0.114239421003458,0
misspec_primary_secondary_M2_outside_disorder_seed_0019,misspec_primary_secondary,M2_outside_disorder,M1,19,0.437517397512211,0.0235294168022713,0.671068427370949,1.67864582186525,0.264947535713984,0.4251709217203,0.433196130985042,1,0.443196130985042,1,M2,0.328956709981584,scored,M1,0.443196130985042,0.114239421003458,0
misspec_primary_secondary_M2_outside_disorder_seed_0019,misspec_primary_secondary,M2_outside_disorder,M2,19,0.319900861105276,0.00330992507158284,0.567827130852341,1.26949820548983,0.0950382771702818,0.288631857894728,0.308956709981584,2,0.328956709981584,1,M2,0.328956709981584,scored,M1,0.443196130985042,0.114239421003458,0
misspec_primary_secondary_M2_outside_disorder_seed_0020,misspec_primary_secondary,M2_outside_disorder,M0,20,0.647071297791659,0.0568454917141194,1.29051620648259,2.03415802852804,0.369477375725836,0.669331369940053,0.654862323043597,0,0.654862323043597,0,M2,0.307060961885505,scored,M1,0.418533187615873,0.111472225730368,0
misspec_primary_secondary_M2_outside_disorder_seed_0020,misspec_primary_secondary,M2_outside_disorder,M1,20,0.418805910200083,0.018715592951396,0.877551020408163,1.33342538708123,0.226160677203789,0.389455274245197,0.408533187615873,1,0.418533187615873,1,M2,0.307060961885505,scored,M1,0.418533187615873,0.111472225730368,0
misspec_primary_secondary_M2_outside_disorder_seed_0020,misspec_primary_secondary,M2_outside_disorder,M2,20,0.303054499953125,0.00222635354066057,0.774309723889556,0.924277770705803,0.0562514186600869,0.257358676902783,0.287060961885505,2,0.307060961885505,1,M2,0.307060961885505,scored,M1,0.418533187615873,0.111472225730368,0
misspec_primary_secondary_M2_outside_disorder_seed_0021,misspec_primary_secondary,M2_outside_disorder,M0,21,0.613902714445582,0.0727746105452373,0.82593037214886,2.30583644193754,0.443025789683732,0.719852322256996,0.650985077179576,0,0.650985077179576,0,M2,0.296405980519573,scored,M1,0.411274566940232,0.114868586420659,0
misspec_primary_secondary_M2_outside_disorder_seed_0021,misspec_primary_secondary,M2_outside_disorder,M1,21,0.382557884377192,0.0284858268288862,0.41296518607443,1.60510380049073,0.299709091161685,0.436034120271593,0.401274566940232,1,0.411274566940232,1,M2,0.296405980519573,scored,M1,0.411274566940232,0.114868586420659,0
misspec_primary_secondary_M2_outside_disorder_seed_0021,misspec_primary_secondary,M2_outside_disorder,M2,21,0.263349076642596,0.00508179244287702,0.309723889555823,1.19595618411531,0.129799832617983,0.300654516291101,0.276405980519573,2,0.296405980519573,1,M2,0.296405980519573,scored,M1,0.411274566940232,0.114868586420659,0
misspec_primary_secondary_M2_outside_disorder_seed_0022,misspec_primary_secondary,M2_outside_disorder,M0,22,0.597534014024858,0.066695066254427,0.929171668667467,2.11283962912422,0.409508018636785,0.649554636083096,0.615741231745241,0,0.615741231745241,0,M2,0.263620158786108,scored,M1,0.377257130471743,0.113636971685635,0
misspec_primary_secondary_M2_outside_disorder_seed_0022,misspec_primary_secondary,M2_outside_disorder,M1,22,0.367260934600618,0.0245497838263754,0.516206482593037,1.41210698767742,0.266191320114738,0.367250065660975,0.367257130471743,1,0.377257130471743,1,M2,0.263620158786108,scored,M1,0.377257130471743,0.113636971685635,0
misspec_primary_secondary_M2_outside_disorder_seed_0022,misspec_primary_secondary,M2_outside_disorder,M2,22,0.24930534890939,0.00365219352710133,0.41296518607443,1.00295937130199,0.0962820615710359,0.233061948557155,0.243620158786108,2,0.263620158786108,1,M2,0.263620158786108,scored,M1,0.377257130471743,0.113636971685635,0
misspec_primary_secondary_M2_outside_disorder_seed_0023,misspec_primary_secondary,M2_outside_disorder,M0,23,0.671443051464145,0.0732685366466764,1.03241296518607,2.40576782688768,0.449740107136264,0.694979596673356,0.679680842287369,0,0.679680842287369,0,M2,0.324502052552157,scored,M1,0.439636197144193,0.115134144592036,0
misspec_primary_secondary_M2_outside_disorder_seed_0023,misspec_primary_secondary,M2_outside_disorder,M1,23,0.439981918655223,0.0287471474492602,0.619447779111645,1.70503518544088,0.306423408614217,0.410422714337994,0.429636197144193,1,0.439636197144193,1,M2,0.324502052552157,scored,M1,0.439636197144193,0.115134144592036,0
misspec_primary_secondary_M2_outside_disorder_seed_0023,misspec_primary_secondary,M2_outside_disorder,M2,23,0.320773809682836,0.00534451058766845,0.516206482593037,1.29588756906545,0.136514150070515,0.274283075023751,0.304502052552157,2,0.324502052552157,1,M2,0.324502052552157,scored,M1,0.439636197144193,0.115134144592036,0
misspec_primary_secondary_M2_outside_disorder_seed_0024,misspec_primary_secondary,M2_outside_disorder,M0,24,0.621849192954567,0.0693828927020569,0.98079231692677,2.17374006849222,0.432921819629005,0.677134348396709,0.641198997359317,0,0.641198997359317,0,M2,0.286985554599982,scored,M1,0.401576644089244,0.114591089489262,0
misspec_primary_secondary_M2_outside_disorder_seed_0024,misspec_primary_secondary,M2_outside_disorder,M1,24,0.391132430905919,0.0263502450251884,0.567827130852341,1.47300742704542,0.289605121106958,0.392401611429704,0.391576644089244,1,0.401576644089244,1,M2,0.286985554599982,scored,M1,0.401576644089244,0.114591089489262,0
misspec_primary_secondary_M2_outside_disorder_seed_0024,misspec_primary_secondary,M2_outside_disorder,M2,24,0.27274727224056,0.004593508777652,0.464585834333733,1.06385981066999,0.119695862563256,0.256285221838908,0.266985554599982,2,0.286985554599982,1,M2,0.286985554599982,scored,M1,0.401576644089244,0.114591089489262,0
misspec_primary_secondary_M2_outside_disorder_seed_0025,misspec_primary_secondary,M2_outside_disorder,M0,25,0.574923062150713,0.0674188035386135,0.82593037214886,2.09302951070459,0.413821062306308,0.702018955455486,0.619406624807384,0,0.619406624807384,0,M2,0.265933756058392,scored,M1,0.380156225540948,0.114222469482556,0
misspec_primary_secondary_M2_outside_disorder_seed_0025,misspec_primary_secondary,M2_outside_disorder,M1,25,0.344496037472764,0.0249656306031433,0.41296518607443,1.39229686925778,0.270504363784261,0.417810860524717,0.370156225540948,1,0.380156225540948,1,M2,0.265933756058392,scored,M1,0.380156225540948,0.114222469482556,0
misspec_primary_secondary_M2_outside_disorder_seed_0025,misspec_primary_secondary,M2_outside_disorder,M2,25,0.226456792049082,0.00390072083896171,0.309723889555823,0.983149252882354,0.100595105240559,0.28210526064711,0.245933756058392,2,0.265933756058392,1,M2,0.265933756058392,scored,M1,0.380156225540948,0.114222469482556,0
misspec_primary_secondary_M2_outside_disorder_seed_0026,misspec_primary_secondary,M2_outside_disorder,M0,26,0.625412057357609,0.060970857796841,0.929171668667467,2.33913869617682,0.388143268661153,0.664461652570956,0.63907941568228,0,0.63907941568228,0,M2,0.288809269963542,scored,M1,0.401490439223561,0.112681169260018,0
misspec_primary_secondary_M2_outside_disorder_seed_0026,misspec_primary_secondary,M2_outside_disorder,M1,26,0.396281677404491,0.0211109743110322,0.516206482593037,1.63840605473001,0.244826570139106,0.382592425458976,0.391490439223561,1,0.401490439223561,1,M2,0.288809269963542,scored,M1,0.401490439223561,0.112681169260018,0
misspec_primary_secondary_M2_outside_disorder_seed_0026,misspec_primary_secondary,M2_outside_disorder,M2,26,0.279634051916529,0.00282930441828988,0.41296518607443,1.22925843835458,0.0749173115954039,0.248706103479425,0.268809269963542,2,0.288809269963542,1,M2,0.288809269963542,scored,M1,0.401490439223561,0.112681169260018,0
misspec_primary_secondary_M2_outside_disorder_seed_0027,misspec_primary_secondary,M2_outside_disorder,M0,27,0.709300636126534,0.0780393674599917,1.13565426170468,2.49031189767626,0.464022102694422,0.630114001270463,0.681585313926909,0,0.681585313926909,0,M2,0.323575375484395,scored,M1,0.440079599201036,0.116504223716641,0
misspec_primary_secondary_M2_outside_disorder_seed_0027,misspec_primary_secondary,M2_outside_disorder,M1,27,0.476984556062127,0.0318080837516055,0.722689075630252,1.78957925622945,0.320705404172375,0.342970393601867,0.430079599201036,1,0.440079599201036,1,M2,0.323575375484395,scored,M1,0.440079599201036,0.116504223716641,0
misspec_primary_secondary_M2_outside_disorder_seed_0027,misspec_primary_secondary,M2_outside_disorder,M2,27,0.356845276376255,0.00654310546304394,0.619447779111644,1.38043163985402,0.150796145628673,0.204645559542369,0.303575375484395,2,0.323575375484395,1,M2,0.323575375484395,scored,M1,0.440079599201036,0.116504223716641,0
misspec_primary_secondary_M2_outside_disorder_seed_0028,misspec_primary_secondary,M2_outside_disorder,M0,28,0.565333997934588,0.079475474745642,0.774309723889556,2.01103091327166,0.460531191954039,0.679500463667885,0.605292260941242,0,0.605292260941242,0,M2,0.248690267834973,scored,M1,0.364557130747802,0.115866862912829,0
misspec_primary_secondary_M2_outside_disorder_seed_0028,misspec_primary_secondary,M2_outside_disorder,M1,28,0.332736581214229,0.0326815177253523,0.361344537815127,1.31029827182486,0.317214493431992,0.39508100845301,0.354557130747802,1,0.364557130747802,1,M2,0.248690267834973,scored,M1,0.364557130747802,0.115866862912829,0
misspec_primary_secondary_M2_outside_disorder_seed_0028,misspec_primary_secondary,M2_outside_disorder,M2,28,0.212309438624996,0.00684081363006904,0.258103241296519,0.901150655449431,0.14730523488829,0.259111807796358,0.228690267834973,2,0.248690267834973,1,M2,0.248690267834973,scored,M1,0.364557130747802,0.115866862912829,0
misspec_primary_secondary_M2_outside_disorder_seed_0029,misspec_primary_secondary,M2_outside_disorder,M0,29,0.537398310401948,0.076564522432965,0.82593037214886,1.76329423784046,0.462905593864166,0.66910912726442,0.583497096303813,0,0.583497096303813,0,M2,0.226862553076374,scored,M1,0.34271073622966,0.115848183153286,0
misspec_primary_secondary_M2_outside_disorder_seed_0029,misspec_primary_secondary,M2_outside_disorder,M1,29,0.305357299550813,0.0308833771511241,0.41296518607443,1.06256159639365,0.319588895342119,0.38350997577609,0.33271073622966,1,0.34271073622966,1,M2,0.226862553076374,scored,M1,0.34271073622966,0.115848183153286,0
misspec_primary_secondary_M2_outside_disorder_seed_0029,misspec_primary_secondary,M2_outside_disorder,M2,29,0.185464059882426,0.00611047889753233,0.309723889555823,0.653413980018221,0.149679636798417,0.246602611865134,0.206862553076374,2,0.226862553076374,1,M2,0.226862553076374,scored,M1,0.34271073622966,0.115848183153286,0
misspec_primary_secondary_M2_outside_disorder_seed_0030,misspec_primary_secondary,M2_outside_disorder,M0,30,0.588616457402855,0.0843468903813031,1.03241296518607,1.781575406802,0.484827387697928,0.722586869229546,0.635506101542197,0,0.635506101542197,0,M2,0.275771669378889,scored,M1,0.393228352632425,0.117456683253536,0
misspec_primary_secondary_M2_outside_disorder_seed_0030,misspec_primary_secondary,M2_outside_disorder,M1,30,0.35538034582389,0.0362755436438006,0.619447779111645,1.08084276535519,0.341510689175881,0.434946079562562,0.383228352632425,1,0.393228352632425,1,M2,0.275771669378889,scored,M1,0.393228352632425,0.117456683253536,0
misspec_primary_secondary_M2_outside_disorder_seed_0030,misspec_primary_secondary,M2_outside_disorder,M2,30,0.233969730444927,0.00846789396905632,0.516206482593037,0.671695148979764,0.171601430632179,0.296260984541962,0.255771669378889,2,0.275771669378889,1,M2,0.275771669378889,scored,M1,0.393228352632425,0.117456683253536,0
misspec_primary_secondary_M2_outside_disorder_seed_0031,misspec_primary_secondary,M2_outside_disorder,M0,31,0.596759882661284,0.0667902512139958,0.877551020408163,2.16959158892464,0.416105430893056,0.690339012498434,0.629512578104286,0,0.629512578104286,0,M2,0.275467560771465,scored,M1,0.389967192646364,0.114499631874899,0
misspec_primary_secondary_M2_outside_disorder_seed_0031,misspec_primary_secondary,M2_outside_disorder,M1,31,0.366508158464012,0.0246876792398793,0.464585834333733,1.46885894747783,0.272788732371009,0.404962541842161,0.379967192646364,1,0.389967192646364,1,M2,0.275467560771465,scored,M1,0.389967192646364,0.114499631874899,0
misspec_primary_secondary_M2_outside_disorder_seed_0031,misspec_primary_secondary,M2_outside_disorder,M2,31,0.248557963887211,0.00380087116945894,0.361344537815125,1.0597113311024,0.102879473827307,0.268299669270795,0.255467560771465,2,0.275467560771465,1,M2,0.275467560771465,scored,M1,0.389967192646364,0.114499631874899,0
misspec_primary_secondary_M2_outside_disorder_seed_0032,misspec_primary_secondary,M2_outside_disorder,M0,32,0.563624887807169,0.0575384150389355,0.929171668667467,1.95758271897284,0.369226258055218,0.662005251717602,0.598058015175821,0,0.598058015175821,0,M2,0.24955822824609,scored,M1,0.361334427028466,0.111776198782376,0
misspec_primary_secondary_M2_outside_disorder_seed_0032,misspec_primary_secondary,M2_outside_disorder,M1,32,0.335234735241948,0.0191589863289209,0.516206482593037,1.25685007752603,0.225909559533171,0.381233854631999,0.351334427028466,1,0.361334427028466,1,M2,0.24955822824609,scored,M1,0.361334427028466,0.111776198782376,0
misspec_primary_secondary_M2_outside_disorder_seed_0032,misspec_primary_secondary,M2_outside_disorder,M2,32,0.219421068910049,0.00254523474830399,0.41296518607443,0.847702461150603,0.0560003009894692,0.248384381298739,0.22955822824609,2,0.24955822824609,1,M2,0.24955822824609,scored,M1,0.361334427028466,0.111776198782376,0
misspec_primary_secondary_M2_outside_disorder_seed_0033,misspec_primary_secondary,M2_outside_disorder,M0,33,0.571773733670479,0.0664325410954024,0.774309723889556,2.15158943615489,0.406380686144222,0.721210391168813,0.624076563794896,0,0.624076563794896,0,M2,0.271359124693036,scored,M1,0.385257942351258,0.113898817658222,0
misspec_primary_secondary_M2_outside_disorder_seed_0033,misspec_primary_secondary,M2_outside_disorder,M1,33,0.341564710223288,0.0244153706214492,0.361344537815127,1.45085679470808,0.263063987622175,0.437831087731772,0.375257942351258,1,0.385257942351258,1,M2,0.271359124693036,scored,M1,0.385257942351258,0.113898817658222,0
misspec_primary_secondary_M2_outside_disorder_seed_0033,misspec_primary_secondary,M2_outside_disorder,M2,33,0.223640657622758,0.00358084650356993,0.258103241296519,1.04170917833265,0.0931547290784728,0.302836277823553,0.251359124693036,2,0.271359124693036,1,M2,0.271359124693036,scored,M1,0.385257942351258,0.113898817658222,0
misspec_primary_secondary_M2_outside_disorder_seed_0034,misspec_primary_secondary,M2_outside_disorder,M0,34,0.644551979191185,0.0922451995490245,0.929171668667467,2.23378485561101,0.51684878227685,0.723478442436126,0.672176241326915,0,0.672176241326915,0,M2,0.310573398780924,scored,M1,0.428924291815176,0.118350893034252,0
misspec_primary_secondary_M2_outside_disorder_seed_0034,misspec_primary_secondary,M2_outside_disorder,M1,34,0.409905276729307,0.0413526710456967,0.516206482593037,1.53305221416421,0.373532083754803,0.435673891260359,0.418924291815176,1,0.428924291815176,1,M2,0.310573398780924,scored,M1,0.428924291815176,0.118350893034252,0
misspec_primary_secondary_M2_outside_disorder_seed_0034,misspec_primary_secondary,M2_outside_disorder,M2,34,0.287216636740325,0.0109889721509135,0.41296518607443,1.12390459778878,0.203622825211101,0.29680738542775,0.290573398780924,2,0.310573398780924,1,M2,0.310573398780924,scored,M1,0.428924291815176,0.118350893034252,0
misspec_primary_secondary_M2_outside_disorder_seed_0035,misspec_primary_secondary,M2_outside_disorder,M0,35,0.623904382501677,0.0474211247649876,1.18727490996399,2.10159030771717,0.316668613125408,0.683542055864279,0.644777568178588,0,0.644777568178588,0,M2,0.300233458638741,scored,M1,0.409966008883277,0.109732550244536,0
misspec_primary_secondary_M2_outside_disorder_seed_0035,misspec_primary_secondary,M2_outside_disorder,M1,35,0.397851199860864,0.0137156359037881,0.774309723889556,1.40085766627036,0.173351914603361,0.403893511353474,0.399966008883277,1,0.409966008883277,1,M2,0.300233458638741,scored,M1,0.409966008883277,0.109732550244536,0
misspec_primary_secondary_M2_outside_disorder_seed_0035,misspec_primary_secondary,M2_outside_disorder,M2,35,0.284628937756998,0.00228469277923807,0.671068427370948,0.991710049894934,0.00344265605965949,0.27207042599055,0.280233458638741,2,0.300233458638741,1,M2,0.300233458638741,scored,M1,0.409966008883277,0.109732550244536,0
misspec_primary_secondary_M2_outside_disorder_seed_0036,misspec_primary_secondary,M2_outside_disorder,M0,36,0.595142230784622,0.0490561499330186,1.08403361344538,2.03536217895365,0.323354041906599,0.705607672256238,0.633805135299687,0,0.633805135299687,0,M2,0.289491539668786,scored,M1,0.399190795125248,0.109699255456462,0
misspec_primary_secondary_M2_outside_disorder_seed_0036,misspec_primary_secondary,M2_outside_disorder,M1,36,0.368631226462169,0.0144350177085399,0.671068427370949,1.33462953750684,0.180037343384552,0.427372851213824,0.389190795125248,1,0.399190795125248,1,M2,0.289491539668786,scored,M1,0.399190795125248,0.109699255456462,0
misspec_primary_secondary_M2_outside_disorder_seed_0036,misspec_primary_secondary,M2_outside_disorder,M2,36,0.254839382673039,0.00186491121346209,0.567827130852341,0.925481921131413,0.0101280848408505,0.296702688375174,0.269491539668786,2,0.289491539668786,1,M2,0.289491539668786,scored,M1,0.399190795125248,0.109699255456462,0
misspec_primary_secondary_M2_outside_disorder_seed_0037,misspec_primary_secondary,M2_outside_disorder,M0,37,0.621672565153733,0.0999258242762574,0.82593037214886,2.16255173950289,0.547605451069325,0.714016858493554,0.653993067822671,0,0.653993067822671,0,M2,0.29042950133191,scored,M1,0.40976885237471,0.1193393510428,0
misspec_primary_secondary_M2_outside_disorder_seed_0037,misspec_primary_secondary,M2_outside_disorder,M1,37,0.385799837348412,0.0465812450860421,0.41296518607443,1.46181909805609,0.404288752547278,0.42571130885212,0.39976885237471,1,0.40976885237471,1,M2,0.29042950133191,scored,M1,0.40976885237471,0.1193393510428,0
misspec_primary_secondary_M2_outside_disorder_seed_0037,misspec_primary_secondary,M2_outside_disorder,M2,37,0.261847204559058,0.0136895605905161,0.309723889555823,1.05267148168066,0.234379494003576,0.286368052481491,0.27042950133191,2,0.29042950133191,1,M2,0.29042950133191,scored,M1,0.40976885237471,0.1193393510428,0
misspec_primary_secondary_M2_outside_disorder_seed_0038,misspec_primary_secondary,M2_outside_disorder,M0,38,0.645014148562046,0.0664914785609464,1.03241296518607,2.29613637591314,0.405769065715912,0.672655038703796,0.654688460111658,0,0.654688460111658,0,M2,0.302129169646031,scored,M1,0.415914678474954,0.113785508828923,0
misspec_primary_secondary_M2_outside_disorder_seed_0038,misspec_primary_secondary,M2_outside_disorder,M1,38,0.41478841203831,0.024440881933903,0.619447779111645,1.59540373446633,0.262452367193865,0.389434887571578,0.405914678474954,1,0.415914678474954,1,M2,0.302129169646031,scored,M1,0.415914678474954,0.113785508828923,0
misspec_primary_secondary_M2_outside_disorder_seed_0038,misspec_primary_secondary,M2_outside_disorder,M2,38,0.296959756701805,0.00379715234407411,0.516206482593037,1.1862561180909,0.0925431086501635,0.254586650828164,0.282129169646031,2,0.302129169646031,1,M2,0.302129169646031,scored,M1,0.415914678474954,0.113785508828923,0
misspec_primary_secondary_M2_outside_disorder_seed_0039,misspec_primary_secondary,M2_outside_disorder,M0,39,0.610460534844487,0.0582733461312596,1.08403361344538,2.05251551627483,0.377598744323717,0.638954531234586,0.620433433581022,0,0.620433433581022,0,M2,0.271053224237564,scored,M1,0.383242580882679,0.112189356645115,0
misspec_primary_secondary_M2_outside_disorder_seed_0039,misspec_primary_secondary,M2_outside_disorder,M1,39,0.381899142566857,0.0195514379964276,0.671068427370949,1.35178287482802,0.23428204580167,0.357166109183492,0.373242580882679,1,0.383242580882679,1,M2,0.271053224237564,scored,M1,0.383242580882679,0.112189356645115,0
misspec_primary_secondary_M2_outside_disorder_seed_0039,misspec_primary_secondary,M2_outside_disorder,M2,39,0.265973501376077,0.00271373669804911,0.567827130852341,0.942635258452592,0.0643727872579686,0.223344138123183,0.251053224237564,2,0.271053224237564,1,M2,0.271053224237564,scored,M1,0.383242580882679,0.112189356645115,0
misspec_primary_secondary_M2_outside_disorder_seed_0040,misspec_primary_secondary,M2_outside_disorder,M0,40,0.657682654023335,0.0719968199062992,1.23889555822329,2.04590102419181,0.446799858645037,0.713740192469447,0.677302792479474,0,0.677302792479474,0,M2,0.322080197809047,scored,M1,0.437240572937989,0.115160375128942,0
misspec_primary_secondary_M2_outside_disorder_seed_0040,misspec_primary_secondary,M2_outside_disorder,M1,40,0.426485944125477,0.0280042765310104,0.82593037214886,1.34516838274501,0.30348316012299,0.42864202644694,0.427240572937989,1,0.437240572937989,1,M2,0.322080197809047,scored,M1,0.437240572937989,0.115160375128942,0
misspec_primary_secondary_M2_outside_disorder_seed_0040,misspec_primary_secondary,M2_outside_disorder,M2,40,0.307477552518286,0.00500107439980977,0.722689075630252,0.936020766369581,0.133573901579288,0.292056539063318,0.302080197809047,2,0.322080197809047,1,M2,0.322080197809047,scored,M1,0.437240572937989,0.115160375128942,0
