pair_id,theta_i,theta_j,profile_objective,objective_delta
Tc_heterogeneity_amplitude__W_coverage_class,0.35,0,0.42029175471522,0.420247700439594
Tc_heterogeneity_amplitude__W_coverage_class,0.35,0.0833333333333333,0.376745799530165,0.376701745254538
Tc_heterogeneity_amplitude__W_coverage_class,0.35,0.166666666666667,0.338877517456777,0.33883346318115
Tc_heterogeneity_amplitude__W_coverage_class,0.35,0.25,0.306686908495057,0.306642854219431
Tc_heterogeneity_amplitude__W_coverage_class,0.35,0.333333333333333,0.279136761576223,0.279092707300597
Tc_heterogeneity_amplitude__W_coverage_class,0.35,0.416666666666667,0.253641419243059,0.253597364967432
Tc_heterogeneity_amplitude__W_coverage_class,0.35,0.5,0.230078361471764,0.230034307196138
Tc_heterogeneity_amplitude__W_coverage_class,0.35,0.583333333333333,0.20844758826234,0.208403533986713
Tc_heterogeneity_amplitude__W_coverage_class,0.35,0.666666666666667,0.188749099614785,0.188705045339158
Tc_heterogeneity_amplitude__W_coverage_class,0.35,0.75,0.170982895529099,0.170938841253473
Tc_heterogeneity_amplitude__W_coverage_class,0.35,0.833333333333333,0.155148976005284,0.155104921729657
Tc_heterogeneity_amplitude__W_coverage_class,0.35,0.916666666666667,0.141247341043338,0.141203286767711
Tc_heterogeneity_amplitude__W_coverage_class,0.35,1,0.129277990643261,0.129233936367634
Tc_heterogeneity_amplitude__W_coverage_class,0.35,1.08333333333333,0.119187687292435,0.119143633016808
Tc_heterogeneity_amplitude__W_coverage_class,0.35,1.16666666666667,0.110082308238574,0.110038253962948
Tc_heterogeneity_amplitude__W_coverage_class,0.35,1.25,0.101672394128744,0.101628339853117
Tc_heterogeneity_amplitude__W_coverage_class,0.35,1.33333333333333,0.0939579449629422,0.0939138906873156
Tc_heterogeneity_amplitude__W_coverage_class,0.35,1.41666666666667,0.08693896074117,0.0868949064655433
Tc_heterogeneity_amplitude__W_coverage_class,0.35,1.5,0.0806154414634273,0.0805713871878007
Tc_heterogeneity_amplitude__W_coverage_class,0.35,1.58333333333333,0.0749873871297139,0.0749433328540872
Tc_heterogeneity_amplitude__W_coverage_class,0.35,1.66666666666667,0.07005479774003,0.0700107434644033
Tc_heterogeneity_amplitude__W_coverage_class,0.35,1.75,0.0658176732943753,0.0657736190187486
Tc_heterogeneity_amplitude__W_coverage_class,0.35,1.83333333333333,0.0622760137927501,0.0622319595171235
Tc_heterogeneity_amplitude__W_coverage_class,0.35,1.91666666666667,0.0594298295738794,0.0593857752982527
Tc_heterogeneity_amplitude__W_coverage_class,0.35,2,0.0572791482005237,0.0572350939248971
Tc_heterogeneity_amplitude__W_coverage_class,0.410416666666667,0,0.357420592978105,0.357376538702478
Tc_heterogeneity_amplitude__W_coverage_class,0.410416666666667,0.0833333333333333,0.319993846398042,0.319949792122415
Tc_heterogeneity_amplitude__W_coverage_class,0.410416666666667,0.166666666666667,0.288244772929648,0.288200718654021
Tc_heterogeneity_amplitude__W_coverage_class,0.410416666666667,0.25,0.261026553987894,0.260982499712267
Tc_heterogeneity_amplitude__W_coverage_class,0.410416666666667,0.333333333333333,0.235829166348359,0.235785112072732
Tc_heterogeneity_amplitude__W_coverage_class,0.410416666666667,0.416666666666667,0.212564063270692,0.212520008995065
Tc_heterogeneity_amplitude__W_coverage_class,0.410416666666667,0.5,0.191231244754896,0.191187190479269
Tc_heterogeneity_amplitude__W_coverage_class,0.410416666666667,0.583333333333333,0.171830710800969,0.171786656525343
Tc_heterogeneity_amplitude__W_coverage_class,0.410416666666667,0.666666666666667,0.154362461408913,0.154318407133286
Tc_heterogeneity_amplitude__W_coverage_class,0.410416666666667,0.75,0.138826496578725,0.138782442303099
Tc_heterogeneity_amplitude__W_coverage_class,0.410416666666667,0.833333333333333,0.125222816310408,0.125178762034781
Tc_heterogeneity_amplitude__W_coverage_class,0.410416666666667,0.916666666666667,0.11355142060396,0.113507366328333
Tc_heterogeneity_amplitude__W_coverage_class,0.410416666666667,1,0.103770691725459,0.103726637449832
Tc_heterogeneity_amplitude__W_coverage_class,0.410416666666667,1.08333333333333,0.0950030464002601,0.0949589921246335
Tc_heterogeneity_amplitude__W_coverage_class,0.410416666666667,1.16666666666667,0.0869308660190907,0.086886811743464
Tc_heterogeneity_amplitude__W_coverage_class,0.410416666666667,1.25,0.0795541505819508,0.0795100963063241
Tc_heterogeneity_amplitude__W_coverage_class,0.410416666666667,1.33333333333333,0.0728729000888404,0.0728288458132138
Tc_heterogeneity_amplitude__W_coverage_class,0.410416666666667,1.41666666666667,0.0668871145397592,0.0668430602641325
Tc_heterogeneity_amplitude__W_coverage_class,0.410416666666667,1.5,0.0615967939347074,0.0615527396590807
Tc_heterogeneity_amplitude__W_coverage_class,0.410416666666667,1.58333333333333,0.057001938273685,0.0569578839980584
Tc_heterogeneity_amplitude__W_coverage_class,0.410416666666667,1.66666666666667,0.053102547556692,0.0530584932810654
Tc_heterogeneity_amplitude__W_coverage_class,0.410416666666667,1.75,0.0498986217837284,0.0498545675081017
Tc_heterogeneity_amplitude__W_coverage_class,0.410416666666667,1.83333333333333,0.0473901786677507,0.0473461243921241
Tc_heterogeneity_amplitude__W_coverage_class,0.410416666666667,1.91666666666667,0.0455772331688613,0.0455331788932346
Tc_heterogeneity_amplitude__W_coverage_class,0.410416666666667,2,0.0444597734785517,0.0444157192029251
Tc_heterogeneity_amplitude__W_coverage_class,0.470833333333333,0,0.302549895571452,0.302505841295826
Tc_heterogeneity_amplitude__W_coverage_class,0.470833333333333,0.0833333333333333,0.271242357596383,0.271198303320756
Tc_heterogeneity_amplitude__W_coverage_class,0.470833333333333,0.166666666666667,0.244350562410782,0.244306508135155
Tc_heterogeneity_amplitude__W_coverage_class,0.470833333333333,0.25,0.219451129464875,0.219407075189248
Tc_heterogeneity_amplitude__W_coverage_class,0.470833333333333,0.333333333333333,0.196483981080837,0.19643992680521
Tc_heterogeneity_amplitude__W_coverage_class,0.470833333333333,0.416666666666667,0.175449117258669,0.175405062983043
Tc_heterogeneity_amplitude__W_coverage_class,0.470833333333333,0.5,0.156346537998371,0.156302483722744
Tc_heterogeneity_amplitude__W_coverage_class,0.470833333333333,0.583333333333333,0.139176243299943,0.139132189024316
Tc_heterogeneity_amplitude__W_coverage_class,0.470833333333333,0.666666666666667,0.123938233163384,0.123894178887757
Tc_heterogeneity_amplitude__W_coverage_class,0.470833333333333,0.75,0.110632507588695,0.110588453313068
Tc_heterogeneity_amplitude__W_coverage_class,0.470833333333333,0.833333333333333,0.0992590665758755,0.0992150123002489
Tc_heterogeneity_amplitude__W_coverage_class,0.470833333333333,0.916666666666667,0.0897866328737906,0.0897425785981639
Tc_heterogeneity_amplitude__W_coverage_class,0.470833333333333,1,0.0813567212772533,0.0813126670016267
Tc_heterogeneity_amplitude__W_coverage_class,0.470833333333333,1.08333333333333,0.0736222746247456,0.073578220349119
Tc_heterogeneity_amplitude__W_coverage_class,0.470833333333333,1.16666666666667,0.0665832929162673,0.0665392386406406
Tc_heterogeneity_amplitude__W_coverage_class,0.470833333333333,1.25,0.0602397761518185,0.0601957218761918
Tc_heterogeneity_amplitude__W_coverage_class,0.470833333333333,1.33333333333333,0.0545917243313989,0.0545476700557722
Tc_heterogeneity_amplitude__W_coverage_class,0.470833333333333,1.41666666666667,0.0496391374550087,0.0495950831793821
Tc_heterogeneity_amplitude__W_coverage_class,0.470833333333333,1.5,0.0453820155226479,0.0453379612470213
Tc_heterogeneity_amplitude__W_coverage_class,0.470833333333333,1.58333333333333,0.0418203585343166,0.04177630425869
Tc_heterogeneity_amplitude__W_coverage_class,0.470833333333333,1.66666666666667,0.0389541664900146,0.038910112214388
Tc_heterogeneity_amplitude__W_coverage_class,0.470833333333333,1.75,0.0367834644409461,0.0367394101653195
Tc_heterogeneity_amplitude__W_coverage_class,0.470833333333333,1.83333333333333,0.035308254816523,0.0352642005408963
Tc_heterogeneity_amplitude__W_coverage_class,0.470833333333333,1.91666666666667,0.0345285310006796,0.034484476725053
Tc_heterogeneity_amplitude__W_coverage_class,0.470833333333333,2,0.034444292993416,0.0344002387177894
Tc_heterogeneity_amplitude__W_coverage_class,0.53125,0,0.255679662495264,0.255635608219637
Tc_heterogeneity_amplitude__W_coverage_class,0.53125,0.0833333333333333,0.229108786844886,0.22906473256926
Tc_heterogeneity_amplitude__W_coverage_class,0.53125,0.166666666666667,0.204507308592608,0.204463254316981
Tc_heterogeneity_amplitude__W_coverage_class,0.53125,0.25,0.181838114902199,0.181794060626572
Tc_heterogeneity_amplitude__W_coverage_class,0.53125,0.333333333333333,0.16110120577366,0.161057151498033
Tc_heterogeneity_amplitude__W_coverage_class,0.53125,0.416666666666667,0.14229658120699,0.142252526931363
Tc_heterogeneity_amplitude__W_coverage_class,0.53125,0.5,0.12542424120219,0.125380186926563
Tc_heterogeneity_amplitude__W_coverage_class,0.53125,0.583333333333333,0.11048418575926,0.110440131483633
Tc_heterogeneity_amplitude__W_coverage_class,0.53125,0.666666666666667,0.0974764148781989,0.0974323606025723
Tc_heterogeneity_amplitude__W_coverage_class,0.53125,0.75,0.086400928559008,0.0863568742833814
Tc_heterogeneity_amplitude__W_coverage_class,0.53125,0.833333333333333,0.07723551073743,0.0771914564618034
Tc_heterogeneity_amplitude__W_coverage_class,0.53125,0.916666666666667,0.0691433328695548,0.0690992785939281
Tc_heterogeneity_amplitude__W_coverage_class,0.53125,1,0.0617466199457085,0.0617025656700819
Tc_heterogeneity_amplitude__W_coverage_class,0.53125,1.08333333333333,0.0550453719658917,0.055001317690265
Tc_heterogeneity_amplitude__W_coverage_class,0.53125,1.16666666666667,0.0490395889301044,0.0489955346544778
Tc_heterogeneity_amplitude__W_coverage_class,0.53125,1.25,0.0437292708383465,0.0436852165627198
Tc_heterogeneity_amplitude__W_coverage_class,0.53125,1.33333333333333,0.0391144176906179,0.0390703634149912
Tc_heterogeneity_amplitude__W_coverage_class,0.53125,1.41666666666667,0.0351950294869188,0.0351509752112921
Tc_heterogeneity_amplitude__W_coverage_class,0.53125,1.5,0.031971106227249,0.0319270519516224
Tc_heterogeneity_amplitude__W_coverage_class,0.53125,1.58333333333333,0.0294426479116087,0.029398593635982
Tc_heterogeneity_amplitude__W_coverage_class,0.53125,1.66666666666667,0.0276096868934656,0.027565632617839
Tc_heterogeneity_amplitude__W_coverage_class,0.53125,1.75,0.0264722131435086,0.0264281588678819
Tc_heterogeneity_amplitude__W_coverage_class,0.53125,1.83333333333333,0.0260302252021315,0.0259861709265049
Tc_heterogeneity_amplitude__W_coverage_class,0.53125,1.91666666666667,0.0262837480862068,0.0262396938105801
Tc_heterogeneity_amplitude__W_coverage_class,0.53125,2,0.0272329118505992,0.0271888575749726
Tc_heterogeneity_amplitude__W_coverage_class,0.591666666666667,0,0.215301227290208,0.215257173014581
Tc_heterogeneity_amplitude__W_coverage_class,0.591666666666667,0.0833333333333333,0.190997703731558,0.190953649455931
Tc_heterogeneity_amplitude__W_coverage_class,0.591666666666667,0.166666666666667,0.168626464734777,0.168582410459151
Tc_heterogeneity_amplitude__W_coverage_class,0.591666666666667,0.25,0.148187510299866,0.14814345602424
Tc_heterogeneity_amplitude__W_coverage_class,0.591666666666667,0.333333333333333,0.129680840426826,0.129636786151199
Tc_heterogeneity_amplitude__W_coverage_class,0.591666666666667,0.416666666666667,0.113106455115654,0.113062400840027
Tc_heterogeneity_amplitude__W_coverage_class,0.591666666666667,0.5,0.0984643543663519,0.0984203000907253
Tc_heterogeneity_amplitude__W_coverage_class,0.591666666666667,0.583333333333333,0.0857545381789198,0.0857104839032932
Tc_heterogeneity_amplitude__W_coverage_class,0.591666666666667,0.666666666666667,0.0749770065533572,0.0749329522777305
Tc_heterogeneity_amplitude__W_coverage_class,0.591666666666667,0.75,0.0661173253163775,0.0660732710407509
Tc_heterogeneity_amplitude__W_coverage_class,0.591666666666667,0.833333333333333,0.0583628811771635,0.0583188269015368
Tc_heterogeneity_amplitude__W_coverage_class,0.591666666666667,0.916666666666667,0.0513039019819791,0.0512598477063524
Tc_heterogeneity_amplitude__W_coverage_class,0.591666666666667,1,0.044940387730824,0.0448963334551974
Tc_heterogeneity_amplitude__W_coverage_class,0.591666666666667,1.08333333333333,0.0392723384236983,0.0392282841480717
Tc_heterogeneity_amplitude__W_coverage_class,0.591666666666667,1.16666666666667,0.034299754060602,0.0342556997849753
Tc_heterogeneity_amplitude__W_coverage_class,0.591666666666667,1.25,0.0300226346415351,0.0299785803659085
Tc_heterogeneity_amplitude__W_coverage_class,0.591666666666667,1.33333333333333,0.0264409801664975,0.0263969258908709
Tc_heterogeneity_amplitude__W_coverage_class,0.591666666666667,1.41666666666667,0.0235547906354894,0.0235107363598627
Tc_heterogeneity_amplitude__W_coverage_class,0.591666666666667,1.5,0.0213640697093799,0.0213200154337533
Tc_heterogeneity_amplitude__W_coverage_class,0.591666666666667,1.58333333333333,0.0198688460253093,0.0198247917496826
Tc_heterogeneity_amplitude__W_coverage_class,0.591666666666667,1.66666666666667,0.0190691081498185,0.0190250538741919
Tc_heterogeneity_amplitude__W_coverage_class,0.591666666666667,1.75,0.0189648735853887,0.0189208193097621
Tc_heterogeneity_amplitude__W_coverage_class,0.591666666666667,1.83333333333333,0.0195563464234518,0.0195122921478252
Tc_heterogeneity_amplitude__W_coverage_class,0.591666666666667,1.91666666666667,0.0208437776135651,0.0207997233379384
Tc_heterogeneity_amplitude__W_coverage_class,0.591666666666667,2,0.0228276808724297,0.022783626596803
Tc_heterogeneity_amplitude__W_coverage_class,0.652083333333333,0,0.178922314881725,0.178878260606098
Tc_heterogeneity_amplitude__W_coverage_class,0.652083333333333,0.0833333333333333,0.156849030578573,0.156804976302946
Tc_heterogeneity_amplitude__W_coverage_class,0.652083333333333,0.166666666666667,0.13670803083729,0.136663976561664
Tc_heterogeneity_amplitude__W_coverage_class,0.652083333333333,0.25,0.118499315657878,0.118455261382251
Tc_heterogeneity_amplitude__W_coverage_class,0.652083333333333,0.333333333333333,0.102222885040335,0.102178830764708
Tc_heterogeneity_amplitude__W_coverage_class,0.652083333333333,0.416666666666667,0.0878787389846614,0.0878346847090348
Tc_heterogeneity_amplitude__W_coverage_class,0.652083333333333,0.5,0.0754668774908577,0.075422823215231
Tc_heterogeneity_amplitude__W_coverage_class,0.652083333333333,0.583333333333333,0.0649873005589238,0.0649432462832971
Tc_heterogeneity_amplitude__W_coverage_class,0.652083333333333,0.666666666666667,0.056432076610633,0.0563880223350064
Tc_heterogeneity_amplitude__W_coverage_class,0.652083333333333,0.75,0.0490153662000806,0.048971311924454
Tc_heterogeneity_amplitude__W_coverage_class,0.652083333333333,0.833333333333333,0.0422941207335577,0.0422500664579311
Tc_heterogeneity_amplitude__W_coverage_class,0.652083333333333,0.916666666666667,0.0362683402110642,0.0362242859354375
Tc_heterogeneity_amplitude__W_coverage_class,0.652083333333333,1,0.0309380246326,0.0308939703569734
Tc_heterogeneity_amplitude__W_coverage_class,0.652083333333333,1.08333333333333,0.0263031739981653,0.0262591197225387
Tc_heterogeneity_amplitude__W_coverage_class,0.652083333333333,1.16666666666667,0.02236378830776,0.0223197340321334
Tc_heterogeneity_amplitude__W_coverage_class,0.652083333333333,1.25,0.0191198675613841,0.0190758132857575
Tc_heterogeneity_amplitude__W_coverage_class,0.652083333333333,1.33333333333333,0.0165714117590376,0.0165273574834109
Tc_heterogeneity_amplitude__W_coverage_class,0.652083333333333,1.41666666666667,0.0147184296460812,0.0146743753704546
Tc_heterogeneity_amplitude__W_coverage_class,0.652083333333333,1.5,0.0135609418364768,0.0135168875608502
Tc_heterogeneity_amplitude__W_coverage_class,0.652083333333333,1.58333333333333,0.0130989519327013,0.0130548976570747
Tc_heterogeneity_amplitude__W_coverage_class,0.652083333333333,1.66666666666667,0.0133327572112618,0.0132887029356352
Tc_heterogeneity_amplitude__W_coverage_class,0.652083333333333,1.75,0.0142630069203387,0.014218952644712
Tc_heterogeneity_amplitude__W_coverage_class,0.652083333333333,1.83333333333333,0.0158918062573697,0.015847751981743
Tc_heterogeneity_amplitude__W_coverage_class,0.652083333333333,1.91666666666667,0.0182357175489258,0.0181916632732992
Tc_heterogeneity_amplitude__W_coverage_class,0.652083333333333,2,0.0212126640262842,0.0211686097506576
Tc_heterogeneity_amplitude__W_coverage_class,0.7125,0,0.146505812433585,0.146461758157958
Tc_heterogeneity_amplitude__W_coverage_class,0.7125,0.0833333333333333,0.126662767385931,0.126618713110305
Tc_heterogeneity_amplitude__W_coverage_class,0.7125,0.166666666666667,0.108752006900147,0.10870795262452
Tc_heterogeneity_amplitude__W_coverage_class,0.7125,0.25,0.0927735309762324,0.0927294767006058
Tc_heterogeneity_amplitude__W_coverage_class,0.7125,0.333333333333333,0.0787273396141876,0.078683285338561
Tc_heterogeneity_amplitude__W_coverage_class,0.7125,0.416666666666667,0.0666134328140124,0.0665693785383857
Tc_heterogeneity_amplitude__W_coverage_class,0.7125,0.5,0.0564318105757067,0.05638775630008
Tc_heterogeneity_amplitude__W_coverage_class,0.7125,0.583333333333333,0.0481797646201958,0.0481357103445691
Tc_heterogeneity_amplitude__W_coverage_class,0.7125,0.666666666666667,0.0411007879383054,0.0410567336626788
Tc_heterogeneity_amplitude__W_coverage_class,0.7125,0.75,0.0347172762004441,0.0346732219248175
Tc_heterogeneity_amplitude__W_coverage_class,0.7125,0.833333333333333,0.0290292294066121,0.0289851751309854
Tc_heterogeneity_amplitude__W_coverage_class,0.7125,0.916666666666667,0.0240366475568096,0.0239925932811829
Tc_heterogeneity_amplitude__W_coverage_class,0.7125,1,0.0197395306510365,0.0196954763754099
Tc_heterogeneity_amplitude__W_coverage_class,0.7125,1.08333333333333,0.0161378786892928,0.0160938244136662
Tc_heterogeneity_amplitude__W_coverage_class,0.7125,1.16666666666667,0.0132316916715785,0.0131876373959519
Tc_heterogeneity_amplitude__W_coverage_class,0.7125,1.25,0.0110209695978936,0.010976915322267
Tc_heterogeneity_amplitude__W_coverage_class,0.7125,1.33333333333333,0.00950572626210661,0.00946167198647998
Tc_heterogeneity_amplitude__W_coverage_class,0.7125,1.41666666666667,0.00868598511956506,0.00864193084393843
Tc_heterogeneity_amplitude__W_coverage_class,0.7125,1.5,0.0085623565739701,0.00851830229834346
Tc_heterogeneity_amplitude__W_coverage_class,0.7125,1.58333333333333,0.00913896960511023,0.00909491532948359
Tc_heterogeneity_amplitude__W_coverage_class,0.7125,1.66666666666667,0.0103976919062072,0.0103536376305805
Tc_heterogeneity_amplitude__W_coverage_class,0.7125,1.75,0.0122562002737546,0.0122121459981279
Tc_heterogeneity_amplitude__W_coverage_class,0.7125,1.83333333333333,0.0147144184943618,0.0146703642187351
Tc_heterogeneity_amplitude__W_coverage_class,0.7125,1.91666666666667,0.0177724112908861,0.0177283570152594
Tc_heterogeneity_amplitude__W_coverage_class,0.7125,2,0.0214686638046331,0.0214246095290064
Tc_heterogeneity_amplitude__W_coverage_class,0.772916666666667,0,0.118051719945789,0.118007665670162
Tc_heterogeneity_amplitude__W_coverage_class,0.772916666666667,0.0833333333333333,0.100438914153633,0.100394859878007
Tc_heterogeneity_amplitude__W_coverage_class,0.772916666666667,0.166666666666667,0.0847583929233471,0.0847143386477204
Tc_heterogeneity_amplitude__W_coverage_class,0.772916666666667,0.25,0.0710101562549305,0.0709661019793039
Tc_heterogeneity_amplitude__W_coverage_class,0.772916666666667,0.333333333333333,0.059194204148384,0.0591501498727573
Tc_heterogeneity_amplitude__W_coverage_class,0.772916666666667,0.416666666666667,0.0493105366037067,0.04926648232808
Tc_heterogeneity_amplitude__W_coverage_class,0.772916666666667,0.5,0.0413603893450671,0.0413163350694404
Tc_heterogeneity_amplitude__W_coverage_class,0.772916666666667,0.583333333333333,0.0346191463918377,0.0345750921162111
Tc_heterogeneity_amplitude__W_coverage_class,0.772916666666667,0.666666666666667,0.0285733683826382,0.0285293141070116
Tc_heterogeneity_amplitude__W_coverage_class,0.772916666666667,0.75,0.0232230553174679,0.0231790010418413
Tc_heterogeneity_amplitude__W_coverage_class,0.772916666666667,0.833333333333333,0.018568207196327,0.0185241529207004
Tc_heterogeneity_amplitude__W_coverage_class,0.772916666666667,0.916666666666667,0.0146088240192156,0.014564769743589
Tc_heterogeneity_amplitude__W_coverage_class,0.772916666666667,1,0.0113449057861335,0.0113008515105069
Tc_heterogeneity_amplitude__W_coverage_class,0.772916666666667,1.08333333333333,0.00877645249708081,0.00873239822145418
Tc_heterogeneity_amplitude__W_coverage_class,0.772916666666667,1.16666666666667,0.00690346415205751,0.00685940987643087
Tc_heterogeneity_amplitude__W_coverage_class,0.772916666666667,1.25,0.00572606780786116,0.00568201353223453
Tc_heterogeneity_amplitude__W_coverage_class,0.772916666666667,1.33333333333333,0.00524417256921242,0.00520011829358578
Tc_heterogeneity_amplitude__W_coverage_class,0.772916666666667,1.41666666666667,0.00538448480936807,0.00534043053374143
Tc_heterogeneity_amplitude__W_coverage_class,0.772916666666667,1.5,0.00612468601258317,0.00608063173695654
Tc_heterogeneity_amplitude__W_coverage_class,0.772916666666667,1.58333333333333,0.00746474129216273,0.0074206870165361
Tc_heterogeneity_amplitude__W_coverage_class,0.772916666666667,1.66666666666667,0.00940423125601913,0.00936017698039249
Tc_heterogeneity_amplitude__W_coverage_class,0.772916666666667,1.75,0.0119434957957923,0.0118994415201657
Tc_heterogeneity_amplitude__W_coverage_class,0.772916666666667,1.83333333333333,0.0150825349114825,0.0150384806358559
Tc_heterogeneity_amplitude__W_coverage_class,0.772916666666667,1.91666666666667,0.0188213486030894,0.0187772943274627
Tc_heterogeneity_amplitude__W_coverage_class,0.772916666666667,2,0.0233638869958122,0.0233198327201856
Tc_heterogeneity_amplitude__W_coverage_class,0.833333333333333,0,0.0935600374183363,0.0935159831427096
Tc_heterogeneity_amplitude__W_coverage_class,0.833333333333333,0.0833333333333333,0.0781774708816787,0.0781334166060521
Tc_heterogeneity_amplitude__W_coverage_class,0.833333333333333,0.166666666666667,0.0647271889068906,0.064683134631264
Tc_heterogeneity_amplitude__W_coverage_class,0.833333333333333,0.25,0.0532091914939724,0.0531651372183458
Tc_heterogeneity_amplitude__W_coverage_class,0.833333333333333,0.333333333333333,0.0436234786429238,0.0435794243672972
Tc_heterogeneity_amplitude__W_coverage_class,0.833333333333333,0.416666666666667,0.0359739507852459,0.0359298965096192
Tc_heterogeneity_amplitude__W_coverage_class,0.833333333333333,0.5,0.0295704415606784,0.0295263872850518
Tc_heterogeneity_amplitude__W_coverage_class,0.833333333333333,0.583333333333333,0.0238623972801404,0.0238183430045138
Tc_heterogeneity_amplitude__W_coverage_class,0.833333333333333,0.666666666666667,0.0188498179436318,0.0188057636680051
Tc_heterogeneity_amplitude__W_coverage_class,0.833333333333333,0.75,0.0145327035511525,0.0144886492755258
Tc_heterogeneity_amplitude__W_coverage_class,0.833333333333333,0.833333333333333,0.0109110541027026,0.0108669998270759
Tc_heterogeneity_amplitude__W_coverage_class,0.833333333333333,0.916666666666667,0.00798486959828208,0.00794081532265544
Tc_heterogeneity_amplitude__W_coverage_class,0.833333333333333,1,0.00575415206500859,0.00571009778938195
Tc_heterogeneity_amplitude__W_coverage_class,0.833333333333333,1.08333333333333,0.00417566925214328,0.00413161497651664
Tc_heterogeneity_amplitude__W_coverage_class,0.833333333333333,1.16666666666667,0.00319719938712295,0.00315314511149631
Tc_heterogeneity_amplitude__W_coverage_class,0.833333333333333,1.25,0.00281861860679951,0.00277456433117287
Tc_heterogeneity_amplitude__W_coverage_class,0.833333333333333,1.33333333333333,0.00303992678953557,0.00299587251390894
Tc_heterogeneity_amplitude__W_coverage_class,0.833333333333333,1.41666666666667,0.0038611239353311,0.00381706965970446
Tc_heterogeneity_amplitude__W_coverage_class,0.833333333333333,1.5,0.00528210231125565,0.00523804803562901
Tc_heterogeneity_amplitude__W_coverage_class,0.833333333333333,1.58333333333333,0.00730263859427807,0.00725858431865144
Tc_heterogeneity_amplitude__W_coverage_class,0.833333333333333,1.66666666666667,0.0099229494532173,0.00987889517759066
Tc_heterogeneity_amplitude__W_coverage_class,0.833333333333333,1.75,0.0131430348880732,0.0130989806124466
Tc_heterogeneity_amplitude__W_coverage_class,0.833333333333333,1.83333333333333,0.0169628948988462,0.0169188406232195
Tc_heterogeneity_amplitude__W_coverage_class,0.833333333333333,1.91666666666667,0.0213825055928515,0.0213384513172249
Tc_heterogeneity_amplitude__W_coverage_class,0.833333333333333,2,0.0268588856764685,0.0268148314008418
Tc_heterogeneity_amplitude__W_coverage_class,0.89375,0,0.0730307648512271,0.0729867105756005
Tc_heterogeneity_amplitude__W_coverage_class,0.89375,0.0833333333333333,0.0598784375700676,0.0598343832944409
Tc_heterogeneity_amplitude__W_coverage_class,0.89375,0.166666666666667,0.0486583948507776,0.048614340575151
Tc_heterogeneity_amplitude__W_coverage_class,0.89375,0.25,0.0393706366933574,0.0393265824177308
Tc_heterogeneity_amplitude__W_coverage_class,0.89375,0.333333333333333,0.0320204489407325,0.0319763946651058
Tc_heterogeneity_amplitude__W_coverage_class,0.89375,0.416666666666667,0.0259546734448268,0.0259106191692001
Tc_heterogeneity_amplitude__W_coverage_class,0.89375,0.5,0.0205843628929502,0.0205403086173236
Tc_heterogeneity_amplitude__W_coverage_class,0.89375,0.583333333333333,0.0159095172851032,0.0158654630094766
Tc_heterogeneity_amplitude__W_coverage_class,0.89375,0.666666666666667,0.0119301366212856,0.011886082345659
Tc_heterogeneity_amplitude__W_coverage_class,0.89375,0.75,0.00862907976250532,0.00858502548687869
Tc_heterogeneity_amplitude__W_coverage_class,0.89375,0.833333333333333,0.00593279751714766,0.00588874324152102
Tc_heterogeneity_amplitude__W_coverage_class,0.89375,0.916666666666667,0.00383579338075442,0.00379173910512779
Tc_heterogeneity_amplitude__W_coverage_class,0.89375,1,0.00233847287560981,0.00229441859998318
Tc_heterogeneity_amplitude__W_coverage_class,0.89375,1.08333333333333,0.00144099907480727,0.00139694479918063
Tc_heterogeneity_amplitude__W_coverage_class,0.89375,1.16666666666667,0.00114341423706423,0.00109935996143759
Tc_heterogeneity_amplitude__W_coverage_class,0.89375,1.25,0.00144571836238072,0.00140166408675408
Tc_heterogeneity_amplitude__W_coverage_class,0.89375,1.33333333333333,0.00234791145075673,0.0023038571751301
Tc_heterogeneity_amplitude__W_coverage_class,0.89375,1.41666666666667,0.00384983968634293,0.0038057854107163
Tc_heterogeneity_amplitude__W_coverage_class,0.89375,1.5,0.00595142228853124,0.0059073680129046
Tc_heterogeneity_amplitude__W_coverage_class,0.89375,1.58333333333333,0.00865277946663659,0.00860872519100995
Tc_heterogeneity_amplitude__W_coverage_class,0.89375,1.66666666666667,0.0119539112206585,0.0119098569450318
Tc_heterogeneity_amplitude__W_coverage_class,0.89375,1.75,0.0158547638600783,0.0158107095844517
Tc_heterogeneity_amplitude__W_coverage_class,0.89375,1.83333333333333,0.0203548482445253,0.0203107939688987
Tc_heterogeneity_amplitude__W_coverage_class,0.89375,1.91666666666667,0.0255584731416441,0.0255144188660175
Tc_heterogeneity_amplitude__W_coverage_class,0.89375,2,0.0319536537510898,0.0319095994754632
Tc_heterogeneity_amplitude__W_coverage_class,0.954166666666667,0,0.0564639022444615,0.0564198479688349
Tc_heterogeneity_amplitude__W_coverage_class,0.954166666666667,0.0833333333333333,0.0455418142188001,0.0454977599431734
Tc_heterogeneity_amplitude__W_coverage_class,0.954166666666667,0.166666666666667,0.0365520107550083,0.0365079564793816
Tc_heterogeneity_amplitude__W_coverage_class,0.954166666666667,0.25,0.029499883811527,0.0294558295359004
Tc_heterogeneity_amplitude__W_coverage_class,0.954166666666667,0.333333333333333,0.023771842044283,0.0237277877686563
Tc_heterogeneity_amplitude__W_coverage_class,0.954166666666667,0.416666666666667,0.0187380028294648,0.0186939485538382
Tc_heterogeneity_amplitude__W_coverage_class,0.954166666666667,0.5,0.0143283929664098,0.0142843386907832
Tc_heterogeneity_amplitude__W_coverage_class,0.954166666666667,0.583333333333333,0.0105146828499291,0.0104706285743025
Tc_heterogeneity_amplitude__W_coverage_class,0.954166666666667,0.666666666666667,0.00729968261086737,0.00725562833524074
Tc_heterogeneity_amplitude__W_coverage_class,0.954166666666667,0.75,0.00468397644899952,0.00463992217337289
Tc_heterogeneity_amplitude__W_coverage_class,0.954166666666667,0.833333333333333,0.00266792704556019,0.00262387276993355
Tc_heterogeneity_amplitude__W_coverage_class,0.954166666666667,0.916666666666667,0.00125162621339135,0.00120757193776471
Tc_heterogeneity_amplitude__W_coverage_class,0.954166666666667,1,0.000435148355169223,0.000391094079542586
Tc_heterogeneity_amplitude__W_coverage_class,0.954166666666667,1.08333333333333,0.000218559460006613,0.000174505184379977
Tc_heterogeneity_amplitude__W_coverage_class,0.954166666666667,1.16666666666667,0.000601859527903521,0.000557805252276884
Tc_heterogeneity_amplitude__W_coverage_class,0.954166666666667,1.25,0.00158504855885994,0.0015409942832333
Tc_heterogeneity_amplitude__W_coverage_class,0.954166666666667,1.33333333333333,0.00316795341742457,0.00312389914179794
Tc_heterogeneity_amplitude__W_coverage_class,0.954166666666667,1.41666666666667,0.00535058233877893,0.00530652806315229
Tc_heterogeneity_amplitude__W_coverage_class,0.954166666666667,1.5,0.00813298583605004,0.0080889315604234
Tc_heterogeneity_amplitude__W_coverage_class,0.954166666666667,1.58333333333333,0.0115150789132219,0.0114710246375953
Tc_heterogeneity_amplitude__W_coverage_class,0.954166666666667,1.66666666666667,0.0154964239546665,0.0154523696790398
Tc_heterogeneity_amplitude__W_coverage_class,0.954166666666667,1.75,0.0200768214843489,0.0200327672087222
Tc_heterogeneity_amplitude__W_coverage_class,0.954166666666667,1.83333333333333,0.025255799847091,0.0252117455714644
Tc_heterogeneity_amplitude__W_coverage_class,0.954166666666667,1.91666666666667,0.0313440474783367,0.0312999932027101
Tc_heterogeneity_amplitude__W_coverage_class,0.954166666666667,2,0.0388947152172064,0.0388506609415798
Tc_heterogeneity_amplitude__W_coverage_class,1.01458333333333,0,0.0438594495980391,0.0438153953224125
Tc_heterogeneity_amplitude__W_coverage_class,1.01458333333333,0.0833333333333333,0.0351676008278759,0.0351235465522493
Tc_heterogeneity_amplitude__W_coverage_class,1.01458333333333,0.166666666666667,0.0283834387882009,0.0283393845125742
Tc_heterogeneity_amplitude__W_coverage_class,1.01458333333333,0.25,0.0228519978383193,0.0228079435626927
Tc_heterogeneity_amplitude__W_coverage_class,1.01458333333333,0.333333333333333,0.0179210702435528,0.0178770159679262
Tc_heterogeneity_amplitude__W_coverage_class,1.01458333333333,0.416666666666667,0.013588362423467,0.0135443081478404
Tc_heterogeneity_amplitude__W_coverage_class,1.01458333333333,0.5,0.00985466452621922,0.00981061025059259
Tc_heterogeneity_amplitude__W_coverage_class,1.01458333333333,0.583333333333333,0.00672021781082392,0.00667616353519728
Tc_heterogeneity_amplitude__W_coverage_class,1.01458333333333,0.666666666666667,0.0041854401506337,0.00414138587500706
Tc_heterogeneity_amplitude__W_coverage_class,1.01458333333333,0.75,0.00225043706636032,0.00220638279073368
Tc_heterogeneity_amplitude__W_coverage_class,1.01458333333333,0.833333333333333,0.000915129143850518,0.000871074868223881
Tc_heterogeneity_amplitude__W_coverage_class,1.01458333333333,0.916666666666667,0.000179647228208821,0.000135592952582185
Tc_heterogeneity_amplitude__W_coverage_class,1.01458333333333,1,4.40542756266367e-05,0
Tc_heterogeneity_amplitude__W_coverage_class,1.01458333333333,1.08333333333333,0.000508350286103965,0.000464296010477329
Tc_heterogeneity_amplitude__W_coverage_class,1.01458333333333,1.16666666666667,0.00157253525964081,0.00152848098401418
Tc_heterogeneity_amplitude__W_coverage_class,1.01458333333333,1.25,0.00323644350450063,0.00319238922887399
Tc_heterogeneity_amplitude__W_coverage_class,1.01458333333333,1.33333333333333,0.00550011874502083,0.0054560644693942
Tc_heterogeneity_amplitude__W_coverage_class,1.01458333333333,1.41666666666667,0.00836346330686155,0.00831940903123491
Tc_heterogeneity_amplitude__W_coverage_class,1.01458333333333,1.5,0.011826093241953,0.0117820389663264
Tc_heterogeneity_amplitude__W_coverage_class,1.01458333333333,1.58333333333333,0.0158876700718474,0.0158436157962208
Tc_heterogeneity_amplitude__W_coverage_class,1.01458333333333,1.66666666666667,0.0205469403590136,0.020502886083387
Tc_heterogeneity_amplitude__W_coverage_class,1.01458333333333,1.75,0.0257991601324805,0.0257551058568538
Tc_heterogeneity_amplitude__W_coverage_class,1.01458333333333,1.83333333333333,0.0318448980383064,0.0318008437626797
Tc_heterogeneity_amplitude__W_coverage_class,1.01458333333333,1.91666666666667,0.0396811294733921,0.0396370751977655
Tc_heterogeneity_amplitude__W_coverage_class,1.01458333333333,2,0.0494496454703476,0.0494055911947209
Tc_heterogeneity_amplitude__W_coverage_class,1.075,0,0.0352166121481312,0.0351725578725045
Tc_heterogeneity_amplitude__W_coverage_class,1.075,0.0833333333333333,0.0283512781894522,0.0283072239138256
Tc_heterogeneity_amplitude__W_coverage_class,1.075,0.166666666666667,0.0227016330265475,0.0226575787509209
Tc_heterogeneity_amplitude__W_coverage_class,1.075,0.25,0.017850142015327,0.0178060877397004
Tc_heterogeneity_amplitude__W_coverage_class,1.075,0.333333333333333,0.0135977182942239,0.0135536640185973
Tc_heterogeneity_amplitude__W_coverage_class,1.075,0.416666666666667,0.00994451746622767,0.00990046319060103
Tc_heterogeneity_amplitude__W_coverage_class,1.075,0.5,0.00689101154928651,0.00684695727365987
Tc_heterogeneity_amplitude__W_coverage_class,1.075,0.583333333333333,0.00443728020826223,0.00439322593263559
Tc_heterogeneity_amplitude__W_coverage_class,1.075,0.666666666666667,0.00258332344315479,0.00253926916752815
Tc_heterogeneity_amplitude__W_coverage_class,1.075,0.75,0.00132898166698734,0.0012849273913607
Tc_heterogeneity_amplitude__W_coverage_class,1.075,0.833333333333333,0.000674495693926062,0.000630441418299426
Tc_heterogeneity_amplitude__W_coverage_class,1.075,0.916666666666667,0.000619898683924304,0.000575844408297668
Tc_heterogeneity_amplitude__W_coverage_class,1.075,1,0.00116519063698206,0.00112113636135542
Tc_heterogeneity_amplitude__W_coverage_class,1.075,1.08333333333333,0.00231036296380163,0.00226630868817499
Tc_heterogeneity_amplitude__W_coverage_class,1.075,1.16666666666667,0.00405530994757099,0.00401125567194435
Tc_heterogeneity_amplitude__W_coverage_class,1.075,1.25,0.00639992900343797,0.00635587472781133
Tc_heterogeneity_amplitude__W_coverage_class,1.075,1.33333333333333,0.00934387119498706,0.00929981691936043
Tc_heterogeneity_amplitude__W_coverage_class,1.075,1.41666666666667,0.0128860166832417,0.012841962407615
Tc_heterogeneity_amplitude__W_coverage_class,1.075,1.5,0.0170366014042895,0.0169925471286628
Tc_heterogeneity_amplitude__W_coverage_class,1.075,1.58333333333333,0.0218724988496016,0.0218284445739749
Tc_heterogeneity_amplitude__W_coverage_class,1.075,1.66666666666667,0.0274038612389431,0.0273598069633165
Tc_heterogeneity_amplitude__W_coverage_class,1.075,1.75,0.0337675736120804,0.0337235193364538
Tc_heterogeneity_amplitude__W_coverage_class,1.075,1.83333333333333,0.0419017597407946,0.0418577054651679
Tc_heterogeneity_amplitude__W_coverage_class,1.075,1.91666666666667,0.0519682304313786,0.051924176155752
Tc_heterogeneity_amplitude__W_coverage_class,1.075,2,0.0639669856838322,0.0639229314082056
Tc_heterogeneity_amplitude__W_coverage_class,1.13541666666667,0,0.029294377146468,0.0292503228708413
Tc_heterogeneity_amplitude__W_coverage_class,1.13541666666667,0.0833333333333333,0.0233380083416215,0.0232939540659949
Tc_heterogeneity_amplitude__W_coverage_class,1.13541666666667,0.166666666666667,0.0185288345665985,0.0184847802909719
Tc_heterogeneity_amplitude__W_coverage_class,1.13541666666667,0.25,0.0143568754152106,0.0143128211395839
Tc_heterogeneity_amplitude__W_coverage_class,1.13541666666667,0.333333333333333,0.0107846412415186,0.010740586965892
Tc_heterogeneity_amplitude__W_coverage_class,1.13541666666667,0.416666666666667,0.00781218164374346,0.00776812736811682
Tc_heterogeneity_amplitude__W_coverage_class,1.13541666666667,0.5,0.00543949662188512,0.00539544234625848
Tc_heterogeneity_amplitude__W_coverage_class,1.13541666666667,0.583333333333333,0.0036665627763422,0.00362250850071556
Tc_heterogeneity_amplitude__W_coverage_class,1.13541666666667,0.666666666666667,0.00249318378280182,0.00244912950717519
Tc_heterogeneity_amplitude__W_coverage_class,1.13541666666667,0.75,0.00191969375232095,0.00187563947669431
Tc_heterogeneity_amplitude__W_coverage_class,1.13541666666667,0.833333333333333,0.00194609268489962,0.00190203840927298
Tc_heterogeneity_amplitude__W_coverage_class,1.13541666666667,0.916666666666667,0.00257238058053779,0.00252832630491115
Tc_heterogeneity_amplitude__W_coverage_class,1.13541666666667,1,0.00379855944370041,0.00375450516807377
Tc_heterogeneity_amplitude__W_coverage_class,1.13541666666667,1.08333333333333,0.00562450469660658,0.00558045042097994
Tc_heterogeneity_amplitude__W_coverage_class,1.13541666666667,1.16666666666667,0.00805066791099183,0.0080066136353652
Tc_heterogeneity_amplitude__W_coverage_class,1.13541666666667,1.25,0.0111379042528774,0.0110938499772507
Tc_heterogeneity_amplitude__W_coverage_class,1.13541666666667,1.33333333333333,0.0149206055387924,0.0148765512631658
Tc_heterogeneity_amplitude__W_coverage_class,1.13541666666667,1.41666666666667,0.0193987717687367,0.0193547174931101
Tc_heterogeneity_amplitude__W_coverage_class,1.13541666666667,1.5,0.0245724029427104,0.0245283486670838
Tc_heterogeneity_amplitude__W_coverage_class,1.13541666666667,1.58333333333333,0.0304414990607136,0.0303974447850869
Tc_heterogeneity_amplitude__W_coverage_class,1.13541666666667,1.66666666666667,0.0371244651970716,0.037080410921445
Tc_heterogeneity_amplitude__W_coverage_class,1.13541666666667,1.75,0.0455566060194141,0.0455125517437874
Tc_heterogeneity_amplitude__W_coverage_class,1.13541666666667,1.83333333333333,0.0559210314036265,0.0558769771279999
Tc_heterogeneity_amplitude__W_coverage_class,1.13541666666667,1.91666666666667,0.0682177413497085,0.0681736870740819
Tc_heterogeneity_amplitude__W_coverage_class,1.13541666666667,2,0.0824467358576602,0.0824026815820336
Tc_heterogeneity_amplitude__W_coverage_class,1.19583333333333,0,0.0249719115371585,0.0249278572615319
Tc_heterogeneity_amplitude__W_coverage_class,1.19583333333333,0.0833333333333333,0.0199572916577729,0.0199132373821462
Tc_heterogeneity_amplitude__W_coverage_class,1.19583333333333,0.166666666666667,0.0158663292273299,0.0158222749517033
Tc_heterogeneity_amplitude__W_coverage_class,1.19583333333333,0.25,0.0123751413728039,0.0123310870971772
Tc_heterogeneity_amplitude__W_coverage_class,1.19583333333333,0.333333333333333,0.00948372809419478,0.00943967381856814
Tc_heterogeneity_amplitude__W_coverage_class,1.19583333333333,0.416666666666667,0.00719208939150236,0.00714803511587573
Tc_heterogeneity_amplitude__W_coverage_class,1.19583333333333,0.5,0.00550011854225384,0.00545606426662721
Tc_heterogeneity_amplitude__W_coverage_class,1.19583333333333,0.583333333333333,0.0044077354912939,0.00436368121566726
Tc_heterogeneity_amplitude__W_coverage_class,1.19583333333333,0.666666666666667,0.00391524140339349,0.00387118712776685
Tc_heterogeneity_amplitude__W_coverage_class,1.19583333333333,0.75,0.00402263627855257,0.00397858200292593
Tc_heterogeneity_amplitude__W_coverage_class,1.19583333333333,0.833333333333333,0.00472992011677117,0.00468586584114454
Tc_heterogeneity_amplitude__W_coverage_class,1.19583333333333,0.916666666666667,0.00606902849575589,0.00602497422012926
Tc_heterogeneity_amplitude__W_coverage_class,1.19583333333333,1,0.00810306867824429,0.00805901440261766
Tc_heterogeneity_amplitude__W_coverage_class,1.19583333333333,1.08333333333333,0.0108325738047621,0.0107885195291354
Tc_heterogeneity_amplitude__W_coverage_class,1.19583333333333,1.16666666666667,0.0142575438753092,0.0142134895996826
Tc_heterogeneity_amplitude__W_coverage_class,1.19583333333333,1.25,0.0183779788898858,0.0183339246142592
Tc_heterogeneity_amplitude__W_coverage_class,1.19583333333333,1.33333333333333,0.0231938788484918,0.0231498245728652
Tc_heterogeneity_amplitude__W_coverage_class,1.19583333333333,1.41666666666667,0.0287052437511272,0.0286611894755005
Tc_heterogeneity_amplitude__W_coverage_class,1.19583333333333,1.5,0.0349120735977916,0.034868019322165
Tc_heterogeneity_amplitude__W_coverage_class,1.19583333333333,1.58333333333333,0.0419155727932794,0.0418715185176528
Tc_heterogeneity_amplitude__W_coverage_class,1.19583333333333,1.66666666666667,0.0506456683092506,0.050601614033624
Tc_heterogeneity_amplitude__W_coverage_class,1.19583333333333,1.75,0.0613080483870913,0.0612639941114646
Tc_heterogeneity_amplitude__W_coverage_class,1.19583333333333,1.83333333333333,0.0739027130268018,0.0738586587511751
Tc_heterogeneity_amplitude__W_coverage_class,1.19583333333333,1.91666666666667,0.088429662228382,0.0883856079527553
Tc_heterogeneity_amplitude__W_coverage_class,1.19583333333333,2,0.104888895991832,0.104844841716205
Tc_heterogeneity_amplitude__W_coverage_class,1.25625,0,0.0222492153721486,0.022205161096522
Tc_heterogeneity_amplitude__W_coverage_class,1.25625,0.0833333333333333,0.0181261593954438,0.0180821051198172
Tc_heterogeneity_amplitude__W_coverage_class,1.25625,0.166666666666667,0.0147160178600835,0.0146719635844568
Tc_heterogeneity_amplitude__W_coverage_class,1.25625,0.25,0.0119056509006402,0.0118615966250136
Tc_heterogeneity_amplitude__W_coverage_class,1.25625,0.333333333333333,0.00969505851711397,0.00965100424148733
Tc_heterogeneity_amplitude__W_coverage_class,1.25625,0.416666666666667,0.00808402390084319,0.00803996962521655
Tc_heterogeneity_amplitude__W_coverage_class,1.25625,0.5,0.00707263679246361,0.00702858251683698
Tc_heterogeneity_amplitude__W_coverage_class,1.25625,0.583333333333333,0.00666759741907341,0.00662354314344677
Tc_heterogeneity_amplitude__W_coverage_class,1.25625,0.666666666666667,0.00695132335671257,0.00690726908108594
Tc_heterogeneity_amplitude__W_coverage_class,1.25625,0.75,0.00793209857192671,0.00788804429630008
Tc_heterogeneity_amplitude__W_coverage_class,1.25625,0.833333333333333,0.00960840364751076,0.00956434937188412
Tc_heterogeneity_amplitude__W_coverage_class,1.25625,0.916666666666667,0.0119801775586608,0.0119361232830341
Tc_heterogeneity_amplitude__W_coverage_class,1.25625,1,0.0150474164138401,0.0150033621382135
Tc_heterogeneity_amplitude__W_coverage_class,1.25625,1.08333333333333,0.0188101202130489,0.0187660659374223
Tc_heterogeneity_amplitude__W_coverage_class,1.25625,1.16666666666667,0.0232682889562871,0.0232242346806605
Tc_heterogeneity_amplitude__W_coverage_class,1.25625,1.25,0.0284219226435547,0.028377868367928
Tc_heterogeneity_amplitude__W_coverage_class,1.25625,1.33333333333333,0.0342710212748516,0.0342269669992249
Tc_heterogeneity_amplitude__W_coverage_class,1.25625,1.41666666666667,0.0408155848501779,0.0407715305745512
Tc_heterogeneity_amplitude__W_coverage_class,1.25625,1.5,0.0481408964007042,0.0480968421250775
Tc_heterogeneity_amplitude__W_coverage_class,1.25625,1.58333333333333,0.0571689466103037,0.057124892334677
Tc_heterogeneity_amplitude__W_coverage_class,1.25625,1.66666666666667,0.0681292813817732,0.0680852271061465
Tc_heterogeneity_amplitude__W_coverage_class,1.25625,1.75,0.0810219007151121,0.0809778464394854
Tc_heterogeneity_amplitude__W_coverage_class,1.25625,1.83333333333333,0.0958468046103205,0.0958027503346938
Tc_heterogeneity_amplitude__W_coverage_class,1.25625,1.91666666666667,0.112603993067399,0.112559938791772
Tc_heterogeneity_amplitude__W_coverage_class,1.25625,2,0.131293466086347,0.13124941181072
Tc_heterogeneity_amplitude__W_coverage_class,1.31666666666667,0,0.0211363659195519,0.0210923116439252
Tc_heterogeneity_amplitude__W_coverage_class,1.31666666666667,0.0833333333333333,0.0178072707033577,0.0177632164277311
Tc_heterogeneity_amplitude__W_coverage_class,1.31666666666667,0.166666666666667,0.0150779500630805,0.0150338957874538
Tc_heterogeneity_amplitude__W_coverage_class,1.31666666666667,0.25,0.0129484039987198,0.0129043497230931
Tc_heterogeneity_amplitude__W_coverage_class,1.31666666666667,0.333333333333333,0.0114680133066181,0.0114239590309915
Tc_heterogeneity_amplitude__W_coverage_class,1.31666666666667,0.416666666666667,0.0106979511421772,0.0106538968665506
Tc_heterogeneity_amplitude__W_coverage_class,1.31666666666667,0.5,0.0106250746104914,0.0105810203348648
Tc_heterogeneity_amplitude__W_coverage_class,1.31666666666667,0.583333333333333,0.011248124106626,0.0112040698309993
Tc_heterogeneity_amplitude__W_coverage_class,1.31666666666667,0.666666666666667,0.0125666728187913,0.0125226185431647
Tc_heterogeneity_amplitude__W_coverage_class,1.31666666666667,0.75,0.0145807155145735,0.0145366612389469
Tc_heterogeneity_amplitude__W_coverage_class,1.31666666666667,0.833333333333333,0.0172902231543852,0.0172461688787585
Tc_heterogeneity_amplitude__W_coverage_class,1.31666666666667,0.916666666666667,0.0206951957382262,0.0206511414625995
Tc_heterogeneity_amplitude__W_coverage_class,1.31666666666667,1,0.0247956332660966,0.0247515789904699
Tc_heterogeneity_amplitude__W_coverage_class,1.31666666666667,1.08333333333333,0.0295915357379963,0.0295474814623697
Tc_heterogeneity_amplitude__W_coverage_class,1.31666666666667,1.16666666666667,0.0350829031539255,0.0350388488782989
Tc_heterogeneity_amplitude__W_coverage_class,1.31666666666667,1.25,0.0412697355138842,0.0412256812382576
Tc_heterogeneity_amplitude__W_coverage_class,1.31666666666667,1.33333333333333,0.0481520328178719,0.0481079785422453
Tc_heterogeneity_amplitude__W_coverage_class,1.31666666666667,1.41666666666667,0.0558004360193457,0.0557563817437191
Tc_heterogeneity_amplitude__W_coverage_class,1.31666666666667,1.5,0.0651264409225739,0.0650823866469473
Tc_heterogeneity_amplitude__W_coverage_class,1.31666666666667,1.58333333333333,0.0763847303876717,0.076340676112045
Tc_heterogeneity_amplitude__W_coverage_class,1.31666666666667,1.66666666666667,0.0895753044146392,0.0895312501390125
Tc_heterogeneity_amplitude__W_coverage_class,1.31666666666667,1.75,0.104698163003476,0.10465410872785
Tc_heterogeneity_amplitude__W_coverage_class,1.31666666666667,1.83333333333333,0.121753306154183,0.121709251878556
Tc_heterogeneity_amplitude__W_coverage_class,1.31666666666667,1.91666666666667,0.140740733866759,0.140696679591133
Tc_heterogeneity_amplitude__W_coverage_class,1.31666666666667,2,0.161660446141206,0.161616391865579
Tc_heterogeneity_amplitude__W_coverage_class,1.37708333333333,0,0.0216584575081915,0.0216144032325649
Tc_heterogeneity_amplitude__W_coverage_class,1.37708333333333,0.0833333333333333,0.0191326447235293,0.0190885904479026
Tc_heterogeneity_amplitude__W_coverage_class,1.37708333333333,0.166666666666667,0.0173089174752754,0.0172648631996487
Tc_heterogeneity_amplitude__W_coverage_class,1.37708333333333,0.25,0.0161822642345757,0.0161382099589491
Tc_heterogeneity_amplitude__W_coverage_class,1.37708333333333,0.333333333333333,0.0157518047332791,0.0157077504576524
Tc_heterogeneity_amplitude__W_coverage_class,1.37708333333333,0.416666666666667,0.0160171003802966,0.0159730461046699
Tc_heterogeneity_amplitude__W_coverage_class,1.37708333333333,0.5,0.0169778990558951,0.0169338447802685
Tc_heterogeneity_amplitude__W_coverage_class,1.37708333333333,0.583333333333333,0.0186341876725002,0.0185901333968736
Tc_heterogeneity_amplitude__W_coverage_class,1.37708333333333,0.666666666666667,0.0209859640969441,0.0209419098213174
Tc_heterogeneity_amplitude__W_coverage_class,1.37708333333333,0.75,0.0240332054654173,0.0239891511897906
Tc_heterogeneity_amplitude__W_coverage_class,1.37708333333333,0.833333333333333,0.0277759117779199,0.0277318575022933
Tc_heterogeneity_amplitude__W_coverage_class,1.37708333333333,0.916666666666667,0.0322140830344518,0.0321700287588252
Tc_heterogeneity_amplitude__W_coverage_class,1.37708333333333,1,0.0373477192350133,0.0373036649593867
Tc_heterogeneity_amplitude__W_coverage_class,1.37708333333333,1.08333333333333,0.0431768203796041,0.0431327661039774
Tc_heterogeneity_amplitude__W_coverage_class,1.37708333333333,1.16666666666667,0.0497013864682243,0.0496573321925977
Tc_heterogeneity_amplitude__W_coverage_class,1.37708333333333,1.25,0.056921417500874,0.0568773632252473
Tc_heterogeneity_amplitude__W_coverage_class,1.37708333333333,1.33333333333333,0.0648941916492046,0.064850137373578
Tc_heterogeneity_amplitude__W_coverage_class,1.37708333333333,1.41666666666667,0.0745181512460608,0.0744740969704342
Tc_heterogeneity_amplitude__W_coverage_class,1.37708333333333,1.5,0.086074395404787,0.0860303411291604
Tc_heterogeneity_amplitude__W_coverage_class,1.37708333333333,1.58333333333333,0.099562924125383,0.0995188698497563
Tc_heterogeneity_amplitude__W_coverage_class,1.37708333333333,1.66666666666667,0.114983737407849,0.114939683132222
Tc_heterogeneity_amplitude__W_coverage_class,1.37708333333333,1.75,0.132336835252184,0.132292780976557
Tc_heterogeneity_amplitude__W_coverage_class,1.37708333333333,1.83333333333333,0.151622217658389,0.151578163382762
Tc_heterogeneity_amplitude__W_coverage_class,1.37708333333333,1.91666666666667,0.172839884626463,0.172795830350837
Tc_heterogeneity_amplitude__W_coverage_class,1.37708333333333,2,0.195989836156407,0.195945781880781
Tc_heterogeneity_amplitude__W_coverage_class,1.4375,0,0.0246036070873248,0.0245595528116982
Tc_heterogeneity_amplitude__W_coverage_class,1.4375,0.0833333333333333,0.0231196437657976,0.0230755894901709
Tc_heterogeneity_amplitude__W_coverage_class,1.4375,0.166666666666667,0.0223314879267788,0.0222874336511521
Tc_heterogeneity_amplitude__W_coverage_class,1.4375,0.25,0.0222390273929386,0.022194973117312
Tc_heterogeneity_amplitude__W_coverage_class,1.4375,0.333333333333333,0.0228420761344236,0.022798021858797
Tc_heterogeneity_amplitude__W_coverage_class,1.4375,0.416666666666667,0.0241406106844884,0.0240965564088618
Tc_heterogeneity_amplitude__W_coverage_class,1.4375,0.5,0.0261346392415171,0.0260905849658905
Tc_heterogeneity_amplitude__W_coverage_class,1.4375,0.583333333333333,0.0288241493946226,0.0287800951189959
Tc_heterogeneity_amplitude__W_coverage_class,1.4375,0.666666666666667,0.0322091244917574,0.0321650702161307
Tc_heterogeneity_amplitude__W_coverage_class,1.4375,0.75,0.0362895645329217,0.036245510257295
Tc_heterogeneity_amplitude__W_coverage_class,1.4375,0.833333333333333,0.0410654695181153,0.0410214152424887
Tc_heterogeneity_amplitude__W_coverage_class,1.4375,0.916666666666667,0.0465368394473383,0.0464927851717117
Tc_heterogeneity_amplitude__W_coverage_class,1.4375,1,0.0527036743205907,0.0526596200449641
Tc_heterogeneity_amplitude__W_coverage_class,1.4375,1.08333333333333,0.0595659741378725,0.0595219198622459
Tc_heterogeneity_amplitude__W_coverage_class,1.4375,1.16666666666667,0.0671237388991837,0.0670796846235571
Tc_heterogeneity_amplitude__W_coverage_class,1.4375,1.25,0.075422163290281,0.0753781090146544
Tc_heterogeneity_amplitude__W_coverage_class,1.4375,1.33333333333333,0.0853440775807648,0.0853000233051382
Tc_heterogeneity_amplitude__W_coverage_class,1.4375,1.41666666666667,0.0971982764331195,0.0971542221574928
Tc_heterogeneity_amplitude__W_coverage_class,1.4375,1.5,0.110984759847344,0.110940705571717
Tc_heterogeneity_amplitude__W_coverage_class,1.4375,1.58333333333333,0.126703527823438,0.126659473547811
Tc_heterogeneity_amplitude__W_coverage_class,1.4375,1.66666666666667,0.144354580361402,0.144310526085775
Tc_heterogeneity_amplitude__W_coverage_class,1.4375,1.75,0.163937917461235,0.163893863185608
Tc_heterogeneity_amplitude__W_coverage_class,1.4375,1.83333333333333,0.185453539122938,0.185409484847311
Tc_heterogeneity_amplitude__W_coverage_class,1.4375,1.91666666666667,0.208901445346511,0.208857391070884
Tc_heterogeneity_amplitude__W_coverage_class,1.4375,2,0.234281636131953,0.234237581856327
Tc_heterogeneity_amplitude__W_coverage_class,1.49791666666667,0,0.0303641242093634,0.0303200699337368
Tc_heterogeneity_amplitude__W_coverage_class,1.49791666666667,0.0833333333333333,0.0299139051445524,0.0298698508689257
Tc_heterogeneity_amplitude__W_coverage_class,1.49791666666667,0.166666666666667,0.0301592039519235,0.0301151496762969
Tc_heterogeneity_amplitude__W_coverage_class,1.49791666666667,0.25,0.0310999885678746,0.031055934292248
Tc_heterogeneity_amplitude__W_coverage_class,1.49791666666667,0.333333333333333,0.0327362589924058,0.0326922047167791
Tc_heterogeneity_amplitude__W_coverage_class,1.49791666666667,0.416666666666667,0.0350680275258419,0.0350239732502152
Tc_heterogeneity_amplitude__W_coverage_class,1.49791666666667,0.5,0.0380952714076089,0.0380512171319823
Tc_heterogeneity_amplitude__W_coverage_class,1.49791666666667,0.583333333333333,0.0418179802334054,0.0417739259577787
Tc_heterogeneity_amplitude__W_coverage_class,1.49791666666667,0.666666666666667,0.0462361540032311,0.0461920997276045
Tc_heterogeneity_amplitude__W_coverage_class,1.49791666666667,0.75,0.0513497927170865,0.0513057384414599
Tc_heterogeneity_amplitude__W_coverage_class,1.49791666666667,0.833333333333333,0.057158896374971,0.0571148420993443
Tc_heterogeneity_amplitude__W_coverage_class,1.49791666666667,0.916666666666667,0.0636634649768848,0.0636194107012582
Tc_heterogeneity_amplitude__W_coverage_class,1.49791666666667,1,0.0708634985228285,0.0708194442472019
Tc_heterogeneity_amplitude__W_coverage_class,1.49791666666667,1.08333333333333,0.0787589970128011,0.0787149427371745
Tc_heterogeneity_amplitude__W_coverage_class,1.49791666666667,1.16666666666667,0.0873843509425801,0.0873402966669535
Tc_heterogeneity_amplitude__W_coverage_class,1.49791666666667,1.25,0.0976042199266854,0.0975601656510588
Tc_heterogeneity_amplitude__W_coverage_class,1.49791666666667,1.33333333333333,0.109756373472669,0.109712319197042
Tc_heterogeneity_amplitude__W_coverage_class,1.49791666666667,1.41666666666667,0.123840811580521,0.123796757304895
Tc_heterogeneity_amplitude__W_coverage_class,1.49791666666667,1.5,0.139857534250244,0.139813479974618
Tc_heterogeneity_amplitude__W_coverage_class,1.49791666666667,1.58333333333333,0.157806541481836,0.15776248720621
Tc_heterogeneity_amplitude__W_coverage_class,1.49791666666667,1.66666666666667,0.177687833275298,0.177643778999671
Tc_heterogeneity_amplitude__W_coverage_class,1.49791666666667,1.75,0.19950140963063,0.199457355355003
Tc_heterogeneity_amplitude__W_coverage_class,1.49791666666667,1.83333333333333,0.223247270547831,0.223203216272204
Tc_heterogeneity_amplitude__W_coverage_class,1.49791666666667,1.91666666666667,0.248925416026902,0.248881361751275
Tc_heterogeneity_amplitude__W_coverage_class,1.49791666666667,2,0.277307802654876,0.277263748379249
Tc_heterogeneity_amplitude__W_coverage_class,1.55833333333333,0,0.0389292825083949,0.0388852282327683
Tc_heterogeneity_amplitude__W_coverage_class,1.55833333333333,0.0833333333333333,0.0395123171902324,0.0394682629146057
Tc_heterogeneity_amplitude__W_coverage_class,1.55833333333333,0.166666666666667,0.0407908376806498,0.0407467834050231
Tc_heterogeneity_amplitude__W_coverage_class,1.55833333333333,0.25,0.0427648439796469,0.0427207897040203
Tc_heterogeneity_amplitude__W_coverage_class,1.55833333333333,0.333333333333333,0.0454343525254744,0.0453902982498478
Tc_heterogeneity_amplitude__W_coverage_class,1.55833333333333,0.416666666666667,0.0487993301359031,0.0487552758602764
Tc_heterogeneity_amplitude__W_coverage_class,1.55833333333333,0.5,0.0528597726903611,0.0528157184147345
Tc_heterogeneity_amplitude__W_coverage_class,1.55833333333333,0.583333333333333,0.0576156801888487,0.057571625913222
Tc_heterogeneity_amplitude__W_coverage_class,1.55833333333333,0.666666666666667,0.0630670526313654,0.0630229983557388
Tc_heterogeneity_amplitude__W_coverage_class,1.55833333333333,0.75,0.0692138900179116,0.069169835742285
Tc_heterogeneity_amplitude__W_coverage_class,1.55833333333333,0.833333333333333,0.0760561923484873,0.0760121380728606
Tc_heterogeneity_amplitude__W_coverage_class,1.55833333333333,0.916666666666667,0.0835939596230923,0.0835499053474656
Tc_heterogeneity_amplitude__W_coverage_class,1.55833333333333,1,0.0918271918417268,0.0917831375661002
Tc_heterogeneity_amplitude__W_coverage_class,1.55833333333333,1.08333333333333,0.100780754606145,0.100736700330518
Tc_heterogeneity_amplitude__W_coverage_class,1.55833333333333,1.16666666666667,0.111298578283823,0.111254524008197
Tc_heterogeneity_amplitude__W_coverage_class,1.55833333333333,1.25,0.123748686523435,0.123704632247809
Tc_heterogeneity_amplitude__W_coverage_class,1.55833333333333,1.33333333333333,0.138131079324916,0.13808702504929
Tc_heterogeneity_amplitude__W_coverage_class,1.55833333333333,1.41666666666667,0.154445756688267,0.154401702412641
Tc_heterogeneity_amplitude__W_coverage_class,1.55833333333333,1.5,0.172692718613488,0.172648664337861
Tc_heterogeneity_amplitude__W_coverage_class,1.55833333333333,1.58333333333333,0.192871965100578,0.192827910824951
Tc_heterogeneity_amplitude__W_coverage_class,1.55833333333333,1.66666666666667,0.214983496149538,0.214939441873912
Tc_heterogeneity_amplitude__W_coverage_class,1.55833333333333,1.75,0.239027311760368,0.238983257484741
Tc_heterogeneity_amplitude__W_coverage_class,1.55833333333333,1.83333333333333,0.265003411933067,0.26495935765744
Tc_heterogeneity_amplitude__W_coverage_class,1.55833333333333,1.91666666666667,0.293778690175188,0.293734635899561
Tc_heterogeneity_amplitude__W_coverage_class,1.55833333333333,2,0.328040328856116,0.32799627458049
Tc_heterogeneity_amplitude__W_coverage_class,1.61875,0,0.0502983671078653,0.0502543128322387
Tc_heterogeneity_amplitude__W_coverage_class,1.61875,0.0833333333333333,0.0519146234727489,0.0518705691971223
Tc_heterogeneity_amplitude__W_coverage_class,1.61875,0.166666666666667,0.0542263678453539,0.0541823135697273
Tc_heterogeneity_amplitude__W_coverage_class,1.61875,0.25,0.0572336142404147,0.0571895599647881
Tc_heterogeneity_amplitude__W_coverage_class,1.61875,0.333333333333333,0.0609363255795051,0.0608922713038785
Tc_heterogeneity_amplitude__W_coverage_class,1.61875,0.416666666666667,0.0653345018626248,0.0652904475869981
Tc_heterogeneity_amplitude__W_coverage_class,1.61875,0.5,0.0704281430897739,0.0703840888141472
Tc_heterogeneity_amplitude__W_coverage_class,1.61875,0.583333333333333,0.0762172492609522,0.0761731949853256
Tc_heterogeneity_amplitude__W_coverage_class,1.61875,0.666666666666667,0.0827018203761602,0.0826577661005335
Tc_heterogeneity_amplitude__W_coverage_class,1.61875,0.75,0.0898818564353974,0.0898378021597708
Tc_heterogeneity_amplitude__W_coverage_class,1.61875,0.833333333333333,0.0977573574386639,0.0977133031630372
Tc_heterogeneity_amplitude__W_coverage_class,1.61875,0.916666666666667,0.10632832338596,0.106284269110333
Tc_heterogeneity_amplitude__W_coverage_class,1.61875,1,0.11561137428152,0.115567320005894
Tc_heterogeneity_amplitude__W_coverage_class,1.61875,1.08333333333333,0.126427152652178,0.126383098376551
Tc_heterogeneity_amplitude__W_coverage_class,1.61875,1.16666666666667,0.139175215585418,0.139131161309791
Tc_heterogeneity_amplitude__W_coverage_class,1.61875,1.25,0.153855563080528,0.153811508804901
Tc_heterogeneity_amplitude__W_coverage_class,1.61875,1.33333333333333,0.170468195137507,0.17042414086188
Tc_heterogeneity_amplitude__W_coverage_class,1.61875,1.41666666666667,0.189013111756356,0.188969057480729
Tc_heterogeneity_amplitude__W_coverage_class,1.61875,1.5,0.209490312937075,0.209446258661448
Tc_heterogeneity_amplitude__W_coverage_class,1.61875,1.58333333333333,0.231899798679663,0.231855744404037
Tc_heterogeneity_amplitude__W_coverage_class,1.61875,1.66666666666667,0.256241568984122,0.256197514708495
Tc_heterogeneity_amplitude__W_coverage_class,1.61875,1.75,0.282515623850449,0.282471569574823
Tc_heterogeneity_amplitude__W_coverage_class,1.61875,1.83333333333333,0.311689297927645,0.311645243652018
Tc_heterogeneity_amplitude__W_coverage_class,1.61875,1.91666666666667,0.346392472101898,0.346348417826272
Tc_heterogeneity_amplitude__W_coverage_class,1.61875,2,0.38677331938782,0.386729265112193
Tc_heterogeneity_amplitude__W_coverage_class,1.67916666666667,0,0.064471345944172,0.0644272916685453
Tc_heterogeneity_amplitude__W_coverage_class,1.67916666666667,0.0833333333333333,0.0671208325469407,0.067076778271314
Tc_heterogeneity_amplitude__W_coverage_class,1.67916666666667,0.166666666666667,0.0704658126706632,0.0704217583950366
Tc_heterogeneity_amplitude__W_coverage_class,1.67916666666667,0.25,0.074506257738415,0.0744622034627884
Tc_heterogeneity_amplitude__W_coverage_class,1.67916666666667,0.333333333333333,0.0792421677501964,0.0791981134745698
Tc_heterogeneity_amplitude__W_coverage_class,1.67916666666667,0.416666666666667,0.084673542706007,0.0846294884303804
Tc_heterogeneity_amplitude__W_coverage_class,1.67916666666667,0.5,0.0908003826058472,0.0907563283302206
Tc_heterogeneity_amplitude__W_coverage_class,1.67916666666667,0.583333333333333,0.0976226874497165,0.0975786331740899
Tc_heterogeneity_amplitude__W_coverage_class,1.67916666666667,0.666666666666667,0.105140457237615,0.105096402961989
Tc_heterogeneity_amplitude__W_coverage_class,1.67916666666667,0.75,0.113353691969544,0.113309637693917
Tc_heterogeneity_amplitude__W_coverage_class,1.67916666666667,0.833333333333333,0.122262391645501,0.122218337369874
Tc_heterogeneity_amplitude__W_coverage_class,1.67916666666667,0.916666666666667,0.131876209979103,0.131832155703476
Tc_heterogeneity_amplitude__W_coverage_class,1.67916666666667,1,0.142989943031749,0.142945888756123
Tc_heterogeneity_amplitude__W_coverage_class,1.67916666666667,1.08333333333333,0.156035960658618,0.155991906382991
Tc_heterogeneity_amplitude__W_coverage_class,1.67916666666667,1.16666666666667,0.171014262847356,0.17097020857173
Tc_heterogeneity_amplitude__W_coverage_class,1.67916666666667,1.25,0.187924849597964,0.187880795322337
Tc_heterogeneity_amplitude__W_coverage_class,1.67916666666667,1.33333333333333,0.206767720910442,0.206723666634815
Tc_heterogeneity_amplitude__W_coverage_class,1.67916666666667,1.41666666666667,0.227542876784789,0.227498822509162
Tc_heterogeneity_amplitude__W_coverage_class,1.67916666666667,1.5,0.250250317221005,0.250206262945379
Tc_heterogeneity_amplitude__W_coverage_class,1.67916666666667,1.58333333333333,0.274890042219092,0.274845987943466
Tc_heterogeneity_amplitude__W_coverage_class,1.67916666666667,1.66666666666667,0.301462051779049,0.301417997503422
Tc_heterogeneity_amplitude__W_coverage_class,1.67916666666667,1.75,0.331039625912248,0.330995571636621
Tc_heterogeneity_amplitude__W_coverage_class,1.67916666666667,1.83333333333333,0.366184335579826,0.3661402813042
Tc_heterogeneity_amplitude__W_coverage_class,1.67916666666667,1.91666666666667,0.407006718359072,0.406962664083446
Tc_heterogeneity_amplitude__W_coverage_class,1.67916666666667,2,0.453506774249987,0.45346271997436
Tc_heterogeneity_amplitude__W_coverage_class,1.73958333333333,0,0.0814482339638353,0.0814041796882087
Tc_heterogeneity_amplitude__W_coverage_class,1.73958333333333,0.0833333333333333,0.0851309478162194,0.0850868935405928
Tc_heterogeneity_amplitude__W_coverage_class,1.73958333333333,0.166666666666667,0.0895091266126329,0.0894650723370063
Tc_heterogeneity_amplitude__W_coverage_class,1.73958333333333,0.25,0.0945827703530757,0.094538716077449
Tc_heterogeneity_amplitude__W_coverage_class,1.73958333333333,0.333333333333333,0.100351879037548,0.100307824761922
Tc_heterogeneity_amplitude__W_coverage_class,1.73958333333333,0.416666666666667,0.10681645266605,0.106772398390423
Tc_heterogeneity_amplitude__W_coverage_class,1.73958333333333,0.5,0.113976491238581,0.113932436962954
Tc_heterogeneity_amplitude__W_coverage_class,1.73958333333333,0.583333333333333,0.121831994755141,0.121787940479515
Tc_heterogeneity_amplitude__W_coverage_class,1.73958333333333,0.666666666666667,0.130382963215731,0.130338908940104
Tc_heterogeneity_amplitude__W_coverage_class,1.73958333333333,0.75,0.13962939662035,0.139585342344724
Tc_heterogeneity_amplitude__W_coverage_class,1.73958333333333,0.833333333333333,0.149575262072978,0.149531207797352
Tc_heterogeneity_amplitude__W_coverage_class,1.73958333333333,0.916666666666667,0.160986949422538,0.160942895146911
Tc_heterogeneity_amplitude__W_coverage_class,1.73958333333333,1,0.174330921743035,0.174286867467408
Tc_heterogeneity_amplitude__W_coverage_class,1.73958333333333,1.08333333333333,0.189607178625402,0.189563124349775
Tc_heterogeneity_amplitude__W_coverage_class,1.73958333333333,1.16666666666667,0.206815720069638,0.206771665794011
Tc_heterogeneity_amplitude__W_coverage_class,1.73958333333333,1.25,0.225956546075744,0.225912491800118
Tc_heterogeneity_amplitude__W_coverage_class,1.73958333333333,1.33333333333333,0.24702965664372,0.246985602368093
Tc_heterogeneity_amplitude__W_coverage_class,1.73958333333333,1.41666666666667,0.270035051773565,0.269990997497938
Tc_heterogeneity_amplitude__W_coverage_class,1.73958333333333,1.5,0.29497273146528,0.294928677189654
Tc_heterogeneity_amplitude__W_coverage_class,1.73958333333333,1.58333333333333,0.321842695718864,0.321798641443238
Tc_heterogeneity_amplitude__W_coverage_class,1.73958333333333,1.66666666666667,0.351829674128996,0.35178561985337
Tc_heterogeneity_amplitude__W_coverage_class,1.73958333333333,1.75,0.3874159192899,0.387371865014273
Tc_heterogeneity_amplitude__W_coverage_class,1.73958333333333,1.83333333333333,0.428679837562471,0.428635783286844
Tc_heterogeneity_amplitude__W_coverage_class,1.73958333333333,1.91666666666667,0.47562142894671,0.475577374671084
Tc_heterogeneity_amplitude__W_coverage_class,1.73958333333333,2,0.528240693442617,0.528196639166991
Tc_heterogeneity_amplitude__W_coverage_class,1.8,0,0.101229019677084,0.101184965401457
Tc_heterogeneity_amplitude__W_coverage_class,1.8,0.0833333333333333,0.105944932202159,0.105900877926532
Tc_heterogeneity_amplitude__W_coverage_class,1.8,0.166666666666667,0.111356309671263,0.111312255395637
Tc_heterogeneity_amplitude__W_coverage_class,1.8,0.25,0.117463152084397,0.11741909780877
Tc_heterogeneity_amplitude__W_coverage_class,1.8,0.333333333333333,0.12426545944156,0.124221405165934
Tc_heterogeneity_amplitude__W_coverage_class,1.8,0.416666666666667,0.131763231742753,0.131719177467126
Tc_heterogeneity_amplitude__W_coverage_class,1.8,0.5,0.139956468987975,0.139912414712348
Tc_heterogeneity_amplitude__W_coverage_class,1.8,0.583333333333333,0.148845171177227,0.1488011169016
Tc_heterogeneity_amplitude__W_coverage_class,1.8,0.666666666666667,0.158429338310507,0.158385284034881
Tc_heterogeneity_amplitude__W_coverage_class,1.8,0.75,0.168708970387818,0.168664916112191
Tc_heterogeneity_amplitude__W_coverage_class,1.8,0.833333333333333,0.180418171824543,0.180374117548917
Tc_heterogeneity_amplitude__W_coverage_class,1.8,0.916666666666667,0.194060098838669,0.194016044563042
Tc_heterogeneity_amplitude__W_coverage_class,1.8,1,0.209634310414664,0.209590256139037
Tc_heterogeneity_amplitude__W_coverage_class,1.8,1.08333333333333,0.227140806552529,0.227096752276902
Tc_heterogeneity_amplitude__W_coverage_class,1.8,1.16666666666667,0.246579587252263,0.246535532976637
Tc_heterogeneity_amplitude__W_coverage_class,1.8,1.25,0.267950652513867,0.267906598238241
Tc_heterogeneity_amplitude__W_coverage_class,1.8,1.33333333333333,0.291254002337341,0.291209948061714
Tc_heterogeneity_amplitude__W_coverage_class,1.8,1.41666666666667,0.316489636722684,0.316445582447058
Tc_heterogeneity_amplitude__W_coverage_class,1.8,1.5,0.343657555669898,0.343613501394271
Tc_heterogeneity_amplitude__W_coverage_class,1.8,1.58333333333333,0.37405944257789,0.374015388302264
Tc_heterogeneity_amplitude__W_coverage_class,1.8,1.66666666666667,0.410087223232119,0.410043168956492
Tc_heterogeneity_amplitude__W_coverage_class,1.8,1.75,0.451792676998014,0.451748622722388
Tc_heterogeneity_amplitude__W_coverage_class,1.8,1.83333333333333,0.499175803875578,0.499131749599952
Tc_heterogeneity_amplitude__W_coverage_class,1.8,1.91666666666667,0.552236603864811,0.552192549589184
Tc_heterogeneity_amplitude__W_coverage_class,1.8,2,0.610975076965711,0.610931022690084
W_boundary_class__W_coverage_class,0,0,0.160510832726986,0.160510832726986
W_boundary_class__W_coverage_class,0,0.0833333333333333,0.143932020685081,0.143932020685081
W_boundary_class__W_coverage_class,0,0.166666666666667,0.128343505573829,0.128343505573829
W_boundary_class__W_coverage_class,0,0.25,0.113745287393232,0.113745287393232
W_boundary_class__W_coverage_class,0,0.333333333333333,0.100137366143288,0.100137366143288
W_boundary_class__W_coverage_class,0,0.416666666666667,0.0875197418239975,0.0875197418239975
W_boundary_class__W_coverage_class,0,0.5,0.0758924144353617,0.0758924144353617
W_boundary_class__W_coverage_class,0,0.583333333333333,0.0652553839773799,0.0652553839773799
W_boundary_class__W_coverage_class,0,0.666666666666667,0.0556086504500517,0.0556086504500517
W_boundary_class__W_coverage_class,0,0.75,0.0469522138533774,0.0469522138533774
W_boundary_class__W_coverage_class,0,0.833333333333333,0.0392860741873572,0.0392860741873572
W_boundary_class__W_coverage_class,0,0.916666666666667,0.0326102314519909,0.0326102314519909
W_boundary_class__W_coverage_class,0,1,0.0269246856472784,0.0269246856472784
W_boundary_class__W_coverage_class,0,1.08333333333333,0.0222294367732201,0.0222294367732201
W_boundary_class__W_coverage_class,0,1.16666666666667,0.0185244848298153,0.0185244848298153
W_boundary_class__W_coverage_class,0,1.25,0.0157253174391886,0.0157253174391886
W_boundary_class__W_coverage_class,0,1.33333333333333,0.0136141219760342,0.0136141219760342
W_boundary_class__W_coverage_class,0,1.41666666666667,0.0121798463519227,0.0121798463519227
W_boundary_class__W_coverage_class,0,1.5,0.0114224905668544,0.0114224905668544
W_boundary_class__W_coverage_class,0,1.58333333333333,0.0113420546208293,0.0113420546208293
W_boundary_class__W_coverage_class,0,1.66666666666667,0.0119385385138473,0.0119385385138473
W_boundary_class__W_coverage_class,0,1.75,0.0132119422459081,0.0132119422459081
W_boundary_class__W_coverage_class,0,1.83333333333333,0.0151622658170125,0.0151622658170125
W_boundary_class__W_coverage_class,0,1.91666666666667,0.0177895092271598,0.0177895092271598
W_boundary_class__W_coverage_class,0,2,0.0210936724763503,0.0210936724763503
W_boundary_class__W_coverage_class,0.0833333333333333,0,0.144571984187628,0.144571984187628
W_boundary_class__W_coverage_class,0.0833333333333333,0.0833333333333333,0.128910389675231,0.128910389675231
W_boundary_class__W_coverage_class,0.0833333333333333,0.166666666666667,0.11423909209349,0.11423909209349
W_boundary_class__W_coverage_class,0.0833333333333333,0.25,0.100558091442402,0.100558091442402
W_boundary_class__W_coverage_class,0.0833333333333333,0.333333333333333,0.0878673877219679,0.0878673877219679
W_boundary_class__W_coverage_class,0.0833333333333333,0.416666666666667,0.0761669809321878,0.0761669809321878
W_boundary_class__W_coverage_class,0.0833333333333333,0.5,0.0654568710730612,0.0654568710730612
W_boundary_class__W_coverage_class,0.0833333333333333,0.583333333333333,0.0557370581445888,0.0557370581445888
W_boundary_class__W_coverage_class,0.0833333333333333,0.666666666666667,0.0470075421467702,0.0470075421467702
W_boundary_class__W_coverage_class,0.0833333333333333,0.75,0.0392683230796059,0.0392683230796059
W_boundary_class__W_coverage_class,0.0833333333333333,0.833333333333333,0.0325194009430951,0.0325194009430951
W_boundary_class__W_coverage_class,0.0833333333333333,0.916666666666667,0.0267607757372385,0.0267607757372385
W_boundary_class__W_coverage_class,0.0833333333333333,1,0.0219924474620355,0.0219924474620355
W_boundary_class__W_coverage_class,0.0833333333333333,1.08333333333333,0.0181798238058957,0.0181798238058957
W_boundary_class__W_coverage_class,0.0833333333333333,1.16666666666667,0.0150881565729724,0.0150881565729724
W_boundary_class__W_coverage_class,0.0833333333333333,1.25,0.0126734091790917,0.0126734091790917
W_boundary_class__W_coverage_class,0.0833333333333333,1.33333333333333,0.0109355816242544,0.0109355816242544
W_boundary_class__W_coverage_class,0.0833333333333333,1.41666666666667,0.00987467390845996,0.00987467390845996
W_boundary_class__W_coverage_class,0.0833333333333333,1.5,0.00949068603170887,0.00949068603170887
W_boundary_class__W_coverage_class,0.0833333333333333,1.58333333333333,0.00978361799400091,0.00978361799400091
W_boundary_class__W_coverage_class,0.0833333333333333,1.66666666666667,0.010753469795336,0.010753469795336
W_boundary_class__W_coverage_class,0.0833333333333333,1.75,0.012400241435714,0.012400241435714
W_boundary_class__W_coverage_class,0.0833333333333333,1.83333333333333,0.0147239329151353,0.0147239329151353
W_boundary_class__W_coverage_class,0.0833333333333333,1.91666666666667,0.0177245442335999,0.0177245442335999
W_boundary_class__W_coverage_class,0.0833333333333333,2,0.0214020753911073,0.0214020753911073
W_boundary_class__W_coverage_class,0.166666666666667,0,0.12993974199196,0.12993974199196
W_boundary_class__W_coverage_class,0.166666666666667,0.0833333333333333,0.115195365009074,0.115195365009074
W_boundary_class__W_coverage_class,0.166666666666667,0.166666666666667,0.101441284956842,0.101441284956842
W_boundary_class__W_coverage_class,0.166666666666667,0.25,0.0886775018352631,0.0886775018352631
W_boundary_class__W_coverage_class,0.166666666666667,0.333333333333333,0.0769040156443388,0.0769040156443388
W_boundary_class__W_coverage_class,0.166666666666667,0.416666666666667,0.0661208263840684,0.0661208263840684
W_boundary_class__W_coverage_class,0.166666666666667,0.5,0.0563279340544511,0.0563279340544511
W_boundary_class__W_coverage_class,0.166666666666667,0.583333333333333,0.0475253386554886,0.0475253386554886
W_boundary_class__W_coverage_class,0.166666666666667,0.666666666666667,0.0397130401871794,0.0397130401871794
W_boundary_class__W_coverage_class,0.166666666666667,0.75,0.0328910386495246,0.0328910386495246
W_boundary_class__W_coverage_class,0.166666666666667,0.833333333333333,0.0270593340425235,0.0270593340425235
W_boundary_class__W_coverage_class,0.166666666666667,0.916666666666667,0.0222113215463804,0.0222113215463804
W_boundary_class__W_coverage_class,0.166666666666667,1,0.018139182543688,0.018139182543688
W_boundary_class__W_coverage_class,0.166666666666667,1.08333333333333,0.0147439633800385,0.0147439633800385
W_boundary_class__W_coverage_class,0.166666666666667,1.16666666666667,0.0120256640554319,0.0120256640554319
W_boundary_class__W_coverage_class,0.166666666666667,1.25,0.00998428456986866,0.00998428456986866
W_boundary_class__W_coverage_class,0.166666666666667,1.33333333333333,0.00861982492334835,0.00861982492334835
W_boundary_class__W_coverage_class,0.166666666666667,1.41666666666667,0.00793228511587109,0.00793228511587109
W_boundary_class__W_coverage_class,0.166666666666667,1.5,0.00792166514743717,0.00792166514743717
W_boundary_class__W_coverage_class,0.166666666666667,1.58333333333333,0.00858796501804622,0.00858796501804622
W_boundary_class__W_coverage_class,0.166666666666667,1.66666666666667,0.00993118472769837,0.00993118472769837
W_boundary_class__W_coverage_class,0.166666666666667,1.75,0.0119513242763937,0.0119513242763937
W_boundary_class__W_coverage_class,0.166666666666667,1.83333333333333,0.0146483836641321,0.0146483836641321
W_boundary_class__W_coverage_class,0.166666666666667,1.91666666666667,0.0180223628909135,0.0180223628909135
W_boundary_class__W_coverage_class,0.166666666666667,2,0.0220732619567382,0.0220732619567382
W_boundary_class__W_coverage_class,0.25,0,0.116614106139983,0.116614106139983
W_boundary_class__W_coverage_class,0.25,0.0833333333333333,0.102786946686607,0.102786946686607
W_boundary_class__W_coverage_class,0.25,0.166666666666667,0.0899500841638841,0.0899500841638841
W_boundary_class__W_coverage_class,0.25,0.25,0.0781035185718151,0.0781035185718151
W_boundary_class__W_coverage_class,0.25,0.333333333333333,0.0672472499104003,0.0672472499104003
W_boundary_class__W_coverage_class,0.25,0.416666666666667,0.0573812781796391,0.0573812781796391
W_boundary_class__W_coverage_class,0.25,0.5,0.0485056033795321,0.0485056033795321
W_boundary_class__W_coverage_class,0.25,0.583333333333333,0.0406202255100788,0.0406202255100788
W_boundary_class__W_coverage_class,0.25,0.666666666666667,0.0337251445712796,0.0337251445712796
W_boundary_class__W_coverage_class,0.25,0.75,0.0278203605631342,0.0278203605631342
W_boundary_class__W_coverage_class,0.25,0.833333333333333,0.0227671998881815,0.0227671998881815
W_boundary_class__W_coverage_class,0.25,0.916666666666667,0.0183915089547628,0.0183915089547628
W_boundary_class__W_coverage_class,0.25,1,0.0146927378603872,0.0146927378603872
W_boundary_class__W_coverage_class,0.25,1.08333333333333,0.0116708866050548,0.0116708866050548
W_boundary_class__W_coverage_class,0.25,1.16666666666667,0.00932595518876546,0.00932595518876546
W_boundary_class__W_coverage_class,0.25,1.25,0.00765794361151931,0.00765794361151931
W_boundary_class__W_coverage_class,0.25,1.33333333333333,0.00666685187331608,0.00666685187331608
W_boundary_class__W_coverage_class,0.25,1.41666666666667,0.00635267997415603,0.00635267997415603
W_boundary_class__W_coverage_class,0.25,1.5,0.00671542791403908,0.00671542791403908
W_boundary_class__W_coverage_class,0.25,1.58333333333333,0.00775509569296531,0.00775509569296531
W_boundary_class__W_coverage_class,0.25,1.66666666666667,0.00947168331093467,0.00947168331093467
W_boundary_class__W_coverage_class,0.25,1.75,0.0118651907679469,0.0118651907679469
W_boundary_class__W_coverage_class,0.25,1.83333333333333,0.0149356180640025,0.0149356180640025
W_boundary_class__W_coverage_class,0.25,1.91666666666667,0.0186829651991009,0.0186829651991009
W_boundary_class__W_coverage_class,0.25,2,0.0231072321732427,0.0231072321732427
W_boundary_class__W_coverage_class,0.333333333333333,0,0.104595076631697,0.104595076631697
W_boundary_class__W_coverage_class,0.333333333333333,0.0833333333333333,0.09168513470783,0.09168513470783
W_boundary_class__W_coverage_class,0.333333333333333,0.166666666666667,0.0797654897146169,0.0797654897146169
W_boundary_class__W_coverage_class,0.333333333333333,0.25,0.0688361416520576,0.0688361416520576
W_boundary_class__W_coverage_class,0.333333333333333,0.333333333333333,0.0588970905201521,0.0588970905201521
W_boundary_class__W_coverage_class,0.333333333333333,0.416666666666667,0.0499483363189007,0.0499483363189007
W_boundary_class__W_coverage_class,0.333333333333333,0.5,0.0419898790483031,0.0419898790483031
W_boundary_class__W_coverage_class,0.333333333333333,0.583333333333333,0.0350217187083594,0.0350217187083594
W_boundary_class__W_coverage_class,0.333333333333333,0.666666666666667,0.0289722086064529,0.0289722086064529
W_boundary_class__W_coverage_class,0.333333333333333,0.75,0.0236160459032649,0.0236160459032649
W_boundary_class__W_coverage_class,0.333333333333333,0.833333333333333,0.0189368030391203,0.0189368030391203
W_boundary_class__W_coverage_class,0.333333333333333,0.916666666666667,0.0149344800140187,0.0149344800140187
W_boundary_class__W_coverage_class,0.333333333333333,1,0.0116090768279603,0.0116090768279603
W_boundary_class__W_coverage_class,0.333333333333333,1.08333333333333,0.00896059348094494,0.00896059348094494
W_boundary_class__W_coverage_class,0.333333333333333,1.16666666666667,0.00698902997297273,0.00698902997297273
W_boundary_class__W_coverage_class,0.333333333333333,1.25,0.00569438630404358,0.00569438630404358
W_boundary_class__W_coverage_class,0.333333333333333,1.33333333333333,0.0050766624741576,0.0050766624741576
W_boundary_class__W_coverage_class,0.333333333333333,1.41666666666667,0.0051358584833147,0.0051358584833147
W_boundary_class__W_coverage_class,0.333333333333333,1.5,0.00587197433151488,0.00587197433151488
W_boundary_class__W_coverage_class,0.333333333333333,1.58333333333333,0.0072850100187582,0.0072850100187582
W_boundary_class__W_coverage_class,0.333333333333333,1.66666666666667,0.0093749655450446,0.0093749655450446
W_boundary_class__W_coverage_class,0.333333333333333,1.75,0.012141840910374,0.012141840910374
W_boundary_class__W_coverage_class,0.333333333333333,1.83333333333333,0.0155856361147467,0.0155856361147467
W_boundary_class__W_coverage_class,0.333333333333333,1.91666666666667,0.0197063511581624,0.0197063511581624
W_boundary_class__W_coverage_class,0.333333333333333,2,0.0245039860406213,0.0245039860406213
W_boundary_class__W_coverage_class,0.416666666666667,0,0.0938826534671011,0.0938826534671011
W_boundary_class__W_coverage_class,0.416666666666667,0.0833333333333333,0.0818899290727436,0.0818899290727436
W_boundary_class__W_coverage_class,0.416666666666667,0.166666666666667,0.07088750160904,0.07088750160904
W_boundary_class__W_coverage_class,0.416666666666667,0.25,0.0608753710759905,0.0608753710759905
W_boundary_class__W_coverage_class,0.416666666666667,0.333333333333333,0.0518535374735946,0.0518535374735946
W_boundary_class__W_coverage_class,0.416666666666667,0.416666666666667,0.0438220008018526,0.0438220008018526
W_boundary_class__W_coverage_class,0.416666666666667,0.5,0.0367542086985017,0.0367542086985017
W_boundary_class__W_coverage_class,0.416666666666667,0.583333333333333,0.0304175742255448,0.0304175742255448
W_boundary_class__W_coverage_class,0.416666666666667,0.666666666666667,0.024757859591631,0.024757859591631
W_boundary_class__W_coverage_class,0.416666666666667,0.75,0.0197750647967605,0.0197750647967605
W_boundary_class__W_coverage_class,0.416666666666667,0.833333333333333,0.0154691898409328,0.0154691898409328
W_boundary_class__W_coverage_class,0.416666666666667,0.916666666666667,0.0118402347241485,0.0118402347241485
W_boundary_class__W_coverage_class,0.416666666666667,1,0.00888819944640712,0.00888819944640712
W_boundary_class__W_coverage_class,0.416666666666667,1.08333333333333,0.00661308400770885,0.00661308400770885
W_boundary_class__W_coverage_class,0.416666666666667,1.16666666666667,0.00501488840805374,0.00501488840805374
W_boundary_class__W_coverage_class,0.416666666666667,1.25,0.00409361264744164,0.00409361264744164
W_boundary_class__W_coverage_class,0.416666666666667,1.33333333333333,0.00384925672587277,0.00384925672587277
W_boundary_class__W_coverage_class,0.416666666666667,1.41666666666667,0.004281820643347,0.004281820643347
W_boundary_class__W_coverage_class,0.416666666666667,1.5,0.0053913043998643,0.0053913043998643
W_boundary_class__W_coverage_class,0.416666666666667,1.58333333333333,0.00717770799542477,0.00717770799542477
W_boundary_class__W_coverage_class,0.416666666666667,1.66666666666667,0.00964103143002823,0.00964103143002823
W_boundary_class__W_coverage_class,0.416666666666667,1.75,0.0127812747036748,0.0127812747036748
W_boundary_class__W_coverage_class,0.416666666666667,1.83333333333333,0.0165984378163645,0.0165984378163645
W_boundary_class__W_coverage_class,0.416666666666667,1.91666666666667,0.0210925207680974,0.0210925207680974
W_boundary_class__W_coverage_class,0.416666666666667,2,0.0262635235588733,0.0262635235588733
W_boundary_class__W_coverage_class,0.5,0,0.0844768366461962,0.0844768366461962
W_boundary_class__W_coverage_class,0.5,0.0833333333333333,0.0734013297813478,0.0734013297813478
W_boundary_class__W_coverage_class,0.5,0.166666666666667,0.0633161198471538,0.0633161198471538
W_boundary_class__W_coverage_class,0.5,0.25,0.0542212068436136,0.0542212068436136
W_boundary_class__W_coverage_class,0.5,0.333333333333333,0.0461132001643284,0.0461132001643284
W_boundary_class__W_coverage_class,0.5,0.416666666666667,0.0387960939216026,0.0387960939216026
W_boundary_class__W_coverage_class,0.5,0.5,0.0321559075179196,0.0321559075179196
W_boundary_class__W_coverage_class,0.5,0.583333333333333,0.0261926409532798,0.0261926409532798
W_boundary_class__W_coverage_class,0.5,0.666666666666667,0.0209062942276832,0.0209062942276832
W_boundary_class__W_coverage_class,0.5,0.75,0.0162968673411296,0.0162968673411296
W_boundary_class__W_coverage_class,0.5,0.833333333333333,0.0123643602936192,0.0123643602936192
W_boundary_class__W_coverage_class,0.5,0.916666666666667,0.00910877308515194,0.00910877308515194
W_boundary_class__W_coverage_class,0.5,1,0.00653010571572764,0.00653010571572764
W_boundary_class__W_coverage_class,0.5,1.08333333333333,0.00462835818534656,0.00462835818534656
W_boundary_class__W_coverage_class,0.5,1.16666666666667,0.00340353049400854,0.00340353049400854
W_boundary_class__W_coverage_class,0.5,1.25,0.00285562264171359,0.00285562264171359
W_boundary_class__W_coverage_class,0.5,1.33333333333333,0.00298463462846181,0.00298463462846181
W_boundary_class__W_coverage_class,0.5,1.41666666666667,0.00379056645425315,0.00379056645425315
W_boundary_class__W_coverage_class,0.5,1.5,0.00527341811908754,0.00527341811908754
W_boundary_class__W_coverage_class,0.5,1.58333333333333,0.00743318962296512,0.00743318962296512
W_boundary_class__W_coverage_class,0.5,1.66666666666667,0.0102698809658857,0.0102698809658857
W_boundary_class__W_coverage_class,0.5,1.75,0.0137834921478494,0.0137834921478494
W_boundary_class__W_coverage_class,0.5,1.83333333333333,0.0179740231688562,0.0179740231688562
W_boundary_class__W_coverage_class,0.5,1.91666666666667,0.0228414740289062,0.0228414740289062
W_boundary_class__W_coverage_class,0.5,2,0.0283858447279992,0.0283858447279992
W_boundary_class__W_coverage_class,0.583333333333333,0,0.0763776261689809,0.0763776261689809
W_boundary_class__W_coverage_class,0.583333333333333,0.0833333333333333,0.0662193368336426,0.0662193368336426
W_boundary_class__W_coverage_class,0.583333333333333,0.166666666666667,0.0570513444289582,0.0570513444289582
W_boundary_class__W_coverage_class,0.583333333333333,0.25,0.0487516049914376,0.0487516049914376
W_boundary_class__W_coverage_class,0.583333333333333,0.333333333333333,0.0411309468179858,0.0411309468179858
W_boundary_class__W_coverage_class,0.583333333333333,0.416666666666667,0.034187208483577,0.034187208483577
W_boundary_class__W_coverage_class,0.583333333333333,0.5,0.0279203899882113,0.0279203899882113
W_boundary_class__W_coverage_class,0.583333333333333,0.583333333333333,0.0223304913318887,0.0223304913318887
W_boundary_class__W_coverage_class,0.583333333333333,0.666666666666667,0.0174175125146091,0.0174175125146091
W_boundary_class__W_coverage_class,0.583333333333333,0.75,0.0131814535363727,0.0131814535363727
W_boundary_class__W_coverage_class,0.583333333333333,0.833333333333333,0.0096223143971793,0.0096223143971793
W_boundary_class__W_coverage_class,0.583333333333333,0.916666666666667,0.00674009509702915,0.00674009509702915
W_boundary_class__W_coverage_class,0.583333333333333,1,0.00453479563592198,0.00453479563592198
W_boundary_class__W_coverage_class,0.583333333333333,1.08333333333333,0.003006416013858,0.003006416013858
W_boundary_class__W_coverage_class,0.583333333333333,1.16666666666667,0.00215495623083708,0.00215495623083708
W_boundary_class__W_coverage_class,0.583333333333333,1.25,0.00198041628685931,0.00198041628685931
W_boundary_class__W_coverage_class,0.583333333333333,1.33333333333333,0.00248279618192459,0.00248279618192459
W_boundary_class__W_coverage_class,0.583333333333333,1.41666666666667,0.00366209591603303,0.00366209591603303
W_boundary_class__W_coverage_class,0.583333333333333,1.5,0.00551831548918456,0.00551831548918456
W_boundary_class__W_coverage_class,0.583333333333333,1.58333333333333,0.0080514549013792,0.0080514549013792
W_boundary_class__W_coverage_class,0.583333333333333,1.66666666666667,0.0112615141526169,0.0112615141526169
W_boundary_class__W_coverage_class,0.583333333333333,1.75,0.0151484932428977,0.0151484932428977
W_boundary_class__W_coverage_class,0.583333333333333,1.83333333333333,0.0197123921722217,0.0197123921722217
W_boundary_class__W_coverage_class,0.583333333333333,1.91666666666667,0.0249532109405888,0.0249532109405888
W_boundary_class__W_coverage_class,0.583333333333333,2,0.030870949547999,0.030870949547999
W_boundary_class__W_coverage_class,0.666666666666667,0,0.0695850220354569,0.0695850220354569
W_boundary_class__W_coverage_class,0.666666666666667,0.0833333333333333,0.0602841074350508,0.0602841074350508
W_boundary_class__W_coverage_class,0.666666666666667,0.166666666666667,0.0516829774918299,0.0516829774918299
W_boundary_class__W_coverage_class,0.666666666666667,0.25,0.0437587673876518,0.0437587673876518
W_boundary_class__W_coverage_class,0.666666666666667,0.333333333333333,0.0365114771225171,0.0365114771225171
W_boundary_class__W_coverage_class,0.666666666666667,0.416666666666667,0.0299411066964254,0.0299411066964254
W_boundary_class__W_coverage_class,0.666666666666667,0.5,0.0240476561093767,0.0240476561093767
W_boundary_class__W_coverage_class,0.666666666666667,0.583333333333333,0.0188311253613711,0.0188311253613711
W_boundary_class__W_coverage_class,0.666666666666667,0.666666666666667,0.0142915144524088,0.0142915144524088
W_boundary_class__W_coverage_class,0.666666666666667,0.75,0.0104288233824894,0.0104288233824894
W_boundary_class__W_coverage_class,0.666666666666667,0.833333333333333,0.00724305215161323,0.00724305215161323
W_boundary_class__W_coverage_class,0.666666666666667,0.916666666666667,0.00473420075978009,0.00473420075978009
W_boundary_class__W_coverage_class,0.666666666666667,1,0.00290226920699009,0.00290226920699009
W_boundary_class__W_coverage_class,0.666666666666667,1.08333333333333,0.00174725749324319,0.00174725749324319
W_boundary_class__W_coverage_class,0.666666666666667,1.16666666666667,0.00126916561853937,0.00126916561853937
W_boundary_class__W_coverage_class,0.666666666666667,1.25,0.00146799358287873,0.00146799358287873
W_boundary_class__W_coverage_class,0.666666666666667,1.33333333333333,0.00234374138626115,0.00234374138626115
W_boundary_class__W_coverage_class,0.666666666666667,1.41666666666667,0.00389640902868669,0.00389640902868669
W_boundary_class__W_coverage_class,0.666666666666667,1.5,0.00612599651015533,0.00612599651015533
W_boundary_class__W_coverage_class,0.666666666666667,1.58333333333333,0.00903250383066708,0.00903250383066708
W_boundary_class__W_coverage_class,0.666666666666667,1.66666666666667,0.0126159309902219,0.0126159309902219
W_boundary_class__W_coverage_class,0.666666666666667,1.75,0.0168762779888198,0.0168762779888198
W_boundary_class__W_coverage_class,0.666666666666667,1.83333333333333,0.0218135448264609,0.0218135448264609
W_boundary_class__W_coverage_class,0.666666666666667,1.91666666666667,0.0274277315031451,0.0274277315031451
W_boundary_class__W_coverage_class,0.666666666666667,2,0.0337188380188724,0.0337188380188724
W_boundary_class__W_coverage_class,0.75,0,0.0638119995394514,0.0638119995394514
W_boundary_class__W_coverage_class,0.75,0.0833333333333333,0.0549073176655047,0.0549073176655047
W_boundary_class__W_coverage_class,0.75,0.166666666666667,0.0466795556306007,0.0466795556306007
W_boundary_class__W_coverage_class,0.75,0.25,0.0391287134347396,0.0391287134347396
W_boundary_class__W_coverage_class,0.75,0.333333333333333,0.0322547910779222,0.0322547910779222
W_boundary_class__W_coverage_class,0.75,0.416666666666667,0.0260577885601474,0.0260577885601474
W_boundary_class__W_coverage_class,0.75,0.5,0.0205377058814159,0.0205377058814159
W_boundary_class__W_coverage_class,0.75,0.583333333333333,0.0156945430417274,0.0156945430417274
W_boundary_class__W_coverage_class,0.75,0.666666666666667,0.0115283000410822,0.0115283000410822
W_boundary_class__W_coverage_class,0.75,0.75,0.0080389768794799,0.0080389768794799
W_boundary_class__W_coverage_class,0.75,0.833333333333333,0.00522657355692078,0.00522657355692078
W_boundary_class__W_coverage_class,0.75,0.916666666666667,0.00309109007340481,0.00309109007340481
W_boundary_class__W_coverage_class,0.75,1,0.00163252642893191,0.00163252642893191
W_boundary_class__W_coverage_class,0.75,1.08333333333333,0.000850882623502136,0.000850882623502136
W_boundary_class__W_coverage_class,0.75,1.16666666666667,0.000746158657115449,0.000746158657115449
W_boundary_class__W_coverage_class,0.75,1.25,0.00131835452977189,0.00131835452977189
W_boundary_class__W_coverage_class,0.75,1.33333333333333,0.00256747024147142,0.00256747024147142
W_boundary_class__W_coverage_class,0.75,1.41666666666667,0.00449350579221408,0.00449350579221408
W_boundary_class__W_coverage_class,0.75,1.5,0.00709646118199982,0.00709646118199982
W_boundary_class__W_coverage_class,0.75,1.58333333333333,0.0103763364108287,0.0103763364108287
W_boundary_class__W_coverage_class,0.75,1.66666666666667,0.0143331314787007,0.0143331314787007
W_boundary_class__W_coverage_class,0.75,1.75,0.0189668463856156,0.0189668463856156
W_boundary_class__W_coverage_class,0.75,1.83333333333333,0.0242774811315739,0.0242774811315739
W_boundary_class__W_coverage_class,0.75,1.91666666666667,0.0302650357165752,0.0302650357165752
W_boundary_class__W_coverage_class,0.75,2,0.0369295101406196,0.0369295101406196
W_boundary_class__W_coverage_class,0.833333333333333,0,0.0584246255124619,0.0584246255124619
W_boundary_class__W_coverage_class,0.833333333333333,0.0833333333333333,0.0498933115468318,0.0498933115468318
W_boundary_class__W_coverage_class,0.833333333333333,0.166666666666667,0.0420389174202452,0.0420389174202452
W_boundary_class__W_coverage_class,0.833333333333333,0.25,0.0348614431327012,0.0348614431327012
W_boundary_class__W_coverage_class,0.833333333333333,0.333333333333333,0.0283608886842008,0.0283608886842008
W_boundary_class__W_coverage_class,0.833333333333333,0.416666666666667,0.0225372540747432,0.0225372540747432
W_boundary_class__W_coverage_class,0.833333333333333,0.5,0.0173905393043288,0.0173905393043288
W_boundary_class__W_coverage_class,0.833333333333333,0.583333333333333,0.0129207443729575,0.0129207443729575
W_boundary_class__W_coverage_class,0.833333333333333,0.666666666666667,0.00912786928062928,0.00912786928062928
W_boundary_class__W_coverage_class,0.833333333333333,0.75,0.00601191402734417,0.00601191402734417
W_boundary_class__W_coverage_class,0.833333333333333,0.833333333333333,0.00357287861310219,0.00357287861310219
W_boundary_class__W_coverage_class,0.833333333333333,0.916666666666667,0.0018107630379033,0.0018107630379033
W_boundary_class__W_coverage_class,0.833333333333333,1,0.000725567301747519,0.000725567301747519
W_boundary_class__W_coverage_class,0.833333333333333,1.08333333333333,0.000317291404634846,0.000317291404634846
W_boundary_class__W_coverage_class,0.833333333333333,1.16666666666667,0.00058593534656528,0.00058593534656528
W_boundary_class__W_coverage_class,0.833333333333333,1.25,0.00153149912753883,0.00153149912753883
W_boundary_class__W_coverage_class,0.833333333333333,1.33333333333333,0.00315398274755548,0.00315398274755548
W_boundary_class__W_coverage_class,0.833333333333333,1.41666666666667,0.00545338620661523,0.00545338620661523
W_boundary_class__W_coverage_class,0.833333333333333,1.5,0.00842970950471808,0.00842970950471808
W_boundary_class__W_coverage_class,0.833333333333333,1.58333333333333,0.0120829526418641,0.0120829526418641
W_boundary_class__W_coverage_class,0.833333333333333,1.66666666666667,0.0164131156180531,0.0164131156180531
W_boundary_class__W_coverage_class,0.833333333333333,1.75,0.0214201984332852,0.0214201984332852
W_boundary_class__W_coverage_class,0.833333333333333,1.83333333333333,0.0271042010875606,0.0271042010875606
W_boundary_class__W_coverage_class,0.833333333333333,1.91666666666667,0.0334651235808789,0.0334651235808789
W_boundary_class__W_coverage_class,0.833333333333333,2,0.0405029659132405,0.0405029659132405
W_boundary_class__W_coverage_class,0.916666666666667,0,0.0534000351363457,0.0534000351363457
W_boundary_class__W_coverage_class,0.916666666666667,0.0833333333333333,0.045242089079033,0.045242089079033
W_boundary_class__W_coverage_class,0.916666666666667,0.166666666666667,0.0377610628607633,0.0377610628607633
W_boundary_class__W_coverage_class,0.916666666666667,0.25,0.0309569564815366,0.0309569564815366
W_boundary_class__W_coverage_class,0.916666666666667,0.333333333333333,0.0248297699413532,0.0248297699413532
W_boundary_class__W_coverage_class,0.916666666666667,0.416666666666667,0.0193795032402128,0.0193795032402128
W_boundary_class__W_coverage_class,0.916666666666667,0.5,0.0146061563781155,0.0146061563781155
W_boundary_class__W_coverage_class,0.916666666666667,0.583333333333333,0.0105097293550612,0.0105097293550612
W_boundary_class__W_coverage_class,0.916666666666667,0.666666666666667,0.00709022217105019,0.00709022217105019
W_boundary_class__W_coverage_class,0.916666666666667,0.75,0.00434763482608221,0.00434763482608221
W_boundary_class__W_coverage_class,0.916666666666667,0.833333333333333,0.00228196732015732,0.00228196732015732
W_boundary_class__W_coverage_class,0.916666666666667,0.916666666666667,0.000893219653275546,0.000893219653275546
W_boundary_class__W_coverage_class,0.916666666666667,1,0.000181391825436879,0.000181391825436879
W_boundary_class__W_coverage_class,0.916666666666667,1.08333333333333,0.000146483836641319,0.000146483836641319
W_boundary_class__W_coverage_class,0.916666666666667,1.16666666666667,0.000788495686888868,0.000788495686888868
W_boundary_class__W_coverage_class,0.916666666666667,1.25,0.00210742737617952,0.00210742737617952
W_boundary_class__W_coverage_class,0.916666666666667,1.33333333333333,0.00410327890451327,0.00410327890451327
W_boundary_class__W_coverage_class,0.916666666666667,1.41666666666667,0.00677605027189015,0.00677605027189015
W_boundary_class__W_coverage_class,0.916666666666667,1.5,0.0101257414783101,0.0101257414783101
W_boundary_class__W_coverage_class,0.916666666666667,1.58333333333333,0.0141523525237732,0.0141523525237732
W_boundary_class__W_coverage_class,0.916666666666667,1.66666666666667,0.0188558834082794,0.0188558834082794
W_boundary_class__W_coverage_class,0.916666666666667,1.75,0.0242363341318287,0.0242363341318287
W_boundary_class__W_coverage_class,0.916666666666667,1.83333333333333,0.0302937046944211,0.0302937046944211
W_boundary_class__W_coverage_class,0.916666666666667,1.91666666666667,0.0370279950960566,0.0370279950960566
W_boundary_class__W_coverage_class,0.916666666666667,2,0.0444392053367353,0.0444392053367353
W_boundary_class__W_coverage_class,1,0,0.0487382284111036,0.0487382284111036
W_boundary_class__W_coverage_class,1,0.0833333333333333,0.0409536502621079,0.0409536502621079
W_boundary_class__W_coverage_class,1,0.166666666666667,0.0338459919521553,0.0338459919521553
W_boundary_class__W_coverage_class,1,0.25,0.0274152534812457,0.0274152534812457
W_boundary_class__W_coverage_class,1,0.333333333333333,0.0216614348493794,0.0216614348493794
W_boundary_class__W_coverage_class,1,0.416666666666667,0.0165845360565561,0.0165845360565561
W_boundary_class__W_coverage_class,1,0.5,0.0121845571027759,0.0121845571027759
W_boundary_class__W_coverage_class,1,0.583333333333333,0.00846149798803882,0.00846149798803882
W_boundary_class__W_coverage_class,1,0.666666666666667,0.00541535871234485,0.00541535871234485
W_boundary_class__W_coverage_class,1,0.75,0.00304613927569398,0.00304613927569398
W_boundary_class__W_coverage_class,1,0.833333333333333,0.00135383967808621,0.00135383967808621
W_boundary_class__W_coverage_class,1,0.916666666666667,0.000338459919521553,0.000338459919521553
W_boundary_class__W_coverage_class,1,1,0,0
W_boundary_class__W_coverage_class,1,1.08333333333333,0.000338459919521553,0.000338459919521553
W_boundary_class__W_coverage_class,1,1.16666666666667,0.00135383967808621,0.00135383967808621
W_boundary_class__W_coverage_class,1,1.25,0.00304613927569398,0.00304613927569398
W_boundary_class__W_coverage_class,1,1.33333333333333,0.00541535871234484,0.00541535871234484
W_boundary_class__W_coverage_class,1,1.41666666666667,0.00846149798803884,0.00846149798803884
W_boundary_class__W_coverage_class,1,1.5,0.0121845571027759,0.0121845571027759
W_boundary_class__W_coverage_class,1,1.58333333333333,0.0165845360565561,0.0165845360565561
W_boundary_class__W_coverage_class,1,1.66666666666667,0.0216614348493794,0.0216614348493794
W_boundary_class__W_coverage_class,1,1.75,0.0274152534812457,0.0274152534812457
W_boundary_class__W_coverage_class,1,1.83333333333333,0.0338459919521553,0.0338459919521553
W_boundary_class__W_coverage_class,1,1.91666666666667,0.0409536502621079,0.0409536502621079
W_boundary_class__W_coverage_class,1,2,0.0487382284111036,0.0487382284111036
W_boundary_class__W_coverage_class,1.08333333333333,0,0.0444392053367352,0.0444392053367352
W_boundary_class__W_coverage_class,1.08333333333333,0.0833333333333333,0.0370279950960566,0.0370279950960566
W_boundary_class__W_coverage_class,1.08333333333333,0.166666666666667,0.0302937046944211,0.0302937046944211
W_boundary_class__W_coverage_class,1.08333333333333,0.25,0.0242363341318286,0.0242363341318286
W_boundary_class__W_coverage_class,1.08333333333333,0.333333333333333,0.0188558834082795,0.0188558834082795
W_boundary_class__W_coverage_class,1.08333333333333,0.416666666666667,0.0141523525237732,0.0141523525237732
W_boundary_class__W_coverage_class,1.08333333333333,0.5,0.0101257414783101,0.0101257414783101
W_boundary_class__W_coverage_class,1.08333333333333,0.583333333333333,0.00677605027189012,0.00677605027189012
W_boundary_class__W_coverage_class,1.08333333333333,0.666666666666667,0.00410327890451328,0.00410327890451328
W_boundary_class__W_coverage_class,1.08333333333333,0.75,0.00210742737617952,0.00210742737617952
W_boundary_class__W_coverage_class,1.08333333333333,0.833333333333333,0.000788495686888869,0.000788495686888869
W_boundary_class__W_coverage_class,1.08333333333333,0.916666666666667,0.00014648383664132,0.00014648383664132
W_boundary_class__W_coverage_class,1.08333333333333,1,0.000181391825436879,0.000181391825436879
W_boundary_class__W_coverage_class,1.08333333333333,1.08333333333333,0.000893219653275545,0.000893219653275545
W_boundary_class__W_coverage_class,1.08333333333333,1.16666666666667,0.00228196732015732,0.00228196732015732
W_boundary_class__W_coverage_class,1.08333333333333,1.25,0.00434763482608219,0.00434763482608219
W_boundary_class__W_coverage_class,1.08333333333333,1.33333333333333,0.00709022217105017,0.00709022217105017
W_boundary_class__W_coverage_class,1.08333333333333,1.41666666666667,0.0105097293550613,0.0105097293550613
W_boundary_class__W_coverage_class,1.08333333333333,1.5,0.0146061563781154,0.0146061563781154
W_boundary_class__W_coverage_class,1.08333333333333,1.58333333333333,0.0193795032402127,0.0193795032402127
W_boundary_class__W_coverage_class,1.08333333333333,1.66666666666667,0.0248297699413531,0.0248297699413531
W_boundary_class__W_coverage_class,1.08333333333333,1.75,0.0309569564815367,0.0309569564815367
W_boundary_class__W_coverage_class,1.08333333333333,1.83333333333333,0.0377610628607634,0.0377610628607634
W_boundary_class__W_coverage_class,1.08333333333333,1.91666666666667,0.0452420890790331,0.0452420890790331
W_boundary_class__W_coverage_class,1.08333333333333,2,0.0534000351363459,0.0534000351363459
W_boundary_class__W_coverage_class,1.16666666666667,0,0.0405029659132405,0.0405029659132405
W_boundary_class__W_coverage_class,1.16666666666667,0.0833333333333333,0.033465123580879,0.033465123580879
W_boundary_class__W_coverage_class,1.16666666666667,0.166666666666667,0.0271042010875606,0.0271042010875606
W_boundary_class__W_coverage_class,1.16666666666667,0.25,0.0214201984332852,0.0214201984332852
W_boundary_class__W_coverage_class,1.16666666666667,0.333333333333333,0.0164131156180531,0.0164131156180531
W_boundary_class__W_coverage_class,1.16666666666667,0.416666666666667,0.0120829526418641,0.0120829526418641
W_boundary_class__W_coverage_class,1.16666666666667,0.5,0.00842970950471807,0.00842970950471807
W_boundary_class__W_coverage_class,1.16666666666667,0.583333333333333,0.00545338620661522,0.00545338620661522
W_boundary_class__W_coverage_class,1.16666666666667,0.666666666666667,0.00315398274755548,0.00315398274755548
W_boundary_class__W_coverage_class,1.16666666666667,0.75,0.00153149912753883,0.00153149912753883
W_boundary_class__W_coverage_class,1.16666666666667,0.833333333333333,0.000585935346565284,0.000585935346565284
W_boundary_class__W_coverage_class,1.16666666666667,0.916666666666667,0.000317291404634848,0.000317291404634848
W_boundary_class__W_coverage_class,1.16666666666667,1,0.000725567301747515,0.000725567301747515
W_boundary_class__W_coverage_class,1.16666666666667,1.08333333333333,0.0018107630379033,0.0018107630379033
W_boundary_class__W_coverage_class,1.16666666666667,1.16666666666667,0.00357287861310217,0.00357287861310217
W_boundary_class__W_coverage_class,1.16666666666667,1.25,0.00601191402734417,0.00601191402734417
W_boundary_class__W_coverage_class,1.16666666666667,1.33333333333333,0.00912786928062928,0.00912786928062928
W_boundary_class__W_coverage_class,1.16666666666667,1.41666666666667,0.0129207443729575,0.0129207443729575
W_boundary_class__W_coverage_class,1.16666666666667,1.5,0.0173905393043288,0.0173905393043288
W_boundary_class__W_coverage_class,1.16666666666667,1.58333333333333,0.0225372540747432,0.0225372540747432
W_boundary_class__W_coverage_class,1.16666666666667,1.66666666666667,0.0283608886842008,0.0283608886842008
W_boundary_class__W_coverage_class,1.16666666666667,1.75,0.0348614431327013,0.0348614431327013
W_boundary_class__W_coverage_class,1.16666666666667,1.83333333333333,0.042038917420245,0.042038917420245
W_boundary_class__W_coverage_class,1.16666666666667,1.91666666666667,0.0498933115468321,0.0498933115468321
W_boundary_class__W_coverage_class,1.16666666666667,2,0.0584246255124619,0.0584246255124619
W_boundary_class__W_coverage_class,1.25,0,0.0369295101406196,0.0369295101406196
W_boundary_class__W_coverage_class,1.25,0.0833333333333333,0.0302650357165751,0.0302650357165751
W_boundary_class__W_coverage_class,1.25,0.166666666666667,0.0242774811315738,0.0242774811315738
W_boundary_class__W_coverage_class,1.25,0.25,0.0189668463856156,0.0189668463856156
W_boundary_class__W_coverage_class,1.25,0.333333333333333,0.0143331314787007,0.0143331314787007
W_boundary_class__W_coverage_class,1.25,0.416666666666667,0.0103763364108287,0.0103763364108287
W_boundary_class__W_coverage_class,1.25,0.5,0.00709646118199982,0.00709646118199982
W_boundary_class__W_coverage_class,1.25,0.583333333333333,0.00449350579221407,0.00449350579221407
W_boundary_class__W_coverage_class,1.25,0.666666666666667,0.00256747024147143,0.00256747024147143
W_boundary_class__W_coverage_class,1.25,0.75,0.00131835452977188,0.00131835452977188
W_boundary_class__W_coverage_class,1.25,0.833333333333333,0.000746158657115454,0.000746158657115454
W_boundary_class__W_coverage_class,1.25,0.916666666666667,0.000850882623502136,0.000850882623502136
W_boundary_class__W_coverage_class,1.25,1,0.00163252642893191,0.00163252642893191
W_boundary_class__W_coverage_class,1.25,1.08333333333333,0.00309109007340478,0.00309109007340478
W_boundary_class__W_coverage_class,1.25,1.16666666666667,0.00522657355692085,0.00522657355692085
W_boundary_class__W_coverage_class,1.25,1.25,0.0080389768794799,0.0080389768794799
W_boundary_class__W_coverage_class,1.25,1.33333333333333,0.0115283000410821,0.0115283000410821
W_boundary_class__W_coverage_class,1.25,1.41666666666667,0.0156945430417274,0.0156945430417274
W_boundary_class__W_coverage_class,1.25,1.5,0.0205377058814159,0.0205377058814159
W_boundary_class__W_coverage_class,1.25,1.58333333333333,0.0260577885601474,0.0260577885601474
W_boundary_class__W_coverage_class,1.25,1.66666666666667,0.032254791077922,0.032254791077922
W_boundary_class__W_coverage_class,1.25,1.75,0.0391287134347396,0.0391287134347396
W_boundary_class__W_coverage_class,1.25,1.83333333333333,0.0466795556306005,0.0466795556306005
W_boundary_class__W_coverage_class,1.25,1.91666666666667,0.0549073176655046,0.0549073176655046
W_boundary_class__W_coverage_class,1.25,2,0.0638119995394514,0.0638119995394514
W_boundary_class__W_coverage_class,1.33333333333333,0,0.0337188380188722,0.0337188380188722
W_boundary_class__W_coverage_class,1.33333333333333,0.0833333333333333,0.027427731503145,0.027427731503145
W_boundary_class__W_coverage_class,1.33333333333333,0.166666666666667,0.0218135448264609,0.0218135448264609
W_boundary_class__W_coverage_class,1.33333333333333,0.25,0.0168762779888198,0.0168762779888198
W_boundary_class__W_coverage_class,1.33333333333333,0.333333333333333,0.0126159309902219,0.0126159309902219
W_boundary_class__W_coverage_class,1.33333333333333,0.416666666666667,0.00903250383066705,0.00903250383066705
W_boundary_class__W_coverage_class,1.33333333333333,0.5,0.0061259965101553,0.0061259965101553
W_boundary_class__W_coverage_class,1.33333333333333,0.583333333333333,0.00389640902868667,0.00389640902868667
W_boundary_class__W_coverage_class,1.33333333333333,0.666666666666667,0.00234374138626114,0.00234374138626114
W_boundary_class__W_coverage_class,1.33333333333333,0.75,0.00146799358287871,0.00146799358287871
W_boundary_class__W_coverage_class,1.33333333333333,0.833333333333333,0.00126916561853939,0.00126916561853939
W_boundary_class__W_coverage_class,1.33333333333333,0.916666666666667,0.00174725749324318,0.00174725749324318
W_boundary_class__W_coverage_class,1.33333333333333,1,0.00290226920699009,0.00290226920699009
W_boundary_class__W_coverage_class,1.33333333333333,1.08333333333333,0.0047342007597801,0.0047342007597801
W_boundary_class__W_coverage_class,1.33333333333333,1.16666666666667,0.00724305215161318,0.00724305215161318
W_boundary_class__W_coverage_class,1.33333333333333,1.25,0.0104288233824894,0.0104288233824894
W_boundary_class__W_coverage_class,1.33333333333333,1.33333333333333,0.0142915144524087,0.0142915144524087
W_boundary_class__W_coverage_class,1.33333333333333,1.41666666666667,0.0188311253613712,0.0188311253613712
W_boundary_class__W_coverage_class,1.33333333333333,1.5,0.0240476561093767,0.0240476561093767
W_boundary_class__W_coverage_class,1.33333333333333,1.58333333333333,0.0299411066964253,0.0299411066964253
W_boundary_class__W_coverage_class,1.33333333333333,1.66666666666667,0.036511477122517,0.036511477122517
W_boundary_class__W_coverage_class,1.33333333333333,1.75,0.043758767387652,0.043758767387652
W_boundary_class__W_coverage_class,1.33333333333333,1.83333333333333,0.0516829774918299,0.0516829774918299
W_boundary_class__W_coverage_class,1.33333333333333,1.91666666666667,0.0602841074350511,0.0602841074350511
W_boundary_class__W_coverage_class,1.33333333333333,2,0.0695850220354568,0.0695850220354568
W_boundary_class__W_coverage_class,1.41666666666667,0,0.0308709495479989,0.0308709495479989
W_boundary_class__W_coverage_class,1.41666666666667,0.0833333333333333,0.0249532109405888,0.0249532109405888
W_boundary_class__W_coverage_class,1.41666666666667,0.166666666666667,0.0197123921722217,0.0197123921722217
W_boundary_class__W_coverage_class,1.41666666666667,0.25,0.0151484932428977,0.0151484932428977
W_boundary_class__W_coverage_class,1.41666666666667,0.333333333333333,0.011261514152617,0.011261514152617
W_boundary_class__W_coverage_class,1.41666666666667,0.416666666666667,0.00805145490137924,0.00805145490137924
W_boundary_class__W_coverage_class,1.41666666666667,0.5,0.00551831548918459,0.00551831548918459
W_boundary_class__W_coverage_class,1.41666666666667,0.583333333333333,0.00366209591603304,0.00366209591603304
W_boundary_class__W_coverage_class,1.41666666666667,0.666666666666667,0.00248279618192463,0.00248279618192463
W_boundary_class__W_coverage_class,1.41666666666667,0.75,0.0019804162868593,0.0019804162868593
W_boundary_class__W_coverage_class,1.41666666666667,0.833333333333333,0.00215495623083709,0.00215495623083709
W_boundary_class__W_coverage_class,1.41666666666667,0.916666666666667,0.00300641601385797,0.00300641601385797
W_boundary_class__W_coverage_class,1.41666666666667,1,0.00453479563592203,0.00453479563592203
W_boundary_class__W_coverage_class,1.41666666666667,1.08333333333333,0.00674009509702912,0.00674009509702912
W_boundary_class__W_coverage_class,1.41666666666667,1.16666666666667,0.00962231439717935,0.00962231439717935
W_boundary_class__W_coverage_class,1.41666666666667,1.25,0.0131814535363727,0.0131814535363727
W_boundary_class__W_coverage_class,1.41666666666667,1.33333333333333,0.0174175125146091,0.0174175125146091
W_boundary_class__W_coverage_class,1.41666666666667,1.41666666666667,0.0223304913318885,0.0223304913318885
W_boundary_class__W_coverage_class,1.41666666666667,1.5,0.0279203899882112,0.0279203899882112
W_boundary_class__W_coverage_class,1.41666666666667,1.58333333333333,0.034187208483577,0.034187208483577
W_boundary_class__W_coverage_class,1.41666666666667,1.66666666666667,0.0411309468179861,0.0411309468179861
W_boundary_class__W_coverage_class,1.41666666666667,1.75,0.048751604991438,0.048751604991438
W_boundary_class__W_coverage_class,1.41666666666667,1.83333333333333,0.0570513444289582,0.0570513444289582
W_boundary_class__W_coverage_class,1.41666666666667,1.91666666666667,0.066219336833643,0.066219336833643
W_boundary_class__W_coverage_class,1.41666666666667,2,0.0763776261689811,0.0763776261689811
W_boundary_class__W_coverage_class,1.5,0,0.0283858447279992,0.0283858447279992
W_boundary_class__W_coverage_class,1.5,0.0833333333333333,0.0228414740289062,0.0228414740289062
W_boundary_class__W_coverage_class,1.5,0.166666666666667,0.0179740231688562,0.0179740231688562
W_boundary_class__W_coverage_class,1.5,0.25,0.0137834921478494,0.0137834921478494
W_boundary_class__W_coverage_class,1.5,0.333333333333333,0.0102698809658857,0.0102698809658857
W_boundary_class__W_coverage_class,1.5,0.416666666666667,0.00743318962296507,0.00743318962296507
W_boundary_class__W_coverage_class,1.5,0.5,0.00527341811908758,0.00527341811908758
W_boundary_class__W_coverage_class,1.5,0.583333333333333,0.00379056645425317,0.00379056645425317
W_boundary_class__W_coverage_class,1.5,0.666666666666667,0.00298463462846184,0.00298463462846184
W_boundary_class__W_coverage_class,1.5,0.75,0.0028556226417136,0.0028556226417136
W_boundary_class__W_coverage_class,1.5,0.833333333333333,0.00340353049400855,0.00340353049400855
W_boundary_class__W_coverage_class,1.5,0.916666666666667,0.00462835818534655,0.00462835818534655
W_boundary_class__W_coverage_class,1.5,1,0.00653010571572766,0.00653010571572766
W_boundary_class__W_coverage_class,1.5,1.08333333333333,0.00910877308515187,0.00910877308515187
W_boundary_class__W_coverage_class,1.5,1.16666666666667,0.0123643602936192,0.0123643602936192
W_boundary_class__W_coverage_class,1.5,1.25,0.0162968673411296,0.0162968673411296
W_boundary_class__W_coverage_class,1.5,1.33333333333333,0.0209062942276831,0.0209062942276831
W_boundary_class__W_coverage_class,1.5,1.41666666666667,0.0261926409532798,0.0261926409532798
W_boundary_class__W_coverage_class,1.5,1.5,0.0321559075179196,0.0321559075179196
W_boundary_class__W_coverage_class,1.5,1.58333333333333,0.0387960939216026,0.0387960939216026
W_boundary_class__W_coverage_class,1.5,1.66666666666667,0.0461132001643286,0.0461132001643286
W_boundary_class__W_coverage_class,1.5,1.75,0.0542212068436136,0.0542212068436136
W_boundary_class__W_coverage_class,1.5,1.83333333333333,0.0633161198471539,0.0633161198471539
W_boundary_class__W_coverage_class,1.5,1.91666666666667,0.073401329781348,0.073401329781348
W_boundary_class__W_coverage_class,1.5,2,0.0844768366461961,0.0844768366461961
W_boundary_class__W_coverage_class,1.58333333333333,0,0.0262635235588733,0.0262635235588733
W_boundary_class__W_coverage_class,1.58333333333333,0.0833333333333333,0.0210925207680974,0.0210925207680974
W_boundary_class__W_coverage_class,1.58333333333333,0.166666666666667,0.0165984378163645,0.0165984378163645
W_boundary_class__W_coverage_class,1.58333333333333,0.25,0.0127812747036748,0.0127812747036748
W_boundary_class__W_coverage_class,1.58333333333333,0.333333333333333,0.00964103143002821,0.00964103143002821
W_boundary_class__W_coverage_class,1.58333333333333,0.416666666666667,0.00717770799542475,0.00717770799542475
W_boundary_class__W_coverage_class,1.58333333333333,0.5,0.00539130439986431,0.00539130439986431
W_boundary_class__W_coverage_class,1.58333333333333,0.583333333333333,0.00428182064334698,0.00428182064334698
W_boundary_class__W_coverage_class,1.58333333333333,0.666666666666667,0.00384925672587277,0.00384925672587277
W_boundary_class__W_coverage_class,1.58333333333333,0.75,0.00409361264744167,0.00409361264744167
W_boundary_class__W_coverage_class,1.58333333333333,0.833333333333333,0.00501488840805373,0.00501488840805373
W_boundary_class__W_coverage_class,1.58333333333333,0.916666666666667,0.00661308400770879,0.00661308400770879
W_boundary_class__W_coverage_class,1.58333333333333,1,0.00888819944640708,0.00888819944640708
W_boundary_class__W_coverage_class,1.58333333333333,1.08333333333333,0.0118402347241485,0.0118402347241485
W_boundary_class__W_coverage_class,1.58333333333333,1.16666666666667,0.0154691898409328,0.0154691898409328
W_boundary_class__W_coverage_class,1.58333333333333,1.25,0.0197750647967604,0.0197750647967604
W_boundary_class__W_coverage_class,1.58333333333333,1.33333333333333,0.0247578595916311,0.0247578595916311
W_boundary_class__W_coverage_class,1.58333333333333,1.41666666666667,0.0304175742255448,0.0304175742255448
W_boundary_class__W_coverage_class,1.58333333333333,1.5,0.0367542086985017,0.0367542086985017
W_boundary_class__W_coverage_class,1.58333333333333,1.58333333333333,0.0438220008018527,0.0438220008018527
W_boundary_class__W_coverage_class,1.58333333333333,1.66666666666667,0.0518535374735945,0.0518535374735945
W_boundary_class__W_coverage_class,1.58333333333333,1.75,0.0608753710759903,0.0608753710759903
W_boundary_class__W_coverage_class,1.58333333333333,1.83333333333333,0.0708875016090401,0.0708875016090401
W_boundary_class__W_coverage_class,1.58333333333333,1.91666666666667,0.0818899290727436,0.0818899290727436
W_boundary_class__W_coverage_class,1.58333333333333,2,0.0938826534671012,0.0938826534671012
W_boundary_class__W_coverage_class,1.66666666666667,0,0.0245039860406212,0.0245039860406212
W_boundary_class__W_coverage_class,1.66666666666667,0.0833333333333333,0.0197063511581625,0.0197063511581625
W_boundary_class__W_coverage_class,1.66666666666667,0.166666666666667,0.0155856361147468,0.0155856361147468
W_boundary_class__W_coverage_class,1.66666666666667,0.25,0.012141840910374,0.012141840910374
W_boundary_class__W_coverage_class,1.66666666666667,0.333333333333333,0.0093749655450446,0.0093749655450446
W_boundary_class__W_coverage_class,1.66666666666667,0.416666666666667,0.00728501001875816,0.00728501001875816
W_boundary_class__W_coverage_class,1.66666666666667,0.5,0.0058719743315149,0.0058719743315149
W_boundary_class__W_coverage_class,1.66666666666667,0.583333333333333,0.00513585848331471,0.00513585848331471
W_boundary_class__W_coverage_class,1.66666666666667,0.666666666666667,0.00507666247415766,0.00507666247415766
W_boundary_class__W_coverage_class,1.66666666666667,0.75,0.00569438630404366,0.00569438630404366
W_boundary_class__W_coverage_class,1.66666666666667,0.833333333333333,0.00698902997297278,0.00698902997297278
W_boundary_class__W_coverage_class,1.66666666666667,0.916666666666667,0.00896059348094498,0.00896059348094498
W_boundary_class__W_coverage_class,1.66666666666667,1,0.0116090768279603,0.0116090768279603
W_boundary_class__W_coverage_class,1.66666666666667,1.08333333333333,0.0149344800140187,0.0149344800140187
W_boundary_class__W_coverage_class,1.66666666666667,1.16666666666667,0.0189368030391203,0.0189368030391203
W_boundary_class__W_coverage_class,1.66666666666667,1.25,0.023616045903265,0.023616045903265
W_boundary_class__W_coverage_class,1.66666666666667,1.33333333333333,0.0289722086064528,0.0289722086064528
W_boundary_class__W_coverage_class,1.66666666666667,1.41666666666667,0.0350217187083594,0.0350217187083594
W_boundary_class__W_coverage_class,1.66666666666667,1.5,0.0419898790483032,0.0419898790483032
W_boundary_class__W_coverage_class,1.66666666666667,1.58333333333333,0.0499483363189007,0.0499483363189007
W_boundary_class__W_coverage_class,1.66666666666667,1.66666666666667,0.0588970905201521,0.0588970905201521
W_boundary_class__W_coverage_class,1.66666666666667,1.75,0.0688361416520575,0.0688361416520575
W_boundary_class__W_coverage_class,1.66666666666667,1.83333333333333,0.0797654897146167,0.0797654897146167
W_boundary_class__W_coverage_class,1.66666666666667,1.91666666666667,0.0916851347078298,0.0916851347078298
W_boundary_class__W_coverage_class,1.66666666666667,2,0.104595076631697,0.104595076631697
W_boundary_class__W_coverage_class,1.75,0,0.0231072321732428,0.0231072321732428
W_boundary_class__W_coverage_class,1.75,0.0833333333333333,0.0186829651991011,0.0186829651991011
W_boundary_class__W_coverage_class,1.75,0.166666666666667,0.0149356180640025,0.0149356180640025
W_boundary_class__W_coverage_class,1.75,0.25,0.0118651907679469,0.0118651907679469
W_boundary_class__W_coverage_class,1.75,0.333333333333333,0.00947168331093466,0.00947168331093466
W_boundary_class__W_coverage_class,1.75,0.416666666666667,0.00775509569296534,0.00775509569296534
W_boundary_class__W_coverage_class,1.75,0.5,0.00671542791403911,0.00671542791403911
W_boundary_class__W_coverage_class,1.75,0.583333333333333,0.00635267997415608,0.00635267997415608
W_boundary_class__W_coverage_class,1.75,0.666666666666667,0.00666685187331605,0.00666685187331605
W_boundary_class__W_coverage_class,1.75,0.75,0.00765794361151926,0.00765794361151926
W_boundary_class__W_coverage_class,1.75,0.833333333333333,0.00932595518876545,0.00932595518876545
W_boundary_class__W_coverage_class,1.75,0.916666666666667,0.0116708866050549,0.0116708866050549
W_boundary_class__W_coverage_class,1.75,1,0.0146927378603872,0.0146927378603872
W_boundary_class__W_coverage_class,1.75,1.08333333333333,0.018391508954763,0.018391508954763
W_boundary_class__W_coverage_class,1.75,1.16666666666667,0.0227671998881819,0.0227671998881819
W_boundary_class__W_coverage_class,1.75,1.25,0.0278203605631342,0.0278203605631342
W_boundary_class__W_coverage_class,1.75,1.33333333333333,0.0337251445712795,0.0337251445712795
W_boundary_class__W_coverage_class,1.75,1.41666666666667,0.0406202255100788,0.0406202255100788
W_boundary_class__W_coverage_class,1.75,1.5,0.0485056033795322,0.0485056033795322
W_boundary_class__W_coverage_class,1.75,1.58333333333333,0.057381278179639,0.057381278179639
W_boundary_class__W_coverage_class,1.75,1.66666666666667,0.0672472499104002,0.0672472499104002
W_boundary_class__W_coverage_class,1.75,1.75,0.0781035185718151,0.0781035185718151
W_boundary_class__W_coverage_class,1.75,1.83333333333333,0.0899500841638842,0.0899500841638842
W_boundary_class__W_coverage_class,1.75,1.91666666666667,0.102786946686607,0.102786946686607
W_boundary_class__W_coverage_class,1.75,2,0.116614106139984,0.116614106139984
W_boundary_class__W_coverage_class,1.83333333333333,0,0.0220732619567382,0.0220732619567382
W_boundary_class__W_coverage_class,1.83333333333333,0.0833333333333333,0.0180223628909136,0.0180223628909136
W_boundary_class__W_coverage_class,1.83333333333333,0.166666666666667,0.014648383664132,0.014648383664132
W_boundary_class__W_coverage_class,1.83333333333333,0.25,0.0119513242763937,0.0119513242763937
W_boundary_class__W_coverage_class,1.83333333333333,0.333333333333333,0.00993118472769836,0.00993118472769836
W_boundary_class__W_coverage_class,1.83333333333333,0.416666666666667,0.00858796501804627,0.00858796501804627
W_boundary_class__W_coverage_class,1.83333333333333,0.5,0.00792166514743717,0.00792166514743717
W_boundary_class__W_coverage_class,1.83333333333333,0.583333333333333,0.00793228511587121,0.00793228511587121
W_boundary_class__W_coverage_class,1.83333333333333,0.666666666666667,0.00861982492334833,0.00861982492334833
W_boundary_class__W_coverage_class,1.83333333333333,0.75,0.0099842845698685,0.0099842845698685
W_boundary_class__W_coverage_class,1.83333333333333,0.833333333333333,0.0120256640554318,0.0120256640554318
W_boundary_class__W_coverage_class,1.83333333333333,0.916666666666667,0.0147439633800383,0.0147439633800383
W_boundary_class__W_coverage_class,1.83333333333333,1,0.0181391825436879,0.0181391825436879
W_boundary_class__W_coverage_class,1.83333333333333,1.08333333333333,0.0222113215463805,0.0222113215463805
W_boundary_class__W_coverage_class,1.83333333333333,1.16666666666667,0.0270593340425237,0.0270593340425237
W_boundary_class__W_coverage_class,1.83333333333333,1.25,0.0328910386495247,0.0328910386495247
W_boundary_class__W_coverage_class,1.83333333333333,1.33333333333333,0.0397130401871795,0.0397130401871795
W_boundary_class__W_coverage_class,1.83333333333333,1.41666666666667,0.0475253386554885,0.0475253386554885
W_boundary_class__W_coverage_class,1.83333333333333,1.5,0.0563279340544515,0.0563279340544515
W_boundary_class__W_coverage_class,1.83333333333333,1.58333333333333,0.0661208263840679,0.0661208263840679
W_boundary_class__W_coverage_class,1.83333333333333,1.66666666666667,0.0769040156443388,0.0769040156443388
W_boundary_class__W_coverage_class,1.83333333333333,1.75,0.0886775018352634,0.0886775018352634
W_boundary_class__W_coverage_class,1.83333333333333,1.83333333333333,0.101441284956842,0.101441284956842
W_boundary_class__W_coverage_class,1.83333333333333,1.91666666666667,0.115195365009074,0.115195365009074
W_boundary_class__W_coverage_class,1.83333333333333,2,0.12993974199196,0.12993974199196
W_boundary_class__W_coverage_class,1.91666666666667,0,0.0214020753911074,0.0214020753911074
W_boundary_class__W_coverage_class,1.91666666666667,0.0833333333333333,0.0177245442336,0.0177245442336
W_boundary_class__W_coverage_class,1.91666666666667,0.166666666666667,0.0147239329151354,0.0147239329151354
W_boundary_class__W_coverage_class,1.91666666666667,0.25,0.0124002414357141,0.0124002414357141
W_boundary_class__W_coverage_class,1.91666666666667,0.333333333333333,0.010753469795336,0.010753469795336
W_boundary_class__W_coverage_class,1.91666666666667,0.416666666666667,0.00978361799400099,0.00978361799400099
W_boundary_class__W_coverage_class,1.91666666666667,0.5,0.00949068603170898,0.00949068603170898
W_boundary_class__W_coverage_class,1.91666666666667,0.583333333333333,0.00987467390846025,0.00987467390846025
W_boundary_class__W_coverage_class,1.91666666666667,0.666666666666667,0.0109355816242543,0.0109355816242543
W_boundary_class__W_coverage_class,1.91666666666667,0.75,0.0126734091790917,0.0126734091790917
W_boundary_class__W_coverage_class,1.91666666666667,0.833333333333333,0.0150881565729723,0.0150881565729723
W_boundary_class__W_coverage_class,1.91666666666667,0.916666666666667,0.0181798238058959,0.0181798238058959
W_boundary_class__W_coverage_class,1.91666666666667,1,0.0219924474620356,0.0219924474620356
W_boundary_class__W_coverage_class,1.91666666666667,1.08333333333333,0.0267607757372386,0.0267607757372386
W_boundary_class__W_coverage_class,1.91666666666667,1.16666666666667,0.0325194009430954,0.0325194009430954
W_boundary_class__W_coverage_class,1.91666666666667,1.25,0.0392683230796059,0.0392683230796059
W_boundary_class__W_coverage_class,1.91666666666667,1.33333333333333,0.0470075421467706,0.0470075421467706
W_boundary_class__W_coverage_class,1.91666666666667,1.41666666666667,0.0557370581445891,0.0557370581445891
W_boundary_class__W_coverage_class,1.91666666666667,1.5,0.0654568710730615,0.0654568710730615
W_boundary_class__W_coverage_class,1.91666666666667,1.58333333333333,0.0761669809321877,0.0761669809321877
W_boundary_class__W_coverage_class,1.91666666666667,1.66666666666667,0.087867387721968,0.087867387721968
W_boundary_class__W_coverage_class,1.91666666666667,1.75,0.100558091442402,0.100558091442402
W_boundary_class__W_coverage_class,1.91666666666667,1.83333333333333,0.11423909209349,0.11423909209349
W_boundary_class__W_coverage_class,1.91666666666667,1.91666666666667,0.128910389675232,0.128910389675232
W_boundary_class__W_coverage_class,1.91666666666667,2,0.144730047577591,0.144730047577591
W_boundary_class__W_coverage_class,2,0,0.0210936724763502,0.0210936724763502
W_boundary_class__W_coverage_class,2,0.0833333333333333,0.0177895092271598,0.0177895092271598
W_boundary_class__W_coverage_class,2,0.166666666666667,0.0151622658170126,0.0151622658170126
W_boundary_class__W_coverage_class,2,0.25,0.0132119422459081,0.0132119422459081
W_boundary_class__W_coverage_class,2,0.333333333333333,0.0119385385138474,0.0119385385138474
W_boundary_class__W_coverage_class,2,0.416666666666667,0.0113420546208294,0.0113420546208294
W_boundary_class__W_coverage_class,2,0.5,0.0114224905668544,0.0114224905668544
W_boundary_class__W_coverage_class,2,0.583333333333333,0.0121798463519228,0.0121798463519228
W_boundary_class__W_coverage_class,2,0.666666666666667,0.0136141219760339,0.0136141219760339
W_boundary_class__W_coverage_class,2,0.75,0.0157253174391887,0.0157253174391887
W_boundary_class__W_coverage_class,2,0.833333333333333,0.0185244848298153,0.0185244848298153
W_boundary_class__W_coverage_class,2,0.916666666666667,0.02222943677322,0.02222943677322
W_boundary_class__W_coverage_class,2,1,0.0269246856472785,0.0269246856472785
W_boundary_class__W_coverage_class,2,1.08333333333333,0.032610231451991,0.032610231451991
W_boundary_class__W_coverage_class,2,1.16666666666667,0.0392860741873573,0.0392860741873573
W_boundary_class__W_coverage_class,2,1.25,0.0469522138533775,0.0469522138533775
W_boundary_class__W_coverage_class,2,1.33333333333333,0.0556086504500518,0.0556086504500518
W_boundary_class__W_coverage_class,2,1.41666666666667,0.0652553839773801,0.0652553839773801
W_boundary_class__W_coverage_class,2,1.5,0.0758924144353616,0.0758924144353616
W_boundary_class__W_coverage_class,2,1.58333333333333,0.0875197418239977,0.0875197418239977
W_boundary_class__W_coverage_class,2,1.66666666666667,0.100137366143288,0.100137366143288
W_boundary_class__W_coverage_class,2,1.75,0.113745287393231,0.113745287393231
W_boundary_class__W_coverage_class,2,1.83333333333333,0.128343505573829,0.128343505573829
W_boundary_class__W_coverage_class,2,1.91666666666667,0.143942743476094,0.143942743476094
W_boundary_class__W_coverage_class,2,2,0.161457415233266,0.161457415233266
W_boundary_class__W_crack_class,0,0,0.138601818640984,0.138601818640984
W_boundary_class__W_crack_class,0,0.0833333333333333,0.125703474246274,0.125703474246274
W_boundary_class__W_crack_class,0,0.166666666666667,0.113554766603065,0.113554766603065
W_boundary_class__W_crack_class,0,0.25,0.102155695711354,0.102155695711354
W_boundary_class__W_crack_class,0,0.333333333333333,0.0915062615711426,0.0915062615711426
W_boundary_class__W_crack_class,0,0.416666666666667,0.08160646418243,0.08160646418243
W_boundary_class__W_crack_class,0,0.5,0.0724563035452167,0.0724563035452167
W_boundary_class__W_crack_class,0,0.583333333333333,0.0640557796595026,0.0640557796595026
W_boundary_class__W_crack_class,0,0.666666666666667,0.0564048925252878,0.0564048925252878
W_boundary_class__W_crack_class,0,0.75,0.0495036421425718,0.0495036421425718
W_boundary_class__W_crack_class,0,0.833333333333333,0.0433520285113552,0.0433520285113552
W_boundary_class__W_crack_class,0,0.916666666666667,0.0378723606778121,0.0378723606778121
W_boundary_class__W_crack_class,0,1,0.0329094208964563,0.0329094208964563
W_boundary_class__W_crack_class,0,1.08333333333333,0.0284588971127318,0.0284588971127318
W_boundary_class__W_crack_class,0,1.16666666666667,0.0245207893266575,0.0245207893266575
W_boundary_class__W_crack_class,0,1.25,0.0210950975382346,0.0210950975382346
W_boundary_class__W_crack_class,0,1.33333333333333,0.0181818217474623,0.0181818217474623
W_boundary_class__W_crack_class,0,1.41666666666667,0.0157809619543299,0.0157809619543299
W_boundary_class__W_crack_class,0,1.5,0.013892518158838,0.013892518158838
W_boundary_class__W_crack_class,0,1.58333333333333,0.0125164903609996,0.0125164903609996
W_boundary_class__W_crack_class,0,1.66666666666667,0.0116528785608151,0.0116528785608151
W_boundary_class__W_crack_class,0,1.75,0.0113016827582844,0.0113016827582844
W_boundary_class__W_crack_class,0,1.83333333333333,0.0114629029534073,0.0114629029534073
W_boundary_class__W_crack_class,0,1.91666666666667,0.0121365391461843,0.0121365391461843
W_boundary_class__W_crack_class,0,2,0.0133225913366147,0.0133225913366147
W_boundary_class__W_crack_class,0.0833333333333333,0,0.124488721275459,0.124488721275459
W_boundary_class__W_crack_class,0.0833333333333333,0.0833333333333333,0.112431521444683,0.112431521444683
W_boundary_class__W_crack_class,0.0833333333333333,0.166666666666667,0.101123958365407,0.101123958365407
W_boundary_class__W_crack_class,0.0833333333333333,0.25,0.0905660320376288,0.0905660320376288
W_boundary_class__W_crack_class,0.0833333333333333,0.333333333333333,0.0807577424613506,0.0807577424613506
W_boundary_class__W_crack_class,0.0833333333333333,0.416666666666667,0.0716990896365713,0.0716990896365713
W_boundary_class__W_crack_class,0.0833333333333333,0.5,0.0633900735632912,0.0633900735632912
W_boundary_class__W_crack_class,0.0833333333333333,0.583333333333333,0.0558306942415104,0.0558306942415104
W_boundary_class__W_crack_class,0.0833333333333333,0.666666666666667,0.0490209516712287,0.0490209516712287
W_boundary_class__W_crack_class,0.0833333333333333,0.75,0.0429024394502784,0.0429024394502784
W_boundary_class__W_crack_class,0.0833333333333333,0.833333333333333,0.0373068953221654,0.0373068953221654
W_boundary_class__W_crack_class,0.0833333333333333,0.916666666666667,0.0322237671917014,0.0322237671917014
W_boundary_class__W_crack_class,0.0833333333333333,1,0.0276530550588719,0.0276530550588719
W_boundary_class__W_crack_class,0.0833333333333333,1.08333333333333,0.0235947589236906,0.0235947589236906
W_boundary_class__W_crack_class,0.0833333333333333,1.16666666666667,0.0200488787861602,0.0200488787861602
W_boundary_class__W_crack_class,0.0833333333333333,1.25,0.0170154146462807,0.0170154146462807
W_boundary_class__W_crack_class,0.0833333333333333,1.33333333333333,0.0144943665040375,0.0144943665040375
W_boundary_class__W_crack_class,0.0833333333333333,1.41666666666667,0.0124857343594396,0.0124857343594396
W_boundary_class__W_crack_class,0.0833333333333333,1.5,0.0109895182124956,0.0109895182124956
W_boundary_class__W_crack_class,0.0833333333333333,1.58333333333333,0.0100057180632052,0.0100057180632052
W_boundary_class__W_crack_class,0.0833333333333333,1.66666666666667,0.00953433391156862,0.00953433391156862
W_boundary_class__W_crack_class,0.0833333333333333,1.75,0.00957536575758591,0.00957536575758591
W_boundary_class__W_crack_class,0.0833333333333333,1.83333333333333,0.0101288136012567,0.0101288136012567
W_boundary_class__W_crack_class,0.0833333333333333,1.91666666666667,0.0111946774425815,0.0111946774425815
W_boundary_class__W_crack_class,0.0833333333333333,2,0.01277295728156,0.01277295728156
W_boundary_class__W_crack_class,0.166666666666667,0,0.111682230253625,0.111682230253625
W_boundary_class__W_crack_class,0.166666666666667,0.0833333333333333,0.100466174986782,0.100466174986782
W_boundary_class__W_crack_class,0.166666666666667,0.166666666666667,0.089999756471439,0.089999756471439
W_boundary_class__W_crack_class,0.166666666666667,0.25,0.0802829747075946,0.0802829747075946
W_boundary_class__W_crack_class,0.166666666666667,0.333333333333333,0.0713158296952495,0.0713158296952495
W_boundary_class__W_crack_class,0.166666666666667,0.416666666666667,0.0630983214344034,0.0630983214344034
W_boundary_class__W_crack_class,0.166666666666667,0.5,0.0556304499250566,0.0556304499250566
W_boundary_class__W_crack_class,0.166666666666667,0.583333333333333,0.0488703469093936,0.0488703469093936
W_boundary_class__W_crack_class,0.166666666666667,0.666666666666667,0.0426421984345236,0.0426421984345236
W_boundary_class__W_crack_class,0.166666666666667,0.75,0.036926465957303,0.036926465957303
W_boundary_class__W_crack_class,0.166666666666667,0.833333333333333,0.0317231494777312,0.0317231494777312
W_boundary_class__W_crack_class,0.166666666666667,0.916666666666667,0.0270322489957962,0.0270322489957962
W_boundary_class__W_crack_class,0.166666666666667,1,0.0228537645115076,0.0228537645115076
W_boundary_class__W_crack_class,0.166666666666667,1.08333333333333,0.0191876960248701,0.0191876960248701
W_boundary_class__W_crack_class,0.166666666666667,1.16666666666667,0.0160340435358833,0.0160340435358833
W_boundary_class__W_crack_class,0.166666666666667,1.25,0.0133928070445297,0.0133928070445297
W_boundary_class__W_crack_class,0.166666666666667,1.33333333333333,0.011263986550826,0.011263986550826
W_boundary_class__W_crack_class,0.166666666666667,1.41666666666667,0.00964758205477611,0.00964758205477611
W_boundary_class__W_crack_class,0.166666666666667,1.5,0.00854359355638,0.00854359355638
W_boundary_class__W_crack_class,0.166666666666667,1.58333333333333,0.00795202105563745,0.00795202105563745
W_boundary_class__W_crack_class,0.166666666666667,1.66666666666667,0.00787286455254879,0.00787286455254879
W_boundary_class__W_crack_class,0.166666666666667,1.75,0.00830612404711393,0.00830612404711393
W_boundary_class__W_crack_class,0.166666666666667,1.83333333333333,0.00925179953933276,0.00925179953933276
W_boundary_class__W_crack_class,0.166666666666667,1.91666666666667,0.0107098910291977,0.0107098910291977
W_boundary_class__W_crack_class,0.166666666666667,2,0.0126803985167022,0.0126803985167022
W_boundary_class__W_crack_class,0.25,0,0.100182345575481,0.100182345575481
W_boundary_class__W_crack_class,0.25,0.0833333333333333,0.0898074348725718,0.0898074348725718
W_boundary_class__W_crack_class,0.25,0.166666666666667,0.0801821609211617,0.0801821609211617
W_boundary_class__W_crack_class,0.25,0.25,0.0713065237212505,0.0713065237212505
W_boundary_class__W_crack_class,0.25,0.333333333333333,0.0631805232728388,0.0631805232728388
W_boundary_class__W_crack_class,0.25,0.416666666666667,0.0557760830551517,0.0557760830551517
W_boundary_class__W_crack_class,0.25,0.5,0.048915330233531,0.048915330233531
W_boundary_class__W_crack_class,0.25,0.583333333333333,0.0425669934095531,0.0425669934095531
W_boundary_class__W_crack_class,0.25,0.666666666666667,0.0367310725832245,0.0367310725832245
W_boundary_class__W_crack_class,0.25,0.75,0.0314075677545451,0.0314075677545451
W_boundary_class__W_crack_class,0.25,0.833333333333333,0.0265964789235046,0.0265964789235046
W_boundary_class__W_crack_class,0.25,0.916666666666667,0.0222978060901088,0.0222978060901088
W_boundary_class__W_crack_class,0.25,1,0.0185115492543639,0.0185115492543639
W_boundary_class__W_crack_class,0.25,1.08333333333333,0.0152377084162699,0.0152377084162699
W_boundary_class__W_crack_class,0.25,1.16666666666667,0.0124762835758065,0.0124762835758065
W_boundary_class__W_crack_class,0.25,1.25,0.0102272747329971,0.0102272747329971
W_boundary_class__W_crack_class,0.25,1.33333333333333,0.00849068188784122,0.00849068188784122
W_boundary_class__W_crack_class,0.25,1.41666666666667,0.00726650504033927,0.00726650504033927
W_boundary_class__W_crack_class,0.25,1.5,0.00655474419049096,0.00655474419049096
W_boundary_class__W_crack_class,0.25,1.58333333333333,0.00635539933829657,0.00635539933829657
W_boundary_class__W_crack_class,0.25,1.66666666666667,0.00666847048375557,0.00666847048375557
W_boundary_class__W_crack_class,0.25,1.75,0.00749395762686407,0.00749395762686407
W_boundary_class__W_crack_class,0.25,1.83333333333333,0.00883186076760765,0.00883186076760765
W_boundary_class__W_crack_class,0.25,1.91666666666667,0.0106821799060128,0.0106821799060128
W_boundary_class__W_crack_class,0.25,2,0.0130449150420795,0.0130449150420795
W_boundary_class__W_crack_class,0.333333333333333,0,0.0899890672410288,0.0899890672410288
W_boundary_class__W_crack_class,0.333333333333333,0.0833333333333333,0.0804553011020524,0.0804553011020524
W_boundary_class__W_crack_class,0.333333333333333,0.166666666666667,0.0716711717145756,0.0716711717145756
W_boundary_class__W_crack_class,0.333333333333333,0.25,0.063619647887544,0.063619647887544
W_boundary_class__W_crack_class,0.333333333333333,0.333333333333333,0.0561262907191764,0.0561262907191764
W_boundary_class__W_crack_class,0.333333333333333,0.416666666666667,0.049145349548453,0.049145349548453
W_boundary_class__W_crack_class,0.333333333333333,0.5,0.0426768243753675,0.0426768243753675
W_boundary_class__W_crack_class,0.333333333333333,0.583333333333333,0.0367207151999309,0.0367207151999309
W_boundary_class__W_crack_class,0.333333333333333,0.666666666666667,0.0312770220221435,0.0312770220221435
W_boundary_class__W_crack_class,0.333333333333333,0.75,0.0263457448419975,0.0263457448419975
W_boundary_class__W_crack_class,0.333333333333333,0.833333333333333,0.0219268836594944,0.0219268836594944
W_boundary_class__W_crack_class,0.333333333333333,0.916666666666667,0.0180204384746423,0.0180204384746423
W_boundary_class__W_crack_class,0.333333333333333,1,0.0146264092874373,0.0146264092874373
W_boundary_class__W_crack_class,0.333333333333333,1.08333333333333,0.0117447960978681,0.0117447960978681
W_boundary_class__W_crack_class,0.333333333333333,1.16666666666667,0.00937559890595271,0.00937559890595271
W_boundary_class__W_crack_class,0.333333333333333,1.25,0.00751881771169114,0.00751881771169114
W_boundary_class__W_crack_class,0.333333333333333,1.33333333333333,0.00617445251508319,0.00617445251508319
W_boundary_class__W_crack_class,0.333333333333333,1.41666666666667,0.0053425033161291,0.0053425033161291
W_boundary_class__W_crack_class,0.333333333333333,1.5,0.00502297011482875,0.00502297011482875
W_boundary_class__W_crack_class,0.333333333333333,1.58333333333333,0.00521585291118054,0.00521585291118054
W_boundary_class__W_crack_class,0.333333333333333,1.66666666666667,0.00592115170516323,0.00592115170516323
W_boundary_class__W_crack_class,0.333333333333333,1.75,0.00713886649680756,0.00713886649680756
W_boundary_class__W_crack_class,0.333333333333333,1.83333333333333,0.00886899728611338,0.00886899728611338
W_boundary_class__W_crack_class,0.333333333333333,1.91666666666667,0.011111544073088,0.011111544073088
W_boundary_class__W_crack_class,0.333333333333333,2,0.013866506857723,0.013866506857723
W_boundary_class__W_crack_class,0.416666666666667,0,0.0811023952502662,0.0811023952502662
W_boundary_class__W_crack_class,0.416666666666667,0.0833333333333333,0.072401041406585,0.072401041406585
W_boundary_class__W_crack_class,0.416666666666667,0.166666666666667,0.0642750798914612,0.0642750798914612
W_boundary_class__W_crack_class,0.416666666666667,0.25,0.0566615343739854,0.0566615343739854
W_boundary_class__W_crack_class,0.416666666666667,0.333333333333333,0.0495604048541575,0.0495604048541575
W_boundary_class__W_crack_class,0.416666666666667,0.416666666666667,0.0429716913319657,0.0429716913319657
W_boundary_class__W_crack_class,0.416666666666667,0.5,0.0368953938074213,0.0368953938074213
W_boundary_class__W_crack_class,0.416666666666667,0.583333333333333,0.0313315122805262,0.0313315122805262
W_boundary_class__W_crack_class,0.416666666666667,0.666666666666667,0.0262800467512744,0.0262800467512744
W_boundary_class__W_crack_class,0.416666666666667,0.75,0.0217409972196641,0.0217409972196641
W_boundary_class__W_crack_class,0.416666666666667,0.833333333333333,0.0177143636857047,0.0177143636857047
W_boundary_class__W_crack_class,0.416666666666667,0.916666666666667,0.0142001461493892,0.0142001461493892
W_boundary_class__W_crack_class,0.416666666666667,1,0.0111983446107142,0.0111983446107142
W_boundary_class__W_crack_class,0.416666666666667,1.08333333333333,0.008708959069693,0.008708959069693
W_boundary_class__W_crack_class,0.416666666666667,1.16666666666667,0.00673198952632546,0.00673198952632546
W_boundary_class__W_crack_class,0.416666666666667,1.25,0.00526743598061178,0.00526743598061178
W_boundary_class__W_crack_class,0.416666666666667,1.33333333333333,0.00431529843255181,0.00431529843255181
W_boundary_class__W_crack_class,0.416666666666667,1.41666666666667,0.00387557688214552,0.00387557688214552
W_boundary_class__W_crack_class,0.416666666666667,1.5,0.00394827132936917,0.00394827132936917
W_boundary_class__W_crack_class,0.416666666666667,1.58333333333333,0.00453338177425256,0.00453338177425256
W_boundary_class__W_crack_class,0.416666666666667,1.66666666666667,0.00563090821679754,0.00563090821679754
W_boundary_class__W_crack_class,0.416666666666667,1.75,0.00724085065701099,0.00724085065701099
W_boundary_class__W_crack_class,0.416666666666667,1.83333333333333,0.00936320909488624,0.00936320909488624
W_boundary_class__W_crack_class,0.416666666666667,1.91666666666667,0.0119979835304158,0.0119979835304158
W_boundary_class__W_crack_class,0.416666666666667,2,0.0151451739635993,0.0151451739635993
W_boundary_class__W_crack_class,0.5,0,0.0733616977503892,0.0733616977503892
W_boundary_class__W_crack_class,0.5,0.0833333333333333,0.0651155478861633,0.0651155478861633
W_boundary_class__W_crack_class,0.5,0.166666666666667,0.0573818140195796,0.0573818140195796
W_boundary_class__W_crack_class,0.5,0.25,0.0501604961506434,0.0501604961506434
W_boundary_class__W_crack_class,0.5,0.333333333333333,0.0434515942793486,0.0434515942793486
W_boundary_class__W_crack_class,0.5,0.416666666666667,0.0372551084056962,0.0372551084056962
W_boundary_class__W_crack_class,0.5,0.5,0.0315710385296932,0.0315710385296932
W_boundary_class__W_crack_class,0.5,0.583333333333333,0.0263993846513355,0.0263993846513355
W_boundary_class__W_crack_class,0.5,0.666666666666667,0.021740146770618,0.021740146770618
W_boundary_class__W_crack_class,0.5,0.75,0.0175933248875515,0.0175933248875515
W_boundary_class__W_crack_class,0.5,0.833333333333333,0.0139589190021257,0.0139589190021257
W_boundary_class__W_crack_class,0.5,0.916666666666667,0.010836929114345,0.010836929114345
W_boundary_class__W_crack_class,0.5,1,0.00822735522421783,0.00822735522421783
W_boundary_class__W_crack_class,0.5,1.08333333333333,0.00613019733174449,0.00613019733174449
W_boundary_class__W_crack_class,0.5,1.16666666666667,0.00454545543692492,0.00454545543692492
W_boundary_class__W_crack_class,0.5,1.25,0.00347312953975912,0.00347312953975912
W_boundary_class__W_crack_class,0.5,1.33333333333333,0.00291321964022536,0.00291321964022536
W_boundary_class__W_crack_class,0.5,1.41666666666667,0.00286572573834792,0.00286572573834792
W_boundary_class__W_crack_class,0.5,1.5,0.00333064783413205,0.00333064783413205
W_boundary_class__W_crack_class,0.5,1.58333333333333,0.00430798592758421,0.00430798592758421
W_boundary_class__W_crack_class,0.5,1.66666666666667,0.00579774001869961,0.00579774001869961
W_boundary_class__W_crack_class,0.5,1.75,0.00779991010746929,0.00779991010746929
W_boundary_class__W_crack_class,0.5,1.83333333333333,0.010314496193893,0.010314496193893
W_boundary_class__W_crack_class,0.5,1.91666666666667,0.0133414982779709,0.0133414982779709
W_boundary_class__W_crack_class,0.5,2,0.016880916359703,0.016880916359703
W_boundary_class__W_crack_class,0.583333333333333,0,0.0661410518716504,0.0661410518716504
W_boundary_class__W_crack_class,0.583333333333333,0.0833333333333333,0.0582871296559582,0.0582871296559582
W_boundary_class__W_crack_class,0.583333333333333,0.166666666666667,0.050945623437914,0.050945623437914
W_boundary_class__W_crack_class,0.583333333333333,0.25,0.0441165332175158,0.0441165332175158
W_boundary_class__W_crack_class,0.583333333333333,0.333333333333333,0.0377998589947557,0.0377998589947557
W_boundary_class__W_crack_class,0.583333333333333,0.416666666666667,0.0319956007696448,0.0319956007696448
W_boundary_class__W_crack_class,0.583333333333333,0.5,0.0267037585421809,0.0267037585421809
W_boundary_class__W_crack_class,0.583333333333333,0.583333333333333,0.0219243323123562,0.0219243323123562
W_boundary_class__W_crack_class,0.583333333333333,0.666666666666667,0.0176573220801824,0.0176573220801824
W_boundary_class__W_crack_class,0.583333333333333,0.75,0.013902727845647,0.013902727845647
W_boundary_class__W_crack_class,0.583333333333333,0.833333333333333,0.0106605496087603,0.0106605496087603
W_boundary_class__W_crack_class,0.583333333333333,0.916666666666667,0.00793078736952736,0.00793078736952736
W_boundary_class__W_crack_class,0.583333333333333,1,0.00571344112794822,0.00571344112794822
W_boundary_class__W_crack_class,0.583333333333333,1.08333333333333,0.00400851088402278,0.00400851088402278
W_boundary_class__W_crack_class,0.583333333333333,1.16666666666667,0.00281599663773177,0.00281599663773177
W_boundary_class__W_crack_class,0.583333333333333,1.25,0.00213589838909352,0.00213589838909352
W_boundary_class__W_crack_class,0.583333333333333,1.33333333333333,0.0019682161381168,0.0019682161381168
W_boundary_class__W_crack_class,0.583333333333333,1.41666666666667,0.0023129498848076,0.0023129498848076
W_boundary_class__W_crack_class,0.583333333333333,1.5,0.00317009962916322,0.00317009962916322
W_boundary_class__W_crack_class,0.583333333333333,1.58333333333333,0.00453966537117288,0.00453966537117288
W_boundary_class__W_crack_class,0.583333333333333,1.66666666666667,0.00642164711083676,0.00642164711083676
W_boundary_class__W_crack_class,0.583333333333333,1.75,0.00881604484815479,0.00881604484815479
W_boundary_class__W_crack_class,0.583333333333333,1.83333333333333,0.0117228585831271,0.0117228585831271
W_boundary_class__W_crack_class,0.583333333333333,1.91666666666667,0.0151420883157535,0.0151420883157535
W_boundary_class__W_crack_class,0.583333333333333,2,0.0190737340460339,0.0190737340460339
W_boundary_class__W_crack_class,0.666666666666667,0,0.0593774812831222,0.0593774812831222
W_boundary_class__W_crack_class,0.666666666666667,0.0833333333333333,0.0519157867159696,0.0519157867159696
W_boundary_class__W_crack_class,0.666666666666667,0.166666666666667,0.044966508146465,0.044966508146465
W_boundary_class__W_crack_class,0.666666666666667,0.25,0.0385296455745994,0.0385296455745994
W_boundary_class__W_crack_class,0.666666666666667,0.333333333333333,0.0326051990003808,0.0326051990003808
W_boundary_class__W_crack_class,0.666666666666667,0.416666666666667,0.0271931684238106,0.0271931684238106
W_boundary_class__W_crack_class,0.666666666666667,0.5,0.0222935538448786,0.0222935538448786
W_boundary_class__W_crack_class,0.666666666666667,0.583333333333333,0.0179063552635975,0.0179063552635975
W_boundary_class__W_crack_class,0.666666666666667,0.666666666666667,0.0140315726799529,0.0140315726799529
W_boundary_class__W_crack_class,0.666666666666667,0.75,0.0106692060939603,0.0106692060939603
W_boundary_class__W_crack_class,0.666666666666667,0.833333333333333,0.00781925550562154,0.00781925550562154
W_boundary_class__W_crack_class,0.666666666666667,0.916666666666667,0.00548172091493652,0.00548172091493652
W_boundary_class__W_crack_class,0.666666666666667,1,0.00365660232188848,0.00365660232188848
W_boundary_class__W_crack_class,0.666666666666667,1.08333333333333,0.00234389972648939,0.00234389972648939
W_boundary_class__W_crack_class,0.666666666666667,1.16666666666667,0.00154361312875181,0.00154361312875181
W_boundary_class__W_crack_class,0.666666666666667,1.25,0.00125574252868118,0.00125574252868118
W_boundary_class__W_crack_class,0.666666666666667,1.33333333333333,0.00148028792627689,0.00148028792627689
W_boundary_class__W_crack_class,0.666666666666667,1.41666666666667,0.00221724932152674,0.00221724932152674
W_boundary_class__W_crack_class,0.666666666666667,1.5,0.00346662671443077,0.00346662671443077
W_boundary_class__W_crack_class,0.666666666666667,1.58333333333333,0.00522842010498897,0.00522842010498897
W_boundary_class__W_crack_class,0.666666666666667,1.66666666666667,0.00750262949320129,0.00750262949320129
W_boundary_class__W_crack_class,0.666666666666667,1.75,0.0102892548790678,0.0102892548790678
W_boundary_class__W_crack_class,0.666666666666667,1.83333333333333,0.0135882962625885,0.0135882962625885
W_boundary_class__W_crack_class,0.666666666666667,1.91666666666667,0.0173997536437633,0.0173997536437633
W_boundary_class__W_crack_class,0.666666666666667,2,0.0217236270225923,0.0217236270225923
W_boundary_class__W_crack_class,0.75,0,0.0530709859848098,0.0530709859848098
W_boundary_class__W_crack_class,0.75,0.0833333333333333,0.046001519066197,0.046001519066197
W_boundary_class__W_crack_class,0.75,0.166666666666667,0.0394444681452275,0.0394444681452275
W_boundary_class__W_crack_class,0.75,0.25,0.0333998332219009,0.0333998332219009
W_boundary_class__W_crack_class,0.75,0.333333333333333,0.0278676142962236,0.0278676142962236
W_boundary_class__W_crack_class,0.75,0.416666666666667,0.0228478113681852,0.0228478113681852
W_boundary_class__W_crack_class,0.75,0.5,0.0183404244377954,0.0183404244377954
W_boundary_class__W_crack_class,0.75,0.583333333333333,0.0143454535050433,0.0143454535050433
W_boundary_class__W_crack_class,0.75,0.666666666666667,0.0108628985699449,0.0108628985699449
W_boundary_class__W_crack_class,0.75,0.75,0.00789275963250028,0.00789275963250028
W_boundary_class__W_crack_class,0.75,0.833333333333333,0.0054350366926954,0.0054350366926954
W_boundary_class__W_crack_class,0.75,0.916666666666667,0.00348972975053547,0.00348972975053547
W_boundary_class__W_crack_class,0.75,1,0.00205683880603704,0.00205683880603704
W_boundary_class__W_crack_class,0.75,1.08333333333333,0.00113636385920489,0.00113636385920489
W_boundary_class__W_crack_class,0.75,1.16666666666667,0.00072830491004074,0.00072830491004074
W_boundary_class__W_crack_class,0.75,1.25,0.000832661958530723,0.000832661958530723
W_boundary_class__W_crack_class,0.75,1.33333333333333,0.0014494350046749,0.0014494350046749
W_boundary_class__W_crack_class,0.75,1.41666666666667,0.00257862404847324,0.00257862404847324
W_boundary_class__W_crack_class,0.75,1.5,0.00422022908992574,0.00422022908992574
W_boundary_class__W_crack_class,0.75,1.58333333333333,0.00637425012903239,0.00637425012903239
W_boundary_class__W_crack_class,0.75,1.66666666666667,0.00904068716579318,0.00904068716579318
W_boundary_class__W_crack_class,0.75,1.75,0.0122195402002081,0.0122195402002081
W_boundary_class__W_crack_class,0.75,1.83333333333333,0.0159108092322773,0.0159108092322773
W_boundary_class__W_crack_class,0.75,1.91666666666667,0.0201144942620021,0.0201144942620021
W_boundary_class__W_crack_class,0.75,2,0.0248305952894039,0.0248305952894039
W_boundary_class__W_crack_class,0.833333333333333,0,0.0472215659767139,0.0472215659767139
W_boundary_class__W_crack_class,0.833333333333333,0.0833333333333333,0.0405443267066399,0.0405443267066399
W_boundary_class__W_crack_class,0.833333333333333,0.166666666666667,0.0343795034342056,0.0343795034342056
W_boundary_class__W_crack_class,0.833333333333333,0.25,0.0287270961594204,0.0287270961594204
W_boundary_class__W_crack_class,0.833333333333333,0.333333333333333,0.023587104882276,0.023587104882276
W_boundary_class__W_crack_class,0.833333333333333,0.416666666666667,0.0189595296027763,0.0189595296027763
W_boundary_class__W_crack_class,0.833333333333333,0.5,0.0148443703209183,0.0148443703209183
W_boundary_class__W_crack_class,0.833333333333333,0.583333333333333,0.0112416270367141,0.0112416270367141
W_boundary_class__W_crack_class,0.833333333333333,0.666666666666667,0.00815129975015263,0.00815129975015263
W_boundary_class__W_crack_class,0.833333333333333,0.75,0.00557338846123181,0.00557338846123181
W_boundary_class__W_crack_class,0.833333333333333,0.833333333333333,0.00350789316997256,0.00350789316997256
W_boundary_class__W_crack_class,0.833333333333333,0.916666666666667,0.00195481387637876,0.00195481387637876
W_boundary_class__W_crack_class,0.833333333333333,1,0.000914150580454752,0.000914150580454752
W_boundary_class__W_crack_class,0.833333333333333,1.08333333333333,0.000385903282184907,0.000385903282184907
W_boundary_class__W_crack_class,0.833333333333333,1.16666666666667,0.00037007198156922,0.00037007198156922
W_boundary_class__W_crack_class,0.833333333333333,1.25,0.000866656678607686,0.000866656678607686
W_boundary_class__W_crack_class,0.833333333333333,1.33333333333333,0.00187565737330031,0.00187565737330031
W_boundary_class__W_crack_class,0.833333333333333,1.41666666666667,0.0033970740656471,0.0033970740656471
W_boundary_class__W_crack_class,0.833333333333333,1.5,0.00543090675564809,0.00543090675564809
W_boundary_class__W_crack_class,0.833333333333333,1.58333333333333,0.0079771554433032,0.0079771554433032
W_boundary_class__W_crack_class,0.833333333333333,1.66666666666667,0.0110358201286124,0.0110358201286124
W_boundary_class__W_crack_class,0.833333333333333,1.75,0.014606900811576,0.014606900811576
W_boundary_class__W_crack_class,0.833333333333333,1.83333333333333,0.0186903974922172,0.0186903974922172
W_boundary_class__W_crack_class,0.833333333333333,1.91666666666667,0.0232863101705198,0.0232863101705198
W_boundary_class__W_crack_class,0.833333333333333,2,0.0283946388464814,0.0283946388464814
W_boundary_class__W_crack_class,0.916666666666667,0,0.0418292212588343,0.0418292212588343
W_boundary_class__W_crack_class,0.916666666666667,0.0833333333333333,0.0355442096372945,0.0355442096372945
W_boundary_class__W_crack_class,0.916666666666667,0.166666666666667,0.0297716140134015,0.0297716140134015
W_boundary_class__W_crack_class,0.916666666666667,0.25,0.0245114343871509,0.0245114343871509
W_boundary_class__W_crack_class,0.916666666666667,0.333333333333333,0.0197636707585419,0.0197636707585419
W_boundary_class__W_crack_class,0.916666666666667,0.416666666666667,0.0155283231275781,0.0155283231275781
W_boundary_class__W_crack_class,0.916666666666667,0.5,0.01180539149426,0.01180539149426
W_boundary_class__W_crack_class,0.916666666666667,0.583333333333333,0.00859487585857844,0.00859487585857844
W_boundary_class__W_crack_class,0.916666666666667,0.666666666666667,0.00589677622055833,0.00589677622055833
W_boundary_class__W_crack_class,0.916666666666667,0.75,0.0037110925802028,0.0037110925802028
W_boundary_class__W_crack_class,0.916666666666667,0.833333333333333,0.00203782493751893,0.00203782493751893
W_boundary_class__W_crack_class,0.916666666666667,0.916666666666667,0.000876973292489233,0.000876973292489233
W_boundary_class__W_crack_class,0.916666666666667,1,0.000228537645113687,0.000228537645113687
W_boundary_class__W_crack_class,0.916666666666667,1.08333333333333,9.25179953923056e-05,9.25179953923056e-05
W_boundary_class__W_crack_class,0.916666666666667,1.16666666666667,0.000468914343325082,0.000468914343325082
W_boundary_class__W_crack_class,0.916666666666667,1.25,0.00135772668891202,0.00135772668891202
W_boundary_class__W_crack_class,0.916666666666667,1.33333333333333,0.00275895503215311,0.00275895503215311
W_boundary_class__W_crack_class,0.916666666666667,1.41666666666667,0.00467259937304838,0.00467259937304838
W_boundary_class__W_crack_class,0.916666666666667,1.5,0.00709865971159779,0.00709865971159779
W_boundary_class__W_crack_class,0.916666666666667,1.58333333333333,0.0100371360478014,0.0100371360478014
W_boundary_class__W_crack_class,0.916666666666667,1.66666666666667,0.0134880283816806,0.0134880283816806
W_boundary_class__W_crack_class,0.916666666666667,1.75,0.0174513367132224,0.0174513367132224
W_boundary_class__W_crack_class,0.916666666666667,1.83333333333333,0.0219270610424257,0.0219270610424257
W_boundary_class__W_crack_class,0.916666666666667,1.91666666666667,0.0269152013692537,0.0269152013692537
W_boundary_class__W_crack_class,0.916666666666667,2,0.032415757693717,0.032415757693717
W_boundary_class__W_crack_class,1,0,0.036893951831168,0.036893951831168
W_boundary_class__W_crack_class,1,0.0833333333333333,0.0310011678581671,0.0310011678581671
W_boundary_class__W_crack_class,1,0.166666666666667,0.0256207998828102,0.0256207998828102
W_boundary_class__W_crack_class,1,0.25,0.020752847905092,0.020752847905092
W_boundary_class__W_crack_class,1,0.333333333333333,0.0163973119250177,0.0163973119250177
W_boundary_class__W_crack_class,1,0.416666666666667,0.0125541919425753,0.0125541919425753
W_boundary_class__W_crack_class,1,0.5,0.00922348795779434,0.00922348795779434
W_boundary_class__W_crack_class,1,0.583333333333333,0.00640519997067701,0.00640519997067701
W_boundary_class__W_crack_class,1,0.666666666666667,0.00409932798123328,0.00409932798123328
W_boundary_class__W_crack_class,1,0.75,0.00230587198944372,0.00230587198944372
W_boundary_class__W_crack_class,1,0.833333333333333,0.00102483199530832,0.00102483199530832
W_boundary_class__W_crack_class,1,0.916666666666667,0.00025620799882708,0.00025620799882708
W_boundary_class__W_crack_class,1,1,0,0
W_boundary_class__W_crack_class,1,1.08333333333333,0.00025620799882708,0.00025620799882708
W_boundary_class__W_crack_class,1,1.16666666666667,0.00102483199530832,0.00102483199530832
W_boundary_class__W_crack_class,1,1.25,0.00230587198944372,0.00230587198944372
W_boundary_class__W_crack_class,1,1.33333333333333,0.00409932798123326,0.00409932798123326
W_boundary_class__W_crack_class,1,1.41666666666667,0.00640519997067701,0.00640519997067701
W_boundary_class__W_crack_class,1,1.5,0.00922348795779434,0.00922348795779434
W_boundary_class__W_crack_class,1,1.58333333333333,0.0125541919425753,0.0125541919425753
W_boundary_class__W_crack_class,1,1.66666666666667,0.0163973119250178,0.0163973119250178
W_boundary_class__W_crack_class,1,1.75,0.020752847905092,0.020752847905092
W_boundary_class__W_crack_class,1,1.83333333333333,0.0256207998828103,0.0256207998828103
W_boundary_class__W_crack_class,1,1.91666666666667,0.0310011678581672,0.0310011678581672
W_boundary_class__W_crack_class,1,2,0.036893951831168,0.036893951831168
W_boundary_class__W_crack_class,1.08333333333333,0,0.0324157576937171,0.0324157576937171
W_boundary_class__W_crack_class,1.08333333333333,0.0833333333333333,0.0269152013692538,0.0269152013692538
W_boundary_class__W_crack_class,1.08333333333333,0.166666666666667,0.0219270610424257,0.0219270610424257
W_boundary_class__W_crack_class,1.08333333333333,0.25,0.0174513367132224,0.0174513367132224
W_boundary_class__W_crack_class,1.08333333333333,0.333333333333333,0.0134880283816807,0.0134880283816807
W_boundary_class__W_crack_class,1.08333333333333,0.416666666666667,0.0100371360478014,0.0100371360478014
W_boundary_class__W_crack_class,1.08333333333333,0.5,0.00709865971159778,0.00709865971159778
W_boundary_class__W_crack_class,1.08333333333333,0.583333333333333,0.00467259937304837,0.00467259937304837
W_boundary_class__W_crack_class,1.08333333333333,0.666666666666667,0.00275895503215312,0.00275895503215312
W_boundary_class__W_crack_class,1.08333333333333,0.75,0.00135772668891202,0.00135772668891202
W_boundary_class__W_crack_class,1.08333333333333,0.833333333333333,0.000468914343325078,0.000468914343325078
W_boundary_class__W_crack_class,1.08333333333333,0.916666666666667,9.25179953923048e-05,9.25179953923048e-05
W_boundary_class__W_crack_class,1.08333333333333,1,0.000228537645113687,0.000228537645113687
W_boundary_class__W_crack_class,1.08333333333333,1.08333333333333,0.00087697329248923,0.00087697329248923
W_boundary_class__W_crack_class,1.08333333333333,1.16666666666667,0.00203782493751893,0.00203782493751893
W_boundary_class__W_crack_class,1.08333333333333,1.25,0.0037110925802028,0.0037110925802028
W_boundary_class__W_crack_class,1.08333333333333,1.33333333333333,0.00589677622055831,0.00589677622055831
W_boundary_class__W_crack_class,1.08333333333333,1.41666666666667,0.00859487585857843,0.00859487585857843
W_boundary_class__W_crack_class,1.08333333333333,1.5,0.01180539149426,0.01180539149426
W_boundary_class__W_crack_class,1.08333333333333,1.58333333333333,0.0155283231275781,0.0155283231275781
W_boundary_class__W_crack_class,1.08333333333333,1.66666666666667,0.0197636707585419,0.0197636707585419
W_boundary_class__W_crack_class,1.08333333333333,1.75,0.0245114343871509,0.0245114343871509
W_boundary_class__W_crack_class,1.08333333333333,1.83333333333333,0.0297716140134016,0.0297716140134016
W_boundary_class__W_crack_class,1.08333333333333,1.91666666666667,0.0355442096372946,0.0355442096372946
W_boundary_class__W_crack_class,1.08333333333333,2,0.0418292212588343,0.0418292212588343
W_boundary_class__W_crack_class,1.16666666666667,0,0.0283946388464814,0.0283946388464814
W_boundary_class__W_crack_class,1.16666666666667,0.0833333333333333,0.0232863101705198,0.0232863101705198
W_boundary_class__W_crack_class,1.16666666666667,0.166666666666667,0.0186903974922171,0.0186903974922171
W_boundary_class__W_crack_class,1.16666666666667,0.25,0.014606900811576,0.014606900811576
W_boundary_class__W_crack_class,1.16666666666667,0.333333333333333,0.0110358201286124,0.0110358201286124
W_boundary_class__W_crack_class,1.16666666666667,0.416666666666667,0.00797715544330318,0.00797715544330318
W_boundary_class__W_crack_class,1.16666666666667,0.5,0.00543090675564807,0.00543090675564807
W_boundary_class__W_crack_class,1.16666666666667,0.583333333333333,0.00339707406564712,0.00339707406564712
W_boundary_class__W_crack_class,1.16666666666667,0.666666666666667,0.00187565737330031,0.00187565737330031
W_boundary_class__W_crack_class,1.16666666666667,0.75,0.000866656678607692,0.000866656678607692
W_boundary_class__W_crack_class,1.16666666666667,0.833333333333333,0.000370071981569217,0.000370071981569217
W_boundary_class__W_crack_class,1.16666666666667,0.916666666666667,0.000385903282184902,0.000385903282184902
W_boundary_class__W_crack_class,1.16666666666667,1,0.000914150580454751,0.000914150580454751
W_boundary_class__W_crack_class,1.16666666666667,1.08333333333333,0.00195481387637877,0.00195481387637877
W_boundary_class__W_crack_class,1.16666666666667,1.16666666666667,0.00350789316997257,0.00350789316997257
W_boundary_class__W_crack_class,1.16666666666667,1.25,0.00557338846123181,0.00557338846123181
W_boundary_class__W_crack_class,1.16666666666667,1.33333333333333,0.00815129975015259,0.00815129975015259
W_boundary_class__W_crack_class,1.16666666666667,1.41666666666667,0.0112416270367141,0.0112416270367141
W_boundary_class__W_crack_class,1.16666666666667,1.5,0.0148443703209183,0.0148443703209183
W_boundary_class__W_crack_class,1.16666666666667,1.58333333333333,0.0189595296027763,0.0189595296027763
W_boundary_class__W_crack_class,1.16666666666667,1.66666666666667,0.023587104882276,0.023587104882276
W_boundary_class__W_crack_class,1.16666666666667,1.75,0.0287270961594203,0.0287270961594203
W_boundary_class__W_crack_class,1.16666666666667,1.83333333333333,0.0343795034342056,0.0343795034342056
W_boundary_class__W_crack_class,1.16666666666667,1.91666666666667,0.04054432670664,0.04054432670664
W_boundary_class__W_crack_class,1.16666666666667,2,0.047221565976714,0.047221565976714
W_boundary_class__W_crack_class,1.25,0,0.0248305952894039,0.0248305952894039
W_boundary_class__W_crack_class,1.25,0.0833333333333333,0.020114494262002,0.020114494262002
W_boundary_class__W_crack_class,1.25,0.166666666666667,0.0159108092322772,0.0159108092322772
W_boundary_class__W_crack_class,1.25,0.25,0.0122195402002082,0.0122195402002082
W_boundary_class__W_crack_class,1.25,0.333333333333333,0.00904068716579317,0.00904068716579317
W_boundary_class__W_crack_class,1.25,0.416666666666667,0.00637425012903237,0.00637425012903237
W_boundary_class__W_crack_class,1.25,0.5,0.00422022908992573,0.00422022908992573
W_boundary_class__W_crack_class,1.25,0.583333333333333,0.00257862404847323,0.00257862404847323
W_boundary_class__W_crack_class,1.25,0.666666666666667,0.0014494350046749,0.0014494350046749
W_boundary_class__W_crack_class,1.25,0.75,0.000832661958530743,0.000832661958530743
W_boundary_class__W_crack_class,1.25,0.833333333333333,0.000728304910040739,0.000728304910040739
W_boundary_class__W_crack_class,1.25,0.916666666666667,0.0011363638592049,0.0011363638592049
W_boundary_class__W_crack_class,1.25,1,0.00205683880603705,0.00205683880603705
W_boundary_class__W_crack_class,1.25,1.08333333333333,0.00348972975053546,0.00348972975053546
W_boundary_class__W_crack_class,1.25,1.16666666666667,0.00543503669269543,0.00543503669269543
W_boundary_class__W_crack_class,1.25,1.25,0.00789275963250029,0.00789275963250029
W_boundary_class__W_crack_class,1.25,1.33333333333333,0.0108628985699449,0.0108628985699449
W_boundary_class__W_crack_class,1.25,1.41666666666667,0.0143454535050433,0.0143454535050433
W_boundary_class__W_crack_class,1.25,1.5,0.0183404244377954,0.0183404244377954
W_boundary_class__W_crack_class,1.25,1.58333333333333,0.0228478113681851,0.0228478113681851
W_boundary_class__W_crack_class,1.25,1.66666666666667,0.0278676142962236,0.0278676142962236
W_boundary_class__W_crack_class,1.25,1.75,0.0333998332219009,0.0333998332219009
W_boundary_class__W_crack_class,1.25,1.83333333333333,0.0394444681452275,0.0394444681452275
W_boundary_class__W_crack_class,1.25,1.91666666666667,0.0460015190661971,0.0460015190661971
W_boundary_class__W_crack_class,1.25,2,0.0530709859848098,0.0530709859848098
W_boundary_class__W_crack_class,1.33333333333333,0,0.0217236270225922,0.0217236270225922
W_boundary_class__W_crack_class,1.33333333333333,0.0833333333333333,0.0173997536437633,0.0173997536437633
W_boundary_class__W_crack_class,1.33333333333333,0.166666666666667,0.0135882962625885,0.0135882962625885
W_boundary_class__W_crack_class,1.33333333333333,0.25,0.0102892548790678,0.0102892548790678
W_boundary_class__W_crack_class,1.33333333333333,0.333333333333333,0.00750262949320125,0.00750262949320125
W_boundary_class__W_crack_class,1.33333333333333,0.416666666666667,0.00522842010498895,0.00522842010498895
W_boundary_class__W_crack_class,1.33333333333333,0.5,0.00346662671443073,0.00346662671443073
W_boundary_class__W_crack_class,1.33333333333333,0.583333333333333,0.00221724932152672,0.00221724932152672
W_boundary_class__W_crack_class,1.33333333333333,0.666666666666667,0.00148028792627687,0.00148028792627687
W_boundary_class__W_crack_class,1.33333333333333,0.75,0.00125574252868116,0.00125574252868116
W_boundary_class__W_crack_class,1.33333333333333,0.833333333333333,0.00154361312875179,0.00154361312875179
W_boundary_class__W_crack_class,1.33333333333333,0.916666666666667,0.00234389972648938,0.00234389972648938
W_boundary_class__W_crack_class,1.33333333333333,1,0.00365660232188845,0.00365660232188845
W_boundary_class__W_crack_class,1.33333333333333,1.08333333333333,0.00548172091493649,0.00548172091493649
W_boundary_class__W_crack_class,1.33333333333333,1.16666666666667,0.00781925550562153,0.00781925550562153
W_boundary_class__W_crack_class,1.33333333333333,1.25,0.0106692060939603,0.0106692060939603
W_boundary_class__W_crack_class,1.33333333333333,1.33333333333333,0.0140315726799528,0.0140315726799528
W_boundary_class__W_crack_class,1.33333333333333,1.41666666666667,0.0179063552635975,0.0179063552635975
W_boundary_class__W_crack_class,1.33333333333333,1.5,0.0222935538448786,0.0222935538448786
W_boundary_class__W_crack_class,1.33333333333333,1.58333333333333,0.0271931684238106,0.0271931684238106
W_boundary_class__W_crack_class,1.33333333333333,1.66666666666667,0.0326051990003807,0.0326051990003807
W_boundary_class__W_crack_class,1.33333333333333,1.75,0.0385296455745994,0.0385296455745994
W_boundary_class__W_crack_class,1.33333333333333,1.83333333333333,0.044966508146465,0.044966508146465
W_boundary_class__W_crack_class,1.33333333333333,1.91666666666667,0.0519157867159696,0.0519157867159696
W_boundary_class__W_crack_class,1.33333333333333,2,0.059377481283122,0.059377481283122
W_boundary_class__W_crack_class,1.41666666666667,0,0.0190737340460339,0.0190737340460339
W_boundary_class__W_crack_class,1.41666666666667,0.0833333333333333,0.0151420883157534,0.0151420883157534
W_boundary_class__W_crack_class,1.41666666666667,0.166666666666667,0.011722858583127,0.011722858583127
W_boundary_class__W_crack_class,1.41666666666667,0.25,0.0088160448481548,0.0088160448481548
W_boundary_class__W_crack_class,1.41666666666667,0.333333333333333,0.00642164711083677,0.00642164711083677
W_boundary_class__W_crack_class,1.41666666666667,0.416666666666667,0.00453966537117295,0.00453966537117295
W_boundary_class__W_crack_class,1.41666666666667,0.5,0.00317009962916322,0.00317009962916322
W_boundary_class__W_crack_class,1.41666666666667,0.583333333333333,0.00231294988480762,0.00231294988480762
W_boundary_class__W_crack_class,1.41666666666667,0.666666666666667,0.00196821613811677,0.00196821613811677
W_boundary_class__W_crack_class,1.41666666666667,0.75,0.00213589838909354,0.00213589838909354
W_boundary_class__W_crack_class,1.41666666666667,0.833333333333333,0.00281599663773179,0.00281599663773179
W_boundary_class__W_crack_class,1.41666666666667,0.916666666666667,0.00400851088402279,0.00400851088402279
W_boundary_class__W_crack_class,1.41666666666667,1,0.00571344112794825,0.00571344112794825
W_boundary_class__W_crack_class,1.41666666666667,1.08333333333333,0.00793078736952739,0.00793078736952739
W_boundary_class__W_crack_class,1.41666666666667,1.16666666666667,0.0106605496087603,0.0106605496087603
W_boundary_class__W_crack_class,1.41666666666667,1.25,0.013902727845647,0.013902727845647
W_boundary_class__W_crack_class,1.41666666666667,1.33333333333333,0.0176573220801824,0.0176573220801824
W_boundary_class__W_crack_class,1.41666666666667,1.41666666666667,0.0219243323123563,0.0219243323123563
W_boundary_class__W_crack_class,1.41666666666667,1.5,0.026703758542181,0.026703758542181
W_boundary_class__W_crack_class,1.41666666666667,1.58333333333333,0.0319956007696448,0.0319956007696448
W_boundary_class__W_crack_class,1.41666666666667,1.66666666666667,0.0377998589947557,0.0377998589947557
W_boundary_class__W_crack_class,1.41666666666667,1.75,0.0441165332175157,0.0441165332175157
W_boundary_class__W_crack_class,1.41666666666667,1.83333333333333,0.0509456234379142,0.0509456234379142
W_boundary_class__W_crack_class,1.41666666666667,1.91666666666667,0.0582871296559586,0.0582871296559586
W_boundary_class__W_crack_class,1.41666666666667,2,0.0661410518716505,0.0661410518716505
W_boundary_class__W_crack_class,1.5,0,0.0168809163597029,0.0168809163597029
W_boundary_class__W_crack_class,1.5,0.0833333333333333,0.0133414982779709,0.0133414982779709
W_boundary_class__W_crack_class,1.5,0.166666666666667,0.010314496193893,0.010314496193893
W_boundary_class__W_crack_class,1.5,0.25,0.00779991010746918,0.00779991010746918
W_boundary_class__W_crack_class,1.5,0.333333333333333,0.00579774001869955,0.00579774001869955
W_boundary_class__W_crack_class,1.5,0.416666666666667,0.00430798592758424,0.00430798592758424
W_boundary_class__W_crack_class,1.5,0.5,0.00333064783413203,0.00333064783413203
W_boundary_class__W_crack_class,1.5,0.583333333333333,0.00286572573834795,0.00286572573834795
W_boundary_class__W_crack_class,1.5,0.666666666666667,0.00291321964022531,0.00291321964022531
W_boundary_class__W_crack_class,1.5,0.75,0.0034731295397591,0.0034731295397591
W_boundary_class__W_crack_class,1.5,0.833333333333333,0.00454545543692495,0.00454545543692495
W_boundary_class__W_crack_class,1.5,0.916666666666667,0.00613019733174455,0.00613019733174455
W_boundary_class__W_crack_class,1.5,1,0.00822735522421786,0.00822735522421786
W_boundary_class__W_crack_class,1.5,1.08333333333333,0.0108369291143449,0.0108369291143449
W_boundary_class__W_crack_class,1.5,1.16666666666667,0.0139589190021257,0.0139589190021257
W_boundary_class__W_crack_class,1.5,1.25,0.0175933248875514,0.0175933248875514
W_boundary_class__W_crack_class,1.5,1.33333333333333,0.021740146770618,0.021740146770618
W_boundary_class__W_crack_class,1.5,1.41666666666667,0.0263993846513356,0.0263993846513356
W_boundary_class__W_crack_class,1.5,1.5,0.0315710385296933,0.0315710385296933
W_boundary_class__W_crack_class,1.5,1.58333333333333,0.0372551084056963,0.0372551084056963
W_boundary_class__W_crack_class,1.5,1.66666666666667,0.0434515942793485,0.0434515942793485
W_boundary_class__W_crack_class,1.5,1.75,0.0501604961506434,0.0501604961506434
W_boundary_class__W_crack_class,1.5,1.83333333333333,0.0573818140195796,0.0573818140195796
W_boundary_class__W_crack_class,1.5,1.91666666666667,0.0651155478861634,0.0651155478861634
W_boundary_class__W_crack_class,1.5,2,0.0733616977503891,0.0733616977503891
W_boundary_class__W_crack_class,1.58333333333333,0,0.0151451739635993,0.0151451739635993
W_boundary_class__W_crack_class,1.58333333333333,0.0833333333333333,0.0119979835304157,0.0119979835304157
W_boundary_class__W_crack_class,1.58333333333333,0.166666666666667,0.00936320909488624,0.00936320909488624
W_boundary_class__W_crack_class,1.58333333333333,0.25,0.00724085065701093,0.00724085065701093
W_boundary_class__W_crack_class,1.58333333333333,0.333333333333333,0.00563090821679753,0.00563090821679753
W_boundary_class__W_crack_class,1.58333333333333,0.416666666666667,0.00453338177425264,0.00453338177425264
W_boundary_class__W_crack_class,1.58333333333333,0.5,0.00394827132936909,0.00394827132936909
W_boundary_class__W_crack_class,1.58333333333333,0.583333333333333,0.00387557688214553,0.00387557688214553
W_boundary_class__W_crack_class,1.58333333333333,0.666666666666667,0.00431529843255174,0.00431529843255174
W_boundary_class__W_crack_class,1.58333333333333,0.75,0.00526743598061176,0.00526743598061176
W_boundary_class__W_crack_class,1.58333333333333,0.833333333333333,0.00673198952632549,0.00673198952632549
W_boundary_class__W_crack_class,1.58333333333333,0.916666666666667,0.00870895906969294,0.00870895906969294
W_boundary_class__W_crack_class,1.58333333333333,1,0.0111983446107142,0.0111983446107142
W_boundary_class__W_crack_class,1.58333333333333,1.08333333333333,0.0142001461493891,0.0142001461493891
W_boundary_class__W_crack_class,1.58333333333333,1.16666666666667,0.0177143636857048,0.0177143636857048
W_boundary_class__W_crack_class,1.58333333333333,1.25,0.021740997219664,0.021740997219664
W_boundary_class__W_crack_class,1.58333333333333,1.33333333333333,0.0262800467512744,0.0262800467512744
W_boundary_class__W_crack_class,1.58333333333333,1.41666666666667,0.0313315122805262,0.0313315122805262
W_boundary_class__W_crack_class,1.58333333333333,1.5,0.0368953938074214,0.0368953938074214
W_boundary_class__W_crack_class,1.58333333333333,1.58333333333333,0.0429716913319657,0.0429716913319657
W_boundary_class__W_crack_class,1.58333333333333,1.66666666666667,0.0495604048541575,0.0495604048541575
W_boundary_class__W_crack_class,1.58333333333333,1.75,0.0566615343739855,0.0566615343739855
W_boundary_class__W_crack_class,1.58333333333333,1.83333333333333,0.0642750798914612,0.0642750798914612
W_boundary_class__W_crack_class,1.58333333333333,1.91666666666667,0.0724010413937548,0.0724010413937548
W_boundary_class__W_crack_class,1.58333333333333,2,0.0811023952502664,0.0811023952502664
W_boundary_class__W_crack_class,1.66666666666667,0,0.013866506857723,0.013866506857723
W_boundary_class__W_crack_class,1.66666666666667,0.0833333333333333,0.011111544073088,0.011111544073088
W_boundary_class__W_crack_class,1.66666666666667,0.166666666666667,0.00886899728611333,0.00886899728611333
W_boundary_class__W_crack_class,1.66666666666667,0.25,0.00713886649680753,0.00713886649680753
W_boundary_class__W_crack_class,1.66666666666667,0.333333333333333,0.0059211517051632,0.0059211517051632
W_boundary_class__W_crack_class,1.66666666666667,0.416666666666667,0.00521585291118059,0.00521585291118059
W_boundary_class__W_crack_class,1.66666666666667,0.5,0.00502297011482873,0.00502297011482873
W_boundary_class__W_crack_class,1.66666666666667,0.583333333333333,0.00534250331612915,0.00534250331612915
W_boundary_class__W_crack_class,1.66666666666667,0.666666666666667,0.00617445251508316,0.00617445251508316
W_boundary_class__W_crack_class,1.66666666666667,0.75,0.00751881771169117,0.00751881771169117
W_boundary_class__W_crack_class,1.66666666666667,0.833333333333333,0.00937559890595277,0.00937559890595277
W_boundary_class__W_crack_class,1.66666666666667,0.916666666666667,0.0117447960978681,0.0117447960978681
W_boundary_class__W_crack_class,1.66666666666667,1,0.0146264092874373,0.0146264092874373
W_boundary_class__W_crack_class,1.66666666666667,1.08333333333333,0.0180204384746424,0.0180204384746424
W_boundary_class__W_crack_class,1.66666666666667,1.16666666666667,0.0219268836594945,0.0219268836594945
W_boundary_class__W_crack_class,1.66666666666667,1.25,0.0263457448419974,0.0263457448419974
W_boundary_class__W_crack_class,1.66666666666667,1.33333333333333,0.0312770220221435,0.0312770220221435
W_boundary_class__W_crack_class,1.66666666666667,1.41666666666667,0.0367207151999309,0.0367207151999309
W_boundary_class__W_crack_class,1.66666666666667,1.5,0.0426768243753675,0.0426768243753675
W_boundary_class__W_crack_class,1.66666666666667,1.58333333333333,0.0491453495484532,0.0491453495484532
W_boundary_class__W_crack_class,1.66666666666667,1.66666666666667,0.0561262907191763,0.0561262907191763
W_boundary_class__W_crack_class,1.66666666666667,1.75,0.0636196478794198,0.0636196478794198
W_boundary_class__W_crack_class,1.66666666666667,1.83333333333333,0.0716711717145755,0.0716711717145755
W_boundary_class__W_crack_class,1.66666666666667,1.91666666666667,0.0804553011020525,0.0804553011020525
W_boundary_class__W_crack_class,1.66666666666667,2,0.0899890672410288,0.0899890672410288
W_boundary_class__W_crack_class,1.75,0,0.0130449150420793,0.0130449150420793
W_boundary_class__W_crack_class,1.75,0.0833333333333333,0.0106821799060127,0.0106821799060127
W_boundary_class__W_crack_class,1.75,0.166666666666667,0.00883186076760746,0.00883186076760746
W_boundary_class__W_crack_class,1.75,0.25,0.00749395762686403,0.00749395762686403
W_boundary_class__W_crack_class,1.75,0.333333333333333,0.00666847048375559,0.00666847048375559
W_boundary_class__W_crack_class,1.75,0.416666666666667,0.00635539933829645,0.00635539933829645
W_boundary_class__W_crack_class,1.75,0.5,0.006554744190491,0.006554744190491
W_boundary_class__W_crack_class,1.75,0.583333333333333,0.00726650504033929,0.00726650504033929
W_boundary_class__W_crack_class,1.75,0.666666666666667,0.00849068188784122,0.00849068188784122
W_boundary_class__W_crack_class,1.75,0.75,0.010227274732997,0.010227274732997
W_boundary_class__W_crack_class,1.75,0.833333333333333,0.0124762835758065,0.0124762835758065
W_boundary_class__W_crack_class,1.75,0.916666666666667,0.0152377084162699,0.0152377084162699
W_boundary_class__W_crack_class,1.75,1,0.018511549254364,0.018511549254364
W_boundary_class__W_crack_class,1.75,1.08333333333333,0.0222978060901089,0.0222978060901089
W_boundary_class__W_crack_class,1.75,1.16666666666667,0.0265964789235046,0.0265964789235046
W_boundary_class__W_crack_class,1.75,1.25,0.0314075677545452,0.0314075677545452
W_boundary_class__W_crack_class,1.75,1.33333333333333,0.0367310725832244,0.0367310725832244
W_boundary_class__W_crack_class,1.75,1.41666666666667,0.0425669934095531,0.0425669934095531
W_boundary_class__W_crack_class,1.75,1.5,0.0489153302335309,0.0489153302335309
W_boundary_class__W_crack_class,1.75,1.58333333333333,0.0557760830517291,0.0557760830517291
W_boundary_class__W_crack_class,1.75,1.66666666666667,0.0631805232728386,0.0631805232728386
W_boundary_class__W_crack_class,1.75,1.75,0.0713065237212505,0.0713065237212505
W_boundary_class__W_crack_class,1.75,1.83333333333333,0.0801821609211617,0.0801821609211617
W_boundary_class__W_crack_class,1.75,1.91666666666667,0.0898074348725721,0.0898074348725721
W_boundary_class__W_crack_class,1.75,2,0.100182345575482,0.100182345575482
W_boundary_class__W_crack_class,1.83333333333333,0,0.0126803985167021,0.0126803985167021
W_boundary_class__W_crack_class,1.83333333333333,0.0833333333333333,0.0107098910291977,0.0107098910291977
W_boundary_class__W_crack_class,1.83333333333333,0.166666666666667,0.00925179953933269,0.00925179953933269
W_boundary_class__W_crack_class,1.83333333333333,0.25,0.00830612404711392,0.00830612404711392
W_boundary_class__W_crack_class,1.83333333333333,0.333333333333333,0.00787286455254877,0.00787286455254877
W_boundary_class__W_crack_class,1.83333333333333,0.416666666666667,0.00795202105563751,0.00795202105563751
W_boundary_class__W_crack_class,1.83333333333333,0.5,0.00854359355637991,0.00854359355637991
W_boundary_class__W_crack_class,1.83333333333333,0.583333333333333,0.00964758205477616,0.00964758205477616
W_boundary_class__W_crack_class,1.83333333333333,0.666666666666667,0.011263986550826,0.011263986550826
W_boundary_class__W_crack_class,1.83333333333333,0.75,0.0133928070445297,0.0133928070445297
W_boundary_class__W_crack_class,1.83333333333333,0.833333333333333,0.0160340435358832,0.0160340435358832
W_boundary_class__W_crack_class,1.83333333333333,0.916666666666667,0.0191876960248701,0.0191876960248701
W_boundary_class__W_crack_class,1.83333333333333,1,0.0228537645115076,0.0228537645115076
W_boundary_class__W_crack_class,1.83333333333333,1.08333333333333,0.0270322489957961,0.0270322489957961
W_boundary_class__W_crack_class,1.83333333333333,1.16666666666667,0.0317231494777312,0.0317231494777312
W_boundary_class__W_crack_class,1.83333333333333,1.25,0.0369264659573028,0.0369264659573028
W_boundary_class__W_crack_class,1.83333333333333,1.33333333333333,0.0426421984345236,0.0426421984345236
W_boundary_class__W_crack_class,1.83333333333333,1.41666666666667,0.0488703469093935,0.0488703469093935
W_boundary_class__W_crack_class,1.83333333333333,1.5,0.0556304499250566,0.0556304499250566
W_boundary_class__W_crack_class,1.83333333333333,1.58333333333333,0.0630983214344033,0.0630983214344033
W_boundary_class__W_crack_class,1.83333333333333,1.66666666666667,0.0713158296952495,0.0713158296952495
W_boundary_class__W_crack_class,1.83333333333333,1.75,0.0802829747075945,0.0802829747075945
W_boundary_class__W_crack_class,1.83333333333333,1.83333333333333,0.0899997564714387,0.0899997564714387
W_boundary_class__W_crack_class,1.83333333333333,1.91666666666667,0.100466174986783,0.100466174986783
W_boundary_class__W_crack_class,1.83333333333333,2,0.111682230253625,0.111682230253625
W_boundary_class__W_crack_class,1.91666666666667,0,0.01277295728156,0.01277295728156
W_boundary_class__W_crack_class,1.91666666666667,0.0833333333333333,0.0111946774425816,0.0111946774425816
W_boundary_class__W_crack_class,1.91666666666667,0.166666666666667,0.0101288136012568,0.0101288136012568
W_boundary_class__W_crack_class,1.91666666666667,0.25,0.00957536575758609,0.00957536575758609
W_boundary_class__W_crack_class,1.91666666666667,0.333333333333333,0.00953433391156862,0.00953433391156862
W_boundary_class__W_crack_class,1.91666666666667,0.416666666666667,0.0100057180632053,0.0100057180632053
W_boundary_class__W_crack_class,1.91666666666667,0.5,0.0109895182124955,0.0109895182124955
W_boundary_class__W_crack_class,1.91666666666667,0.583333333333333,0.0124857343594397,0.0124857343594397
W_boundary_class__W_crack_class,1.91666666666667,0.666666666666667,0.0144943665040376,0.0144943665040376
W_boundary_class__W_crack_class,1.91666666666667,0.75,0.0170154146462805,0.0170154146462805
W_boundary_class__W_crack_class,1.91666666666667,0.833333333333333,0.0200488787861601,0.0200488787861601
W_boundary_class__W_crack_class,1.91666666666667,0.916666666666667,0.0235947589236906,0.0235947589236906
W_boundary_class__W_crack_class,1.91666666666667,1,0.0276530550588718,0.0276530550588718
W_boundary_class__W_crack_class,1.91666666666667,1.08333333333333,0.0322237671917014,0.0322237671917014
W_boundary_class__W_crack_class,1.91666666666667,1.16666666666667,0.0373068953221653,0.0373068953221653
W_boundary_class__W_crack_class,1.91666666666667,1.25,0.0429024394502782,0.0429024394502782
W_boundary_class__W_crack_class,1.91666666666667,1.33333333333333,0.0490209516712286,0.0490209516712286
W_boundary_class__W_crack_class,1.91666666666667,1.41666666666667,0.0558306942415104,0.0558306942415104
W_boundary_class__W_crack_class,1.91666666666667,1.5,0.0633900735632914,0.0633900735632914
W_boundary_class__W_crack_class,1.91666666666667,1.58333333333333,0.0716990896365715,0.0716990896365715
W_boundary_class__W_crack_class,1.91666666666667,1.66666666666667,0.0807577424613507,0.0807577424613507
W_boundary_class__W_crack_class,1.91666666666667,1.75,0.090566032037629,0.090566032037629
W_boundary_class__W_crack_class,1.91666666666667,1.83333333333333,0.101123958365406,0.101123958365406
W_boundary_class__W_crack_class,1.91666666666667,1.91666666666667,0.112431521444683,0.112431521444683
W_boundary_class__W_crack_class,1.91666666666667,2,0.124488721275459,0.124488721275459
W_boundary_class__W_crack_class,2,0,0.0133225913366148,0.0133225913366148
W_boundary_class__W_crack_class,2,0.0833333333333333,0.0121365391461843,0.0121365391461843
W_boundary_class__W_crack_class,2,0.166666666666667,0.0114629029534072,0.0114629029534072
W_boundary_class__W_crack_class,2,0.25,0.0113016827582844,0.0113016827582844
W_boundary_class__W_crack_class,2,0.333333333333333,0.0116528785608151,0.0116528785608151
W_boundary_class__W_crack_class,2,0.416666666666667,0.0125164903609995,0.0125164903609995
W_boundary_class__W_crack_class,2,0.5,0.0138925181588379,0.0138925181588379
W_boundary_class__W_crack_class,2,0.583333333333333,0.0157809619543298,0.0157809619543298
W_boundary_class__W_crack_class,2,0.666666666666667,0.0181818217474621,0.0181818217474621
W_boundary_class__W_crack_class,2,0.75,0.0210950975382345,0.0210950975382345
W_boundary_class__W_crack_class,2,0.833333333333333,0.0245207893266575,0.0245207893266575
W_boundary_class__W_crack_class,2,0.916666666666667,0.0284588971127318,0.0284588971127318
W_boundary_class__W_crack_class,2,1,0.0329094208964562,0.0329094208964562
W_boundary_class__W_crack_class,2,1.08333333333333,0.0378723606778121,0.0378723606778121
W_boundary_class__W_crack_class,2,1.16666666666667,0.0433520285113552,0.0433520285113552
W_boundary_class__W_crack_class,2,1.25,0.0495036421425718,0.0495036421425718
W_boundary_class__W_crack_class,2,1.33333333333333,0.0564048925252878,0.0564048925252878
W_boundary_class__W_crack_class,2,1.41666666666667,0.0640557796595024,0.0640557796595024
W_boundary_class__W_crack_class,2,1.5,0.0724563035452166,0.0724563035452166
W_boundary_class__W_crack_class,2,1.58333333333333,0.08160646418243,0.08160646418243
W_boundary_class__W_crack_class,2,1.66666666666667,0.0915062615711424,0.0915062615711424
W_boundary_class__W_crack_class,2,1.75,0.102155695711354,0.102155695711354
W_boundary_class__W_crack_class,2,1.83333333333333,0.113554766603065,0.113554766603065
W_boundary_class__W_crack_class,2,1.91666666666667,0.125703474246274,0.125703474246274
W_boundary_class__W_crack_class,2,2,0.138601818640983,0.138601818640983
W_boundary_class__Ic0_scale,0,0.25,0.91570239028228,0.91570239028228
W_boundary_class__Ic0_scale,0,0.333333333333333,0.73674899375741,0.73674899375741
W_boundary_class__Ic0_scale,0,0.416666666666667,0.57812221073864,0.57812221073864
W_boundary_class__Ic0_scale,0,0.5,0.439822041225969,0.439822041225969
W_boundary_class__Ic0_scale,0,0.583333333333333,0.321848485219397,0.321848485219397
W_boundary_class__Ic0_scale,0,0.666666666666667,0.224201542718925,0.224201542718925
W_boundary_class__Ic0_scale,0,0.75,0.146881213724553,0.146881213724553
W_boundary_class__Ic0_scale,0,0.833333333333333,0.0898874982362796,0.0898874982362796
W_boundary_class__Ic0_scale,0,0.916666666666667,0.053220496515516,0.053220496515516
W_boundary_class__Ic0_scale,0,1,0.0315720685806107,0.0315720685806107
W_boundary_class__Ic0_scale,0,1.08333333333333,0.0182912185108957,0.0182912185108957
W_boundary_class__Ic0_scale,0,1.16666666666667,0.0122186207849755,0.0122186207849755
W_boundary_class__Ic0_scale,0,1.25,0.0118105565212532,0.0118105565212532
W_boundary_class__Ic0_scale,0,1.33333333333333,0.0170583999021591,0.0170583999021591
W_boundary_class__Ic0_scale,0,1.41666666666667,0.0279621509276934,0.0279621509276934
W_boundary_class__Ic0_scale,0,1.5,0.0445218095983581,0.0445218095983581
W_boundary_class__Ic0_scale,0,1.58333333333333,0.0667373759332771,0.0667373759332771
W_boundary_class__Ic0_scale,0,1.66666666666667,0.0946088499436026,0.0946088499436026
W_boundary_class__Ic0_scale,0,1.75,0.128136231628573,0.128136231628573
W_boundary_class__Ic0_scale,0,1.83333333333333,0.167319520974628,0.167319520974628
W_boundary_class__Ic0_scale,0,1.91666666666667,0.212158717944839,0.212158717944839
W_boundary_class__Ic0_scale,0,2,0.262653822549346,0.262653822549346
W_boundary_class__Ic0_scale,0,2.08333333333333,0.318804834800882,0.318804834800882
W_boundary_class__Ic0_scale,0,2.16666666666667,0.380664080028902,0.380664080028902
W_boundary_class__Ic0_scale,0,2.25,0.450003100378062,0.450003100378062
W_boundary_class__Ic0_scale,0.0833333333333333,0.25,0.813721443180264,0.813721443180264
W_boundary_class__Ic0_scale,0.0833333333333333,0.333333333333333,0.646762390998837,0.646762390998837
W_boundary_class__Ic0_scale,0.0833333333333333,0.416666666666667,0.500129952323509,0.500129952323509
W_boundary_class__Ic0_scale,0.0833333333333333,0.5,0.373824127154281,0.373824127154281
W_boundary_class__Ic0_scale,0.0833333333333333,0.583333333333333,0.267844915491153,0.267844915491153
W_boundary_class__Ic0_scale,0.0833333333333333,0.666666666666667,0.182192317334123,0.182192317334123
W_boundary_class__Ic0_scale,0.0833333333333333,0.75,0.116866332683194,0.116866332683194
W_boundary_class__Ic0_scale,0.0833333333333333,0.833333333333333,0.0718669615383633,0.0718669615383633
W_boundary_class__Ic0_scale,0.0833333333333333,0.916666666666667,0.0442417462742338,0.0442417462742338
W_boundary_class__Ic0_scale,0.0833333333333333,1,0.0254950620986485,0.0254950620986485
W_boundary_class__Ic0_scale,0.0833333333333333,1.08333333333333,0.0147028506115929,0.0147028506115929
W_boundary_class__Ic0_scale,0.0833333333333333,1.16666666666667,0.00985119814882252,0.00985119814882252
W_boundary_class__Ic0_scale,0.0833333333333333,1.25,0.0106554533306807,0.0106554533306807
W_boundary_class__Ic0_scale,0.0833333333333333,1.33333333333333,0.0171156161571674,0.0171156161571674
W_boundary_class__Ic0_scale,0.0833333333333333,1.41666666666667,0.0292316866282379,0.0292316866282379
W_boundary_class__Ic0_scale,0.0833333333333333,1.5,0.0470036647533816,0.0470036647533816
W_boundary_class__Ic0_scale,0.0833333333333333,1.58333333333333,0.0704315505526404,0.0704315505526404
W_boundary_class__Ic0_scale,0.0833333333333333,1.66666666666667,0.0995153440265435,0.0995153440265435
W_boundary_class__Ic0_scale,0.0833333333333333,1.75,0.134255045171392,0.134255045171392
W_boundary_class__Ic0_scale,0.0833333333333333,1.83333333333333,0.174650653944075,0.174650653944075
W_boundary_class__Ic0_scale,0.0833333333333333,1.91666666666667,0.220702170351143,0.220702170351143
W_boundary_class__Ic0_scale,0.0833333333333333,2,0.272409594402715,0.272409594402715
W_boundary_class__Ic0_scale,0.0833333333333333,2.08333333333333,0.329772926094898,0.329772926094898
W_boundary_class__Ic0_scale,0.0833333333333333,2.16666666666667,0.393690997003926,0.393690997003926
W_boundary_class__Ic0_scale,0.0833333333333333,2.25,0.465911055276264,0.465911055276264
W_boundary_class__Ic0_scale,0.166666666666667,0.25,0.72012473471843,0.72012473471843
W_boundary_class__Ic0_scale,0.166666666666667,0.333333333333333,0.565160026880446,0.565160026880446
W_boundary_class__Ic0_scale,0.166666666666667,0.416666666666667,0.430521932548561,0.430521932548561
W_boundary_class__Ic0_scale,0.166666666666667,0.5,0.316210451722776,0.316210451722776
W_boundary_class__Ic0_scale,0.166666666666667,0.583333333333333,0.22222558440309,0.22222558440309
W_boundary_class__Ic0_scale,0.166666666666667,0.666666666666667,0.148567330589503,0.148567330589503
W_boundary_class__Ic0_scale,0.166666666666667,0.75,0.0952356902820168,0.0952356902820168
W_boundary_class__Ic0_scale,0.166666666666667,0.833333333333333,0.0609477253866979,0.0609477253866979
W_boundary_class__Ic0_scale,0.166666666666667,0.916666666666667,0.0367352071052426,0.0367352071052426
W_boundary_class__Ic0_scale,0.166666666666667,1,0.0208350501929393,0.0208350501929393
W_boundary_class__Ic0_scale,0.166666666666667,1.08333333333333,0.0115398095311214,0.0115398095311214
W_boundary_class__Ic0_scale,0.166666666666667,1.16666666666667,0.00790047651393184,0.00790047651393184
W_boundary_class__Ic0_scale,0.166666666666667,1.25,0.00991705114137078,0.00991705114137078
W_boundary_class__Ic0_scale,0.166666666666667,1.33333333333333,0.0175895334133146,0.0175895334133146
W_boundary_class__Ic0_scale,0.166666666666667,1.41666666666667,0.030917923332452,0.030917923332452
W_boundary_class__Ic0_scale,0.166666666666667,1.5,0.0499022209206444,0.0499022209206444
W_boundary_class__Ic0_scale,0.166666666666667,1.58333333333333,0.074542426183481,0.074542426183481
W_boundary_class__Ic0_scale,0.166666666666667,1.66666666666667,0.104838539120962,0.104838539120962
W_boundary_class__Ic0_scale,0.166666666666667,1.75,0.140790559698568,0.140790559698568
W_boundary_class__Ic0_scale,0.166666666666667,1.83333333333333,0.182398487907954,0.182398487907954
W_boundary_class__Ic0_scale,0.166666666666667,1.91666666666667,0.229662323759561,0.229662323759561
W_boundary_class__Ic0_scale,0.166666666666667,2,0.282582067254192,0.282582067254192
W_boundary_class__Ic0_scale,0.166666666666667,2.08333333333333,0.34141519504863,0.34141519504863
W_boundary_class__Ic0_scale,0.166666666666667,2.16666666666667,0.4081694192151,0.4081694192151
W_boundary_class__Ic0_scale,0.166666666666667,2.25,0.483270515410616,0.483270515410616
W_boundary_class__Ic0_scale,0.25,0.25,0.634912264896779,0.634912264896779
W_boundary_class__Ic0_scale,0.25,0.333333333333333,0.491941901402237,0.491941901402237
W_boundary_class__Ic0_scale,0.25,0.416666666666667,0.369298151413795,0.369298151413795
W_boundary_class__Ic0_scale,0.25,0.5,0.266981014931453,0.266981014931453
W_boundary_class__Ic0_scale,0.25,0.583333333333333,0.18499049195521,0.18499049195521
W_boundary_class__Ic0_scale,0.25,0.666666666666667,0.123326582485066,0.123326582485066
W_boundary_class__Ic0_scale,0.25,0.75,0.081690005918003,0.081690005918003
W_boundary_class__Ic0_scale,0.25,0.833333333333333,0.0520116535306777,0.0520116535306777
W_boundary_class__Ic0_scale,0.25,0.916666666666667,0.0306801731724007,0.0306801731724007
W_boundary_class__Ic0_scale,0.25,1,0.0168763906681494,0.0168763906681494
W_boundary_class__Ic0_scale,0.25,1.08333333333333,0.00879346945191225,0.00879346945191225
W_boundary_class__Ic0_scale,0.25,1.16666666666667,0.00636645588030336,0.00636645588030336
W_boundary_class__Ic0_scale,0.25,1.25,0.00959534995332318,0.00959534995332318
W_boundary_class__Ic0_scale,0.25,1.33333333333333,0.0184801516704886,0.0184801516704886
W_boundary_class__Ic0_scale,0.25,1.41666666666667,0.0330208610476141,0.0330208610476141
W_boundary_class__Ic0_scale,0.25,1.5,0.0532174780993843,0.0532174780993843
W_boundary_class__Ic0_scale,0.25,1.58333333333333,0.0790700028257987,0.0790700028257987
W_boundary_class__Ic0_scale,0.25,1.66666666666667,0.110578435208684,0.110578435208684
W_boundary_class__Ic0_scale,0.25,1.75,0.147742775219779,0.147742775219779
W_boundary_class__Ic0_scale,0.25,1.83333333333333,0.190563022871421,0.190563022871421
W_boundary_class__Ic0_scale,0.25,1.91666666666667,0.239039178168213,0.239039178168213
W_boundary_class__Ic0_scale,0.25,2,0.293175694512256,0.293175694512256
W_boundary_class__Ic0_scale,0.25,2.08333333333333,0.354464084572775,0.354464084572775
W_boundary_class__Ic0_scale,0.25,2.16666666666667,0.424099346662423,0.424099346662423
W_boundary_class__Ic0_scale,0.25,2.25,0.502239570013908,0.502239570013908
W_boundary_class__Ic0_scale,0.333333333333333,0.25,0.55808403371531,0.55808403371531
W_boundary_class__Ic0_scale,0.333333333333333,0.333333333333333,0.427108014564211,0.427108014564211
W_boundary_class__Ic0_scale,0.333333333333333,0.416666666666667,0.316458608919212,0.316458608919212
W_boundary_class__Ic0_scale,0.333333333333333,0.5,0.226135816780313,0.226135816780313
W_boundary_class__Ic0_scale,0.333333333333333,0.583333333333333,0.156139638147513,0.156139638147513
W_boundary_class__Ic0_scale,0.333333333333333,0.666666666666667,0.106470073020812,0.106470073020812
W_boundary_class__Ic0_scale,0.333333333333333,0.75,0.0713244013749537,0.0713244013749537
W_boundary_class__Ic0_scale,0.333333333333333,0.833333333333333,0.0445270869108068,0.0445270869108068
W_boundary_class__Ic0_scale,0.333333333333333,0.916666666666667,0.0258609415599069,0.0258609415599069
W_boundary_class__Ic0_scale,0.333333333333333,1,0.0133344321446219,0.0133344321446219
W_boundary_class__Ic0_scale,0.333333333333333,1.08333333333333,0.00646383037396552,0.00646383037396552
W_boundary_class__Ic0_scale,0.333333333333333,1.16666666666667,0.00524913624793752,0.00524913624793752
W_boundary_class__Ic0_scale,0.333333333333333,1.25,0.00969034976574848,0.00969034976574848
W_boundary_class__Ic0_scale,0.333333333333333,1.33333333333333,0.0197874709335502,0.0197874709335502
W_boundary_class__Ic0_scale,0.333333333333333,1.41666666666667,0.0355404997742538,0.0355404997742538
W_boundary_class__Ic0_scale,0.333333333333333,1.5,0.0569494362896014,0.0569494362896014
W_boundary_class__Ic0_scale,0.333333333333333,1.58333333333333,0.0840142804724633,0.0840142804724633
W_boundary_class__Ic0_scale,0.333333333333333,1.66666666666667,0.116735032286619,0.116735032286619
W_boundary_class__Ic0_scale,0.333333333333333,1.75,0.155111691738295,0.155111691738295
W_boundary_class__Ic0_scale,0.333333333333333,1.83333333333333,0.199144258836965,0.199144258836965
W_boundary_class__Ic0_scale,0.333333333333333,1.91666666666667,0.248832733573669,0.248832733573669
W_boundary_class__Ic0_scale,0.333333333333333,2,0.304795051349293,0.304795051349293
W_boundary_class__Ic0_scale,0.333333333333333,2.08333333333333,0.368964479333069,0.368964479333069
W_boundary_class__Ic0_scale,0.333333333333333,2.16666666666667,0.441480779345895,0.441480779345895
W_boundary_class__Ic0_scale,0.333333333333333,2.25,0.523370839088568,0.523370839088568
W_boundary_class__Ic0_scale,0.416666666666667,0.25,0.489640041174023,0.489640041174023
W_boundary_class__Ic0_scale,0.416666666666667,0.333333333333333,0.370658366366368,0.370658366366368
W_boundary_class__Ic0_scale,0.416666666666667,0.416666666666667,0.272003305064812,0.272003305064812
W_boundary_class__Ic0_scale,0.416666666666667,0.5,0.193674857269355,0.193674857269355
W_boundary_class__Ic0_scale,0.416666666666667,0.583333333333333,0.135673022979998,0.135673022979998
W_boundary_class__Ic0_scale,0.416666666666667,0.666666666666667,0.0946734506380707,0.0946734506380707
W_boundary_class__Ic0_scale,0.416666666666667,0.75,0.0624103020680539,0.0624103020680539
W_boundary_class__Ic0_scale,0.416666666666667,0.833333333333333,0.0384934622063934,0.0384934622063934
W_boundary_class__Ic0_scale,0.416666666666667,0.916666666666667,0.021523364592061,0.021523364592061
W_boundary_class__Ic0_scale,0.416666666666667,1,0.0102091746223568,0.0102091746223568
W_boundary_class__Ic0_scale,0.416666666666667,1.08333333333333,0.00455089229728118,0.00455089229728118
W_boundary_class__Ic0_scale,0.416666666666667,1.16666666666667,0.00454851761604656,0.00454851761604656
W_boundary_class__Ic0_scale,0.416666666666667,1.25,0.0102020505784524,0.0102020505784524
W_boundary_class__Ic0_scale,0.416666666666667,1.33333333333333,0.021511491208089,0.021511491208089
W_boundary_class__Ic0_scale,0.416666666666667,1.41666666666667,0.0384768395123703,0.0384768395123703
W_boundary_class__Ic0_scale,0.416666666666667,1.5,0.0610980954911731,0.0610980954911731
W_boundary_class__Ic0_scale,0.416666666666667,1.58333333333333,0.0893752591068368,0.0893752591068368
W_boundary_class__Ic0_scale,0.416666666666667,1.66666666666667,0.123308330360184,0.123308330360184
W_boundary_class__Ic0_scale,0.416666666666667,1.75,0.162897309258925,0.162897309258925
W_boundary_class__Ic0_scale,0.416666666666667,1.83333333333333,0.208142195796274,0.208142195796274
W_boundary_class__Ic0_scale,0.416666666666667,1.91666666666667,0.25916231954465,0.25916231954465
W_boundary_class__Ic0_scale,0.416666666666667,2,0.317865913422557,0.317865913422557
W_boundary_class__Ic0_scale,0.416666666666667,2.08333333333333,0.384916379329512,0.384916379329512
W_boundary_class__Ic0_scale,0.416666666666667,2.16666666666667,0.460429679925705,0.460429679925705
W_boundary_class__Ic0_scale,0.416666666666667,2.25,0.546711910286768,0.546711910286768
W_boundary_class__Ic0_scale,0.5,0.25,0.429580287272919,0.429580287272919
W_boundary_class__Ic0_scale,0.5,0.333333333333333,0.322592956808707,0.322592956808707
W_boundary_class__Ic0_scale,0.5,0.416666666666667,0.235932239850593,0.235932239850593
W_boundary_class__Ic0_scale,0.5,0.5,0.16959813639858,0.16959813639858
W_boundary_class__Ic0_scale,0.5,0.583333333333333,0.122058801320029,0.122058801320029
W_boundary_class__Ic0_scale,0.5,0.666666666666667,0.084329818644142,0.084329818644142
W_boundary_class__Ic0_scale,0.5,0.75,0.0549477079973032,0.0549477079973032
W_boundary_class__Ic0_scale,0.5,0.833333333333333,0.0333602667942293,0.0333602667942293
W_boundary_class__Ic0_scale,0.5,0.916666666666667,0.0176024886254775,0.0176024886254775
W_boundary_class__Ic0_scale,0.5,1,0.00750061810135404,0.00750061810135404
W_boundary_class__Ic0_scale,0.5,1.08333333333333,0.00305465522121486,0.00305465522121486
W_boundary_class__Ic0_scale,0.5,1.16666666666667,0.00426459998232054,0.00426459998232054
W_boundary_class__Ic0_scale,0.5,1.25,0.0111304524008906,0.0111304524008906
W_boundary_class__Ic0_scale,0.5,1.33333333333333,0.0236522124941051,0.0236522124941051
W_boundary_class__Ic0_scale,0.5,1.41666666666667,0.0418298802619639,0.0418298802619639
W_boundary_class__Ic0_scale,0.5,1.5,0.0656634556820378,0.0656634556820378
W_boundary_class__Ic0_scale,0.5,1.58333333333333,0.0951529387370865,0.0951529387370865
W_boundary_class__Ic0_scale,0.5,1.66666666666667,0.130298329434022,0.130298329434022
W_boundary_class__Ic0_scale,0.5,1.75,0.171099627772702,0.171099627772702
W_boundary_class__Ic0_scale,0.5,1.83333333333333,0.217556833752314,0.217556833752314
W_boundary_class__Ic0_scale,0.5,1.91666666666667,0.270803648930886,0.270803648930886
W_boundary_class__Ic0_scale,0.5,2,0.332388280731972,0.332388280731972
W_boundary_class__Ic0_scale,0.5,2.08333333333333,0.402319784562105,0.402319784562105
W_boundary_class__Ic0_scale,0.5,2.16666666666667,0.481512638009942,0.481512638009942
W_boundary_class__Ic0_scale,0.5,2.25,0.57226278360851,0.57226278360851
W_boundary_class__Ic0_scale,0.583333333333333,0.25,0.377904772011998,0.377904772011998
W_boundary_class__Ic0_scale,0.583333333333333,0.333333333333333,0.282911785891229,0.282911785891229
W_boundary_class__Ic0_scale,0.583333333333333,0.416666666666667,0.208245413276558,0.208245413276558
W_boundary_class__Ic0_scale,0.583333333333333,0.5,0.153480453420828,0.153480453420828
W_boundary_class__Ic0_scale,0.583333333333333,0.583333333333333,0.110285636639071,0.110285636639071
W_boundary_class__Ic0_scale,0.583333333333333,0.666666666666667,0.0754376918863624,0.0754376918863624
W_boundary_class__Ic0_scale,0.583333333333333,0.75,0.048845138751127,0.048845138751127
W_boundary_class__Ic0_scale,0.583333333333333,0.833333333333333,0.0286437723833274,0.0286437723833274
W_boundary_class__Ic0_scale,0.583333333333333,0.916666666666667,0.0140983136601564,0.0140983136601564
W_boundary_class__Ic0_scale,0.583333333333333,1,0.00520876258139737,0.00520876258139737
W_boundary_class__Ic0_scale,0.583333333333333,1.08333333333333,0.00197511914506364,0.00197511914506364
W_boundary_class__Ic0_scale,0.583333333333333,1.16666666666667,0.00439738335265822,0.00439738335265822
W_boundary_class__Ic0_scale,0.583333333333333,1.25,0.012475555234806,0.012475555234806
W_boundary_class__Ic0_scale,0.583333333333333,1.33333333333333,0.0262096347915982,0.0262096347915982
W_boundary_class__Ic0_scale,0.583333333333333,1.41666666666667,0.0455996220128621,0.0455996220128621
W_boundary_class__Ic0_scale,0.583333333333333,1.5,0.0706455168674618,0.0706455168674618
W_boundary_class__Ic0_scale,0.583333333333333,1.58333333333333,0.101347319363821,0.101347319363821
W_boundary_class__Ic0_scale,0.583333333333333,1.66666666666667,0.137705029504351,0.137705029504351
W_boundary_class__Ic0_scale,0.583333333333333,1.75,0.179718647284683,0.179718647284683
W_boundary_class__Ic0_scale,0.583333333333333,1.83333333333333,0.227777685858056,0.227777685858056
W_boundary_class__Ic0_scale,0.583333333333333,1.91666666666667,0.283896483553272,0.283896483553272
W_boundary_class__Ic0_scale,0.583333333333333,2,0.348362153277535,0.348362153277535
W_boundary_class__Ic0_scale,0.583333333333333,2.08333333333333,0.421255045421753,0.421255045421753
W_boundary_class__Ic0_scale,0.583333333333333,2.16666666666667,0.50480539821772,0.50480539821772
W_boundary_class__Ic0_scale,0.583333333333333,2.25,0.601256366015684,0.601256366015684
W_boundary_class__Ic0_scale,0.666666666666667,0.25,0.33461349539126,0.33461349539126
W_boundary_class__Ic0_scale,0.666666666666667,0.333333333333333,0.251614853613933,0.251614853613933
W_boundary_class__Ic0_scale,0.666666666666667,0.416666666666667,0.188943557128656,0.188943557128656
W_boundary_class__Ic0_scale,0.666666666666667,0.5,0.140277756052841,0.140277756052841
W_boundary_class__Ic0_scale,0.666666666666667,0.583333333333333,0.0999639771942626,0.0999639771942626
W_boundary_class__Ic0_scale,0.666666666666667,0.666666666666667,0.0679970703647323,0.0679970703647323
W_boundary_class__Ic0_scale,0.666666666666667,0.75,0.0433330258959068,0.0433330258959068
W_boundary_class__Ic0_scale,0.666666666666667,0.833333333333333,0.024343978973688,0.024343978973688
W_boundary_class__Ic0_scale,0.666666666666667,0.916666666666667,0.0110108396960977,0.0110108396960977
W_boundary_class__Ic0_scale,0.666666666666667,1,0.00333360806114583,0.00333360806114583
W_boundary_class__Ic0_scale,0.666666666666667,1.08333333333333,0.00131228406339203,0.00131228406339203
W_boundary_class__Ic0_scale,0.666666666666667,1.16666666666667,0.00494686773447316,0.00494686773447316
W_boundary_class__Ic0_scale,0.666666666666667,1.25,0.0142373590799621,0.0142373590799621
W_boundary_class__Ic0_scale,0.666666666666667,1.33333333333333,0.0291837580949678,0.0291837580949678
W_boundary_class__Ic0_scale,0.666666666666667,1.41666666666667,0.0497860647528413,0.0497860647528413
W_boundary_class__Ic0_scale,0.666666666666667,1.5,0.0760442790491618,0.0760442790491618
W_boundary_class__Ic0_scale,0.666666666666667,1.58333333333333,0.107958400991219,0.107958400991219
W_boundary_class__Ic0_scale,0.666666666666667,1.66666666666667,0.145528430572273,0.145528430572273
W_boundary_class__Ic0_scale,0.666666666666667,1.75,0.188788024204068,0.188788024204068
W_boundary_class__Ic0_scale,0.666666666666667,1.83333333333333,0.239440987793413,0.239440987793413
W_boundary_class__Ic0_scale,0.666666666666667,1.91666666666667,0.298440823411807,0.298440823411807
W_boundary_class__Ic0_scale,0.666666666666667,2,0.365787531059248,0.365787531059248
W_boundary_class__Ic0_scale,0.666666666666667,2.08333333333333,0.442289692515567,0.442289692515567
W_boundary_class__Ic0_scale,0.666666666666667,2.16666666666667,0.531181453131629,0.531181453131629
W_boundary_class__Ic0_scale,0.666666666666667,2.25,0.639456013039755,0.639456013039755
W_boundary_class__Ic0_scale,0.75,0.25,0.299707232077188,0.299707232077188
W_boundary_class__Ic0_scale,0.75,0.333333333333333,0.228987431842073,0.228987431842073
W_boundary_class__Ic0_scale,0.75,0.416666666666667,0.174306176885452,0.174306176885452
W_boundary_class__Ic0_scale,0.75,0.5,0.128526563921004,0.128526563921004
W_boundary_class__Ic0_scale,0.75,0.583333333333333,0.0910938229856032,0.0910938229856032
W_boundary_class__Ic0_scale,0.75,0.666666666666667,0.0616702491632153,0.0616702491632153
W_boundary_class__Ic0_scale,0.75,0.75,0.0382376140419489,0.0382376140419489
W_boundary_class__Ic0_scale,0.75,0.833333333333333,0.0204608865653109,0.0204608865653109
W_boundary_class__Ic0_scale,0.75,0.916666666666667,0.00834006673139171,0.00834006673139171
W_boundary_class__Ic0_scale,0.75,1,0.00187515453309186,0.00187515453309186
W_boundary_class__Ic0_scale,0.75,1.08333333333333,0.00106614999329609,0.00106614999329609
W_boundary_class__Ic0_scale,0.75,1.16666666666667,0.00591305312590364,0.00591305312590364
W_boundary_class__Ic0_scale,0.75,1.25,0.0164158639284194,0.0164158639284194
W_boundary_class__Ic0_scale,0.75,1.33333333333333,0.0325745823920198,0.0325745823920198
W_boundary_class__Ic0_scale,0.75,1.41666666666667,0.0543892084900433,0.0543892084900433
W_boundary_class__Ic0_scale,0.75,1.5,0.081859742232159,0.081859742232159
W_boundary_class__Ic0_scale,0.75,1.58333333333333,0.114986183615083,0.114986183615083
W_boundary_class__Ic0_scale,0.75,1.66666666666667,0.153768532640703,0.153768532640703
W_boundary_class__Ic0_scale,0.75,1.75,0.199021793452395,0.199021793452395
W_boundary_class__Ic0_scale,0.75,1.83333333333333,0.252555794964919,0.252555794964919
W_boundary_class__Ic0_scale,0.75,1.91666666666667,0.31443666850649,0.31443666850649
W_boundary_class__Ic0_scale,0.75,2,0.384715666502053,0.384715666502053
W_boundary_class__Ic0_scale,0.75,2.08333333333333,0.466109999707009,0.466109999707009
W_boundary_class__Ic0_scale,0.75,2.16666666666667,0.566432028237306,0.566432028237306
W_boundary_class__Ic0_scale,0.75,2.25,0.687421512838651,0.687421512838651
W_boundary_class__Ic0_scale,0.833333333333333,0.25,0.274010192050731,0.274010192050731
W_boundary_class__Ic0_scale,0.833333333333333,0.333333333333333,0.212387497922048,0.212387497922048
W_boundary_class__Ic0_scale,0.833333333333333,0.416666666666667,0.161125452066586,0.161125452066586
W_boundary_class__Ic0_scale,0.833333333333333,0.5,0.118226877025315,0.118226877025315
W_boundary_class__Ic0_scale,0.833333333333333,0.583333333333333,0.0836554421852534,0.0836554421852534
W_boundary_class__Ic0_scale,0.833333333333333,0.666666666666667,0.0557792188649391,0.0557792188649391
W_boundary_class__Ic0_scale,0.833333333333333,0.75,0.0335589031892535,0.0335589031892535
W_boundary_class__Ic0_scale,0.833333333333333,0.833333333333333,0.0169944951566517,0.0169944951566517
W_boundary_class__Ic0_scale,0.833333333333333,0.916666666666667,0.00608599476338911,0.00608599476338911
W_boundary_class__Ic0_scale,0.833333333333333,1,0.000833402013598536,0.000833402013598536
W_boundary_class__Ic0_scale,0.833333333333333,1.08333333333333,0.00123671693371616,0.00123671693371616
W_boundary_class__Ic0_scale,0.833333333333333,1.16666666666667,0.00729593952374193,0.00729593952374193
W_boundary_class__Ic0_scale,0.833333333333333,1.25,0.0190110697836759,0.0190110697836759
W_boundary_class__Ic0_scale,0.833333333333333,1.33333333333333,0.036382107686466,0.036382107686466
W_boundary_class__Ic0_scale,0.833333333333333,1.41666666666667,0.0594090532283674,0.0594090532283674
W_boundary_class__Ic0_scale,0.833333333333333,1.5,0.0880919064131138,0.0880919064131138
W_boundary_class__Ic0_scale,0.833333333333333,1.58333333333333,0.122430667239455,0.122430667239455
W_boundary_class__Ic0_scale,0.833333333333333,1.66666666666667,0.162638900530218,0.162638900530218
W_boundary_class__Ic0_scale,0.833333333333333,1.75,0.210707067936872,0.210707067936872
W_boundary_class__Ic0_scale,0.833333333333333,1.83333333333333,0.267122107372574,0.267122107372574
W_boundary_class__Ic0_scale,0.833333333333333,1.91666666666667,0.331884018837323,0.331884018837323
W_boundary_class__Ic0_scale,0.833333333333333,2,0.406042005741827,0.406042005741827
W_boundary_class__Ic0_scale,0.833333333333333,2.08333333333333,0.498331285038334,0.498331285038334
W_boundary_class__Ic0_scale,0.833333333333333,2.16666666666667,0.610996928285503,0.610996928285503
W_boundary_class__Ic0_scale,0.833333333333333,2.25,0.743989185038769,0.743989185038769
W_boundary_class__Ic0_scale,0.916666666666667,0.25,0.255114578425351,0.255114578425351
W_boundary_class__Ic0_scale,0.916666666666667,0.333333333333333,0.197760641631009,0.197760641631009
W_boundary_class__Ic0_scale,0.916666666666667,0.416666666666667,0.149396232483868,0.149396232483868
W_boundary_class__Ic0_scale,0.916666666666667,0.5,0.109378695365776,0.109378695365776
W_boundary_class__Ic0_scale,0.916666666666667,0.583333333333333,0.0769687934426587,0.0769687934426587
W_boundary_class__Ic0_scale,0.916666666666667,0.666666666666667,0.0503048895679252,0.0503048895679252
W_boundary_class__Ic0_scale,0.916666666666667,0.75,0.0292968933376823,0.0292968933376823
W_boundary_class__Ic0_scale,0.916666666666667,0.833333333333333,0.0139448047502393,0.0139448047502393
W_boundary_class__Ic0_scale,0.916666666666667,0.916666666666667,0.00424862379577196,0.00424862379577196
W_boundary_class__Ic0_scale,0.916666666666667,1,0.000208350503399633,0.000208350503399633
W_boundary_class__Ic0_scale,0.916666666666667,1.08333333333333,0.00182398488093549,0.00182398488093549
W_boundary_class__Ic0_scale,0.916666666666667,1.16666666666667,0.00909552692837951,0.00909552692837951
W_boundary_class__Ic0_scale,0.916666666666667,1.25,0.0220229766384301,0.0220229766384301
W_boundary_class__Ic0_scale,0.916666666666667,1.33333333333333,0.0406063339801167,0.0406063339801167
W_boundary_class__Ic0_scale,0.916666666666667,1.41666666666667,0.0648455989663645,0.0648455989663645
W_boundary_class__Ic0_scale,0.916666666666667,1.5,0.0947407715934267,0.0947407715934267
W_boundary_class__Ic0_scale,0.916666666666667,1.58333333333333,0.130292309029004,0.130292309029004
W_boundary_class__Ic0_scale,0.916666666666667,1.66666666666667,0.172894642327666,0.172894642327666
W_boundary_class__Ic0_scale,0.916666666666667,1.75,0.223843847657497,0.223843847657497
W_boundary_class__Ic0_scale,0.916666666666667,1.83333333333333,0.283139925016378,0.283139925016378
W_boundary_class__Ic0_scale,0.916666666666667,1.91666666666667,0.350954372528828,0.350954372528828
W_boundary_class__Ic0_scale,0.916666666666667,2,0.434961133107239,0.434961133107239
W_boundary_class__Ic0_scale,0.916666666666667,2.08333333333333,0.53929450719175,0.53929450719175
W_boundary_class__Ic0_scale,0.916666666666667,2.16666666666667,0.663954494782361,0.663954494782361
W_boundary_class__Ic0_scale,0.916666666666667,2.25,0.80894109587907,0.80894109587907
W_boundary_class__Ic0_scale,1,0.25,0.238466694299691,0.238466694299691
W_boundary_class__Ic0_scale,1,0.333333333333333,0.184601889361262,0.184601889361262
W_boundary_class__Ic0_scale,1,0.416666666666667,0.1391185181373,0.1391185181373
W_boundary_class__Ic0_scale,1,0.5,0.101806337775108,0.101806337775108
W_boundary_class__Ic0_scale,1,0.583333333333333,0.0706988457026188,0.0706988457026188
W_boundary_class__Ic0_scale,1,0.666666666666667,0.0452472612748355,0.0452472612748355
W_boundary_class__Ic0_scale,1,0.75,0.0254515844874075,0.0254515844874075
W_boundary_class__Ic0_scale,1,0.833333333333333,0.0113118153398164,0.0113118153398164
W_boundary_class__Ic0_scale,1,0.916666666666667,0.00282795383495409,0.00282795383495409
W_boundary_class__Ic0_scale,1,1,0,0
W_boundary_class__Ic0_scale,1,1.08333333333333,0.0028279538349541,0.0028279538349541
W_boundary_class__Ic0_scale,1,1.16666666666667,0.0113118153398163,0.0113118153398163
W_boundary_class__Ic0_scale,1,1.25,0.0254515844874075,0.0254515844874075
W_boundary_class__Ic0_scale,1,1.33333333333333,0.0452472612748354,0.0452472612748354
W_boundary_class__Ic0_scale,1,1.41666666666667,0.0706988457026188,0.0706988457026188
W_boundary_class__Ic0_scale,1,1.5,0.101806337775108,0.101806337775108
W_boundary_class__Ic0_scale,1,1.58333333333333,0.1391185181373,0.1391185181373
W_boundary_class__Ic0_scale,1,1.66666666666667,0.184601889361262,0.184601889361262
W_boundary_class__Ic0_scale,1,1.75,0.238432132614272,0.238432132614272
W_boundary_class__Ic0_scale,1,1.83333333333333,0.300609247896331,0.300609247896331
W_boundary_class__Ic0_scale,1,1.91666666666667,0.37631314463554,0.37631314463554
W_boundary_class__Ic0_scale,1,2,0.472314249557394,0.472314249557394
W_boundary_class__Ic0_scale,1,2.08333333333333,0.588641967985347,0.588641967985347
W_boundary_class__Ic0_scale,1,2.16666666666667,0.725296299919401,0.725296299919401
W_boundary_class__Ic0_scale,1,2.25,0.882277245359553,0.882277245359553
W_boundary_class__Ic0_scale,1.08333333333333,0.25,0.223843847657497,0.223843847657497
W_boundary_class__Ic0_scale,1.08333333333333,0.333333333333333,0.172894642327666,0.172894642327666
W_boundary_class__Ic0_scale,1.08333333333333,0.416666666666667,0.130292309029004,0.130292309029004
W_boundary_class__Ic0_scale,1.08333333333333,0.5,0.0947407715934265,0.0947407715934265
W_boundary_class__Ic0_scale,1.08333333333333,0.583333333333333,0.0648455989663644,0.0648455989663644
W_boundary_class__Ic0_scale,1.08333333333333,0.666666666666667,0.0406063339801167,0.0406063339801167
W_boundary_class__Ic0_scale,1.08333333333333,0.75,0.0220229766384301,0.0220229766384301
W_boundary_class__Ic0_scale,1.08333333333333,0.833333333333333,0.00909552692837951,0.00909552692837951
W_boundary_class__Ic0_scale,1.08333333333333,0.916666666666667,0.00182398488093549,0.00182398488093549
W_boundary_class__Ic0_scale,1.08333333333333,1,0.000208350503399632,0.000208350503399632
W_boundary_class__Ic0_scale,1.08333333333333,1.08333333333333,0.00424862379577197,0.00424862379577197
W_boundary_class__Ic0_scale,1.08333333333333,1.16666666666667,0.0139448047502393,0.0139448047502393
W_boundary_class__Ic0_scale,1.08333333333333,1.25,0.0292968933376824,0.0292968933376824
W_boundary_class__Ic0_scale,1.08333333333333,1.33333333333333,0.0503048895679253,0.0503048895679253
W_boundary_class__Ic0_scale,1.08333333333333,1.41666666666667,0.0769687934426588,0.0769687934426588
W_boundary_class__Ic0_scale,1.08333333333333,1.5,0.109378695365776,0.109378695365776
W_boundary_class__Ic0_scale,1.08333333333333,1.58333333333333,0.149396232483868,0.149396232483868
W_boundary_class__Ic0_scale,1.08333333333333,1.66666666666667,0.197760641631009,0.197760641631009
W_boundary_class__Ic0_scale,1.08333333333333,1.75,0.254471922807196,0.254471922807196
W_boundary_class__Ic0_scale,1.08333333333333,1.83333333333333,0.322387319623236,0.322387319623236
W_boundary_class__Ic0_scale,1.08333333333333,1.91666666666667,0.410056155382434,0.410056155382434
W_boundary_class__Ic0_scale,1.08333333333333,2,0.518051604647731,0.518051604647731
W_boundary_class__Ic0_scale,1.08333333333333,2.08333333333333,0.646373667419127,0.646373667419127
W_boundary_class__Ic0_scale,1.08333333333333,2.16666666666667,0.795022343696624,0.795022343696624
W_boundary_class__Ic0_scale,1.08333333333333,2.25,0.963997633480219,0.963997633480219
W_boundary_class__Ic0_scale,1.16666666666667,0.25,0.210707067936871,0.210707067936871
W_boundary_class__Ic0_scale,1.16666666666667,0.333333333333333,0.162638900530218,0.162638900530218
W_boundary_class__Ic0_scale,1.16666666666667,0.416666666666667,0.122430667239455,0.122430667239455
W_boundary_class__Ic0_scale,1.16666666666667,0.5,0.0880919064131138,0.0880919064131138
W_boundary_class__Ic0_scale,1.16666666666667,0.583333333333333,0.0594090532283673,0.0594090532283673
W_boundary_class__Ic0_scale,1.16666666666667,0.666666666666667,0.036382107686466,0.036382107686466
W_boundary_class__Ic0_scale,1.16666666666667,0.75,0.0190110697836759,0.0190110697836759
W_boundary_class__Ic0_scale,1.16666666666667,0.833333333333333,0.00729593952374195,0.00729593952374195
W_boundary_class__Ic0_scale,1.16666666666667,0.916666666666667,0.00123671693371614,0.00123671693371614
W_boundary_class__Ic0_scale,1.16666666666667,1,0.000833402013598533,0.000833402013598533
W_boundary_class__Ic0_scale,1.16666666666667,1.08333333333333,0.00608599476338911,0.00608599476338911
W_boundary_class__Ic0_scale,1.16666666666667,1.16666666666667,0.0169944951566518,0.0169944951566518
W_boundary_class__Ic0_scale,1.16666666666667,1.25,0.0335589031892534,0.0335589031892534
W_boundary_class__Ic0_scale,1.16666666666667,1.33333333333333,0.0557792188649391,0.0557792188649391
W_boundary_class__Ic0_scale,1.16666666666667,1.41666666666667,0.0836554421852534,0.0836554421852534
W_boundary_class__Ic0_scale,1.16666666666667,1.5,0.118226877025315,0.118226877025315
W_boundary_class__Ic0_scale,1.16666666666667,1.58333333333333,0.161125452066586,0.161125452066586
W_boundary_class__Ic0_scale,1.16666666666667,1.66666666666667,0.212370899136904,0.212370899136904
W_boundary_class__Ic0_scale,1.16666666666667,1.75,0.27318365807033,0.27318365807033
W_boundary_class__Ic0_scale,1.16666666666667,1.83333333333333,0.352520224666871,0.352520224666871
W_boundary_class__Ic0_scale,1.16666666666667,1.91666666666667,0.452183404769511,0.452183404769511
W_boundary_class__Ic0_scale,1.16666666666667,2,0.572173198378251,0.572173198378251
W_boundary_class__Ic0_scale,1.16666666666667,2.08333333333333,0.71248960549309,0.71248960549309
W_boundary_class__Ic0_scale,1.16666666666667,2.16666666666667,0.87313262611403,0.87313262611403
W_boundary_class__Ic0_scale,1.16666666666667,2.25,1.05410226024107,1.05410226024107
W_boundary_class__Ic0_scale,1.25,0.25,0.199021793452395,0.199021793452395
W_boundary_class__Ic0_scale,1.25,0.333333333333333,0.153768532640703,0.153768532640703
W_boundary_class__Ic0_scale,1.25,0.416666666666667,0.114986183615083,0.114986183615083
W_boundary_class__Ic0_scale,1.25,0.5,0.081859742232159,0.081859742232159
W_boundary_class__Ic0_scale,1.25,0.583333333333333,0.0543892084900433,0.0543892084900433
W_boundary_class__Ic0_scale,1.25,0.666666666666667,0.0325745823920199,0.0325745823920199
W_boundary_class__Ic0_scale,1.25,0.75,0.0164158639284194,0.0164158639284194
W_boundary_class__Ic0_scale,1.25,0.833333333333333,0.00591305312590363,0.00591305312590363
W_boundary_class__Ic0_scale,1.25,0.916666666666667,0.00106614999329607,0.00106614999329607
W_boundary_class__Ic0_scale,1.25,1,0.00187515453309187,0.00187515453309187
W_boundary_class__Ic0_scale,1.25,1.08333333333333,0.00834006673139171,0.00834006673139171
W_boundary_class__Ic0_scale,1.25,1.16666666666667,0.0204608865653109,0.0204608865653109
W_boundary_class__Ic0_scale,1.25,1.25,0.0382376140419489,0.0382376140419489
W_boundary_class__Ic0_scale,1.25,1.33333333333333,0.0616702491632153,0.0616702491632153
W_boundary_class__Ic0_scale,1.25,1.41666666666667,0.0910938229856033,0.0910938229856033
W_boundary_class__Ic0_scale,1.25,1.5,0.128526563921003,0.128526563921003
W_boundary_class__Ic0_scale,1.25,1.58333333333333,0.174306176885452,0.174306176885452
W_boundary_class__Ic0_scale,1.25,1.66666666666667,0.228702159976819,0.228702159976819
W_boundary_class__Ic0_scale,1.25,1.75,0.299706457410704,0.299706457410704
W_boundary_class__Ic0_scale,1.25,1.83333333333333,0.391037368350687,0.391037368350687
W_boundary_class__Ic0_scale,1.25,1.91666666666667,0.50269489279677,0.50269489279677
W_boundary_class__Ic0_scale,1.25,2,0.634679030748953,0.634679030748953
W_boundary_class__Ic0_scale,1.25,2.08333333333333,0.786989782207235,0.786989782207235
W_boundary_class__Ic0_scale,1.25,2.16666666666667,0.959627147171618,0.959627147171618
W_boundary_class__Ic0_scale,1.25,2.25,1.1525911256421,1.1525911256421
W_boundary_class__Ic0_scale,1.33333333333333,0.25,0.188788024204068,0.188788024204068
W_boundary_class__Ic0_scale,1.33333333333333,0.333333333333333,0.145528430572273,0.145528430572273
W_boundary_class__Ic0_scale,1.33333333333333,0.416666666666667,0.107958400991219,0.107958400991219
W_boundary_class__Ic0_scale,1.33333333333333,0.5,0.0760442790491617,0.0760442790491617
W_boundary_class__Ic0_scale,1.33333333333333,0.583333333333333,0.0497860647528414,0.0497860647528414
W_boundary_class__Ic0_scale,1.33333333333333,0.666666666666667,0.0291837580949678,0.0291837580949678
W_boundary_class__Ic0_scale,1.33333333333333,0.75,0.0142373590799621,0.0142373590799621
W_boundary_class__Ic0_scale,1.33333333333333,0.833333333333333,0.00494686773447314,0.00494686773447314
W_boundary_class__Ic0_scale,1.33333333333333,0.916666666666667,0.001312284063392,0.001312284063392
W_boundary_class__Ic0_scale,1.33333333333333,1,0.00333360806114578,0.00333360806114578
W_boundary_class__Ic0_scale,1.33333333333333,1.08333333333333,0.0110108396960977,0.0110108396960977
W_boundary_class__Ic0_scale,1.33333333333333,1.16666666666667,0.024343978973688,0.024343978973688
W_boundary_class__Ic0_scale,1.33333333333333,1.25,0.0433330258959068,0.0433330258959068
W_boundary_class__Ic0_scale,1.33333333333333,1.33333333333333,0.0679970703647323,0.0679970703647323
W_boundary_class__Ic0_scale,1.33333333333333,1.41666666666667,0.0999639771942625,0.0999639771942625
W_boundary_class__Ic0_scale,1.33333333333333,1.5,0.140277756052841,0.140277756052841
W_boundary_class__Ic0_scale,1.33333333333333,1.58333333333333,0.188938406940468,0.188938406940468
W_boundary_class__Ic0_scale,1.33333333333333,1.66666666666667,0.251614853613933,0.251614853613933
W_boundary_class__Ic0_scale,1.33333333333333,1.75,0.33461349539126,0.33461349539126
W_boundary_class__Ic0_scale,1.33333333333333,1.83333333333333,0.437938750674686,0.437938750674686
W_boundary_class__Ic0_scale,1.33333333333333,1.91666666666667,0.561590619464212,0.561590619464212
W_boundary_class__Ic0_scale,1.33333333333333,2,0.705569101759838,0.705569101759838
W_boundary_class__Ic0_scale,1.33333333333333,2.08333333333333,0.869874197561562,0.869874197561562
W_boundary_class__Ic0_scale,1.33333333333333,2.16666666666667,1.05450590686939,1.05450590686939
W_boundary_class__Ic0_scale,1.33333333333333,2.25,1.25946422968331,1.25946422968331
W_boundary_class__Ic0_scale,1.41666666666667,0.25,0.179718647284683,0.179718647284683
W_boundary_class__Ic0_scale,1.41666666666667,0.333333333333333,0.137705029504351,0.137705029504351
W_boundary_class__Ic0_scale,1.41666666666667,0.416666666666667,0.101347319363821,0.101347319363821
W_boundary_class__Ic0_scale,1.41666666666667,0.5,0.0706455168674619,0.0706455168674619
W_boundary_class__Ic0_scale,1.41666666666667,0.583333333333333,0.045599622012862,0.045599622012862
W_boundary_class__Ic0_scale,1.41666666666667,0.666666666666667,0.0262096347915983,0.0262096347915983
W_boundary_class__Ic0_scale,1.41666666666667,0.75,0.0124755552348061,0.0124755552348061
W_boundary_class__Ic0_scale,1.41666666666667,0.833333333333333,0.00439738335265828,0.00439738335265828
W_boundary_class__Ic0_scale,1.41666666666667,0.916666666666667,0.00197511914506365,0.00197511914506365
W_boundary_class__Ic0_scale,1.41666666666667,1,0.00520876258139739,0.00520876258139739
W_boundary_class__Ic0_scale,1.41666666666667,1.08333333333333,0.0140983136601564,0.0140983136601564
W_boundary_class__Ic0_scale,1.41666666666667,1.16666666666667,0.0286437723833275,0.0286437723833275
W_boundary_class__Ic0_scale,1.41666666666667,1.25,0.048845138751127,0.048845138751127
W_boundary_class__Ic0_scale,1.41666666666667,1.33333333333333,0.0754376918863624,0.0754376918863624
W_boundary_class__Ic0_scale,1.41666666666667,1.41666666666667,0.110285636639071,0.110285636639071
W_boundary_class__Ic0_scale,1.41666666666667,1.5,0.153480453420828,0.153480453420828
W_boundary_class__Ic0_scale,1.41666666666667,1.58333333333333,0.208245413276558,0.208245413276558
W_boundary_class__Ic0_scale,1.41666666666667,1.66666666666667,0.282911785891229,0.282911785891229
W_boundary_class__Ic0_scale,1.41666666666667,1.75,0.377904772011999,0.377904772011999
W_boundary_class__Ic0_scale,1.41666666666667,1.83333333333333,0.493224371638868,0.493224371638868
W_boundary_class__Ic0_scale,1.41666666666667,1.91666666666667,0.628870584771837,0.628870584771837
W_boundary_class__Ic0_scale,1.41666666666667,2,0.784843411410906,0.784843411410906
W_boundary_class__Ic0_scale,1.41666666666667,2.08333333333333,0.961142851556073,0.961142851556073
W_boundary_class__Ic0_scale,1.41666666666667,2.16666666666667,1.15776890520734,1.15776890520734
W_boundary_class__Ic0_scale,1.41666666666667,2.25,1.37472157236471,1.37472157236471
W_boundary_class__Ic0_scale,1.5,0.25,0.171099627772702,0.171099627772702
W_boundary_class__Ic0_scale,1.5,0.333333333333333,0.130298329434022,0.130298329434022
W_boundary_class__Ic0_scale,1.5,0.416666666666667,0.0951529387370865,0.0951529387370865
W_boundary_class__Ic0_scale,1.5,0.5,0.0656634556820379,0.0656634556820379
W_boundary_class__Ic0_scale,1.5,0.583333333333333,0.041829880261964,0.041829880261964
W_boundary_class__Ic0_scale,1.5,0.666666666666667,0.0236522124941051,0.0236522124941051
W_boundary_class__Ic0_scale,1.5,0.75,0.0111304524008906,0.0111304524008906
W_boundary_class__Ic0_scale,1.5,0.833333333333333,0.00426459998232056,0.00426459998232056
W_boundary_class__Ic0_scale,1.5,0.916666666666667,0.00305465522121484,0.00305465522121484
W_boundary_class__Ic0_scale,1.5,1,0.00750061810135408,0.00750061810135408
W_boundary_class__Ic0_scale,1.5,1.08333333333333,0.0176024886254776,0.0176024886254776
W_boundary_class__Ic0_scale,1.5,1.16666666666667,0.0333602667942294,0.0333602667942294
W_boundary_class__Ic0_scale,1.5,1.25,0.0549477079973032,0.0549477079973032
W_boundary_class__Ic0_scale,1.5,1.33333333333333,0.0843298186441419,0.0843298186441419
W_boundary_class__Ic0_scale,1.5,1.41666666666667,0.122058801320029,0.122058801320029
W_boundary_class__Ic0_scale,1.5,1.5,0.16959813639858,0.16959813639858
W_boundary_class__Ic0_scale,1.5,1.58333333333333,0.235932239850593,0.235932239850593
W_boundary_class__Ic0_scale,1.5,1.66666666666667,0.322592956808707,0.322592956808707
W_boundary_class__Ic0_scale,1.5,1.75,0.42958028727292,0.42958028727292
W_boundary_class__Ic0_scale,1.5,1.83333333333333,0.556894231243232,0.556894231243232
W_boundary_class__Ic0_scale,1.5,1.91666666666667,0.704534788719644,0.704534788719644
W_boundary_class__Ic0_scale,1.5,2,0.872501959702155,0.872501959702155
W_boundary_class__Ic0_scale,1.5,2.08333333333333,1.06079574419076,1.06079574419076
W_boundary_class__Ic0_scale,1.5,2.16666666666667,1.26941614218548,1.26941614218548
W_boundary_class__Ic0_scale,1.5,2.25,1.49836315368629,1.49836315368629
W_boundary_class__Ic0_scale,1.58333333333333,0.25,0.162897309258925,0.162897309258925
W_boundary_class__Ic0_scale,1.58333333333333,0.333333333333333,0.123308330360184,0.123308330360184
W_boundary_class__Ic0_scale,1.58333333333333,0.416666666666667,0.0893752591068368,0.0893752591068368
W_boundary_class__Ic0_scale,1.58333333333333,0.5,0.061098095491173,0.061098095491173
W_boundary_class__Ic0_scale,1.58333333333333,0.583333333333333,0.0384768395123701,0.0384768395123701
W_boundary_class__Ic0_scale,1.58333333333333,0.666666666666667,0.021511491208089,0.021511491208089
W_boundary_class__Ic0_scale,1.58333333333333,0.75,0.0102020505784524,0.0102020505784524
W_boundary_class__Ic0_scale,1.58333333333333,0.833333333333333,0.00454851761604652,0.00454851761604652
W_boundary_class__Ic0_scale,1.58333333333333,0.916666666666667,0.00455089229728111,0.00455089229728111
W_boundary_class__Ic0_scale,1.58333333333333,1,0.0102091746223569,0.0102091746223569
W_boundary_class__Ic0_scale,1.58333333333333,1.08333333333333,0.0215233645920609,0.0215233645920609
W_boundary_class__Ic0_scale,1.58333333333333,1.16666666666667,0.0384934622063935,0.0384934622063935
W_boundary_class__Ic0_scale,1.58333333333333,1.25,0.0624103020680539,0.0624103020680539
W_boundary_class__Ic0_scale,1.58333333333333,1.33333333333333,0.0946734506380708,0.0946734506380708
W_boundary_class__Ic0_scale,1.58333333333333,1.41666666666667,0.135673022979998,0.135673022979998
W_boundary_class__Ic0_scale,1.58333333333333,1.5,0.193674857269355,0.193674857269355
W_boundary_class__Ic0_scale,1.58333333333333,1.58333333333333,0.272003305064811,0.272003305064811
W_boundary_class__Ic0_scale,1.58333333333333,1.66666666666667,0.370658366366368,0.370658366366368
W_boundary_class__Ic0_scale,1.58333333333333,1.75,0.489640041174024,0.489640041174024
W_boundary_class__Ic0_scale,1.58333333333333,1.83333333333333,0.628948329487779,0.628948329487779
W_boundary_class__Ic0_scale,1.58333333333333,1.91666666666667,0.788583231307633,0.788583231307633
W_boundary_class__Ic0_scale,1.58333333333333,2,0.968544746633587,0.968544746633587
W_boundary_class__Ic0_scale,1.58333333333333,2.08333333333333,1.16883287546564,1.16883287546564
W_boundary_class__Ic0_scale,1.58333333333333,2.16666666666667,1.38944761780379,1.38944761780379
W_boundary_class__Ic0_scale,1.58333333333333,2.25,1.63038897364805,1.63038897364805
W_boundary_class__Ic0_scale,1.66666666666667,0.25,0.155111691738295,0.155111691738295
W_boundary_class__Ic0_scale,1.66666666666667,0.333333333333333,0.116735032286619,0.116735032286619
W_boundary_class__Ic0_scale,1.66666666666667,0.416666666666667,0.0840142804724635,0.0840142804724635
W_boundary_class__Ic0_scale,1.66666666666667,0.5,0.0569494362896014,0.0569494362896014
W_boundary_class__Ic0_scale,1.66666666666667,0.583333333333333,0.0355404997742536,0.0355404997742536
W_boundary_class__Ic0_scale,1.66666666666667,0.666666666666667,0.0197874709335501,0.0197874709335501
W_boundary_class__Ic0_scale,1.66666666666667,0.75,0.00969034976574851,0.00969034976574851
W_boundary_class__Ic0_scale,1.66666666666667,0.833333333333333,0.00524913624793755,0.00524913624793755
W_boundary_class__Ic0_scale,1.66666666666667,0.916666666666667,0.00646383037396554,0.00646383037396554
W_boundary_class__Ic0_scale,1.66666666666667,1,0.013334432144622,0.013334432144622
W_boundary_class__Ic0_scale,1.66666666666667,1.08333333333333,0.0258609415599068,0.0258609415599068
W_boundary_class__Ic0_scale,1.66666666666667,1.16666666666667,0.0445270869108068,0.0445270869108068
W_boundary_class__Ic0_scale,1.66666666666667,1.25,0.0713244013749538,0.0713244013749538
W_boundary_class__Ic0_scale,1.66666666666667,1.33333333333333,0.106470073020812,0.106470073020812
W_boundary_class__Ic0_scale,1.66666666666667,1.41666666666667,0.156139638147513,0.156139638147513
W_boundary_class__Ic0_scale,1.66666666666667,1.5,0.226135816780313,0.226135816780313
W_boundary_class__Ic0_scale,1.66666666666667,1.58333333333333,0.316458608919212,0.316458608919212
W_boundary_class__Ic0_scale,1.66666666666667,1.66666666666667,0.427108014564212,0.427108014564212
W_boundary_class__Ic0_scale,1.66666666666667,1.75,0.55808403371531,0.55808403371531
W_boundary_class__Ic0_scale,1.66666666666667,1.83333333333333,0.709386666372508,0.709386666372508
W_boundary_class__Ic0_scale,1.66666666666667,1.91666666666667,0.881015912535805,0.881015912535805
W_boundary_class__Ic0_scale,1.66666666666667,2,1.0729717722052,1.0729717722052
W_boundary_class__Ic0_scale,1.66666666666667,2.08333333333333,1.2852542453807,1.2852542453807
W_boundary_class__Ic0_scale,1.66666666666667,2.16666666666667,1.5178633320623,1.5178633320623
W_boundary_class__Ic0_scale,1.66666666666667,2.25,1.77079903224999,1.77079903224999
W_boundary_class__Ic0_scale,1.75,0.25,0.147742775219779,0.147742775219779
W_boundary_class__Ic0_scale,1.75,0.333333333333333,0.110578435208684,0.110578435208684
W_boundary_class__Ic0_scale,1.75,0.416666666666667,0.0790700028257987,0.0790700028257987
W_boundary_class__Ic0_scale,1.75,0.5,0.0532174780993842,0.0532174780993842
W_boundary_class__Ic0_scale,1.75,0.583333333333333,0.0330208610476143,0.0330208610476143
W_boundary_class__Ic0_scale,1.75,0.666666666666667,0.0184801516704886,0.0184801516704886
W_boundary_class__Ic0_scale,1.75,0.75,0.00959534995332321,0.00959534995332321
W_boundary_class__Ic0_scale,1.75,0.833333333333333,0.00636645588030347,0.00636645588030347
W_boundary_class__Ic0_scale,1.75,0.916666666666667,0.0087934694519122,0.0087934694519122
W_boundary_class__Ic0_scale,1.75,1,0.0168763906681495,0.0168763906681495
W_boundary_class__Ic0_scale,1.75,1.08333333333333,0.0306801731724007,0.0306801731724007
W_boundary_class__Ic0_scale,1.75,1.16666666666667,0.0520116535306777,0.0520116535306777
W_boundary_class__Ic0_scale,1.75,1.25,0.0816900059180028,0.0816900059180028
W_boundary_class__Ic0_scale,1.75,1.33333333333333,0.123326582485066,0.123326582485066
W_boundary_class__Ic0_scale,1.75,1.41666666666667,0.18499049195521,0.18499049195521
W_boundary_class__Ic0_scale,1.75,1.5,0.266981014931453,0.266981014931453
W_boundary_class__Ic0_scale,1.75,1.58333333333333,0.369298151413795,0.369298151413795
W_boundary_class__Ic0_scale,1.75,1.66666666666667,0.491941901402238,0.491941901402238
W_boundary_class__Ic0_scale,1.75,1.75,0.634912264896779,0.634912264896779
W_boundary_class__Ic0_scale,1.75,1.83333333333333,0.798209241897419,0.798209241897419
W_boundary_class__Ic0_scale,1.75,1.91666666666667,0.98183283240416,0.98183283240416
W_boundary_class__Ic0_scale,1.75,2,1.185783036417,1.185783036417
W_boundary_class__Ic0_scale,1.75,2.08333333333333,1.41005985393594,1.41005985393594
W_boundary_class__Ic0_scale,1.75,2.16666666666667,1.65466328496098,1.65466328496098
W_boundary_class__Ic0_scale,1.75,2.25,1.91959332949211,1.91959332949211
W_boundary_class__Ic0_scale,1.83333333333333,0.25,0.140790559698568,0.140790559698568
W_boundary_class__Ic0_scale,1.83333333333333,0.333333333333333,0.104838539120962,0.104838539120962
W_boundary_class__Ic0_scale,1.83333333333333,0.416666666666667,0.0745424261834808,0.0745424261834808
W_boundary_class__Ic0_scale,1.83333333333333,0.5,0.0499022209206441,0.0499022209206441
W_boundary_class__Ic0_scale,1.83333333333333,0.583333333333333,0.0309179233324521,0.0309179233324521
W_boundary_class__Ic0_scale,1.83333333333333,0.666666666666667,0.0175895334133144,0.0175895334133144
W_boundary_class__Ic0_scale,1.83333333333333,0.75,0.00991705114137075,0.00991705114137075
W_boundary_class__Ic0_scale,1.83333333333333,0.833333333333333,0.00790047651393178,0.00790047651393178
W_boundary_class__Ic0_scale,1.83333333333333,0.916666666666667,0.0115398095311212,0.0115398095311212
W_boundary_class__Ic0_scale,1.83333333333333,1,0.0208350501929392,0.0208350501929392
W_boundary_class__Ic0_scale,1.83333333333333,1.08333333333333,0.0367352071052425,0.0367352071052425
W_boundary_class__Ic0_scale,1.83333333333333,1.16666666666667,0.0609477253866977,0.0609477253866977
W_boundary_class__Ic0_scale,1.83333333333333,1.25,0.0952356902820167,0.0952356902820167
W_boundary_class__Ic0_scale,1.83333333333333,1.33333333333333,0.148567330589503,0.148567330589503
W_boundary_class__Ic0_scale,1.83333333333333,1.41666666666667,0.22222558440309,0.22222558440309
W_boundary_class__Ic0_scale,1.83333333333333,1.5,0.316210451722776,0.316210451722776
W_boundary_class__Ic0_scale,1.83333333333333,1.58333333333333,0.430521932548561,0.430521932548561
W_boundary_class__Ic0_scale,1.83333333333333,1.66666666666667,0.565160026880446,0.565160026880446
W_boundary_class__Ic0_scale,1.83333333333333,1.75,0.72012473471843,0.72012473471843
W_boundary_class__Ic0_scale,1.83333333333333,1.83333333333333,0.895416056062513,0.895416056062513
W_boundary_class__Ic0_scale,1.83333333333333,1.91666666666667,1.0910339909127,1.0910339909127
W_boundary_class__Ic0_scale,1.83333333333333,2,1.30697853926898,1.30697853926898
W_boundary_class__Ic0_scale,1.83333333333333,2.08333333333333,1.54324970113136,1.54324970113136
W_boundary_class__Ic0_scale,1.83333333333333,2.16666666666667,1.79984747649984,1.79984747649984
W_boundary_class__Ic0_scale,1.83333333333333,2.25,2.07677186537442,2.07677186537442
W_boundary_class__Ic0_scale,1.91666666666667,0.25,0.134255045171392,0.134255045171392
W_boundary_class__Ic0_scale,1.91666666666667,0.333333333333333,0.0995153440265439,0.0995153440265439
W_boundary_class__Ic0_scale,1.91666666666667,0.416666666666667,0.0704315505526406,0.0704315505526406
W_boundary_class__Ic0_scale,1.91666666666667,0.5,0.0470036647533817,0.0470036647533817
W_boundary_class__Ic0_scale,1.91666666666667,0.583333333333333,0.0292316866282377,0.0292316866282377
W_boundary_class__Ic0_scale,1.91666666666667,0.666666666666667,0.0171156161571676,0.0171156161571676
W_boundary_class__Ic0_scale,1.91666666666667,0.75,0.0106554533306809,0.0106554533306809
W_boundary_class__Ic0_scale,1.91666666666667,0.833333333333333,0.00985119814882264,0.00985119814882264
W_boundary_class__Ic0_scale,1.91666666666667,0.916666666666667,0.0147028506115929,0.0147028506115929
W_boundary_class__Ic0_scale,1.91666666666667,1,0.0254950620986485,0.0254950620986485
W_boundary_class__Ic0_scale,1.91666666666667,1.08333333333333,0.044241746274234,0.044241746274234
W_boundary_class__Ic0_scale,1.91666666666667,1.16666666666667,0.0718669615383631,0.0718669615383631
W_boundary_class__Ic0_scale,1.91666666666667,1.25,0.116866332683193,0.116866332683193
W_boundary_class__Ic0_scale,1.91666666666667,1.33333333333333,0.182192317334123,0.182192317334123
W_boundary_class__Ic0_scale,1.91666666666667,1.41666666666667,0.267844915491153,0.267844915491153
W_boundary_class__Ic0_scale,1.91666666666667,1.5,0.373824127154281,0.373824127154281
W_boundary_class__Ic0_scale,1.91666666666667,1.58333333333333,0.500129952323509,0.500129952323509
W_boundary_class__Ic0_scale,1.91666666666667,1.66666666666667,0.646762390998837,0.646762390998837
W_boundary_class__Ic0_scale,1.91666666666667,1.75,0.813721443180264,0.813721443180264
W_boundary_class__Ic0_scale,1.91666666666667,1.83333333333333,1.00100710886779,1.00100710886779
W_boundary_class__Ic0_scale,1.91666666666667,1.91666666666667,1.20861938806142,1.20861938806142
W_boundary_class__Ic0_scale,1.91666666666667,2,1.43655828076114,1.43655828076114
W_boundary_class__Ic0_scale,1.91666666666667,2.08333333333333,1.68482378696696,1.68482378696696
W_boundary_class__Ic0_scale,1.91666666666667,2.16666666666667,1.95341590667889,1.95341590667889
W_boundary_class__Ic0_scale,1.91666666666667,2.25,2.24233463989691,2.24233463989691
W_boundary_class__Ic0_scale,2,0.25,0.128136231628572,0.128136231628572
W_boundary_class__Ic0_scale,2,0.333333333333333,0.0946088499436027,0.0946088499436027
W_boundary_class__Ic0_scale,2,0.416666666666667,0.0667373759332772,0.0667373759332772
W_boundary_class__Ic0_scale,2,0.5,0.0445218095983581,0.0445218095983581
W_boundary_class__Ic0_scale,2,0.583333333333333,0.0279621509276932,0.0279621509276932
W_boundary_class__Ic0_scale,2,0.666666666666667,0.017058399902159,0.017058399902159
W_boundary_class__Ic0_scale,2,0.75,0.0118105565212531,0.0118105565212531
W_boundary_class__Ic0_scale,2,0.833333333333333,0.0122186207849756,0.0122186207849756
W_boundary_class__Ic0_scale,2,0.916666666666667,0.0182912185108957,0.0182912185108957
W_boundary_class__Ic0_scale,2,1,0.0315720685806108,0.0315720685806108
W_boundary_class__Ic0_scale,2,1.08333333333333,0.0532204965155161,0.0532204965155161
W_boundary_class__Ic0_scale,2,1.16666666666667,0.0898874982362795,0.0898874982362795
W_boundary_class__Ic0_scale,2,1.25,0.146881213724553,0.146881213724553
W_boundary_class__Ic0_scale,2,1.33333333333333,0.224201542718925,0.224201542718925
W_boundary_class__Ic0_scale,2,1.41666666666667,0.321848485219397,0.321848485219397
W_boundary_class__Ic0_scale,2,1.5,0.439822041225969,0.439822041225969
W_boundary_class__Ic0_scale,2,1.58333333333333,0.57812221073864,0.57812221073864
W_boundary_class__Ic0_scale,2,1.66666666666667,0.73674899375741,0.73674899375741
W_boundary_class__Ic0_scale,2,1.75,0.91570239028228,0.91570239028228
W_boundary_class__Ic0_scale,2,1.83333333333333,1.11498240031325,1.11498240031325
W_boundary_class__Ic0_scale,2,1.91666666666667,1.33458902385032,1.33458902385032
W_boundary_class__Ic0_scale,2,2,1.57452226089349,1.57452226089349
W_boundary_class__Ic0_scale,2,2.08333333333333,1.83478211144275,1.83478211144275
W_boundary_class__Ic0_scale,2,2.16666666666667,2.11536857549812,2.11536857549812
W_boundary_class__Ic0_scale,2,2.25,2.41628165305959,2.41628165305959
