synthetic_id,evidence_config,true_model,seed,primary_available,secondary_available,noise_sigma,disorder_sigma_Tc_K,normalization_sigma,generator_note
primary_only_M0_seed_0001,primary_only,M0,1,1,0,0.004,0.0105,0.00375,parametric normalized R(T) with known model class
primary_only_M0_seed_0002,primary_only,M0,2,1,0,0.004,0.0105,0.00375,parametric normalized R(T) with known model class
primary_only_M0_seed_0003,primary_only,M0,3,1,0,0.004,0.0105,0.00375,parametric normalized R(T) with known model class
primary_only_M0_seed_0004,primary_only,M0,4,1,0,0.004,0.0105,0.00375,parametric normalized R(T) with known model class
primary_only_M0_seed_0005,primary_only,M0,5,1,0,0.004,0.0105,0.00375,parametric normalized R(T) with known model class
primary_only_M0_seed_0006,primary_only,M0,6,1,0,0.004,0.0105,0.00375,parametric normalized R(T) with known model class
primary_only_M0_seed_0007,primary_only,M0,7,1,0,0.004,0.0105,0.00375,parametric normalized R(T) with known model class
primary_only_M0_seed_0008,primary_only,M0,8,1,0,0.004,0.0105,0.00375,parametric normalized R(T) with known model class
primary_only_M0_seed_0009,primary_only,M0,9,1,0,0.004,0.0105,0.00375,parametric normalized R(T) with known model class
primary_only_M0_seed_0010,primary_only,M0,10,1,0,0.004,0.0105,0.00375,parametric normalized R(T) with known model class
primary_only_M0_seed_0011,primary_only,M0,11,1,0,0.004,0.0105,0.00375,parametric normalized R(T) with known model class
primary_only_M0_seed_0012,primary_only,M0,12,1,0,0.004,0.0105,0.00375,parametric normalized R(T) with known model class
primary_only_M0_seed_0013,primary_only,M0,13,1,0,0.004,0.0105,0.00375,parametric normalized R(T) with known model class
primary_only_M0_seed_0014,primary_only,M0,14,1,0,0.004,0.0105,0.00375,parametric normalized R(T) with known model class
primary_only_M0_seed_0015,primary_only,M0,15,1,0,0.004,0.0105,0.00375,parametric normalized R(T) with known model class
primary_only_M0_seed_0016,primary_only,M0,16,1,0,0.004,0.0105,0.00375,parametric normalized R(T) with known model class
primary_only_M0_seed_0017,primary_only,M0,17,1,0,0.004,0.0105,0.00375,parametric normalized R(T) with known model class
primary_only_M0_seed_0018,primary_only,M0,18,1,0,0.004,0.0105,0.00375,parametric normalized R(T) with known model class
primary_only_M0_seed_0019,primary_only,M0,19,1,0,0.004,0.0105,0.00375,parametric normalized R(T) with known model class
primary_only_M0_seed_0020,primary_only,M0,20,1,0,0.004,0.0105,0.00375,parametric normalized R(T) with known model class
primary_only_M0_seed_0021,primary_only,M0,21,1,0,0.004,0.0105,0.00375,parametric normalized R(T) with known model class
primary_only_M0_seed_0022,primary_only,M0,22,1,0,0.004,0.0105,0.00375,parametric normalized R(T) with known model class
primary_only_M0_seed_0023,primary_only,M0,23,1,0,0.004,0.0105,0.00375,parametric normalized R(T) with known model class
primary_only_M0_seed_0024,primary_only,M0,24,1,0,0.004,0.0105,0.00375,parametric normalized R(T) with known model class
primary_only_M0_seed_0025,primary_only,M0,25,1,0,0.004,0.0105,0.00375,parametric normalized R(T) with known model class
primary_only_M0_seed_0026,primary_only,M0,26,1,0,0.004,0.0105,0.00375,parametric normalized R(T) with known model class
primary_only_M0_seed_0027,primary_only,M0,27,1,0,0.004,0.0105,0.00375,parametric normalized R(T) with known model class
primary_only_M0_seed_0028,primary_only,M0,28,1,0,0.004,0.0105,0.00375,parametric normalized R(T) with known model class
primary_only_M0_seed_0029,primary_only,M0,29,1,0,0.004,0.0105,0.00375,parametric normalized R(T) with known model class
primary_only_M0_seed_0030,primary_only,M0,30,1,0,0.004,0.0105,0.00375,parametric normalized R(T) with known model class
primary_only_M0_seed_0031,primary_only,M0,31,1,0,0.004,0.0105,0.00375,parametric normalized R(T) with known model class
primary_only_M0_seed_0032,primary_only,M0,32,1,0,0.004,0.0105,0.00375,parametric normalized R(T) with known model class
primary_only_M0_seed_0033,primary_only,M0,33,1,0,0.004,0.0105,0.00375,parametric normalized R(T) with known model class
primary_only_M0_seed_0034,primary_only,M0,34,1,0,0.004,0.0105,0.00375,parametric normalized R(T) with known model class
primary_only_M0_seed_0035,primary_only,M0,35,1,0,0.004,0.0105,0.00375,parametric normalized R(T) with known model class
primary_only_M0_seed_0036,primary_only,M0,36,1,0,0.004,0.0105,0.00375,parametric normalized R(T) with known model class
primary_only_M0_seed_0037,primary_only,M0,37,1,0,0.004,0.0105,0.00375,parametric normalized R(T) with known model class
primary_only_M0_seed_0038,primary_only,M0,38,1,0,0.004,0.0105,0.00375,parametric normalized R(T) with known model class
primary_only_M0_seed_0039,primary_only,M0,39,1,0,0.004,0.0105,0.00375,parametric normalized R(T) with known model class
primary_only_M0_seed_0040,primary_only,M0,40,1,0,0.004,0.0105,0.00375,parametric normalized R(T) with known model class
primary_only_M0_seed_0041,primary_only,M0,41,1,0,0.004,0.0105,0.00375,parametric normalized R(T) with known model class
primary_only_M0_seed_0042,primary_only,M0,42,1,0,0.004,0.0105,0.00375,parametric normalized R(T) with known model class
primary_only_M0_seed_0043,primary_only,M0,43,1,0,0.004,0.0105,0.00375,parametric normalized R(T) with known model class
primary_only_M0_seed_0044,primary_only,M0,44,1,0,0.004,0.0105,0.00375,parametric normalized R(T) with known model class
primary_only_M0_seed_0045,primary_only,M0,45,1,0,0.004,0.0105,0.00375,parametric normalized R(T) with known model class
primary_only_M0_seed_0046,primary_only,M0,46,1,0,0.004,0.0105,0.00375,parametric normalized R(T) with known model class
primary_only_M0_seed_0047,primary_only,M0,47,1,0,0.004,0.0105,0.00375,parametric normalized R(T) with known model class
primary_only_M0_seed_0048,primary_only,M0,48,1,0,0.004,0.0105,0.00375,parametric normalized R(T) with known model class
primary_only_M0_seed_0049,primary_only,M0,49,1,0,0.004,0.0105,0.00375,parametric normalized R(T) with known model class
primary_only_M0_seed_0050,primary_only,M0,50,1,0,0.004,0.0105,0.00375,parametric normalized R(T) with known model class
primary_only_M0_seed_0051,primary_only,M0,51,1,0,0.004,0.0105,0.00375,parametric normalized R(T) with known model class
primary_only_M0_seed_0052,primary_only,M0,52,1,0,0.004,0.0105,0.00375,parametric normalized R(T) with known model class
primary_only_M0_seed_0053,primary_only,M0,53,1,0,0.004,0.0105,0.00375,parametric normalized R(T) with known model class
primary_only_M0_seed_0054,primary_only,M0,54,1,0,0.004,0.0105,0.00375,parametric normalized R(T) with known model class
primary_only_M0_seed_0055,primary_only,M0,55,1,0,0.004,0.0105,0.00375,parametric normalized R(T) with known model class
primary_only_M0_seed_0056,primary_only,M0,56,1,0,0.004,0.0105,0.00375,parametric normalized R(T) with known model class
primary_only_M0_seed_0057,primary_only,M0,57,1,0,0.004,0.0105,0.00375,parametric normalized R(T) with known model class
primary_only_M0_seed_0058,primary_only,M0,58,1,0,0.004,0.0105,0.00375,parametric normalized R(T) with known model class
primary_only_M0_seed_0059,primary_only,M0,59,1,0,0.004,0.0105,0.00375,parametric normalized R(T) with known model class
primary_only_M0_seed_0060,primary_only,M0,60,1,0,0.004,0.0105,0.00375,parametric normalized R(T) with known model class
primary_only_M0_seed_0061,primary_only,M0,61,1,0,0.004,0.0105,0.00375,parametric normalized R(T) with known model class
primary_only_M0_seed_0062,primary_only,M0,62,1,0,0.004,0.0105,0.00375,parametric normalized R(T) with known model class
primary_only_M0_seed_0063,primary_only,M0,63,1,0,0.004,0.0105,0.00375,parametric normalized R(T) with known model class
primary_only_M0_seed_0064,primary_only,M0,64,1,0,0.004,0.0105,0.00375,parametric normalized R(T) with known model class
primary_only_M0_seed_0065,primary_only,M0,65,1,0,0.004,0.0105,0.00375,parametric normalized R(T) with known model class
primary_only_M0_seed_0066,primary_only,M0,66,1,0,0.004,0.0105,0.00375,parametric normalized R(T) with known model class
primary_only_M0_seed_0067,primary_only,M0,67,1,0,0.004,0.0105,0.00375,parametric normalized R(T) with known model class
primary_only_M0_seed_0068,primary_only,M0,68,1,0,0.004,0.0105,0.00375,parametric normalized R(T) with known model class
primary_only_M0_seed_0069,primary_only,M0,69,1,0,0.004,0.0105,0.00375,parametric normalized R(T) with known model class
primary_only_M0_seed_0070,primary_only,M0,70,1,0,0.004,0.0105,0.00375,parametric normalized R(T) with known model class
primary_only_M0_seed_0071,primary_only,M0,71,1,0,0.004,0.0105,0.00375,parametric normalized R(T) with known model class
primary_only_M0_seed_0072,primary_only,M0,72,1,0,0.004,0.0105,0.00375,parametric normalized R(T) with known model class
primary_only_M0_seed_0073,primary_only,M0,73,1,0,0.004,0.0105,0.00375,parametric normalized R(T) with known model class
primary_only_M0_seed_0074,primary_only,M0,74,1,0,0.004,0.0105,0.00375,parametric normalized R(T) with known model class
primary_only_M0_seed_0075,primary_only,M0,75,1,0,0.004,0.0105,0.00375,parametric normalized R(T) with known model class
primary_only_M0_seed_0076,primary_only,M0,76,1,0,0.004,0.0105,0.00375,parametric normalized R(T) with known model class
primary_only_M0_seed_0077,primary_only,M0,77,1,0,0.004,0.0105,0.00375,parametric normalized R(T) with known model class
primary_only_M0_seed_0078,primary_only,M0,78,1,0,0.004,0.0105,0.00375,parametric normalized R(T) with known model class
primary_only_M0_seed_0079,primary_only,M0,79,1,0,0.004,0.0105,0.00375,parametric normalized R(T) with known model class
primary_only_M0_seed_0080,primary_only,M0,80,1,0,0.004,0.0105,0.00375,parametric normalized R(T) with known model class
primary_only_M1_seed_0001,primary_only,M1,1,1,0,0.004,0.0105,0.00375,parametric normalized R(T) with known model class
primary_only_M1_seed_0002,primary_only,M1,2,1,0,0.004,0.0105,0.00375,parametric normalized R(T) with known model class
primary_only_M1_seed_0003,primary_only,M1,3,1,0,0.004,0.0105,0.00375,parametric normalized R(T) with known model class
primary_only_M1_seed_0004,primary_only,M1,4,1,0,0.004,0.0105,0.00375,parametric normalized R(T) with known model class
primary_only_M1_seed_0005,primary_only,M1,5,1,0,0.004,0.0105,0.00375,parametric normalized R(T) with known model class
primary_only_M1_seed_0006,primary_only,M1,6,1,0,0.004,0.0105,0.00375,parametric normalized R(T) with known model class
primary_only_M1_seed_0007,primary_only,M1,7,1,0,0.004,0.0105,0.00375,parametric normalized R(T) with known model class
primary_only_M1_seed_0008,primary_only,M1,8,1,0,0.004,0.0105,0.00375,parametric normalized R(T) with known model class
primary_only_M1_seed_0009,primary_only,M1,9,1,0,0.004,0.0105,0.00375,parametric normalized R(T) with known model class
primary_only_M1_seed_0010,primary_only,M1,10,1,0,0.004,0.0105,0.00375,parametric normalized R(T) with known model class
primary_only_M1_seed_0011,primary_only,M1,11,1,0,0.004,0.0105,0.00375,parametric normalized R(T) with known model class
primary_only_M1_seed_0012,primary_only,M1,12,1,0,0.004,0.0105,0.00375,parametric normalized R(T) with known model class
primary_only_M1_seed_0013,primary_only,M1,13,1,0,0.004,0.0105,0.00375,parametric normalized R(T) with known model class
primary_only_M1_seed_0014,primary_only,M1,14,1,0,0.004,0.0105,0.00375,parametric normalized R(T) with known model class
primary_only_M1_seed_0015,primary_only,M1,15,1,0,0.004,0.0105,0.00375,parametric normalized R(T) with known model class
primary_only_M1_seed_0016,primary_only,M1,16,1,0,0.004,0.0105,0.00375,parametric normalized R(T) with known model class
primary_only_M1_seed_0017,primary_only,M1,17,1,0,0.004,0.0105,0.00375,parametric normalized R(T) with known model class
primary_only_M1_seed_0018,primary_only,M1,18,1,0,0.004,0.0105,0.00375,parametric normalized R(T) with known model class
primary_only_M1_seed_0019,primary_only,M1,19,1,0,0.004,0.0105,0.00375,parametric normalized R(T) with known model class
primary_only_M1_seed_0020,primary_only,M1,20,1,0,0.004,0.0105,0.00375,parametric normalized R(T) with known model class
primary_only_M1_seed_0021,primary_only,M1,21,1,0,0.004,0.0105,0.00375,parametric normalized R(T) with known model class
primary_only_M1_seed_0022,primary_only,M1,22,1,0,0.004,0.0105,0.00375,parametric normalized R(T) with known model class
primary_only_M1_seed_0023,primary_only,M1,23,1,0,0.004,0.0105,0.00375,parametric normalized R(T) with known model class
primary_only_M1_seed_0024,primary_only,M1,24,1,0,0.004,0.0105,0.00375,parametric normalized R(T) with known model class
primary_only_M1_seed_0025,primary_only,M1,25,1,0,0.004,0.0105,0.00375,parametric normalized R(T) with known model class
primary_only_M1_seed_0026,primary_only,M1,26,1,0,0.004,0.0105,0.00375,parametric normalized R(T) with known model class
primary_only_M1_seed_0027,primary_only,M1,27,1,0,0.004,0.0105,0.00375,parametric normalized R(T) with known model class
primary_only_M1_seed_0028,primary_only,M1,28,1,0,0.004,0.0105,0.00375,parametric normalized R(T) with known model class
primary_only_M1_seed_0029,primary_only,M1,29,1,0,0.004,0.0105,0.00375,parametric normalized R(T) with known model class
primary_only_M1_seed_0030,primary_only,M1,30,1,0,0.004,0.0105,0.00375,parametric normalized R(T) with known model class
primary_only_M1_seed_0031,primary_only,M1,31,1,0,0.004,0.0105,0.00375,parametric normalized R(T) with known model class
primary_only_M1_seed_0032,primary_only,M1,32,1,0,0.004,0.0105,0.00375,parametric normalized R(T) with known model class
primary_only_M1_seed_0033,primary_only,M1,33,1,0,0.004,0.0105,0.00375,parametric normalized R(T) with known model class
primary_only_M1_seed_0034,primary_only,M1,34,1,0,0.004,0.0105,0.00375,parametric normalized R(T) with known model class
primary_only_M1_seed_0035,primary_only,M1,35,1,0,0.004,0.0105,0.00375,parametric normalized R(T) with known model class
primary_only_M1_seed_0036,primary_only,M1,36,1,0,0.004,0.0105,0.00375,parametric normalized R(T) with known model class
primary_only_M1_seed_0037,primary_only,M1,37,1,0,0.004,0.0105,0.00375,parametric normalized R(T) with known model class
primary_only_M1_seed_0038,primary_only,M1,38,1,0,0.004,0.0105,0.00375,parametric normalized R(T) with known model class
primary_only_M1_seed_0039,primary_only,M1,39,1,0,0.004,0.0105,0.00375,parametric normalized R(T) with known model class
primary_only_M1_seed_0040,primary_only,M1,40,1,0,0.004,0.0105,0.00375,parametric normalized R(T) with known model class
primary_only_M1_seed_0041,primary_only,M1,41,1,0,0.004,0.0105,0.00375,parametric normalized R(T) with known model class
primary_only_M1_seed_0042,primary_only,M1,42,1,0,0.004,0.0105,0.00375,parametric normalized R(T) with known model class
primary_only_M1_seed_0043,primary_only,M1,43,1,0,0.004,0.0105,0.00375,parametric normalized R(T) with known model class
primary_only_M1_seed_0044,primary_only,M1,44,1,0,0.004,0.0105,0.00375,parametric normalized R(T) with known model class
primary_only_M1_seed_0045,primary_only,M1,45,1,0,0.004,0.0105,0.00375,parametric normalized R(T) with known model class
primary_only_M1_seed_0046,primary_only,M1,46,1,0,0.004,0.0105,0.00375,parametric normalized R(T) with known model class
primary_only_M1_seed_0047,primary_only,M1,47,1,0,0.004,0.0105,0.00375,parametric normalized R(T) with known model class
primary_only_M1_seed_0048,primary_only,M1,48,1,0,0.004,0.0105,0.00375,parametric normalized R(T) with known model class
primary_only_M1_seed_0049,primary_only,M1,49,1,0,0.004,0.0105,0.00375,parametric normalized R(T) with known model class
primary_only_M1_seed_0050,primary_only,M1,50,1,0,0.004,0.0105,0.00375,parametric normalized R(T) with known model class
primary_only_M1_seed_0051,primary_only,M1,51,1,0,0.004,0.0105,0.00375,parametric normalized R(T) with known model class
primary_only_M1_seed_0052,primary_only,M1,52,1,0,0.004,0.0105,0.00375,parametric normalized R(T) with known model class
primary_only_M1_seed_0053,primary_only,M1,53,1,0,0.004,0.0105,0.00375,parametric normalized R(T) with known model class
primary_only_M1_seed_0054,primary_only,M1,54,1,0,0.004,0.0105,0.00375,parametric normalized R(T) with known model class
primary_only_M1_seed_0055,primary_only,M1,55,1,0,0.004,0.0105,0.00375,parametric normalized R(T) with known model class
primary_only_M1_seed_0056,primary_only,M1,56,1,0,0.004,0.0105,0.00375,parametric normalized R(T) with known model class
primary_only_M1_seed_0057,primary_only,M1,57,1,0,0.004,0.0105,0.00375,parametric normalized R(T) with known model class
primary_only_M1_seed_0058,primary_only,M1,58,1,0,0.004,0.0105,0.00375,parametric normalized R(T) with known model class
primary_only_M1_seed_0059,primary_only,M1,59,1,0,0.004,0.0105,0.00375,parametric normalized R(T) with known model class
primary_only_M1_seed_0060,primary_only,M1,60,1,0,0.004,0.0105,0.00375,parametric normalized R(T) with known model class
primary_only_M1_seed_0061,primary_only,M1,61,1,0,0.004,0.0105,0.00375,parametric normalized R(T) with known model class
primary_only_M1_seed_0062,primary_only,M1,62,1,0,0.004,0.0105,0.00375,parametric normalized R(T) with known model class
primary_only_M1_seed_0063,primary_only,M1,63,1,0,0.004,0.0105,0.00375,parametric normalized R(T) with known model class
primary_only_M1_seed_0064,primary_only,M1,64,1,0,0.004,0.0105,0.00375,parametric normalized R(T) with known model class
primary_only_M1_seed_0065,primary_only,M1,65,1,0,0.004,0.0105,0.00375,parametric normalized R(T) with known model class
primary_only_M1_seed_0066,primary_only,M1,66,1,0,0.004,0.0105,0.00375,parametric normalized R(T) with known model class
primary_only_M1_seed_0067,primary_only,M1,67,1,0,0.004,0.0105,0.00375,parametric normalized R(T) with known model class
primary_only_M1_seed_0068,primary_only,M1,68,1,0,0.004,0.0105,0.00375,parametric normalized R(T) with known model class
primary_only_M1_seed_0069,primary_only,M1,69,1,0,0.004,0.0105,0.00375,parametric normalized R(T) with known model class
primary_only_M1_seed_0070,primary_only,M1,70,1,0,0.004,0.0105,0.00375,parametric normalized R(T) with known model class
primary_only_M1_seed_0071,primary_only,M1,71,1,0,0.004,0.0105,0.00375,parametric normalized R(T) with known model class
primary_only_M1_seed_0072,primary_only,M1,72,1,0,0.004,0.0105,0.00375,parametric normalized R(T) with known model class
primary_only_M1_seed_0073,primary_only,M1,73,1,0,0.004,0.0105,0.00375,parametric normalized R(T) with known model class
primary_only_M1_seed_0074,primary_only,M1,74,1,0,0.004,0.0105,0.00375,parametric normalized R(T) with known model class
primary_only_M1_seed_0075,primary_only,M1,75,1,0,0.004,0.0105,0.00375,parametric normalized R(T) with known model class
primary_only_M1_seed_0076,primary_only,M1,76,1,0,0.004,0.0105,0.00375,parametric normalized R(T) with known model class
primary_only_M1_seed_0077,primary_only,M1,77,1,0,0.004,0.0105,0.00375,parametric normalized R(T) with known model class
primary_only_M1_seed_0078,primary_only,M1,78,1,0,0.004,0.0105,0.00375,parametric normalized R(T) with known model class
primary_only_M1_seed_0079,primary_only,M1,79,1,0,0.004,0.0105,0.00375,parametric normalized R(T) with known model class
primary_only_M1_seed_0080,primary_only,M1,80,1,0,0.004,0.0105,0.00375,parametric normalized R(T) with known model class
primary_only_M2_seed_0001,primary_only,M2,1,1,0,0.004,0.0105,0.00375,parametric normalized R(T) with known model class
primary_only_M2_seed_0002,primary_only,M2,2,1,0,0.004,0.0105,0.00375,parametric normalized R(T) with known model class
primary_only_M2_seed_0003,primary_only,M2,3,1,0,0.004,0.0105,0.00375,parametric normalized R(T) with known model class
primary_only_M2_seed_0004,primary_only,M2,4,1,0,0.004,0.0105,0.00375,parametric normalized R(T) with known model class
primary_only_M2_seed_0005,primary_only,M2,5,1,0,0.004,0.0105,0.00375,parametric normalized R(T) with known model class
primary_only_M2_seed_0006,primary_only,M2,6,1,0,0.004,0.0105,0.00375,parametric normalized R(T) with known model class
primary_only_M2_seed_0007,primary_only,M2,7,1,0,0.004,0.0105,0.00375,parametric normalized R(T) with known model class
primary_only_M2_seed_0008,primary_only,M2,8,1,0,0.004,0.0105,0.00375,parametric normalized R(T) with known model class
primary_only_M2_seed_0009,primary_only,M2,9,1,0,0.004,0.0105,0.00375,parametric normalized R(T) with known model class
primary_only_M2_seed_0010,primary_only,M2,10,1,0,0.004,0.0105,0.00375,parametric normalized R(T) with known model class
primary_only_M2_seed_0011,primary_only,M2,11,1,0,0.004,0.0105,0.00375,parametric normalized R(T) with known model class
primary_only_M2_seed_0012,primary_only,M2,12,1,0,0.004,0.0105,0.00375,parametric normalized R(T) with known model class
primary_only_M2_seed_0013,primary_only,M2,13,1,0,0.004,0.0105,0.00375,parametric normalized R(T) with known model class
primary_only_M2_seed_0014,primary_only,M2,14,1,0,0.004,0.0105,0.00375,parametric normalized R(T) with known model class
primary_only_M2_seed_0015,primary_only,M2,15,1,0,0.004,0.0105,0.00375,parametric normalized R(T) with known model class
primary_only_M2_seed_0016,primary_only,M2,16,1,0,0.004,0.0105,0.00375,parametric normalized R(T) with known model class
primary_only_M2_seed_0017,primary_only,M2,17,1,0,0.004,0.0105,0.00375,parametric normalized R(T) with known model class
primary_only_M2_seed_0018,primary_only,M2,18,1,0,0.004,0.0105,0.00375,parametric normalized R(T) with known model class
primary_only_M2_seed_0019,primary_only,M2,19,1,0,0.004,0.0105,0.00375,parametric normalized R(T) with known model class
primary_only_M2_seed_0020,primary_only,M2,20,1,0,0.004,0.0105,0.00375,parametric normalized R(T) with known model class
primary_only_M2_seed_0021,primary_only,M2,21,1,0,0.004,0.0105,0.00375,parametric normalized R(T) with known model class
primary_only_M2_seed_0022,primary_only,M2,22,1,0,0.004,0.0105,0.00375,parametric normalized R(T) with known model class
primary_only_M2_seed_0023,primary_only,M2,23,1,0,0.004,0.0105,0.00375,parametric normalized R(T) with known model class
primary_only_M2_seed_0024,primary_only,M2,24,1,0,0.004,0.0105,0.00375,parametric normalized R(T) with known model class
primary_only_M2_seed_0025,primary_only,M2,25,1,0,0.004,0.0105,0.00375,parametric normalized R(T) with known model class
primary_only_M2_seed_0026,primary_only,M2,26,1,0,0.004,0.0105,0.00375,parametric normalized R(T) with known model class
primary_only_M2_seed_0027,primary_only,M2,27,1,0,0.004,0.0105,0.00375,parametric normalized R(T) with known model class
primary_only_M2_seed_0028,primary_only,M2,28,1,0,0.004,0.0105,0.00375,parametric normalized R(T) with known model class
primary_only_M2_seed_0029,primary_only,M2,29,1,0,0.004,0.0105,0.00375,parametric normalized R(T) with known model class
primary_only_M2_seed_0030,primary_only,M2,30,1,0,0.004,0.0105,0.00375,parametric normalized R(T) with known model class
primary_only_M2_seed_0031,primary_only,M2,31,1,0,0.004,0.0105,0.00375,parametric normalized R(T) with known model class
primary_only_M2_seed_0032,primary_only,M2,32,1,0,0.004,0.0105,0.00375,parametric normalized R(T) with known model class
primary_only_M2_seed_0033,primary_only,M2,33,1,0,0.004,0.0105,0.00375,parametric normalized R(T) with known model class
primary_only_M2_seed_0034,primary_only,M2,34,1,0,0.004,0.0105,0.00375,parametric normalized R(T) with known model class
primary_only_M2_seed_0035,primary_only,M2,35,1,0,0.004,0.0105,0.00375,parametric normalized R(T) with known model class
primary_only_M2_seed_0036,primary_only,M2,36,1,0,0.004,0.0105,0.00375,parametric normalized R(T) with known model class
primary_only_M2_seed_0037,primary_only,M2,37,1,0,0.004,0.0105,0.00375,parametric normalized R(T) with known model class
primary_only_M2_seed_0038,primary_only,M2,38,1,0,0.004,0.0105,0.00375,parametric normalized R(T) with known model class
primary_only_M2_seed_0039,primary_only,M2,39,1,0,0.004,0.0105,0.00375,parametric normalized R(T) with known model class
primary_only_M2_seed_0040,primary_only,M2,40,1,0,0.004,0.0105,0.00375,parametric normalized R(T) with known model class
primary_only_M2_seed_0041,primary_only,M2,41,1,0,0.004,0.0105,0.00375,parametric normalized R(T) with known model class
primary_only_M2_seed_0042,primary_only,M2,42,1,0,0.004,0.0105,0.00375,parametric normalized R(T) with known model class
primary_only_M2_seed_0043,primary_only,M2,43,1,0,0.004,0.0105,0.00375,parametric normalized R(T) with known model class
primary_only_M2_seed_0044,primary_only,M2,44,1,0,0.004,0.0105,0.00375,parametric normalized R(T) with known model class
primary_only_M2_seed_0045,primary_only,M2,45,1,0,0.004,0.0105,0.00375,parametric normalized R(T) with known model class
primary_only_M2_seed_0046,primary_only,M2,46,1,0,0.004,0.0105,0.00375,parametric normalized R(T) with known model class
primary_only_M2_seed_0047,primary_only,M2,47,1,0,0.004,0.0105,0.00375,parametric normalized R(T) with known model class
primary_only_M2_seed_0048,primary_only,M2,48,1,0,0.004,0.0105,0.00375,parametric normalized R(T) with known model class
primary_only_M2_seed_0049,primary_only,M2,49,1,0,0.004,0.0105,0.00375,parametric normalized R(T) with known model class
primary_only_M2_seed_0050,primary_only,M2,50,1,0,0.004,0.0105,0.00375,parametric normalized R(T) with known model class
primary_only_M2_seed_0051,primary_only,M2,51,1,0,0.004,0.0105,0.00375,parametric normalized R(T) with known model class
primary_only_M2_seed_0052,primary_only,M2,52,1,0,0.004,0.0105,0.00375,parametric normalized R(T) with known model class
primary_only_M2_seed_0053,primary_only,M2,53,1,0,0.004,0.0105,0.00375,parametric normalized R(T) with known model class
primary_only_M2_seed_0054,primary_only,M2,54,1,0,0.004,0.0105,0.00375,parametric normalized R(T) with known model class
primary_only_M2_seed_0055,primary_only,M2,55,1,0,0.004,0.0105,0.00375,parametric normalized R(T) with known model class
primary_only_M2_seed_0056,primary_only,M2,56,1,0,0.004,0.0105,0.00375,parametric normalized R(T) with known model class
primary_only_M2_seed_0057,primary_only,M2,57,1,0,0.004,0.0105,0.00375,parametric normalized R(T) with known model class
primary_only_M2_seed_0058,primary_only,M2,58,1,0,0.004,0.0105,0.00375,parametric normalized R(T) with known model class
primary_only_M2_seed_0059,primary_only,M2,59,1,0,0.004,0.0105,0.00375,parametric normalized R(T) with known model class
primary_only_M2_seed_0060,primary_only,M2,60,1,0,0.004,0.0105,0.00375,parametric normalized R(T) with known model class
primary_only_M2_seed_0061,primary_only,M2,61,1,0,0.004,0.0105,0.00375,parametric normalized R(T) with known model class
primary_only_M2_seed_0062,primary_only,M2,62,1,0,0.004,0.0105,0.00375,parametric normalized R(T) with known model class
primary_only_M2_seed_0063,primary_only,M2,63,1,0,0.004,0.0105,0.00375,parametric normalized R(T) with known model class
primary_only_M2_seed_0064,primary_only,M2,64,1,0,0.004,0.0105,0.00375,parametric normalized R(T) with known model class
primary_only_M2_seed_0065,primary_only,M2,65,1,0,0.004,0.0105,0.00375,parametric normalized R(T) with known model class
primary_only_M2_seed_0066,primary_only,M2,66,1,0,0.004,0.0105,0.00375,parametric normalized R(T) with known model class
primary_only_M2_seed_0067,primary_only,M2,67,1,0,0.004,0.0105,0.00375,parametric normalized R(T) with known model class
primary_only_M2_seed_0068,primary_only,M2,68,1,0,0.004,0.0105,0.00375,parametric normalized R(T) with known model class
primary_only_M2_seed_0069,primary_only,M2,69,1,0,0.004,0.0105,0.00375,parametric normalized R(T) with known model class
primary_only_M2_seed_0070,primary_only,M2,70,1,0,0.004,0.0105,0.00375,parametric normalized R(T) with known model class
primary_only_M2_seed_0071,primary_only,M2,71,1,0,0.004,0.0105,0.00375,parametric normalized R(T) with known model class
primary_only_M2_seed_0072,primary_only,M2,72,1,0,0.004,0.0105,0.00375,parametric normalized R(T) with known model class
primary_only_M2_seed_0073,primary_only,M2,73,1,0,0.004,0.0105,0.00375,parametric normalized R(T) with known model class
primary_only_M2_seed_0074,primary_only,M2,74,1,0,0.004,0.0105,0.00375,parametric normalized R(T) with known model class
primary_only_M2_seed_0075,primary_only,M2,75,1,0,0.004,0.0105,0.00375,parametric normalized R(T) with known model class
primary_only_M2_seed_0076,primary_only,M2,76,1,0,0.004,0.0105,0.00375,parametric normalized R(T) with known model class
primary_only_M2_seed_0077,primary_only,M2,77,1,0,0.004,0.0105,0.00375,parametric normalized R(T) with known model class
primary_only_M2_seed_0078,primary_only,M2,78,1,0,0.004,0.0105,0.00375,parametric normalized R(T) with known model class
primary_only_M2_seed_0079,primary_only,M2,79,1,0,0.004,0.0105,0.00375,parametric normalized R(T) with known model class
primary_only_M2_seed_0080,primary_only,M2,80,1,0,0.004,0.0105,0.00375,parametric normalized R(T) with known model class
primary_only_mixed_seed_0001,primary_only,mixed,1,1,0,0.004,0.0105,0.00375,parametric normalized R(T) with known model class
primary_only_mixed_seed_0002,primary_only,mixed,2,1,0,0.004,0.0105,0.00375,parametric normalized R(T) with known model class
primary_only_mixed_seed_0003,primary_only,mixed,3,1,0,0.004,0.0105,0.00375,parametric normalized R(T) with known model class
primary_only_mixed_seed_0004,primary_only,mixed,4,1,0,0.004,0.0105,0.00375,parametric normalized R(T) with known model class
primary_only_mixed_seed_0005,primary_only,mixed,5,1,0,0.004,0.0105,0.00375,parametric normalized R(T) with known model class
primary_only_mixed_seed_0006,primary_only,mixed,6,1,0,0.004,0.0105,0.00375,parametric normalized R(T) with known model class
primary_only_mixed_seed_0007,primary_only,mixed,7,1,0,0.004,0.0105,0.00375,parametric normalized R(T) with known model class
primary_only_mixed_seed_0008,primary_only,mixed,8,1,0,0.004,0.0105,0.00375,parametric normalized R(T) with known model class
primary_only_mixed_seed_0009,primary_only,mixed,9,1,0,0.004,0.0105,0.00375,parametric normalized R(T) with known model class
primary_only_mixed_seed_0010,primary_only,mixed,10,1,0,0.004,0.0105,0.00375,parametric normalized R(T) with known model class
primary_only_mixed_seed_0011,primary_only,mixed,11,1,0,0.004,0.0105,0.00375,parametric normalized R(T) with known model class
primary_only_mixed_seed_0012,primary_only,mixed,12,1,0,0.004,0.0105,0.00375,parametric normalized R(T) with known model class
primary_only_mixed_seed_0013,primary_only,mixed,13,1,0,0.004,0.0105,0.00375,parametric normalized R(T) with known model class
primary_only_mixed_seed_0014,primary_only,mixed,14,1,0,0.004,0.0105,0.00375,parametric normalized R(T) with known model class
primary_only_mixed_seed_0015,primary_only,mixed,15,1,0,0.004,0.0105,0.00375,parametric normalized R(T) with known model class
primary_only_mixed_seed_0016,primary_only,mixed,16,1,0,0.004,0.0105,0.00375,parametric normalized R(T) with known model class
primary_only_mixed_seed_0017,primary_only,mixed,17,1,0,0.004,0.0105,0.00375,parametric normalized R(T) with known model class
primary_only_mixed_seed_0018,primary_only,mixed,18,1,0,0.004,0.0105,0.00375,parametric normalized R(T) with known model class
primary_only_mixed_seed_0019,primary_only,mixed,19,1,0,0.004,0.0105,0.00375,parametric normalized R(T) with known model class
primary_only_mixed_seed_0020,primary_only,mixed,20,1,0,0.004,0.0105,0.00375,parametric normalized R(T) with known model class
primary_only_mixed_seed_0021,primary_only,mixed,21,1,0,0.004,0.0105,0.00375,parametric normalized R(T) with known model class
primary_only_mixed_seed_0022,primary_only,mixed,22,1,0,0.004,0.0105,0.00375,parametric normalized R(T) with known model class
primary_only_mixed_seed_0023,primary_only,mixed,23,1,0,0.004,0.0105,0.00375,parametric normalized R(T) with known model class
primary_only_mixed_seed_0024,primary_only,mixed,24,1,0,0.004,0.0105,0.00375,parametric normalized R(T) with known model class
primary_only_mixed_seed_0025,primary_only,mixed,25,1,0,0.004,0.0105,0.00375,parametric normalized R(T) with known model class
primary_only_mixed_seed_0026,primary_only,mixed,26,1,0,0.004,0.0105,0.00375,parametric normalized R(T) with known model class
primary_only_mixed_seed_0027,primary_only,mixed,27,1,0,0.004,0.0105,0.00375,parametric normalized R(T) with known model class
primary_only_mixed_seed_0028,primary_only,mixed,28,1,0,0.004,0.0105,0.00375,parametric normalized R(T) with known model class
primary_only_mixed_seed_0029,primary_only,mixed,29,1,0,0.004,0.0105,0.00375,parametric normalized R(T) with known model class
primary_only_mixed_seed_0030,primary_only,mixed,30,1,0,0.004,0.0105,0.00375,parametric normalized R(T) with known model class
primary_only_mixed_seed_0031,primary_only,mixed,31,1,0,0.004,0.0105,0.00375,parametric normalized R(T) with known model class
primary_only_mixed_seed_0032,primary_only,mixed,32,1,0,0.004,0.0105,0.00375,parametric normalized R(T) with known model class
primary_only_mixed_seed_0033,primary_only,mixed,33,1,0,0.004,0.0105,0.00375,parametric normalized R(T) with known model class
primary_only_mixed_seed_0034,primary_only,mixed,34,1,0,0.004,0.0105,0.00375,parametric normalized R(T) with known model class
primary_only_mixed_seed_0035,primary_only,mixed,35,1,0,0.004,0.0105,0.00375,parametric normalized R(T) with known model class
primary_only_mixed_seed_0036,primary_only,mixed,36,1,0,0.004,0.0105,0.00375,parametric normalized R(T) with known model class
primary_only_mixed_seed_0037,primary_only,mixed,37,1,0,0.004,0.0105,0.00375,parametric normalized R(T) with known model class
primary_only_mixed_seed_0038,primary_only,mixed,38,1,0,0.004,0.0105,0.00375,parametric normalized R(T) with known model class
primary_only_mixed_seed_0039,primary_only,mixed,39,1,0,0.004,0.0105,0.00375,parametric normalized R(T) with known model class
primary_only_mixed_seed_0040,primary_only,mixed,40,1,0,0.004,0.0105,0.00375,parametric normalized R(T) with known model class
primary_only_mixed_seed_0041,primary_only,mixed,41,1,0,0.004,0.0105,0.00375,parametric normalized R(T) with known model class
primary_only_mixed_seed_0042,primary_only,mixed,42,1,0,0.004,0.0105,0.00375,parametric normalized R(T) with known model class
primary_only_mixed_seed_0043,primary_only,mixed,43,1,0,0.004,0.0105,0.00375,parametric normalized R(T) with known model class
primary_only_mixed_seed_0044,primary_only,mixed,44,1,0,0.004,0.0105,0.00375,parametric normalized R(T) with known model class
primary_only_mixed_seed_0045,primary_only,mixed,45,1,0,0.004,0.0105,0.00375,parametric normalized R(T) with known model class
primary_only_mixed_seed_0046,primary_only,mixed,46,1,0,0.004,0.0105,0.00375,parametric normalized R(T) with known model class
primary_only_mixed_seed_0047,primary_only,mixed,47,1,0,0.004,0.0105,0.00375,parametric normalized R(T) with known model class
primary_only_mixed_seed_0048,primary_only,mixed,48,1,0,0.004,0.0105,0.00375,parametric normalized R(T) with known model class
primary_only_mixed_seed_0049,primary_only,mixed,49,1,0,0.004,0.0105,0.00375,parametric normalized R(T) with known model class
primary_only_mixed_seed_0050,primary_only,mixed,50,1,0,0.004,0.0105,0.00375,parametric normalized R(T) with known model class
primary_only_mixed_seed_0051,primary_only,mixed,51,1,0,0.004,0.0105,0.00375,parametric normalized R(T) with known model class
primary_only_mixed_seed_0052,primary_only,mixed,52,1,0,0.004,0.0105,0.00375,parametric normalized R(T) with known model class
primary_only_mixed_seed_0053,primary_only,mixed,53,1,0,0.004,0.0105,0.00375,parametric normalized R(T) with known model class
primary_only_mixed_seed_0054,primary_only,mixed,54,1,0,0.004,0.0105,0.00375,parametric normalized R(T) with known model class
primary_only_mixed_seed_0055,primary_only,mixed,55,1,0,0.004,0.0105,0.00375,parametric normalized R(T) with known model class
primary_only_mixed_seed_0056,primary_only,mixed,56,1,0,0.004,0.0105,0.00375,parametric normalized R(T) with known model class
primary_only_mixed_seed_0057,primary_only,mixed,57,1,0,0.004,0.0105,0.00375,parametric normalized R(T) with known model class
primary_only_mixed_seed_0058,primary_only,mixed,58,1,0,0.004,0.0105,0.00375,parametric normalized R(T) with known model class
primary_only_mixed_seed_0059,primary_only,mixed,59,1,0,0.004,0.0105,0.00375,parametric normalized R(T) with known model class
primary_only_mixed_seed_0060,primary_only,mixed,60,1,0,0.004,0.0105,0.00375,parametric normalized R(T) with known model class
primary_only_mixed_seed_0061,primary_only,mixed,61,1,0,0.004,0.0105,0.00375,parametric normalized R(T) with known model class
primary_only_mixed_seed_0062,primary_only,mixed,62,1,0,0.004,0.0105,0.00375,parametric normalized R(T) with known model class
primary_only_mixed_seed_0063,primary_only,mixed,63,1,0,0.004,0.0105,0.00375,parametric normalized R(T) with known model class
primary_only_mixed_seed_0064,primary_only,mixed,64,1,0,0.004,0.0105,0.00375,parametric normalized R(T) with known model class
primary_only_mixed_seed_0065,primary_only,mixed,65,1,0,0.004,0.0105,0.00375,parametric normalized R(T) with known model class
primary_only_mixed_seed_0066,primary_only,mixed,66,1,0,0.004,0.0105,0.00375,parametric normalized R(T) with known model class
primary_only_mixed_seed_0067,primary_only,mixed,67,1,0,0.004,0.0105,0.00375,parametric normalized R(T) with known model class
primary_only_mixed_seed_0068,primary_only,mixed,68,1,0,0.004,0.0105,0.00375,parametric normalized R(T) with known model class
primary_only_mixed_seed_0069,primary_only,mixed,69,1,0,0.004,0.0105,0.00375,parametric normalized R(T) with known model class
primary_only_mixed_seed_0070,primary_only,mixed,70,1,0,0.004,0.0105,0.00375,parametric normalized R(T) with known model class
primary_only_mixed_seed_0071,primary_only,mixed,71,1,0,0.004,0.0105,0.00375,parametric normalized R(T) with known model class
primary_only_mixed_seed_0072,primary_only,mixed,72,1,0,0.004,0.0105,0.00375,parametric normalized R(T) with known model class
primary_only_mixed_seed_0073,primary_only,mixed,73,1,0,0.004,0.0105,0.00375,parametric normalized R(T) with known model class
primary_only_mixed_seed_0074,primary_only,mixed,74,1,0,0.004,0.0105,0.00375,parametric normalized R(T) with known model class
primary_only_mixed_seed_0075,primary_only,mixed,75,1,0,0.004,0.0105,0.00375,parametric normalized R(T) with known model class
primary_only_mixed_seed_0076,primary_only,mixed,76,1,0,0.004,0.0105,0.00375,parametric normalized R(T) with known model class
primary_only_mixed_seed_0077,primary_only,mixed,77,1,0,0.004,0.0105,0.00375,parametric normalized R(T) with known model class
primary_only_mixed_seed_0078,primary_only,mixed,78,1,0,0.004,0.0105,0.00375,parametric normalized R(T) with known model class
primary_only_mixed_seed_0079,primary_only,mixed,79,1,0,0.004,0.0105,0.00375,parametric normalized R(T) with known model class
primary_only_mixed_seed_0080,primary_only,mixed,80,1,0,0.004,0.0105,0.00375,parametric normalized R(T) with known model class
primary_secondary_M0_seed_0001,primary_secondary,M0,1,1,1,0.004,0.0105,0.00375,parametric normalized R(T) with known model class
primary_secondary_M0_seed_0002,primary_secondary,M0,2,1,1,0.004,0.0105,0.00375,parametric normalized R(T) with known model class
primary_secondary_M0_seed_0003,primary_secondary,M0,3,1,1,0.004,0.0105,0.00375,parametric normalized R(T) with known model class
primary_secondary_M0_seed_0004,primary_secondary,M0,4,1,1,0.004,0.0105,0.00375,parametric normalized R(T) with known model class
primary_secondary_M0_seed_0005,primary_secondary,M0,5,1,1,0.004,0.0105,0.00375,parametric normalized R(T) with known model class
primary_secondary_M0_seed_0006,primary_secondary,M0,6,1,1,0.004,0.0105,0.00375,parametric normalized R(T) with known model class
primary_secondary_M0_seed_0007,primary_secondary,M0,7,1,1,0.004,0.0105,0.00375,parametric normalized R(T) with known model class
primary_secondary_M0_seed_0008,primary_secondary,M0,8,1,1,0.004,0.0105,0.00375,parametric normalized R(T) with known model class
primary_secondary_M0_seed_0009,primary_secondary,M0,9,1,1,0.004,0.0105,0.00375,parametric normalized R(T) with known model class
primary_secondary_M0_seed_0010,primary_secondary,M0,10,1,1,0.004,0.0105,0.00375,parametric normalized R(T) with known model class
primary_secondary_M0_seed_0011,primary_secondary,M0,11,1,1,0.004,0.0105,0.00375,parametric normalized R(T) with known model class
primary_secondary_M0_seed_0012,primary_secondary,M0,12,1,1,0.004,0.0105,0.00375,parametric normalized R(T) with known model class
primary_secondary_M0_seed_0013,primary_secondary,M0,13,1,1,0.004,0.0105,0.00375,parametric normalized R(T) with known model class
primary_secondary_M0_seed_0014,primary_secondary,M0,14,1,1,0.004,0.0105,0.00375,parametric normalized R(T) with known model class
primary_secondary_M0_seed_0015,primary_secondary,M0,15,1,1,0.004,0.0105,0.00375,parametric normalized R(T) with known model class
primary_secondary_M0_seed_0016,primary_secondary,M0,16,1,1,0.004,0.0105,0.00375,parametric normalized R(T) with known model class
primary_secondary_M0_seed_0017,primary_secondary,M0,17,1,1,0.004,0.0105,0.00375,parametric normalized R(T) with known model class
primary_secondary_M0_seed_0018,primary_secondary,M0,18,1,1,0.004,0.0105,0.00375,parametric normalized R(T) with known model class
primary_secondary_M0_seed_0019,primary_secondary,M0,19,1,1,0.004,0.0105,0.00375,parametric normalized R(T) with known model class
primary_secondary_M0_seed_0020,primary_secondary,M0,20,1,1,0.004,0.0105,0.00375,parametric normalized R(T) with known model class
primary_secondary_M0_seed_0021,primary_secondary,M0,21,1,1,0.004,0.0105,0.00375,parametric normalized R(T) with known model class
primary_secondary_M0_seed_0022,primary_secondary,M0,22,1,1,0.004,0.0105,0.00375,parametric normalized R(T) with known model class
primary_secondary_M0_seed_0023,primary_secondary,M0,23,1,1,0.004,0.0105,0.00375,parametric normalized R(T) with known model class
primary_secondary_M0_seed_0024,primary_secondary,M0,24,1,1,0.004,0.0105,0.00375,parametric normalized R(T) with known model class
primary_secondary_M0_seed_0025,primary_secondary,M0,25,1,1,0.004,0.0105,0.00375,parametric normalized R(T) with known model class
primary_secondary_M0_seed_0026,primary_secondary,M0,26,1,1,0.004,0.0105,0.00375,parametric normalized R(T) with known model class
primary_secondary_M0_seed_0027,primary_secondary,M0,27,1,1,0.004,0.0105,0.00375,parametric normalized R(T) with known model class
primary_secondary_M0_seed_0028,primary_secondary,M0,28,1,1,0.004,0.0105,0.00375,parametric normalized R(T) with known model class
primary_secondary_M0_seed_0029,primary_secondary,M0,29,1,1,0.004,0.0105,0.00375,parametric normalized R(T) with known model class
primary_secondary_M0_seed_0030,primary_secondary,M0,30,1,1,0.004,0.0105,0.00375,parametric normalized R(T) with known model class
primary_secondary_M0_seed_0031,primary_secondary,M0,31,1,1,0.004,0.0105,0.00375,parametric normalized R(T) with known model class
primary_secondary_M0_seed_0032,primary_secondary,M0,32,1,1,0.004,0.0105,0.00375,parametric normalized R(T) with known model class
primary_secondary_M0_seed_0033,primary_secondary,M0,33,1,1,0.004,0.0105,0.00375,parametric normalized R(T) with known model class
primary_secondary_M0_seed_0034,primary_secondary,M0,34,1,1,0.004,0.0105,0.00375,parametric normalized R(T) with known model class
primary_secondary_M0_seed_0035,primary_secondary,M0,35,1,1,0.004,0.0105,0.00375,parametric normalized R(T) with known model class
primary_secondary_M0_seed_0036,primary_secondary,M0,36,1,1,0.004,0.0105,0.00375,parametric normalized R(T) with known model class
primary_secondary_M0_seed_0037,primary_secondary,M0,37,1,1,0.004,0.0105,0.00375,parametric normalized R(T) with known model class
primary_secondary_M0_seed_0038,primary_secondary,M0,38,1,1,0.004,0.0105,0.00375,parametric normalized R(T) with known model class
primary_secondary_M0_seed_0039,primary_secondary,M0,39,1,1,0.004,0.0105,0.00375,parametric normalized R(T) with known model class
primary_secondary_M0_seed_0040,primary_secondary,M0,40,1,1,0.004,0.0105,0.00375,parametric normalized R(T) with known model class
primary_secondary_M0_seed_0041,primary_secondary,M0,41,1,1,0.004,0.0105,0.00375,parametric normalized R(T) with known model class
primary_secondary_M0_seed_0042,primary_secondary,M0,42,1,1,0.004,0.0105,0.00375,parametric normalized R(T) with known model class
primary_secondary_M0_seed_0043,primary_secondary,M0,43,1,1,0.004,0.0105,0.00375,parametric normalized R(T) with known model class
primary_secondary_M0_seed_0044,primary_secondary,M0,44,1,1,0.004,0.0105,0.00375,parametric normalized R(T) with known model class
primary_secondary_M0_seed_0045,primary_secondary,M0,45,1,1,0.004,0.0105,0.00375,parametric normalized R(T) with known model class
primary_secondary_M0_seed_0046,primary_secondary,M0,46,1,1,0.004,0.0105,0.00375,parametric normalized R(T) with known model class
primary_secondary_M0_seed_0047,primary_secondary,M0,47,1,1,0.004,0.0105,0.00375,parametric normalized R(T) with known model class
primary_secondary_M0_seed_0048,primary_secondary,M0,48,1,1,0.004,0.0105,0.00375,parametric normalized R(T) with known model class
primary_secondary_M0_seed_0049,primary_secondary,M0,49,1,1,0.004,0.0105,0.00375,parametric normalized R(T) with known model class
primary_secondary_M0_seed_0050,primary_secondary,M0,50,1,1,0.004,0.0105,0.00375,parametric normalized R(T) with known model class
primary_secondary_M0_seed_0051,primary_secondary,M0,51,1,1,0.004,0.0105,0.00375,parametric normalized R(T) with known model class
primary_secondary_M0_seed_0052,primary_secondary,M0,52,1,1,0.004,0.0105,0.00375,parametric normalized R(T) with known model class
primary_secondary_M0_seed_0053,primary_secondary,M0,53,1,1,0.004,0.0105,0.00375,parametric normalized R(T) with known model class
primary_secondary_M0_seed_0054,primary_secondary,M0,54,1,1,0.004,0.0105,0.00375,parametric normalized R(T) with known model class
primary_secondary_M0_seed_0055,primary_secondary,M0,55,1,1,0.004,0.0105,0.00375,parametric normalized R(T) with known model class
primary_secondary_M0_seed_0056,primary_secondary,M0,56,1,1,0.004,0.0105,0.00375,parametric normalized R(T) with known model class
primary_secondary_M0_seed_0057,primary_secondary,M0,57,1,1,0.004,0.0105,0.00375,parametric normalized R(T) with known model class
primary_secondary_M0_seed_0058,primary_secondary,M0,58,1,1,0.004,0.0105,0.00375,parametric normalized R(T) with known model class
primary_secondary_M0_seed_0059,primary_secondary,M0,59,1,1,0.004,0.0105,0.00375,parametric normalized R(T) with known model class
primary_secondary_M0_seed_0060,primary_secondary,M0,60,1,1,0.004,0.0105,0.00375,parametric normalized R(T) with known model class
primary_secondary_M0_seed_0061,primary_secondary,M0,61,1,1,0.004,0.0105,0.00375,parametric normalized R(T) with known model class
primary_secondary_M0_seed_0062,primary_secondary,M0,62,1,1,0.004,0.0105,0.00375,parametric normalized R(T) with known model class
primary_secondary_M0_seed_0063,primary_secondary,M0,63,1,1,0.004,0.0105,0.00375,parametric normalized R(T) with known model class
primary_secondary_M0_seed_0064,primary_secondary,M0,64,1,1,0.004,0.0105,0.00375,parametric normalized R(T) with known model class
primary_secondary_M0_seed_0065,primary_secondary,M0,65,1,1,0.004,0.0105,0.00375,parametric normalized R(T) with known model class
primary_secondary_M0_seed_0066,primary_secondary,M0,66,1,1,0.004,0.0105,0.00375,parametric normalized R(T) with known model class
primary_secondary_M0_seed_0067,primary_secondary,M0,67,1,1,0.004,0.0105,0.00375,parametric normalized R(T) with known model class
primary_secondary_M0_seed_0068,primary_secondary,M0,68,1,1,0.004,0.0105,0.00375,parametric normalized R(T) with known model class
primary_secondary_M0_seed_0069,primary_secondary,M0,69,1,1,0.004,0.0105,0.00375,parametric normalized R(T) with known model class
primary_secondary_M0_seed_0070,primary_secondary,M0,70,1,1,0.004,0.0105,0.00375,parametric normalized R(T) with known model class
primary_secondary_M0_seed_0071,primary_secondary,M0,71,1,1,0.004,0.0105,0.00375,parametric normalized R(T) with known model class
primary_secondary_M0_seed_0072,primary_secondary,M0,72,1,1,0.004,0.0105,0.00375,parametric normalized R(T) with known model class
primary_secondary_M0_seed_0073,primary_secondary,M0,73,1,1,0.004,0.0105,0.00375,parametric normalized R(T) with known model class
primary_secondary_M0_seed_0074,primary_secondary,M0,74,1,1,0.004,0.0105,0.00375,parametric normalized R(T) with known model class
primary_secondary_M0_seed_0075,primary_secondary,M0,75,1,1,0.004,0.0105,0.00375,parametric normalized R(T) with known model class
primary_secondary_M0_seed_0076,primary_secondary,M0,76,1,1,0.004,0.0105,0.00375,parametric normalized R(T) with known model class
primary_secondary_M0_seed_0077,primary_secondary,M0,77,1,1,0.004,0.0105,0.00375,parametric normalized R(T) with known model class
primary_secondary_M0_seed_0078,primary_secondary,M0,78,1,1,0.004,0.0105,0.00375,parametric normalized R(T) with known model class
primary_secondary_M0_seed_0079,primary_secondary,M0,79,1,1,0.004,0.0105,0.00375,parametric normalized R(T) with known model class
primary_secondary_M0_seed_0080,primary_secondary,M0,80,1,1,0.004,0.0105,0.00375,parametric normalized R(T) with known model class
primary_secondary_M1_seed_0001,primary_secondary,M1,1,1,1,0.004,0.0105,0.00375,parametric normalized R(T) with known model class
primary_secondary_M1_seed_0002,primary_secondary,M1,2,1,1,0.004,0.0105,0.00375,parametric normalized R(T) with known model class
primary_secondary_M1_seed_0003,primary_secondary,M1,3,1,1,0.004,0.0105,0.00375,parametric normalized R(T) with known model class
primary_secondary_M1_seed_0004,primary_secondary,M1,4,1,1,0.004,0.0105,0.00375,parametric normalized R(T) with known model class
primary_secondary_M1_seed_0005,primary_secondary,M1,5,1,1,0.004,0.0105,0.00375,parametric normalized R(T) with known model class
primary_secondary_M1_seed_0006,primary_secondary,M1,6,1,1,0.004,0.0105,0.00375,parametric normalized R(T) with known model class
primary_secondary_M1_seed_0007,primary_secondary,M1,7,1,1,0.004,0.0105,0.00375,parametric normalized R(T) with known model class
primary_secondary_M1_seed_0008,primary_secondary,M1,8,1,1,0.004,0.0105,0.00375,parametric normalized R(T) with known model class
primary_secondary_M1_seed_0009,primary_secondary,M1,9,1,1,0.004,0.0105,0.00375,parametric normalized R(T) with known model class
primary_secondary_M1_seed_0010,primary_secondary,M1,10,1,1,0.004,0.0105,0.00375,parametric normalized R(T) with known model class
primary_secondary_M1_seed_0011,primary_secondary,M1,11,1,1,0.004,0.0105,0.00375,parametric normalized R(T) with known model class
primary_secondary_M1_seed_0012,primary_secondary,M1,12,1,1,0.004,0.0105,0.00375,parametric normalized R(T) with known model class
primary_secondary_M1_seed_0013,primary_secondary,M1,13,1,1,0.004,0.0105,0.00375,parametric normalized R(T) with known model class
primary_secondary_M1_seed_0014,primary_secondary,M1,14,1,1,0.004,0.0105,0.00375,parametric normalized R(T) with known model class
primary_secondary_M1_seed_0015,primary_secondary,M1,15,1,1,0.004,0.0105,0.00375,parametric normalized R(T) with known model class
primary_secondary_M1_seed_0016,primary_secondary,M1,16,1,1,0.004,0.0105,0.00375,parametric normalized R(T) with known model class
primary_secondary_M1_seed_0017,primary_secondary,M1,17,1,1,0.004,0.0105,0.00375,parametric normalized R(T) with known model class
primary_secondary_M1_seed_0018,primary_secondary,M1,18,1,1,0.004,0.0105,0.00375,parametric normalized R(T) with known model class
primary_secondary_M1_seed_0019,primary_secondary,M1,19,1,1,0.004,0.0105,0.00375,parametric normalized R(T) with known model class
primary_secondary_M1_seed_0020,primary_secondary,M1,20,1,1,0.004,0.0105,0.00375,parametric normalized R(T) with known model class
primary_secondary_M1_seed_0021,primary_secondary,M1,21,1,1,0.004,0.0105,0.00375,parametric normalized R(T) with known model class
primary_secondary_M1_seed_0022,primary_secondary,M1,22,1,1,0.004,0.0105,0.00375,parametric normalized R(T) with known model class
primary_secondary_M1_seed_0023,primary_secondary,M1,23,1,1,0.004,0.0105,0.00375,parametric normalized R(T) with known model class
primary_secondary_M1_seed_0024,primary_secondary,M1,24,1,1,0.004,0.0105,0.00375,parametric normalized R(T) with known model class
primary_secondary_M1_seed_0025,primary_secondary,M1,25,1,1,0.004,0.0105,0.00375,parametric normalized R(T) with known model class
primary_secondary_M1_seed_0026,primary_secondary,M1,26,1,1,0.004,0.0105,0.00375,parametric normalized R(T) with known model class
primary_secondary_M1_seed_0027,primary_secondary,M1,27,1,1,0.004,0.0105,0.00375,parametric normalized R(T) with known model class
primary_secondary_M1_seed_0028,primary_secondary,M1,28,1,1,0.004,0.0105,0.00375,parametric normalized R(T) with known model class
primary_secondary_M1_seed_0029,primary_secondary,M1,29,1,1,0.004,0.0105,0.00375,parametric normalized R(T) with known model class
primary_secondary_M1_seed_0030,primary_secondary,M1,30,1,1,0.004,0.0105,0.00375,parametric normalized R(T) with known model class
primary_secondary_M1_seed_0031,primary_secondary,M1,31,1,1,0.004,0.0105,0.00375,parametric normalized R(T) with known model class
primary_secondary_M1_seed_0032,primary_secondary,M1,32,1,1,0.004,0.0105,0.00375,parametric normalized R(T) with known model class
primary_secondary_M1_seed_0033,primary_secondary,M1,33,1,1,0.004,0.0105,0.00375,parametric normalized R(T) with known model class
primary_secondary_M1_seed_0034,primary_secondary,M1,34,1,1,0.004,0.0105,0.00375,parametric normalized R(T) with known model class
primary_secondary_M1_seed_0035,primary_secondary,M1,35,1,1,0.004,0.0105,0.00375,parametric normalized R(T) with known model class
primary_secondary_M1_seed_0036,primary_secondary,M1,36,1,1,0.004,0.0105,0.00375,parametric normalized R(T) with known model class
primary_secondary_M1_seed_0037,primary_secondary,M1,37,1,1,0.004,0.0105,0.00375,parametric normalized R(T) with known model class
primary_secondary_M1_seed_0038,primary_secondary,M1,38,1,1,0.004,0.0105,0.00375,parametric normalized R(T) with known model class
primary_secondary_M1_seed_0039,primary_secondary,M1,39,1,1,0.004,0.0105,0.00375,parametric normalized R(T) with known model class
primary_secondary_M1_seed_0040,primary_secondary,M1,40,1,1,0.004,0.0105,0.00375,parametric normalized R(T) with known model class
primary_secondary_M1_seed_0041,primary_secondary,M1,41,1,1,0.004,0.0105,0.00375,parametric normalized R(T) with known model class
primary_secondary_M1_seed_0042,primary_secondary,M1,42,1,1,0.004,0.0105,0.00375,parametric normalized R(T) with known model class
primary_secondary_M1_seed_0043,primary_secondary,M1,43,1,1,0.004,0.0105,0.00375,parametric normalized R(T) with known model class
primary_secondary_M1_seed_0044,primary_secondary,M1,44,1,1,0.004,0.0105,0.00375,parametric normalized R(T) with known model class
primary_secondary_M1_seed_0045,primary_secondary,M1,45,1,1,0.004,0.0105,0.00375,parametric normalized R(T) with known model class
primary_secondary_M1_seed_0046,primary_secondary,M1,46,1,1,0.004,0.0105,0.00375,parametric normalized R(T) with known model class
primary_secondary_M1_seed_0047,primary_secondary,M1,47,1,1,0.004,0.0105,0.00375,parametric normalized R(T) with known model class
primary_secondary_M1_seed_0048,primary_secondary,M1,48,1,1,0.004,0.0105,0.00375,parametric normalized R(T) with known model class
primary_secondary_M1_seed_0049,primary_secondary,M1,49,1,1,0.004,0.0105,0.00375,parametric normalized R(T) with known model class
primary_secondary_M1_seed_0050,primary_secondary,M1,50,1,1,0.004,0.0105,0.00375,parametric normalized R(T) with known model class
primary_secondary_M1_seed_0051,primary_secondary,M1,51,1,1,0.004,0.0105,0.00375,parametric normalized R(T) with known model class
primary_secondary_M1_seed_0052,primary_secondary,M1,52,1,1,0.004,0.0105,0.00375,parametric normalized R(T) with known model class
primary_secondary_M1_seed_0053,primary_secondary,M1,53,1,1,0.004,0.0105,0.00375,parametric normalized R(T) with known model class
primary_secondary_M1_seed_0054,primary_secondary,M1,54,1,1,0.004,0.0105,0.00375,parametric normalized R(T) with known model class
primary_secondary_M1_seed_0055,primary_secondary,M1,55,1,1,0.004,0.0105,0.00375,parametric normalized R(T) with known model class
primary_secondary_M1_seed_0056,primary_secondary,M1,56,1,1,0.004,0.0105,0.00375,parametric normalized R(T) with known model class
primary_secondary_M1_seed_0057,primary_secondary,M1,57,1,1,0.004,0.0105,0.00375,parametric normalized R(T) with known model class
primary_secondary_M1_seed_0058,primary_secondary,M1,58,1,1,0.004,0.0105,0.00375,parametric normalized R(T) with known model class
primary_secondary_M1_seed_0059,primary_secondary,M1,59,1,1,0.004,0.0105,0.00375,parametric normalized R(T) with known model class
primary_secondary_M1_seed_0060,primary_secondary,M1,60,1,1,0.004,0.0105,0.00375,parametric normalized R(T) with known model class
primary_secondary_M1_seed_0061,primary_secondary,M1,61,1,1,0.004,0.0105,0.00375,parametric normalized R(T) with known model class
primary_secondary_M1_seed_0062,primary_secondary,M1,62,1,1,0.004,0.0105,0.00375,parametric normalized R(T) with known model class
primary_secondary_M1_seed_0063,primary_secondary,M1,63,1,1,0.004,0.0105,0.00375,parametric normalized R(T) with known model class
primary_secondary_M1_seed_0064,primary_secondary,M1,64,1,1,0.004,0.0105,0.00375,parametric normalized R(T) with known model class
primary_secondary_M1_seed_0065,primary_secondary,M1,65,1,1,0.004,0.0105,0.00375,parametric normalized R(T) with known model class
primary_secondary_M1_seed_0066,primary_secondary,M1,66,1,1,0.004,0.0105,0.00375,parametric normalized R(T) with known model class
primary_secondary_M1_seed_0067,primary_secondary,M1,67,1,1,0.004,0.0105,0.00375,parametric normalized R(T) with known model class
primary_secondary_M1_seed_0068,primary_secondary,M1,68,1,1,0.004,0.0105,0.00375,parametric normalized R(T) with known model class
primary_secondary_M1_seed_0069,primary_secondary,M1,69,1,1,0.004,0.0105,0.00375,parametric normalized R(T) with known model class
primary_secondary_M1_seed_0070,primary_secondary,M1,70,1,1,0.004,0.0105,0.00375,parametric normalized R(T) with known model class
primary_secondary_M1_seed_0071,primary_secondary,M1,71,1,1,0.004,0.0105,0.00375,parametric normalized R(T) with known model class
primary_secondary_M1_seed_0072,primary_secondary,M1,72,1,1,0.004,0.0105,0.00375,parametric normalized R(T) with known model class
primary_secondary_M1_seed_0073,primary_secondary,M1,73,1,1,0.004,0.0105,0.00375,parametric normalized R(T) with known model class
primary_secondary_M1_seed_0074,primary_secondary,M1,74,1,1,0.004,0.0105,0.00375,parametric normalized R(T) with known model class
primary_secondary_M1_seed_0075,primary_secondary,M1,75,1,1,0.004,0.0105,0.00375,parametric normalized R(T) with known model class
primary_secondary_M1_seed_0076,primary_secondary,M1,76,1,1,0.004,0.0105,0.00375,parametric normalized R(T) with known model class
primary_secondary_M1_seed_0077,primary_secondary,M1,77,1,1,0.004,0.0105,0.00375,parametric normalized R(T) with known model class
primary_secondary_M1_seed_0078,primary_secondary,M1,78,1,1,0.004,0.0105,0.00375,parametric normalized R(T) with known model class
primary_secondary_M1_seed_0079,primary_secondary,M1,79,1,1,0.004,0.0105,0.00375,parametric normalized R(T) with known model class
primary_secondary_M1_seed_0080,primary_secondary,M1,80,1,1,0.004,0.0105,0.00375,parametric normalized R(T) with known model class
primary_secondary_M2_seed_0001,primary_secondary,M2,1,1,1,0.004,0.0105,0.00375,parametric normalized R(T) with known model class
primary_secondary_M2_seed_0002,primary_secondary,M2,2,1,1,0.004,0.0105,0.00375,parametric normalized R(T) with known model class
primary_secondary_M2_seed_0003,primary_secondary,M2,3,1,1,0.004,0.0105,0.00375,parametric normalized R(T) with known model class
primary_secondary_M2_seed_0004,primary_secondary,M2,4,1,1,0.004,0.0105,0.00375,parametric normalized R(T) with known model class
primary_secondary_M2_seed_0005,primary_secondary,M2,5,1,1,0.004,0.0105,0.00375,parametric normalized R(T) with known model class
primary_secondary_M2_seed_0006,primary_secondary,M2,6,1,1,0.004,0.0105,0.00375,parametric normalized R(T) with known model class
primary_secondary_M2_seed_0007,primary_secondary,M2,7,1,1,0.004,0.0105,0.00375,parametric normalized R(T) with known model class
primary_secondary_M2_seed_0008,primary_secondary,M2,8,1,1,0.004,0.0105,0.00375,parametric normalized R(T) with known model class
primary_secondary_M2_seed_0009,primary_secondary,M2,9,1,1,0.004,0.0105,0.00375,parametric normalized R(T) with known model class
primary_secondary_M2_seed_0010,primary_secondary,M2,10,1,1,0.004,0.0105,0.00375,parametric normalized R(T) with known model class
primary_secondary_M2_seed_0011,primary_secondary,M2,11,1,1,0.004,0.0105,0.00375,parametric normalized R(T) with known model class
primary_secondary_M2_seed_0012,primary_secondary,M2,12,1,1,0.004,0.0105,0.00375,parametric normalized R(T) with known model class
primary_secondary_M2_seed_0013,primary_secondary,M2,13,1,1,0.004,0.0105,0.00375,parametric normalized R(T) with known model class
primary_secondary_M2_seed_0014,primary_secondary,M2,14,1,1,0.004,0.0105,0.00375,parametric normalized R(T) with known model class
primary_secondary_M2_seed_0015,primary_secondary,M2,15,1,1,0.004,0.0105,0.00375,parametric normalized R(T) with known model class
primary_secondary_M2_seed_0016,primary_secondary,M2,16,1,1,0.004,0.0105,0.00375,parametric normalized R(T) with known model class
primary_secondary_M2_seed_0017,primary_secondary,M2,17,1,1,0.004,0.0105,0.00375,parametric normalized R(T) with known model class
primary_secondary_M2_seed_0018,primary_secondary,M2,18,1,1,0.004,0.0105,0.00375,parametric normalized R(T) with known model class
primary_secondary_M2_seed_0019,primary_secondary,M2,19,1,1,0.004,0.0105,0.00375,parametric normalized R(T) with known model class
primary_secondary_M2_seed_0020,primary_secondary,M2,20,1,1,0.004,0.0105,0.00375,parametric normalized R(T) with known model class
primary_secondary_M2_seed_0021,primary_secondary,M2,21,1,1,0.004,0.0105,0.00375,parametric normalized R(T) with known model class
primary_secondary_M2_seed_0022,primary_secondary,M2,22,1,1,0.004,0.0105,0.00375,parametric normalized R(T) with known model class
primary_secondary_M2_seed_0023,primary_secondary,M2,23,1,1,0.004,0.0105,0.00375,parametric normalized R(T) with known model class
primary_secondary_M2_seed_0024,primary_secondary,M2,24,1,1,0.004,0.0105,0.00375,parametric normalized R(T) with known model class
primary_secondary_M2_seed_0025,primary_secondary,M2,25,1,1,0.004,0.0105,0.00375,parametric normalized R(T) with known model class
primary_secondary_M2_seed_0026,primary_secondary,M2,26,1,1,0.004,0.0105,0.00375,parametric normalized R(T) with known model class
primary_secondary_M2_seed_0027,primary_secondary,M2,27,1,1,0.004,0.0105,0.00375,parametric normalized R(T) with known model class
primary_secondary_M2_seed_0028,primary_secondary,M2,28,1,1,0.004,0.0105,0.00375,parametric normalized R(T) with known model class
primary_secondary_M2_seed_0029,primary_secondary,M2,29,1,1,0.004,0.0105,0.00375,parametric normalized R(T) with known model class
primary_secondary_M2_seed_0030,primary_secondary,M2,30,1,1,0.004,0.0105,0.00375,parametric normalized R(T) with known model class
primary_secondary_M2_seed_0031,primary_secondary,M2,31,1,1,0.004,0.0105,0.00375,parametric normalized R(T) with known model class
primary_secondary_M2_seed_0032,primary_secondary,M2,32,1,1,0.004,0.0105,0.00375,parametric normalized R(T) with known model class
primary_secondary_M2_seed_0033,primary_secondary,M2,33,1,1,0.004,0.0105,0.00375,parametric normalized R(T) with known model class
primary_secondary_M2_seed_0034,primary_secondary,M2,34,1,1,0.004,0.0105,0.00375,parametric normalized R(T) with known model class
primary_secondary_M2_seed_0035,primary_secondary,M2,35,1,1,0.004,0.0105,0.00375,parametric normalized R(T) with known model class
primary_secondary_M2_seed_0036,primary_secondary,M2,36,1,1,0.004,0.0105,0.00375,parametric normalized R(T) with known model class
primary_secondary_M2_seed_0037,primary_secondary,M2,37,1,1,0.004,0.0105,0.00375,parametric normalized R(T) with known model class
primary_secondary_M2_seed_0038,primary_secondary,M2,38,1,1,0.004,0.0105,0.00375,parametric normalized R(T) with known model class
primary_secondary_M2_seed_0039,primary_secondary,M2,39,1,1,0.004,0.0105,0.00375,parametric normalized R(T) with known model class
primary_secondary_M2_seed_0040,primary_secondary,M2,40,1,1,0.004,0.0105,0.00375,parametric normalized R(T) with known model class
primary_secondary_M2_seed_0041,primary_secondary,M2,41,1,1,0.004,0.0105,0.00375,parametric normalized R(T) with known model class
primary_secondary_M2_seed_0042,primary_secondary,M2,42,1,1,0.004,0.0105,0.00375,parametric normalized R(T) with known model class
primary_secondary_M2_seed_0043,primary_secondary,M2,43,1,1,0.004,0.0105,0.00375,parametric normalized R(T) with known model class
primary_secondary_M2_seed_0044,primary_secondary,M2,44,1,1,0.004,0.0105,0.00375,parametric normalized R(T) with known model class
primary_secondary_M2_seed_0045,primary_secondary,M2,45,1,1,0.004,0.0105,0.00375,parametric normalized R(T) with known model class
primary_secondary_M2_seed_0046,primary_secondary,M2,46,1,1,0.004,0.0105,0.00375,parametric normalized R(T) with known model class
primary_secondary_M2_seed_0047,primary_secondary,M2,47,1,1,0.004,0.0105,0.00375,parametric normalized R(T) with known model class
primary_secondary_M2_seed_0048,primary_secondary,M2,48,1,1,0.004,0.0105,0.00375,parametric normalized R(T) with known model class
primary_secondary_M2_seed_0049,primary_secondary,M2,49,1,1,0.004,0.0105,0.00375,parametric normalized R(T) with known model class
primary_secondary_M2_seed_0050,primary_secondary,M2,50,1,1,0.004,0.0105,0.00375,parametric normalized R(T) with known model class
primary_secondary_M2_seed_0051,primary_secondary,M2,51,1,1,0.004,0.0105,0.00375,parametric normalized R(T) with known model class
primary_secondary_M2_seed_0052,primary_secondary,M2,52,1,1,0.004,0.0105,0.00375,parametric normalized R(T) with known model class
primary_secondary_M2_seed_0053,primary_secondary,M2,53,1,1,0.004,0.0105,0.00375,parametric normalized R(T) with known model class
primary_secondary_M2_seed_0054,primary_secondary,M2,54,1,1,0.004,0.0105,0.00375,parametric normalized R(T) with known model class
primary_secondary_M2_seed_0055,primary_secondary,M2,55,1,1,0.004,0.0105,0.00375,parametric normalized R(T) with known model class
primary_secondary_M2_seed_0056,primary_secondary,M2,56,1,1,0.004,0.0105,0.00375,parametric normalized R(T) with known model class
primary_secondary_M2_seed_0057,primary_secondary,M2,57,1,1,0.004,0.0105,0.00375,parametric normalized R(T) with known model class
primary_secondary_M2_seed_0058,primary_secondary,M2,58,1,1,0.004,0.0105,0.00375,parametric normalized R(T) with known model class
primary_secondary_M2_seed_0059,primary_secondary,M2,59,1,1,0.004,0.0105,0.00375,parametric normalized R(T) with known model class
primary_secondary_M2_seed_0060,primary_secondary,M2,60,1,1,0.004,0.0105,0.00375,parametric normalized R(T) with known model class
primary_secondary_M2_seed_0061,primary_secondary,M2,61,1,1,0.004,0.0105,0.00375,parametric normalized R(T) with known model class
primary_secondary_M2_seed_0062,primary_secondary,M2,62,1,1,0.004,0.0105,0.00375,parametric normalized R(T) with known model class
primary_secondary_M2_seed_0063,primary_secondary,M2,63,1,1,0.004,0.0105,0.00375,parametric normalized R(T) with known model class
primary_secondary_M2_seed_0064,primary_secondary,M2,64,1,1,0.004,0.0105,0.00375,parametric normalized R(T) with known model class
primary_secondary_M2_seed_0065,primary_secondary,M2,65,1,1,0.004,0.0105,0.00375,parametric normalized R(T) with known model class
primary_secondary_M2_seed_0066,primary_secondary,M2,66,1,1,0.004,0.0105,0.00375,parametric normalized R(T) with known model class
primary_secondary_M2_seed_0067,primary_secondary,M2,67,1,1,0.004,0.0105,0.00375,parametric normalized R(T) with known model class
primary_secondary_M2_seed_0068,primary_secondary,M2,68,1,1,0.004,0.0105,0.00375,parametric normalized R(T) with known model class
primary_secondary_M2_seed_0069,primary_secondary,M2,69,1,1,0.004,0.0105,0.00375,parametric normalized R(T) with known model class
primary_secondary_M2_seed_0070,primary_secondary,M2,70,1,1,0.004,0.0105,0.00375,parametric normalized R(T) with known model class
primary_secondary_M2_seed_0071,primary_secondary,M2,71,1,1,0.004,0.0105,0.00375,parametric normalized R(T) with known model class
primary_secondary_M2_seed_0072,primary_secondary,M2,72,1,1,0.004,0.0105,0.00375,parametric normalized R(T) with known model class
primary_secondary_M2_seed_0073,primary_secondary,M2,73,1,1,0.004,0.0105,0.00375,parametric normalized R(T) with known model class
primary_secondary_M2_seed_0074,primary_secondary,M2,74,1,1,0.004,0.0105,0.00375,parametric normalized R(T) with known model class
primary_secondary_M2_seed_0075,primary_secondary,M2,75,1,1,0.004,0.0105,0.00375,parametric normalized R(T) with known model class
primary_secondary_M2_seed_0076,primary_secondary,M2,76,1,1,0.004,0.0105,0.00375,parametric normalized R(T) with known model class
primary_secondary_M2_seed_0077,primary_secondary,M2,77,1,1,0.004,0.0105,0.00375,parametric normalized R(T) with known model class
primary_secondary_M2_seed_0078,primary_secondary,M2,78,1,1,0.004,0.0105,0.00375,parametric normalized R(T) with known model class
primary_secondary_M2_seed_0079,primary_secondary,M2,79,1,1,0.004,0.0105,0.00375,parametric normalized R(T) with known model class
primary_secondary_M2_seed_0080,primary_secondary,M2,80,1,1,0.004,0.0105,0.00375,parametric normalized R(T) with known model class
primary_secondary_mixed_seed_0001,primary_secondary,mixed,1,1,1,0.004,0.0105,0.00375,parametric normalized R(T) with known model class
primary_secondary_mixed_seed_0002,primary_secondary,mixed,2,1,1,0.004,0.0105,0.00375,parametric normalized R(T) with known model class
primary_secondary_mixed_seed_0003,primary_secondary,mixed,3,1,1,0.004,0.0105,0.00375,parametric normalized R(T) with known model class
primary_secondary_mixed_seed_0004,primary_secondary,mixed,4,1,1,0.004,0.0105,0.00375,parametric normalized R(T) with known model class
primary_secondary_mixed_seed_0005,primary_secondary,mixed,5,1,1,0.004,0.0105,0.00375,parametric normalized R(T) with known model class
primary_secondary_mixed_seed_0006,primary_secondary,mixed,6,1,1,0.004,0.0105,0.00375,parametric normalized R(T) with known model class
primary_secondary_mixed_seed_0007,primary_secondary,mixed,7,1,1,0.004,0.0105,0.00375,parametric normalized R(T) with known model class
primary_secondary_mixed_seed_0008,primary_secondary,mixed,8,1,1,0.004,0.0105,0.00375,parametric normalized R(T) with known model class
primary_secondary_mixed_seed_0009,primary_secondary,mixed,9,1,1,0.004,0.0105,0.00375,parametric normalized R(T) with known model class
primary_secondary_mixed_seed_0010,primary_secondary,mixed,10,1,1,0.004,0.0105,0.00375,parametric normalized R(T) with known model class
primary_secondary_mixed_seed_0011,primary_secondary,mixed,11,1,1,0.004,0.0105,0.00375,parametric normalized R(T) with known model class
primary_secondary_mixed_seed_0012,primary_secondary,mixed,12,1,1,0.004,0.0105,0.00375,parametric normalized R(T) with known model class
primary_secondary_mixed_seed_0013,primary_secondary,mixed,13,1,1,0.004,0.0105,0.00375,parametric normalized R(T) with known model class
primary_secondary_mixed_seed_0014,primary_secondary,mixed,14,1,1,0.004,0.0105,0.00375,parametric normalized R(T) with known model class
primary_secondary_mixed_seed_0015,primary_secondary,mixed,15,1,1,0.004,0.0105,0.00375,parametric normalized R(T) with known model class
primary_secondary_mixed_seed_0016,primary_secondary,mixed,16,1,1,0.004,0.0105,0.00375,parametric normalized R(T) with known model class
primary_secondary_mixed_seed_0017,primary_secondary,mixed,17,1,1,0.004,0.0105,0.00375,parametric normalized R(T) with known model class
primary_secondary_mixed_seed_0018,primary_secondary,mixed,18,1,1,0.004,0.0105,0.00375,parametric normalized R(T) with known model class
primary_secondary_mixed_seed_0019,primary_secondary,mixed,19,1,1,0.004,0.0105,0.00375,parametric normalized R(T) with known model class
primary_secondary_mixed_seed_0020,primary_secondary,mixed,20,1,1,0.004,0.0105,0.00375,parametric normalized R(T) with known model class
primary_secondary_mixed_seed_0021,primary_secondary,mixed,21,1,1,0.004,0.0105,0.00375,parametric normalized R(T) with known model class
primary_secondary_mixed_seed_0022,primary_secondary,mixed,22,1,1,0.004,0.0105,0.00375,parametric normalized R(T) with known model class
primary_secondary_mixed_seed_0023,primary_secondary,mixed,23,1,1,0.004,0.0105,0.00375,parametric normalized R(T) with known model class
primary_secondary_mixed_seed_0024,primary_secondary,mixed,24,1,1,0.004,0.0105,0.00375,parametric normalized R(T) with known model class
primary_secondary_mixed_seed_0025,primary_secondary,mixed,25,1,1,0.004,0.0105,0.00375,parametric normalized R(T) with known model class
primary_secondary_mixed_seed_0026,primary_secondary,mixed,26,1,1,0.004,0.0105,0.00375,parametric normalized R(T) with known model class
primary_secondary_mixed_seed_0027,primary_secondary,mixed,27,1,1,0.004,0.0105,0.00375,parametric normalized R(T) with known model class
primary_secondary_mixed_seed_0028,primary_secondary,mixed,28,1,1,0.004,0.0105,0.00375,parametric normalized R(T) with known model class
primary_secondary_mixed_seed_0029,primary_secondary,mixed,29,1,1,0.004,0.0105,0.00375,parametric normalized R(T) with known model class
primary_secondary_mixed_seed_0030,primary_secondary,mixed,30,1,1,0.004,0.0105,0.00375,parametric normalized R(T) with known model class
primary_secondary_mixed_seed_0031,primary_secondary,mixed,31,1,1,0.004,0.0105,0.00375,parametric normalized R(T) with known model class
primary_secondary_mixed_seed_0032,primary_secondary,mixed,32,1,1,0.004,0.0105,0.00375,parametric normalized R(T) with known model class
primary_secondary_mixed_seed_0033,primary_secondary,mixed,33,1,1,0.004,0.0105,0.00375,parametric normalized R(T) with known model class
primary_secondary_mixed_seed_0034,primary_secondary,mixed,34,1,1,0.004,0.0105,0.00375,parametric normalized R(T) with known model class
primary_secondary_mixed_seed_0035,primary_secondary,mixed,35,1,1,0.004,0.0105,0.00375,parametric normalized R(T) with known model class
primary_secondary_mixed_seed_0036,primary_secondary,mixed,36,1,1,0.004,0.0105,0.00375,parametric normalized R(T) with known model class
primary_secondary_mixed_seed_0037,primary_secondary,mixed,37,1,1,0.004,0.0105,0.00375,parametric normalized R(T) with known model class
primary_secondary_mixed_seed_0038,primary_secondary,mixed,38,1,1,0.004,0.0105,0.00375,parametric normalized R(T) with known model class
primary_secondary_mixed_seed_0039,primary_secondary,mixed,39,1,1,0.004,0.0105,0.00375,parametric normalized R(T) with known model class
primary_secondary_mixed_seed_0040,primary_secondary,mixed,40,1,1,0.004,0.0105,0.00375,parametric normalized R(T) with known model class
primary_secondary_mixed_seed_0041,primary_secondary,mixed,41,1,1,0.004,0.0105,0.00375,parametric normalized R(T) with known model class
primary_secondary_mixed_seed_0042,primary_secondary,mixed,42,1,1,0.004,0.0105,0.00375,parametric normalized R(T) with known model class
primary_secondary_mixed_seed_0043,primary_secondary,mixed,43,1,1,0.004,0.0105,0.00375,parametric normalized R(T) with known model class
primary_secondary_mixed_seed_0044,primary_secondary,mixed,44,1,1,0.004,0.0105,0.00375,parametric normalized R(T) with known model class
primary_secondary_mixed_seed_0045,primary_secondary,mixed,45,1,1,0.004,0.0105,0.00375,parametric normalized R(T) with known model class
primary_secondary_mixed_seed_0046,primary_secondary,mixed,46,1,1,0.004,0.0105,0.00375,parametric normalized R(T) with known model class
primary_secondary_mixed_seed_0047,primary_secondary,mixed,47,1,1,0.004,0.0105,0.00375,parametric normalized R(T) with known model class
primary_secondary_mixed_seed_0048,primary_secondary,mixed,48,1,1,0.004,0.0105,0.00375,parametric normalized R(T) with known model class
primary_secondary_mixed_seed_0049,primary_secondary,mixed,49,1,1,0.004,0.0105,0.00375,parametric normalized R(T) with known model class
primary_secondary_mixed_seed_0050,primary_secondary,mixed,50,1,1,0.004,0.0105,0.00375,parametric normalized R(T) with known model class
primary_secondary_mixed_seed_0051,primary_secondary,mixed,51,1,1,0.004,0.0105,0.00375,parametric normalized R(T) with known model class
primary_secondary_mixed_seed_0052,primary_secondary,mixed,52,1,1,0.004,0.0105,0.00375,parametric normalized R(T) with known model class
primary_secondary_mixed_seed_0053,primary_secondary,mixed,53,1,1,0.004,0.0105,0.00375,parametric normalized R(T) with known model class
primary_secondary_mixed_seed_0054,primary_secondary,mixed,54,1,1,0.004,0.0105,0.00375,parametric normalized R(T) with known model class
primary_secondary_mixed_seed_0055,primary_secondary,mixed,55,1,1,0.004,0.0105,0.00375,parametric normalized R(T) with known model class
primary_secondary_mixed_seed_0056,primary_secondary,mixed,56,1,1,0.004,0.0105,0.00375,parametric normalized R(T) with known model class
primary_secondary_mixed_seed_0057,primary_secondary,mixed,57,1,1,0.004,0.0105,0.00375,parametric normalized R(T) with known model class
primary_secondary_mixed_seed_0058,primary_secondary,mixed,58,1,1,0.004,0.0105,0.00375,parametric normalized R(T) with known model class
primary_secondary_mixed_seed_0059,primary_secondary,mixed,59,1,1,0.004,0.0105,0.00375,parametric normalized R(T) with known model class
primary_secondary_mixed_seed_0060,primary_secondary,mixed,60,1,1,0.004,0.0105,0.00375,parametric normalized R(T) with known model class
primary_secondary_mixed_seed_0061,primary_secondary,mixed,61,1,1,0.004,0.0105,0.00375,parametric normalized R(T) with known model class
primary_secondary_mixed_seed_0062,primary_secondary,mixed,62,1,1,0.004,0.0105,0.00375,parametric normalized R(T) with known model class
primary_secondary_mixed_seed_0063,primary_secondary,mixed,63,1,1,0.004,0.0105,0.00375,parametric normalized R(T) with known model class
primary_secondary_mixed_seed_0064,primary_secondary,mixed,64,1,1,0.004,0.0105,0.00375,parametric normalized R(T) with known model class
primary_secondary_mixed_seed_0065,primary_secondary,mixed,65,1,1,0.004,0.0105,0.00375,parametric normalized R(T) with known model class
primary_secondary_mixed_seed_0066,primary_secondary,mixed,66,1,1,0.004,0.0105,0.00375,parametric normalized R(T) with known model class
primary_secondary_mixed_seed_0067,primary_secondary,mixed,67,1,1,0.004,0.0105,0.00375,parametric normalized R(T) with known model class
primary_secondary_mixed_seed_0068,primary_secondary,mixed,68,1,1,0.004,0.0105,0.00375,parametric normalized R(T) with known model class
primary_secondary_mixed_seed_0069,primary_secondary,mixed,69,1,1,0.004,0.0105,0.00375,parametric normalized R(T) with known model class
primary_secondary_mixed_seed_0070,primary_secondary,mixed,70,1,1,0.004,0.0105,0.00375,parametric normalized R(T) with known model class
primary_secondary_mixed_seed_0071,primary_secondary,mixed,71,1,1,0.004,0.0105,0.00375,parametric normalized R(T) with known model class
primary_secondary_mixed_seed_0072,primary_secondary,mixed,72,1,1,0.004,0.0105,0.00375,parametric normalized R(T) with known model class
primary_secondary_mixed_seed_0073,primary_secondary,mixed,73,1,1,0.004,0.0105,0.00375,parametric normalized R(T) with known model class
primary_secondary_mixed_seed_0074,primary_secondary,mixed,74,1,1,0.004,0.0105,0.00375,parametric normalized R(T) with known model class
primary_secondary_mixed_seed_0075,primary_secondary,mixed,75,1,1,0.004,0.0105,0.00375,parametric normalized R(T) with known model class
primary_secondary_mixed_seed_0076,primary_secondary,mixed,76,1,1,0.004,0.0105,0.00375,parametric normalized R(T) with known model class
primary_secondary_mixed_seed_0077,primary_secondary,mixed,77,1,1,0.004,0.0105,0.00375,parametric normalized R(T) with known model class
primary_secondary_mixed_seed_0078,primary_secondary,mixed,78,1,1,0.004,0.0105,0.00375,parametric normalized R(T) with known model class
primary_secondary_mixed_seed_0079,primary_secondary,mixed,79,1,1,0.004,0.0105,0.00375,parametric normalized R(T) with known model class
primary_secondary_mixed_seed_0080,primary_secondary,mixed,80,1,1,0.004,0.0105,0.00375,parametric normalized R(T) with known model class
primary_noise_M0_seed_0001,primary_noise,M0,1,1,0,0.015,0.0105,0.015,parametric normalized R(T) with known model class
primary_noise_M0_seed_0002,primary_noise,M0,2,1,0,0.015,0.0105,0.015,parametric normalized R(T) with known model class
primary_noise_M0_seed_0003,primary_noise,M0,3,1,0,0.015,0.0105,0.015,parametric normalized R(T) with known model class
primary_noise_M0_seed_0004,primary_noise,M0,4,1,0,0.015,0.0105,0.015,parametric normalized R(T) with known model class
primary_noise_M0_seed_0005,primary_noise,M0,5,1,0,0.015,0.0105,0.015,parametric normalized R(T) with known model class
primary_noise_M0_seed_0006,primary_noise,M0,6,1,0,0.015,0.0105,0.015,parametric normalized R(T) with known model class
primary_noise_M0_seed_0007,primary_noise,M0,7,1,0,0.015,0.0105,0.015,parametric normalized R(T) with known model class
primary_noise_M0_seed_0008,primary_noise,M0,8,1,0,0.015,0.0105,0.015,parametric normalized R(T) with known model class
primary_noise_M0_seed_0009,primary_noise,M0,9,1,0,0.015,0.0105,0.015,parametric normalized R(T) with known model class
primary_noise_M0_seed_0010,primary_noise,M0,10,1,0,0.015,0.0105,0.015,parametric normalized R(T) with known model class
primary_noise_M0_seed_0011,primary_noise,M0,11,1,0,0.015,0.0105,0.015,parametric normalized R(T) with known model class
primary_noise_M0_seed_0012,primary_noise,M0,12,1,0,0.015,0.0105,0.015,parametric normalized R(T) with known model class
primary_noise_M0_seed_0013,primary_noise,M0,13,1,0,0.015,0.0105,0.015,parametric normalized R(T) with known model class
primary_noise_M0_seed_0014,primary_noise,M0,14,1,0,0.015,0.0105,0.015,parametric normalized R(T) with known model class
primary_noise_M0_seed_0015,primary_noise,M0,15,1,0,0.015,0.0105,0.015,parametric normalized R(T) with known model class
primary_noise_M0_seed_0016,primary_noise,M0,16,1,0,0.015,0.0105,0.015,parametric normalized R(T) with known model class
primary_noise_M0_seed_0017,primary_noise,M0,17,1,0,0.015,0.0105,0.015,parametric normalized R(T) with known model class
primary_noise_M0_seed_0018,primary_noise,M0,18,1,0,0.015,0.0105,0.015,parametric normalized R(T) with known model class
primary_noise_M0_seed_0019,primary_noise,M0,19,1,0,0.015,0.0105,0.015,parametric normalized R(T) with known model class
primary_noise_M0_seed_0020,primary_noise,M0,20,1,0,0.015,0.0105,0.015,parametric normalized R(T) with known model class
primary_noise_M0_seed_0021,primary_noise,M0,21,1,0,0.015,0.0105,0.015,parametric normalized R(T) with known model class
primary_noise_M0_seed_0022,primary_noise,M0,22,1,0,0.015,0.0105,0.015,parametric normalized R(T) with known model class
primary_noise_M0_seed_0023,primary_noise,M0,23,1,0,0.015,0.0105,0.015,parametric normalized R(T) with known model class
primary_noise_M0_seed_0024,primary_noise,M0,24,1,0,0.015,0.0105,0.015,parametric normalized R(T) with known model class
primary_noise_M0_seed_0025,primary_noise,M0,25,1,0,0.015,0.0105,0.015,parametric normalized R(T) with known model class
primary_noise_M0_seed_0026,primary_noise,M0,26,1,0,0.015,0.0105,0.015,parametric normalized R(T) with known model class
primary_noise_M0_seed_0027,primary_noise,M0,27,1,0,0.015,0.0105,0.015,parametric normalized R(T) with known model class
primary_noise_M0_seed_0028,primary_noise,M0,28,1,0,0.015,0.0105,0.015,parametric normalized R(T) with known model class
primary_noise_M0_seed_0029,primary_noise,M0,29,1,0,0.015,0.0105,0.015,parametric normalized R(T) with known model class
primary_noise_M0_seed_0030,primary_noise,M0,30,1,0,0.015,0.0105,0.015,parametric normalized R(T) with known model class
primary_noise_M0_seed_0031,primary_noise,M0,31,1,0,0.015,0.0105,0.015,parametric normalized R(T) with known model class
primary_noise_M0_seed_0032,primary_noise,M0,32,1,0,0.015,0.0105,0.015,parametric normalized R(T) with known model class
primary_noise_M0_seed_0033,primary_noise,M0,33,1,0,0.015,0.0105,0.015,parametric normalized R(T) with known model class
primary_noise_M0_seed_0034,primary_noise,M0,34,1,0,0.015,0.0105,0.015,parametric normalized R(T) with known model class
primary_noise_M0_seed_0035,primary_noise,M0,35,1,0,0.015,0.0105,0.015,parametric normalized R(T) with known model class
primary_noise_M0_seed_0036,primary_noise,M0,36,1,0,0.015,0.0105,0.015,parametric normalized R(T) with known model class
primary_noise_M0_seed_0037,primary_noise,M0,37,1,0,0.015,0.0105,0.015,parametric normalized R(T) with known model class
primary_noise_M0_seed_0038,primary_noise,M0,38,1,0,0.015,0.0105,0.015,parametric normalized R(T) with known model class
primary_noise_M0_seed_0039,primary_noise,M0,39,1,0,0.015,0.0105,0.015,parametric normalized R(T) with known model class
primary_noise_M0_seed_0040,primary_noise,M0,40,1,0,0.015,0.0105,0.015,parametric normalized R(T) with known model class
primary_noise_M0_seed_0041,primary_noise,M0,41,1,0,0.015,0.0105,0.015,parametric normalized R(T) with known model class
primary_noise_M0_seed_0042,primary_noise,M0,42,1,0,0.015,0.0105,0.015,parametric normalized R(T) with known model class
primary_noise_M0_seed_0043,primary_noise,M0,43,1,0,0.015,0.0105,0.015,parametric normalized R(T) with known model class
primary_noise_M0_seed_0044,primary_noise,M0,44,1,0,0.015,0.0105,0.015,parametric normalized R(T) with known model class
primary_noise_M0_seed_0045,primary_noise,M0,45,1,0,0.015,0.0105,0.015,parametric normalized R(T) with known model class
primary_noise_M0_seed_0046,primary_noise,M0,46,1,0,0.015,0.0105,0.015,parametric normalized R(T) with known model class
primary_noise_M0_seed_0047,primary_noise,M0,47,1,0,0.015,0.0105,0.015,parametric normalized R(T) with known model class
primary_noise_M0_seed_0048,primary_noise,M0,48,1,0,0.015,0.0105,0.015,parametric normalized R(T) with known model class
primary_noise_M0_seed_0049,primary_noise,M0,49,1,0,0.015,0.0105,0.015,parametric normalized R(T) with known model class
primary_noise_M0_seed_0050,primary_noise,M0,50,1,0,0.015,0.0105,0.015,parametric normalized R(T) with known model class
primary_noise_M0_seed_0051,primary_noise,M0,51,1,0,0.015,0.0105,0.015,parametric normalized R(T) with known model class
primary_noise_M0_seed_0052,primary_noise,M0,52,1,0,0.015,0.0105,0.015,parametric normalized R(T) with known model class
primary_noise_M0_seed_0053,primary_noise,M0,53,1,0,0.015,0.0105,0.015,parametric normalized R(T) with known model class
primary_noise_M0_seed_0054,primary_noise,M0,54,1,0,0.015,0.0105,0.015,parametric normalized R(T) with known model class
primary_noise_M0_seed_0055,primary_noise,M0,55,1,0,0.015,0.0105,0.015,parametric normalized R(T) with known model class
primary_noise_M0_seed_0056,primary_noise,M0,56,1,0,0.015,0.0105,0.015,parametric normalized R(T) with known model class
primary_noise_M0_seed_0057,primary_noise,M0,57,1,0,0.015,0.0105,0.015,parametric normalized R(T) with known model class
primary_noise_M0_seed_0058,primary_noise,M0,58,1,0,0.015,0.0105,0.015,parametric normalized R(T) with known model class
primary_noise_M0_seed_0059,primary_noise,M0,59,1,0,0.015,0.0105,0.015,parametric normalized R(T) with known model class
primary_noise_M0_seed_0060,primary_noise,M0,60,1,0,0.015,0.0105,0.015,parametric normalized R(T) with known model class
primary_noise_M0_seed_0061,primary_noise,M0,61,1,0,0.015,0.0105,0.015,parametric normalized R(T) with known model class
primary_noise_M0_seed_0062,primary_noise,M0,62,1,0,0.015,0.0105,0.015,parametric normalized R(T) with known model class
primary_noise_M0_seed_0063,primary_noise,M0,63,1,0,0.015,0.0105,0.015,parametric normalized R(T) with known model class
primary_noise_M0_seed_0064,primary_noise,M0,64,1,0,0.015,0.0105,0.015,parametric normalized R(T) with known model class
primary_noise_M0_seed_0065,primary_noise,M0,65,1,0,0.015,0.0105,0.015,parametric normalized R(T) with known model class
primary_noise_M0_seed_0066,primary_noise,M0,66,1,0,0.015,0.0105,0.015,parametric normalized R(T) with known model class
primary_noise_M0_seed_0067,primary_noise,M0,67,1,0,0.015,0.0105,0.015,parametric normalized R(T) with known model class
primary_noise_M0_seed_0068,primary_noise,M0,68,1,0,0.015,0.0105,0.015,parametric normalized R(T) with known model class
primary_noise_M0_seed_0069,primary_noise,M0,69,1,0,0.015,0.0105,0.015,parametric normalized R(T) with known model class
primary_noise_M0_seed_0070,primary_noise,M0,70,1,0,0.015,0.0105,0.015,parametric normalized R(T) with known model class
primary_noise_M0_seed_0071,primary_noise,M0,71,1,0,0.015,0.0105,0.015,parametric normalized R(T) with known model class
primary_noise_M0_seed_0072,primary_noise,M0,72,1,0,0.015,0.0105,0.015,parametric normalized R(T) with known model class
primary_noise_M0_seed_0073,primary_noise,M0,73,1,0,0.015,0.0105,0.015,parametric normalized R(T) with known model class
primary_noise_M0_seed_0074,primary_noise,M0,74,1,0,0.015,0.0105,0.015,parametric normalized R(T) with known model class
primary_noise_M0_seed_0075,primary_noise,M0,75,1,0,0.015,0.0105,0.015,parametric normalized R(T) with known model class
primary_noise_M0_seed_0076,primary_noise,M0,76,1,0,0.015,0.0105,0.015,parametric normalized R(T) with known model class
primary_noise_M0_seed_0077,primary_noise,M0,77,1,0,0.015,0.0105,0.015,parametric normalized R(T) with known model class
primary_noise_M0_seed_0078,primary_noise,M0,78,1,0,0.015,0.0105,0.015,parametric normalized R(T) with known model class
primary_noise_M0_seed_0079,primary_noise,M0,79,1,0,0.015,0.0105,0.015,parametric normalized R(T) with known model class
primary_noise_M0_seed_0080,primary_noise,M0,80,1,0,0.015,0.0105,0.015,parametric normalized R(T) with known model class
primary_noise_M1_seed_0001,primary_noise,M1,1,1,0,0.015,0.0105,0.015,parametric normalized R(T) with known model class
primary_noise_M1_seed_0002,primary_noise,M1,2,1,0,0.015,0.0105,0.015,parametric normalized R(T) with known model class
primary_noise_M1_seed_0003,primary_noise,M1,3,1,0,0.015,0.0105,0.015,parametric normalized R(T) with known model class
primary_noise_M1_seed_0004,primary_noise,M1,4,1,0,0.015,0.0105,0.015,parametric normalized R(T) with known model class
primary_noise_M1_seed_0005,primary_noise,M1,5,1,0,0.015,0.0105,0.015,parametric normalized R(T) with known model class
primary_noise_M1_seed_0006,primary_noise,M1,6,1,0,0.015,0.0105,0.015,parametric normalized R(T) with known model class
primary_noise_M1_seed_0007,primary_noise,M1,7,1,0,0.015,0.0105,0.015,parametric normalized R(T) with known model class
primary_noise_M1_seed_0008,primary_noise,M1,8,1,0,0.015,0.0105,0.015,parametric normalized R(T) with known model class
primary_noise_M1_seed_0009,primary_noise,M1,9,1,0,0.015,0.0105,0.015,parametric normalized R(T) with known model class
primary_noise_M1_seed_0010,primary_noise,M1,10,1,0,0.015,0.0105,0.015,parametric normalized R(T) with known model class
primary_noise_M1_seed_0011,primary_noise,M1,11,1,0,0.015,0.0105,0.015,parametric normalized R(T) with known model class
primary_noise_M1_seed_0012,primary_noise,M1,12,1,0,0.015,0.0105,0.015,parametric normalized R(T) with known model class
primary_noise_M1_seed_0013,primary_noise,M1,13,1,0,0.015,0.0105,0.015,parametric normalized R(T) with known model class
primary_noise_M1_seed_0014,primary_noise,M1,14,1,0,0.015,0.0105,0.015,parametric normalized R(T) with known model class
primary_noise_M1_seed_0015,primary_noise,M1,15,1,0,0.015,0.0105,0.015,parametric normalized R(T) with known model class
primary_noise_M1_seed_0016,primary_noise,M1,16,1,0,0.015,0.0105,0.015,parametric normalized R(T) with known model class
primary_noise_M1_seed_0017,primary_noise,M1,17,1,0,0.015,0.0105,0.015,parametric normalized R(T) with known model class
primary_noise_M1_seed_0018,primary_noise,M1,18,1,0,0.015,0.0105,0.015,parametric normalized R(T) with known model class
primary_noise_M1_seed_0019,primary_noise,M1,19,1,0,0.015,0.0105,0.015,parametric normalized R(T) with known model class
primary_noise_M1_seed_0020,primary_noise,M1,20,1,0,0.015,0.0105,0.015,parametric normalized R(T) with known model class
primary_noise_M1_seed_0021,primary_noise,M1,21,1,0,0.015,0.0105,0.015,parametric normalized R(T) with known model class
primary_noise_M1_seed_0022,primary_noise,M1,22,1,0,0.015,0.0105,0.015,parametric normalized R(T) with known model class
primary_noise_M1_seed_0023,primary_noise,M1,23,1,0,0.015,0.0105,0.015,parametric normalized R(T) with known model class
primary_noise_M1_seed_0024,primary_noise,M1,24,1,0,0.015,0.0105,0.015,parametric normalized R(T) with known model class
primary_noise_M1_seed_0025,primary_noise,M1,25,1,0,0.015,0.0105,0.015,parametric normalized R(T) with known model class
primary_noise_M1_seed_0026,primary_noise,M1,26,1,0,0.015,0.0105,0.015,parametric normalized R(T) with known model class
primary_noise_M1_seed_0027,primary_noise,M1,27,1,0,0.015,0.0105,0.015,parametric normalized R(T) with known model class
primary_noise_M1_seed_0028,primary_noise,M1,28,1,0,0.015,0.0105,0.015,parametric normalized R(T) with known model class
primary_noise_M1_seed_0029,primary_noise,M1,29,1,0,0.015,0.0105,0.015,parametric normalized R(T) with known model class
primary_noise_M1_seed_0030,primary_noise,M1,30,1,0,0.015,0.0105,0.015,parametric normalized R(T) with known model class
primary_noise_M1_seed_0031,primary_noise,M1,31,1,0,0.015,0.0105,0.015,parametric normalized R(T) with known model class
primary_noise_M1_seed_0032,primary_noise,M1,32,1,0,0.015,0.0105,0.015,parametric normalized R(T) with known model class
primary_noise_M1_seed_0033,primary_noise,M1,33,1,0,0.015,0.0105,0.015,parametric normalized R(T) with known model class
primary_noise_M1_seed_0034,primary_noise,M1,34,1,0,0.015,0.0105,0.015,parametric normalized R(T) with known model class
primary_noise_M1_seed_0035,primary_noise,M1,35,1,0,0.015,0.0105,0.015,parametric normalized R(T) with known model class
primary_noise_M1_seed_0036,primary_noise,M1,36,1,0,0.015,0.0105,0.015,parametric normalized R(T) with known model class
primary_noise_M1_seed_0037,primary_noise,M1,37,1,0,0.015,0.0105,0.015,parametric normalized R(T) with known model class
primary_noise_M1_seed_0038,primary_noise,M1,38,1,0,0.015,0.0105,0.015,parametric normalized R(T) with known model class
primary_noise_M1_seed_0039,primary_noise,M1,39,1,0,0.015,0.0105,0.015,parametric normalized R(T) with known model class
primary_noise_M1_seed_0040,primary_noise,M1,40,1,0,0.015,0.0105,0.015,parametric normalized R(T) with known model class
primary_noise_M1_seed_0041,primary_noise,M1,41,1,0,0.015,0.0105,0.015,parametric normalized R(T) with known model class
primary_noise_M1_seed_0042,primary_noise,M1,42,1,0,0.015,0.0105,0.015,parametric normalized R(T) with known model class
primary_noise_M1_seed_0043,primary_noise,M1,43,1,0,0.015,0.0105,0.015,parametric normalized R(T) with known model class
primary_noise_M1_seed_0044,primary_noise,M1,44,1,0,0.015,0.0105,0.015,parametric normalized R(T) with known model class
primary_noise_M1_seed_0045,primary_noise,M1,45,1,0,0.015,0.0105,0.015,parametric normalized R(T) with known model class
primary_noise_M1_seed_0046,primary_noise,M1,46,1,0,0.015,0.0105,0.015,parametric normalized R(T) with known model class
primary_noise_M1_seed_0047,primary_noise,M1,47,1,0,0.015,0.0105,0.015,parametric normalized R(T) with known model class
primary_noise_M1_seed_0048,primary_noise,M1,48,1,0,0.015,0.0105,0.015,parametric normalized R(T) with known model class
primary_noise_M1_seed_0049,primary_noise,M1,49,1,0,0.015,0.0105,0.015,parametric normalized R(T) with known model class
primary_noise_M1_seed_0050,primary_noise,M1,50,1,0,0.015,0.0105,0.015,parametric normalized R(T) with known model class
primary_noise_M1_seed_0051,primary_noise,M1,51,1,0,0.015,0.0105,0.015,parametric normalized R(T) with known model class
primary_noise_M1_seed_0052,primary_noise,M1,52,1,0,0.015,0.0105,0.015,parametric normalized R(T) with known model class
primary_noise_M1_seed_0053,primary_noise,M1,53,1,0,0.015,0.0105,0.015,parametric normalized R(T) with known model class
primary_noise_M1_seed_0054,primary_noise,M1,54,1,0,0.015,0.0105,0.015,parametric normalized R(T) with known model class
primary_noise_M1_seed_0055,primary_noise,M1,55,1,0,0.015,0.0105,0.015,parametric normalized R(T) with known model class
primary_noise_M1_seed_0056,primary_noise,M1,56,1,0,0.015,0.0105,0.015,parametric normalized R(T) with known model class
primary_noise_M1_seed_0057,primary_noise,M1,57,1,0,0.015,0.0105,0.015,parametric normalized R(T) with known model class
primary_noise_M1_seed_0058,primary_noise,M1,58,1,0,0.015,0.0105,0.015,parametric normalized R(T) with known model class
primary_noise_M1_seed_0059,primary_noise,M1,59,1,0,0.015,0.0105,0.015,parametric normalized R(T) with known model class
primary_noise_M1_seed_0060,primary_noise,M1,60,1,0,0.015,0.0105,0.015,parametric normalized R(T) with known model class
primary_noise_M1_seed_0061,primary_noise,M1,61,1,0,0.015,0.0105,0.015,parametric normalized R(T) with known model class
primary_noise_M1_seed_0062,primary_noise,M1,62,1,0,0.015,0.0105,0.015,parametric normalized R(T) with known model class
primary_noise_M1_seed_0063,primary_noise,M1,63,1,0,0.015,0.0105,0.015,parametric normalized R(T) with known model class
primary_noise_M1_seed_0064,primary_noise,M1,64,1,0,0.015,0.0105,0.015,parametric normalized R(T) with known model class
primary_noise_M1_seed_0065,primary_noise,M1,65,1,0,0.015,0.0105,0.015,parametric normalized R(T) with known model class
primary_noise_M1_seed_0066,primary_noise,M1,66,1,0,0.015,0.0105,0.015,parametric normalized R(T) with known model class
primary_noise_M1_seed_0067,primary_noise,M1,67,1,0,0.015,0.0105,0.015,parametric normalized R(T) with known model class
primary_noise_M1_seed_0068,primary_noise,M1,68,1,0,0.015,0.0105,0.015,parametric normalized R(T) with known model class
primary_noise_M1_seed_0069,primary_noise,M1,69,1,0,0.015,0.0105,0.015,parametric normalized R(T) with known model class
primary_noise_M1_seed_0070,primary_noise,M1,70,1,0,0.015,0.0105,0.015,parametric normalized R(T) with known model class
primary_noise_M1_seed_0071,primary_noise,M1,71,1,0,0.015,0.0105,0.015,parametric normalized R(T) with known model class
primary_noise_M1_seed_0072,primary_noise,M1,72,1,0,0.015,0.0105,0.015,parametric normalized R(T) with known model class
primary_noise_M1_seed_0073,primary_noise,M1,73,1,0,0.015,0.0105,0.015,parametric normalized R(T) with known model class
primary_noise_M1_seed_0074,primary_noise,M1,74,1,0,0.015,0.0105,0.015,parametric normalized R(T) with known model class
primary_noise_M1_seed_0075,primary_noise,M1,75,1,0,0.015,0.0105,0.015,parametric normalized R(T) with known model class
primary_noise_M1_seed_0076,primary_noise,M1,76,1,0,0.015,0.0105,0.015,parametric normalized R(T) with known model class
primary_noise_M1_seed_0077,primary_noise,M1,77,1,0,0.015,0.0105,0.015,parametric normalized R(T) with known model class
primary_noise_M1_seed_0078,primary_noise,M1,78,1,0,0.015,0.0105,0.015,parametric normalized R(T) with known model class
primary_noise_M1_seed_0079,primary_noise,M1,79,1,0,0.015,0.0105,0.015,parametric normalized R(T) with known model class
primary_noise_M1_seed_0080,primary_noise,M1,80,1,0,0.015,0.0105,0.015,parametric normalized R(T) with known model class
primary_noise_M2_seed_0001,primary_noise,M2,1,1,0,0.015,0.0105,0.015,parametric normalized R(T) with known model class
primary_noise_M2_seed_0002,primary_noise,M2,2,1,0,0.015,0.0105,0.015,parametric normalized R(T) with known model class
primary_noise_M2_seed_0003,primary_noise,M2,3,1,0,0.015,0.0105,0.015,parametric normalized R(T) with known model class
primary_noise_M2_seed_0004,primary_noise,M2,4,1,0,0.015,0.0105,0.015,parametric normalized R(T) with known model class
primary_noise_M2_seed_0005,primary_noise,M2,5,1,0,0.015,0.0105,0.015,parametric normalized R(T) with known model class
primary_noise_M2_seed_0006,primary_noise,M2,6,1,0,0.015,0.0105,0.015,parametric normalized R(T) with known model class
primary_noise_M2_seed_0007,primary_noise,M2,7,1,0,0.015,0.0105,0.015,parametric normalized R(T) with known model class
primary_noise_M2_seed_0008,primary_noise,M2,8,1,0,0.015,0.0105,0.015,parametric normalized R(T) with known model class
primary_noise_M2_seed_0009,primary_noise,M2,9,1,0,0.015,0.0105,0.015,parametric normalized R(T) with known model class
primary_noise_M2_seed_0010,primary_noise,M2,10,1,0,0.015,0.0105,0.015,parametric normalized R(T) with known model class
primary_noise_M2_seed_0011,primary_noise,M2,11,1,0,0.015,0.0105,0.015,parametric normalized R(T) with known model class
primary_noise_M2_seed_0012,primary_noise,M2,12,1,0,0.015,0.0105,0.015,parametric normalized R(T) with known model class
primary_noise_M2_seed_0013,primary_noise,M2,13,1,0,0.015,0.0105,0.015,parametric normalized R(T) with known model class
primary_noise_M2_seed_0014,primary_noise,M2,14,1,0,0.015,0.0105,0.015,parametric normalized R(T) with known model class
primary_noise_M2_seed_0015,primary_noise,M2,15,1,0,0.015,0.0105,0.015,parametric normalized R(T) with known model class
primary_noise_M2_seed_0016,primary_noise,M2,16,1,0,0.015,0.0105,0.015,parametric normalized R(T) with known model class
primary_noise_M2_seed_0017,primary_noise,M2,17,1,0,0.015,0.0105,0.015,parametric normalized R(T) with known model class
primary_noise_M2_seed_0018,primary_noise,M2,18,1,0,0.015,0.0105,0.015,parametric normalized R(T) with known model class
primary_noise_M2_seed_0019,primary_noise,M2,19,1,0,0.015,0.0105,0.015,parametric normalized R(T) with known model class
primary_noise_M2_seed_0020,primary_noise,M2,20,1,0,0.015,0.0105,0.015,parametric normalized R(T) with known model class
primary_noise_M2_seed_0021,primary_noise,M2,21,1,0,0.015,0.0105,0.015,parametric normalized R(T) with known model class
primary_noise_M2_seed_0022,primary_noise,M2,22,1,0,0.015,0.0105,0.015,parametric normalized R(T) with known model class
primary_noise_M2_seed_0023,primary_noise,M2,23,1,0,0.015,0.0105,0.015,parametric normalized R(T) with known model class
primary_noise_M2_seed_0024,primary_noise,M2,24,1,0,0.015,0.0105,0.015,parametric normalized R(T) with known model class
primary_noise_M2_seed_0025,primary_noise,M2,25,1,0,0.015,0.0105,0.015,parametric normalized R(T) with known model class
primary_noise_M2_seed_0026,primary_noise,M2,26,1,0,0.015,0.0105,0.015,parametric normalized R(T) with known model class
primary_noise_M2_seed_0027,primary_noise,M2,27,1,0,0.015,0.0105,0.015,parametric normalized R(T) with known model class
primary_noise_M2_seed_0028,primary_noise,M2,28,1,0,0.015,0.0105,0.015,parametric normalized R(T) with known model class
primary_noise_M2_seed_0029,primary_noise,M2,29,1,0,0.015,0.0105,0.015,parametric normalized R(T) with known model class
primary_noise_M2_seed_0030,primary_noise,M2,30,1,0,0.015,0.0105,0.015,parametric normalized R(T) with known model class
primary_noise_M2_seed_0031,primary_noise,M2,31,1,0,0.015,0.0105,0.015,parametric normalized R(T) with known model class
primary_noise_M2_seed_0032,primary_noise,M2,32,1,0,0.015,0.0105,0.015,parametric normalized R(T) with known model class
primary_noise_M2_seed_0033,primary_noise,M2,33,1,0,0.015,0.0105,0.015,parametric normalized R(T) with known model class
primary_noise_M2_seed_0034,primary_noise,M2,34,1,0,0.015,0.0105,0.015,parametric normalized R(T) with known model class
primary_noise_M2_seed_0035,primary_noise,M2,35,1,0,0.015,0.0105,0.015,parametric normalized R(T) with known model class
primary_noise_M2_seed_0036,primary_noise,M2,36,1,0,0.015,0.0105,0.015,parametric normalized R(T) with known model class
primary_noise_M2_seed_0037,primary_noise,M2,37,1,0,0.015,0.0105,0.015,parametric normalized R(T) with known model class
primary_noise_M2_seed_0038,primary_noise,M2,38,1,0,0.015,0.0105,0.015,parametric normalized R(T) with known model class
primary_noise_M2_seed_0039,primary_noise,M2,39,1,0,0.015,0.0105,0.015,parametric normalized R(T) with known model class
primary_noise_M2_seed_0040,primary_noise,M2,40,1,0,0.015,0.0105,0.015,parametric normalized R(T) with known model class
primary_noise_M2_seed_0041,primary_noise,M2,41,1,0,0.015,0.0105,0.015,parametric normalized R(T) with known model class
primary_noise_M2_seed_0042,primary_noise,M2,42,1,0,0.015,0.0105,0.015,parametric normalized R(T) with known model class
primary_noise_M2_seed_0043,primary_noise,M2,43,1,0,0.015,0.0105,0.015,parametric normalized R(T) with known model class
primary_noise_M2_seed_0044,primary_noise,M2,44,1,0,0.015,0.0105,0.015,parametric normalized R(T) with known model class
primary_noise_M2_seed_0045,primary_noise,M2,45,1,0,0.015,0.0105,0.015,parametric normalized R(T) with known model class
primary_noise_M2_seed_0046,primary_noise,M2,46,1,0,0.015,0.0105,0.015,parametric normalized R(T) with known model class
primary_noise_M2_seed_0047,primary_noise,M2,47,1,0,0.015,0.0105,0.015,parametric normalized R(T) with known model class
primary_noise_M2_seed_0048,primary_noise,M2,48,1,0,0.015,0.0105,0.015,parametric normalized R(T) with known model class
primary_noise_M2_seed_0049,primary_noise,M2,49,1,0,0.015,0.0105,0.015,parametric normalized R(T) with known model class
primary_noise_M2_seed_0050,primary_noise,M2,50,1,0,0.015,0.0105,0.015,parametric normalized R(T) with known model class
primary_noise_M2_seed_0051,primary_noise,M2,51,1,0,0.015,0.0105,0.015,parametric normalized R(T) with known model class
primary_noise_M2_seed_0052,primary_noise,M2,52,1,0,0.015,0.0105,0.015,parametric normalized R(T) with known model class
primary_noise_M2_seed_0053,primary_noise,M2,53,1,0,0.015,0.0105,0.015,parametric normalized R(T) with known model class
primary_noise_M2_seed_0054,primary_noise,M2,54,1,0,0.015,0.0105,0.015,parametric normalized R(T) with known model class
primary_noise_M2_seed_0055,primary_noise,M2,55,1,0,0.015,0.0105,0.015,parametric normalized R(T) with known model class
primary_noise_M2_seed_0056,primary_noise,M2,56,1,0,0.015,0.0105,0.015,parametric normalized R(T) with known model class
primary_noise_M2_seed_0057,primary_noise,M2,57,1,0,0.015,0.0105,0.015,parametric normalized R(T) with known model class
primary_noise_M2_seed_0058,primary_noise,M2,58,1,0,0.015,0.0105,0.015,parametric normalized R(T) with known model class
primary_noise_M2_seed_0059,primary_noise,M2,59,1,0,0.015,0.0105,0.015,parametric normalized R(T) with known model class
primary_noise_M2_seed_0060,primary_noise,M2,60,1,0,0.015,0.0105,0.015,parametric normalized R(T) with known model class
primary_noise_M2_seed_0061,primary_noise,M2,61,1,0,0.015,0.0105,0.015,parametric normalized R(T) with known model class
primary_noise_M2_seed_0062,primary_noise,M2,62,1,0,0.015,0.0105,0.015,parametric normalized R(T) with known model class
primary_noise_M2_seed_0063,primary_noise,M2,63,1,0,0.015,0.0105,0.015,parametric normalized R(T) with known model class
primary_noise_M2_seed_0064,primary_noise,M2,64,1,0,0.015,0.0105,0.015,parametric normalized R(T) with known model class
primary_noise_M2_seed_0065,primary_noise,M2,65,1,0,0.015,0.0105,0.015,parametric normalized R(T) with known model class
primary_noise_M2_seed_0066,primary_noise,M2,66,1,0,0.015,0.0105,0.015,parametric normalized R(T) with known model class
primary_noise_M2_seed_0067,primary_noise,M2,67,1,0,0.015,0.0105,0.015,parametric normalized R(T) with known model class
primary_noise_M2_seed_0068,primary_noise,M2,68,1,0,0.015,0.0105,0.015,parametric normalized R(T) with known model class
primary_noise_M2_seed_0069,primary_noise,M2,69,1,0,0.015,0.0105,0.015,parametric normalized R(T) with known model class
primary_noise_M2_seed_0070,primary_noise,M2,70,1,0,0.015,0.0105,0.015,parametric normalized R(T) with known model class
primary_noise_M2_seed_0071,primary_noise,M2,71,1,0,0.015,0.0105,0.015,parametric normalized R(T) with known model class
primary_noise_M2_seed_0072,primary_noise,M2,72,1,0,0.015,0.0105,0.015,parametric normalized R(T) with known model class
primary_noise_M2_seed_0073,primary_noise,M2,73,1,0,0.015,0.0105,0.015,parametric normalized R(T) with known model class
primary_noise_M2_seed_0074,primary_noise,M2,74,1,0,0.015,0.0105,0.015,parametric normalized R(T) with known model class
primary_noise_M2_seed_0075,primary_noise,M2,75,1,0,0.015,0.0105,0.015,parametric normalized R(T) with known model class
primary_noise_M2_seed_0076,primary_noise,M2,76,1,0,0.015,0.0105,0.015,parametric normalized R(T) with known model class
primary_noise_M2_seed_0077,primary_noise,M2,77,1,0,0.015,0.0105,0.015,parametric normalized R(T) with known model class
primary_noise_M2_seed_0078,primary_noise,M2,78,1,0,0.015,0.0105,0.015,parametric normalized R(T) with known model class
primary_noise_M2_seed_0079,primary_noise,M2,79,1,0,0.015,0.0105,0.015,parametric normalized R(T) with known model class
primary_noise_M2_seed_0080,primary_noise,M2,80,1,0,0.015,0.0105,0.015,parametric normalized R(T) with known model class
primary_noise_mixed_seed_0001,primary_noise,mixed,1,1,0,0.015,0.0105,0.015,parametric normalized R(T) with known model class
primary_noise_mixed_seed_0002,primary_noise,mixed,2,1,0,0.015,0.0105,0.015,parametric normalized R(T) with known model class
primary_noise_mixed_seed_0003,primary_noise,mixed,3,1,0,0.015,0.0105,0.015,parametric normalized R(T) with known model class
primary_noise_mixed_seed_0004,primary_noise,mixed,4,1,0,0.015,0.0105,0.015,parametric normalized R(T) with known model class
primary_noise_mixed_seed_0005,primary_noise,mixed,5,1,0,0.015,0.0105,0.015,parametric normalized R(T) with known model class
primary_noise_mixed_seed_0006,primary_noise,mixed,6,1,0,0.015,0.0105,0.015,parametric normalized R(T) with known model class
primary_noise_mixed_seed_0007,primary_noise,mixed,7,1,0,0.015,0.0105,0.015,parametric normalized R(T) with known model class
primary_noise_mixed_seed_0008,primary_noise,mixed,8,1,0,0.015,0.0105,0.015,parametric normalized R(T) with known model class
primary_noise_mixed_seed_0009,primary_noise,mixed,9,1,0,0.015,0.0105,0.015,parametric normalized R(T) with known model class
primary_noise_mixed_seed_0010,primary_noise,mixed,10,1,0,0.015,0.0105,0.015,parametric normalized R(T) with known model class
primary_noise_mixed_seed_0011,primary_noise,mixed,11,1,0,0.015,0.0105,0.015,parametric normalized R(T) with known model class
primary_noise_mixed_seed_0012,primary_noise,mixed,12,1,0,0.015,0.0105,0.015,parametric normalized R(T) with known model class
primary_noise_mixed_seed_0013,primary_noise,mixed,13,1,0,0.015,0.0105,0.015,parametric normalized R(T) with known model class
primary_noise_mixed_seed_0014,primary_noise,mixed,14,1,0,0.015,0.0105,0.015,parametric normalized R(T) with known model class
primary_noise_mixed_seed_0015,primary_noise,mixed,15,1,0,0.015,0.0105,0.015,parametric normalized R(T) with known model class
primary_noise_mixed_seed_0016,primary_noise,mixed,16,1,0,0.015,0.0105,0.015,parametric normalized R(T) with known model class
primary_noise_mixed_seed_0017,primary_noise,mixed,17,1,0,0.015,0.0105,0.015,parametric normalized R(T) with known model class
primary_noise_mixed_seed_0018,primary_noise,mixed,18,1,0,0.015,0.0105,0.015,parametric normalized R(T) with known model class
primary_noise_mixed_seed_0019,primary_noise,mixed,19,1,0,0.015,0.0105,0.015,parametric normalized R(T) with known model class
primary_noise_mixed_seed_0020,primary_noise,mixed,20,1,0,0.015,0.0105,0.015,parametric normalized R(T) with known model class
primary_noise_mixed_seed_0021,primary_noise,mixed,21,1,0,0.015,0.0105,0.015,parametric normalized R(T) with known model class
primary_noise_mixed_seed_0022,primary_noise,mixed,22,1,0,0.015,0.0105,0.015,parametric normalized R(T) with known model class
primary_noise_mixed_seed_0023,primary_noise,mixed,23,1,0,0.015,0.0105,0.015,parametric normalized R(T) with known model class
primary_noise_mixed_seed_0024,primary_noise,mixed,24,1,0,0.015,0.0105,0.015,parametric normalized R(T) with known model class
primary_noise_mixed_seed_0025,primary_noise,mixed,25,1,0,0.015,0.0105,0.015,parametric normalized R(T) with known model class
primary_noise_mixed_seed_0026,primary_noise,mixed,26,1,0,0.015,0.0105,0.015,parametric normalized R(T) with known model class
primary_noise_mixed_seed_0027,primary_noise,mixed,27,1,0,0.015,0.0105,0.015,parametric normalized R(T) with known model class
primary_noise_mixed_seed_0028,primary_noise,mixed,28,1,0,0.015,0.0105,0.015,parametric normalized R(T) with known model class
primary_noise_mixed_seed_0029,primary_noise,mixed,29,1,0,0.015,0.0105,0.015,parametric normalized R(T) with known model class
primary_noise_mixed_seed_0030,primary_noise,mixed,30,1,0,0.015,0.0105,0.015,parametric normalized R(T) with known model class
primary_noise_mixed_seed_0031,primary_noise,mixed,31,1,0,0.015,0.0105,0.015,parametric normalized R(T) with known model class
primary_noise_mixed_seed_0032,primary_noise,mixed,32,1,0,0.015,0.0105,0.015,parametric normalized R(T) with known model class
primary_noise_mixed_seed_0033,primary_noise,mixed,33,1,0,0.015,0.0105,0.015,parametric normalized R(T) with known model class
primary_noise_mixed_seed_0034,primary_noise,mixed,34,1,0,0.015,0.0105,0.015,parametric normalized R(T) with known model class
primary_noise_mixed_seed_0035,primary_noise,mixed,35,1,0,0.015,0.0105,0.015,parametric normalized R(T) with known model class
primary_noise_mixed_seed_0036,primary_noise,mixed,36,1,0,0.015,0.0105,0.015,parametric normalized R(T) with known model class
primary_noise_mixed_seed_0037,primary_noise,mixed,37,1,0,0.015,0.0105,0.015,parametric normalized R(T) with known model class
primary_noise_mixed_seed_0038,primary_noise,mixed,38,1,0,0.015,0.0105,0.015,parametric normalized R(T) with known model class
primary_noise_mixed_seed_0039,primary_noise,mixed,39,1,0,0.015,0.0105,0.015,parametric normalized R(T) with known model class
primary_noise_mixed_seed_0040,primary_noise,mixed,40,1,0,0.015,0.0105,0.015,parametric normalized R(T) with known model class
primary_noise_mixed_seed_0041,primary_noise,mixed,41,1,0,0.015,0.0105,0.015,parametric normalized R(T) with known model class
primary_noise_mixed_seed_0042,primary_noise,mixed,42,1,0,0.015,0.0105,0.015,parametric normalized R(T) with known model class
primary_noise_mixed_seed_0043,primary_noise,mixed,43,1,0,0.015,0.0105,0.015,parametric normalized R(T) with known model class
primary_noise_mixed_seed_0044,primary_noise,mixed,44,1,0,0.015,0.0105,0.015,parametric normalized R(T) with known model class
primary_noise_mixed_seed_0045,primary_noise,mixed,45,1,0,0.015,0.0105,0.015,parametric normalized R(T) with known model class
primary_noise_mixed_seed_0046,primary_noise,mixed,46,1,0,0.015,0.0105,0.015,parametric normalized R(T) with known model class
primary_noise_mixed_seed_0047,primary_noise,mixed,47,1,0,0.015,0.0105,0.015,parametric normalized R(T) with known model class
primary_noise_mixed_seed_0048,primary_noise,mixed,48,1,0,0.015,0.0105,0.015,parametric normalized R(T) with known model class
primary_noise_mixed_seed_0049,primary_noise,mixed,49,1,0,0.015,0.0105,0.015,parametric normalized R(T) with known model class
primary_noise_mixed_seed_0050,primary_noise,mixed,50,1,0,0.015,0.0105,0.015,parametric normalized R(T) with known model class
primary_noise_mixed_seed_0051,primary_noise,mixed,51,1,0,0.015,0.0105,0.015,parametric normalized R(T) with known model class
primary_noise_mixed_seed_0052,primary_noise,mixed,52,1,0,0.015,0.0105,0.015,parametric normalized R(T) with known model class
primary_noise_mixed_seed_0053,primary_noise,mixed,53,1,0,0.015,0.0105,0.015,parametric normalized R(T) with known model class
primary_noise_mixed_seed_0054,primary_noise,mixed,54,1,0,0.015,0.0105,0.015,parametric normalized R(T) with known model class
primary_noise_mixed_seed_0055,primary_noise,mixed,55,1,0,0.015,0.0105,0.015,parametric normalized R(T) with known model class
primary_noise_mixed_seed_0056,primary_noise,mixed,56,1,0,0.015,0.0105,0.015,parametric normalized R(T) with known model class
primary_noise_mixed_seed_0057,primary_noise,mixed,57,1,0,0.015,0.0105,0.015,parametric normalized R(T) with known model class
primary_noise_mixed_seed_0058,primary_noise,mixed,58,1,0,0.015,0.0105,0.015,parametric normalized R(T) with known model class
primary_noise_mixed_seed_0059,primary_noise,mixed,59,1,0,0.015,0.0105,0.015,parametric normalized R(T) with known model class
primary_noise_mixed_seed_0060,primary_noise,mixed,60,1,0,0.015,0.0105,0.015,parametric normalized R(T) with known model class
primary_noise_mixed_seed_0061,primary_noise,mixed,61,1,0,0.015,0.0105,0.015,parametric normalized R(T) with known model class
primary_noise_mixed_seed_0062,primary_noise,mixed,62,1,0,0.015,0.0105,0.015,parametric normalized R(T) with known model class
primary_noise_mixed_seed_0063,primary_noise,mixed,63,1,0,0.015,0.0105,0.015,parametric normalized R(T) with known model class
primary_noise_mixed_seed_0064,primary_noise,mixed,64,1,0,0.015,0.0105,0.015,parametric normalized R(T) with known model class
primary_noise_mixed_seed_0065,primary_noise,mixed,65,1,0,0.015,0.0105,0.015,parametric normalized R(T) with known model class
primary_noise_mixed_seed_0066,primary_noise,mixed,66,1,0,0.015,0.0105,0.015,parametric normalized R(T) with known model class
primary_noise_mixed_seed_0067,primary_noise,mixed,67,1,0,0.015,0.0105,0.015,parametric normalized R(T) with known model class
primary_noise_mixed_seed_0068,primary_noise,mixed,68,1,0,0.015,0.0105,0.015,parametric normalized R(T) with known model class
primary_noise_mixed_seed_0069,primary_noise,mixed,69,1,0,0.015,0.0105,0.015,parametric normalized R(T) with known model class
primary_noise_mixed_seed_0070,primary_noise,mixed,70,1,0,0.015,0.0105,0.015,parametric normalized R(T) with known model class
primary_noise_mixed_seed_0071,primary_noise,mixed,71,1,0,0.015,0.0105,0.015,parametric normalized R(T) with known model class
primary_noise_mixed_seed_0072,primary_noise,mixed,72,1,0,0.015,0.0105,0.015,parametric normalized R(T) with known model class
primary_noise_mixed_seed_0073,primary_noise,mixed,73,1,0,0.015,0.0105,0.015,parametric normalized R(T) with known model class
primary_noise_mixed_seed_0074,primary_noise,mixed,74,1,0,0.015,0.0105,0.015,parametric normalized R(T) with known model class
primary_noise_mixed_seed_0075,primary_noise,mixed,75,1,0,0.015,0.0105,0.015,parametric normalized R(T) with known model class
primary_noise_mixed_seed_0076,primary_noise,mixed,76,1,0,0.015,0.0105,0.015,parametric normalized R(T) with known model class
primary_noise_mixed_seed_0077,primary_noise,mixed,77,1,0,0.015,0.0105,0.015,parametric normalized R(T) with known model class
primary_noise_mixed_seed_0078,primary_noise,mixed,78,1,0,0.015,0.0105,0.015,parametric normalized R(T) with known model class
primary_noise_mixed_seed_0079,primary_noise,mixed,79,1,0,0.015,0.0105,0.015,parametric normalized R(T) with known model class
primary_noise_mixed_seed_0080,primary_noise,mixed,80,1,0,0.015,0.0105,0.015,parametric normalized R(T) with known model class
primary_secondary_noise_disorder_M0_seed_0001,primary_secondary_noise_disorder,M0,1,1,1,0.015,0.035,0.015,parametric normalized R(T) with known model class
primary_secondary_noise_disorder_M0_seed_0002,primary_secondary_noise_disorder,M0,2,1,1,0.015,0.035,0.015,parametric normalized R(T) with known model class
primary_secondary_noise_disorder_M0_seed_0003,primary_secondary_noise_disorder,M0,3,1,1,0.015,0.035,0.015,parametric normalized R(T) with known model class
primary_secondary_noise_disorder_M0_seed_0004,primary_secondary_noise_disorder,M0,4,1,1,0.015,0.035,0.015,parametric normalized R(T) with known model class
primary_secondary_noise_disorder_M0_seed_0005,primary_secondary_noise_disorder,M0,5,1,1,0.015,0.035,0.015,parametric normalized R(T) with known model class
primary_secondary_noise_disorder_M0_seed_0006,primary_secondary_noise_disorder,M0,6,1,1,0.015,0.035,0.015,parametric normalized R(T) with known model class
primary_secondary_noise_disorder_M0_seed_0007,primary_secondary_noise_disorder,M0,7,1,1,0.015,0.035,0.015,parametric normalized R(T) with known model class
primary_secondary_noise_disorder_M0_seed_0008,primary_secondary_noise_disorder,M0,8,1,1,0.015,0.035,0.015,parametric normalized R(T) with known model class
primary_secondary_noise_disorder_M0_seed_0009,primary_secondary_noise_disorder,M0,9,1,1,0.015,0.035,0.015,parametric normalized R(T) with known model class
primary_secondary_noise_disorder_M0_seed_0010,primary_secondary_noise_disorder,M0,10,1,1,0.015,0.035,0.015,parametric normalized R(T) with known model class
primary_secondary_noise_disorder_M0_seed_0011,primary_secondary_noise_disorder,M0,11,1,1,0.015,0.035,0.015,parametric normalized R(T) with known model class
primary_secondary_noise_disorder_M0_seed_0012,primary_secondary_noise_disorder,M0,12,1,1,0.015,0.035,0.015,parametric normalized R(T) with known model class
primary_secondary_noise_disorder_M0_seed_0013,primary_secondary_noise_disorder,M0,13,1,1,0.015,0.035,0.015,parametric normalized R(T) with known model class
primary_secondary_noise_disorder_M0_seed_0014,primary_secondary_noise_disorder,M0,14,1,1,0.015,0.035,0.015,parametric normalized R(T) with known model class
primary_secondary_noise_disorder_M0_seed_0015,primary_secondary_noise_disorder,M0,15,1,1,0.015,0.035,0.015,parametric normalized R(T) with known model class
primary_secondary_noise_disorder_M0_seed_0016,primary_secondary_noise_disorder,M0,16,1,1,0.015,0.035,0.015,parametric normalized R(T) with known model class
primary_secondary_noise_disorder_M0_seed_0017,primary_secondary_noise_disorder,M0,17,1,1,0.015,0.035,0.015,parametric normalized R(T) with known model class
primary_secondary_noise_disorder_M0_seed_0018,primary_secondary_noise_disorder,M0,18,1,1,0.015,0.035,0.015,parametric normalized R(T) with known model class
primary_secondary_noise_disorder_M0_seed_0019,primary_secondary_noise_disorder,M0,19,1,1,0.015,0.035,0.015,parametric normalized R(T) with known model class
primary_secondary_noise_disorder_M0_seed_0020,primary_secondary_noise_disorder,M0,20,1,1,0.015,0.035,0.015,parametric normalized R(T) with known model class
primary_secondary_noise_disorder_M0_seed_0021,primary_secondary_noise_disorder,M0,21,1,1,0.015,0.035,0.015,parametric normalized R(T) with known model class
primary_secondary_noise_disorder_M0_seed_0022,primary_secondary_noise_disorder,M0,22,1,1,0.015,0.035,0.015,parametric normalized R(T) with known model class
primary_secondary_noise_disorder_M0_seed_0023,primary_secondary_noise_disorder,M0,23,1,1,0.015,0.035,0.015,parametric normalized R(T) with known model class
primary_secondary_noise_disorder_M0_seed_0024,primary_secondary_noise_disorder,M0,24,1,1,0.015,0.035,0.015,parametric normalized R(T) with known model class
primary_secondary_noise_disorder_M0_seed_0025,primary_secondary_noise_disorder,M0,25,1,1,0.015,0.035,0.015,parametric normalized R(T) with known model class
primary_secondary_noise_disorder_M0_seed_0026,primary_secondary_noise_disorder,M0,26,1,1,0.015,0.035,0.015,parametric normalized R(T) with known model class
primary_secondary_noise_disorder_M0_seed_0027,primary_secondary_noise_disorder,M0,27,1,1,0.015,0.035,0.015,parametric normalized R(T) with known model class
primary_secondary_noise_disorder_M0_seed_0028,primary_secondary_noise_disorder,M0,28,1,1,0.015,0.035,0.015,parametric normalized R(T) with known model class
primary_secondary_noise_disorder_M0_seed_0029,primary_secondary_noise_disorder,M0,29,1,1,0.015,0.035,0.015,parametric normalized R(T) with known model class
primary_secondary_noise_disorder_M0_seed_0030,primary_secondary_noise_disorder,M0,30,1,1,0.015,0.035,0.015,parametric normalized R(T) with known model class
primary_secondary_noise_disorder_M0_seed_0031,primary_secondary_noise_disorder,M0,31,1,1,0.015,0.035,0.015,parametric normalized R(T) with known model class
primary_secondary_noise_disorder_M0_seed_0032,primary_secondary_noise_disorder,M0,32,1,1,0.015,0.035,0.015,parametric normalized R(T) with known model class
primary_secondary_noise_disorder_M0_seed_0033,primary_secondary_noise_disorder,M0,33,1,1,0.015,0.035,0.015,parametric normalized R(T) with known model class
primary_secondary_noise_disorder_M0_seed_0034,primary_secondary_noise_disorder,M0,34,1,1,0.015,0.035,0.015,parametric normalized R(T) with known model class
primary_secondary_noise_disorder_M0_seed_0035,primary_secondary_noise_disorder,M0,35,1,1,0.015,0.035,0.015,parametric normalized R(T) with known model class
primary_secondary_noise_disorder_M0_seed_0036,primary_secondary_noise_disorder,M0,36,1,1,0.015,0.035,0.015,parametric normalized R(T) with known model class
primary_secondary_noise_disorder_M0_seed_0037,primary_secondary_noise_disorder,M0,37,1,1,0.015,0.035,0.015,parametric normalized R(T) with known model class
primary_secondary_noise_disorder_M0_seed_0038,primary_secondary_noise_disorder,M0,38,1,1,0.015,0.035,0.015,parametric normalized R(T) with known model class
primary_secondary_noise_disorder_M0_seed_0039,primary_secondary_noise_disorder,M0,39,1,1,0.015,0.035,0.015,parametric normalized R(T) with known model class
primary_secondary_noise_disorder_M0_seed_0040,primary_secondary_noise_disorder,M0,40,1,1,0.015,0.035,0.015,parametric normalized R(T) with known model class
primary_secondary_noise_disorder_M0_seed_0041,primary_secondary_noise_disorder,M0,41,1,1,0.015,0.035,0.015,parametric normalized R(T) with known model class
primary_secondary_noise_disorder_M0_seed_0042,primary_secondary_noise_disorder,M0,42,1,1,0.015,0.035,0.015,parametric normalized R(T) with known model class
primary_secondary_noise_disorder_M0_seed_0043,primary_secondary_noise_disorder,M0,43,1,1,0.015,0.035,0.015,parametric normalized R(T) with known model class
primary_secondary_noise_disorder_M0_seed_0044,primary_secondary_noise_disorder,M0,44,1,1,0.015,0.035,0.015,parametric normalized R(T) with known model class
primary_secondary_noise_disorder_M0_seed_0045,primary_secondary_noise_disorder,M0,45,1,1,0.015,0.035,0.015,parametric normalized R(T) with known model class
primary_secondary_noise_disorder_M0_seed_0046,primary_secondary_noise_disorder,M0,46,1,1,0.015,0.035,0.015,parametric normalized R(T) with known model class
primary_secondary_noise_disorder_M0_seed_0047,primary_secondary_noise_disorder,M0,47,1,1,0.015,0.035,0.015,parametric normalized R(T) with known model class
primary_secondary_noise_disorder_M0_seed_0048,primary_secondary_noise_disorder,M0,48,1,1,0.015,0.035,0.015,parametric normalized R(T) with known model class
primary_secondary_noise_disorder_M0_seed_0049,primary_secondary_noise_disorder,M0,49,1,1,0.015,0.035,0.015,parametric normalized R(T) with known model class
primary_secondary_noise_disorder_M0_seed_0050,primary_secondary_noise_disorder,M0,50,1,1,0.015,0.035,0.015,parametric normalized R(T) with known model class
primary_secondary_noise_disorder_M0_seed_0051,primary_secondary_noise_disorder,M0,51,1,1,0.015,0.035,0.015,parametric normalized R(T) with known model class
primary_secondary_noise_disorder_M0_seed_0052,primary_secondary_noise_disorder,M0,52,1,1,0.015,0.035,0.015,parametric normalized R(T) with known model class
primary_secondary_noise_disorder_M0_seed_0053,primary_secondary_noise_disorder,M0,53,1,1,0.015,0.035,0.015,parametric normalized R(T) with known model class
primary_secondary_noise_disorder_M0_seed_0054,primary_secondary_noise_disorder,M0,54,1,1,0.015,0.035,0.015,parametric normalized R(T) with known model class
primary_secondary_noise_disorder_M0_seed_0055,primary_secondary_noise_disorder,M0,55,1,1,0.015,0.035,0.015,parametric normalized R(T) with known model class
primary_secondary_noise_disorder_M0_seed_0056,primary_secondary_noise_disorder,M0,56,1,1,0.015,0.035,0.015,parametric normalized R(T) with known model class
primary_secondary_noise_disorder_M0_seed_0057,primary_secondary_noise_disorder,M0,57,1,1,0.015,0.035,0.015,parametric normalized R(T) with known model class
primary_secondary_noise_disorder_M0_seed_0058,primary_secondary_noise_disorder,M0,58,1,1,0.015,0.035,0.015,parametric normalized R(T) with known model class
primary_secondary_noise_disorder_M0_seed_0059,primary_secondary_noise_disorder,M0,59,1,1,0.015,0.035,0.015,parametric normalized R(T) with known model class
primary_secondary_noise_disorder_M0_seed_0060,primary_secondary_noise_disorder,M0,60,1,1,0.015,0.035,0.015,parametric normalized R(T) with known model class
primary_secondary_noise_disorder_M0_seed_0061,primary_secondary_noise_disorder,M0,61,1,1,0.015,0.035,0.015,parametric normalized R(T) with known model class
primary_secondary_noise_disorder_M0_seed_0062,primary_secondary_noise_disorder,M0,62,1,1,0.015,0.035,0.015,parametric normalized R(T) with known model class
primary_secondary_noise_disorder_M0_seed_0063,primary_secondary_noise_disorder,M0,63,1,1,0.015,0.035,0.015,parametric normalized R(T) with known model class
primary_secondary_noise_disorder_M0_seed_0064,primary_secondary_noise_disorder,M0,64,1,1,0.015,0.035,0.015,parametric normalized R(T) with known model class
primary_secondary_noise_disorder_M0_seed_0065,primary_secondary_noise_disorder,M0,65,1,1,0.015,0.035,0.015,parametric normalized R(T) with known model class
primary_secondary_noise_disorder_M0_seed_0066,primary_secondary_noise_disorder,M0,66,1,1,0.015,0.035,0.015,parametric normalized R(T) with known model class
primary_secondary_noise_disorder_M0_seed_0067,primary_secondary_noise_disorder,M0,67,1,1,0.015,0.035,0.015,parametric normalized R(T) with known model class
primary_secondary_noise_disorder_M0_seed_0068,primary_secondary_noise_disorder,M0,68,1,1,0.015,0.035,0.015,parametric normalized R(T) with known model class
primary_secondary_noise_disorder_M0_seed_0069,primary_secondary_noise_disorder,M0,69,1,1,0.015,0.035,0.015,parametric normalized R(T) with known model class
primary_secondary_noise_disorder_M0_seed_0070,primary_secondary_noise_disorder,M0,70,1,1,0.015,0.035,0.015,parametric normalized R(T) with known model class
primary_secondary_noise_disorder_M0_seed_0071,primary_secondary_noise_disorder,M0,71,1,1,0.015,0.035,0.015,parametric normalized R(T) with known model class
primary_secondary_noise_disorder_M0_seed_0072,primary_secondary_noise_disorder,M0,72,1,1,0.015,0.035,0.015,parametric normalized R(T) with known model class
primary_secondary_noise_disorder_M0_seed_0073,primary_secondary_noise_disorder,M0,73,1,1,0.015,0.035,0.015,parametric normalized R(T) with known model class
primary_secondary_noise_disorder_M0_seed_0074,primary_secondary_noise_disorder,M0,74,1,1,0.015,0.035,0.015,parametric normalized R(T) with known model class
primary_secondary_noise_disorder_M0_seed_0075,primary_secondary_noise_disorder,M0,75,1,1,0.015,0.035,0.015,parametric normalized R(T) with known model class
primary_secondary_noise_disorder_M0_seed_0076,primary_secondary_noise_disorder,M0,76,1,1,0.015,0.035,0.015,parametric normalized R(T) with known model class
primary_secondary_noise_disorder_M0_seed_0077,primary_secondary_noise_disorder,M0,77,1,1,0.015,0.035,0.015,parametric normalized R(T) with known model class
primary_secondary_noise_disorder_M0_seed_0078,primary_secondary_noise_disorder,M0,78,1,1,0.015,0.035,0.015,parametric normalized R(T) with known model class
primary_secondary_noise_disorder_M0_seed_0079,primary_secondary_noise_disorder,M0,79,1,1,0.015,0.035,0.015,parametric normalized R(T) with known model class
primary_secondary_noise_disorder_M0_seed_0080,primary_secondary_noise_disorder,M0,80,1,1,0.015,0.035,0.015,parametric normalized R(T) with known model class
primary_secondary_noise_disorder_M1_seed_0001,primary_secondary_noise_disorder,M1,1,1,1,0.015,0.035,0.015,parametric normalized R(T) with known model class
primary_secondary_noise_disorder_M1_seed_0002,primary_secondary_noise_disorder,M1,2,1,1,0.015,0.035,0.015,parametric normalized R(T) with known model class
primary_secondary_noise_disorder_M1_seed_0003,primary_secondary_noise_disorder,M1,3,1,1,0.015,0.035,0.015,parametric normalized R(T) with known model class
primary_secondary_noise_disorder_M1_seed_0004,primary_secondary_noise_disorder,M1,4,1,1,0.015,0.035,0.015,parametric normalized R(T) with known model class
primary_secondary_noise_disorder_M1_seed_0005,primary_secondary_noise_disorder,M1,5,1,1,0.015,0.035,0.015,parametric normalized R(T) with known model class
primary_secondary_noise_disorder_M1_seed_0006,primary_secondary_noise_disorder,M1,6,1,1,0.015,0.035,0.015,parametric normalized R(T) with known model class
primary_secondary_noise_disorder_M1_seed_0007,primary_secondary_noise_disorder,M1,7,1,1,0.015,0.035,0.015,parametric normalized R(T) with known model class
primary_secondary_noise_disorder_M1_seed_0008,primary_secondary_noise_disorder,M1,8,1,1,0.015,0.035,0.015,parametric normalized R(T) with known model class
primary_secondary_noise_disorder_M1_seed_0009,primary_secondary_noise_disorder,M1,9,1,1,0.015,0.035,0.015,parametric normalized R(T) with known model class
primary_secondary_noise_disorder_M1_seed_0010,primary_secondary_noise_disorder,M1,10,1,1,0.015,0.035,0.015,parametric normalized R(T) with known model class
primary_secondary_noise_disorder_M1_seed_0011,primary_secondary_noise_disorder,M1,11,1,1,0.015,0.035,0.015,parametric normalized R(T) with known model class
primary_secondary_noise_disorder_M1_seed_0012,primary_secondary_noise_disorder,M1,12,1,1,0.015,0.035,0.015,parametric normalized R(T) with known model class
primary_secondary_noise_disorder_M1_seed_0013,primary_secondary_noise_disorder,M1,13,1,1,0.015,0.035,0.015,parametric normalized R(T) with known model class
primary_secondary_noise_disorder_M1_seed_0014,primary_secondary_noise_disorder,M1,14,1,1,0.015,0.035,0.015,parametric normalized R(T) with known model class
primary_secondary_noise_disorder_M1_seed_0015,primary_secondary_noise_disorder,M1,15,1,1,0.015,0.035,0.015,parametric normalized R(T) with known model class
primary_secondary_noise_disorder_M1_seed_0016,primary_secondary_noise_disorder,M1,16,1,1,0.015,0.035,0.015,parametric normalized R(T) with known model class
primary_secondary_noise_disorder_M1_seed_0017,primary_secondary_noise_disorder,M1,17,1,1,0.015,0.035,0.015,parametric normalized R(T) with known model class
primary_secondary_noise_disorder_M1_seed_0018,primary_secondary_noise_disorder,M1,18,1,1,0.015,0.035,0.015,parametric normalized R(T) with known model class
primary_secondary_noise_disorder_M1_seed_0019,primary_secondary_noise_disorder,M1,19,1,1,0.015,0.035,0.015,parametric normalized R(T) with known model class
primary_secondary_noise_disorder_M1_seed_0020,primary_secondary_noise_disorder,M1,20,1,1,0.015,0.035,0.015,parametric normalized R(T) with known model class
primary_secondary_noise_disorder_M1_seed_0021,primary_secondary_noise_disorder,M1,21,1,1,0.015,0.035,0.015,parametric normalized R(T) with known model class
primary_secondary_noise_disorder_M1_seed_0022,primary_secondary_noise_disorder,M1,22,1,1,0.015,0.035,0.015,parametric normalized R(T) with known model class
primary_secondary_noise_disorder_M1_seed_0023,primary_secondary_noise_disorder,M1,23,1,1,0.015,0.035,0.015,parametric normalized R(T) with known model class
primary_secondary_noise_disorder_M1_seed_0024,primary_secondary_noise_disorder,M1,24,1,1,0.015,0.035,0.015,parametric normalized R(T) with known model class
primary_secondary_noise_disorder_M1_seed_0025,primary_secondary_noise_disorder,M1,25,1,1,0.015,0.035,0.015,parametric normalized R(T) with known model class
primary_secondary_noise_disorder_M1_seed_0026,primary_secondary_noise_disorder,M1,26,1,1,0.015,0.035,0.015,parametric normalized R(T) with known model class
primary_secondary_noise_disorder_M1_seed_0027,primary_secondary_noise_disorder,M1,27,1,1,0.015,0.035,0.015,parametric normalized R(T) with known model class
primary_secondary_noise_disorder_M1_seed_0028,primary_secondary_noise_disorder,M1,28,1,1,0.015,0.035,0.015,parametric normalized R(T) with known model class
primary_secondary_noise_disorder_M1_seed_0029,primary_secondary_noise_disorder,M1,29,1,1,0.015,0.035,0.015,parametric normalized R(T) with known model class
primary_secondary_noise_disorder_M1_seed_0030,primary_secondary_noise_disorder,M1,30,1,1,0.015,0.035,0.015,parametric normalized R(T) with known model class
primary_secondary_noise_disorder_M1_seed_0031,primary_secondary_noise_disorder,M1,31,1,1,0.015,0.035,0.015,parametric normalized R(T) with known model class
primary_secondary_noise_disorder_M1_seed_0032,primary_secondary_noise_disorder,M1,32,1,1,0.015,0.035,0.015,parametric normalized R(T) with known model class
primary_secondary_noise_disorder_M1_seed_0033,primary_secondary_noise_disorder,M1,33,1,1,0.015,0.035,0.015,parametric normalized R(T) with known model class
primary_secondary_noise_disorder_M1_seed_0034,primary_secondary_noise_disorder,M1,34,1,1,0.015,0.035,0.015,parametric normalized R(T) with known model class
primary_secondary_noise_disorder_M1_seed_0035,primary_secondary_noise_disorder,M1,35,1,1,0.015,0.035,0.015,parametric normalized R(T) with known model class
primary_secondary_noise_disorder_M1_seed_0036,primary_secondary_noise_disorder,M1,36,1,1,0.015,0.035,0.015,parametric normalized R(T) with known model class
primary_secondary_noise_disorder_M1_seed_0037,primary_secondary_noise_disorder,M1,37,1,1,0.015,0.035,0.015,parametric normalized R(T) with known model class
primary_secondary_noise_disorder_M1_seed_0038,primary_secondary_noise_disorder,M1,38,1,1,0.015,0.035,0.015,parametric normalized R(T) with known model class
primary_secondary_noise_disorder_M1_seed_0039,primary_secondary_noise_disorder,M1,39,1,1,0.015,0.035,0.015,parametric normalized R(T) with known model class
primary_secondary_noise_disorder_M1_seed_0040,primary_secondary_noise_disorder,M1,40,1,1,0.015,0.035,0.015,parametric normalized R(T) with known model class
primary_secondary_noise_disorder_M1_seed_0041,primary_secondary_noise_disorder,M1,41,1,1,0.015,0.035,0.015,parametric normalized R(T) with known model class
primary_secondary_noise_disorder_M1_seed_0042,primary_secondary_noise_disorder,M1,42,1,1,0.015,0.035,0.015,parametric normalized R(T) with known model class
primary_secondary_noise_disorder_M1_seed_0043,primary_secondary_noise_disorder,M1,43,1,1,0.015,0.035,0.015,parametric normalized R(T) with known model class
primary_secondary_noise_disorder_M1_seed_0044,primary_secondary_noise_disorder,M1,44,1,1,0.015,0.035,0.015,parametric normalized R(T) with known model class
primary_secondary_noise_disorder_M1_seed_0045,primary_secondary_noise_disorder,M1,45,1,1,0.015,0.035,0.015,parametric normalized R(T) with known model class
primary_secondary_noise_disorder_M1_seed_0046,primary_secondary_noise_disorder,M1,46,1,1,0.015,0.035,0.015,parametric normalized R(T) with known model class
primary_secondary_noise_disorder_M1_seed_0047,primary_secondary_noise_disorder,M1,47,1,1,0.015,0.035,0.015,parametric normalized R(T) with known model class
primary_secondary_noise_disorder_M1_seed_0048,primary_secondary_noise_disorder,M1,48,1,1,0.015,0.035,0.015,parametric normalized R(T) with known model class
primary_secondary_noise_disorder_M1_seed_0049,primary_secondary_noise_disorder,M1,49,1,1,0.015,0.035,0.015,parametric normalized R(T) with known model class
primary_secondary_noise_disorder_M1_seed_0050,primary_secondary_noise_disorder,M1,50,1,1,0.015,0.035,0.015,parametric normalized R(T) with known model class
primary_secondary_noise_disorder_M1_seed_0051,primary_secondary_noise_disorder,M1,51,1,1,0.015,0.035,0.015,parametric normalized R(T) with known model class
primary_secondary_noise_disorder_M1_seed_0052,primary_secondary_noise_disorder,M1,52,1,1,0.015,0.035,0.015,parametric normalized R(T) with known model class
primary_secondary_noise_disorder_M1_seed_0053,primary_secondary_noise_disorder,M1,53,1,1,0.015,0.035,0.015,parametric normalized R(T) with known model class
primary_secondary_noise_disorder_M1_seed_0054,primary_secondary_noise_disorder,M1,54,1,1,0.015,0.035,0.015,parametric normalized R(T) with known model class
primary_secondary_noise_disorder_M1_seed_0055,primary_secondary_noise_disorder,M1,55,1,1,0.015,0.035,0.015,parametric normalized R(T) with known model class
primary_secondary_noise_disorder_M1_seed_0056,primary_secondary_noise_disorder,M1,56,1,1,0.015,0.035,0.015,parametric normalized R(T) with known model class
primary_secondary_noise_disorder_M1_seed_0057,primary_secondary_noise_disorder,M1,57,1,1,0.015,0.035,0.015,parametric normalized R(T) with known model class
primary_secondary_noise_disorder_M1_seed_0058,primary_secondary_noise_disorder,M1,58,1,1,0.015,0.035,0.015,parametric normalized R(T) with known model class
primary_secondary_noise_disorder_M1_seed_0059,primary_secondary_noise_disorder,M1,59,1,1,0.015,0.035,0.015,parametric normalized R(T) with known model class
primary_secondary_noise_disorder_M1_seed_0060,primary_secondary_noise_disorder,M1,60,1,1,0.015,0.035,0.015,parametric normalized R(T) with known model class
primary_secondary_noise_disorder_M1_seed_0061,primary_secondary_noise_disorder,M1,61,1,1,0.015,0.035,0.015,parametric normalized R(T) with known model class
primary_secondary_noise_disorder_M1_seed_0062,primary_secondary_noise_disorder,M1,62,1,1,0.015,0.035,0.015,parametric normalized R(T) with known model class
primary_secondary_noise_disorder_M1_seed_0063,primary_secondary_noise_disorder,M1,63,1,1,0.015,0.035,0.015,parametric normalized R(T) with known model class
primary_secondary_noise_disorder_M1_seed_0064,primary_secondary_noise_disorder,M1,64,1,1,0.015,0.035,0.015,parametric normalized R(T) with known model class
primary_secondary_noise_disorder_M1_seed_0065,primary_secondary_noise_disorder,M1,65,1,1,0.015,0.035,0.015,parametric normalized R(T) with known model class
primary_secondary_noise_disorder_M1_seed_0066,primary_secondary_noise_disorder,M1,66,1,1,0.015,0.035,0.015,parametric normalized R(T) with known model class
primary_secondary_noise_disorder_M1_seed_0067,primary_secondary_noise_disorder,M1,67,1,1,0.015,0.035,0.015,parametric normalized R(T) with known model class
primary_secondary_noise_disorder_M1_seed_0068,primary_secondary_noise_disorder,M1,68,1,1,0.015,0.035,0.015,parametric normalized R(T) with known model class
primary_secondary_noise_disorder_M1_seed_0069,primary_secondary_noise_disorder,M1,69,1,1,0.015,0.035,0.015,parametric normalized R(T) with known model class
primary_secondary_noise_disorder_M1_seed_0070,primary_secondary_noise_disorder,M1,70,1,1,0.015,0.035,0.015,parametric normalized R(T) with known model class
primary_secondary_noise_disorder_M1_seed_0071,primary_secondary_noise_disorder,M1,71,1,1,0.015,0.035,0.015,parametric normalized R(T) with known model class
primary_secondary_noise_disorder_M1_seed_0072,primary_secondary_noise_disorder,M1,72,1,1,0.015,0.035,0.015,parametric normalized R(T) with known model class
primary_secondary_noise_disorder_M1_seed_0073,primary_secondary_noise_disorder,M1,73,1,1,0.015,0.035,0.015,parametric normalized R(T) with known model class
primary_secondary_noise_disorder_M1_seed_0074,primary_secondary_noise_disorder,M1,74,1,1,0.015,0.035,0.015,parametric normalized R(T) with known model class
primary_secondary_noise_disorder_M1_seed_0075,primary_secondary_noise_disorder,M1,75,1,1,0.015,0.035,0.015,parametric normalized R(T) with known model class
primary_secondary_noise_disorder_M1_seed_0076,primary_secondary_noise_disorder,M1,76,1,1,0.015,0.035,0.015,parametric normalized R(T) with known model class
primary_secondary_noise_disorder_M1_seed_0077,primary_secondary_noise_disorder,M1,77,1,1,0.015,0.035,0.015,parametric normalized R(T) with known model class
primary_secondary_noise_disorder_M1_seed_0078,primary_secondary_noise_disorder,M1,78,1,1,0.015,0.035,0.015,parametric normalized R(T) with known model class
primary_secondary_noise_disorder_M1_seed_0079,primary_secondary_noise_disorder,M1,79,1,1,0.015,0.035,0.015,parametric normalized R(T) with known model class
primary_secondary_noise_disorder_M1_seed_0080,primary_secondary_noise_disorder,M1,80,1,1,0.015,0.035,0.015,parametric normalized R(T) with known model class
primary_secondary_noise_disorder_M2_seed_0001,primary_secondary_noise_disorder,M2,1,1,1,0.015,0.035,0.015,parametric normalized R(T) with known model class
primary_secondary_noise_disorder_M2_seed_0002,primary_secondary_noise_disorder,M2,2,1,1,0.015,0.035,0.015,parametric normalized R(T) with known model class
primary_secondary_noise_disorder_M2_seed_0003,primary_secondary_noise_disorder,M2,3,1,1,0.015,0.035,0.015,parametric normalized R(T) with known model class
primary_secondary_noise_disorder_M2_seed_0004,primary_secondary_noise_disorder,M2,4,1,1,0.015,0.035,0.015,parametric normalized R(T) with known model class
primary_secondary_noise_disorder_M2_seed_0005,primary_secondary_noise_disorder,M2,5,1,1,0.015,0.035,0.015,parametric normalized R(T) with known model class
primary_secondary_noise_disorder_M2_seed_0006,primary_secondary_noise_disorder,M2,6,1,1,0.015,0.035,0.015,parametric normalized R(T) with known model class
primary_secondary_noise_disorder_M2_seed_0007,primary_secondary_noise_disorder,M2,7,1,1,0.015,0.035,0.015,parametric normalized R(T) with known model class
primary_secondary_noise_disorder_M2_seed_0008,primary_secondary_noise_disorder,M2,8,1,1,0.015,0.035,0.015,parametric normalized R(T) with known model class
primary_secondary_noise_disorder_M2_seed_0009,primary_secondary_noise_disorder,M2,9,1,1,0.015,0.035,0.015,parametric normalized R(T) with known model class
primary_secondary_noise_disorder_M2_seed_0010,primary_secondary_noise_disorder,M2,10,1,1,0.015,0.035,0.015,parametric normalized R(T) with known model class
primary_secondary_noise_disorder_M2_seed_0011,primary_secondary_noise_disorder,M2,11,1,1,0.015,0.035,0.015,parametric normalized R(T) with known model class
primary_secondary_noise_disorder_M2_seed_0012,primary_secondary_noise_disorder,M2,12,1,1,0.015,0.035,0.015,parametric normalized R(T) with known model class
primary_secondary_noise_disorder_M2_seed_0013,primary_secondary_noise_disorder,M2,13,1,1,0.015,0.035,0.015,parametric normalized R(T) with known model class
primary_secondary_noise_disorder_M2_seed_0014,primary_secondary_noise_disorder,M2,14,1,1,0.015,0.035,0.015,parametric normalized R(T) with known model class
primary_secondary_noise_disorder_M2_seed_0015,primary_secondary_noise_disorder,M2,15,1,1,0.015,0.035,0.015,parametric normalized R(T) with known model class
primary_secondary_noise_disorder_M2_seed_0016,primary_secondary_noise_disorder,M2,16,1,1,0.015,0.035,0.015,parametric normalized R(T) with known model class
primary_secondary_noise_disorder_M2_seed_0017,primary_secondary_noise_disorder,M2,17,1,1,0.015,0.035,0.015,parametric normalized R(T) with known model class
primary_secondary_noise_disorder_M2_seed_0018,primary_secondary_noise_disorder,M2,18,1,1,0.015,0.035,0.015,parametric normalized R(T) with known model class
primary_secondary_noise_disorder_M2_seed_0019,primary_secondary_noise_disorder,M2,19,1,1,0.015,0.035,0.015,parametric normalized R(T) with known model class
primary_secondary_noise_disorder_M2_seed_0020,primary_secondary_noise_disorder,M2,20,1,1,0.015,0.035,0.015,parametric normalized R(T) with known model class
primary_secondary_noise_disorder_M2_seed_0021,primary_secondary_noise_disorder,M2,21,1,1,0.015,0.035,0.015,parametric normalized R(T) with known model class
primary_secondary_noise_disorder_M2_seed_0022,primary_secondary_noise_disorder,M2,22,1,1,0.015,0.035,0.015,parametric normalized R(T) with known model class
primary_secondary_noise_disorder_M2_seed_0023,primary_secondary_noise_disorder,M2,23,1,1,0.015,0.035,0.015,parametric normalized R(T) with known model class
primary_secondary_noise_disorder_M2_seed_0024,primary_secondary_noise_disorder,M2,24,1,1,0.015,0.035,0.015,parametric normalized R(T) with known model class
primary_secondary_noise_disorder_M2_seed_0025,primary_secondary_noise_disorder,M2,25,1,1,0.015,0.035,0.015,parametric normalized R(T) with known model class
primary_secondary_noise_disorder_M2_seed_0026,primary_secondary_noise_disorder,M2,26,1,1,0.015,0.035,0.015,parametric normalized R(T) with known model class
primary_secondary_noise_disorder_M2_seed_0027,primary_secondary_noise_disorder,M2,27,1,1,0.015,0.035,0.015,parametric normalized R(T) with known model class
primary_secondary_noise_disorder_M2_seed_0028,primary_secondary_noise_disorder,M2,28,1,1,0.015,0.035,0.015,parametric normalized R(T) with known model class
primary_secondary_noise_disorder_M2_seed_0029,primary_secondary_noise_disorder,M2,29,1,1,0.015,0.035,0.015,parametric normalized R(T) with known model class
primary_secondary_noise_disorder_M2_seed_0030,primary_secondary_noise_disorder,M2,30,1,1,0.015,0.035,0.015,parametric normalized R(T) with known model class
primary_secondary_noise_disorder_M2_seed_0031,primary_secondary_noise_disorder,M2,31,1,1,0.015,0.035,0.015,parametric normalized R(T) with known model class
primary_secondary_noise_disorder_M2_seed_0032,primary_secondary_noise_disorder,M2,32,1,1,0.015,0.035,0.015,parametric normalized R(T) with known model class
primary_secondary_noise_disorder_M2_seed_0033,primary_secondary_noise_disorder,M2,33,1,1,0.015,0.035,0.015,parametric normalized R(T) with known model class
primary_secondary_noise_disorder_M2_seed_0034,primary_secondary_noise_disorder,M2,34,1,1,0.015,0.035,0.015,parametric normalized R(T) with known model class
primary_secondary_noise_disorder_M2_seed_0035,primary_secondary_noise_disorder,M2,35,1,1,0.015,0.035,0.015,parametric normalized R(T) with known model class
primary_secondary_noise_disorder_M2_seed_0036,primary_secondary_noise_disorder,M2,36,1,1,0.015,0.035,0.015,parametric normalized R(T) with known model class
primary_secondary_noise_disorder_M2_seed_0037,primary_secondary_noise_disorder,M2,37,1,1,0.015,0.035,0.015,parametric normalized R(T) with known model class
primary_secondary_noise_disorder_M2_seed_0038,primary_secondary_noise_disorder,M2,38,1,1,0.015,0.035,0.015,parametric normalized R(T) with known model class
primary_secondary_noise_disorder_M2_seed_0039,primary_secondary_noise_disorder,M2,39,1,1,0.015,0.035,0.015,parametric normalized R(T) with known model class
primary_secondary_noise_disorder_M2_seed_0040,primary_secondary_noise_disorder,M2,40,1,1,0.015,0.035,0.015,parametric normalized R(T) with known model class
primary_secondary_noise_disorder_M2_seed_0041,primary_secondary_noise_disorder,M2,41,1,1,0.015,0.035,0.015,parametric normalized R(T) with known model class
primary_secondary_noise_disorder_M2_seed_0042,primary_secondary_noise_disorder,M2,42,1,1,0.015,0.035,0.015,parametric normalized R(T) with known model class
primary_secondary_noise_disorder_M2_seed_0043,primary_secondary_noise_disorder,M2,43,1,1,0.015,0.035,0.015,parametric normalized R(T) with known model class
primary_secondary_noise_disorder_M2_seed_0044,primary_secondary_noise_disorder,M2,44,1,1,0.015,0.035,0.015,parametric normalized R(T) with known model class
primary_secondary_noise_disorder_M2_seed_0045,primary_secondary_noise_disorder,M2,45,1,1,0.015,0.035,0.015,parametric normalized R(T) with known model class
primary_secondary_noise_disorder_M2_seed_0046,primary_secondary_noise_disorder,M2,46,1,1,0.015,0.035,0.015,parametric normalized R(T) with known model class
primary_secondary_noise_disorder_M2_seed_0047,primary_secondary_noise_disorder,M2,47,1,1,0.015,0.035,0.015,parametric normalized R(T) with known model class
primary_secondary_noise_disorder_M2_seed_0048,primary_secondary_noise_disorder,M2,48,1,1,0.015,0.035,0.015,parametric normalized R(T) with known model class
primary_secondary_noise_disorder_M2_seed_0049,primary_secondary_noise_disorder,M2,49,1,1,0.015,0.035,0.015,parametric normalized R(T) with known model class
primary_secondary_noise_disorder_M2_seed_0050,primary_secondary_noise_disorder,M2,50,1,1,0.015,0.035,0.015,parametric normalized R(T) with known model class
primary_secondary_noise_disorder_M2_seed_0051,primary_secondary_noise_disorder,M2,51,1,1,0.015,0.035,0.015,parametric normalized R(T) with known model class
primary_secondary_noise_disorder_M2_seed_0052,primary_secondary_noise_disorder,M2,52,1,1,0.015,0.035,0.015,parametric normalized R(T) with known model class
primary_secondary_noise_disorder_M2_seed_0053,primary_secondary_noise_disorder,M2,53,1,1,0.015,0.035,0.015,parametric normalized R(T) with known model class
primary_secondary_noise_disorder_M2_seed_0054,primary_secondary_noise_disorder,M2,54,1,1,0.015,0.035,0.015,parametric normalized R(T) with known model class
primary_secondary_noise_disorder_M2_seed_0055,primary_secondary_noise_disorder,M2,55,1,1,0.015,0.035,0.015,parametric normalized R(T) with known model class
primary_secondary_noise_disorder_M2_seed_0056,primary_secondary_noise_disorder,M2,56,1,1,0.015,0.035,0.015,parametric normalized R(T) with known model class
primary_secondary_noise_disorder_M2_seed_0057,primary_secondary_noise_disorder,M2,57,1,1,0.015,0.035,0.015,parametric normalized R(T) with known model class
primary_secondary_noise_disorder_M2_seed_0058,primary_secondary_noise_disorder,M2,58,1,1,0.015,0.035,0.015,parametric normalized R(T) with known model class
primary_secondary_noise_disorder_M2_seed_0059,primary_secondary_noise_disorder,M2,59,1,1,0.015,0.035,0.015,parametric normalized R(T) with known model class
primary_secondary_noise_disorder_M2_seed_0060,primary_secondary_noise_disorder,M2,60,1,1,0.015,0.035,0.015,parametric normalized R(T) with known model class
primary_secondary_noise_disorder_M2_seed_0061,primary_secondary_noise_disorder,M2,61,1,1,0.015,0.035,0.015,parametric normalized R(T) with known model class
primary_secondary_noise_disorder_M2_seed_0062,primary_secondary_noise_disorder,M2,62,1,1,0.015,0.035,0.015,parametric normalized R(T) with known model class
primary_secondary_noise_disorder_M2_seed_0063,primary_secondary_noise_disorder,M2,63,1,1,0.015,0.035,0.015,parametric normalized R(T) with known model class
primary_secondary_noise_disorder_M2_seed_0064,primary_secondary_noise_disorder,M2,64,1,1,0.015,0.035,0.015,parametric normalized R(T) with known model class
primary_secondary_noise_disorder_M2_seed_0065,primary_secondary_noise_disorder,M2,65,1,1,0.015,0.035,0.015,parametric normalized R(T) with known model class
primary_secondary_noise_disorder_M2_seed_0066,primary_secondary_noise_disorder,M2,66,1,1,0.015,0.035,0.015,parametric normalized R(T) with known model class
primary_secondary_noise_disorder_M2_seed_0067,primary_secondary_noise_disorder,M2,67,1,1,0.015,0.035,0.015,parametric normalized R(T) with known model class
primary_secondary_noise_disorder_M2_seed_0068,primary_secondary_noise_disorder,M2,68,1,1,0.015,0.035,0.015,parametric normalized R(T) with known model class
primary_secondary_noise_disorder_M2_seed_0069,primary_secondary_noise_disorder,M2,69,1,1,0.015,0.035,0.015,parametric normalized R(T) with known model class
primary_secondary_noise_disorder_M2_seed_0070,primary_secondary_noise_disorder,M2,70,1,1,0.015,0.035,0.015,parametric normalized R(T) with known model class
primary_secondary_noise_disorder_M2_seed_0071,primary_secondary_noise_disorder,M2,71,1,1,0.015,0.035,0.015,parametric normalized R(T) with known model class
primary_secondary_noise_disorder_M2_seed_0072,primary_secondary_noise_disorder,M2,72,1,1,0.015,0.035,0.015,parametric normalized R(T) with known model class
primary_secondary_noise_disorder_M2_seed_0073,primary_secondary_noise_disorder,M2,73,1,1,0.015,0.035,0.015,parametric normalized R(T) with known model class
primary_secondary_noise_disorder_M2_seed_0074,primary_secondary_noise_disorder,M2,74,1,1,0.015,0.035,0.015,parametric normalized R(T) with known model class
primary_secondary_noise_disorder_M2_seed_0075,primary_secondary_noise_disorder,M2,75,1,1,0.015,0.035,0.015,parametric normalized R(T) with known model class
primary_secondary_noise_disorder_M2_seed_0076,primary_secondary_noise_disorder,M2,76,1,1,0.015,0.035,0.015,parametric normalized R(T) with known model class
primary_secondary_noise_disorder_M2_seed_0077,primary_secondary_noise_disorder,M2,77,1,1,0.015,0.035,0.015,parametric normalized R(T) with known model class
primary_secondary_noise_disorder_M2_seed_0078,primary_secondary_noise_disorder,M2,78,1,1,0.015,0.035,0.015,parametric normalized R(T) with known model class
primary_secondary_noise_disorder_M2_seed_0079,primary_secondary_noise_disorder,M2,79,1,1,0.015,0.035,0.015,parametric normalized R(T) with known model class
primary_secondary_noise_disorder_M2_seed_0080,primary_secondary_noise_disorder,M2,80,1,1,0.015,0.035,0.015,parametric normalized R(T) with known model class
primary_secondary_noise_disorder_mixed_seed_0001,primary_secondary_noise_disorder,mixed,1,1,1,0.015,0.035,0.015,parametric normalized R(T) with known model class
primary_secondary_noise_disorder_mixed_seed_0002,primary_secondary_noise_disorder,mixed,2,1,1,0.015,0.035,0.015,parametric normalized R(T) with known model class
primary_secondary_noise_disorder_mixed_seed_0003,primary_secondary_noise_disorder,mixed,3,1,1,0.015,0.035,0.015,parametric normalized R(T) with known model class
primary_secondary_noise_disorder_mixed_seed_0004,primary_secondary_noise_disorder,mixed,4,1,1,0.015,0.035,0.015,parametric normalized R(T) with known model class
primary_secondary_noise_disorder_mixed_seed_0005,primary_secondary_noise_disorder,mixed,5,1,1,0.015,0.035,0.015,parametric normalized R(T) with known model class
primary_secondary_noise_disorder_mixed_seed_0006,primary_secondary_noise_disorder,mixed,6,1,1,0.015,0.035,0.015,parametric normalized R(T) with known model class
primary_secondary_noise_disorder_mixed_seed_0007,primary_secondary_noise_disorder,mixed,7,1,1,0.015,0.035,0.015,parametric normalized R(T) with known model class
primary_secondary_noise_disorder_mixed_seed_0008,primary_secondary_noise_disorder,mixed,8,1,1,0.015,0.035,0.015,parametric normalized R(T) with known model class
primary_secondary_noise_disorder_mixed_seed_0009,primary_secondary_noise_disorder,mixed,9,1,1,0.015,0.035,0.015,parametric normalized R(T) with known model class
primary_secondary_noise_disorder_mixed_seed_0010,primary_secondary_noise_disorder,mixed,10,1,1,0.015,0.035,0.015,parametric normalized R(T) with known model class
primary_secondary_noise_disorder_mixed_seed_0011,primary_secondary_noise_disorder,mixed,11,1,1,0.015,0.035,0.015,parametric normalized R(T) with known model class
primary_secondary_noise_disorder_mixed_seed_0012,primary_secondary_noise_disorder,mixed,12,1,1,0.015,0.035,0.015,parametric normalized R(T) with known model class
primary_secondary_noise_disorder_mixed_seed_0013,primary_secondary_noise_disorder,mixed,13,1,1,0.015,0.035,0.015,parametric normalized R(T) with known model class
primary_secondary_noise_disorder_mixed_seed_0014,primary_secondary_noise_disorder,mixed,14,1,1,0.015,0.035,0.015,parametric normalized R(T) with known model class
primary_secondary_noise_disorder_mixed_seed_0015,primary_secondary_noise_disorder,mixed,15,1,1,0.015,0.035,0.015,parametric normalized R(T) with known model class
primary_secondary_noise_disorder_mixed_seed_0016,primary_secondary_noise_disorder,mixed,16,1,1,0.015,0.035,0.015,parametric normalized R(T) with known model class
primary_secondary_noise_disorder_mixed_seed_0017,primary_secondary_noise_disorder,mixed,17,1,1,0.015,0.035,0.015,parametric normalized R(T) with known model class
primary_secondary_noise_disorder_mixed_seed_0018,primary_secondary_noise_disorder,mixed,18,1,1,0.015,0.035,0.015,parametric normalized R(T) with known model class
primary_secondary_noise_disorder_mixed_seed_0019,primary_secondary_noise_disorder,mixed,19,1,1,0.015,0.035,0.015,parametric normalized R(T) with known model class
primary_secondary_noise_disorder_mixed_seed_0020,primary_secondary_noise_disorder,mixed,20,1,1,0.015,0.035,0.015,parametric normalized R(T) with known model class
primary_secondary_noise_disorder_mixed_seed_0021,primary_secondary_noise_disorder,mixed,21,1,1,0.015,0.035,0.015,parametric normalized R(T) with known model class
primary_secondary_noise_disorder_mixed_seed_0022,primary_secondary_noise_disorder,mixed,22,1,1,0.015,0.035,0.015,parametric normalized R(T) with known model class
primary_secondary_noise_disorder_mixed_seed_0023,primary_secondary_noise_disorder,mixed,23,1,1,0.015,0.035,0.015,parametric normalized R(T) with known model class
primary_secondary_noise_disorder_mixed_seed_0024,primary_secondary_noise_disorder,mixed,24,1,1,0.015,0.035,0.015,parametric normalized R(T) with known model class
primary_secondary_noise_disorder_mixed_seed_0025,primary_secondary_noise_disorder,mixed,25,1,1,0.015,0.035,0.015,parametric normalized R(T) with known model class
primary_secondary_noise_disorder_mixed_seed_0026,primary_secondary_noise_disorder,mixed,26,1,1,0.015,0.035,0.015,parametric normalized R(T) with known model class
primary_secondary_noise_disorder_mixed_seed_0027,primary_secondary_noise_disorder,mixed,27,1,1,0.015,0.035,0.015,parametric normalized R(T) with known model class
primary_secondary_noise_disorder_mixed_seed_0028,primary_secondary_noise_disorder,mixed,28,1,1,0.015,0.035,0.015,parametric normalized R(T) with known model class
primary_secondary_noise_disorder_mixed_seed_0029,primary_secondary_noise_disorder,mixed,29,1,1,0.015,0.035,0.015,parametric normalized R(T) with known model class
primary_secondary_noise_disorder_mixed_seed_0030,primary_secondary_noise_disorder,mixed,30,1,1,0.015,0.035,0.015,parametric normalized R(T) with known model class
primary_secondary_noise_disorder_mixed_seed_0031,primary_secondary_noise_disorder,mixed,31,1,1,0.015,0.035,0.015,parametric normalized R(T) with known model class
primary_secondary_noise_disorder_mixed_seed_0032,primary_secondary_noise_disorder,mixed,32,1,1,0.015,0.035,0.015,parametric normalized R(T) with known model class
primary_secondary_noise_disorder_mixed_seed_0033,primary_secondary_noise_disorder,mixed,33,1,1,0.015,0.035,0.015,parametric normalized R(T) with known model class
primary_secondary_noise_disorder_mixed_seed_0034,primary_secondary_noise_disorder,mixed,34,1,1,0.015,0.035,0.015,parametric normalized R(T) with known model class
primary_secondary_noise_disorder_mixed_seed_0035,primary_secondary_noise_disorder,mixed,35,1,1,0.015,0.035,0.015,parametric normalized R(T) with known model class
primary_secondary_noise_disorder_mixed_seed_0036,primary_secondary_noise_disorder,mixed,36,1,1,0.015,0.035,0.015,parametric normalized R(T) with known model class
primary_secondary_noise_disorder_mixed_seed_0037,primary_secondary_noise_disorder,mixed,37,1,1,0.015,0.035,0.015,parametric normalized R(T) with known model class
primary_secondary_noise_disorder_mixed_seed_0038,primary_secondary_noise_disorder,mixed,38,1,1,0.015,0.035,0.015,parametric normalized R(T) with known model class
primary_secondary_noise_disorder_mixed_seed_0039,primary_secondary_noise_disorder,mixed,39,1,1,0.015,0.035,0.015,parametric normalized R(T) with known model class
primary_secondary_noise_disorder_mixed_seed_0040,primary_secondary_noise_disorder,mixed,40,1,1,0.015,0.035,0.015,parametric normalized R(T) with known model class
primary_secondary_noise_disorder_mixed_seed_0041,primary_secondary_noise_disorder,mixed,41,1,1,0.015,0.035,0.015,parametric normalized R(T) with known model class
primary_secondary_noise_disorder_mixed_seed_0042,primary_secondary_noise_disorder,mixed,42,1,1,0.015,0.035,0.015,parametric normalized R(T) with known model class
primary_secondary_noise_disorder_mixed_seed_0043,primary_secondary_noise_disorder,mixed,43,1,1,0.015,0.035,0.015,parametric normalized R(T) with known model class
primary_secondary_noise_disorder_mixed_seed_0044,primary_secondary_noise_disorder,mixed,44,1,1,0.015,0.035,0.015,parametric normalized R(T) with known model class
primary_secondary_noise_disorder_mixed_seed_0045,primary_secondary_noise_disorder,mixed,45,1,1,0.015,0.035,0.015,parametric normalized R(T) with known model class
primary_secondary_noise_disorder_mixed_seed_0046,primary_secondary_noise_disorder,mixed,46,1,1,0.015,0.035,0.015,parametric normalized R(T) with known model class
primary_secondary_noise_disorder_mixed_seed_0047,primary_secondary_noise_disorder,mixed,47,1,1,0.015,0.035,0.015,parametric normalized R(T) with known model class
primary_secondary_noise_disorder_mixed_seed_0048,primary_secondary_noise_disorder,mixed,48,1,1,0.015,0.035,0.015,parametric normalized R(T) with known model class
primary_secondary_noise_disorder_mixed_seed_0049,primary_secondary_noise_disorder,mixed,49,1,1,0.015,0.035,0.015,parametric normalized R(T) with known model class
primary_secondary_noise_disorder_mixed_seed_0050,primary_secondary_noise_disorder,mixed,50,1,1,0.015,0.035,0.015,parametric normalized R(T) with known model class
primary_secondary_noise_disorder_mixed_seed_0051,primary_secondary_noise_disorder,mixed,51,1,1,0.015,0.035,0.015,parametric normalized R(T) with known model class
primary_secondary_noise_disorder_mixed_seed_0052,primary_secondary_noise_disorder,mixed,52,1,1,0.015,0.035,0.015,parametric normalized R(T) with known model class
primary_secondary_noise_disorder_mixed_seed_0053,primary_secondary_noise_disorder,mixed,53,1,1,0.015,0.035,0.015,parametric normalized R(T) with known model class
primary_secondary_noise_disorder_mixed_seed_0054,primary_secondary_noise_disorder,mixed,54,1,1,0.015,0.035,0.015,parametric normalized R(T) with known model class
primary_secondary_noise_disorder_mixed_seed_0055,primary_secondary_noise_disorder,mixed,55,1,1,0.015,0.035,0.015,parametric normalized R(T) with known model class
primary_secondary_noise_disorder_mixed_seed_0056,primary_secondary_noise_disorder,mixed,56,1,1,0.015,0.035,0.015,parametric normalized R(T) with known model class
primary_secondary_noise_disorder_mixed_seed_0057,primary_secondary_noise_disorder,mixed,57,1,1,0.015,0.035,0.015,parametric normalized R(T) with known model class
primary_secondary_noise_disorder_mixed_seed_0058,primary_secondary_noise_disorder,mixed,58,1,1,0.015,0.035,0.015,parametric normalized R(T) with known model class
primary_secondary_noise_disorder_mixed_seed_0059,primary_secondary_noise_disorder,mixed,59,1,1,0.015,0.035,0.015,parametric normalized R(T) with known model class
primary_secondary_noise_disorder_mixed_seed_0060,primary_secondary_noise_disorder,mixed,60,1,1,0.015,0.035,0.015,parametric normalized R(T) with known model class
primary_secondary_noise_disorder_mixed_seed_0061,primary_secondary_noise_disorder,mixed,61,1,1,0.015,0.035,0.015,parametric normalized R(T) with known model class
primary_secondary_noise_disorder_mixed_seed_0062,primary_secondary_noise_disorder,mixed,62,1,1,0.015,0.035,0.015,parametric normalized R(T) with known model class
primary_secondary_noise_disorder_mixed_seed_0063,primary_secondary_noise_disorder,mixed,63,1,1,0.015,0.035,0.015,parametric normalized R(T) with known model class
primary_secondary_noise_disorder_mixed_seed_0064,primary_secondary_noise_disorder,mixed,64,1,1,0.015,0.035,0.015,parametric normalized R(T) with known model class
primary_secondary_noise_disorder_mixed_seed_0065,primary_secondary_noise_disorder,mixed,65,1,1,0.015,0.035,0.015,parametric normalized R(T) with known model class
primary_secondary_noise_disorder_mixed_seed_0066,primary_secondary_noise_disorder,mixed,66,1,1,0.015,0.035,0.015,parametric normalized R(T) with known model class
primary_secondary_noise_disorder_mixed_seed_0067,primary_secondary_noise_disorder,mixed,67,1,1,0.015,0.035,0.015,parametric normalized R(T) with known model class
primary_secondary_noise_disorder_mixed_seed_0068,primary_secondary_noise_disorder,mixed,68,1,1,0.015,0.035,0.015,parametric normalized R(T) with known model class
primary_secondary_noise_disorder_mixed_seed_0069,primary_secondary_noise_disorder,mixed,69,1,1,0.015,0.035,0.015,parametric normalized R(T) with known model class
primary_secondary_noise_disorder_mixed_seed_0070,primary_secondary_noise_disorder,mixed,70,1,1,0.015,0.035,0.015,parametric normalized R(T) with known model class
primary_secondary_noise_disorder_mixed_seed_0071,primary_secondary_noise_disorder,mixed,71,1,1,0.015,0.035,0.015,parametric normalized R(T) with known model class
primary_secondary_noise_disorder_mixed_seed_0072,primary_secondary_noise_disorder,mixed,72,1,1,0.015,0.035,0.015,parametric normalized R(T) with known model class
primary_secondary_noise_disorder_mixed_seed_0073,primary_secondary_noise_disorder,mixed,73,1,1,0.015,0.035,0.015,parametric normalized R(T) with known model class
primary_secondary_noise_disorder_mixed_seed_0074,primary_secondary_noise_disorder,mixed,74,1,1,0.015,0.035,0.015,parametric normalized R(T) with known model class
primary_secondary_noise_disorder_mixed_seed_0075,primary_secondary_noise_disorder,mixed,75,1,1,0.015,0.035,0.015,parametric normalized R(T) with known model class
primary_secondary_noise_disorder_mixed_seed_0076,primary_secondary_noise_disorder,mixed,76,1,1,0.015,0.035,0.015,parametric normalized R(T) with known model class
primary_secondary_noise_disorder_mixed_seed_0077,primary_secondary_noise_disorder,mixed,77,1,1,0.015,0.035,0.015,parametric normalized R(T) with known model class
primary_secondary_noise_disorder_mixed_seed_0078,primary_secondary_noise_disorder,mixed,78,1,1,0.015,0.035,0.015,parametric normalized R(T) with known model class
primary_secondary_noise_disorder_mixed_seed_0079,primary_secondary_noise_disorder,mixed,79,1,1,0.015,0.035,0.015,parametric normalized R(T) with known model class
primary_secondary_noise_disorder_mixed_seed_0080,primary_secondary_noise_disorder,mixed,80,1,1,0.015,0.035,0.015,parametric normalized R(T) with known model class
